generation,training_chunk,samples_seen,epoch_fraction,trial,LR,optimization_metric_name,optimization_metric_value,optimization_metric_mode,controller_objective_mistag_percent,validation_working_point_mistag_percent,ctag_score,btag_score,total_mistag_score,group_score_warning,btag_c_mistag_percent_at_0p80,btag_d_mistag_percent_at_0p80,btag_c_mistag_percent_at_0p90,btag_d_mistag_percent_at_0p90,ctag_b_mistag_percent_at_0p50,ctag_d_mistag_percent_at_0p50,ctag_b_mistag_percent_at_0p80,ctag_d_mistag_percent_at_0p80,btag_c_mistag_percent_at_0p80_err_low,btag_c_mistag_percent_at_0p80_err_high,btag_c_mistag_percent_at_0p80_passed,btag_c_mistag_percent_at_0p80_total,btag_d_mistag_percent_at_0p80_err_low,btag_d_mistag_percent_at_0p80_err_high,btag_d_mistag_percent_at_0p80_passed,btag_d_mistag_percent_at_0p80_total,btag_c_mistag_percent_at_0p90_err_low,btag_c_mistag_percent_at_0p90_err_high,btag_c_mistag_percent_at_0p90_passed,btag_c_mistag_percent_at_0p90_total,btag_d_mistag_percent_at_0p90_err_low,btag_d_mistag_percent_at_0p90_err_high,btag_d_mistag_percent_at_0p90_passed,btag_d_mistag_percent_at_0p90_total,ctag_b_mistag_percent_at_0p50_err_low,ctag_b_mistag_percent_at_0p50_err_high,ctag_b_mistag_percent_at_0p50_passed,ctag_b_mistag_percent_at_0p50_total,ctag_d_mistag_percent_at_0p50_err_low,ctag_d_mistag_percent_at_0p50_err_high,ctag_d_mistag_percent_at_0p50_passed,ctag_d_mistag_percent_at_0p50_total,ctag_b_mistag_percent_at_0p80_err_low,ctag_b_mistag_percent_at_0p80_err_high,ctag_b_mistag_percent_at_0p80_passed,ctag_b_mistag_percent_at_0p80_total,ctag_d_mistag_percent_at_0p80_err_low,ctag_d_mistag_percent_at_0p80_err_high,ctag_d_mistag_percent_at_0p80_passed,ctag_d_mistag_percent_at_0p80_total,validation_accuracy,validation_auc,validation_loss,best_so_far,training_loss,validation_shutdown_warning,validation_dataset,validation_suffix,validation_sample_count,evaluation_type
0,0,120000,,lr_14e-6,1.4e-05,validation_total_reference_mistag_geomean_percent,0.4431640828061313,min,1.082604994961262,1.082604994961262,0.62588457711533,0.3137869368735229,0.4431640828061313,,0.18253300417083013,0.07824883090018823,3.452080009760596,0.19662526763100335,0.5902547797433523,0.07624245323495277,2.9151358563356142,1.1697197579135594,0.018143844393801255,0.020142338707456842,91,49854,0.0115631967668207,0.013566396926072598,39,49841,0.08083479887251027,0.08270213093253126,1721,49854,0.018868334374298332,0.020866784465853588,98,49841,0.03334463409713642,0.03532856283541232,294,49809,0.011402187234140219,0.013405467903014112,38,49841,0.07443903327365858,0.07632961204021779,1452,49809,0.0471904517917213,0.04914985471661717,583,49841,0.8877,0.9706115703056245,0.30036,0.4431640828061313,0.31399,False,/data/suehara/part/march/datasets/20250711_ilc_nnqq_sgv_10m_3cat_parquet,val50k_tail,150000,proxy
0,0,120000,,lr_3e-6,3e-06,validation_total_reference_mistag_geomean_percent,0.4515134609221973,min,1.1110847550859118,1.1110847550859118,0.6468133299092864,0.31518275206624446,0.4515134609221973,,0.18257327808738444,0.07427183546177327,3.4528418467403648,0.21077141772852118,0.6219404644984984,0.07427183546177327,3.01540820865469,1.2565991540542896,0.01814784548760046,0.020146779229671792,91,49843,0.011244467489871065,0.013248792358998045,37,49817,0.08085233083499344,0.08272004442444747,1721,49843,0.019572159286798715,0.02157100422543888,105,49817,0.034236772335300134,0.03621803663646514,310,49844,0.011244467489871065,0.013248792358998045,37,49817,0.07566051339199832,0.07754574127550977,1503,49844,0.04893790940431672,0.05089476840496286,626,49817,0.88705,0.970326109285507,0.30772,0.4431640828061313,0.32037,False,/data/suehara/part/march/datasets/20250711_ilc_nnqq_sgv_10m_3cat_parquet,val50k_tail,150000,proxy
0,0,120000,,lr_6e-6,6e-06,validation_total_reference_mistag_geomean_percent,0.44639363842011603,min,1.1105136919194283,1.1105136919194283,0.6316012786429773,0.31549537209627515,0.44639363842011603,,0.17883337202744368,0.07815474658905382,3.50232078318575,0.2024007541108175,0.5979613328800448,0.07013887788925814,2.9817800707431146,1.2725195979299422,0.01796452069295171,0.019966657272140136,89,49767,0.011549297665899036,0.013550093034966524,39,49901,0.08147747586742665,0.08334605323380567,1743,49767,0.019145859536308547,0.021141675305075703,101,49901,0.033557854476371114,0.03554039911938308,298,49836,0.010892959614077663,0.012894076247680655,35,49901,0.07525074278833255,0.07713762280762843,1486,49836,0.0492086041029606,0.05116153105623779,635,49901,0.88707,0.9705033271355511,0.30431,0.4431640828061313,0.31898,False,/data/suehara/part/march/datasets/20250711_ilc_nnqq_sgv_10m_3cat_parquet,val50k_tail,150000,proxy
0,0,120000,,lr_9e-6,9e-06,validation_total_reference_mistag_geomean_percent,0.4435419425072651,min,1.086132203572742,1.086132203572742,0.6306209075036547,0.31196151669293953,0.4435419425072651,,0.17438014637757282,0.07631594465715258,3.407428233583999,0.20886470292967038,0.5881172074088625,0.07430763597131791,2.920513750347456,1.2391300073059057,0.017707027630142345,0.01970436667653355,87,49891,0.011413175558177712,0.013418384380605136,38,49793,0.08029276774933966,0.08216050493391955,1700,49891,0.01948374252761366,0.02148362746556376,104,49793,0.03327921471954123,0.03526279123458511,293,49820,0.011249885702244134,0.013255175189587885,37,49793,0.07449842168397273,0.0763883671346919,1455,49820,0.048605379732535696,0.05056388356841201,617,49793,0.88754,0.970646454224001,0.30198,0.4431640828061313,0.31665,False,/data/suehara/part/march/datasets/20250711_ilc_nnqq_sgv_10m_3cat_parquet,val50k_tail,150000,proxy
1,1,240000,,lr_14e-6,1.4e-05,validation_total_reference_mistag_geomean_percent,0.438954862518931,min,1.0622730304229653,1.0622730304229653,0.6107633246761679,0.3154763286272551,0.438954862518931,,0.18898271380284343,0.08001600320064013,3.3413752084424075,0.1960392040119117,0.5685699566788144,0.07201440428738881,2.8649495373735565,1.1862372155861607,0.01849777912173252,0.020500594396451924,94,49740,0.011687235644030746,0.013684394492495425,40,49990,0.07964713243457933,0.0815231954348905,1662,49740,0.01881214290217774,0.020804659986939235,98,49990,0.03272294781097558,0.03470914289139303,283,49774,0.011040715486621033,0.013038194456720402,36,49990,0.07383135141839359,0.07572527609656307,1426,49774,0.04745604665783564,0.049408948690303316,593,49990,0.88804,0.9709480190087557,0.2975,0.438954862518931,0.30679,False,/data/suehara/part/march/datasets/20250711_ilc_nnqq_sgv_10m_3cat_parquet,val50k_tail,150000,proxy
1,1,240000,,lr_3e-6,1.1200000000000001e-05,validation_total_reference_mistag_geomean_percent,0.43895966758533594,min,1.0615117557001286,1.0615117557001286,0.6130585279529596,0.31430211143137954,0.43895966758533594,,0.18697226467759095,0.08001600320064013,3.327301997677118,0.1960392040119117,0.5725880962730138,0.07201440428738881,2.858922392249204,1.19823968322416,0.018394214223471435,0.020397110335100513,93,49740,0.011687235644030746,0.013684394492495425,40,49990,0.07948284585974214,0.08135947471842042,1655,49740,0.01881214290217774,0.020804659986939235,98,49990,0.03284116831317654,0.03482720194057168,285,49774,0.011040715486621033,0.013038194456720402,36,49990,0.07375486141465125,0.0756490282723541,1423,49774,0.0476976320787326,0.04965005392874814,599,49990,0.88789,0.9709067206412296,0.29784,0.438954862518931,0.30705,False,/data/suehara/part/march/datasets/20250711_ilc_nnqq_sgv_10m_3cat_parquet,val50k_tail,150000,proxy
1,1,240000,,lr_6e-6,1.26e-05,validation_total_reference_mistag_geomean_percent,0.43600944913837025,min,1.0478375506254305,1.0478375506254305,0.6086031887389076,0.3123615571779403,0.43600944913837025,,0.18876639478883084,0.07604258496148349,3.2491916188149297,0.2041143035116406,0.5529305547200531,0.07204034399967779,2.816929861945249,1.2226847422615787,0.018476622820488148,0.020477154312052086,94,49797,0.011372305655147394,0.013370342891901369,38,49972,0.07851950301001678,0.08039712091762949,1618,49797,0.019217608401694147,0.021210520001797763,102,49972,0.0322709910562856,0.03425937248897762,275,49735,0.01104469125834559,0.013042888671244873,36,49972,0.07324782447652063,0.0751451652466855,1401,49735,0.048194324488647945,0.05014647125976667,611,49972,0.88792,0.9708111805512525,0.29819,0.43600944913837025,0.30683,False,/data/suehara/part/march/datasets/20250711_ilc_nnqq_sgv_10m_3cat_parquet,val50k_tail,150000,proxy
1,1,240000,,lr_9e-6,1.4e-05,validation_total_reference_mistag_geomean_percent,0.44634533982265284,min,1.0525417197589224,1.0525417197589224,0.6083429466510254,0.32748659860058166,0.44634533982265284,,0.19623941136321293,0.08223849323660673,3.290013723241828,0.2166282260866714,0.54918529330455,0.07421522742093206,2.8203581694784106,1.1914552139391679,0.018831338513387863,0.020825882389555964,98,49939,0.011875828810755967,0.013878306406566907,41,49855,0.0788898873787365,0.08076053159912708,1643,49939,0.019847647017380177,0.021844733497569442,108,49855,0.03216663382392456,0.03415616590838888,273,49710,0.01123589931922174,0.013238698772681717,37,49855,0.07330990421444972,0.0752080612389773,1402,49710,0.047624282675200365,0.04958226345102932,594,49855,0.88778,0.97097656953107,0.29781,0.43600944913837025,0.30735,False,/data/suehara/part/march/datasets/20250711_ilc_nnqq_sgv_10m_3cat_parquet,val50k_tail,150000,proxy
2,2,360000,,lr_14e-6,1.4e-05,validation_total_reference_mistag_geomean_percent,0.42306421085001616,min,1.0350633961210538,1.0350633961210538,0.5938233034071516,0.30140839114127527,0.42306421085001616,,0.18046561096927788,0.07211538673152591,3.230334266226917,0.196314102084052,0.5551867638921222,0.06810897169420402,2.8061071022949267,1.1718749650754046,0.01803266850322542,0.020030564492908996,90,49871,0.011056192922148156,0.01305646874255979,36,49920,0.07823854651472922,0.08011413464985989,1611,49871,0.01883849983892031,0.02083379984883344,98,49920,0.03234533833810774,0.03433450892297027,276,49713,0.01071904062451888,0.0127194769549466,34,49920,0.07312505410998864,0.07502366991018646,1395,49713,0.04719767848991637,0.049153894310913736,585,49920,0.88842,0.9712846146921005,0.29555,0.42306421085001616,0.30384,False,/data/suehara/part/march/datasets/20250711_ilc_nnqq_sgv_10m_3cat_parquet,val50k_tail,150000,proxy
2,2,360000,,lr_3e-6,1.008e-05,validation_total_reference_mistag_geomean_percent,0.4285750698722558,min,1.0429400424760118,1.0429400424760118,0.5897800628598608,0.3114323492478802,0.4285750698722558,,0.18924905066489553,0.07410226311314716,3.2836723156977157,0.20428190279166356,0.5390457354018797,0.06809396901225674,2.8134582437930513,1.1716168593334837,0.018523826921613237,0.020529453985949,94,49670,0.011218802091465861,0.013218557668605963,37,49931,0.07902604005980904,0.08090707034964575,1631,49670,0.019233374711047618,0.02122791601085394,102,49931,0.03180102873259613,0.033783272811277035,269,49903,0.010716679796773704,0.01271667603286766,34,49931,0.07308160592820745,0.07497269850159916,1404,49903,0.04718733857318781,0.04914313378142181,585,49931,0.8883,0.9711428789072282,0.29631,0.42306421085001616,0.30514,False,/data/suehara/part/march/datasets/20250711_ilc_nnqq_sgv_10m_3cat_parquet,val50k_tail,150000,proxy
2,2,360000,,lr_6e-6,1.134e-05,validation_total_reference_mistag_geomean_percent,0.4372351769355879,min,1.0468234759837682,1.0468234759837682,0.5976478082392364,0.31987835864926034,0.4372351769355879,,0.17893403412917697,0.08405884365321868,3.2811273968955805,0.21214850602598095,0.5441767006580589,0.07004903517971656,2.8152611589024965,1.1888321324259152,0.017974625892466116,0.019977885480899318,89,49739,0.012004411547188914,0.014002407831014384,42,49965,0.07894188655979059,0.08082040978112173,1632,49739,0.019611278898382815,0.021604148109288183,106,49965,0.03198786990463911,0.033974007664651015,271,49800,0.01087901064166461,0.012877567699090705,35,49965,0.07317926027332507,0.07507419165847136,1402,49800,0.04752002889134386,0.049473804171233475,594,49965,0.88834,0.9711999766537017,0.29619,0.42306421085001616,0.3038,False,/data/suehara/part/march/datasets/20250711_ilc_nnqq_sgv_10m_3cat_parquet,val50k_tail,150000,proxy
2,2,360000,,lr_9e-6,1.26e-05,validation_total_reference_mistag_geomean_percent,0.42865237019935293,min,1.0379210239421652,1.0379210239421652,0.5892486332102876,0.31182567785770327,0.42865237019935293,,0.1912623325622837,0.07410226311314716,3.2655526203872314,0.20428190279166356,0.5430535409392815,0.06809396901225674,2.7874075410696126,1.1696140216618456,0.018626985756153805,0.020632531755574477,95,49670,0.011218802091465861,0.013218557668605963,37,49931,0.07881224245608887,0.08069400233016166,1622,49670,0.019233374711047618,0.02122791601085394,102,49931,0.031922011298410324,0.033904094757698615,271,49903,0.010716679796773704,0.01271667603286766,34,49931,0.07274750451872827,0.0746396411181717,1391,49903,0.047146619201030374,0.04910249462891578,584,49931,0.88825,0.9711805417377363,0.29606,0.42306421085001616,0.305,False,/data/suehara/part/march/datasets/20250711_ilc_nnqq_sgv_10m_3cat_parquet,val50k_tail,150000,proxy
3,3,480000,,lr_14e-6,1.4e-05,validation_total_reference_mistag_geomean_percent,0.4287579308739817,min,1.03222949717917,1.03222949717917,0.5983217903153341,0.3072483173150892,0.4287579308739817,,0.19837293991627025,0.07229496628647092,3.1899971859479934,0.19479475690127956,0.5501787056595974,0.07028677295081497,2.79707654796896,1.1848341018019743,0.018944340031119767,0.020940117259118797,99,49906,0.011083716878069376,0.013088966392560169,36,49796,0.07773137680029026,0.07960726606653784,1592,49906,0.018784072452956622,0.02078440200041396,97,49796,0.032167579461464015,0.03415339643202085,274,49802,0.010915922294101498,0.01292125246378955,35,49796,0.07294461300558774,0.07484019855575064,1393,49802,0.047518151561525,0.04947871809672898,590,49796,0.88843,0.9711649865013018,0.29605,0.42306421085001616,0.30309,False,/data/suehara/part/march/datasets/20250711_ilc_nnqq_sgv_10m_3cat_parquet,val50k_tail,150000,proxy
3,3,480000,,lr_3e-6,1.1200000000000001e-05,validation_total_reference_mistag_geomean_percent,0.4281672132394383,min,1.0347648652307866,1.0347648652307866,0.604636121358525,0.30320246511458576,0.4281672132394383,,0.18850898299840887,0.07035599946786404,3.234733703383493,0.19699680866131866,0.5491862597512908,0.07437634229459913,2.7920308513955896,1.1719299738937292,0.018451446941642715,0.020449260723609163,94,49865,0.010926671375288514,0.012933973940160787,35,49747,0.07829537781760612,0.08017101517447459,1613,49865,0.018903957042458713,0.02090616831511979,98,49747,0.03210969876455815,0.0340919733825492,274,49892,0.01126028521786426,0.013267426154412376,37,49747,0.07281484396378657,0.07470721240078124,1393,49892,0.04727912424468614,0.04924214064873714,583,49747,0.88836,0.9712397212988568,0.29544,0.42306421085001616,0.30318,False,/data/suehara/part/march/datasets/20250711_ilc_nnqq_sgv_10m_3cat_parquet,val50k_tail,150000,proxy
3,3,480000,,lr_6e-6,1.26e-05,validation_total_reference_mistag_geomean_percent,0.4275537094330025,min,1.0337717284679868,1.0337717284679868,0.6058195261475195,0.30174361597814736,0.4275537094330025,,0.19248506989508365,0.06834170585970062,3.2321450874893825,0.1949748748502642,0.5573376310650416,0.07437185874902938,2.7826784043927733,1.1678391954426188,0.018653055061903068,0.02065034889398897,96,49874,0.01075565885051054,0.01276292134941337,34,49750,0.07825770033676877,0.08013310304331861,1612,49874,0.018801426089580908,0.020803597910273038,97,49750,0.03235679590126526,0.03433922056756047,278,49880,0.011259606402546501,0.013266626488201198,37,49750,0.07270321132474174,0.0745964100004614,1388,49880,0.04719437770341339,0.0491574401867409,581,49750,0.88828,0.9712473092943891,0.29542,0.42306421085001616,0.30405,False,/data/suehara/part/march/datasets/20250711_ilc_nnqq_sgv_10m_3cat_parquet,val50k_tail,150000,proxy
3,3,480000,,lr_9e-6,1.4e-05,validation_total_reference_mistag_geomean_percent,0.434465310295116,min,1.032277718869165,1.032277718869165,0.6036102870996379,0.31271850378300925,0.434465310295116,,0.19512783052366645,0.07413641081490233,3.234696582773017,0.2043760474365987,0.5512679347556364,0.07413641081490233,2.7382979607961606,1.1861825730384372,0.01881616409157255,0.02081990049972713,97,49711,0.011223970759365064,0.013224646532832918,37,49908,0.07841467880099345,0.08029612808703873,1608,49711,0.019242230557884567,0.021237687246981277,102,49908,0.032174200499933414,0.03415666981331951,275,49885,0.011223970759365064,0.013224646532832918,37,49908,0.07212586140583205,0.07402064959948912,1366,49885,0.04749312504792151,0.04944923787022042,592,49908,0.8884,0.9712855641116717,0.29536,0.42306421085001616,0.30259,False,/data/suehara/part/march/datasets/20250711_ilc_nnqq_sgv_10m_3cat_parquet,val50k_tail,150000,proxy
4,4,600000,,lr_14e-6,1.4e-05,validation_total_reference_mistag_geomean_percent,0.4278280557604486,min,1.0287918107969118,1.0287918107969118,0.5920331668584832,0.30916653921099957,0.4278280557604486,,0.18443525820373297,0.07620270179134953,3.2095746564274625,0.20253875605799057,0.5426590492139161,0.07018669386401054,2.7876594938753563,1.1570778769414767,0.01823806393370009,0.02023536019626522,92,49882,0.011396244055120078,0.013398481854944412,38,49867,0.07798331476237888,0.07985932163461704,1601,49882,0.019158902047350206,0.021156073028617394,101,49867,0.03195611561547336,0.03394411067017067,270,49755,0.010900384564819478,0.012902863641717981,35,49867,0.07285747284225472,0.07475522750373526,1387,49755,0.04692037887206752,0.04887926722423625,577,49867,0.88855,0.9713511587582122,0.29523,0.42306421085001616,0.30423,False,/data/suehara/part/march/datasets/20250711_ilc_nnqq_sgv_10m_3cat_parquet,val50k_tail,150000,proxy
4,4,600000,,lr_3e-6,1.1200000000000001e-05,validation_total_reference_mistag_geomean_percent,0.4316338951856596,min,1.0323033082693456,1.0323033082693456,0.5980007413696127,0.3115511513354324,0.4316338951856596,,0.18844473970725276,0.07620270179134953,3.2075698177840843,0.2045440897756794,0.540649168385619,0.07219203009505254,2.797708803875537,1.1711151147401893,0.018445163688316488,0.020442299196222494,94,49882,0.011396244055120078,0.013398481854944412,38,49867,0.07795944411451844,0.07983553136408639,1600,49882,0.01925803731018499,0.021255127865760746,102,49867,0.03189538875111447,0.033883464593988284,269,49755,0.01106794044851019,0.013070339099717304,36,49867,0.07298674177822345,0.07488409249882116,1392,49755,0.04720679092939783,0.049165116301727076,584,49867,0.8885,0.9713179675156209,0.29543,0.42306421085001616,0.30432,False,/data/suehara/part/march/datasets/20250711_ilc_nnqq_sgv_10m_3cat_parquet,val50k_tail,150000,proxy
4,4,600000,,lr_6e-6,1.26e-05,validation_total_reference_mistag_geomean_percent,0.42907383731147763,min,1.0295419726220745,1.0295419726220745,0.5922929542097832,0.31083327356277946,0.42907383731147763,,0.18844473970725276,0.07620270179134953,3.2095746564274625,0.20253875605799057,0.540649168385619,0.07018669386401054,2.7836399141580768,1.165099150584834,0.018445163688316488,0.020442299196222494,94,49882,0.011396244055120078,0.013398481854944412,38,49867,0.07798331476237888,0.07985932163461704,1601,49882,0.019158902047350206,0.021156073028617394,101,49867,0.03189538875111447,0.033883464593988284,269,49755,0.010900384564819478,0.012902863641717981,35,49867,0.0728056943217422,0.07470361055957574,1385,49755,0.047084261549525455,0.04904282819892872,581,49867,0.88852,0.9713341208897722,0.29535,0.42306421085001616,0.30428,False,/data/suehara/part/march/datasets/20250711_ilc_nnqq_sgv_10m_3cat_parquet,val50k_tail,150000,proxy
4,4,600000,,lr_9e-6,1.4e-05,validation_total_reference_mistag_geomean_percent,0.4354165826274276,min,1.0442354386084682,1.0442354386084682,0.6013409625875278,0.3152747147161993,0.4354165826274276,,0.19128544425647473,0.0760106437169947,3.298163648900525,0.20602884617621514,0.5577065814584687,0.07201008070807569,2.782514476252768,1.1701637873982238,0.01862923427026514,0.020635021628036418,95,49664,0.011367530038206421,0.013364729276455411,38,49993,0.0792012871176917,0.0810819610868943,1638,49664,0.019307943906834144,0.021299941792818876,103,49993,0.03237816205486034,0.03436188430722209,278,49847,0.01104005313626535,0.013037412416122475,36,49993,0.07272485223627986,0.07461931081057249,1387,49847,0.04712914366492623,0.04908257152335203,585,49993,0.8886,0.9713336274093313,0.29532,0.42306421085001616,0.30476,False,/data/suehara/part/march/datasets/20250711_ilc_nnqq_sgv_10m_3cat_parquet,val50k_tail,150000,proxy
5,5,720000,,lr_14e-6,1.4e-05,validation_total_reference_mistag_geomean_percent,0.425603251009,min,1.0279379259384271,1.0279379259384271,0.585033620993395,0.3096200299768325,0.425603251009,,0.19255069498766472,0.07423011626001998,3.237258505978723,0.19861570286004673,0.5381310112857576,0.06821145517798802,2.756917402378544,1.1575885185786723,0.018659410032918225,0.02065738224620447,96,49857,0.01123815283473401,0.01324135348821266,37,49845,0.07833151442039263,0.08020735145519223,1614,49857,0.01896750417833752,0.020965714036352355,99,49845,0.03180457791344447,0.033790878698587795,268,49802,0.010735164942183933,0.012738607085765671,34,49845,0.07242668214214945,0.07432388040760143,1373,49802,0.04694097412330806,0.048900706558230485,577,49845,0.88875,0.9713682392635317,0.29511,0.42306421085001616,0.30375,False,/data/suehara/part/march/datasets/20250711_ilc_nnqq_sgv_10m_3cat_parquet,val50k_tail,150000,proxy
5,5,720000,,lr_3e-6,1.1200000000000001e-05,validation_total_reference_mistag_geomean_percent,0.43981496487908783,min,1.0460585239335616,1.0460585239335616,0.6090695289431036,0.31759461627846963,0.43981496487908783,,0.18675449660122545,0.08005764306663382,3.2692076738284928,0.20814987299033705,0.5608941990037829,0.07405331621814631,2.8105022020839683,1.1788487876759073,0.018372807516805926,0.0203733796372046,93,49798,0.011693315468918112,0.01369151190076034,40,49964,0.07875520731707442,0.08063198365400037,1628,49798,0.01941712008304416,0.021410189236735575,104,49964,0.03250607160370364,0.03449385303167753,279,49742,0.011211394486062405,0.013209831259067946,37,49964,0.07316038144878426,0.07505771364863939,1398,49742,0.04731875894126176,0.04927297294021662,589,49964,0.88827,0.9711833050670534,0.29598,0.42306421085001616,0.30407,False,/data/suehara/part/march/datasets/20250711_ilc_nnqq_sgv_10m_3cat_parquet,val50k_tail,150000,proxy
5,5,720000,,lr_6e-6,1.26e-05,validation_total_reference_mistag_geomean_percent,0.44360684167336795,min,1.0412436564584977,1.0412436564584977,0.6089767021684603,0.32314377426705504,0.44360684167336795,,0.1986396144665022,0.08216268391949301,3.268524708287,0.20440471959818204,0.5606462693831069,0.07615077891407986,2.7811270299164454,1.1582934471831727,0.018969785679398447,0.020968235132866546,99,49839,0.011864884923464318,0.013865519660264053,41,49901,0.07871513631800553,0.08059039616353653,1629,49839,0.01924492743454961,0.021240662887182793,102,49901,0.03249173812160276,0.03447865076099581,279,49764,0.011388481547569301,0.013389357232770654,38,49901,0.0727668081715916,0.07466448216258796,1384,49764,0.04692958349767334,0.04888708847058162,578,49901,0.88843,0.9711165872529826,0.29626,0.42306421085001616,0.3022,False,/data/suehara/part/march/datasets/20250711_ilc_nnqq_sgv_10m_3cat_parquet,val50k_tail,150000,proxy
5,5,720000,,lr_9e-6,1.4e-05,validation_total_reference_mistag_geomean_percent,0.4431575662719098,min,1.0397376072183888,1.0397376072183888,0.6078371162592685,0.32309416995238893,0.4431575662719098,,0.1986396144665022,0.08216268391949301,3.2665182255702394,0.20440471959818204,0.5586367884862994,0.07615077891407986,2.7750985968572865,1.1562894499350276,0.018969785679398447,0.020968235132866546,99,49839,0.011864884923464318,0.013865519660264053,41,49901,0.07869147353648798,0.08056681389810166,1628,49839,0.01924492743454961,0.021240662887182793,102,49901,0.03243202611165549,0.0344190195100064,278,49764,0.011388481547569301,0.013389357232770654,38,49901,0.07268904700661431,0.07458696327448354,1381,49764,0.046888585368688035,0.04884617065772992,577,49901,0.88845,0.9711321261291183,0.29619,0.42306421085001616,0.30216,False,/data/suehara/part/march/datasets/20250711_ilc_nnqq_sgv_10m_3cat_parquet,val50k_tail,150000,proxy
6,6,840000,,lr_14e-6,1.4e-05,validation_total_reference_mistag_geomean_percent,0.4319549199354575,min,1.0336369996417676,1.0336369996417676,0.595941282612752,0.3130930148661846,0.4319549199354575,,0.17876870652919313,0.08036808425620427,3.23189723182252,0.20694782089338076,0.5545767645739721,0.07032207544892559,2.7848964327331993,1.1613188808767447,0.01795803049099286,0.019959445800299336,89,49785,0.011738644997205118,0.013744577325187381,40,49771,0.07832384704869605,0.08020261227756481,1609,49785,0.01939398867236411,0.021394834617030928,103,49771,0.03225325497060874,0.0342330913333056,277,49948,0.01092140387537701,0.012927739884574789,35,49771,0.07268286545552873,0.07457339794698405,1391,49948,0.04705148534041529,0.04901398156960859,578,49771,0.88828,0.9712749690625134,0.29557,0.42306421085001616,0.30219,False,/data/suehara/part/march/datasets/20250711_ilc_nnqq_sgv_10m_3cat_parquet,val50k_tail,150000,proxy
6,6,840000,,lr_3e-6,1.1200000000000001e-05,validation_total_reference_mistag_geomean_percent,0.4435510605947029,min,1.0363746282590003,1.0363746282590003,0.6065414591546084,0.32435959716405316,0.4435510605947029,,0.19686620577817454,0.08019728218146005,3.2081156475368324,0.2185376014324457,0.5376452147024505,0.07618742217457615,2.78853278864129,1.1849148636247717,0.018891435900598542,0.020892325147044796,98,49780,0.011713705574681137,0.013715381773192621,40,49877,0.07804482856622885,0.0799247379409257,1597,49780,0.019934754201157832,0.021930883251941632,109,49877,0.03177593671499553,0.0337604638697744,268,49847,0.01139395986640558,0.013395796851807723,38,49877,0.07280230691105692,0.07469652401462419,1390,49847,0.04748196436717197,0.04943934377730757,591,49877,0.88852,0.9712797546771936,0.29544,0.42306421085001616,0.30262,False,/data/suehara/part/march/datasets/20250711_ilc_nnqq_sgv_10m_3cat_parquet,val50k_tail,150000,proxy
6,6,840000,,lr_6e-6,1.26e-05,validation_total_reference_mistag_geomean_percent,0.4351884927122923,min,1.0348916353234232,1.0348916353234232,0.6000011655534916,0.31564776047474596,0.4351884927122923,,0.18278598688367742,0.08036808425620427,3.2339058766898208,0.20895701701614633,0.5545767645739721,0.07233127441136364,2.7868984390141116,1.1593096397420883,0.01816897138026074,0.020170225307882417,91,49785,0.011738644997205118,0.013744577325187381,40,49771,0.07834768805378561,0.08022637259181148,1610,49785,0.019492347043699627,0.02149311225212334,104,49771,0.03225325497060874,0.0342330913333056,277,49948,0.011089282670717052,0.013095537943671727,36,49771,0.07270860349403961,0.07459905582043978,1392,49948,0.0470103819366529,0.048972958902089234,577,49771,0.88828,0.9712591620905728,0.29567,0.42306421085001616,0.30224,False,/data/suehara/part/march/datasets/20250711_ilc_nnqq_sgv_10m_3cat_parquet,val50k_tail,150000,proxy
6,6,840000,,lr_9e-6,1.4e-05,validation_total_reference_mistag_geomean_percent,0.4292088907450812,min,1.0367901662062984,1.0367901662062984,0.589929327290994,0.31227515461992417,0.4292088907450812,,0.1845832849831178,0.07621186824947702,3.2723406178230614,0.20657427939663012,0.5401497791424018,0.06818956699624958,2.7509488970819334,1.1953230359775162,0.018252689077113644,0.020251582270413647,92,49842,0.011397615008004455,0.013400093373533472,38,49861,0.07875777438446988,0.0806327682413295,1631,49842,0.019359013393910114,0.02135626283129781,103,49861,0.03186600071821881,0.033852260314372065,269,49801,0.01073172101847561,0.012734521164197939,34,49861,0.07235007275684796,0.07424754881097811,1370,49801,0.0476993874765937,0.049656977505155124,596,49861,0.88814,0.9712869183512473,0.29558,0.42306421085001616,0.3034,False,/data/suehara/part/march/datasets/20250711_ilc_nnqq_sgv_10m_3cat_parquet,val50k_tail,150000,proxy
7,7,960000,,lr_14e-6,1.4e-05,validation_total_reference_mistag_geomean_percent,0.42718396655884333,min,1.0418456051215672,1.0418456051215672,0.5902919125935295,0.3091455894815986,0.42718396655884333,,0.19066733217137669,0.07211249831426472,3.2834921674738324,0.20231561482880597,0.5406274482435589,0.06810624807484704,2.7996060918003467,1.1778374400655056,0.018569086683709674,0.020568417662087377,95,49825,0.011055750107524754,0.013055945909239683,36,49922,0.07890235325473394,0.08077753921295616,1636,49825,0.019137812735053255,0.021132792379211125,101,49922,0.03189410988346346,0.033882106690031125,269,49757,0.010718611305746823,0.012718967604617357,34,49922,0.07300967108201939,0.07490686927786386,1393,49757,0.047317762290198344,0.04927366087696689,588,49922,0.88819,0.9712831926310427,0.29548,0.42306421085001616,0.30363,False,/data/suehara/part/march/datasets/20250711_ilc_nnqq_sgv_10m_3cat_parquet,val50k_tail,150000,proxy
7,7,960000,,lr_3e-6,1.1200000000000001e-05,validation_total_reference_mistag_geomean_percent,0.43622068741492454,min,1.0394798594779004,1.0394798594779004,0.6070145688049363,0.3134825717665738,0.43622068741492454,,0.18854299784977666,0.07623633001731976,3.2513639700316976,0.20664058644860772,0.5622151220906552,0.07423011626001998,2.7909963792341284,1.1656133738909968,0.018454775103209173,0.020452948157991806,94,49856,0.011401272495468226,0.01340439265224584,38,49845,0.07849926667240215,0.08037457549852078,1621,49856,0.019365221998437696,0.021363109869648386,103,49845,0.03252591694471235,0.034511210691094085,280,49803,0.01123815283473401,0.01324135348821266,37,49845,0.07286573936584641,0.07476153100803191,1390,49803,0.04710492790869613,0.04906433835681432,581,49845,0.88828,0.9712703616448168,0.2957,0.42306421085001616,0.30235,False,/data/suehara/part/march/datasets/20250711_ilc_nnqq_sgv_10m_3cat_parquet,val50k_tail,150000,proxy
7,7,960000,,lr_6e-6,1.26e-05,validation_total_reference_mistag_geomean_percent,0.4326721089839442,min,1.0373635448296261,1.0373635448296261,0.5947124874443701,0.31478261823134396,0.4326721089839442,,0.1947439112812162,0.07418843718144796,3.290570007176908,0.20652457051832765,0.5599935947998251,0.07017825207493585,2.7417608019114845,1.1609487836928645,0.018779173968729197,0.0207789834880313,97,49809,0.011231845267968771,0.013233922966222996,37,49873,0.07899809714815714,0.08087360126470683,1639,49809,0.01935435955243421,0.021351130432154537,103,49873,0.03245401037108428,0.034438636203445394,279,49822,0.010899073543966034,0.012901312054903113,35,49873,0.07221583020199374,0.07411287531497446,1366,49822,0.046996769952002,0.04895526741320495,579,49873,0.88851,0.9713092909025612,0.29547,0.42306421085001616,0.30291,False,/data/suehara/part/march/datasets/20250711_ilc_nnqq_sgv_10m_3cat_parquet,val50k_tail,150000,proxy
7,7,960000,,lr_9e-6,1.4e-05,validation_total_reference_mistag_geomean_percent,0.4316929303820178,min,1.0354668202101853,1.0354668202101853,0.6008752915384101,0.3101455306386166,0.4316929303820178,,0.1825256835494383,0.07623633001731976,3.249358154956965,0.20463436127419612,0.5622151220906552,0.0722238919491079,2.782964955814444,1.1535760620293565,0.018143117111742116,0.02014153155007808,91,49856,0.011401272495468226,0.01340439265224584,38,49845,0.07847554717193353,0.08035093645923572,1620,49856,0.019266529692812645,0.021264498060724397,102,49845,0.03252591694471235,0.034511210691094085,280,49803,0.011072824115391079,0.013076105265570766,36,49845,0.07276235890223762,0.07465847307452853,1386,49803,0.046858776802959946,0.04881867023128431,575,49845,0.88836,0.9712997888629274,0.29552,0.42306421085001616,0.30227,False,/data/suehara/part/march/datasets/20250711_ilc_nnqq_sgv_10m_3cat_parquet,val50k_tail,150000,proxy
8,8,1080000,,lr_14e-6,1.4e-05,validation_total_reference_mistag_geomean_percent,0.43334320430082157,min,1.0444397944155484,1.0444397944155484,0.5891398904734122,0.31874659270280453,0.43334320430082157,,0.19454472094397887,0.08018120639437291,3.3012434380539255,0.2004530257958477,0.5667544091324116,0.06614949689399366,2.797596242608318,1.1485958155015392,0.018759981484643827,0.02075775350184237,97,49860,0.01171135826804736,0.013712633877030131,40,49887,0.07908340884566975,0.08095656648463498,1646,49860,0.01905163881546622,0.02104809275132922,100,49887,0.03267480925008351,0.03466175589478329,282,49757,0.010553739653222096,0.012555577790735547,33,49887,0.07298384860846066,0.07488112758598717,1392,49757,0.04673726519161588,0.048695708271051345,573,49887,0.88834,0.9713104868209035,0.2955,0.42306421085001616,0.30216,False,/data/suehara/part/march/datasets/20250711_ilc_nnqq_sgv_10m_3cat_parquet,val50k_tail,150000,proxy
8,8,1080000,,lr_3e-6,1.1200000000000001e-05,validation_total_reference_mistag_geomean_percent,0.43272828976852473,min,1.0388230244288548,1.0388230244288548,0.597515421340551,0.3133873471347075,0.43272828976852473,,0.19051056459219762,0.0782096034557341,3.2607388233333188,0.19853206958170974,0.5625653032767437,0.07018810703994767,2.794744033860514,1.155095690290673,0.018553831592990882,0.020551525034813185,95,49866,0.011557401411220069,0.013559598872397506,39,49866,0.07860223347130532,0.08047679024111506,1626,49866,0.018959523244549,0.020956894970703115,99,49866,0.03254612301842076,0.034532639189929076,280,49772,0.010900603098959407,0.012903122275805055,35,49866,0.07293633202474573,0.07483315383445058,1391,49772,0.0468802514238649,0.04883925855658361,576,49866,0.88829,0.9713097177937969,0.29546,0.42306421085001616,0.30401,False,/data/suehara/part/march/datasets/20250711_ilc_nnqq_sgv_10m_3cat_parquet,val50k_tail,150000,proxy
8,8,1080000,,lr_6e-6,1.26e-05,validation_total_reference_mistag_geomean_percent,0.4271722939949241,min,1.0362448877890345,1.0362448877890345,0.5980129488709568,0.3051374875768147,0.4271722939949241,,0.18860353037628844,0.07021062931676024,3.296549006997986,0.19859579295467364,0.562090955023718,0.07221665277930091,2.7602682433530923,1.1414242915104564,0.018460694800343458,0.020459506881509503,94,49840,0.010904100837276998,0.012907261831764756,35,49850,0.07904401672585507,0.08091811439818672,1643,49840,0.018965603346628127,0.020963613585645934,99,49850,0.03251875307711148,0.03450361342124718,280,49814,0.011071713812696405,0.013074794326629956,36,49850,0.07246143713863402,0.0743580438555793,1375,49814,0.046606644186337684,0.048566828564873196,569,49850,0.88844,0.9712611197505928,0.29552,0.42306421085001616,0.30352,False,/data/suehara/part/march/datasets/20250711_ilc_nnqq_sgv_10m_3cat_parquet,val50k_tail,150000,proxy
8,8,1080000,,lr_9e-6,1.4e-05,validation_total_reference_mistag_geomean_percent,0.4271308657578203,min,1.03477646614889,1.03477646614889,0.5968627994867647,0.3056661876731198,0.4271308657578203,,0.19044563627952174,0.07027124770237382,3.2816790363072297,0.19876724033451226,0.554061116823401,0.07227899409380388,2.7642832302076905,1.1464252274425888,0.018547513659992715,0.020544528909659805,95,49883,0.010913512141159975,0.012918400060891186,35,49807,0.07883568995674106,0.08070876833340818,1637,49883,0.01898196296062217,0.02098169122750483,99,49807,0.03227992365192403,0.03426510638373896,276,49814,0.011081269698882762,0.013086076999038222,36,49807,0.07251336092106812,0.07440980644417318,1377,49814,0.046729368430891045,0.04869104425801584,571,49807,0.88837,0.9712391770674017,0.29569,0.42306421085001616,0.30401,False,/data/suehara/part/march/datasets/20250711_ilc_nnqq_sgv_10m_3cat_parquet,val50k_tail,150000,proxy
9,9,1200000,,lr_14e-6,1.4e-05,validation_total_reference_mistag_geomean_percent,0.4246154458790252,min,1.0379881142269047,1.0379881142269047,0.5945960302749631,0.30322818804502755,0.4246154458790252,,0.19846042965035643,0.06805716968408662,3.2916366407033903,0.19015974393430576,0.5597841359758853,0.07005884789285101,2.7787845043839865,1.1469634415903758,0.018952687787816315,0.020949341674628228,99,49884,0.010710889444324957,0.012709806269400686,34,49958,0.07895190950258091,0.08082455111441261,1642,49884,0.018519691714114765,0.020513720428293365,95,49958,0.032498466444115005,0.034489494608310085,278,49662,0.010880534570269825,0.012879371262380035,35,49958,0.07281029933082044,0.07471196517526042,1380,49662,0.046671204381868586,0.048626929538525196,573,49958,0.88842,0.9713167238834908,0.29531,0.42306421085001616,0.30198,False,/data/suehara/part/march/datasets/20250711_ilc_nnqq_sgv_10m_3cat_parquet,val50k_tail,150000,proxy
9,9,1200000,,lr_3e-6,1.1200000000000001e-05,validation_total_reference_mistag_geomean_percent,0.43320460572178066,min,1.0399316927657025,1.0399316927657025,0.5938745228619855,0.3160031676627025,0.43320460572178066,,0.19275173931268427,0.07609130696758401,3.264732528346317,0.20824989377145464,0.5667316680863207,0.0680817000346226,2.785425817041522,1.1573888885651158,0.018678875675953548,0.02067892580116925,96,49805,0.011379590506450444,0.013378906046404734,38,49940,0.0786969383244171,0.08057363059215256,1626,49805,0.019426443102828247,0.02142046605391533,104,49940,0.032673499349175454,0.0346603670482698,282,49759,0.010714748983796374,0.012714385286712319,34,49940,0.0728258144840066,0.07472350637499903,1386,49759,0.046893136015212396,0.04884914855534401,578,49940,0.88858,0.9712593879373999,0.29542,0.42306421085001616,0.30299,False,/data/suehara/part/march/datasets/20250711_ilc_nnqq_sgv_10m_3cat_parquet,val50k_tail,150000,proxy
9,9,1200000,,lr_6e-6,1.26e-05,validation_total_reference_mistag_geomean_percent,0.4333319024888092,min,1.0410050869654337,1.0410050869654337,0.5953622791588201,0.31539878203214006,0.4333319024888092,,0.19279431256777926,0.07615077891407986,3.2654535693009197,0.2064086847865121,0.5641550792895448,0.06813490511598987,2.7786142606856674,1.1763291050629754,0.018682998613622683,0.020683488851093577,96,49794,0.011388481547569301,0.013389357232770654,38,49901,0.0787140405308466,0.08059111840335934,1626,49794,0.019343509285627804,0.021339164422127167,103,49901,0.032581451116827156,0.03456642782542468,281,49809,0.01072312086878264,0.012724317818519498,34,49901,0.07270196933186063,0.07459802978933283,1384,49809,0.047296927933519056,0.049253710061222464,587,49901,0.88834,0.9711766776113597,0.29585,0.42306421085001616,0.30203,False,/data/suehara/part/march/datasets/20250711_ilc_nnqq_sgv_10m_3cat_parquet,val50k_tail,150000,proxy
9,9,1200000,,lr_9e-6,1.4e-05,validation_total_reference_mistag_geomean_percent,0.4338001146363573,min,1.0312703092731648,1.0312703092731648,0.6025122251267461,0.3123298276959114,0.4338001146363573,,0.19643215001066744,0.07629449413965711,3.227099640135993,0.19675949694226566,0.526030465396015,0.07629449413965711,2.7626637810229795,1.1885879523980827,0.01884981829127087,0.020846313364501205,98,49890,0.01140996844319085,0.013414614504194788,38,49807,0.07818544404581407,0.08006044756872777,1610,49890,0.018881203660649843,0.020881012547108255,98,49807,0.031434280744151596,0.03342086802018583,262,49807,0.01140996844319085,0.013414614504194788,38,49807,0.07249745271829013,0.07439422978692926,1376,49807,0.04758888836640454,0.04954887118243864,592,49807,0.88839,0.9713028069943205,0.2955,0.42306421085001616,0.30384,False,/data/suehara/part/march/datasets/20250711_ilc_nnqq_sgv_10m_3cat_parquet,val50k_tail,150000,proxy
10,10,1320000,,lr_14e-6,1.4e-05,validation_total_reference_mistag_geomean_percent,0.4377658199228641,min,1.0411125376646146,1.0411125376646146,0.5990455924840307,0.3199070579888228,0.4377658199228641,,0.19474002254534148,0.07828966890790595,3.2905039205466013,0.20877245707176878,0.5573487697352543,0.07226738934056007,2.774714684212989,1.152263388956497,0.01877879726806971,0.020778566796404933,97,49810,0.011569230105292903,0.013573474136456152,39,49815,0.07899653716235897,0.0808720062790251,1639,49810,0.019475145604756793,0.021474151046458386,104,49815,0.03235744294615393,0.034339906908300785,278,49879,0.011079490610833907,0.013083976423049237,36,49815,0.07260133820001999,0.07449489414188618,1384,49879,0.04684566325655042,0.048806789666760476,574,49815,0.88839,0.9712931954692697,0.29553,0.42306421085001616,0.30308,False,/data/suehara/part/march/datasets/20250711_ilc_nnqq_sgv_10m_3cat_parquet,val50k_tail,150000,proxy
10,10,1320000,,lr_3e-6,1.1200000000000001e-05,validation_total_reference_mistag_geomean_percent,0.43424012071642965,min,1.0408286216826592,1.0408286216826592,0.5877503178162138,0.3208241267149471,0.43424012071642965,,0.19484562907880734,0.08004162320738079,3.2641664517692335,0.20810821830582585,0.5467666257776402,0.0660343373717834,2.7760469372877545,1.190619150662847,0.018788973493353907,0.020789823339487826,97,49783,0.011690976326291229,0.01368877356004236,40,49974,0.07870743801206351,0.08058498234427766,1625,49783,0.019413238131984208,0.02140591013933698,104,49974,0.03208237341334498,0.03407052302180375,272,49747,0.010535371251508944,0.012533729056897404,33,49974,0.07271354634682398,0.07461207304953338,1381,49747,0.04755184858248069,0.04950520049355842,595,49974,0.88808,0.9711420727230947,0.29621,0.42306421085001616,0.3024,False,/data/suehara/part/march/datasets/20250711_ilc_nnqq_sgv_10m_3cat_parquet,val50k_tail,150000,proxy
10,10,1320000,,lr_6e-6,1.26e-05,validation_total_reference_mistag_geomean_percent,0.43053247386848115,min,1.0362135095707055,1.0362135095707055,0.5990749732372952,0.30940736858639145,0.43053247386848115,,0.18409942357688416,0.07229351165732875,3.2657635561721383,0.2108560764425347,0.5388667599805588,0.07430166457678118,2.7908472169138903,1.1526798672455276,0.0182048788839047,0.02019855161717861,92,49973,0.011083494362571215,0.013088703667697656,36,49797,0.07857825255403114,0.08044859459139728,1632,49973,0.01958001289905991,0.021579657219086182,105,49797,0.031847956038743956,0.033836942998783336,268,49734,0.01124898230426706,0.013254110957435514,37,49797,0.07291369723997944,0.07481212501487915,1388,49734,0.0468625037152625,0.04882432226699894,574,49797,0.8886,0.9712806602754506,0.29572,0.42306421085001616,0.30477,False,/data/suehara/part/march/datasets/20250711_ilc_nnqq_sgv_10m_3cat_parquet,val50k_tail,150000,proxy
10,10,1320000,,lr_9e-6,1.4e-05,validation_total_reference_mistag_geomean_percent,0.4288073252965529,min,1.0337085492272735,1.0337085492272735,0.5949225579395307,0.3090750548522204,0.4288073252965529,,0.18409942357688416,0.07229351165732875,3.2517559915270065,0.2108560764425347,0.5388667599805588,0.07229351165732875,2.784815075123208,1.154688043853338,0.0182048788839047,0.02019855161717861,92,49973,0.011083494362571215,0.013088703667697656,36,49797,0.07841303443137312,0.08028393706281181,1625,49973,0.01958001289905991,0.021579657219086182,105,49797,0.031847956038743956,0.033836942998783336,268,49734,0.011083494362571215,0.013088703667697656,36,49797,0.07283601330792602,0.07473468365207167,1385,49734,0.046903696815688706,0.048865434715467115,575,49797,0.8886,0.9712967522971852,0.29561,0.42306421085001616,0.30474,False,/data/suehara/part/march/datasets/20250711_ilc_nnqq_sgv_10m_3cat_parquet,val50k_tail,150000,proxy
11,11,1440000,,lr_14e-6,1.4e-05,validation_total_reference_mistag_geomean_percent,0.42702806165761154,min,1.0336039633159535,1.0336039633159535,0.5919197396888433,0.30807042444456245,0.42702806165761154,,0.17680267724835294,0.07610959558787322,3.244731105708122,0.20629707206484055,0.556191406021254,0.0680980615411293,2.770917417160463,1.1696843711955942,0.017855969906507514,0.019857946734402106,88,49773,0.011382324732439695,0.01338212005788902,38,49928,0.0784853830546696,0.0803640855467698,1615,49773,0.019333058043699797,0.021327638465187294,103,49928,0.03234691951185262,0.034332455155813416,277,49803,0.010717323555746613,0.012717439798362823,34,49928,0.0726069836049139,0.07450358157236221,1380,49803,0.04714943632409662,0.04910542645626594,584,49928,0.88834,0.9712186486337949,0.29565,0.42306421085001616,0.30376,False,/data/suehara/part/march/datasets/20250711_ilc_nnqq_sgv_10m_3cat_parquet,val50k_tail,150000,proxy
11,11,1440000,,lr_3e-6,1.1200000000000001e-05,validation_total_reference_mistag_geomean_percent,0.43265824567517985,min,1.0312279787071479,1.0312279787071479,0.5910489495363624,0.31671345951560276,0.43265824567517985,,0.1909739625465371,0.07615230796246189,3.2264550011227926,0.2144288609939126,0.5475440806571464,0.07014028313488366,2.7818447868054235,1.1422845464340254,0.0185989250580327,0.02060145897162446,95,49745,0.011388709705673973,0.013389625426617082,38,49900,0.07829029460261136,0.08017078931896668,1605,49745,0.0197335094146045,0.02172888310019343,107,49900,0.03207074774235815,0.0340544002062855,273,49859,0.01089317785060083,0.012894334529602827,35,49900,0.07270758947205205,0.07460161896253106,1387,49859,0.04660149271234308,0.0485596785375117,570,49900,0.88853,0.9712503898918837,0.29558,0.42306421085001616,0.3014,False,/data/suehara/part/march/datasets/20250711_ilc_nnqq_sgv_10m_3cat_parquet,val50k_tail,150000,proxy
11,11,1440000,,lr_6e-6,1.26e-05,validation_total_reference_mistag_geomean_percent,0.4327530563319445,min,1.031478485543279,1.031478485543279,0.5913080171934186,0.31671345951560276,0.4327530563319445,,0.1909739625465371,0.07615230796246189,3.2264550011227926,0.2144288609939126,0.5475440806571464,0.07014028313488366,2.7818447868054235,1.1442886011230742,0.0185989250580327,0.02060145897162446,95,49745,0.011388709705673973,0.013389625426617082,38,49900,0.07829029460261136,0.08017078931896668,1605,49745,0.0197335094146045,0.02172888310019343,107,49900,0.03207074774235815,0.0340544002062855,273,49859,0.01089317785060083,0.012894334529602827,35,49900,0.07270758947205205,0.07460161896253106,1387,49859,0.04664275096537603,0.04860085647119174,571,49900,0.88861,0.9712649483596406,0.2955,0.42306421085001616,0.30136,False,/data/suehara/part/march/datasets/20250711_ilc_nnqq_sgv_10m_3cat_parquet,val50k_tail,150000,proxy
11,11,1440000,,lr_9e-6,1.4e-05,validation_total_reference_mistag_geomean_percent,0.4242315074803353,min,1.0284827858284231,1.0284827858284231,0.5899641478001295,0.30505645573569595,0.4242315074803353,,0.1886641017837302,0.07421969210062204,3.2454238507281326,0.19056407734547404,0.5398570897719175,0.0702078132417318,2.7614996734898285,1.157425988165948,0.018466618296388168,0.02046606981279068,94,49824,0.011236575278974266,0.01323949507556491,37,49852,0.07845388250097077,0.08033063417615047,1617,49824,0.018559037829426986,0.020557290128400123,95,49852,0.03184877642903204,0.03383397151187724,269,49828,0.010903663497236394,0.012906744242020764,35,49852,0.07246731538215721,0.0743633398033381,1376,49828,0.04693441912801445,0.04889388291230423,577,49852,0.88877,0.9714077278701377,0.29486,0.42306421085001616,0.30238,False,/data/suehara/part/march/datasets/20250711_ilc_nnqq_sgv_10m_3cat_parquet,val50k_tail,150000,proxy
12,12,1560000,,lr_14e-6,1.4e-05,validation_total_reference_mistag_geomean_percent,0.4322383922397372,min,1.0314169404284224,1.0314169404284224,0.593037729382732,0.31503902444867443,0.4322383922397372,,0.1728191653754102,0.08008970203052618,3.231316394347711,0.22024666981765662,0.552242097353736,0.07007848756389144,2.7712513540750803,1.1532916528633657,0.017644905713060925,0.019647444931659378,86,49763,0.011697996563403998,0.013696991870222922,40,49944,0.07833405716283007,0.08021367630759654,1608,49763,0.02000332243711129,0.0219967052911997,110,49944,0.032230913774040915,0.034216847261211644,275,49797,0.010883583708667835,0.012882979904967506,35,49944,0.07261561221099735,0.07451242528460703,1380,49797,0.04680743743440217,0.04876345738888486,576,49944,0.88879,0.9714933328380416,0.29462,0.42306421085001616,0.30387,False,/data/suehara/part/march/datasets/20250711_ilc_nnqq_sgv_10m_3cat_parquet,val50k_tail,150000,proxy
12,12,1560000,,lr_3e-6,1.1200000000000001e-05,validation_total_reference_mistag_geomean_percent,0.43596017176467117,min,1.0351820698872316,1.0351820698872316,0.5973108303801757,0.3181949191246233,0.43596017176467117,,0.17884773981496288,0.08008970203052618,3.249402258680652,0.22024666981765662,0.5502339518595668,0.07208072830396035,2.7732593075315046,1.1572962010590242,0.01796596359718628,0.01996826052917404,89,49763,0.011697996563403998,0.013696991870222922,40,49944,0.0785484961428988,0.08042738842783323,1617,49763,0.02000332243711129,0.0219967052911997,110,49944,0.03217080117471436,0.034156815313842945,274,49797,0.011050881486694393,0.013050197505097907,36,49944,0.07264153654705195,0.0745382689687036,1381,49797,0.046889401012488105,0.04884526061117826,578,49944,0.88869,0.9714631094621994,0.29481,0.42306421085001616,0.30395,False,/data/suehara/part/march/datasets/20250711_ilc_nnqq_sgv_10m_3cat_parquet,val50k_tail,150000,proxy
12,12,1560000,,lr_6e-6,1.26e-05,validation_total_reference_mistag_geomean_percent,0.436578856277046,min,1.0360026784085543,1.0360026784085543,0.5937413573512453,0.321017047891811,0.436578856277046,,0.18681827407463153,0.08006405124099279,3.254253716687361,0.21817453536707226,0.552619427554541,0.07005604398000768,2.765106646006563,1.160928732357266,0.01837907673286033,0.02038032946420909,93,49781,0.011694251388079932,0.01369260754383176,40,49960,0.07859186246445132,0.08046988047775289,1620,49781,0.01990166734296868,0.0218944947667739,109,49960,0.03225287930378202,0.034240154465906,275,49763,0.010880099118533057,0.012878855907034645,35,49960,0.07256067894191552,0.07445903491790952,1376,49763,0.04695625823813929,0.04891134605691794,580,49960,0.8886,0.9714015992039652,0.2951,0.42306421085001616,0.30443,False,/data/suehara/part/march/datasets/20250711_ilc_nnqq_sgv_10m_3cat_parquet,val50k_tail,150000,proxy
12,12,1560000,,lr_9e-6,1.4e-05,validation_total_reference_mistag_geomean_percent,0.43535987361492395,min,1.0337421111930751,1.0337421111930751,0.592119735347638,0.320101169137224,0.43535987361492395,,0.18480946092691014,0.08006405124099279,3.252244739158171,0.21817453536707226,0.5486003433607313,0.07005604398000768,2.7550589831534507,1.160928732357266,0.018275037635943035,0.020276371071101966,92,49781,0.011694251388079932,0.01369260754383176,40,49960,0.07856810096038488,0.08044619967749675,1619,49781,0.01990166734296868,0.0218944947667739,109,49960,0.032132461063009723,0.03411989774954076,273,49763,0.010880099118533057,0.012878855907034645,35,49960,0.07243061363425979,0.07432937342127174,1371,49763,0.04695625823813929,0.04891134605691794,580,49960,0.88863,0.971430968634912,0.29489,0.42306421085001616,0.30177,False,/data/suehara/part/march/datasets/20250711_ilc_nnqq_sgv_10m_3cat_parquet,val50k_tail,150000,proxy
13,13,1680000,,lr_14e-6,1.4e-05,validation_total_reference_mistag_geomean_percent,0.4351521186320178,min,1.0377246742158976,1.0377246742158976,0.601531458430319,0.3147921254925834,0.4351521186320178,,0.1904303628567809,0.076147728079735,3.2493434539817856,0.20840430027213144,0.5571870894065247,0.07213995080006042,2.773866458367084,1.1742780499630798,0.018546027712785358,0.020542883454741652,95,49887,0.011388025258783997,0.013388820877307975,38,49903,0.0784512761564396,0.08032550067871708,1621,49887,0.01944083364494977,0.021436328823518612,104,49903,0.032404680070042324,0.03439373017120806,277,49714,0.011059958279116664,0.01306091451703323,36,49903,0.072709209299349,0.07460908392405118,1379,49714,0.0472543730912928,0.04921115899624972,586,49903,0.88863,0.9712603656194019,0.29559,0.42306421085001616,0.30219,False,/data/suehara/part/march/datasets/20250711_ilc_nnqq_sgv_10m_3cat_parquet,val50k_tail,150000,proxy
13,13,1680000,,lr_3e-6,1.1200000000000001e-05,validation_total_reference_mistag_geomean_percent,0.4373769803138245,min,1.0347530291357487,1.0347530291357487,0.5976005507332284,0.3201111891107279,0.4373769803138245,,0.19312785915339886,0.08006725962571293,3.23086835996062,0.21017655266581325,0.5417552735291261,0.07206053366314163,2.7709780470938576,1.17899034739432,0.01871529533877803,0.02071923314212387,96,49708,0.011694719403845463,0.013693155431128033,40,49958,0.07837154203330435,0.0802532588946088,1606,49708,0.019516969592701352,0.0215101969772247,105,49958,0.0319030282824484,0.03388774887125891,270,49838,0.011047785505402346,0.013046542064547036,36,49958,0.07258259482051214,0.07447785845065592,1381,49838,0.04732441010027455,0.04927885312948285,589,49958,0.88868,0.9713798500256864,0.29504,0.42306421085001616,0.30326,False,/data/suehara/part/march/datasets/20250711_ilc_nnqq_sgv_10m_3cat_parquet,val50k_tail,150000,proxy
13,13,1680000,,lr_6e-6,1.26e-05,validation_total_reference_mistag_geomean_percent,0.43346309444275744,min,1.0290084326985915,1.0290084326985915,0.5940077696671966,0.3163094219275275,0.43346309444275744,,0.19097013387491268,0.07805464053513164,3.2263900748726706,0.20814570809368438,0.5402365612281017,0.07205043741704459,2.7554073544940287,1.1608125510731573,0.018598551486522754,0.020601045300089306,95,49746,0.011534508740484159,0.013532745355852752,39,49965,0.07828874607541184,0.08016920559813581,1605,49746,0.019416731818077064,0.02140976125001117,104,49965,0.03187110778968445,0.033857683016441306,269,49793,0.011046238165185646,0.01304471511209736,36,49965,0.07241358655223802,0.07431118837629043,1372,49793,0.04695158524733907,0.04890648207442998,580,49965,0.88864,0.9713846302416047,0.29498,0.42306421085001616,0.30318,False,/data/suehara/part/march/datasets/20250711_ilc_nnqq_sgv_10m_3cat_parquet,val50k_tail,150000,proxy
13,13,1680000,,lr_9e-6,1.4e-05,validation_total_reference_mistag_geomean_percent,0.4369884915885949,min,1.0322478250156522,1.0322478250156522,0.5966323170826644,0.32006134484065796,0.4369884915885949,,0.19312785915339886,0.08006725962571293,3.2288565256819446,0.21017655266581325,0.5457683052984729,0.07206053366314163,2.760945321288603,1.1669802427481302,0.01871529533877803,0.02071923314212387,96,49708,0.011694719403845463,0.013693155431128033,40,49958,0.07834763318772392,0.08022943099005031,1605,49708,0.019516969592701352,0.0215101969772247,105,49958,0.0320239403998529,0.03400849995003393,272,49838,0.011047785505402346,0.013046542064547036,36,49958,0.07245297307200312,0.07434863929872103,1376,49838,0.047080546426965866,0.049035470253967414,583,49958,0.88872,0.9714110838741167,0.29485,0.42306421085001616,0.30317,False,/data/suehara/part/march/datasets/20250711_ilc_nnqq_sgv_10m_3cat_parquet,val50k_tail,150000,proxy
14,14,1800000,,lr_14e-6,1.4e-05,validation_total_reference_mistag_geomean_percent,0.4170262061350163,min,1.0144373772450601,1.0144373772450601,0.5801071911202091,0.29979089945004234,0.4170262061350163,,0.18041134094054606,0.07020640528892824,3.1792487268766974,0.20058973430858829,0.5485783011065066,0.06820051216986191,2.7790617104697386,1.0892022867996132,0.01802725051813477,0.020024547956832162,90,49886,0.010903444840371417,0.012906485462715216,35,49853,0.07761826266295749,0.07949533489873054,1586,49886,0.019064620904141835,0.02106243092003554,100,49853,0.03213117294644943,0.034118530647768,273,49765,0.010733442704076165,0.012736563797288433,34,49853,0.07273945635259405,0.07463717521328378,1383,49765,0.04551569208800198,0.0474778535091671,543,49853,0.88913,0.9714559787907436,0.29439,0.4170262061350163,0.30304,False,/data/suehara/part/march/datasets/20250711_ilc_nnqq_sgv_10m_3cat_parquet,val50k_tail,150000,proxy
14,14,1800000,,lr_3e-6,1.1200000000000001e-05,validation_total_reference_mistag_geomean_percent,0.4440853432070146,min,1.0471788229640082,1.0471788229640082,0.6020108791909259,0.32758841886102663,0.4440853432070146,,0.19689389781538386,0.08411102491008786,3.307013912546876,0.21027757307030157,0.5542502356595278,0.07209516632360151,2.763218532318433,1.1895702410678541,0.018894090514144733,0.020895260044489963,98,49773,0.01201186163778561,0.014011096201656454,42,49934,0.07921936333471491,0.08109556320441136,1646,49773,0.019526341592235385,0.02152052292531295,105,49934,0.032290915519247926,0.03427676835446063,276,49797,0.011053093964487467,0.013052809788433886,36,49934,0.07251181264016741,0.0744089483216092,1376,49797,0.047549363285866,0.04950432192278604,594,49934,0.88799,0.9711387769547154,0.29643,0.4170262061350163,0.30293,False,/data/suehara/part/march/datasets/20250711_ilc_nnqq_sgv_10m_3cat_parquet,val50k_tail,150000,proxy
14,14,1800000,,lr_6e-6,1.26e-05,validation_total_reference_mistag_geomean_percent,0.4370119858794901,min,1.0267334097347298,1.0267334097347298,0.6002778450277229,0.31815179817858436,0.4370119858794901,,0.1866458026794791,0.08214457505373941,3.2070965624251806,0.20836673053281615,0.5445594204683247,0.07413046690701758,2.7348538418507835,1.176069877960498,0.01836212283701207,0.020361534983016426,93,49827,0.011862270894627124,0.013862465450175753,41,49912,0.07799630616164982,0.07987448322859803,1598,49827,0.01943733128090125,0.02143246815003606,104,49912,0.03201031094510719,0.033997830157850295,271,49765,0.011223071518515138,0.013223587197010667,37,49912,0.07216684659627388,0.07406634208263381,1361,49765,0.04728656255870607,0.049242923832001906,587,49912,0.88874,0.971428743244697,0.29484,0.4170262061350163,0.30471,False,/data/suehara/part/march/datasets/20250711_ilc_nnqq_sgv_10m_3cat_parquet,val50k_tail,150000,proxy
14,14,1800000,,lr_9e-6,1.4e-05,validation_total_reference_mistag_geomean_percent,0.4271745802077859,min,1.0458136634123727,1.0458136634123727,0.5904394345696854,0.3090547671645423,0.4271745802077859,,0.1924812030075188,0.07220071516782613,3.306265646079463,0.19855197874243183,0.5565825208153675,0.06618398890384061,2.7929592589384464,1.1812839956440873,0.0186526813748801,0.02064993531653511,96,49875,0.011069271930380372,0.013071911186006034,36,49861,0.07913050225866886,0.0810028951665126,1649,49875,0.018961422857635128,0.020958994075216113,99,49861,0.03236960975500054,0.034356526006361784,277,49768,0.010559241498112916,0.012562122088883567,33,49861,0.0729162759658026,0.07481332194497377,1390,49768,0.04741595816170549,0.0493741113056053,589,49861,0.88816,0.9712260239483474,0.2958,0.4170262061350163,0.30284,False,/data/suehara/part/march/datasets/20250711_ilc_nnqq_sgv_10m_3cat_parquet,val50k_tail,150000,proxy
15,15,1920000,,lr_14e-6,1.4e-05,validation_total_reference_mistag_geomean_percent,0.4146070543379854,min,1.012313466887006,1.012313466887006,0.5729805820478366,0.3000084381436678,0.4146070543379854,,0.18657840329928557,0.06815675821431623,3.1778512457607477,0.20046105798633418,0.5344155596342725,0.06414753934048312,2.7042230274271124,1.1626741434334973,0.01835549721513534,0.02035419005335631,93,49845,0.010726559274059647,0.012728397194095346,34,49885,0.077633065432035,0.07951173768901976,1584,49845,0.01905240197830069,0.021048935632614948,100,49885,0.03170044183642495,0.033688009267532085,266,49774,0.010379148885896285,0.012381147541256883,32,49885,0.07176073958734333,0.07366112238640504,1346,49774,0.04702646488386215,0.04898442206020207,580,49885,0.88881,0.9714585909192662,0.29438,0.4146070543379854,0.30182,False,/data/suehara/part/march/datasets/20250711_ilc_nnqq_sgv_10m_3cat_parquet,val50k_tail,150000,proxy
15,15,1920000,,lr_3e-6,1.1200000000000001e-05,validation_total_reference_mistag_geomean_percent,0.4279861584264346,min,1.0228799111043287,1.0228799111043287,0.5793074053001259,0.3161916283630448,0.4279861584264346,,0.1922922767492418,0.08034548558802852,3.2208957182423963,0.2008637115075328,0.5301736914249324,0.06829366542906629,2.7653379554512476,1.1248367844421836,0.018634389034134065,0.02062969029465397,96,49924,0.011735345026213503,0.013740714186797287,40,49785,0.07808548764912035,0.07995946278135588,1608,49924,0.019090638231065993,0.021091165941106074,100,49785,0.031564707302655495,0.03355160690454258,264,49795,0.010748099366036566,0.012753952671674711,34,49785,0.0725406515536757,0.07443777831545109,1377,49795,0.046292954250436516,0.04825636417297545,560,49785,0.88872,0.9713597347218382,0.29491,0.4146070543379854,0.30282,False,/data/suehara/part/march/datasets/20250711_ilc_nnqq_sgv_10m_3cat_parquet,val50k_tail,150000,proxy
15,15,1920000,,lr_6e-6,1.26e-05,validation_total_reference_mistag_geomean_percent,0.41795984677017894,min,1.023645633948996,1.023645633948996,0.5821447304101535,0.3000807606539224,0.41795984677017894,,0.18302863006131304,0.07008690536710668,3.2542890655681322,0.19424084893114776,0.5376452147024505,0.06808442734946127,2.7343671769127553,1.147422802699602,0.01819307109785374,0.020196971796934606,91,49719,0.01088489100548334,0.012884527085189966,35,49938,0.07864068962995033,0.08052104807304075,1618,49719,0.018730704035621257,0.02072536789117841,97,49938,0.03177593671499553,0.0337604638697744,268,49847,0.010715177993218371,0.012714894270088685,34,49938,0.07210190954133784,0.07399829988143126,1363,49847,0.046689794160733114,0.04864628416636867,573,49938,0.8888,0.9714131297365524,0.29458,0.4146070543379854,0.30235,False,/data/suehara/part/march/datasets/20250711_ilc_nnqq_sgv_10m_3cat_parquet,val50k_tail,150000,proxy
15,15,1920000,,lr_9e-6,1.4e-05,validation_total_reference_mistag_geomean_percent,0.4214814287614215,min,1.0294563277189515,1.0294563277189515,0.5852554033824198,0.3035368725586814,0.4214814287614215,,0.17670327385308154,0.07014028313488366,3.2549547778776216,0.2104208403964861,0.556191406021254,0.06613226436727883,2.7347750965043525,1.1663326795966529,0.017845938169606664,0.01984679342525706,88,49801,0.01089317785060083,0.012894334529602827,35,49900,0.07858455572618273,0.0804617913906222,1621,49801,0.019539634009697902,0.02153516833399275,105,49900,0.03234691951185262,0.034332455155813416,277,49803,0.010550990880249966,0.012552308197957883,33,49900,0.0721386428256629,0.07403669217858483,1362,49803,0.04709414882531852,0.04905137081825158,582,49900,0.88871,0.9714698724559891,0.29462,0.4146070543379854,0.30085,False,/data/suehara/part/march/datasets/20250711_ilc_nnqq_sgv_10m_3cat_parquet,val50k_tail,150000,proxy
16,16,2040000,,lr_14e-6,1.4e-05,validation_total_reference_mistag_geomean_percent,0.4098151822655072,min,1.022229484069885,1.022229484069885,0.5598913310766719,0.299966215394594,0.4098151822655072,,0.1768346595932803,0.07406221388700865,3.285507621919218,0.18815805506310426,0.5343296790312209,0.0600504403173613,2.741954952461582,1.1169382502863032,0.017859196788994947,0.019861534389332882,88,49764,0.011212740595715143,0.013211417021894292,37,49958,0.07897384595295168,0.08085124944553282,1635,49764,0.01841712609871181,0.020411234945855953,94,49958,0.03169536003077601,0.03368261151512255,266,49782,0.010006130069012995,0.012005367425950843,30,49958,0.07224698361987941,0.07414554518011263,1365,49782,0.04605020462204769,0.04800713177318741,558,49958,0.88885,0.9715418146600138,0.29374,0.4098151822655072,0.30024,False,/data/suehara/part/march/datasets/20250711_ilc_nnqq_sgv_10m_3cat_parquet,val50k_tail,150000,proxy
16,16,2040000,,lr_3e-6,1.1200000000000001e-05,validation_total_reference_mistag_geomean_percent,0.41801417761187487,min,1.0323628287057662,1.0323628287057662,0.5467827744792222,0.3195708805036104,0.41801417761187487,,0.17867181540444618,0.08238556080410399,3.326507587059989,0.21299682331306394,0.5367944518571486,0.05425390842387959,2.752073209447486,1.1152192733360136,0.017948303976181863,0.019948638354517243,89,49812,0.011897060273594702,0.01390311305698767,41,49766,0.07941677538488012,0.08129072364461837,1657,49812,0.019689626524912844,0.021690430397955547,106,49766,0.03172578007358652,0.03370720117015563,268,49926,0.0094827747861084,0.011489958104038335,27,49766,0.07227517231519417,0.07416785270583856,1374,49926,0.04610121754059747,0.048065763555990224,555,49766,0.88891,0.9715657364211756,0.29392,0.4098151822655072,0.29982,False,/data/suehara/part/march/datasets/20250711_ilc_nnqq_sgv_10m_3cat_parquet,val50k_tail,150000,proxy
16,16,2040000,,lr_6e-6,1.26e-05,validation_total_reference_mistag_geomean_percent,0.41703407955528377,min,1.0338661790929469,1.0338661790929469,0.5474265850508597,0.31769999532332655,0.41703407955528377,,0.17867181540444618,0.08037615885358794,3.3305227897016074,0.21299682331306394,0.5367944518571486,0.05425390842387959,2.7600848586270392,1.1172286265628026,0.017948303976181863,0.019948638354517243,89,49812,0.011739824008090101,0.013745957543950003,40,49766,0.07946365790199098,0.08133744495494519,1659,49812,0.019689626524912844,0.021690430397955547,106,49766,0.03172578007358652,0.03370720117015563,268,49926,0.0094827747861084,0.011489958104038335,27,49766,0.07237879685732009,0.07427115630508595,1378,49926,0.046143158490547474,0.04810762375347336,556,49766,0.88887,0.9715760225566058,0.29388,0.4098151822655072,0.29979,False,/data/suehara/part/march/datasets/20250711_ilc_nnqq_sgv_10m_3cat_parquet,val50k_tail,150000,proxy
16,16,2040000,,lr_9e-6,1.4e-05,validation_total_reference_mistag_geomean_percent,0.4259974658017272,min,1.0234511664513979,1.0234511664513979,0.592472136670237,0.30629936774646993,0.4259974658017272,,0.18219678119761246,0.07228190224225661,3.2635245938630266,0.20479872000799995,0.5406709348782582,0.07428973140344475,2.723453769573811,1.126392898444773,0.018110449656126244,0.020105276301469716,91,49946,0.01108171456017257,0.013086602248426683,36,49805,0.07857284993938382,0.08044429268443051,1630,49946,0.01928198959291862,0.02128155596183047,102,49805,0.03189666772132693,0.03388482260679075,269,49753,0.011247175943515587,0.013251983005719073,37,49805,0.07202694407305449,0.07392735594498115,1355,49753,0.046316178880625655,0.04827873789229366,561,49805,0.8888,0.9715541537454144,0.29402,0.4098151822655072,0.30188,False,/data/suehara/part/march/datasets/20250711_ilc_nnqq_sgv_10m_3cat_parquet,val50k_tail,150000,proxy
17,17,2160000,,lr_14e-6,1.4e-05,validation_total_reference_mistag_geomean_percent,0.4246422016562364,min,1.030064428171519,1.030064428171519,0.5812447641753826,0.3102324709681967,0.4246422016562364,,0.1783424126428051,0.07819078436848628,3.248236631183686,0.20449897750511248,0.5249185321408075,0.06616143195564858,2.741241290490702,1.1989253650849028,0.0179152407475172,0.019911900704738264,89,49904,0.011554621703443632,0.013556338226007592,39,49878,0.07842498367017503,0.08029861410342731,1621,49904,0.019253793925730085,0.021250445864321333,102,49878,0.03142618516650299,0.03341621317981165,261,49722,0.010555643489048357,0.012557842352943039,33,49878,0.07228071932467751,0.07418160055462537,1363,49722,0.04776385835024502,0.049720636738829,598,49878,0.88835,0.9714565038271438,0.29449,0.4098151822655072,0.30057,False,/data/suehara/part/march/datasets/20250711_ilc_nnqq_sgv_10m_3cat_parquet,val50k_tail,150000,proxy
17,17,2160000,,lr_3e-6,1.1200000000000001e-05,validation_total_reference_mistag_geomean_percent,0.4215231519531222,min,1.0212301183198627,1.0212301183198627,0.5814829058786553,0.3055666225716596,0.4215231519531222,,0.17661108297066655,0.078045263394666,3.225158956363148,0.1961137423796303,0.5291111657424418,0.0680394602291415,2.736088111255448,1.1606731642237587,0.01783663307305982,0.019836447993413227,88,49827,0.01153312422030433,0.013531121288012048,39,49971,0.07821121946928328,0.08008867154240262,1607,49827,0.018819289632690486,0.020812561314993663,98,49971,0.031559602672462383,0.03355010255482512,263,49706,0.010708103727916259,0.012706501252014203,34,49971,0.07222517292142065,0.0741268733580356,1360,49706,0.0469459788858961,0.04890064657218241,580,49971,0.88906,0.9716554588899114,0.29336,0.4098151822655072,0.30101,False,/data/suehara/part/march/datasets/20250711_ilc_nnqq_sgv_10m_3cat_parquet,val50k_tail,150000,proxy
17,17,2160000,,lr_6e-6,1.26e-05,validation_total_reference_mistag_geomean_percent,0.4219663828820675,min,1.0243874457018183,1.0243874457018183,0.5817830362556842,0.30605159859684017,0.4219663828820675,,0.17503620858581234,0.07618436840350039,3.249235516648948,0.20249003168541374,0.520822902729393,0.06816495886762293,2.7142884803333054,1.18887709836055,0.01777359663261322,0.019778423663520027,87,49704,0.011393503138536947,0.013395259980310551,38,49879,0.07859257524451338,0.08047370448809113,1615,49704,0.01915429677959515,0.021150989240466746,101,49879,0.031239632596934998,0.03322189200560526,260,49921,0.010727849244602138,0.01272992763436951,34,49879,0.0717877974349454,0.07368218113047234,1355,49921,0.04756105734844019,0.04951819940607668,593,49879,0.88882,0.9715229475727533,0.29404,0.4098151822655072,0.30042,False,/data/suehara/part/march/datasets/20250711_ilc_nnqq_sgv_10m_3cat_parquet,val50k_tail,150000,proxy
17,17,2160000,,lr_9e-6,1.4e-05,validation_total_reference_mistag_geomean_percent,0.4271897326469287,min,1.0284554653505313,1.0284554653505313,0.5897522440491156,0.3094368347392948,0.4271897326469287,,0.1785535246448328,0.07832898421975028,3.1999197285761447,0.20486040821287177,0.5313922467133808,0.06828680558374674,2.757223902643945,1.2090781222095786,0.017936430312634043,0.019935445137659116,89,49845,0.011575037332728215,0.013580286113362348,39,49790,0.07789682819309245,0.07977461498636582,1595,49845,0.019287793453896394,0.021287959732390997,102,49790,0.03157914990635363,0.03356305236283299,265,49869,0.010747020307039537,0.012752672460859349,34,49790,0.07238260835718546,0.07427724545657696,1375,49869,0.048008927988944794,0.04996875694887187,602,49790,0.88877,0.9714787697251833,0.29445,0.4098151822655072,0.30097,False,/data/suehara/part/march/datasets/20250711_ilc_nnqq_sgv_10m_3cat_parquet,val50k_tail,150000,proxy
18,18,2280000,,lr_14e-6,1.4e-05,validation_total_reference_mistag_geomean_percent,0.4155884533162413,min,1.0270356810065067,1.0270356810065067,0.5716229128549756,0.3021463252184299,0.4155884533162413,,0.18075555690396533,0.07003921922686004,3.2897511333837945,0.20011206226631428,0.5347700927606119,0.06403586008164572,2.7381838369816305,1.13863768644723,0.018061619513794095,0.020062713843877963,90,49791,0.010877487139882708,0.012875764640854666,35,49972,0.07900258294029627,0.08087879794833608,1638,49791,0.0190192608137726,0.021012332590021568,100,49972,0.03172142152091913,0.033710293294906324,266,49741,0.010361083472927309,0.01235960123811725,32,49972,0.07222734514904239,0.07412762323227018,1362,49741,0.04649347552022308,0.04844898599039374,569,49972,0.88906,0.9716727917879314,0.29343,0.4098151822655072,0.30119,False,/data/suehara/part/march/datasets/20250711_ilc_nnqq_sgv_10m_3cat_parquet,val50k_tail,150000,proxy
18,18,2280000,,lr_3e-6,1.1200000000000001e-05,validation_total_reference_mistag_geomean_percent,0.4176031477178087,min,1.0202563587531481,1.0202563587531481,0.5753688781649412,0.30309666650727124,0.4176031477178087,,0.17889447060601377,0.07404294165231813,3.2160804020100504,0.19811490954961264,0.5222666192767512,0.06603830318320421,2.751943489754169,1.1546697339930658,0.01797065463714511,0.019973472893165572,89,49750,0.011209824433239788,0.013207981683503593,37,49971,0.07816298091351884,0.08004370369689914,1600,49750,0.0189197191078143,0.020912910698839444,99,49971,0.03132602277086324,0.03331371895288152,260,49783,0.010536003580223573,0.012534481195599549,33,49971,0.07237587685513941,0.0742739990054489,1370,49783,0.046823263631904505,0.04877817159202498,577,49971,0.88902,0.9715854555683442,0.29356,0.4098151822655072,0.29938,False,/data/suehara/part/march/datasets/20250711_ilc_nnqq_sgv_10m_3cat_parquet,val50k_tail,150000,proxy
18,18,2280000,,lr_6e-6,1.26e-05,validation_total_reference_mistag_geomean_percent,0.41660904503418666,min,1.0161046991232388,1.0161046991232388,0.5740471928522102,0.3023498739571072,0.41660904503418666,,0.17690219254417291,0.07609130696758401,3.1963011554012204,0.19423308871629522,0.5218892300939346,0.06607929337746256,2.7539692628354295,1.1433720630498092,0.017866012928020956,0.019869112586235697,88,49745,0.011379590506450444,0.013378906046404734,38,49940,0.07793092603899515,0.0798126330652571,1590,49745,0.018729954533364276,0.020724538819634226,97,49940,0.031303440172787425,0.03328971519329953,260,49819,0.01054254209097988,0.012542258584636224,33,49940,0.07237630861638561,0.07427297785086578,1372,49819,0.046605594814940095,0.048562168690254905,571,49940,0.88919,0.971623823479311,0.29323,0.4098151822655072,0.30122,False,/data/suehara/part/march/datasets/20250711_ilc_nnqq_sgv_10m_3cat_parquet,val50k_tail,150000,proxy
18,18,2280000,,lr_9e-6,1.4e-05,validation_total_reference_mistag_geomean_percent,0.42625221966003624,min,1.0239368290389932,1.0239368290389932,0.5736786263098445,0.31671208658029437,0.42625221966003624,,0.1886262428102363,0.0781531808067923,3.2748725328348933,0.20840847552392935,0.5204147404362396,0.0681335394084575,2.736698235548723,1.116187684942673,0.01846291566597899,0.020461967487425226,94,49834,0.011549066297300212,0.013549821635446869,39,49902,0.07879385248249354,0.08066904571708972,1632,49834,0.01944122287442355,0.021436757873096117,104,49902,0.031273554971319395,0.03326192465026309,259,49768,0.010722906041643197,0.012724062944364806,34,49902,0.07218868992671067,0.07408799679323279,1362,49768,0.046059857024135197,0.04801901027231877,557,49902,0.88887,0.9715501279318669,0.29381,0.4098151822655072,0.29935,False,/data/suehara/part/march/datasets/20250711_ilc_nnqq_sgv_10m_3cat_parquet,val50k_tail,150000,proxy
19,19,2400000,,lr_14e-6,1.4e-05,validation_total_reference_mistag_geomean_percent,0.4218286028033793,min,1.013646587591737,1.013646587591737,0.5788446207036837,0.3074043772346639,0.4218286028033793,,0.1708336743785461,0.07807494928273406,3.215692595567996,0.20819987798246897,0.5241384737762012,0.0700672669711696,2.7170857663113868,1.1250800964633951,0.017539108374859204,0.019542009125776628,85,49756,0.01153750967487437,0.01353626550727869,39,49952,0.078153706196607,0.08003421777971059,1600,49756,0.019421780474107565,0.021415326412414566,104,49952,0.03137959595292594,0.03336669804803122,261,49796,0.01088184113464107,0.012880917575912906,35,49952,0.07191318406321139,0.07381221068289943,1353,49796,0.04622216105116608,0.048178997274141155,562,49952,0.88943,0.9716564088667846,0.29319,0.4098151822655072,0.30275,False,/data/suehara/part/march/datasets/20250711_ilc_nnqq_sgv_10m_3cat_parquet,val50k_tail,150000,proxy
19,19,2400000,,lr_3e-6,1.1200000000000001e-05,validation_total_reference_mistag_geomean_percent,0.42624835457518223,min,1.0319557590141322,1.0319557590141322,0.5954130308268146,0.30514558864415753,0.42624835457518223,,0.1687085751920342,0.07624245323495277,3.261699148367844,0.20665716334663264,0.5353597973840923,0.07222969324599465,2.7549976001598284,1.1797516411816777,0.017418296465258887,0.01941991488722196,84,49790,0.011402187234140219,0.013405467903014112,38,49841,0.07867283531512101,0.08055021479589572,1624,49790,0.01936677477185414,0.021364822315299466,103,49841,0.031698598293073386,0.033682182532800316,267,49873,0.011073712517895419,0.013077154206013257,36,49841,0.07235093418637116,0.07424550860614283,1374,49873,0.047394230162583,0.04935323053936909,588,49841,0.88881,0.9715472655330245,0.29407,0.4098151822655072,0.30038,False,/data/suehara/part/march/datasets/20250711_ilc_nnqq_sgv_10m_3cat_parquet,val50k_tail,150000,proxy
19,19,2400000,,lr_6e-6,1.26e-05,validation_total_reference_mistag_geomean_percent,0.4226176745040487,min,1.0146500834975005,1.0146500834975005,0.5793158249939162,0.30830453976479183,0.4226176745040487,,0.17284346810671944,0.07807494928273406,3.215692595567996,0.20819987798246897,0.5241384737762012,0.0700672669711696,2.721101993160707,1.1270820431320072,0.017647386288325087,0.01965020625431329,86,49756,0.01153750967487437,0.01353626550727869,39,49952,0.078153706196607,0.08003421777971059,1600,49756,0.019421780474107565,0.021415326412414566,104,49952,0.03137959595292594,0.03336669804803122,261,49796,0.01088184113464107,0.012880917575912906,35,49952,0.07196558237610069,0.07386444768539453,1355,49796,0.04626367894589277,0.04822043501665069,563,49952,0.88938,0.9716478119279269,0.29324,0.4098151822655072,0.30276,False,/data/suehara/part/march/datasets/20250711_ilc_nnqq_sgv_10m_3cat_parquet,val50k_tail,150000,proxy
19,19,2400000,,lr_9e-6,1.4e-05,validation_total_reference_mistag_geomean_percent,0.41309637126699716,min,1.0079152597684322,1.0079152597684322,0.5626247030339923,0.3033080684757112,0.41309637126699716,,0.18668701871177298,0.07028959536376968,3.1797012637767215,0.20283568848380076,0.5191004835200488,0.06225649707192313,2.689702221653568,1.1527493095658528,0.01836617418336094,0.0203660261612725,93,49816,0.010916360618101945,0.012921771217835908,35,49794,0.07767754419817849,0.07955723581747412,1584,49816,0.01918696520749356,0.021187052136582233,101,49794,0.03119476582547293,0.03317816694810857,259,49894,0.010220034222526006,0.01222576746896574,31,49794,0.0714854241237628,0.07338181846513608,1342,49894,0.04686531163555149,0.048827245591682306,574,49794,0.88926,0.9718032903672551,0.29274,0.4098151822655072,0.30137,False,/data/suehara/part/march/datasets/20250711_ilc_nnqq_sgv_10m_3cat_parquet,val50k_tail,150000,proxy
20,20,2520000,,lr_14e-6,1.4e-05,validation_total_reference_mistag_geomean_percent,0.4150363502476454,min,1.0325843543981161,1.0325843543981161,0.5594903492686819,0.3078787190021123,0.4150363502476454,,0.1884220709591263,0.07225433526011561,3.3214399452744927,0.19869941867928556,0.5121304732400965,0.06021194427984324,2.7534543697580496,1.15406227773392,0.018442947091063477,0.020439843318070326,94,49888,0.011077489819492177,0.01308161408099704,36,49824,0.07929779424321395,0.08116909092081084,1657,49888,0.01897549183403019,0.020974540527579025,99,49824,0.031009868644762007,0.03299761268658599,255,49792,0.010033035083302142,0.012037642732231388,30,49824,0.07238900195135657,0.07428672033063972,1371,49792,0.046878418717589444,0.04883911867547049,575,49824,0.88858,0.9714969926751117,0.29435,0.4098151822655072,0.30042,False,/data/suehara/part/march/datasets/20250711_ilc_nnqq_sgv_10m_3cat_parquet,val50k_tail,150000,proxy
20,20,2520000,,lr_3e-6,1.1200000000000001e-05,validation_total_reference_mistag_geomean_percent,0.4171776066842587,min,1.0142042664405067,1.0142042664405067,0.5715275079416952,0.30451229923400397,0.4171776066842587,,0.18236839149720732,0.0721978199113867,3.1924487208418273,0.20456049801192142,0.5287282172703792,0.06417584180654995,2.7079730066295467,1.1611816355552342,0.018127494637855075,0.020124193299813534,91,49899,0.011068828067496553,0.0130713871152251,36,49863,0.07776603703048418,0.07964209118894172,1593,49899,0.019259580822853905,0.0212568309232968,102,49863,0.031536817219530916,0.033525891934055224,263,49742,0.010383727134973344,0.01238660793708282,32,49863,0.0718325939281176,0.07373404847885213,1347,49742,0.04700614311778598,0.04896502400830085,579,49863,0.88906,0.971743598322803,0.29314,0.4098151822655072,0.30114,False,/data/suehara/part/march/datasets/20250711_ilc_nnqq_sgv_10m_3cat_parquet,val50k_tail,150000,proxy
20,20,2520000,,lr_6e-6,1.26e-05,validation_total_reference_mistag_geomean_percent,0.4094105764994782,min,0.9984585294663046,0.9984585294663046,0.5716622546277034,0.2932098783726698,0.4094105764994782,,0.17269422276479615,0.070100945532712,3.110504276314501,0.196282645811955,0.5163026972672023,0.06609517576217613,2.694015428639843,1.1616728436372505,0.017632159476252948,0.019633256093489555,86,49799,0.010887070531550073,0.012887106544874561,35,49928,0.07685688274719875,0.07873999502723932,1549,49799,0.01883548388019931,0.02083046544814537,98,49928,0.0311437980336904,0.03313197342401991,257,49777,0.010545075306678383,0.012545271778586315,33,49928,0.07162487405484343,0.07352555245460739,1341,49777,0.04698618741902239,0.04894249846835851,580,49928,0.88935,0.9717151128904541,0.29268,0.4094105764994782,0.30044,False,/data/suehara/part/march/datasets/20250711_ilc_nnqq_sgv_10m_3cat_parquet,val50k_tail,150000,proxy
20,20,2520000,,lr_9e-6,1.4e-05,validation_total_reference_mistag_geomean_percent,0.4249889279484985,min,1.0293310329385184,1.0293310329385184,0.5687000018875257,0.31759378983532205,0.4249889279484985,,0.19081286817572346,0.07603650086186149,3.306083844280959,0.21210180342846566,0.5247180589210917,0.06603169731044159,2.7683400256215918,1.090523464908011,0.01858324796486779,0.020584099058995067,95,49787,0.011371395704490805,0.013369273268269396,38,49976,0.07919745406489986,0.08107316371712692,1646,49787,0.019606966306314182,0.02159939875288489,106,49976,0.03141420987620748,0.03340348581849194,261,49741,0.010534949741197307,0.0125332276812412,33,49976,0.07261832664594153,0.0745173922242777,1377,49741,0.04548868868226412,0.0474459680927429,545,49976,0.88905,0.9715023891838229,0.29398,0.4094105764994782,0.30114,False,/data/suehara/part/march/datasets/20250711_ilc_nnqq_sgv_10m_3cat_parquet,val50k_tail,150000,proxy
21,21,2640000,,lr_14e-6,1.4e-05,validation_total_reference_mistag_geomean_percent,0.42503733479683997,min,1.0372012323020303,1.0372012323020303,0.5788972328327725,0.3120704776686811,0.42503733479683997,,0.18847873137616392,0.07423308936333708,3.2803320975860757,0.20664887456518,0.5362738053534587,0.06420159300202637,2.7697437112224366,1.1776979559475624,0.01844848958339586,0.020445984120188956,94,49873,0.011238603646314512,0.013241884559086016,37,49843,0.07882765516938339,0.0807011631277027,1636,49873,0.01936599835402049,0.021363966058158365,103,49843,0.03175258232452696,0.0337395162335866,267,49788,0.010387892685857216,0.012391576114434302,32,49843,0.07260261992970765,0.07449983643482566,1379,49788,0.04735165696032641,0.04931066113448464,587,49843,0.88879,0.9715344919629403,0.29428,0.4094105764994782,0.2988,False,/data/suehara/part/march/datasets/20250711_ilc_nnqq_sgv_10m_3cat_parquet,val50k_tail,150000,proxy
21,21,2640000,,lr_3e-6,1.008e-05,validation_total_reference_mistag_geomean_percent,0.419239057396541,min,1.0181596560213226,1.0181596560213226,0.5706976772651993,0.30797634938518437,0.419239057396541,,0.17850695233589814,0.07824098375811922,3.243210675139581,0.19861171815198245,0.5461847202124267,0.06419772900533643,2.7269075110415497,1.1094169585256888,0.017931757121080416,0.019930252599940152,89,49858,0.011562037230782604,0.01356503677008386,39,49846,0.07840124584740232,0.08027680649970448,1617,49858,0.018967123981514494,0.020965293912539058,99,49846,0.032048315095731424,0.03403437221350201,272,49800,0.010387267640177538,0.012390830633777746,32,49846,0.07203839242170343,0.07393687206546512,1358,49800,0.04594375201122797,0.047905377906291846,553,49846,0.88894,0.9715536912546657,0.29372,0.4094105764994782,0.29952,False,/data/suehara/part/march/datasets/20250711_ilc_nnqq_sgv_10m_3cat_parquet,val50k_tail,150000,proxy
21,21,2640000,,lr_6e-6,1.134e-05,validation_total_reference_mistag_geomean_percent,0.41877026186751887,min,1.0115092121175904,1.0115092121175904,0.5690459491122584,0.3081799149931117,0.41877026186751887,,0.1725660254107264,0.07819862144383369,3.236616196193188,0.20652457051832765,0.5060748909911164,0.06817316149458005,2.6970579532467704,1.1268622776421797,0.017619078352581488,0.01961869446043174,86,49836,0.011555779752504543,0.013557696638075916,39,49873,0.0783402044635402,0.08021685770908879,1613,49836,0.01935435955243421,0.021351130432154537,103,49873,0.030820229554823567,0.03280809705795175,252,49795,0.010729139525444291,0.012731458442722787,34,49873,0.07165197981954877,0.0735518489681744,1343,49795,0.046294986438553086,0.04825485080756035,562,49873,0.88894,0.9717126582998499,0.29323,0.4094105764994782,0.29988,False,/data/suehara/part/march/datasets/20250711_ilc_nnqq_sgv_10m_3cat_parquet,val50k_tail,150000,proxy
21,21,2640000,,lr_9e-6,1.26e-05,validation_total_reference_mistag_geomean_percent,0.4248239562289042,min,1.0369497131821137,1.0369497131821137,0.5780513276801015,0.31221344047470906,0.4248239562289042,,0.18847873137616392,0.07423308936333708,3.2863472495533586,0.20664887456518,0.5362738053534587,0.06420159300202637,2.76773529139118,1.1716790708522036,0.01844848958339586,0.020445984120188956,94,49873,0.011238603646314512,0.013241884559086016,37,49843,0.07889838205645885,0.08077164879575424,1639,49873,0.01936599835402049,0.021363966058158365,103,49843,0.03175258232452696,0.0337395162335866,267,49788,0.010387892685857216,0.012391576114434302,32,49843,0.07257667066984143,0.07447396785607747,1378,49788,0.047229394942095715,0.04918864062573719,584,49843,0.88873,0.9715265648157058,0.29432,0.4094105764994782,0.29882,False,/data/suehara/part/march/datasets/20250711_ilc_nnqq_sgv_10m_3cat_parquet,val50k_tail,150000,proxy
22,22,2760000,,lr_14e-6,1.4e-05,validation_total_reference_mistag_geomean_percent,0.4118685970562743,min,0.9961128899505809,0.9961128899505809,0.5611430591084904,0.3023039107186152,0.4118685970562743,,0.1767707255421938,0.07405776813283027,3.155759085173678,0.20215768533892228,0.5064207076737929,0.06605151889466912,2.682823813704708,1.1048618151438527,0.017852744189904377,0.01985436037533555,88,49782,0.011212067500485631,0.013210624092893598,37,49961,0.07741635729983619,0.07929829454308354,1571,49782,0.01912288660678692,0.021116315305278084,101,49961,0.030841239229114584,0.032830451049744705,252,49761,0.01053811189091244,0.012536988976690226,33,49961,0.07148927958236934,0.07339101890561847,1335,49761,0.045796657205033134,0.047753950276079385,552,49961,0.88956,0.9719043458288553,0.29194,0.4094105764994782,0.30045,False,/data/suehara/part/march/datasets/20250711_ilc_nnqq_sgv_10m_3cat_parquet,val50k_tail,150000,proxy
22,22,2760000,,lr_3e-6,1.008e-05,validation_total_reference_mistag_geomean_percent,0.41545186431397924,min,0.9966119122676627,0.9966119122676627,0.5625225971267604,0.3068325653823766,0.41545186431397924,,0.1787794743617205,0.07806088825515238,3.1416977672701902,0.20215768533892228,0.5084303028991218,0.06605151889466912,2.6888527654532313,1.1088648956682934,0.017959111865637097,0.019960647350500405,89,49782,0.011535431938627548,0.013533828284350624,39,49961,0.07724701267267028,0.07912951481989297,1564,49782,0.01912288660678692,0.021116315305278084,101,49961,0.03090399880061644,0.03289312985255101,253,49761,0.01053811189091244,0.012536988976690226,33,49961,0.07156848688094353,0.07346998389810636,1338,49761,0.0458804118765619,0.047837544700923135,554,49961,0.88943,0.9718829214344881,0.29205,0.4094105764994782,0.3005,False,/data/suehara/part/march/datasets/20250711_ilc_nnqq_sgv_10m_3cat_parquet,val50k_tail,150000,proxy
22,22,2760000,,lr_6e-6,1.134e-05,validation_total_reference_mistag_geomean_percent,0.41683138549862053,min,1.0055854394483925,1.0055854394483925,0.5746488156276521,0.30235580272957724,0.41683138549862053,,0.1808354589373047,0.07223983342510285,3.1565834906242567,0.20267287220389307,0.5290475231371511,0.0682265096801774,2.7274003206784543,1.1076775069008007,0.018069597345982603,0.0200715730156702,90,49769,0.011075267565355967,0.013078990256787458,36,49834,0.07743626162424362,0.07931865730777324,1571,49769,0.01917157795967611,0.02117006605543447,101,49834,0.0314978198846281,0.03348054412357333,264,49901,0.01073753392221141,0.012741417678125137,34,49834,0.07197281121402825,0.07386742865411154,1361,49901,0.04591275507464989,0.04787492312966126,552,49834,0.88972,0.9718971490481983,0.29209,0.4094105764994782,0.30125,False,/data/suehara/part/march/datasets/20250711_ilc_nnqq_sgv_10m_3cat_parquet,val50k_tail,150000,proxy
22,22,2760000,,lr_9e-6,1.26e-05,validation_total_reference_mistag_geomean_percent,0.42374607488581295,min,1.023774129853084,1.023774129853084,0.5762023717011543,0.3116279015843094,0.42374607488581295,,0.17250025452842122,0.0801185739245925,3.307592027984522,0.2063053326478315,0.5168634427162209,0.07010375304104552,2.7170525353069443,1.1196571186750952,0.017612368558554452,0.019611225255813523,86,49855,0.011702212754043886,0.013701927594691554,40,49926,0.07916172320941023,0.08103481403030216,1649,49855,0.019333831822457598,0.02132849181276778,103,49926,0.03117754073129605,0.0331678527165198,257,49723,0.010887506541507313,0.012887622560753178,35,49926,0.07196483042434532,0.07386664634942489,1351,49723,0.04612125649019073,0.04807932899234379,559,49926,0.88911,0.9716512757152146,0.29338,0.4094105764994782,0.30057,False,/data/suehara/part/march/datasets/20250711_ilc_nnqq_sgv_10m_3cat_parquet,val50k_tail,150000,proxy
23,23,2880000,,lr_14e-6,1.4e-05,validation_total_reference_mistag_geomean_percent,0.4244019041228439,min,1.0245039950538022,1.0245039950538022,0.5811576502115973,0.30992791053772706,0.4244019041228439,,0.18455365646368654,0.07420182988306599,3.2617853902638547,0.20656184342324815,0.5101426026675999,0.07019092153431254,2.715404678102461,1.1731910380921897,0.0182497621722643,0.020248335775161615,92,49850,0.011233871927841386,0.013236310438661613,37,49864,0.07862705203825343,0.08050216847098057,1626,49850,0.01935784972373466,0.021354979500202032,103,49864,0.03094863842672286,0.032936542160373096,254,49790,0.010901040193527747,0.012903639575085928,35,49864,0.07189551589253662,0.07379483887461277,1352,49790,0.04725038839739591,0.04920874832601389,585,49864,0.88871,0.9716417302237824,0.29372,0.4094105764994782,0.29929,False,/data/suehara/part/march/datasets/20250711_ilc_nnqq_sgv_10m_3cat_parquet,val50k_tail,150000,proxy
23,23,2880000,,lr_3e-6,1.008e-05,validation_total_reference_mistag_geomean_percent,0.42472639193501804,min,1.0250545848825812,1.0250545848825812,0.5764222985609178,0.31295199449518557,0.42472639193501804,,0.18486517896684693,0.07611569846327497,3.241168617944702,0.21031968232280016,0.5219416426619119,0.06610047158716575,2.7261412721548894,1.173784114959058,0.018280541569057646,0.020282475976637383,92,49766,0.011383236433110535,0.013383191738233921,38,49924,0.07844861839918366,0.08032772830456891,1613,49766,0.01953024924906152,0.02152482833024639,105,49924,0.0313065746975507,0.033293046980082536,260,49814,0.010545919982463516,0.012546276498328592,33,49924,0.07201841876617182,0.07391639563075342,1358,49814,0.04723460698072522,0.04919058958856061,586,49924,0.88887,0.9714962713481246,0.29414,0.4094105764994782,0.29995,False,/data/suehara/part/march/datasets/20250711_ilc_nnqq_sgv_10m_3cat_parquet,val50k_tail,150000,proxy
23,23,2880000,,lr_6e-6,1.134e-05,validation_total_reference_mistag_geomean_percent,0.42888680251188027,min,1.0225620145616754,1.0225620145616754,0.5802421420122752,0.3170122885782626,0.42888680251188027,,0.18664203927388684,0.08019889168499418,3.267239241170525,0.20651215354400454,0.5200803007285616,0.07017403194186246,2.698795299798597,1.1508541583509715,0.018361754621425683,0.02036112679230423,93,49828,0.011713940357097292,0.013715656623382137,40,49876,0.07870856272029006,0.0805842881290604,1628,49828,0.019353196441658678,0.021349847717792685,103,49876,0.03125350735000056,0.03324061281690764,259,49800,0.010898418151792386,0.012900536401422542,35,49876,0.07167118954433081,0.07357079817946997,1344,49800,0.04678868271010047,0.04874746715510681,574,49876,0.88881,0.9715377153393038,0.29401,0.4094105764994782,0.29932,False,/data/suehara/part/march/datasets/20250711_ilc_nnqq_sgv_10m_3cat_parquet,val50k_tail,150000,proxy
23,23,2880000,,lr_9e-6,1.26e-05,validation_total_reference_mistag_geomean_percent,0.4293835461541992,min,1.0278570348793792,1.0278570348793792,0.5828571715251262,0.3163214569798038,0.4293835461541992,,0.1927594723209445,0.07618283806738871,3.2387607549333084,0.21050521766167557,0.5238754794924285,0.068163591955032,2.727765290481135,1.1848436341231205,0.018679625165630313,0.020679755296851916,96,49803,0.011393274788333324,0.013394991560699046,38,49880,0.0783912765474952,0.080269087136315,1613,49803,0.01954746153598804,0.021543792595409093,105,49880,0.03136388755480461,0.033350003107203166,261,49821,0.010727634227966144,0.012729672535433036,34,49880,0.0720345755425119,0.07393222054270683,1359,49821,0.04747912469049171,0.049436389235120275,591,49880,0.88844,0.9715541205102385,0.29419,0.4094105764994782,0.30023,False,/data/suehara/part/march/datasets/20250711_ilc_nnqq_sgv_10m_3cat_parquet,val50k_tail,150000,proxy
24,24,3000000,,lr_14e-6,1.4e-05,validation_total_reference_mistag_geomean_percent,0.4279092508007889,min,1.020229127952536,1.020229127952536,0.5699390536451259,0.3212735217034348,0.4279092508007889,,0.18284473553580294,0.08205579413371188,3.255038238417172,0.21814834740044436,0.524422839600518,0.06604491037781446,2.7085132850890425,1.1247648730657807,0.018174807871162036,0.02017670279811756,91,49769,0.011849455077623541,0.013847491549777456,41,49966,0.07861050490302265,0.08048894419268107,1620,49769,0.01989927977819727,0.021891868953418086,109,49966,0.031396578705733015,0.03338474736824092,261,49769,0.010537057630107503,0.012535734960724158,33,49966,0.07182042595019061,0.0737208272629658,1348,49769,0.0462092791780477,0.04816557974281679,562,49966,0.88939,0.9717433693521237,0.29307,0.4094105764994782,0.30128,False,/data/suehara/part/march/datasets/20250711_ilc_nnqq_sgv_10m_3cat_parquet,val50k_tail,150000,proxy
24,24,3000000,,lr_3e-6,1.008e-05,validation_total_reference_mistag_geomean_percent,0.40892399085135445,min,1.0027220397721923,1.0027220397721923,0.5624342340379163,0.29731268150815593,0.40892399085135445,,0.18055249902224607,0.07009954186286965,3.177723930263516,0.19427588123748424,0.5127895757616161,0.06409100923311102,2.690636995047534,1.1316068857491626,0.018041344056533046,0.020040198474338362,90,49847,0.010886852539666815,0.012886848552430736,35,49929,0.07762999980771047,0.07950860180438307,1584,49847,0.01873407753821884,0.02072909953414368,97,49929,0.031049684791786217,0.033039960503130225,255,49728,0.01037000448853903,0.012370241179537108,32,49929,0.07161535018127621,0.07351803726263206,1338,49728,0.04636783564803213,0.048325311839429556,565,49929,0.88939,0.9717998679339752,0.29267,0.40892399085135445,0.30132,False,/data/suehara/part/march/datasets/20250711_ilc_nnqq_sgv_10m_3cat_parquet,val50k_tail,150000,proxy
24,24,3000000,,lr_6e-6,1.134e-05,validation_total_reference_mistag_geomean_percent,0.42515653895472777,min,1.0097030192619962,1.0097030192619962,0.5793288165013497,0.3120129319780554,0.42515653895472777,,0.17068615333583917,0.08012981186024899,3.202875628692509,0.21635049308078533,0.5202265703561666,0.07011358109138054,2.653356428471151,1.1638854872078888,0.017523974848717913,0.019525152111434484,85,49799,0.011703853204623138,0.013703848003890243,40,49919,0.07796763588251016,0.0798470384704722,1595,49799,0.019822224659550493,0.021816761899623015,108,49919,0.03126227502083471,0.03324993338266729,259,49786,0.010889032851414866,0.012889428941799234,35,49919,0.07108311906501019,0.07298508719463248,1321,49786,0.04703548579936441,0.0489920608997451,581,49919,0.88913,0.9717945816481458,0.29293,0.40892399085135445,0.30156,False,/data/suehara/part/march/datasets/20250711_ilc_nnqq_sgv_10m_3cat_parquet,val50k_tail,150000,proxy
24,24,3000000,,lr_9e-6,1.26e-05,validation_total_reference_mistag_geomean_percent,0.4079150183373203,min,1.004476789343638,1.004476789343638,0.5630231767535818,0.2955378553767108,0.4079150183373203,,0.18055249902224607,0.06809669731018046,3.1937728836201633,0.19427588123748424,0.5148005148005148,0.06409100923311102,2.6866151338552204,1.1336096956701822,0.018041344056533046,0.020040198474338362,90,49847,0.010717108960828909,0.01271718519967089,34,49929,0.07782191955986069,0.07969987763460015,1592,49847,0.01873407753821884,0.02072909953414368,97,49929,0.031112110819279774,0.03310230565469578,256,49728,0.01037000448853903,0.012370241179537108,32,49929,0.07156252244255451,0.07346537127576602,1336,49728,0.04640925835576234,0.04836665432108155,566,49929,0.88947,0.9718139960413628,0.2926,0.4079150183373203,0.30129,False,/data/suehara/part/march/datasets/20250711_ilc_nnqq_sgv_10m_3cat_parquet,val50k_tail,150000,proxy
25,25,3120000,,lr_14e-6,1.4e-05,validation_total_reference_mistag_geomean_percent,0.41729480174881706,min,1.0127449484347848,1.0127449484347848,0.5577274523562086,0.31222230648845356,0.41729480174881706,,0.1821894672603837,0.07827553044045751,3.223352385341508,0.2067276839711096,0.5207914478822345,0.06021194427984324,2.6783558656518616,1.1520552626508802,0.018109725048751905,0.020104472111673842,91,49948,0.011567140929608762,0.013571023497401446,39,49824,0.07809611120209586,0.07996908754651227,1610,49948,0.01937337683787935,0.0213721032731453,103,49824,0.03129613930966468,0.033285933151092684,259,49732,0.010033035083302142,0.012037642732231388,30,49824,0.07145106677831012,0.07335409470793017,1332,49732,0.04683724756498926,0.04879802808744095,574,49824,0.88899,0.9717993391288413,0.29299,0.4079150183373203,0.30069,False,/data/suehara/part/march/datasets/20250711_ilc_nnqq_sgv_10m_3cat_parquet,val50k_tail,150000,proxy
25,25,3120000,,lr_3e-6,1.008e-05,validation_total_reference_mistag_geomean_percent,0.41171311662958926,min,1.0089830453373523,1.0089830453373523,0.5557603697782038,0.30500139920465713,0.41171311662958926,,0.18633539666272667,0.07426736450670904,3.211781301540606,0.19470091235155304,0.5082974896063727,0.060216781884921994,2.668059537917948,1.168205578227982,0.01833161111510662,0.020327710756318965,93,49910,0.011243790580268823,0.01324799493736704,37,49820,0.077987954952171,0.07986282096542827,1603,49910,0.018775031092513415,0.020774400799130222,97,49820,0.030895946032893397,0.03288456290864543,253,49774,0.010033840442209774,0.012038608841864164,30,49820,0.07128570834615752,0.07318754422241947,1328,49774,0.0471693517609199,0.049129641376144915,582,49820,0.88904,0.9717893661510235,0.29271,0.4079150183373203,0.29978,False,/data/suehara/part/march/datasets/20250711_ilc_nnqq_sgv_10m_3cat_parquet,val50k_tail,150000,proxy
25,25,3120000,,lr_6e-6,1.134e-05,validation_total_reference_mistag_geomean_percent,0.4174416224693871,min,1.0039054113857544,1.0039054113857544,0.5638009998539104,0.3090762666526436,0.4174416224693871,,0.18090816028966505,0.07823941451856878,3.181973413678939,0.2026200112984401,0.5289733070105832,0.06419644110979597,2.68694393132418,1.1073886118558645,0.018076856038861982,0.02007963360031093,90,49749,0.011561805351480669,0.013564764771613802,39,49847,0.07775642813369621,0.07963855985200774,1583,49749,0.019166582416661963,0.02116455144180831,101,49847,0.03149341276768572,0.03347586189265733,264,49908,0.010387059308332577,0.012390582160157745,32,49847,0.07143936262797926,0.07333533553960103,1341,49908,0.04590084400591717,0.04786251193204718,552,49847,0.88974,0.9719652411606288,0.29185,0.4079150183373203,0.30022,False,/data/suehara/part/march/datasets/20250711_ilc_nnqq_sgv_10m_3cat_parquet,val50k_tail,150000,proxy
25,25,3120000,,lr_9e-6,1.26e-05,validation_total_reference_mistag_geomean_percent,0.41728896360350926,min,1.012499033074026,1.012499033074026,0.558145697628648,0.3119796137193288,0.41728896360350926,,0.1821894672603837,0.07827553044045751,3.213341919602343,0.2067276839711096,0.5207914478822345,0.06021194427984324,2.6863990085049556,1.1520552626508802,0.018109725048751905,0.020104472111673842,91,49948,0.011567140929608762,0.013571023497401446,39,49824,0.07797719403651177,0.07985057120620254,1605,49948,0.01937337683787935,0.0213721032731453,103,49824,0.03129613930966468,0.033285933151092684,259,49732,0.010033035083302142,0.012037642732231388,30,49824,0.07155684284792727,0.07345954732587284,1336,49732,0.04683724756498926,0.04879802808744095,574,49824,0.889,0.9717931414292863,0.29301,0.4079150183373203,0.30071,False,/data/suehara/part/march/datasets/20250711_ilc_nnqq_sgv_10m_3cat_parquet,val50k_tail,150000,proxy
26,26,3240000,,lr_14e-6,1.4e-05,validation_total_reference_mistag_geomean_percent,0.41504105904935185,min,1.0150524982795042,1.0150524982795042,0.5611587769004227,0.3069703046404901,0.41504105904935185,,0.1889143352357751,0.07010234925876949,3.281884254062841,0.20429828172600875,0.48977299198192525,0.06609649830563176,2.6736785998517636,1.1456726758133196,0.018491092952267772,0.02049318646920209,94,49758,0.010887288532163412,0.012887364547648493,35,49927,0.07893590252300159,0.08081367802813127,1633,49758,0.01923491427272925,0.021229614710340048,102,49927,0.03029931261840351,0.03228687693080101,244,49819,0.01054528646293924,0.0125455229434355,33,49927,0.07132793528955919,0.07322782775375236,1332,49819,0.046658863068865276,0.04861585422885114,572,49927,0.88902,0.9718245855735385,0.29286,0.4079150183373203,0.3003,False,/data/suehara/part/march/datasets/20250711_ilc_nnqq_sgv_10m_3cat_parquet,val50k_tail,150000,proxy
26,26,3240000,,lr_3e-6,1.008e-05,validation_total_reference_mistag_geomean_percent,0.41153720445574715,min,1.0051042401793309,1.0051042401793309,0.5683133545756461,0.2980096619015983,0.41153720445574715,,0.17046024995773348,0.07414235567604895,3.210668850355218,0.19437319035641332,0.5006534713430586,0.0681308138239018,2.6822157911689386,1.1401891987533357,0.017500797383541142,0.019499335054793905,85,49865,0.011224870144328606,0.013225706038394599,37,49904,0.07800947610009171,0.07988607864267486,1601,49865,0.018743454757857644,0.020739472263256432,97,49904,0.03066818676857987,0.03265867038353262,249,49735,0.010722476413186363,0.012723553226685717,34,49904,0.07149972025315837,0.07340247818530266,1334,49735,0.046556485255269675,0.048514598103152964,569,49904,0.88945,0.9718736108859422,0.29233,0.4079150183373203,0.29919,False,/data/suehara/part/march/datasets/20250711_ilc_nnqq_sgv_10m_3cat_parquet,val50k_tail,150000,proxy
26,26,3240000,,lr_6e-6,1.134e-05,validation_total_reference_mistag_geomean_percent,0.41583650835401326,min,1.026170796404873,1.026170796404873,0.5709192484559745,0.3028799644568154,0.41583650835401326,,0.18274926775924347,0.06814446660193275,3.305552730636303,0.20443339980579825,0.5038642844748125,0.06614021467150145,2.6959750839509757,1.182506923338417,0.01816532547662612,0.020166178988072235,91,49795,0.010724624899812981,0.01272610222354209,34,49894,0.0791849399199629,0.08106036956224971,1646,49795,0.01924762506727599,0.021243639361341344,102,49894,0.030745066046116484,0.03273222421626655,251,49815,0.010552259366753509,0.012553817029154141,33,49894,0.07162359516211629,0.07352274502931168,1343,49815,0.04742534307308668,0.04938215209544742,590,49894,0.88861,0.9716565776454044,0.29355,0.4079150183373203,0.30037,False,/data/suehara/part/march/datasets/20250711_ilc_nnqq_sgv_10m_3cat_parquet,val50k_tail,150000,proxy
26,26,3240000,,lr_9e-6,1.26e-05,validation_total_reference_mistag_geomean_percent,0.4109679468055539,min,1.0038497302103355,1.0038497302103355,0.5669193434937555,0.29791654710655135,0.4109679468055539,,0.17046024995773348,0.07414235567604895,3.2066579645164137,0.19437319035641332,0.49663214506423686,0.0681308138239018,2.6822157911689386,1.1381853311189987,0.017500797383541142,0.019499335054793905,85,49865,0.011224870144328606,0.013225706038394599,37,49904,0.07796171112211189,0.07983847452898082,1599,49865,0.018743454757857644,0.020739472263256432,97,49904,0.030541452498588067,0.032532097819868655,247,49735,0.010722476413186363,0.012723553226685717,34,49904,0.07149972025315837,0.07340247818530266,1334,49735,0.04651515530225865,0.04847334845661973,568,49904,0.88945,0.9718880310965391,0.29226,0.4079150183373203,0.29916,False,/data/suehara/part/march/datasets/20250711_ilc_nnqq_sgv_10m_3cat_parquet,val50k_tail,150000,proxy
27,27,3360000,,lr_14e-6,1.4e-05,validation_total_reference_mistag_geomean_percent,0.4114215771907836,min,1.0092727697906203,1.0092727697906203,0.5509028232851829,0.3072551219991262,0.4114215771907836,,0.18273092391873516,0.07209950012656138,3.2168675460211875,0.21029020407545085,0.5243806685517465,0.058080149045913736,2.682177095678511,1.1275560709068562,0.01816350307346122,0.020164156436899904,91,49800,0.01105375788058873,0.013053593677380109,36,49931,0.07813356649543288,0.08001236943232723,1602,49800,0.0195275137250845,0.02152181436593701,105,49931,0.03139406158253512,0.03338207216282488,261,49773,0.009828066834978107,0.011828464169328517,29,49931,0.07147227188691978,0.07337357871040305,1335,49773,0.04628303240261471,0.048240592443177244,563,49931,0.88911,0.9718518421476129,0.29267,0.4079150183373203,0.29916,False,/data/suehara/part/march/datasets/20250711_ilc_nnqq_sgv_10m_3cat_parquet,val50k_tail,150000,proxy
27,27,3360000,,lr_3e-6,1.008e-05,validation_total_reference_mistag_geomean_percent,0.41901022432064533,min,1.0157687608902553,1.0157687608902553,0.5718460031019577,0.30702246257360694,0.41901022432064533,,0.18277497571404283,0.07210816294860418,3.205591785475396,0.21031547063863043,0.5161575279129179,0.06609914888470193,2.7213754373609436,1.1517275781868042,0.01816787745551067,0.02016901124145315,91,49788,0.011055085952092997,0.013055161737766052,36,49925,0.078008541934773,0.07988825063714386,1596,49788,0.01952985841299957,0.021524397712234043,105,49925,0.031135061845947304,0.03312268405278734,257,49791,0.010545708800831298,0.01254602530330603,33,49925,0.07197271208639298,0.07387175709968989,1355,49791,0.0467841010022705,0.048740928002575026,575,49925,0.88908,0.9717200219738783,0.29314,0.4079150183373203,0.29991,False,/data/suehara/part/march/datasets/20250711_ilc_nnqq_sgv_10m_3cat_parquet,val50k_tail,150000,proxy
27,27,3360000,,lr_6e-6,1.134e-05,validation_total_reference_mistag_geomean_percent,0.41845072602505756,min,1.0140099849609354,1.0140099849609354,0.5682289565114662,0.30815221242137536,0.41845072602505756,,0.18277497571404283,0.07411116584408882,3.195549167967955,0.20831247379644843,0.5181659316969128,0.06409614421632448,2.7113334470364596,1.1577365734152514,0.01816787745551067,0.02016901124145315,91,49788,0.011220149980619137,0.013220145527358292,37,49925,0.07788868555498457,0.07976879766294909,1591,49788,0.019432274537890426,0.0214268940760588,104,49925,0.031197163460722297,0.03318470499616552,258,49791,0.010370835131506882,0.012371231872915516,32,49925,0.07184162483665803,0.07374107320693817,1350,49791,0.04690714757622141,0.048863733859724236,578,49925,0.88914,0.9717337964646203,0.29305,0.4079150183373203,0.30002,False,/data/suehara/part/march/datasets/20250711_ilc_nnqq_sgv_10m_3cat_parquet,val50k_tail,150000,proxy
27,27,3360000,,lr_9e-6,1.26e-05,validation_total_reference_mistag_geomean_percent,0.41065416122088727,min,1.0132474427862508,1.0132474427862508,0.5754735323508164,0.29304013242650256,0.41065416122088727,,0.18270524872792698,0.06610444534642296,3.2425160669946487,0.18829751190765698,0.5102860766400851,0.07011077279582198,2.7181774905281557,1.1277819293492874,0.018160952323249803,0.02016132554673862,91,49807,0.010546553578111122,0.012547030143752611,33,49921,0.07843267113604238,0.08031018012607596,1615,49807,0.018430765322725126,0.020426346529004314,94,49921,0.030957322732527975,0.032945779807818085,254,49776,0.010888596719203834,0.012888912781259663,35,49921,0.07194169121056658,0.07384143697929911,1353,49776,0.04629225402641105,0.04825019714185547,563,49921,0.88904,0.9717886168268229,0.2927,0.4079150183373203,0.29918,False,/data/suehara/part/march/datasets/20250711_ilc_nnqq_sgv_10m_3cat_parquet,val50k_tail,150000,proxy
28,28,3480000,,lr_14e-6,1.4e-05,validation_total_reference_mistag_geomean_percent,0.41769645605664,min,1.0063350220776563,1.0063350220776563,0.5551202053878128,0.31429288235039077,0.41769645605664,,0.1929454326198372,0.08008809690659725,3.1856095377740643,0.1982180339091484,0.5160228008756388,0.060066071211876244,2.6704681937564523,1.1472620095676358,0.018697630979203832,0.020699683176622477,96,49755,0.011697762419669041,0.013696717767568525,40,49945,0.07779533077883032,0.07967708938135254,1585,49755,0.018929559793519152,0.020923784834970184,99,49945,0.031126954059005566,0.033114062870995886,257,49804,0.01000873393479587,0.012008491029551021,30,49945,0.07129625538691495,0.0731968489724795,1330,49804,0.046683286053906745,0.04863950829439925,573,49945,0.88935,0.9716997934647734,0.29297,0.4079150183373203,0.30089,False,/data/suehara/part/march/datasets/20250711_ilc_nnqq_sgv_10m_3cat_parquet,val50k_tail,150000,proxy
28,28,3480000,,lr_3e-6,1.008e-05,validation_total_reference_mistag_geomean_percent,0.41857386335054075,min,1.0070856026504262,1.0070856026504262,0.5561436548196454,0.31503385422425606,0.41857386335054075,,0.1929454326198372,0.08008809690659725,3.1835997202400086,0.20022023737292083,0.5180306866151482,0.060066071211876244,2.6704681937564523,1.15126638248057,0.018697630979203832,0.020699683176622477,96,49755,0.011697762419669041,0.013696717767568525,40,49945,0.07777126947098971,0.07965310886168808,1584,49755,0.019029533657616997,0.02102367852438243,100,49945,0.03118903958082434,0.03317606776352616,258,49804,0.01000873393479587,0.012008491029551021,30,49945,0.07129625538691495,0.0731968489724795,1330,49804,0.046765469224889326,0.048721531116010554,575,49945,0.88931,0.9716830259194831,0.29305,0.4079150183373203,0.30093,False,/data/suehara/part/march/datasets/20250711_ilc_nnqq_sgv_10m_3cat_parquet,val50k_tail,150000,proxy
28,28,3480000,,lr_6e-6,1.134e-05,validation_total_reference_mistag_geomean_percent,0.4171663320008629,min,1.012039159193538,1.012039159193538,0.5630639171095893,0.3090728126362662,0.4171663320008629,,0.18422105717295562,0.07424649819273402,3.227873507312905,0.20668619235566374,0.5127689531293217,0.06421318778344103,2.692539742960565,1.133764134640719,0.01821689905749989,0.020211884297471894,92,49940,0.011240632746087224,0.013244274905277595,37,49834,0.07815593792731557,0.08002903324186017,1612,49940,0.019369492724606065,0.021367819755882186,103,49834,0.031048438989590872,0.03303863548866203,255,49730,0.010389768274317302,0.01239381309471329,32,49834,0.07163890503385506,0.073541439078436,1339,49730,0.04645575222706807,0.04841687336294472,565,49834,0.88923,0.9717714857632102,0.29304,0.4079150183373203,0.30015,False,/data/suehara/part/march/datasets/20250711_ilc_nnqq_sgv_10m_3cat_parquet,val50k_tail,150000,proxy
28,28,3480000,,lr_9e-6,1.26e-05,validation_total_reference_mistag_geomean_percent,0.4186274398521848,min,1.0078397809815651,1.0078397809815651,0.5561105790968601,0.31513324864598696,0.4186274398521848,,0.1929454326198372,0.08008809690659725,3.187619375065169,0.20022023737292083,0.5180306866151482,0.060066071211876244,2.674484113210958,1.149264234850014,0.018697630979203832,0.020699683176622477,96,49755,0.011697762419669041,0.013696717767568525,40,49945,0.07781938372980537,0.0797010615441511,1586,49755,0.019029533657616997,0.02102367852438243,100,49945,0.03118903958082434,0.03317606776352616,258,49804,0.01000873393479587,0.012008491029551021,30,49945,0.07134913457882523,0.07324956690581315,1332,49804,0.04672439614459602,0.048680538210402885,574,49945,0.88935,0.97169257276181,0.293,0.4079150183373203,0.3009,False,/data/suehara/part/march/datasets/20250711_ilc_nnqq_sgv_10m_3cat_parquet,val50k_tail,150000,proxy
29,29,3600000,,lr_14e-6,1.4e-05,validation_total_reference_mistag_geomean_percent,0.4045303116732797,min,1.0151393742553108,1.0151393742553108,0.556990301768199,0.29380183558489387,0.4045303116732797,,0.17669264032662255,0.06814036849366366,3.2166092003386626,0.19239632892209793,0.5180410875764204,0.05811972748999258,2.7126880440828365,1.1784275968121893,0.017844864009164928,0.01984559917089048,88,49804,0.010723980263426067,0.012725337417253435,34,49897,0.07812739166644239,0.08000605408556988,1602,49804,0.018644464046760106,0.02064084080188242,96,49897,0.03118966434444842,0.033176732006408825,258,49803,0.009834762247870317,0.011836521046754546,29,49897,0.07185077860416764,0.07374971491487872,1351,49803,0.04734133714723605,0.049298192028762906,588,49897,0.88931,0.9718231832936958,0.29265,0.4045303116732797,0.29846,False,/data/suehara/part/march/datasets/20250711_ilc_nnqq_sgv_10m_3cat_parquet,val50k_tail,150000,proxy
29,29,3600000,,lr_3e-6,1.008e-05,validation_total_reference_mistag_geomean_percent,0.4027210620178287,min,1.015465332219599,1.015465332219599,0.5456757466114442,0.2972172664808819,0.4027210620178287,,0.17263530254958445,0.07404590647347603,3.280070640437346,0.18611538767810262,0.516905024853812,0.05603474044464716,2.7072145744112746,1.1307010809085498,0.01762614681903821,0.019626562930088867,86,49816,0.011210272974887015,0.01320851008081203,37,49969,0.07886913263069062,0.08074479472756496,1634,49816,0.01830998364571574,0.0203037352810352,93,49969,0.031180043099215092,0.03317051353340112,257,49719,0.009634094623518157,0.011633052608647635,28,49969,0.07183906228533689,0.0737414269456043,1346,49719,0.046330917608927887,0.04828686313485767,565,49969,0.88889,0.9717524555913383,0.29292,0.4027210620178287,0.2994,False,/data/suehara/part/march/datasets/20250711_ilc_nnqq_sgv_10m_3cat_parquet,val50k_tail,150000,proxy
29,29,3600000,,lr_6e-6,1.134e-05,validation_total_reference_mistag_geomean_percent,0.41066582825577475,min,1.0057939468330979,1.0057939468330979,0.5659170572558514,0.29800554751746305,0.41066582825577475,,0.18029928757351207,0.07015012143112756,3.207324147072667,0.1944160446397465,0.5131404144820916,0.06614154435823204,2.6924780722093646,1.122401942898041,0.018016063659515413,0.020012125228615413,90,49917,0.0108947057511455,0.012896142792823476,35,49893,0.07792950837594154,0.07980429005156608,1601,49917,0.01874758370908234,0.020744039553458462,97,49893,0.03107087873548183,0.03306250202074722,255,49694,0.010552470810824735,0.012554068536286633,33,49893,0.0716636977972928,0.07356761255873125,1338,49694,0.046193280790820905,0.048152538339217045,560,49893,0.88924,0.971814041484992,0.2926,0.4027210620178287,0.29972,False,/data/suehara/part/march/datasets/20250711_ilc_nnqq_sgv_10m_3cat_parquet,val50k_tail,150000,proxy
29,29,3600000,,lr_9e-6,1.26e-05,validation_total_reference_mistag_geomean_percent,0.41377225360044767,min,1.0128121121146076,1.0128121121146076,0.5692793218550791,0.3007442414941207,0.41377225360044767,,0.17683110966917776,0.07217610970768676,3.1970260087036957,0.200489194123136,0.5234552037091069,0.06415654196238822,2.7175547480857722,1.150807980955898,0.017858838188902163,0.01986113569699211,88,49765,0.011065500230168585,0.013067457923397904,36,49878,0.07792411098764516,0.07980503266018027,1591,49765,0.019055073529773116,0.021051886248807904,100,49878,0.03133878680352904,0.033323325923280495,261,49861,0.010380605163535627,0.01238288441765211,32,49878,0.07187302448292236,0.07376955671980177,1355,49861,0.046786816842158026,0.04874552459606472,574,49878,0.88916,0.9717207211658611,0.293,0.4027210620178287,0.29828,False,/data/suehara/part/march/datasets/20250711_ilc_nnqq_sgv_10m_3cat_parquet,val50k_tail,150000,proxy
30,30,3720000,,lr_14e-6,1.2095999999999999e-05,validation_total_reference_mistag_geomean_percent,0.42600054260904585,min,1.0116277281468493,1.0116277281468493,0.579250139184532,0.313295500556433,0.42600054260904585,,0.1866008643501463,0.07824569185448212,3.2243824240752184,0.20464257869633784,0.5098149252644584,0.07222678929703373,2.673517719000176,1.1435908326369404,0.01835770522442442,0.020356637774394212,93,49839,0.011562732924497512,0.013565852830946787,39,49843,0.0781926903654688,0.0800697215648398,1607,49839,0.019267302099012302,0.0212653503063113,102,49843,0.030928806869099344,0.03291544697743513,254,49822,0.011073268298824235,0.013076629714756864,36,49843,0.07132369694289702,0.07322348147120357,1332,49822,0.046654496306900925,0.04861486903479789,570,49843,0.88919,0.971765756730619,0.29292,0.4027210620178287,0.29917,False,/data/suehara/part/march/datasets/20250711_ilc_nnqq_sgv_10m_3cat_parquet,val50k_tail,150000,proxy
30,30,3720000,,lr_3e-6,8.064000000000001e-06,validation_total_reference_mistag_geomean_percent,0.40795512317799165,min,0.9935809041764248,0.9935809041764248,0.5692969956716487,0.29233841701697655,0.40795512317799165,,0.17468826344150165,0.0700532402915932,3.0741118908525165,0.1941475602036369,0.5046341937252908,0.06605019815059446,2.696073515888891,1.168888370857374,0.017738291993931093,0.019739147817889414,87,49803,0.010879663701649455,0.012878340592930497,35,49962,0.07641126671559355,0.0782956891715706,1531,49803,0.01872171396561076,0.02071542340851293,97,49962,0.030791935443769645,0.032782098926259495,251,49739,0.010537901021874758,0.01253673815342607,33,49962,0.07167886688830456,0.07358091459623885,1341,49739,0.04711752862833051,0.04907221956541776,584,49962,0.88952,0.9719526503250644,0.29199,0.4027210620178287,0.29926,False,/data/suehara/part/march/datasets/20250711_ilc_nnqq_sgv_10m_3cat_parquet,val50k_tail,150000,proxy
30,30,3720000,,lr_6e-6,9.072e-06,validation_total_reference_mistag_geomean_percent,0.40558246551953275,min,0.9969326493377818,0.9969326493377818,0.5561100119385425,0.2957996310181197,0.40558246551953275,,0.1544478996631633,0.07829753330273562,3.185237172246599,0.19875526844304592,0.49559581717009316,0.06424412768520378,2.6766187634708274,1.1222646127205858,0.016615802287858816,0.01861538316482827,77,49855,0.01157039108457301,0.013574835985072224,39,49810,0.07771375150724541,0.07959175065728463,1588,49855,0.018980820676411395,0.02098042898501687,99,49810,0.030477865266494413,0.03246439833958685,247,49839,0.010394773156357184,0.012399782325910687,32,49810,0.07135248976509537,0.073251501855294,1334,49839,0.04622809395760045,0.04819062172835408,559,49810,0.88955,0.9719704827147084,0.29187,0.4027210620178287,0.29959,False,/data/suehara/part/march/datasets/20250711_ilc_nnqq_sgv_10m_3cat_parquet,val50k_tail,150000,proxy
30,30,3720000,,lr_9e-6,1.008e-05,validation_total_reference_mistag_geomean_percent,0.40741032434088553,min,0.9911496851383151,0.9911496851383151,0.5546621373338455,0.29925095153852543,0.40741032434088553,,0.17676717818453075,0.07612332312873177,3.1315910584846827,0.19030830782182942,0.5019878907370534,0.062100604495410605,2.6404563022431247,1.149862816011159,0.017852385848889204,0.019853961970955944,88,49783,0.011384376264353391,0.013384531580067397,38,49919,0.07712427179413714,0.07900714214985824,1559,49783,0.018534148701062052,0.020529729298039395,95,49919,0.030690111530749103,0.03267786375965205,250,49802,0.010194448729983197,0.012195165853261367,31,49919,0.0709010912554018,0.0728029663951902,1315,49802,0.046748599316423674,0.04870573622436838,574,49919,0.88984,0.9720142574692314,0.29159,0.4027210620178287,0.2987,False,/data/suehara/part/march/datasets/20250711_ilc_nnqq_sgv_10m_3cat_parquet,val50k_tail,150000,proxy
31,31,3840000,,lr_14e-6,1.2095999999999999e-05,validation_total_reference_mistag_geomean_percent,0.411869638110454,min,0.994738309808679,0.994738309808679,0.5633603584802828,0.30111561142648896,0.411869638110454,,0.18032820084757775,0.07425543561663057,3.1216813142346926,0.19667656931912741,0.5164064396677304,0.06422091996467849,2.664416234538231,1.139921364280765,0.018018949261388292,0.02001532961813765,90,49909,0.011241985886371908,0.013245868948897363,37,49828,0.07690837678351256,0.07878689085042308,1558,49909,0.01887325291175237,0.02087222232444808,98,49828,0.03115004116994325,0.033138611879874116,257,49767,0.01039101904294409,0.01239530486365232,32,49828,0.07124259991169897,0.07314484970355715,1326,49767,0.04658571836038249,0.048546828503898305,568,49828,0.88933,0.9718477828639455,0.29224,0.4027210620178287,0.29985,False,/data/suehara/part/march/datasets/20250711_ilc_nnqq_sgv_10m_3cat_parquet,val50k_tail,150000,proxy
31,31,3840000,,lr_3e-6,8.064000000000001e-06,validation_total_reference_mistag_geomean_percent,0.4146543268416549,min,1.0094697914182904,1.0094697914182904,0.5677714695951255,0.30282995884085917,0.4146543268416549,,0.17675297110913138,0.07403701941347895,3.2116817474594943,0.2001000500250125,0.5146556230147561,0.06603301731472447,2.6999316015405053,1.1325663014692202,0.01785095262866953,0.019852368513314806,88,49787,0.011208927457618069,0.013206925015705574,37,49975,0.07808189971321364,0.0799614015303464,1599,49787,0.019018120071286254,0.021011072686540545,100,49975,0.031103374858759258,0.033093015386149394,256,49742,0.01053516049213699,0.01253347836405518,33,49975,0.0717273080506859,0.07362908592305796,1343,49742,0.046366770180501955,0.048322406234482286,566,49975,0.88945,0.9718055742306159,0.29247,0.4027210620178287,0.29903,False,/data/suehara/part/march/datasets/20250711_ilc_nnqq_sgv_10m_3cat_parquet,val50k_tail,150000,proxy
31,31,3840000,,lr_6e-6,9.072e-06,validation_total_reference_mistag_geomean_percent,0.41026478122354126,min,0.9864092316641266,0.9864092316641266,0.5613036945134536,0.29986831078726467,0.41026478122354126,,0.17684532930912344,0.07403109143174161,3.0867546874058,0.20008403187398224,0.5124186219945467,0.06602773229236486,2.6806526687344077,1.0944596902710473,0.017860272675685494,0.019862730562400965,88,49761,0.011208030625531308,0.013205868516965496,37,49979,0.07659725087022298,0.07848275568564898,1536,49761,0.019016599294148638,0.02100939305023923,100,49979,0.031027275637162365,0.03301612649154323,255,49764,0.010534317538966963,0.012532475692962652,33,49979,0.071458604558685,0.07336031649757199,1334,49764,0.04557024970615123,0.04752725412099437,547,49979,0.8898,0.9719936404526054,0.29165,0.4027210620178287,0.29808,False,/data/suehara/part/march/datasets/20250711_ilc_nnqq_sgv_10m_3cat_parquet,val50k_tail,150000,proxy
31,31,3840000,,lr_9e-6,1.008e-05,validation_total_reference_mistag_geomean_percent,0.410193640769039,min,1.000824387999809,1.000824387999809,0.563515648774175,0.2985876670743317,0.410193640769039,,0.17684175986909564,0.07199856213809011,3.1851613163480095,0.1959960767289231,0.514665969723166,0.06599868244329507,2.693954797661534,1.1019779390863602,0.01785991403238578,0.019862331822036304,88,49762,0.011038287257112605,0.013035327433104392,36,50001,0.07778456072164604,0.0796660726333831,1585,49762,0.018808007801758023,0.020800088275335853,98,50001,0.03110399869324064,0.033093678803822364,256,49741,0.010529683706718298,0.01252696386831077,33,50001,0.07164965328278032,0.0735517097065163,1340,49741,0.04571830935077778,0.04767415199865427,551,50001,0.88964,0.9718480498744345,0.29212,0.4027210620178287,0.29901,False,/data/suehara/part/march/datasets/20250711_ilc_nnqq_sgv_10m_3cat_parquet,val50k_tail,150000,proxy
32,32,3960000,,lr_14e-6,1.2095999999999999e-05,validation_total_reference_mistag_geomean_percent,0.4120730467369621,min,0.9957899780495996,0.9957899780495996,0.5560185131797026,0.30539306124183424,0.4120730467369621,,0.17849263924855296,0.07625010331740073,3.1226183757343353,0.20467132569592655,0.5019475589797573,0.06220402875873273,2.676384296130553,1.1437514965315372,0.0179303197058539,0.019928655440178522,89,49862,0.011403330863912091,0.01340681220908422,38,49836,0.07695550483618543,0.07883575197627536,1557,49862,0.019270006008496595,0.021268333703906198,102,49836,0.030687652410597063,0.032675246621992254,250,49806,0.010211423182898412,0.012215468208513314,31,49836,0.07137272972514187,0.07327300942994823,1333,49806,0.046661013833681,0.04862165546520268,570,49836,0.88936,0.971802675423663,0.29253,0.4027210620178287,0.29922,False,/data/suehara/part/march/datasets/20250711_ilc_nnqq_sgv_10m_3cat_parquet,val50k_tail,150000,proxy
32,32,3960000,,lr_3e-6,8.064000000000001e-06,validation_total_reference_mistag_geomean_percent,0.41260767419914884,min,1.0054301941546528,1.0054301941546528,0.5589845103448086,0.3045613781015427,0.41260767419914884,,0.17641988449364618,0.07620728120012328,3.1595196190892865,0.20255093768511254,0.5144797926003336,0.06016364629298814,2.6748929202030007,1.1792074716727325,0.01781733807528795,0.019814995752232976,88,49881,0.011396929490333798,0.013399287565785047,38,49864,0.07738559183075831,0.0792636432458263,1576,49881,0.01916005371032322,0.02115734435752859,101,49864,0.031092773499871197,0.0330817413538664,256,49759,0.010024988599092543,0.012027990157495656,30,49864,0.07138635096553339,0.07328848549189304,1331,49759,0.04737249195001514,0.049330610572526426,588,49864,0.88923,0.971813543649671,0.29273,0.4027210620178287,0.29999,False,/data/suehara/part/march/datasets/20250711_ilc_nnqq_sgv_10m_3cat_parquet,val50k_tail,150000,proxy
32,32,3960000,,lr_6e-6,9.072e-06,validation_total_reference_mistag_geomean_percent,0.4030273069720379,min,0.9839081898236601,0.9839081898236601,0.5647299000148,0.2876260140659746,0.4030273069720379,,0.17075816458318915,0.07009954186286965,3.069629191079452,0.186264494217547,0.5000301379248779,0.06609385327164574,2.644737759396298,1.163652376253402,0.0175313623764768,0.01953338097201874,85,49778,0.010886852539666815,0.012886848552430736,35,49929,0.0763754898763739,0.07826103883663976,1528,49778,0.018324640761539127,0.020319983661776123,93,49929,0.030630090399681124,0.03261812083775904,249,49797,0.010544864158873674,0.012545020623793693,33,49929,0.07096132955967081,0.07286322370663283,1317,49797,0.04702611743010194,0.048982310004250414,581,49929,0.88968,0.9719367180825594,0.29172,0.4027210620178287,0.29917,False,/data/suehara/part/march/datasets/20250711_ilc_nnqq_sgv_10m_3cat_parquet,val50k_tail,150000,proxy
32,32,3960000,,lr_9e-6,1.008e-05,validation_total_reference_mistag_geomean_percent,0.4131047675641227,min,0.9913714720723675,0.9913714720723675,0.5687270887612774,0.3000658001993647,0.4131047675641227,,0.1763668430335097,0.07429420505200594,3.112473831587506,0.19878719669225092,0.5019475589797573,0.06827035326574302,2.6442596967570435,1.1545720912111248,0.01781198575993722,0.0198090450283087,88,49896,0.011247853260809267,0.013252780907535285,37,49802,0.07680689522797206,0.07868626777759145,1553,49896,0.018983867073198116,0.020983795302529716,99,49802,0.030687652410597063,0.032675246621992254,250,49806,0.010744431449226714,0.012749601003246016,34,49802,0.07094867386869194,0.07285024353850811,1317,49806,0.04689901362996719,0.04886055923543145,575,49802,0.88938,0.9718168762505491,0.29246,0.4027210620178287,0.29917,False,/data/suehara/part/march/datasets/20250711_ilc_nnqq_sgv_10m_3cat_parquet,val50k_tail,150000,proxy
33,33,4080000,,lr_14e-6,1.2095999999999999e-05,validation_total_reference_mistag_geomean_percent,0.4098770630210335,min,1.011992119852063,1.011992119852063,0.5677812006629724,0.29588723014179263,0.4098770630210335,,0.1830065301072773,0.06619460989056719,3.2518852744838824,0.19457205252257845,0.5127588831470576,0.06619460989056719,2.6779635079662936,1.1433614908082799,0.01819087757290723,0.020194537367141677,91,49725,0.010560935527719893,0.012564137091800629,33,49853,0.07860755118634169,0.08048777942229399,1617,49725,0.018762613424125416,0.020760664852624566,97,49853,0.030989013648783162,0.03297139757398801,256,49926,0.010560935527719893,0.012564137091800629,33,49853,0.07130877900326758,0.07320442811553814,1337,49926,0.04664518871195875,0.048605177419675134,570,49853,0.88891,0.9717326460041681,0.29283,0.4027210620178287,0.3,False,/data/suehara/part/march/datasets/20250711_ilc_nnqq_sgv_10m_3cat_parquet,val50k_tail,150000,proxy
33,33,4080000,,lr_3e-6,8.064000000000001e-06,validation_total_reference_mistag_geomean_percent,0.40892466009135264,min,1.0129929695930022,1.0129929695930022,0.5652330405978137,0.29584147709052927,0.40892466009135264,,0.1830065301072773,0.06619460989056719,3.2498743844902007,0.19457205252257845,0.5167648138168983,0.06418871482157543,2.681969366635599,1.1473732844593212,0.01819087757290723,0.020194537367141677,91,49725,0.010560935527719893,0.012564137091800629,33,49853,0.07858373994085038,0.08046404906248972,1616,49725,0.018762613424125416,0.020760664852624566,97,49853,0.03111300575490781,0.033095229208673395,258,49926,0.010385809492734504,0.012389091527683705,32,49853,0.0713613845621474,0.07325687320297904,1339,49926,0.04672774434677212,0.04868757211275183,572,49853,0.88893,0.97171338532636,0.29294,0.4027210620178287,0.30003,False,/data/suehara/part/march/datasets/20250711_ilc_nnqq_sgv_10m_3cat_parquet,val50k_tail,150000,proxy
33,33,4080000,,lr_6e-6,9.072e-06,validation_total_reference_mistag_geomean_percent,0.4091207759680861,min,1.0145002406458123,1.0145002406458123,0.565338539956808,0.2960700491806498,0.4091207759680861,,0.1830065301072773,0.06619460989056719,3.2599296602625376,0.19457205252257845,0.5167648138168983,0.06418871482157543,2.683972259285743,1.1473732844593212,0.01819087757290723,0.020194537367141677,91,49725,0.010560935527719893,0.012564137091800629,33,49853,0.07870271500802772,0.08058261970123187,1621,49725,0.018762613424125416,0.020760664852624566,97,49853,0.03111300575490781,0.033095229208673395,258,49926,0.010385809492734504,0.012389091527683705,32,49853,0.07138767137263025,0.07328307977774243,1340,49926,0.04672774434677212,0.04868757211275183,572,49853,0.88894,0.9717190630343095,0.29292,0.4027210620178287,0.30002,False,/data/suehara/part/march/datasets/20250711_ilc_nnqq_sgv_10m_3cat_parquet,val50k_tail,150000,proxy
33,33,4080000,,lr_9e-6,1.008e-05,validation_total_reference_mistag_geomean_percent,0.4120573554025112,min,1.0100815688134441,1.0100815688134441,0.5704425652167388,0.29764830763777156,0.4120573554025112,,0.18278231634638856,0.06800135936311148,3.221789356274457,0.19600391983913418,0.5088597786006511,0.06800135936311148,2.7031918192314714,1.1320226414892274,0.018168606724040498,0.02016982060283293,91,49786,0.010702108642155189,0.012699388587754098,34,49999,0.07820297367712586,0.08008210721567877,1604,49786,0.01880875950297889,0.020800919346175777,98,49999,0.030930044147640424,0.03292083820266734,253,49719,0.010702108642155189,0.012699388587754098,34,49999,0.07178639602140394,0.07368892249209197,1344,49719,0.0463446333041264,0.04829935239850855,566,49999,0.88922,0.9717644466767631,0.29288,0.4027210620178287,0.30116,False,/data/suehara/part/march/datasets/20250711_ilc_nnqq_sgv_10m_3cat_parquet,val50k_tail,150000,proxy
34,34,4200000,,lr_14e-6,1.2095999999999999e-05,validation_total_reference_mistag_geomean_percent,0.40287609238583494,min,1.0064165919852799,1.0064165919852799,0.5632800604744996,0.2881499935917361,0.40287609238583494,,0.17432075657591645,0.06826624000266665,3.205898940145787,0.1807047396612051,0.520174336505077,0.062242746254513114,2.6791989752685317,1.1605260014685428,0.017701000620819803,0.019697661714002154,87,49908,0.01074378442964671,0.01274883337000212,34,49805,0.07791947837709687,0.07979465524483934,1600,49908,0.018056546378265564,0.020057080259785143,90,49805,0.03125914314517347,0.03324660400922004,259,49791,0.010217777546832015,0.012223068365339332,31,49805,0.07142036690242284,0.07332110601505001,1334,49791,0.04701954220873439,0.048980730577541376,578,49805,0.8891,0.9718878409868026,0.29218,0.4027210620178287,0.29996,False,/data/suehara/part/march/datasets/20250711_ilc_nnqq_sgv_10m_3cat_parquet,val50k_tail,150000,proxy
34,34,4200000,,lr_3e-6,8.064000000000001e-06,validation_total_reference_mistag_geomean_percent,0.4154652387885363,min,1.0143969628555298,1.0143969628555298,0.5686383140214394,0.30355211807818405,0.4154652387885363,,0.17428932474694592,0.07622104400499903,3.2513972397901743,0.1965700541167533,0.5127483321557031,0.06619195699849856,2.6944421374964747,1.1433156135346894,0.017697811511902233,0.01969411387496684,87,49917,0.011398986290776044,0.013401705279823763,38,49855,0.07845224933717351,0.08032526519039032,1623,49917,0.018863040354018798,0.020860931478330687,98,49855,0.03104719328736079,0.033037310580463775,255,49732,0.010560511969362408,0.01256363328047145,33,49855,0.07166244739153435,0.07356482841780476,1340,49732,0.046643327638580534,0.048603239560303726,570,49855,0.88911,0.9716973057225563,0.29308,0.4027210620178287,0.30037,False,/data/suehara/part/march/datasets/20250711_ilc_nnqq_sgv_10m_3cat_parquet,val50k_tail,150000,proxy
34,34,4200000,,lr_6e-6,9.072e-06,validation_total_reference_mistag_geomean_percent,0.4107140499782824,min,1.0060317083575372,1.0060317083575372,0.5644732299762337,0.298837964125713,0.4107140499782824,,0.18291824490033334,0.07418695238786083,3.1859936067196775,0.18446484871664415,0.5132214670916782,0.06416168745238,2.7024318835499934,1.14087497604173,0.01818210875999906,0.02018480551378352,91,49749,0.01123162012867607,0.013233657744671386,37,49874,0.07780456462953209,0.07968653473251555,1585,49749,0.01824098708711828,0.020238602531672607,92,49874,0.03101690466793816,0.03300105841209065,256,49881,0.010381437505679056,0.012383877137259906,32,49874,0.07166131452417956,0.0735576927051805,1348,49881,0.04658433799185364,0.04854360114954718,569,49874,0.88943,0.9717034260389844,0.29285,0.4027210620178287,0.3009,False,/data/suehara/part/march/datasets/20250711_ilc_nnqq_sgv_10m_3cat_parquet,val50k_tail,150000,proxy
34,34,4200000,,lr_9e-6,1.008e-05,validation_total_reference_mistag_geomean_percent,0.41561735865097293,min,1.0107537494736796,1.0107537494736796,0.5645071000161827,0.3059975486704412,0.41561735865097293,,0.17272892407191148,0.07802340949917867,3.219586736350034,0.2020606137443149,0.5127689531293217,0.06401920576172852,2.684496404494819,1.1523457487381272,0.017635698250023493,0.01963719538133396,86,49789,0.011529894965428675,0.013527333311884793,39,49985,0.07817444884491778,0.08005355763560998,1603,49789,0.019113712863949563,0.021106188332353303,101,49985,0.031048438989590872,0.03303863548866203,255,49730,0.010358389442559606,0.012356388113957117,32,49985,0.07153325360613784,0.07343611112841063,1335,49730,0.046769254030571035,0.048723707449379976,576,49985,0.88937,0.9718300324986046,0.29257,0.4027210620178287,0.29829,False,/data/suehara/part/march/datasets/20250711_ilc_nnqq_sgv_10m_3cat_parquet,val50k_tail,150000,proxy
35,35,4320000,,lr_14e-6,1.2095999999999999e-05,validation_total_reference_mistag_geomean_percent,0.4090318778676031,min,1.026215041216403,1.026215041216403,0.5635679076115494,0.29687119307584414,0.4090318778676031,,0.1886262428102363,0.06619726834450991,3.2989524658079,0.1885619195842799,0.5279110322982214,0.060179336184897486,2.705795054892822,1.1734970098083586,0.01846291566597899,0.020461967487425226,94,49834,0.01056135912005468,0.01256464094353786,33,49851,0.07907692275213457,0.08095114959983801,1644,49834,0.01845662460069836,0.02045499730732982,94,49851,0.031488191941577995,0.0334742252198616,263,49819,0.010027602290405079,0.012031125545864578,30,49851,0.07174930686884365,0.07364791004115176,1348,49819,0.047262641467052564,0.04922149980689395,585,49851,0.88915,0.9718246758709267,0.29276,0.4027210620178287,0.30011,False,/data/suehara/part/march/datasets/20250711_ilc_nnqq_sgv_10m_3cat_parquet,val50k_tail,150000,proxy
35,35,4320000,,lr_3e-6,8.064000000000001e-06,validation_total_reference_mistag_geomean_percent,0.40361282734882853,min,1.0080791410982761,1.0080791410982761,0.5574146170582983,0.29224801326564015,0.40361282734882853,,0.1765260441638339,0.06621719482396872,3.23965412579365,0.1926318324103058,0.5038440635835586,0.06220402875873273,2.6697714057118835,1.1537844335402754,0.017828052361671516,0.01982690793225564,88,49851,0.010564537146004895,0.012568421120064718,33,49836,0.0783645606808693,0.08024052737550871,1615,49851,0.018667266272103487,0.02066607712217835,96,49836,0.030743834567632626,0.03273091377316902,251,49817,0.010211423182898412,0.012215468208513314,31,49836,0.071277895172989,0.07317802077565459,1330,49817,0.04686719275062059,0.0488274317532544,575,49836,0.88906,0.9717897743182377,0.29278,0.4027210620178287,0.29992,False,/data/suehara/part/march/datasets/20250711_ilc_nnqq_sgv_10m_3cat_parquet,val50k_tail,150000,proxy
35,35,4320000,,lr_6e-6,9.072e-06,validation_total_reference_mistag_geomean_percent,0.40786009927099576,min,1.0027274019917098,1.0027274019917098,0.5635168276310736,0.29519945531467495,0.40786009927099576,,0.18240859279853458,0.0681663258350375,3.1731077952327245,0.19246962588716468,0.5267602332675901,0.06215164880919505,2.6579274970946156,1.1588274970088173,0.018131488523196838,0.020128625824194904,91,49888,0.010728064269857542,0.012730182743530443,34,49878,0.07754319911041432,0.07942044227979353,1583,49888,0.018651560403641153,0.020648694683563125,96,49878,0.03147778335506951,0.03346709716421031,262,49738,0.010202826641768716,0.012205186286106978,31,49878,0.07117739643771742,0.07308101623142785,1322,49738,0.04695110473698239,0.04890949093000214,578,49878,0.88958,0.9719332722399848,0.29213,0.4027210620178287,0.2986,False,/data/suehara/part/march/datasets/20250711_ilc_nnqq_sgv_10m_3cat_parquet,val50k_tail,150000,proxy
35,35,4320000,,lr_9e-6,1.008e-05,validation_total_reference_mistag_geomean_percent,0.4090637333298876,min,1.025964202326312,1.025964202326312,0.5639131280462295,0.29673566654768047,0.4090637333298876,,0.1886262428102363,0.06619726834450991,3.292932487874659,0.1885619195842799,0.5279110322982214,0.060179336184897486,2.7078023782723815,1.17550295324131,0.01846291566597899,0.020461967487425226,94,49834,0.01056135912005468,0.01256464094353786,33,49851,0.0790062624759981,0.08088073092042472,1641,49834,0.01845662460069836,0.02045499730732982,94,49851,0.031488191941577995,0.0334742252198616,263,49819,0.010027602290405079,0.012031125545864578,30,49851,0.07177555232445454,0.07367407491601988,1349,49819,0.04730338901466069,0.04926216687717658,586,49851,0.88913,0.9718148171833695,0.29282,0.4027210620178287,0.30013,False,/data/suehara/part/march/datasets/20250711_ilc_nnqq_sgv_10m_3cat_parquet,val50k_tail,150000,proxy
36,36,4440000,,lr_14e-6,1.2095999999999999e-05,validation_total_reference_mistag_geomean_percent,0.40819458715419393,min,1.006385980567323,1.006385980567323,0.5769517712802817,0.28879852576280224,0.40819458715419393,,0.1806720993273096,0.06412183147981164,3.1878587411226773,0.18835788688294944,0.5202370183852378,0.06812944828037597,2.671487377379082,1.170223441681139,0.018053286581491128,0.020053460340390544,90,49814,0.010374990343194165,0.012376187721005266,32,49905,0.07777670044094992,0.07965614001397558,1588,49814,0.018436669624304503,0.02043288820002796,94,49905,0.03126290147127614,0.03325059933737577,259,49785,0.010722261611867932,0.012723298383160084,34,49905,0.07132310656187656,0.07322438453577253,1330,49785,0.04717104545676112,0.04912791543534075,584,49905,0.88917,0.9717053376483719,0.29291,0.4027210620178287,0.30048,False,/data/suehara/part/march/datasets/20250711_ilc_nnqq_sgv_10m_3cat_parquet,val50k_tail,150000,proxy
36,36,4440000,,lr_3e-6,8.064000000000001e-06,validation_total_reference_mistag_geomean_percent,0.41992340566599556,min,1.0207289181362003,1.0207289181362003,0.5759054432459751,0.30618857434694097,0.41992340566599556,,0.1806829781283608,0.0743001752475569,3.260323952904,0.20081127313109254,0.5150816773384576,0.06827583269720627,2.713698700189834,1.1526567554530949,0.01805437304963045,0.020054666834996633,90,49811,0.011248756477442784,0.013253844926098473,37,49798,0.078640205907958,0.08051684912546431,1624,49811,0.019085658841604472,0.02108566642097104,100,49798,0.031070317568375125,0.03305384002823125,257,49895,0.010745294263235006,0.012750624658047317,34,49798,0.07179856022308043,0.07369395469288137,1354,49895,0.046861567816599246,0.048823347903219176,574,49798,0.88886,0.9716767914344012,0.29339,0.4027210620178287,0.30071,False,/data/suehara/part/march/datasets/20250711_ilc_nnqq_sgv_10m_3cat_parquet,val50k_tail,150000,proxy
36,36,4440000,,lr_6e-6,9.072e-06,validation_total_reference_mistag_geomean_percent,0.4093246014039365,min,1.0001116194772084,1.0001116194772084,0.5563234024844985,0.301167681543219,0.4093246014039365,,0.17673522024213717,0.07423308936333708,3.1892673678227372,0.19661737471642649,0.5213659731216812,0.062195291849812644,2.677013734318968,1.103464904382567,0.01784916142697232,0.019850377050915066,88,49792,0.011238603646314512,0.013241884559086016,37,49843,0.07781051996010903,0.07969073334945231,1588,49792,0.018867577903760212,0.020865948123703626,98,49843,0.031272129412671365,0.03325643396535376,260,49869,0.010209989420192911,0.012213753351931122,31,49843,0.07133650101752674,0.07323435488654252,1335,49869,0.045820401337587184,0.04778238412870648,550,49843,0.88937,0.9718272807599163,0.29244,0.4027210620178287,0.30045,False,/data/suehara/part/march/datasets/20250711_ilc_nnqq_sgv_10m_3cat_parquet,val50k_tail,150000,proxy
36,36,4440000,,lr_9e-6,1.008e-05,validation_total_reference_mistag_geomean_percent,0.4075865527049388,min,1.0058839834653661,1.0058839834653661,0.5768432983345589,0.2879929409347931,0.4075865527049388,,0.178664625865325,0.06412183147981164,3.1878587411226773,0.18835788688294944,0.5202370183852378,0.06812944828037597,2.669478874025412,1.170223441681139,0.01794758391272331,0.019947838268542555,89,49814,0.010374990343194165,0.012376187721005266,32,49905,0.07777670044094992,0.07965614001397558,1588,49814,0.018436669624304503,0.02043288820002796,94,49905,0.03126290147127614,0.03325059933737577,259,49785,0.010722261611867932,0.012723298383160084,34,49905,0.07129664112849772,0.0731979997932359,1329,49785,0.04717104545676112,0.04912791543534075,584,49905,0.88922,0.9716953358099089,0.29298,0.4027210620178287,0.30049,False,/data/suehara/part/march/datasets/20250711_ilc_nnqq_sgv_10m_3cat_parquet,val50k_tail,150000,proxy
37,37,4560000,,lr_14e-6,1.2095999999999999e-05,validation_total_reference_mistag_geomean_percent,0.39646243464746606,min,0.9989883035131851,0.9989883035131851,0.5497829312641678,0.2858991306353797,0.39646243464746606,,0.1749447024610675,0.06810897169420402,3.217373897596187,0.17427884998935222,0.5175111296558215,0.06009615384615385,2.6858427489397263,1.0937499739229686,0.017764311106949118,0.019768093669077877,87,49730,0.01071904062451888,0.0127194769549466,34,49920,0.07819391253471517,0.08007533965990257,1600,49730,0.017696748730944074,0.01969293154594565,87,49920,0.03115783327991145,0.03314288949764262,258,49854,0.010013745179873886,0.012014502530333777,30,49920,0.07146308071944198,0.07336115141804468,1339,49854,0.045581661232907064,0.04754100699921812,546,49920,0.88975,0.9719950250073915,0.29138,0.39646243464746606,0.29925,False,/data/suehara/part/march/datasets/20250711_ilc_nnqq_sgv_10m_3cat_parquet,val50k_tail,150000,proxy
37,37,4560000,,lr_3e-6,8.064000000000001e-06,validation_total_reference_mistag_geomean_percent,0.4048706282366954,min,1.0056226082500084,1.0056226082500084,0.5602847276800619,0.29256593569400197,0.4048706282366954,,0.17854276455555612,0.06612696344693254,3.225806451612903,0.19236935667925215,0.510532259638871,0.06412311638345623,2.68732928302587,1.1201506706572262,0.01793535166763553,0.019934246619589605,89,49848,0.010550145391994777,0.012551302511971918,33,49904,0.07820262802300526,0.0800792632031852,1608,49848,0.01864185096048941,0.020637948772365945,96,49904,0.030972221458073698,0.032961627835984345,254,49752,0.010375198191184395,0.012376435617639323,32,49904,0.07155486539592443,0.07345676762684217,1337,49752,0.046141480806710135,0.048100396719371295,559,49904,0.88945,0.9719114922602007,0.29214,0.39646243464746606,0.29965,False,/data/suehara/part/march/datasets/20250711_ilc_nnqq_sgv_10m_3cat_parquet,val50k_tail,150000,proxy
37,37,4560000,,lr_6e-6,9.072e-06,validation_total_reference_mistag_geomean_percent,0.3915320419834632,min,1.0012705503595345,1.0012705503595345,0.5388449592367268,0.28449248206178984,0.3915320419834632,,0.17448156058761435,0.06221401545371234,3.1988287491658784,0.18864896071509746,0.51993415457902,0.054186402282178865,2.7060665485666706,1.1058040115261034,0.017717318476967253,0.019715815094935286,87,49862,0.01021306226200332,0.012217428634348111,31,49828,0.07787069265759727,0.07974788300846303,1595,49862,0.01846513706602916,0.02046442868527114,94,49828,0.031244744595622202,0.03323129747507397,259,49814,0.009470977942608249,0.01147566652149925,27,49828,0.07175641243993489,0.07365519527371481,1348,49814,0.045876208351412415,0.04783868787274943,551,49828,0.88941,0.9718838493824115,0.29198,0.3915320419834632,0.30028,False,/data/suehara/part/march/datasets/20250711_ilc_nnqq_sgv_10m_3cat_parquet,val50k_tail,150000,proxy
37,37,4560000,,lr_9e-6,1.008e-05,validation_total_reference_mistag_geomean_percent,0.39605513628180744,min,0.9977366002013742,0.9977366002013742,0.5485682019970577,0.28594379040592366,0.39605513628180744,,0.1749447024610675,0.06810897169420402,3.2193846886170316,0.17427884998935222,0.5175111296558215,0.06009615384615385,2.6818310813893746,1.0857372239579872,0.017764311106949118,0.019768093669077877,87,49730,0.01071904062451888,0.0127194769549466,34,49920,0.07821785246578325,0.08009919872154839,1601,49730,0.017696748730944074,0.01969293154594565,87,49920,0.03115783327991145,0.03314288949764262,258,49854,0.010013745179873886,0.012014502530333777,30,49920,0.07141040232887703,0.07330863396276081,1337,49854,0.04541259031051129,0.047372257096854435,542,49920,0.88974,0.9719852334262239,0.29143,0.3915320419834632,0.29927,False,/data/suehara/part/march/datasets/20250711_ilc_nnqq_sgv_10m_3cat_parquet,val50k_tail,150000,proxy
38,38,4680000,,lr_14e-6,1.08864e-05,validation_total_reference_mistag_geomean_percent,0.41821032493748767,min,1.0010428559746747,1.0010428559746747,0.5835405508095196,0.299721888464629,0.41821032493748767,,0.18249272769153382,0.07215152101254513,3.120424973160636,0.19641246353605132,0.5186555254707141,0.07014731020772663,2.6415245678995674,1.206533758818622,0.01813984506387051,0.020137900142265713,91,49865,0.011061731099389559,0.013063007693978784,36,49895,0.07692669937693665,0.07880692136595126,1556,49865,0.018847930938155996,0.020844226734765797,98,49895,0.031226569753242412,0.033215969471154114,258,49744,0.01089426916439845,0.012895626094438964,35,49895,0.07095603324622016,0.07286008291529297,1314,49744,0.04790847737521607,0.04986428410438011,602,49895,0.8891,0.9717940529202173,0.29272,0.3915320419834632,0.29896,False,/data/suehara/part/march/datasets/20250711_ilc_nnqq_sgv_10m_3cat_parquet,val50k_tail,150000,proxy
38,38,4680000,,lr_3e-6,7.257600000000001e-06,validation_total_reference_mistag_geomean_percent,0.40682506333890117,min,0.9925155731537224,0.9925155731537224,0.557713482796997,0.2967592451426246,0.40682506333890117,,0.17676006482640855,0.07024586137229646,3.1756553762659303,0.1966884101558399,0.4990580218916626,0.06623181020382209,2.6516215519912296,1.1038634885225889,0.017851669210012903,0.01985316521016182,88,49785,0.010909570549392426,0.012913735207983836,35,49825,0.07765295405952298,0.07953397863197861,1581,49785,0.01887438832303919,0.020873477617406246,98,49825,0.030570677519771612,0.03255488202912257,249,49894,0.01056686891420267,0.012571194695467877,33,49825,0.07098424331389054,0.07288216409002297,1323,49894,0.04583686797020349,0.04779954354029413,550,49825,0.88953,0.9719560909759556,0.29165,0.3915320419834632,0.29978,False,/data/suehara/part/march/datasets/20250711_ilc_nnqq_sgv_10m_3cat_parquet,val50k_tail,150000,proxy
38,38,4680000,,lr_6e-6,8.1648e-06,validation_total_reference_mistag_geomean_percent,0.41147545040049244,min,1.0145687328040274,1.0145687328040274,0.5764770160700828,0.29370129521643357,0.41147545040049244,,0.17848190593925123,0.07024022379468178,3.214679729818471,0.18463143861855477,0.532021679948402,0.06622649331364647,2.716321940270221,1.1539464507289905,0.01792924179565582,0.019927457738336915,89,49865,0.010908695026728216,0.012912699031482084,35,49829,0.07805720821023876,0.07993364988853613,1603,49865,0.018257447300376074,0.02025686004613076,92,49829,0.03161646425080206,0.03360269132183487,265,49810,0.01056602087940912,0.012570185980969976,33,49829,0.07189324249480336,0.07379176603282897,1353,49810,0.046873740577890906,0.04883424844475768,575,49829,0.88887,0.9716916783399925,0.29307,0.3915320419834632,0.29857,False,/data/suehara/part/march/datasets/20250711_ilc_nnqq_sgv_10m_3cat_parquet,val50k_tail,150000,proxy
38,38,4680000,,lr_9e-6,9.072e-06,validation_total_reference_mistag_geomean_percent,0.4085603619313958,min,1.0122333580076872,1.0122333580076872,0.5595916967041911,0.2982917193457759,0.4085603619313958,,0.18681075479914025,0.07011779995816213,3.2440794041102925,0.18631299947099117,0.5160124401705165,0.06210433315699705,2.6985241519579235,1.1339049804374746,0.01837833895597745,0.020379511591414882,93,49783,0.010889687115243527,0.012890203260128026,35,49916,0.07846987219884902,0.08034822350432222,1615,49783,0.018329409378014368,0.020325269986390306,93,49916,0.031126330557984527,0.033113399889047115,257,49805,0.010195061281351473,0.012195898497719326,31,49916,0.07166409014620276,0.07356351896021934,1344,49805,0.04642127999922221,0.04837917390469199,566,49916,0.8893,0.9718899065187191,0.29242,0.3915320419834632,0.29973,False,/data/suehara/part/march/datasets/20250711_ilc_nnqq_sgv_10m_3cat_parquet,val50k_tail,150000,proxy
39,39,4800000,,lr_14e-6,1.08864e-05,validation_total_reference_mistag_geomean_percent,0.42006481881188934,min,1.0159572318243277,1.0159572318243277,0.5692293722741943,0.3099883115632135,0.42006481881188934,,0.1867207409202994,0.07622256878430865,3.2344850514694663,0.20058570683598267,0.5136127440162109,0.06619328341795225,2.7105109122404056,1.1393268469099957,0.01836949025124995,0.020369702235587223,93,49807,0.01139921486998538,0.01340197396857511,38,49854,0.07833746120430585,0.08021529267264182,1611,49807,0.019064238825479765,0.021062008930372925,100,49854,0.03104049621178379,0.03302614693227118,256,49843,0.010560723744294266,0.012563885181085315,33,49854,0.07179388811252851,0.0736913878715946,1351,49843,0.04656155428823163,0.048521665537479795,568,49854,0.88908,0.9717875440886553,0.29292,0.3915320419834632,0.30037,False,/data/suehara/part/march/datasets/20250711_ilc_nnqq_sgv_10m_3cat_parquet,val50k_tail,150000,proxy
39,39,4800000,,lr_3e-6,7.257600000000001e-06,validation_total_reference_mistag_geomean_percent,0.40583046266604783,min,0.9922783750098724,0.9922783750098724,0.5453682866291825,0.30199475925838604,0.40583046266604783,,0.17860368415883213,0.07416018926781116,3.1646967492575047,0.19842860627399667,0.5001908458267196,0.060129881130447635,2.6536228728395104,1.108394171324157,0.017941465705237553,0.019941040128080643,89,49831,0.01122756916424755,0.013228885573924178,37,49892,0.0774861122635355,0.07936584028268925,1577,49831,0.01894965138886191,0.020945986401557475,99,49892,0.03063991265691325,0.03262857559388384,249,49781,0.010019363735230434,0.012021242560695242,30,49892,0.07109016526469329,0.0729923137172201,1321,49781,0.045901614956552796,0.04786147328812943,553,49892,0.88962,0.9719525310494346,0.29175,0.3915320419834632,0.29992,False,/data/suehara/part/march/datasets/20250711_ilc_nnqq_sgv_10m_3cat_parquet,val50k_tail,150000,proxy
39,39,4800000,,lr_6e-6,8.1648e-06,validation_total_reference_mistag_geomean_percent,0.4111048063049655,min,0.9893263899873811,0.9893263899873811,0.5648883596894787,0.29918683730701595,0.4111048063049655,,0.1725140949511935,0.07422415731752156,3.1192954645488684,0.20060583353535946,0.5180306866151482,0.06619992166234856,2.638342275956689,1.1253986853119209,0.01761378072203995,0.019612797247274917,86,49851,0.011237251320064107,0.0132402914742485,37,49849,0.07692370565338426,0.07880450098755043,1555,49851,0.01906614937195201,0.021064119047795298,100,49849,0.03118903958082434,0.03317606776352616,258,49804,0.010561782746370868,0.012565144835688023,33,49849,0.07087166229197729,0.07277354594615558,1314,49804,0.04627551553958598,0.04823638219137779,561,49849,0.88966,0.972019982213347,0.29155,0.3915320419834632,0.29957,False,/data/suehara/part/march/datasets/20250711_ilc_nnqq_sgv_10m_3cat_parquet,val50k_tail,150000,proxy
39,39,4800000,,lr_9e-6,9.072e-06,validation_total_reference_mistag_geomean_percent,0.4061045182044438,min,0.9912750862350401,0.9912750862350401,0.5446681584779701,0.3027914834730217,0.4061045182044438,,0.18061045761447142,0.07416018926781116,3.1626899489729348,0.19842860627399667,0.5001908458267196,0.060129881130447635,2.649605304385619,1.1043854564083206,0.018047132397806115,0.020046626278711267,90,49831,0.01122756916424755,0.013228885573924178,37,49892,0.07746201880288947,0.07934182736398024,1576,49831,0.01894965138886191,0.020945986401557475,99,49892,0.03063991265691325,0.03262857559388384,249,49781,0.010019363735230434,0.012021242560695242,30,49892,0.07103702431218613,0.07293933417233285,1319,49781,0.04581766790511237,0.04777768692691437,551,49892,0.8896,0.9719598373772539,0.29172,0.3915320419834632,0.2999,False,/data/suehara/part/march/datasets/20250711_ilc_nnqq_sgv_10m_3cat_parquet,val50k_tail,150000,proxy
40,40,4920000,,lr_14e-6,1.08864e-05,validation_total_reference_mistag_geomean_percent,0.4157046994203954,min,0.9989563384786564,0.9989563384786564,0.5619732347275198,0.3075064548296338,0.4157046994203954,,0.18259525316981193,0.07619658495686689,3.142243628884802,0.2045276841715059,0.5100811385170412,0.06416554711154779,2.6708972718729993,1.1409435991446752,0.018150028646266133,0.020149202158022236,91,49837,0.011395330269742385,0.013397407724538882,38,49871,0.07721146864210805,0.07909187139845814,1566,49837,0.01925649404489803,0.021253425081093964,102,49871,0.03094491807271553,0.03293258475420176,254,49796,0.010382061849887096,0.012384621781427393,32,49871,0.07130755868090567,0.07320844037013129,1330,49796,0.046587125098475866,0.04854650336144611,569,49871,0.88937,0.9719147639971842,0.29201,0.3915320419834632,0.29854,False,/data/suehara/part/march/datasets/20250711_ilc_nnqq_sgv_10m_3cat_parquet,val50k_tail,150000,proxy
40,40,4920000,,lr_3e-6,7.257600000000001e-06,validation_total_reference_mistag_geomean_percent,0.4102675339395407,min,1.0041889778117237,1.0041889778117237,0.5621694578314116,0.29941051947953623,0.4102675339395407,,0.1686950259781485,0.07420927086854923,3.169056438542169,0.2025712478278827,0.5115243622687716,0.064180990392908,2.728129790142021,1.1151446964733396,0.017416898239073185,0.019418356416661415,84,49794,0.011234998166051089,0.013237637184497053,37,49859,0.07756688452596576,0.07944783415894732,1578,49794,0.019161973456320938,0.02115946357862629,101,49859,0.03097325348699765,0.03295866934423346,255,49851,0.010384559977866595,0.01238760125382354,32,49859,0.07201792284666879,0.07391441125929495,1360,49851,0.04605754485390492,0.048018429542710274,556,49859,0.88951,0.9719167900443891,0.29205,0.3915320419834632,0.29966,False,/data/suehara/part/march/datasets/20250711_ilc_nnqq_sgv_10m_3cat_parquet,val50k_tail,150000,proxy
40,40,4920000,,lr_6e-6,8.1648e-06,validation_total_reference_mistag_geomean_percent,0.4273952839067767,min,1.0212554554264979,1.0212554554264979,0.5734307040873284,0.31855065904865765,0.4273952839067767,,0.18262824607105158,0.08021819505731753,3.245163308550356,0.21658912188273902,0.505902179225203,0.06818546346180561,2.718220614030176,1.1531365151333333,0.01815330436930652,0.02015283764345815,91,49828,0.011716758480378174,0.013718955685091447,40,49864,0.07844768628690671,0.08032429776367936,1617,49828,0.019844068058770058,0.021840795658392566,108,49864,0.03080973544809058,0.0327969314735361,252,49812,0.010731075528764384,0.012733755345691565,34,49864,0.07191659094363291,0.07381496203113617,1354,49812,0.04684101972386584,0.048800184006173725,575,49864,0.88881,0.9717602749463774,0.29304,0.3915320419834632,0.29962,False,/data/suehara/part/march/datasets/20250711_ilc_nnqq_sgv_10m_3cat_parquet,val50k_tail,150000,proxy
40,40,4920000,,lr_9e-6,9.072e-06,validation_total_reference_mistag_geomean_percent,0.427566849045339,min,1.0187192565359031,1.0187192565359031,0.5795853423708482,0.3154210381766114,0.427566849045339,,0.17457959551962096,0.08022623956248495,3.2327326014517355,0.21861649411010417,0.507919934718152,0.07019795875784232,2.688161237171081,1.177319990996204,0.017727265823303927,0.019726881370438036,87,49834,0.011717933098648532,0.01372033076258789,40,49859,0.07829570109803147,0.08017258550969131,1611,49834,0.01994194418600552,0.021938790696293287,109,49859,0.030873049569826554,0.03286020447477462,253,49811,0.01090213308332261,0.01290493300477295,35,49859,0.07152395424784817,0.07342357035442816,1339,49811,0.04733654665169066,0.049294937343927724,587,49859,0.88892,0.9715924879385858,0.29374,0.3915320419834632,0.29945,False,/data/suehara/part/march/datasets/20250711_ilc_nnqq_sgv_10m_3cat_parquet,val50k_tail,150000,proxy
41,41,5040000,,lr_14e-6,1.08864e-05,validation_total_reference_mistag_geomean_percent,0.41267938126979437,min,1.0101351395534595,1.0101351395534595,0.5611778499502492,0.303476467826231,0.41267938126979437,,0.18261359013369446,0.07214284141696573,3.212794900786218,0.20039678171379366,0.526410952200912,0.06212300202733928,2.702377001920623,1.1222220462281303,0.01815184834643535,0.020151221710204992,91,49832,0.011060401430909703,0.013061437748378807,36,49901,0.07806030999319771,0.07993806991167876,1601,49832,0.01904629838702049,0.02104219447192153,100,49901,0.031456962746011924,0.033444971628025615,262,49771,0.010198125142711352,0.012199563040849848,31,49901,0.0717387058694341,0.07363927740016846,1345,49771,0.04618591464246383,0.04814486530578185,560,49901,0.88916,0.9718688486319421,0.29247,0.3915320419834632,0.29858,False,/data/suehara/part/march/datasets/20250711_ilc_nnqq_sgv_10m_3cat_parquet,val50k_tail,150000,proxy
41,41,5040000,,lr_3e-6,7.257600000000001e-06,validation_total_reference_mistag_geomean_percent,0.41430074947573886,min,1.0100422511912261,1.0100422511912261,0.5704128219748301,0.3009138371432557,0.41430074947573886,,0.1704329072822723,0.07425543561663057,3.2281996559422677,0.20069037538127835,0.5059936185631467,0.06823472712814344,2.6946169028455045,1.1379143867705646,0.017497992159283875,0.019496210353149773,85,49873,0.011241985886371908,0.013245868948897363,37,49828,0.07821166653735612,0.08008726506055219,1610,49873,0.019074177850547745,0.02107298615997037,100,49828,0.030815290261297906,0.03280284171841624,252,49803,0.010738826533874103,0.012742951251309228,34,49828,0.07161430615615222,0.07351396815960046,1342,49803,0.046544288735179615,0.04850547943033197,567,49828,0.88897,0.9717872520594993,0.29287,0.3915320419834632,0.30049,False,/data/suehara/part/march/datasets/20250711_ilc_nnqq_sgv_10m_3cat_parquet,val50k_tail,150000,proxy
41,41,5040000,,lr_6e-6,8.1648e-06,validation_total_reference_mistag_geomean_percent,0.4038555878775551,min,0.9972029356838426,0.9972029356838426,0.5492830188602272,0.2969313273116651,0.4038555878775551,,0.17865745638627348,0.07010375304104552,3.227878674297186,0.19228458118014663,0.4863148626046978,0.0640948603933822,2.6606648515743347,1.0976244459936733,0.01794686390703844,0.019947038246743792,89,49816,0.010887506541507313,0.012887622560753178,35,49926,0.07825205545404085,0.08012981290257404,1608,49816,0.018633643170038145,0.02062886481038577,96,49926,0.030205961537311393,0.03219594144773762,242,49762,0.01037062745828988,0.012370984184694681,32,49926,0.0711966125294207,0.07309920422347918,1324,49762,0.045660497509289986,0.04761945260435916,548,49926,0.88958,0.9719928622708546,0.29161,0.3915320419834632,0.29955,False,/data/suehara/part/march/datasets/20250711_ilc_nnqq_sgv_10m_3cat_parquet,val50k_tail,150000,proxy
41,41,5040000,,lr_9e-6,9.072e-06,validation_total_reference_mistag_geomean_percent,0.41531525269064556,min,1.016701061921465,1.016701061921465,0.5581884972450847,0.30901166894121923,0.41531525269064556,,0.19287953822867973,0.07414235567604895,3.246805402911887,0.1963770448850516,0.507746630278778,0.062119271123774925,2.7233683232445713,1.130169929022928,0.0186912499516353,0.020692620994945503,96,49772,0.011224870144328606,0.013225706038394599,37,49904,0.07851073250531859,0.08038938939026602,1616,49772,0.0188445346547991,0.02084047185372004,98,49904,0.030862540947535454,0.03284902485656549,253,49828,0.010197512223125997,0.012198829956058713,31,49904,0.07197230979853232,0.07386986470080785,1357,49828,0.04634945827739906,0.04830797265767128,564,49904,0.88911,0.9717027928531592,0.29306,0.3915320419834632,0.2983,False,/data/suehara/part/march/datasets/20250711_ilc_nnqq_sgv_10m_3cat_parquet,val50k_tail,150000,proxy
42,42,5160000,,lr_14e-6,1.08864e-05,validation_total_reference_mistag_geomean_percent,0.40183458086937784,min,1.0214218756313518,1.0214218756313518,0.5435164643848931,0.2970858124145477,0.40183458086937784,,0.18516281251734065,0.07016559319818577,3.2866402007610787,0.1824305282524026,0.5186638991296219,0.054127742529552214,2.7395064261001356,1.1346778025624957,0.018309951960134845,0.020315097659310676,92,49686,0.01089710760388018,0.012898985374231006,35,49882,0.07904841563739426,0.08092872074336385,1633,49686,0.018133667747967094,0.020131044387861844,91,49882,0.031168590923238895,0.033150341373214695,259,49936,0.009460727161257171,0.011463247950244603,27,49882,0.07210518076469184,0.07399798543584156,1368,49936,0.04645275068428552,0.04841194809263247,566,49882,0.889,0.9717730565000502,0.29263,0.3915320419834632,0.29946,False,/data/suehara/part/march/datasets/20250711_ilc_nnqq_sgv_10m_3cat_parquet,val50k_tail,150000,proxy
42,42,5160000,,lr_3e-6,7.257600000000001e-06,validation_total_reference_mistag_geomean_percent,0.40853980353595565,min,1.0086151256799527,1.0086151256799527,0.5661806731043578,0.2947906542942584,0.40853980353595565,,0.1826392395679708,0.06606209740385312,3.2232814407776873,0.19418253585040549,0.5148212202871737,0.06606209740385312,2.704822370667271,1.1170500034814066,0.018154396539759362,0.020154049763484637,91,49825,0.010539799147074081,0.012538995924174111,33,49953,0.07819046115639036,0.0800680639547198,1606,49825,0.018725084230376096,0.02071915147097425,97,49953,0.031113359214249292,0.0331036332617371,256,49726,0.010539799147074081,0.012538995924174111,33,49953,0.07180276017979444,0.07370495325691971,1345,49726,0.046054789544724105,0.04801190809270734,558,49953,0.88938,0.9718163844588305,0.29243,0.3915320419834632,0.30012,False,/data/suehara/part/march/datasets/20250711_ilc_nnqq_sgv_10m_3cat_parquet,val50k_tail,150000,proxy
42,42,5160000,,lr_6e-6,8.1648e-06,validation_total_reference_mistag_geomean_percent,0.4166317853710599,min,1.015659542049282,1.015659542049282,0.5705245502848961,0.3042499126370588,0.4166317853710599,,0.18470187343209427,0.07022049337782689,3.2603894410713874,0.20263627518312893,0.5035004405321543,0.06821419289877928,2.688010185038592,1.147603434860293,0.018264406090893484,0.020264578668553225,92,49810,0.01090563180373604,0.012909073722829772,35,49843,0.07864175907575724,0.08051843734039679,1624,49810,0.019168119229515244,0.021166247939975347,101,49843,0.030722914516843024,0.03270865228338048,251,49851,0.010735595588071287,0.012739118010326143,34,49843,0.07149364906894641,0.07339174702808184,1340,49851,0.046737068228489866,0.04869727995006467,572,49843,0.88932,0.9717963147874918,0.29277,0.3915320419834632,0.30012,False,/data/suehara/part/march/datasets/20250711_ilc_nnqq_sgv_10m_3cat_parquet,val50k_tail,150000,proxy
42,42,5160000,,lr_9e-6,9.072e-06,validation_total_reference_mistag_geomean_percent,0.4027765709281495,min,1.0036592563383722,1.0036592563383722,0.5489566691875564,0.295522352117033,0.4027765709281495,,0.18270891617057547,0.06604623091042618,3.2225032373284437,0.19613730185751027,0.5087165526008072,0.06004202942059442,2.68634505142191,1.1067747309967095,0.01816131667227404,0.02016172991095239,91,49806,0.010537268465392791,0.012535985743847646,33,49965,0.07819594636594498,0.08007429666558805,1605,49806,0.01882154762322544,0.02081505771824579,98,49965,0.03092135748880946,0.032911596900626026,253,49733,0.010004728548535326,0.012003686158533304,30,49965,0.07155542309009236,0.07345809148263036,1336,49733,0.04583490370112849,0.04779196351210758,553,49965,0.88941,0.9718279614821066,0.29231,0.3915320419834632,0.29971,False,/data/suehara/part/march/datasets/20250711_ilc_nnqq_sgv_10m_3cat_parquet,val50k_tail,150000,proxy
43,43,5280000,,lr_14e-6,1.08864e-05,validation_total_reference_mistag_geomean_percent,0.4027528053890396,min,0.9939691217573238,0.9939691217573238,0.5416610016421745,0.2994674192104727,0.4027528053890396,,0.17854634462212504,0.07209227952584542,3.151644077163006,0.1982537599725852,0.5148729912914061,0.05607177131971334,2.658836266200483,1.1214354839634264,0.01793571120155329,0.019934646109600315,89,49847,0.011052651398058694,0.013052287248105105,36,49936,0.07731698890785926,0.07919663727767451,1571,49847,0.01893296857021446,0.02092755159423202,99,49936,0.031116480640024438,0.03310695274527809,256,49721,0.009640459935555935,0.011640737414304447,28,49936,0.07120141359303993,0.07310564768231338,1322,49721,0.04615371534512497,0.04811132451518485,560,49936,0.88968,0.9719700903000724,0.29173,0.3915320419834632,0.2996,False,/data/suehara/part/march/datasets/20250711_ilc_nnqq_sgv_10m_3cat_parquet,val50k_tail,150000,proxy
43,43,5280000,,lr_3e-6,7.257600000000001e-06,validation_total_reference_mistag_geomean_percent,0.41422155667476934,min,1.0011445936693415,1.0011445936693415,0.5658089286371598,0.3032463599104834,0.41422155667476934,,0.1764906370769083,0.07831796865828088,3.1407311595397953,0.19479084297568217,0.5075633019402973,0.06426089925095889,2.6702241949749337,1.176777744937877,0.017824479501402243,0.01982293561451475,88,49861,0.011573410721472239,0.013578378070724744,39,49797,0.07717488402281779,0.07905444235450088,1566,49861,0.018783695555751444,0.02078398509144149,97,49797,0.03085142196560314,0.03283719590205089,253,49846,0.010397486147935134,0.012403018060893473,32,49797,0.07126339543104751,0.07316239740545738,1331,49846,0.0473543979045506,0.04931524863279139,586,49797,0.88925,0.97183198276595,0.29245,0.3915320419834632,0.29957,False,/data/suehara/part/march/datasets/20250711_ilc_nnqq_sgv_10m_3cat_parquet,val50k_tail,150000,proxy
43,43,5280000,,lr_6e-6,8.1648e-06,validation_total_reference_mistag_geomean_percent,0.4087747187679085,min,1.0070535314085718,1.0070535314085718,0.545771404902121,0.3061662249119665,0.4087747187679085,,0.18249272769153382,0.07416613122860378,3.2066579645164137,0.2024535006606244,0.5266225810967115,0.0561257232644206,2.693413115942915,1.1144965068673518,0.01813984506387051,0.020137900142265713,91,49865,0.011228469126012188,0.013229945758851634,37,49888,0.07796171112211189,0.07983847452898082,1599,49865,0.019150844281424315,0.021147178002451715,101,49888,0.03146957800769564,0.03345837755020856,262,49751,0.009649733600742654,0.01165193345555568,28,49888,0.07163544296175141,0.073537138845425,1340,49751,0.04603091306665929,0.04799068389902319,556,49888,0.88925,0.9718879458796499,0.29234,0.3915320419834632,0.29782,False,/data/suehara/part/march/datasets/20250711_ilc_nnqq_sgv_10m_3cat_parquet,val50k_tail,150000,proxy
43,43,5280000,,lr_9e-6,9.072e-06,validation_total_reference_mistag_geomean_percent,0.41395606153938785,min,0.9996399491649735,0.9996399491649735,0.565354804049395,0.3031010255114588,0.41395606153938785,,0.1764906370769083,0.07831796865828088,3.1347145565712338,0.19479084297568217,0.5075633019402973,0.06426089925095889,2.6662118288943426,1.1747695579520836,0.017824479501402243,0.01982293561451475,88,49861,0.011573410721472239,0.013578378070724744,39,49797,0.0771023407638953,0.07898214043072296,1563,49861,0.018783695555751444,0.02078398509144149,97,49797,0.03085142196560314,0.03283719590205089,253,49846,0.010397486147935134,0.012403018060893473,32,49797,0.07121053744331834,0.07310970040467074,1329,49846,0.04731360692793625,0.049274538308135066,585,49797,0.88926,0.9718402295007321,0.2924,0.3915320419834632,0.29955,False,/data/suehara/part/march/datasets/20250711_ilc_nnqq_sgv_10m_3cat_parquet,val50k_tail,150000,proxy
44,44,5400000,,lr_14e-6,1.08864e-05,validation_total_reference_mistag_geomean_percent,0.4169762286646946,min,1.01150276516179,1.01150276516179,0.5675302135936858,0.30636109075227225,0.4169762286646946,,0.1743906333155934,0.07828181357327525,3.2472739585770163,0.1987153725516023,0.5060647305098748,0.06824568680511466,2.711061175929404,1.1079887500324395,0.01770809164609677,0.01970555037908307,87,49888,0.011568069358975946,0.013572112561058117,39,49820,0.07842602399096843,0.08030029391445648,1620,49888,0.018977014055081093,0.020976222606681853,99,49820,0.030819612056542673,0.03280744004842345,252,49796,0.01074055050028209,0.012744996589904387,34,49820,0.07183450773728638,0.07373377632256643,1350,49796,0.04592558929437506,0.04788829623484075,552,49820,0.88929,0.9718452848914844,0.29249,0.3915320419834632,0.29928,False,/data/suehara/part/march/datasets/20250711_ilc_nnqq_sgv_10m_3cat_parquet,val50k_tail,150000,proxy
44,44,5400000,,lr_3e-6,7.257600000000001e-06,validation_total_reference_mistag_geomean_percent,0.41299456465305906,min,1.0091663887375646,1.0091663887375646,0.5764734567006108,0.29587573972473774,0.41299456465305906,,0.18086815832852388,0.06812808279158811,3.1672025199016387,0.19636917188576908,0.5096512641856992,0.06812808279158811,2.7087763676456302,1.1742074623700784,0.018072863036260305,0.02007519947776258,90,49760,0.010722046819155475,0.012723043549842897,34,49906,0.0775708047451553,0.07945311408088587,1576,49760,0.018843780091376765,0.02083963761941713,98,49906,0.030918900618039005,0.03290490951588536,254,49838,0.010722046819155475,0.012723043549842897,34,49906,0.07177477971250443,0.07367253944140506,1350,49838,0.04725154834849081,0.049208219456346736,586,49906,0.88921,0.9718172224797041,0.29245,0.3915320419834632,0.29823,False,/data/suehara/part/march/datasets/20250711_ilc_nnqq_sgv_10m_3cat_parquet,val50k_tail,150000,proxy
44,44,5400000,,lr_6e-6,8.1648e-06,validation_total_reference_mistag_geomean_percent,0.4127594634946129,min,1.0074083471823785,1.0074083471823785,0.5763666710797308,0.29559373095810526,0.4127594634946129,,0.18086815832852388,0.06812808279158811,3.155144718721708,0.19636917188576908,0.5096512641856992,0.06812808279158811,2.7067698363840735,1.1742074623700784,0.018072863036260305,0.02007519947776258,90,49760,0.010722046819155475,0.012723043549842897,34,49906,0.07742587073218468,0.07930866469956707,1570,49760,0.018843780091376765,0.02083963761941713,98,49906,0.030918900618039005,0.03290490951588536,254,49838,0.010722046819155475,0.012723043549842897,34,49906,0.07174855439168494,0.0736463946399004,1349,49838,0.04725154834849081,0.049208219456346736,586,49906,0.88923,0.9718210732852302,0.29243,0.3915320419834632,0.29822,False,/data/suehara/part/march/datasets/20250711_ilc_nnqq_sgv_10m_3cat_parquet,val50k_tail,150000,proxy
44,44,5400000,,lr_9e-6,9.072e-06,validation_total_reference_mistag_geomean_percent,0.4074511719482303,min,1.00940788825082,1.00940788825082,0.5631957242870259,0.29477577751882583,0.4074511719482303,,0.17653667666904685,0.06812398665361954,3.2639223981731575,0.1923500696130211,0.5105835693777317,0.06612033982561567,2.689609497519377,1.10801656817499,0.017829124499074592,0.019828099938040994,88,49848,0.010721402492648796,0.012722279111135933,34,49909,0.07865383024208902,0.08052893616903381,1627,49848,0.018639984918699337,0.020635883533119702,96,49909,0.030975327164407297,0.032964931427783596,254,49747,0.010549088722209079,0.012550045631084378,33,49909,0.07158836079055736,0.07349036250223623,1338,49747,0.04588606211960219,0.04784526802662729,553,49909,0.88947,0.97182164868102,0.29247,0.3915320419834632,0.30064,False,/data/suehara/part/march/datasets/20250711_ilc_nnqq_sgv_10m_3cat_parquet,val50k_tail,150000,proxy
45,45,5520000,,lr_14e-6,1.08864e-05,validation_total_reference_mistag_geomean_percent,0.41304981787899986,min,1.0093631962560106,1.0093631962560106,0.5628597226180666,0.30311309406952175,0.41304981787899986,,0.19077072116548988,0.07215007215007214,3.1547450816771545,0.19440437201004201,0.5259988005789069,0.060125061890208054,2.702268638142949,1.1744428224332628,0.018579146425848066,0.020579557248808986,95,49798,0.011061509465775147,0.013062746010170588,36,49896,0.07739187370679017,0.07927324702069194,1571,49798,0.01874645745107866,0.02074279372936906,97,49896,0.031432392053704766,0.033418860954332295,262,49810,0.010018560698477834,0.012020279236260643,30,49896,0.0717095662061934,0.0736086540132734,1346,49810,0.0472609654713501,0.04921801928856884,586,49896,0.88921,0.9716738574350791,0.29316,0.3915320419834632,0.30023,False,/data/suehara/part/march/datasets/20250711_ilc_nnqq_sgv_10m_3cat_parquet,val50k_tail,150000,proxy
45,45,5520000,,lr_3e-6,7.257600000000001e-06,validation_total_reference_mistag_geomean_percent,0.4140776227120097,min,1.0023961662156646,1.0023961662156646,0.5697893263873538,0.3009187250276209,0.4140776227120097,,0.172548705726734,0.07421671334655137,3.1921511347373723,0.20058570683598267,0.5179786880729116,0.06819914383101199,2.6802385369764825,1.1132507001982705,0.017617312121692687,0.019616728328711676,86,49841,0.011236124630102694,0.01323896419633268,37,49854,0.0778071754873988,0.07968542471334106,1591,49841,0.019064238825479765,0.021062008930372925,100,49854,0.03118591613810442,0.033172746948040024,258,49809,0.010733227463166314,0.012736308432317107,34,49854,0.0714212973071629,0.07332130780661611,1335,49809,0.04602027153876812,0.0479814288673398,555,49854,0.88939,0.9718244358885954,0.29236,0.3915320419834632,0.29827,False,/data/suehara/part/march/datasets/20250711_ilc_nnqq_sgv_10m_3cat_parquet,val50k_tail,150000,proxy
45,45,5520000,,lr_6e-6,8.1648e-06,validation_total_reference_mistag_geomean_percent,0.4126237130372998,min,1.0101163711258185,1.0101163711258185,0.562650517650813,0.30260050105623837,0.4126237130372998,,0.18876261062469432,0.07215007215007214,3.1667938929914463,0.19440437201004201,0.5259988005789069,0.060125061890208054,2.698253336327916,1.1744428224332628,0.01847625208925398,0.020476743560933767,94,49798,0.011061509465775147,0.013062746010170588,36,49896,0.07753665195823212,0.07941754137981982,1577,49798,0.01874645745107866,0.02074279372936906,97,49896,0.031432392053704766,0.033418860954332295,262,49810,0.010018560698477834,0.012020279236260643,30,49896,0.0716569921540032,0.07355624118081314,1344,49810,0.0472609654713501,0.04921801928856884,586,49896,0.88917,0.9716602986505652,0.29323,0.3915320419834632,0.30026,False,/data/suehara/part/march/datasets/20250711_ilc_nnqq_sgv_10m_3cat_parquet,val50k_tail,150000,proxy
45,45,5520000,,lr_9e-6,9.072e-06,validation_total_reference_mistag_geomean_percent,0.41143909394260175,min,1.0003897821074814,1.0003897821074814,0.5617235425200426,0.301361996089507,0.41143909394260175,,0.1745550811094092,0.07421671334655137,3.1740936689639363,0.20058570683598267,0.5179786880729116,0.06418742728768002,2.6802385369764825,1.117262434266897,0.01772477793969634,0.01972411363709331,87,49841,0.011236124630102694,0.01323896419633268,37,49854,0.07759112863948044,0.07947010245202002,1582,49841,0.019064238825479765,0.021062008930372925,100,49854,0.03118591613810442,0.033172746948040024,258,49809,0.010385601219375429,0.012388843123806757,32,49854,0.0714212973071629,0.07332130780661611,1335,49809,0.04610396890140835,0.04806496529469965,557,49854,0.88939,0.9718341980454154,0.29232,0.3915320419834632,0.29825,False,/data/suehara/part/march/datasets/20250711_ilc_nnqq_sgv_10m_3cat_parquet,val50k_tail,150000,proxy
46,46,5640000,,lr_14e-6,1.08864e-05,validation_total_reference_mistag_geomean_percent,0.4126568279390749,min,0.9959292356057441,0.9959292356057441,0.5718118157875713,0.29780017296459743,0.4126568279390749,,0.18436135455634392,0.0722702901795068,3.1281310740188357,0.18870575769093442,0.5161782613938498,0.06825527372389426,2.67528983905439,1.1342420342281971,0.018230760147367388,0.020227258901019746,92,49902,0.011079935329288157,0.013084501503821913,36,49813,0.07699161194843693,0.07887013102997262,1561,49902,0.018470692905484563,0.020470584270982608,94,49813,0.031136309572685032,0.03312401078689221,257,49789,0.010742059425009531,0.012746786799854873,34,49813,0.07137034646958057,0.07327131896515612,1332,49789,0.046475231429033044,0.048437160121154836,565,49813,0.88945,0.9719492538017249,0.29186,0.3915320419834632,0.29961,False,/data/suehara/part/march/datasets/20250711_ilc_nnqq_sgv_10m_3cat_parquet,val50k_tail,150000,proxy
46,46,5640000,,lr_3e-6,7.257600000000001e-06,validation_total_reference_mistag_geomean_percent,0.41411232914406004,min,1.002746588766555,1.002746588766555,0.5755920164418319,0.29793502385460663,0.41411232914406004,,0.18676573701391636,0.07226738934056007,3.160959907162237,0.18468332288402667,0.5211047586272591,0.06825253270468573,2.673668237450836,1.1542708249489186,0.018373913538251577,0.020374605732824163,93,49795,0.011079490610833907,0.013083976423049237,36,49815,0.07746889442838308,0.07935013147811615,1574,49795,0.018262574315981023,0.02026254688189096,92,49815,0.031256497509216975,0.03323981829318114,260,49894,0.010741628260397998,0.012746275259981359,34,49815,0.0712748722765652,0.07317190932731102,1334,49894,0.04688684172249446,0.0488478875390207,575,49815,0.88932,0.9717301035584621,0.29261,0.3915320419834632,0.30013,False,/data/suehara/part/march/datasets/20250711_ilc_nnqq_sgv_10m_3cat_parquet,val50k_tail,150000,proxy
46,46,5640000,,lr_6e-6,8.1648e-06,validation_total_reference_mistag_geomean_percent,0.4140346693907101,min,1.0022455165527246,1.0022455165527246,0.5753761516173086,0.29793502385460663,0.4140346693907101,,0.18676573701391636,0.07226738934056007,3.160959907162237,0.18468332288402667,0.5211047586272591,0.06825253270468573,2.6696596597401934,1.1542708249489186,0.018373913538251577,0.020374605732824163,93,49795,0.011079490610833907,0.013083976423049237,36,49815,0.07746889442838308,0.07935013147811615,1574,49795,0.018262574315981023,0.02026254688189096,92,49815,0.031256497509216975,0.03323981829318114,260,49894,0.010741628260397998,0.012746275259981359,34,49815,0.07122212747323296,0.07311932520132174,1332,49894,0.04688684172249446,0.0488478875390207,575,49815,0.88935,0.9717340174027415,0.29259,0.3915320419834632,0.30013,False,/data/suehara/part/march/datasets/20250711_ilc_nnqq_sgv_10m_3cat_parquet,val50k_tail,150000,proxy
46,46,5640000,,lr_9e-6,9.072e-06,validation_total_reference_mistag_geomean_percent,0.41495015734014923,min,1.0140870084075402,1.0140870084075402,0.5633568302927341,0.3056386712967405,0.41495015734014923,,0.18285208177273665,0.07208939295926342,3.241103498907872,0.20425327780446675,0.5120584866802755,0.06407945852857544,2.6988494803347534,1.1374103902723782,0.018175537696189924,0.02017751277693478,91,49767,0.011052208867069247,0.013051764749612163,36,49938,0.07844706751689162,0.0803261422821,1613,49767,0.019230681071048198,0.02122494394078689,102,49938,0.031005519947991094,0.03299298747911289,255,49799,0.010368136028271534,0.012368012699469248,32,49938,0.0716726095927045,0.07357225419613866,1344,49799,0.04648365677470904,0.0484405477661631,568,49938,0.88925,0.9717675576816313,0.29272,0.3915320419834632,0.29938,False,/data/suehara/part/march/datasets/20250711_ilc_nnqq_sgv_10m_3cat_parquet,val50k_tail,150000,proxy
47,47,5760000,,lr_14e-6,1.08864e-05,validation_total_reference_mistag_geomean_percent,0.4016726627873346,min,0.9785538620115872,0.9785538620115872,0.5490568098838866,0.29385106445503856,0.4016726627873346,,0.17456558909919723,0.07422117820503076,3.0518880576997587,0.1885619195842799,0.5038642844748125,0.060179336184897486,2.6397671111223895,1.135383419722332,0.017725844090015756,0.019725299713422302,87,49838,0.011236800616966011,0.013239760531147437,37,49851,0.07611317346483022,0.07799716439091213,1521,49838,0.01845662460069836,0.02045499730732982,94,49851,0.030745066046116484,0.03273222421626655,251,49815,0.010027602290405079,0.012031125545864578,30,49851,0.07088282920282608,0.0727842356931737,1315,49815,0.04648148175430394,0.0484418691633284,566,49851,0.88957,0.9719333172552268,0.29168,0.3915320419834632,0.30007,False,/data/suehara/part/march/datasets/20250711_ilc_nnqq_sgv_10m_3cat_parquet,val50k_tail,150000,proxy
47,47,5760000,,lr_3e-6,7.257600000000001e-06,validation_total_reference_mistag_geomean_percent,0.40516054661551204,min,0.981814757646519,0.981814757646519,0.5583120093647754,0.29402030724818085,0.40516054661551204,,0.17255908258053768,0.07422117820503076,3.0619205403213297,0.19056788975256764,0.5018568842556569,0.0641912900443321,2.6518117301072643,1.1373894659054335,0.01761837181772992,0.01961790796045121,86,49838,0.011236800616966011,0.013239760531147437,37,49851,0.07623590863052587,0.078119496960034,1526,49838,0.018559409815262176,0.02055770204456818,95,49851,0.03068212083085992,0.03266935959469397,250,49815,0.010386226064514049,0.012389588365322661,32,49851,0.07104227862819654,0.0729432015564406,1321,49815,0.04652293034359909,0.0484832372752984,567,49851,0.88951,0.971917898607459,0.29174,0.3915320419834632,0.30011,False,/data/suehara/part/march/datasets/20250711_ilc_nnqq_sgv_10m_3cat_parquet,val50k_tail,150000,proxy
47,47,5760000,,lr_6e-6,8.1648e-06,validation_total_reference_mistag_geomean_percent,0.41575839216529387,min,0.9989375603312451,0.9989375603312451,0.5697377357091005,0.30339405277541154,0.41575839216529387,,0.1706724446400529,0.0781203064162214,3.1724997098515297,0.20030847064348178,0.5122745070972016,0.06810488351587471,2.6497649271654278,1.139755233320171,0.017522568406417357,0.01952358549542829,85,49803,0.01154420969721084,0.013544124755889226,39,49923,0.07760125877167498,0.07948173023386365,1580,49803,0.019037912331581294,0.021032932423118357,100,49923,0.031018569698871255,0.03300686699296007,255,49778,0.010718396659256842,0.012718712944750086,34,49923,0.07104124963045085,0.07294366772015067,1319,49778,0.04653886240817834,0.048496247424481206,569,49923,0.88945,0.9719895974026808,0.2917,0.3915320419834632,0.29911,False,/data/suehara/part/march/datasets/20250711_ilc_nnqq_sgv_10m_3cat_parquet,val50k_tail,150000,proxy
47,47,5760000,,lr_9e-6,9.072e-06,validation_total_reference_mistag_geomean_percent,0.41961797902300535,min,1.0072115966641588,1.0072115966641588,0.5721396521077288,0.3077557160575845,0.41961797902300535,,0.1786287647478575,0.0781203064162214,3.209296657021417,0.20030847064348178,0.5185200247265439,0.06810488351587471,2.666961566896893,1.1377520993449801,0.01794398446189711,0.019943838801153274,89,49824,0.01154420969721084,0.013544124755889226,39,49923,0.07802484102899243,0.07990304286644573,1599,49824,0.019037912331581294,0.021032932423118357,100,49923,0.031218430553205893,0.033207315958277014,258,49757,0.010718396659256842,0.012718712944750086,34,49923,0.07128324204578387,0.0731857718326491,1327,49757,0.04649754792395971,0.04845501318562571,568,49923,0.88919,0.9718995886288795,0.29228,0.3915320419834632,0.2991,False,/data/suehara/part/march/datasets/20250711_ilc_nnqq_sgv_10m_3cat_parquet,val50k_tail,150000,proxy
48,48,5880000,,lr_14e-6,1.08864e-05,validation_total_reference_mistag_geomean_percent,0.4115099075353774,min,0.9993621248957114,0.9993621248957114,0.5609111021967342,0.30190239297559907,0.4115099075353774,,0.18674698245873192,0.07214284141696573,3.2389558375592182,0.19037694728519963,0.49996986570786217,0.06813490511598987,2.6363872612161914,1.1021823584055321,0.01837207024314705,0.020372562322103237,93,49800,0.011060401430909703,0.013061437748378807,36,49901,0.0783959227650545,0.08027383863729518,1613,49800,0.01854082877203332,0.020537126437603755,95,49901,0.03062640867657271,0.03261420203126992,249,49803,0.01072312086878264,0.012724317818519498,34,49901,0.07084643654656775,0.07274843689327876,1313,49803,0.04576742257209939,0.04772717639675624,550,49901,0.88936,0.9718583564823705,0.29227,0.3915320419834632,0.29922,False,/data/suehara/part/march/datasets/20250711_ilc_nnqq_sgv_10m_3cat_parquet,val50k_tail,150000,proxy
48,48,5880000,,lr_3e-6,7.257600000000001e-06,validation_total_reference_mistag_geomean_percent,0.40300146695851485,min,1.0042270226315926,1.0042270226315926,0.5532300121506709,0.2935671941212092,0.40300146695851485,,0.18461292301729,0.06817862533515054,3.1986193459463785,0.18448335539912203,0.5200698589932662,0.060157611178858594,2.714804853724437,1.102889607458237,0.018255616920949187,0.020254829806877657,92,49834,0.010729999885116404,0.012732479186178952,34,49869,0.0778898067942884,0.07976806025404848,1594,49834,0.018242814533888426,0.02024062951899504,92,49869,0.03125288127597686,0.033239947262157614,259,49801,0.010023983695966727,0.012026784673991752,30,49869,0.07187984841030247,0.07377877596648173,1352,49801,0.045796637076824485,0.04775762004972737,550,49869,0.88932,0.9718066523378092,0.29237,0.3915320419834632,0.29824,False,/data/suehara/part/march/datasets/20250711_ilc_nnqq_sgv_10m_3cat_parquet,val50k_tail,150000,proxy
48,48,5880000,,lr_6e-6,8.1648e-06,validation_total_reference_mistag_geomean_percent,0.41682572179919336,min,0.9964241560830821,0.9964241560830821,0.5629705419365534,0.3086194914493402,0.41682572179919336,,0.18234645068821762,0.07628530779613124,3.1539925960389565,0.20677332833563813,0.49813200498132004,0.06825527372389426,2.6854938625098117,1.1001144245906864,0.018125316896456318,0.02012177638195825,91,49905,0.011408594517029651,0.013412999491251822,38,49813,0.07730081620048457,0.07917818595218201,1574,49905,0.019377651162066523,0.02137681712616247,103,49813,0.030573604524389546,0.032562150449832586,248,49786,0.010742059425009531,0.012746786799854873,34,49813,0.07150664615801286,0.07340732328601982,1337,49786,0.04576353736586401,0.04772683626063402,548,49813,0.88989,0.9720276018360915,0.29155,0.3915320419834632,0.29887,False,/data/suehara/part/march/datasets/20250711_ilc_nnqq_sgv_10m_3cat_parquet,val50k_tail,150000,proxy
48,48,5880000,,lr_9e-6,9.072e-06,validation_total_reference_mistag_geomean_percent,0.42045381864730413,min,1.014533094790963,1.014533094790963,0.5859860645750112,0.3016819414354359,0.42045381864730413,,0.17456558909919723,0.07418397626112759,3.222440648697128,0.1984922632358261,0.5282185375239401,0.07217900322312026,2.701345530662442,1.1448392096249227,0.017725844090015756,0.019725299713422302,87,49838,0.011231169877166741,0.013233127333458768,37,49876,0.07817039267825204,0.08004753946258131,1606,49838,0.01895572516000077,0.020952698022810988,99,49876,0.03150648774580414,0.033493665407720224,263,49790,0.011065943826192928,0.013067981679154008,36,49876,0.07171169500699327,0.07361158271152989,1345,49790,0.04666507310561695,0.04862409874063049,571,49876,0.88913,0.9717361082958708,0.29296,0.3915320419834632,0.2984,False,/data/suehara/part/march/datasets/20250711_ilc_nnqq_sgv_10m_3cat_parquet,val50k_tail,150000,proxy
49,49,6000000,,lr_14e-6,1.08864e-05,validation_total_reference_mistag_geomean_percent,0.40654075675384016,min,1.0100987901674088,1.0100987901674088,0.5596000050349057,0.2953455779395066,0.40654075675384016,,0.18492090974225295,0.06815539163059778,3.20395566498971,0.18842961215518209,0.5173762261297888,0.06013711143952917,2.6831371283849346,1.1746782768672748,0.01828604881843076,0.020288584559461764,92,49751,0.010726344309129403,0.012728142156492471,34,49886,0.0780176795733431,0.07989885196040825,1594,49751,0.018443685897618082,0.020440661878553635,94,49886,0.031149729867763123,0.03313427401548308,258,49867,0.010020568531765844,0.012022687836890752,30,49886,0.07141837020287513,0.07331605460390127,1338,49867,0.047270386348391945,0.04922782302462219,586,49886,0.88908,0.9717295359220759,0.29286,0.3915320419834632,0.29913,False,/data/suehara/part/march/datasets/20250711_ilc_nnqq_sgv_10m_3cat_parquet,val50k_tail,150000,proxy
49,49,6000000,,lr_3e-6,7.257600000000001e-06,validation_total_reference_mistag_geomean_percent,0.4043642752630034,min,1.0026920323018658,1.0026920323018658,0.5520700780966801,0.2961770137455984,0.4043642752630034,,0.17635978084197157,0.07218913553510196,3.206541273742205,0.18849384513063128,0.5187285167471917,0.060157611178858594,2.6941713098463502,1.1048947853926152,0.017811272360841693,0.019808251868489585,88,49898,0.01106749669239908,0.01306981515498038,36,49869,0.07793484496626535,0.07981037187685114,1600,49898,0.018449968144010127,0.020447622290635514,94,49869,0.03123095415754496,0.033220630923318575,258,49737,0.010023983695966727,0.012026784673991752,30,49869,0.07165533898945871,0.07355753966736094,1340,49737,0.045838688672929055,0.04779959122659123,551,49869,0.88941,0.9719951482315778,0.29188,0.3915320419834632,0.29868,False,/data/suehara/part/march/datasets/20250711_ilc_nnqq_sgv_10m_3cat_parquet,val50k_tail,150000,proxy
49,49,6000000,,lr_6e-6,8.1648e-06,validation_total_reference_mistag_geomean_percent,0.42450436921884294,min,1.005662857807653,1.005662857807653,0.5731767454167865,0.31439509876635363,0.42450436921884294,,0.19074007241230775,0.07832583873998661,3.192386516677694,0.20485218609440756,0.5049492904890764,0.0702924180034053,2.661002724100842,1.1427538159435047,0.018576164625378182,0.020576255372804123,95,49806,0.011574572540000688,0.013579740903606988,39,49792,0.07783699583080728,0.07971655547264617,1590,49806,0.019287019403903847,0.021287105673656978,102,49792,0.030751837972777755,0.032735329294448445,252,49906,0.01091679897730521,0.01292229001353711,35,49792,0.07109963322018513,0.07299672169735101,1328,49906,0.046660639113287224,0.048623053354002015,569,49792,0.88904,0.9716375232223219,0.29324,0.3915320419834632,0.30039,False,/data/suehara/part/march/datasets/20250711_ilc_nnqq_sgv_10m_3cat_parquet,val50k_tail,150000,proxy
49,49,6000000,,lr_9e-6,9.072e-06,validation_total_reference_mistag_geomean_percent,0.4166205246020852,min,1.0054609189428112,1.0054609189428112,0.5653575491057915,0.30701396274667453,0.4166205246020852,,0.18479832968658164,0.07412007742073712,3.205849344501008,0.20232776962839621,0.512037922808658,0.06610709122827008,2.6666132280674306,1.1318335882014086,0.01827393724700751,0.02027515053097738,92,49784,0.011221498193697034,0.0132217337676345,37,49919,0.07801470971409499,0.07989455909568136,1596,49784,0.019138961863944776,0.02113406091158146,101,49919,0.031004277687212648,0.03299166622940429,255,49801,0.010546976017507032,0.0125475326243383,33,49919,0.07124756835455923,0.0731484312468042,1328,49801,0.04637707435219858,0.048334933584154305,565,49919,0.88917,0.9716582861689952,0.29315,0.3915320419834632,0.29904,False,/data/suehara/part/march/datasets/20250711_ilc_nnqq_sgv_10m_3cat_parquet,val50k_tail,150000,proxy
50,50,6120000,,lr_14e-6,1.08864e-05,validation_total_reference_mistag_geomean_percent,0.4183880091364125,min,1.0110677093634215,1.0110677093634215,0.562735150731303,0.3110673395142392,0.4183880091364125,,0.18460922034266508,0.07817511492944296,3.204575086416404,0.2024535006606244,0.518270014438742,0.06213919331008474,2.673710778345578,1.164608766463831,0.018255250889103465,0.020254423807861265,92,49835,0.01155230630149746,0.013553622218342791,39,49888,0.07796006847339138,0.07983804523325061,1597,49835,0.019150844281424315,0.021147178002451715,101,49888,0.031203415479481335,0.033191352082160945,258,49781,0.010200781979202884,0.01220274076002472,31,49888,0.07135521871000916,0.07325656012443435,1331,49781,0.0470645514786568,0.049022313361094146,581,49888,0.88912,0.9717066830573957,0.29299,0.3915320419834632,0.29873,False,/data/suehara/part/march/datasets/20250711_ilc_nnqq_sgv_10m_3cat_parquet,val50k_tail,150000,proxy
50,50,6120000,,lr_3e-6,7.257600000000001e-06,validation_total_reference_mistag_geomean_percent,0.4217643863292176,min,1.0125732260799458,1.0125732260799458,0.5716754019674033,0.31116468709948875,0.4217643863292176,,0.18460922034266508,0.07817511492944296,3.20858841827903,0.2024535006606244,0.518270014438742,0.0661481722287816,2.679737145656324,1.162604222103956,0.018255250889103465,0.020254423807861265,92,49835,0.01155230630149746,0.013553622218342791,39,49888,0.07800789370774955,0.07988570940959047,1599,49835,0.019150844281424315,0.021147178002451715,101,49888,0.031203415479481335,0.033191352082160945,258,49781,0.010553528158299762,0.01255532622312746,33,49888,0.07143452422627497,0.07333562352926995,1334,49781,0.047023652587642635,0.048981494828076975,580,49888,0.8891,0.9716912970171471,0.29306,0.3915320419834632,0.29876,False,/data/suehara/part/march/datasets/20250711_ilc_nnqq_sgv_10m_3cat_parquet,val50k_tail,150000,proxy
50,50,6120000,,lr_6e-6,8.1648e-06,validation_total_reference_mistag_geomean_percent,0.4181325729721264,min,1.0126413772661478,1.0126413772661478,0.5689872165901949,0.3072737725603649,0.4181325729721264,,0.1826758941184472,0.07615077891407986,3.1978319386490166,0.20039678171379366,0.5222141830363262,0.0641269714033787,2.697437052016091,1.1602974182780483,0.018158038057255414,0.0201580912168494,91,49815,0.011388481547569301,0.013389357232770654,38,49901,0.0778950829559668,0.07977408440215453,1593,49815,0.01904629838702049,0.02104219447192153,100,49901,0.031322884350702164,0.03331038302759239,260,49788,0.010375821785125267,0.012377179367129877,32,49901,0.07166191976401108,0.07356204078940061,1343,49788,0.046970544962304274,0.0489279696190786,579,49901,0.88914,0.9716465775601493,0.29323,0.3915320419834632,0.29944,False,/data/suehara/part/march/datasets/20250711_ilc_nnqq_sgv_10m_3cat_parquet,val50k_tail,150000,proxy
50,50,6120000,,lr_9e-6,9.072e-06,validation_total_reference_mistag_geomean_percent,0.4162918119939942,min,1.0023613125998208,1.0023613125998208,0.563849530902082,0.3073495023681026,0.4162918119939942,,0.17862518137531577,0.07623633001731976,3.171098756130271,0.20664058644860772,0.4896255652442353,0.06620523428668224,2.656820614440442,1.1736382328556922,0.017943624596219943,0.019943438942619015,89,49825,0.011401272495468226,0.01340439265224584,38,49845,0.07756753464982433,0.07944723204291251,1580,49825,0.019365221998437696,0.021363109869648386,103,49845,0.030290212919851026,0.032277184905128535,244,49834,0.010562630100963751,0.012566152741246527,33,49845,0.07109509510639274,0.07299509227125557,1324,49834,0.04726829887351843,0.04922738733483239,585,49845,0.88911,0.971830777204612,0.2926,0.3915320419834632,0.29887,False,/data/suehara/part/march/datasets/20250711_ilc_nnqq_sgv_10m_3cat_parquet,val50k_tail,150000,proxy
51,51,6240000,,lr_14e-6,1.08864e-05,validation_total_reference_mistag_geomean_percent,0.4096792597437185,min,1.0235199322835573,1.0235199322835573,0.5633673912943239,0.2979176616498147,0.4096792597437185,,0.17673167430932638,0.06827171877385593,3.317735464309449,0.1967832000186406,0.5189340946731655,0.062247745418879,2.6868362509294985,1.1606193098356448,0.01784880322976785,0.019849978806379107,88,49793,0.01074464713973828,0.012749856901536964,34,49801,0.0793291906432951,0.08120420629077682,1652,49793,0.01888347653373689,0.020883525399359837,98,49801,0.03118478925205701,0.033167561222911465,259,49910,0.010218598040858253,0.012224049719665172,31,49801,0.07143653783768245,0.0733324390896975,1341,49910,0.04702329797300203,0.04898464011730691,578,49801,0.88884,0.9716555100363008,0.29339,0.3915320419834632,0.29972,False,/data/suehara/part/march/datasets/20250711_ilc_nnqq_sgv_10m_3cat_parquet,val50k_tail,150000,proxy
51,51,6240000,,lr_3e-6,7.257600000000001e-06,validation_total_reference_mistag_geomean_percent,0.40697344204342817,min,1.0131668037443493,1.0131668037443493,0.5644578208854681,0.293427385360442,0.40697344204342817,,0.18421737020034426,0.0662597365496051,3.2177970652258034,0.18873986534083362,0.5124701112536203,0.062243994787977215,2.6909703687765973,1.182635917820013,0.018216534576605464,0.02021148001825762,92,49941,0.010571323331151758,0.012576493103737913,33,49804,0.07803554659826656,0.07990900793339584,1607,49941,0.018474028014235276,0.02047427940023061,94,49804,0.031030386085287298,0.03301943471447112,255,49759,0.010217982657985642,0.012223313689148557,31,49804,0.0715977073881633,0.07349919571301468,1339,49759,0.047469919845912444,0.04943025973416278,589,49804,0.8889,0.9718588241618086,0.29271,0.3915320419834632,0.29927,False,/data/suehara/part/march/datasets/20250711_ilc_nnqq_sgv_10m_3cat_parquet,val50k_tail,150000,proxy
51,51,6240000,,lr_6e-6,8.1648e-06,validation_total_reference_mistag_geomean_percent,0.40651591042072033,min,1.0131668067672317,1.0131668067672317,0.5646972540167621,0.2926438622637286,0.40651591042072033,,0.18421737020034426,0.0662597365496051,3.2177970652258034,0.1867319985520976,0.5124701112536203,0.062243994787977215,2.6909703687765973,1.1846438087918083,0.018216534576605464,0.02021148001825762,92,49941,0.010571323331151758,0.012576493103737913,33,49804,0.07803554659826656,0.07990900793339584,1607,49941,0.018370595873329103,0.020370927888612778,93,49804,0.031030386085287298,0.03301943471447112,255,49759,0.010217982657985642,0.012223313689148557,31,49804,0.0715977073881633,0.07349919571301468,1339,49759,0.04751056174538363,0.049470821004345654,590,49804,0.8889,0.9718620957126283,0.29269,0.3915320419834632,0.29927,False,/data/suehara/part/march/datasets/20250711_ilc_nnqq_sgv_10m_3cat_parquet,val50k_tail,150000,proxy
51,51,6240000,,lr_9e-6,9.072e-06,validation_total_reference_mistag_geomean_percent,0.4288936809441573,min,1.0192064681779507,1.0192064681779507,0.5807954566128768,0.31672043480952783,0.4288936809441573,,0.1886868288094292,0.08204922753336505,3.215705218516556,0.20212127412148828,0.531016187502127,0.06804082216768657,2.6993321998933424,1.1666999868796097,0.018468840587558044,0.020468531997661618,94,49818,0.01184850685936042,0.01384638365872255,41,49970,0.07810578744558011,0.07998395821710025,1602,49818,0.019119445421458263,0.021112516551803413,101,49970,0.03161474240526352,0.03360476528790493,264,49716,0.010708317962347853,0.012706755423095314,34,49970,0.07173795820580656,0.07364075474594611,1342,49716,0.04706930301915501,0.04902376860839667,583,49970,0.88913,0.9716680258110606,0.29338,0.3915320419834632,0.29911,False,/data/suehara/part/march/datasets/20250711_ilc_nnqq_sgv_10m_3cat_parquet,val50k_tail,150000,proxy
52,52,6360000,,lr_14e-6,1.08864e-05,validation_total_reference_mistag_geomean_percent,0.4099585688222604,min,1.0258082878714982,1.0258082878714982,0.5435013531249047,0.3092283527621171,0.4099585688222604,,0.19068264363143364,0.07411413613152798,3.32992119217845,0.1942992200873896,0.516479084157499,0.05608637466013211,2.7491962493875386,1.0956874027380148,0.01857057632842598,0.020570067210210517,95,49821,0.011220599348981036,0.013220674898385383,37,49923,0.07944954137783095,0.08132301409600334,1659,49821,0.018736327215126816,0.0207315880427528,97,49923,0.031154412854811787,0.03314326038200448,257,49760,0.009642969792737398,0.011643767550408479,28,49923,0.07235675360724031,0.07425586350690086,1368,49760,0.04562110158442996,0.047580251998718265,547,49923,0.88915,0.9718142162633735,0.29285,0.3915320419834632,0.29747,False,/data/suehara/part/march/datasets/20250711_ilc_nnqq_sgv_10m_3cat_parquet,val50k_tail,150000,proxy
52,52,6360000,,lr_3e-6,7.257600000000001e-06,validation_total_reference_mistag_geomean_percent,0.40997477006049954,min,1.0127612031166755,1.0127612031166755,0.560943716399448,0.299636678640447,0.40997477006049954,,0.18676573701391636,0.07010656077426672,3.235264661258556,0.1902892328976913,0.5182283763247695,0.06209438164092287,2.6996082363261173,1.139732438697165,0.018373913538251577,0.020374605732824163,93,49795,0.010887942586388928,0.01288813861795732,35,49924,0.07835603554794471,0.08023428823551795,1611,49795,0.018532293979957468,0.020527675482625716,95,49924,0.031200914371302263,0.033188692928244265,258,49785,0.010193427974593055,0.012193944974754796,31,49924,0.07169249617845937,0.07359264448056173,1344,49785,0.04653793525945405,0.048495281983810916,569,49924,0.88892,0.9716981916986521,0.29293,0.3915320419834632,0.2984,False,/data/suehara/part/march/datasets/20250711_ilc_nnqq_sgv_10m_3cat_parquet,val50k_tail,150000,proxy
52,52,6360000,,lr_6e-6,8.1648e-06,validation_total_reference_mistag_geomean_percent,0.4106397665884691,min,1.014869928517032,1.014869928517032,0.5668570834942781,0.2974736010431005,0.4106397665884691,,0.18250370487867693,0.06814173447498466,3.238939429705035,0.19440437201004201,0.5085835897359487,0.06613756613756613,2.739918744368353,1.1203302868256486,0.018140935615352724,0.020139110466034026,91,49862,0.010724195133610906,0.01272559234246879,34,49896,0.07834755153874745,0.0802231330531783,1615,49862,0.01874645745107866,0.02074279372936906,97,49896,0.030913295673371498,0.03290302033597571,253,49746,0.010551836504030817,0.012553314045119933,33,49896,0.07224631910536829,0.07414633644159223,1363,49746,0.046148839501696653,0.04810806228915873,559,49896,0.88915,0.9718347256040211,0.29278,0.3915320419834632,0.2975,False,/data/suehara/part/march/datasets/20250711_ilc_nnqq_sgv_10m_3cat_parquet,val50k_tail,150000,proxy
52,52,6360000,,lr_9e-6,9.072e-06,validation_total_reference_mistag_geomean_percent,0.4076676409654416,min,1.015806820037462,1.015806820037462,0.5440381534047022,0.305480239667492,0.4076676409654416,,0.18665703001140632,0.07418249164609338,3.2675015075847904,0.19247349230957736,0.5180410875764204,0.05613810027489989,2.7267432807357497,1.1047175701607586,0.018363227572384174,0.02036275965335739,93,49824,0.011230944764949017,0.013232862143796492,37,49877,0.07871477880858,0.08059064427348231,1628,49824,0.018651934045750097,0.020649108211323184,96,49877,0.03118966434444842,0.033176732006408825,258,49803,0.009651861329089363,0.011654502248944782,28,49877,0.0720341114203115,0.07393248330333883,1358,49803,0.045831374914249295,0.04779197006219808,551,49877,0.88925,0.9717983154674764,0.29272,0.3915320419834632,0.29965,False,/data/suehara/part/march/datasets/20250711_ilc_nnqq_sgv_10m_3cat_parquet,val50k_tail,150000,proxy
53,53,6480000,,lr_14e-6,1.08864e-05,validation_total_reference_mistag_geomean_percent,0.4111139680841138,min,1.0028024567354283,1.0028024567354283,0.5644483764077098,0.2994333969556568,0.4111139680841138,,0.17715148116759952,0.07209660663661938,3.174635084208169,0.19826567152240482,0.5230880360453121,0.06408587507259728,2.685586027953477,1.1275108712772473,0.01789116997711719,0.019897082229124133,88,49675,0.011053315260992957,0.013053071074288231,36,49933,0.07772560919027012,0.07961084008130948,1577,49675,0.018934105101947617,0.020928807482049113,99,49933,0.03131685658018879,0.033300018372557555,261,49896,0.010369173978619762,0.012369250644816228,32,49933,0.07143002473658823,0.07332650805145953,1340,49896,0.046281188518695025,0.048238671962257985,563,49933,0.88957,0.9719729432158287,0.29181,0.3915320419834632,0.29961,False,/data/suehara/part/march/datasets/20250711_ilc_nnqq_sgv_10m_3cat_parquet,val50k_tail,150000,proxy
53,53,6480000,,lr_3e-6,7.257600000000001e-06,validation_total_reference_mistag_geomean_percent,0.4114258122068439,min,1.002026762398317,1.002026762398317,0.5553821971898156,0.30478326422157265,0.4114258122068439,,0.1924889143232829,0.07207495725168475,3.170051871410369,0.19620405509137787,0.49916472016849855,0.06206454621891905,2.6769719083585626,1.147193126363841,0.01865342876389913,0.020650762488009393,96,49873,0.011049996743563172,0.013049152884508669,36,49948,0.07751809698423491,0.07939602729133341,1581,49873,0.01882794820656348,0.02082213411410054,98,49948,0.030636843520034582,0.03262947033332575,248,49683,0.010188531192789391,0.012188088159009769,31,49948,0.07146760131020238,0.07337256178027371,1330,49683,0.04668049742061614,0.04863660492704057,573,49948,0.88922,0.9718746789868318,0.29243,0.3915320419834632,0.30012,False,/data/suehara/part/march/datasets/20250711_ilc_nnqq_sgv_10m_3cat_parquet,val50k_tail,150000,proxy
53,53,6480000,,lr_6e-6,8.1648e-06,validation_total_reference_mistag_geomean_percent,0.41488207450518566,min,1.0067383119302789,1.0067383119302789,0.570508241858418,0.30170841210816884,0.41488207450518566,,0.18666451564978712,0.07235162749651534,3.2134398040241057,0.19092791736960435,0.5207811844911211,0.06833209464729145,2.6980469974212813,1.1033623543425237,0.01836396413648525,0.020363576182098213,93,49822,0.011092401956924052,0.013099220895429746,36,49757,0.07807572728024473,0.0799538381990629,1601,49822,0.018594443190145315,0.020596496009404844,95,49757,0.031237135639099363,0.03321923790358047,260,49925,0.010754146103042884,0.01276112660491285,34,49757,0.07157279653403313,0.07346767907737244,1347,49925,0.04585699788956371,0.047822375825132615,549,49757,0.88928,0.9718308671114375,0.29254,0.3915320419834632,0.29868,False,/data/suehara/part/march/datasets/20250711_ilc_nnqq_sgv_10m_3cat_parquet,val50k_tail,150000,proxy
53,53,6480000,,lr_9e-6,9.072e-06,validation_total_reference_mistag_geomean_percent,0.4022065040226908,min,0.987580870816495,0.987580870816495,0.5483108201460213,0.2950335210147296,0.4022065040226908,,0.17900241769073552,0.07006445639193194,3.1436041181856713,0.192176795144627,0.49969897284777787,0.062057094193230126,2.6570338917168277,1.097009220361158,0.017981489469151873,0.019985511817313978,89,49720,0.010881405578319658,0.012880402096814177,35,49954,0.07731757746157197,0.07920235032682216,1563,49720,0.01862320733854103,0.020617314963296968,96,49954,0.03060985186947307,0.03259657904827653,249,49830,0.010187307732358323,0.012186624834048835,31,49954,0.07110072736973387,0.07300086849010741,1324,49830,0.045635037198050316,0.047592918921661106,548,49954,0.88974,0.9721063055667942,0.29104,0.3915320419834632,0.30019,False,/data/suehara/part/march/datasets/20250711_ilc_nnqq_sgv_10m_3cat_parquet,val50k_tail,150000,proxy
54,54,6600000,,lr_14e-6,1.08864e-05,validation_total_reference_mistag_geomean_percent,0.4157817907101422,min,1.0038988307909604,1.0038988307909604,0.5619821744382055,0.30761562439048756,0.4157817907101422,,0.18696097805787437,0.07614924992709955,3.170295315867628,0.19838884140262752,0.517459235359546,0.06412568634523666,2.7076354070759368,1.110175932291736,0.018393105756744303,0.020395881529523513,93,49743,0.011388253398606168,0.013389089049667825,38,49902,0.0776210313912163,0.07950385965923151,1577,49743,0.018945857258061097,0.02094179382130857,99,49902,0.031154716084038324,0.03313957532049862,258,49859,0.010375613912149449,0.012376931440701011,32,49902,0.07174495292048139,0.07364195911654173,1350,49859,0.04593437142936807,0.047893765616296644,554,49902,0.88943,0.9717852905959784,0.29246,0.3915320419834632,0.299,False,/data/suehara/part/march/datasets/20250711_ilc_nnqq_sgv_10m_3cat_parquet,val50k_tail,150000,proxy
54,54,6600000,,lr_3e-6,7.257600000000001e-06,validation_total_reference_mistag_geomean_percent,0.4127806289258266,min,1.0151901111931902,1.0151901111931902,0.561354171247935,0.3035300285337067,0.4127806289258266,,0.17623967735575083,0.07227319125134432,3.2864696152253967,0.20276645522059267,0.5144591145676333,0.06424283792736545,2.6868431356069444,1.1182268623904932,0.017799153313536806,0.019794777862994176,88,49932,0.011080380083444849,0.013085026626740923,36,49811,0.07885373859524217,0.08072478701618077,1641,49932,0.01918042261019324,0.021179829722647654,101,49811,0.031091526756272993,0.033080415502120555,256,49761,0.010394564523338303,0.012399533493147687,32,49811,0.07154209515413852,0.07344367293999655,1337,49761,0.04614355759885846,0.04810620808879378,557,49811,0.8891,0.9717739903630527,0.2927,0.3915320419834632,0.29961,False,/data/suehara/part/march/datasets/20250711_ilc_nnqq_sgv_10m_3cat_parquet,val50k_tail,150000,proxy
54,54,6600000,,lr_6e-6,8.1648e-06,validation_total_reference_mistag_geomean_percent,0.41498114681680964,min,1.002759078236477,1.002759078236477,0.5559696009291187,0.30974598597765723,0.41498114681680964,,0.18701360368730924,0.0760182473488265,3.1731988264887487,0.2040489722515068,0.5021391252392566,0.06201488417781678,2.6673629204563283,1.1502760462420238,0.01839827974478099,0.02040161722260982,93,49729,0.011368666726023425,0.013366065423961827,38,49988,0.07766667111835622,0.07954991267326642,1578,49729,0.019211462705188996,0.021203739047114065,102,49988,0.030699336742454324,0.03268768176082738,250,49787,0.010180380336290465,0.01217833929191783,31,49988,0.07126733955197424,0.07316870683058661,1328,49787,0.04672546111082979,0.04867988004034398,575,49988,0.88953,0.9718024468116506,0.29263,0.3915320419834632,0.29928,False,/data/suehara/part/march/datasets/20250711_ilc_nnqq_sgv_10m_3cat_parquet,val50k_tail,150000,proxy
54,54,6600000,,lr_9e-6,9.072e-06,validation_total_reference_mistag_geomean_percent,0.4159837782800093,min,1.0056559113266548,1.0056559113266548,0.5621902007510216,0.3078006403543624,0.4159837782800093,,0.18495065630729263,0.07614924992709955,3.180347031542449,0.20039277424067325,0.517459235359546,0.06412568634523666,2.711646724599207,1.110175932291736,0.01828898737511269,0.02029184397505147,92,49743,0.011388253398606168,0.013389089049667825,38,49902,0.07774157509490495,0.07962399922712207,1582,49743,0.019045917042409197,0.021041773292741674,100,49902,0.031154716084038324,0.03313957532049862,258,49859,0.010375613912149449,0.012376931440701011,32,49902,0.07179735081225408,0.0736941961053103,1352,49859,0.04593437142936807,0.047893765616296644,554,49902,0.88939,0.9717761840809257,0.29251,0.3915320419834632,0.29901,False,/data/suehara/part/march/datasets/20250711_ilc_nnqq_sgv_10m_3cat_parquet,val50k_tail,150000,proxy
55,55,6720000,,lr_14e-6,1.08864e-05,validation_total_reference_mistag_geomean_percent,0.39753408117757827,min,0.9907626799807916,0.9907626799807916,0.5566573851786538,0.28389697128868974,0.39753408117757827,,0.1684852391340698,0.06614419321080563,3.127005865402428,0.18640637431524043,0.5285688580384995,0.060131086061222284,2.6488735891002344,1.140486234583832,0.017395254402978587,0.01939423206960577,84,49856,0.010552893724389428,0.012554571580785484,33,49891,0.07701310003678692,0.07889339745634147,1559,49856,0.018338586773472793,0.020335443729863435,93,49891,0.03152733298826668,0.03351581448492709,263,49757,0.010019564514533784,0.012021483415930099,30,49891,0.07104424179645644,0.07294749861846139,1318,49757,0.046568550684319455,0.048527161834000486,569,49891,0.88947,0.9719597668725211,0.29159,0.3915320419834632,0.29992,False,/data/suehara/part/march/datasets/20250711_ilc_nnqq_sgv_10m_3cat_parquet,val50k_tail,150000,proxy
55,55,6720000,,lr_3e-6,7.257600000000001e-06,validation_total_reference_mistag_geomean_percent,0.4011407274131244,min,1.0005897904698469,1.0005897904698469,0.5532669275093314,0.2908431268681185,0.4011407274131244,,0.17252101599546965,0.07022049337782689,3.165560043740431,0.18658588263242343,0.5018870927116477,0.06018899284976513,2.69814502529511,1.1496097771561016,0.01761448688870674,0.019613583337514714,86,49849,0.01090563180373604,0.012909073722829772,35,49843,0.07748264969558126,0.07936166433986716,1578,49849,0.01835623315921322,0.0203550058949623,93,49843,0.03068396446918517,0.032671321701414555,250,49812,0.010029211393340067,0.012033055828239382,30,49843,0.07165415335068925,0.07355333047211199,1344,49812,0.046778298221204946,0.04873842943961867,573,49843,0.88933,0.9719491942158772,0.29182,0.3915320419834632,0.29994,False,/data/suehara/part/march/datasets/20250711_ilc_nnqq_sgv_10m_3cat_parquet,val50k_tail,150000,proxy
55,55,6720000,,lr_6e-6,8.1648e-06,validation_total_reference_mistag_geomean_percent,0.41293968378744245,min,1.0062902519619292,1.0062902519619292,0.5604220119566896,0.3042692449768568,0.41293968378744245,,0.1845832849831178,0.07425692988385481,3.2121504531453664,0.19467356769255265,0.5116885895224703,0.06422220884259539,2.6948930838506673,1.1138538977748076,0.018252689077113644,0.020251582270413647,92,49842,0.01124221144142639,0.013246134660139793,37,49827,0.07804489879124285,0.07992230783984491,1601,49842,0.018772395668332553,0.020771485594857603,97,49827,0.03098317447375867,0.03296922116401138,255,49835,0.010391227533660622,0.012395553526723052,32,49827,0.07159523297840739,0.07349366410661293,1343,49835,0.04604507700111792,0.04800727279727201,555,49827,0.88931,0.9718330801688362,0.29261,0.3915320419834632,0.29935,False,/data/suehara/part/march/datasets/20250711_ilc_nnqq_sgv_10m_3cat_parquet,val50k_tail,150000,proxy
55,55,6720000,,lr_9e-6,9.072e-06,validation_total_reference_mistag_geomean_percent,0.42167403873635984,min,1.004078657764282,1.004078657764282,0.5850088770447367,0.3039423877505293,0.42167403873635984,,0.18454625601670469,0.07415126804370906,3.175399184007299,0.19640065589955372,0.5326204853107568,0.07214718095370788,2.6450134175828657,1.152350814299658,0.018249030592715623,0.020247524313979318,92,49852,0.011226219492062784,0.013227295615087767,37,49898,0.07759831163929795,0.07947681848215274,1583,49852,0.018846798707689797,0.02084297495742061,98,49898,0.03165196291698563,0.033640401446065164,265,49754,0.011061066225189245,0.01306222267400595,36,49898,0.07099523544555342,0.07289876218794025,1316,49754,0.046809277462957904,0.04876713831004423,575,49898,0.88915,0.9718032791088778,0.29279,0.3915320419834632,0.29907,False,/data/suehara/part/march/datasets/20250711_ilc_nnqq_sgv_10m_3cat_parquet,val50k_tail,150000,proxy
56,56,6840000,,lr_14e-6,1.08864e-05,validation_total_reference_mistag_geomean_percent,0.4295373443977613,min,1.0240656501691565,1.0240656501691565,0.5843422213671482,0.31574362331822037,0.4295373443977613,,0.18074466936158323,0.08030193212800708,3.311643874986151,0.20677747763660057,0.5190588763059634,0.07427929049495287,2.699507044211554,1.1202120362284393,0.018060532173357804,0.02006150638088741,90,49794,0.011728986033151926,0.013733269977693464,40,49812,0.07925709938723449,0.08113232204118928,1649,49794,0.01937803983051889,0.0213772457613668,103,49812,0.031192271083731356,0.03317551488099726,259,49898,0.011245595853679456,0.01325012160839689,37,49812,0.07161100909000608,0.07350685842589418,1347,49898,0.04618446129876653,0.048146992686271504,558,49812,0.88887,0.9717187132188285,0.29326,0.3915320419834632,0.29893,False,/data/suehara/part/march/datasets/20250711_ilc_nnqq_sgv_10m_3cat_parquet,val50k_tail,150000,proxy
56,56,6840000,,lr_3e-6,7.257600000000001e-06,validation_total_reference_mistag_geomean_percent,0.4305178337626482,min,1.0273283939087028,1.0273283939087028,0.5847123158361872,0.31698597783531135,0.4305178337626482,,0.18074466936158323,0.08030193212800708,3.3317266371064216,0.20878502762604134,0.5190588763059634,0.07427929049495287,2.701511170177355,1.1222195480692974,0.018060532173357804,0.02006150638088741,90,49794,0.011728986033151926,0.013733269977693464,40,49812,0.07949190599830236,0.0813663220354921,1659,49794,0.019476317465664823,0.021475442793120712,104,49812,0.031192271083731356,0.03317551488099726,259,49898,0.011245595853679456,0.01325012160839689,37,49812,0.0716372252696728,0.07353299427976905,1348,49898,0.0462262477392705,0.04818869852338346,559,49812,0.88887,0.9717035421899172,0.29336,0.3915320419834632,0.29896,False,/data/suehara/part/march/datasets/20250711_ilc_nnqq_sgv_10m_3cat_parquet,val50k_tail,150000,proxy
56,56,6840000,,lr_6e-6,8.1648e-06,validation_total_reference_mistag_geomean_percent,0.4095052376073072,min,1.0059933172733588,1.0059933172733588,0.5544848982616514,0.30243301513449905,0.4095052376073072,,0.1826025793728854,0.07010234925876949,3.2306611114209227,0.20229535591153974,0.522697119048464,0.0620906541741564,2.697921210046644,1.0795761589534885,0.01815075648255067,0.020150009930317667,91,49835,0.010887288532163412,0.012887364547648493,35,49927,0.07827034514187176,0.08014727502461128,1610,49835,0.01913589782684853,0.02113067849696497,101,49927,0.03135178155806084,0.033341098763813456,260,49742,0.010192815619471562,0.012193212564979,31,49927,0.07170096001829947,0.07360281872108056,1342,49742,0.04527904743779655,0.04723868627046664,539,49927,0.8895,0.971811881185369,0.29255,0.3915320419834632,0.29949,False,/data/suehara/part/march/datasets/20250711_ilc_nnqq_sgv_10m_3cat_parquet,val50k_tail,150000,proxy
56,56,6840000,,lr_9e-6,9.072e-06,validation_total_reference_mistag_geomean_percent,0.42739228775922783,min,1.0124813259260361,1.0124813259260361,0.5849115208897607,0.31229367367939675,0.42739228775922783,,0.17627498381043813,0.0802938724366387,3.2190215804634135,0.20876407754316384,0.5164271931509096,0.07427183546177327,2.690646108558226,1.1341509559837253,0.017802716026906525,0.019798738902575795,88,49922,0.01172780919803199,0.013731892305519857,40,49817,0.07806477060857478,0.07993889589456363,1607,49922,0.019474364442491624,0.02147328996834493,104,49817,0.03115129009756525,0.03313993989028019,257,49765,0.011244467489871065,0.013248792358998045,37,49817,0.07158918965084714,0.07349046176287725,1339,49765,0.04647151984558066,0.04843329466622231,565,49817,0.88907,0.9717490247523655,0.29303,0.3915320419834632,0.30038,False,/data/suehara/part/march/datasets/20250711_ilc_nnqq_sgv_10m_3cat_parquet,val50k_tail,150000,proxy
57,57,6960000,,lr_14e-6,1.08864e-05,validation_total_reference_mistag_geomean_percent,0.4105880919102329,min,1.0029722069888563,1.0029722069888563,0.5692504360428257,0.2961483567591033,0.4105880919102329,,0.1745866088746346,0.07218624120725849,3.170653458029608,0.19249664887349396,0.512037922808658,0.06617072013484869,2.678661020998363,1.1569850349839854,0.017727976775475867,0.01972767229406747,87,49832,0.011067052971870281,0.013069291252248039,36,49871,0.07755681039113005,0.07943626162242728,1580,49832,0.018654176212814264,0.020651589725754062,96,49871,0.031004277687212648,0.03299166622940429,255,49801,0.01055712472519503,0.012559604243944688,33,49871,0.07140621518746983,0.0733065942456982,1334,49801,0.04691663622233052,0.04887537118297581,577,49871,0.88901,0.9718191197946203,0.29261,0.3915320419834632,0.3007,False,/data/suehara/part/march/datasets/20250711_ilc_nnqq_sgv_10m_3cat_parquet,val50k_tail,150000,proxy
57,57,6960000,,lr_3e-6,7.257600000000001e-06,validation_total_reference_mistag_geomean_percent,0.41292002669929084,min,1.0124937625181507,1.0124937625181507,0.5613440595873989,0.30374054118372035,0.41292002669929084,,0.17265609653903774,0.07620575703238112,3.258381793264709,0.19853605109443542,0.5097433106107516,0.06417326782312244,2.69321083695176,1.1270429868290093,0.017628268465048023,0.019628924701897137,86,49810,0.011396701002768081,0.01339901898473817,38,49865,0.07861804300519776,0.08049480187970193,1623,49810,0.01895990313671623,0.02095731475796809,99,49865,0.030924472103297223,0.032910836007685795,254,49829,0.01038331076362027,0.012386111338447896,32,49865,0.07157743533499003,0.07347616257637676,1342,49829,0.04630237395867286,0.04826254549775179,562,49865,0.88897,0.9719678965845372,0.29195,0.3915320419834632,0.29877,False,/data/suehara/part/march/datasets/20250711_ilc_nnqq_sgv_10m_3cat_parquet,val50k_tail,150000,proxy
57,57,6960000,,lr_6e-6,8.1648e-06,validation_total_reference_mistag_geomean_percent,0.4100364417456348,min,1.0109885997760313,1.0109885997760313,0.5523596590275668,0.30438479858470335,0.4100364417456348,,0.1746637185057084,0.07620575703238112,3.248343697127241,0.19853605109443542,0.5097433106107516,0.060162440056963376,2.69321083695176,1.1270429868290093,0.01773580101470716,0.019736376641691398,87,49810,0.011396701002768081,0.01339901898473817,38,49865,0.07849934152817581,0.08037650345200445,1618,49810,0.01895990313671623,0.02095731475796809,99,49865,0.030924472103297223,0.032910836007685795,254,49829,0.010024787602349088,0.012027749041462537,30,49865,0.07157743533499003,0.07347616257637676,1342,49829,0.04630237395867286,0.04826254549775179,562,49865,0.88899,0.9719723354287574,0.29193,0.3915320419834632,0.29876,False,/data/suehara/part/march/datasets/20250711_ilc_nnqq_sgv_10m_3cat_parquet,val50k_tail,150000,proxy
57,57,6960000,,lr_9e-6,9.072e-06,validation_total_reference_mistag_geomean_percent,0.408940900837838,min,1.0102786603288327,1.0102786603288327,0.551744463685368,0.3030980306735381,0.408940900837838,,0.18287414443775857,0.07211249831426472,3.2937440486814324,0.1943031142813975,0.5098251575719608,0.06209687157446724,2.6715641538102024,1.0957092939591786,0.018177727522996484,0.02017994310362502,91,49761,0.011055750107524754,0.013055945909239683,36,49922,0.0790730489593959,0.08095023459917042,1639,49761,0.01873670221380862,0.02073200285227768,97,49922,0.030929426220560347,0.03291610579287284,254,49821,0.010193836252218511,0.012194433296822441,31,49922,0.07129868410320518,0.07319858518305584,1331,49821,0.045622010685071254,0.047581199463529386,547,49922,0.88955,0.9720300030865099,0.29158,0.3915320419834632,0.29883,False,/data/suehara/part/march/datasets/20250711_ilc_nnqq_sgv_10m_3cat_parquet,val50k_tail,150000,proxy
58,58,7080000,,lr_14e-6,1.08864e-05,validation_total_reference_mistag_geomean_percent,0.41839398267676486,min,1.0223468441733956,1.0223468441733956,0.5758635843072073,0.30398436280829105,0.41839398267676486,,0.1763491696337149,0.07625162925958942,3.2624596546841076,0.19464232275389423,0.5043401371590311,0.06822514029793865,2.722632914316267,1.173873785282622,0.01781020236933987,0.01980706224784742,88,49901,0.011403559617396248,0.013407081102652688,38,49835,0.0785952912416503,0.08046846427398821,1628,49901,0.018769384660789278,0.020768154934500863,97,49835,0.03077403421773697,0.032763049864495145,251,49768,0.010737318517187134,0.0127411621184805,34,49835,0.07200552695233939,0.0739053990406989,1355,49768,0.0472777308945219,0.049237203011727286,585,49835,0.88881,0.9716155307476019,0.29379,0.3915320419834632,0.29923,False,/data/suehara/part/march/datasets/20250711_ilc_nnqq_sgv_10m_3cat_parquet,val50k_tail,150000,proxy
58,58,7080000,,lr_3e-6,7.257600000000001e-06,validation_total_reference_mistag_geomean_percent,0.40318460196925715,min,0.9870466060292526,0.9870466060292526,0.5441992150842324,0.29871013915363187,0.40318460196925715,,0.1806829781283608,0.07423606943211129,3.0816488109547686,0.19261251532265242,0.49145469795700897,0.05818502910281342,2.6678968888954024,1.1496558584409038,0.01805437304963045,0.020054666834996633,90,49811,0.01123905449406452,0.013242415672560386,37,49841,0.07649708618566071,0.07838090339308788,1535,49811,0.01866539513898128,0.02066400624978046,96,49841,0.03034297676019317,0.03232915794463839,245,49852,0.009845809895633504,0.011849815151105194,29,49841,0.07122851078377491,0.07312737757313344,1330,49852,0.04678016507083174,0.04874037309194751,573,49841,0.88951,0.9719714805583445,0.29174,0.3915320419834632,0.29925,False,/data/suehara/part/march/datasets/20250711_ilc_nnqq_sgv_10m_3cat_parquet,val50k_tail,150000,proxy
58,58,7080000,,lr_6e-6,8.1648e-06,validation_total_reference_mistag_geomean_percent,0.4220283509794571,min,1.0191345543579469,1.0191345543579469,0.5866293249290422,0.30361238598493784,0.4220283509794571,,0.17832455460765007,0.07623633001731976,3.211845641156771,0.1946032749032566,0.5065326527522193,0.0722238919491079,2.7256282293169316,1.1876818601603196,0.017913447322625425,0.01990990796976297,89,49909,0.011401272495468226,0.01340439265224584,38,49845,0.0779894925789365,0.07986439357837993,1603,49909,0.01876562225938893,0.020763993110805776,97,49845,0.030848042610656483,0.03283768974686203,252,49750,0.011072824115391079,0.013076105265570766,36,49845,0.07205743563679229,0.07395787469768669,1356,49750,0.04755281332393217,0.04951133830833898,592,49845,0.88909,0.9716358165112154,0.29357,0.3915320419834632,0.29953,False,/data/suehara/part/march/datasets/20250711_ilc_nnqq_sgv_10m_3cat_parquet,val50k_tail,150000,proxy
58,58,7080000,,lr_9e-6,9.072e-06,validation_total_reference_mistag_geomean_percent,0.40964466748639994,min,1.006121862712909,1.006121862712909,0.5522194843946922,0.3038805372541037,0.40964466748639994,,0.18102823240471655,0.07407704138900963,3.2082226370223292,0.19820614007151946,0.5056179948654345,0.06006246437640396,2.6785715198030307,1.1431888717708263,0.018088845640204042,0.020092947728407085,90,49716,0.01121498483026798,0.0132140608061585,37,49948,0.07809572366708831,0.07997804871868117,1595,49716,0.01892842380737359,0.020922529549855656,99,49948,0.030792466606711488,0.03277855765715072,252,49840,0.010008132922416,0.012007770053691354,30,49948,0.07137746074235875,0.07327635637332207,1335,49840,0.046598170687151864,0.048554438523686246,571,49948,0.88905,0.9717293958859882,0.29283,0.3915320419834632,0.30187,False,/data/suehara/part/march/datasets/20250711_ilc_nnqq_sgv_10m_3cat_parquet,val50k_tail,150000,proxy
59,59,7200000,,lr_14e-6,1.08864e-05,validation_total_reference_mistag_geomean_percent,0.4101093668090502,min,1.0079131909118189,1.0079131909118189,0.5692212440619661,0.2954733234204638,0.4101093668090502,,0.1781460739090918,0.07035458556537236,3.1846114691156076,0.19096245473470683,0.52011166972782,0.06432419393744472,2.6869089549043026,1.1678861254002044,0.017895532802543468,0.01989000253513817,89,49959,0.010926451794681335,0.012933714067807692,35,49748,0.07762631131122064,0.07950042614783756,1591,49959,0.018597804388521454,0.02060021800685541,95,49748,0.03125538572258165,0.03324260964107997,259,49797,0.010407724780467668,0.012415229486333643,32,49748,0.07151743316045657,0.07341763361630137,1338,49797,0.04719626450824747,0.04915940402276369,581,49748,0.88897,0.9717626670626767,0.29289,0.3915320419834632,0.29877,False,/data/suehara/part/march/datasets/20250711_ilc_nnqq_sgv_10m_3cat_parquet,val50k_tail,150000,proxy
59,59,7200000,,lr_3e-6,7.257600000000001e-06,validation_total_reference_mistag_geomean_percent,0.41282359725457746,min,1.0089204448380702,1.0089204448380702,0.5785942986037054,0.29454718593232637,0.41282359725457746,,0.17614444704738194,0.07035458556537236,3.1806080748405776,0.19096245473470683,0.52011166972782,0.06834445404611349,2.6949415667987116,1.1698963059438787,0.017789541106225104,0.01978409096857745,88,49959,0.010926451794681335,0.012933714067807692,35,49748,0.07757846678661875,0.07945274188275106,1589,49959,0.018597804388521454,0.02060021800685541,95,49748,0.03125538572258165,0.03324260964107997,259,49797,0.010756091142244645,0.012763434226284193,34,49748,0.07162282020072609,0.07352269804873877,1342,49797,0.04723724004029994,0.04920029874390299,582,49748,0.88893,0.9717468611006334,0.293,0.3915320419834632,0.2988,False,/data/suehara/part/march/datasets/20250711_ilc_nnqq_sgv_10m_3cat_parquet,val50k_tail,150000,proxy
59,59,7200000,,lr_6e-6,8.1648e-06,validation_total_reference_mistag_geomean_percent,0.41513460959163034,min,1.0048844858607888,1.0048844858607888,0.5639525122332177,0.30558733287374196,0.41513460959163034,,0.1926318324103058,0.0741378935860586,3.174412114846235,0.192357793008973,0.5144591145676333,0.06411926182699822,2.684833482744519,1.1421243938955876,0.018667266272103487,0.02066607712217835,96,49836,0.011224195592093932,0.01322491139330868,37,49907,0.0775987903867497,0.07947793993140148,1582,49836,0.01864073129058401,0.020636709579215876,96,49907,0.031091526756272993,0.033080415502120555,256,49761,0.010374574672195828,0.012375691957527774,32,49907,0.07151569272517491,0.07341735127972884,1336,49761,0.04659499180062823,0.048552909394950286,570,49907,0.88917,0.9718974444711085,0.29232,0.3915320419834632,0.29912,False,/data/suehara/part/march/datasets/20250711_ilc_nnqq_sgv_10m_3cat_parquet,val50k_tail,150000,proxy
59,59,7200000,,lr_9e-6,9.072e-06,validation_total_reference_mistag_geomean_percent,0.42363674734036005,min,1.0194206938396202,1.0194206938396202,0.5811904347588962,0.30879395627282036,0.42363674734036005,,0.19273237549828506,0.0743195748978378,3.1921301444747456,0.1988550782931185,0.5309663675389771,0.06628502609770617,2.69891199904128,1.2011649848750094,0.01867700221486544,0.020676852353065607,96,49810,0.011251692933575745,0.013257304166686698,37,49785,0.07783084437977816,0.0797102633798244,1590,49810,0.018990343914358776,0.02099095231524132,99,49785,0.0315539021042267,0.03353623164304587,265,49909,0.010575356755163696,0.012581290751644242,33,49785,0.07159543608861729,0.07349089142743223,1347,49909,0.04785257273706087,0.04981291640758882,598,49785,0.88905,0.9716649423716798,0.29336,0.3915320419834632,0.29908,False,/data/suehara/part/march/datasets/20250711_ilc_nnqq_sgv_10m_3cat_parquet,val50k_tail,150000,proxy
60,60,7320000,,lr_14e-6,1.08864e-05,validation_total_reference_mistag_geomean_percent,0.40695557722535275,min,0.9980215898277123,0.9980215898277123,0.5555624936483654,0.2980993924684233,0.40695557722535275,,0.18274926775924347,0.07016277472533355,3.134852881867513,0.19645577427874236,0.5097842308061795,0.06013952192897517,2.663321530056599,1.1667067371991116,0.01816532547662612,0.020166178988072235,91,49795,0.01089667082461547,0.012898468448043605,35,49884,0.07715447481869385,0.07903676042810559,1561,49795,0.018852083614005994,0.020848817871702615,98,49884,0.030926948963533492,0.03291347068934483,254,49825,0.010020970195001522,0.01202316967285279,30,49884,0.07118723374065598,0.07308731315197915,1327,49825,0.04710917022367929,0.0490670049732158,582,49884,0.88925,0.9718320384161107,0.29232,0.3915320419834632,0.29994,False,/data/suehara/part/march/datasets/20250711_ilc_nnqq_sgv_10m_3cat_parquet,val50k_tail,150000,proxy
60,60,7320000,,lr_3e-6,7.257600000000001e-06,validation_total_reference_mistag_geomean_percent,0.4146191113040229,min,1.0077622027602315,1.0077622027602315,0.5659968745171509,0.30372783878920256,0.4146191113040229,,0.17847832845633457,0.07217465985753257,3.168491648026247,0.20850457904511163,0.5124701112536203,0.0641552557188396,2.703028482003646,1.1547945577205212,0.017928882521056014,0.019927058536380635,89,49866,0.011065278445492845,0.013067196061263345,36,49879,0.07750476327105793,0.07938301977105239,1580,49866,0.019450179455952073,0.021446630755828304,104,49879,0.031030386085287298,0.03301943471447112,255,49759,0.010380397098853704,0.012382636262617968,32,49879,0.07175577584492554,0.07365677951864588,1345,49759,0.04686810003184574,0.04882660866845582,576,49879,0.88941,0.9719318988829153,0.2921,0.3915320419834632,0.29872,False,/data/suehara/part/march/datasets/20250711_ilc_nnqq_sgv_10m_3cat_parquet,val50k_tail,150000,proxy
60,60,7320000,,lr_6e-6,8.1648e-06,validation_total_reference_mistag_geomean_percent,0.41534729753122984,min,1.0017801492293141,1.0017801492293141,0.5769703972743728,0.29899866333083097,0.41534729753122984,,0.16818500925869562,0.07433749385549615,3.119431318760105,0.20493038695870247,0.5142007793355562,0.06831012898623416,2.6935282431351477,1.171317833544576,0.017364278891037335,0.01935970655277191,84,49945,0.01125440486954149,0.013260498914938083,37,49773,0.07685380106730623,0.07873105124251538,1558,49945,0.01929437538819355,0.021295221999519023,102,49773,0.031075950893033263,0.03306385131766863,256,49786,0.010750689991924248,0.012757026226585663,34,49773,0.07161209818693781,0.07351245256454128,1341,49786,0.04725456450169613,0.04921658010089494,583,49773,0.88924,0.9718488368850152,0.29239,0.3915320419834632,0.29988,False,/data/suehara/part/march/datasets/20250711_ilc_nnqq_sgv_10m_3cat_parquet,val50k_tail,150000,proxy
60,60,7320000,,lr_9e-6,9.072e-06,validation_total_reference_mistag_geomean_percent,0.42526302493378415,min,1.0247129322770956,1.0247129322770956,0.5823206686629749,0.310565381083014,0.42526302493378415,,0.18475379729720892,0.07413641081490233,3.2592979772742843,0.20838342652229822,0.5060240926644266,0.0701290367427528,2.6907629326630786,1.204215784237812,0.018269537016092303,0.020270269839536077,92,49796,0.011223970759365064,0.013224646532832918,37,49908,0.07863978746856376,0.0805170371849892,1623,49796,0.01943888773133808,0.02143418383322342,104,49908,0.03081714231083438,0.0328048122734302,252,49800,0.010891432203224548,0.012892268563903813,35,49908,0.07156589376506838,0.07346582496917282,1340,49800,0.047855932118153616,0.04981132229800109,601,49908,0.8887,0.9716356144921049,0.2936,0.3915320419834632,0.2997,False,/data/suehara/part/march/datasets/20250711_ilc_nnqq_sgv_10m_3cat_parquet,val50k_tail,150000,proxy
61,61,7440000,,lr_14e-6,1.08864e-05,validation_total_reference_mistag_geomean_percent,0.41658117240542175,min,1.0240469372547376,1.0240469372547376,0.5640761521172529,0.3076532708417045,0.41658117240542175,,0.18800752075983312,0.07240547205769246,3.2721308737513364,0.2011263023830349,0.5121921921170889,0.0623491551164324,2.7176313779105574,1.1665326039419246,0.01840240368171961,0.020394923231298604,94,49998,0.01110065423843554,0.013108964390257258,36,49720,0.0786337907394935,0.08050294288712845,1636,49998,0.01911557420245047,0.02111870662909821,100,49720,0.03101359707015222,0.033001578182388636,255,49786,0.01023524144271585,0.012243956104316778,31,49720,0.07192743481312311,0.07382682093951473,1353,49786,0.04718166089196733,0.04914596037981101,580,49720,0.88864,0.9716385286981944,0.29365,0.3915320419834632,0.29942,False,/data/suehara/part/march/datasets/20250711_ilc_nnqq_sgv_10m_3cat_parquet,val50k_tail,150000,proxy
61,61,7440000,,lr_3e-6,7.257600000000001e-06,validation_total_reference_mistag_geomean_percent,0.399371568912287,min,0.9930550386592654,0.9930550386592654,0.5482815251122098,0.29090465892101547,0.399371568912287,,0.17263530254958445,0.06837469298368981,3.175686537603521,0.19104693698144673,0.5163924421818306,0.06033061204860945,2.676033764836428,1.0839400200890128,0.01762614681903821,0.019626562930088867,86,49816,0.010760848645791868,0.012769078593573995,34,49726,0.07762945250699288,0.0795093053071863,1582,49816,0.018606025769167294,0.020609321888490205,95,49726,0.031090640328027344,0.03307145042917136,258,49962,0.010052803667237738,0.012061357144754899,30,49726,0.07125807569757052,0.07315243617289531,1337,49962,0.04546113226355682,0.047428516582290886,539,49726,0.88964,0.9720386359426826,0.29124,0.3915320419834632,0.29814,False,/data/suehara/part/march/datasets/20250711_ilc_nnqq_sgv_10m_3cat_parquet,val50k_tail,150000,proxy
61,61,7440000,,lr_6e-6,8.1648e-06,validation_total_reference_mistag_geomean_percent,0.4219970683639797,min,1.0170311323716108,1.0170311323716108,0.5785024434873028,0.30783193349070437,0.4219970683639797,,0.17237923642437233,0.07609436035082547,3.2250952725898396,0.21226320066840107,0.5093002708843924,0.07008690536710668,2.715597082979006,1.1554327297089424,0.017600021780228896,0.019597481072112566,86,49890,0.011380046119555141,0.013379441607770659,38,49938,0.07816165068046318,0.08003673455493146,1609,49890,0.019621872399165935,0.02161581448024987,106,49938,0.03095675514231417,0.03294925467869029,253,49676,0.01088489100548334,0.012884527085189966,35,49938,0.07197940087313205,0.07388307472344473,1349,49676,0.0468540354750701,0.04881020469205098,577,49938,0.88877,0.971746572269037,0.29318,0.3915320419834632,0.29975,False,/data/suehara/part/march/datasets/20250711_ilc_nnqq_sgv_10m_3cat_parquet,val50k_tail,150000,proxy
61,61,7440000,,lr_9e-6,9.072e-06,validation_total_reference_mistag_geomean_percent,0.4161284538552011,min,1.023546181381789,1.023546181381789,0.5643530485414244,0.30683433101931723,0.4161284538552011,,0.18800752075983312,0.07240547205769246,3.2701307726723083,0.1991150415590669,0.5121921921170889,0.0623491551164324,2.7136141457737404,1.1705551509981493,0.01840240368171961,0.020394923231298604,94,49998,0.01110065423843554,0.013108964390257258,36,49720,0.07861025514920086,0.08047948730163582,1635,49998,0.019015149114301726,0.021018362442905367,99,49720,0.03101359707015222,0.033001578182388636,255,49786,0.01023524144271585,0.012243956104316778,31,49720,0.07187498436660375,0.07377453186819746,1351,49786,0.04726369383912018,0.04922783152305193,582,49720,0.88868,0.9716308344099153,0.29369,0.3915320419834632,0.29944,False,/data/suehara/part/march/datasets/20250711_ilc_nnqq_sgv_10m_3cat_parquet,val50k_tail,150000,proxy
62,62,7560000,,lr_14e-6,1.08864e-05,validation_total_reference_mistag_geomean_percent,0.4138890363517166,min,1.0146979822425566,1.0146979822425566,0.5623247709390011,0.30463558296764953,0.4138890363517166,,0.18681075479914025,0.07213272209539218,3.2219833897208696,0.19836499012896872,0.5159295695047332,0.0621142925730277,2.7081282691466932,1.1521198699716277,0.01837833895597745,0.020379511591414882,93,49783,0.01105885055497955,0.013059606622053108,36,49908,0.0782076107362785,0.08008684971233596,1604,49783,0.018943581508772643,0.02093927907868649,99,49908,0.031121343448892516,0.033108096988996964,257,49813,0.01019669511160763,0.012197852646709736,31,49908,0.0717840822078989,0.07368282037788255,1349,49813,0.04679994968921162,0.0487574275028076,575,49908,0.88929,0.9717365747783937,0.29293,0.3915320419834632,0.29897,False,/data/suehara/part/march/datasets/20250711_ilc_nnqq_sgv_10m_3cat_parquet,val50k_tail,150000,proxy
62,62,7560000,,lr_3e-6,7.257600000000001e-06,validation_total_reference_mistag_geomean_percent,0.40155483134355086,min,1.0007210973142486,1.0007210973142486,0.5441559418311871,0.29632366419214956,0.40155483134355086,,0.1686442184440821,0.07419289863829948,3.1681022149970626,0.1945057122400531,0.507777237221057,0.05614598009655162,2.695433975316807,1.1409665415600754,0.017411656889555434,0.019412514379179017,84,49809,0.011232520740005452,0.013234718694666702,37,49870,0.0775438932392531,0.07942431475500417,1578,49809,0.018756222851728958,0.020753595845458415,97,49870,0.030864394890433525,0.0328509971775818,253,49825,0.009653215826648123,0.011656137525449138,28,49870,0.07160941126271476,0.07350820169264756,1343,49825,0.04658805420812602,0.04854747084252556,569,49870,0.88958,0.9719362023526351,0.29194,0.3915320419834632,0.29919,False,/data/suehara/part/march/datasets/20250711_ilc_nnqq_sgv_10m_3cat_parquet,val50k_tail,150000,proxy
62,62,7560000,,lr_6e-6,8.1648e-06,validation_total_reference_mistag_geomean_percent,0.4078219841886424,min,1.0075317797687529,1.0075317797687529,0.5535713772754047,0.30044683958581336,0.4078219841886424,,0.19048383055728496,0.07024304247037372,3.194112998643796,0.19065967736342243,0.5260621762531443,0.05820137847464077,2.6905469679258727,1.139944166461488,0.018551229569969657,0.020548643700421337,95,49873,0.010909132770493856,0.01291321709894687,35,49827,0.07780593412188806,0.07968289955288879,1593,49873,0.018568341950967012,0.02056759298723176,95,49827,0.03143616966158284,0.03342287532713123,262,49804,0.009848575686824021,0.01185314334449587,29,49827,0.07156022223959342,0.07346000953227412,1340,49804,0.046586648248635176,0.048547796831481874,568,49827,0.88929,0.9719228356265625,0.29212,0.3915320419834632,0.29941,False,/data/suehara/part/march/datasets/20250711_ilc_nnqq_sgv_10m_3cat_parquet,val50k_tail,150000,proxy
62,62,7560000,,lr_9e-6,9.072e-06,validation_total_reference_mistag_geomean_percent,0.41071310124588845,min,1.003404389781067,1.003404389781067,0.5593629382046537,0.3015667288870302,0.41071310124588845,,0.18280434178163718,0.07213272209539218,3.161912502094973,0.19836499012896872,0.511883746402282,0.0621142925730277,2.6959210187616334,1.142101504410621,0.018170794880950678,0.020172249076764667,91,49780,0.01105885055497955,0.013059606622053108,36,49908,0.07749187081227994,0.07937363644918427,1574,49780,0.018943581508772643,0.02093927907868649,99,49908,0.03099496390336796,0.03298176022863307,255,49816,0.01019669511160763,0.012197852646709736,31,49908,0.07162217651940153,0.07352129043676978,1343,49816,0.046594063247006566,0.04855194252863116,570,49908,0.88957,0.9718121303895161,0.29249,0.3915320419834632,0.2988,False,/data/suehara/part/march/datasets/20250711_ilc_nnqq_sgv_10m_3cat_parquet,val50k_tail,150000,proxy
63,63,7680000,,lr_14e-6,1.08864e-05,validation_total_reference_mistag_geomean_percent,0.4052936531064748,min,0.9925525816061742,0.9925525816061742,0.5711723820556752,0.2875890894045013,0.4052936531064748,,0.1726387587711585,0.06814173447498466,3.153668558991313,0.1843835132059177,0.5060952522603274,0.07014590468051803,2.6569999589506157,1.128346971514559,0.017626500391240564,0.01962695651925466,86,49815,0.010724195133610906,0.01272559234246879,34,49896,0.07736587684521457,0.07924665135245201,1571,49815,0.018232950668956048,0.020229688608402584,92,49896,0.03082146462562059,0.032809411155954905,252,49793,0.010894050884146276,0.01289536776077295,35,49896,0.07112634186156423,0.07302789626651672,1323,49793,0.04631532417003325,0.0482742256285704,563,49896,0.88949,0.9718898096548272,0.29197,0.3915320419834632,0.29857,False,/data/suehara/part/march/datasets/20250711_ilc_nnqq_sgv_10m_3cat_parquet,val50k_tail,150000,proxy
63,63,7680000,,lr_3e-6,7.257600000000001e-06,validation_total_reference_mistag_geomean_percent,0.40040521655906397,min,0.9821409423266262,0.9821409423266262,0.5448646317935646,0.2942461816983081,0.40040521655906397,,0.17863236774019806,0.07219058596689737,3.117034451064174,0.1864923491354411,0.4938469946928177,0.06015881722125454,2.6137756257326643,1.1349963470595625,0.017944344342009085,0.01994423867572178,89,49823,0.011067718566006577,0.013070077122097963,36,49868,0.07691768883714145,0.07879963190468228,1553,49823,0.01834703809772593,0.020344812573260786,93,49868,0.030430273946258166,0.03241791408807636,246,49813,0.010024184660474566,0.012027025751361364,30,49868,0.0705387949213182,0.07244132129862399,1302,49813,0.04646572160698168,0.04842545625614401,566,49868,0.88961,0.971908126182815,0.2917,0.3915320419834632,0.29881,False,/data/suehara/part/march/datasets/20250711_ilc_nnqq_sgv_10m_3cat_parquet,val50k_tail,150000,proxy
63,63,7680000,,lr_6e-6,8.1648e-06,validation_total_reference_mistag_geomean_percent,0.40776621242481176,min,0.9976441934216862,0.9976441934216862,0.5724443898290618,0.29046189804555117,0.40776621242481176,,0.17857142857142858,0.06610974265701286,3.168138014332663,0.1903159344408999,0.5025428502590087,0.07011639561327453,2.6594569369131738,1.145902244586029,0.01793822834264007,0.019937442988069636,89,49840,0.010547398490745673,0.012548035145172056,33,49917,0.07752049358639816,0.07939974408130296,1579,49840,0.01853489069345588,0.020530550939281682,95,49917,0.030723964442570112,0.03271389196259477,250,49747,0.010889469018564985,0.012889945143681667,35,49917,0.07119124869257552,0.07309446261668621,1323,49747,0.046668159480772395,0.04862553348623545,572,49917,0.88939,0.9718468465511609,0.29227,0.3915320419834632,0.29839,False,/data/suehara/part/march/datasets/20250711_ilc_nnqq_sgv_10m_3cat_parquet,val50k_tail,150000,proxy
63,63,7680000,,lr_9e-6,9.072e-06,validation_total_reference_mistag_geomean_percent,0.4127274369664265,min,1.0076325095921093,1.0076325095921093,0.551714275388119,0.30875390546137726,0.4127274369664265,,0.18033903827251405,0.07832268602450605,3.1719632445564616,0.20283568848380076,0.5079913135469725,0.05823995058704192,2.702594034177076,1.1587741210885008,0.018020031600417197,0.02001653152878839,90,49906,0.011574107784598924,0.013579195737627116,39,49794,0.07751567218077238,0.07939228414739208,1583,49906,0.01918696520749356,0.021187052136582233,101,49794,0.030877378729905237,0.03286481005904899,253,49804,0.009855101203976415,0.011860995773769025,29,49794,0.07171809003550592,0.07361739355245672,1346,49804,0.046988787265449944,0.04895047923655152,577,49794,0.88894,0.9716834623272103,0.29314,0.3915320419834632,0.29838,False,/data/suehara/part/march/datasets/20250711_ilc_nnqq_sgv_10m_3cat_parquet,val50k_tail,150000,proxy
64,64,7800000,,lr_14e-6,1.08864e-05,validation_total_reference_mistag_geomean_percent,0.40076970104059634,min,0.9922328306949695,0.9922328306949695,0.5556558838017376,0.2890572348001594,0.40076970104059634,,0.17843896617359614,0.0643668912802977,3.1477435001631546,0.19310068142713002,0.5229203332436213,0.06235542439671203,2.6767111406726354,1.092225708202609,0.017924931450557027,0.019922668370247424,89,49877,0.010414631556542802,0.012423467066588673,32,49715,0.07724708964273116,0.07912576386988959,1570,49877,0.018712662361716023,0.02071631910506458,96,49715,0.03130684155438984,0.033289374347858766,261,49912,0.010236270589986041,0.01224518701826154,31,49715,0.07130219059258078,0.0731984215940687,1336,49912,0.04564138154282294,0.04760886783752045,543,49715,0.88956,0.9719667673106184,0.29172,0.3915320419834632,0.29826,False,/data/suehara/part/march/datasets/20250711_ilc_nnqq_sgv_10m_3cat_parquet,val50k_tail,150000,proxy
64,64,7800000,,lr_3e-6,7.257600000000001e-06,validation_total_reference_mistag_geomean_percent,0.4216754327132236,min,1.0169995608124691,1.0169995608124691,0.5691942110061927,0.312389281401089,0.4216754327132236,,0.18420631016794323,0.07618436840350039,3.2236104279390063,0.21050943694892885,0.5233389144119357,0.0641552557188396,2.693182614391736,1.1608091585178641,0.018215441221426612,0.020210267277645695,92,49944,0.011393503138536947,0.013395259980310551,38,49879,0.07810226553622845,0.07997538154609213,1610,49944,0.019547853076929203,0.021544223989806988,105,49879,0.03139018410112443,0.033381917972458236,260,49681,0.010380397098853704,0.012382636262617968,32,49879,0.07168220090160923,0.07358658548739933,1338,49681,0.046991147846505744,0.048949415322120486,579,49879,0.88923,0.9718140331627482,0.29295,0.3915320419834632,0.29933,False,/data/suehara/part/march/datasets/20250711_ilc_nnqq_sgv_10m_3cat_parquet,val50k_tail,150000,proxy
64,64,7800000,,lr_6e-6,8.1648e-06,validation_total_reference_mistag_geomean_percent,0.4167755113974373,min,1.00055958199685,1.00055958199685,0.572873085411094,0.30321170835936,0.4167755113974373,,0.17464969858429705,0.0759848041522282,3.153731919312662,0.20195960228602394,0.5193236810679354,0.06798640404705004,2.667069288210419,1.1437712583141835,0.017734377912094586,0.01973479346175347,87,49814,0.011363666999267968,0.013360188372444293,38,50010,0.07736740558907662,0.0792482153097393,1571,49814,0.01910416623665419,0.02109564972596341,101,50010,0.031266701618087436,0.0332586372203702,258,49680,0.01069975526610846,0.012696596504927132,34,50010,0.07133915643823194,0.073244630593617,1325,49680,0.046581845553073445,0.04853566486299546,572,50010,0.88966,0.9718840680210775,0.29203,0.3915320419834632,0.30015,False,/data/suehara/part/march/datasets/20250711_ilc_nnqq_sgv_10m_3cat_parquet,val50k_tail,150000,proxy
64,64,7800000,,lr_9e-6,9.072e-06,validation_total_reference_mistag_geomean_percent,0.4211901053893154,min,1.0164976501439333,1.0164976501439333,0.5693333789456809,0.3115944215432837,0.4211901053893154,,0.18420631016794323,0.07618436840350039,3.221608213488567,0.20850457904511163,0.5233389144119357,0.0641552557188396,2.6911695485887077,1.1628140113268617,0.018215441221426612,0.020210267277645695,92,49944,0.011393503138536947,0.013395259980310551,38,49879,0.07807849659752439,0.07995169278528433,1609,49944,0.019450179455952073,0.021446630755828304,104,49879,0.03139018410112443,0.033381917972458236,260,49681,0.010380397098853704,0.012382636262617968,32,49879,0.07165576844034467,0.07356023405515645,1337,49681,0.0470320904855253,0.048990277574141594,580,49879,0.8892,0.9718194178363361,0.29293,0.3915320419834632,0.29931,False,/data/suehara/part/march/datasets/20250711_ilc_nnqq_sgv_10m_3cat_parquet,val50k_tail,150000,proxy
65,65,7920000,,lr_14e-6,1.08864e-05,validation_total_reference_mistag_geomean_percent,0.399666557065142,min,0.9898048477642869,0.9898048477642869,0.5474368602120444,0.2917840730973673,0.399666557065142,,0.17030655699994357,0.07021203743899193,3.14766582899096,0.19258158887568624,0.5025630824564336,0.060181750060607844,2.657553494435889,1.1173744428557837,0.017485029686416978,0.019481771624995942,85,49910,0.010904319520453664,0.012907520642204438,35,49849,0.07722092104505626,0.07909835624778025,1571,49910,0.01866240210608855,0.020660693717064603,96,49849,0.030725196864845716,0.03271520357607206,250,49745,0.01002800451773056,0.012031608058397297,30,49849,0.07116751172828485,0.0730708786915401,1322,49745,0.046108568747947436,0.04806975733487196,557,49849,0.88952,0.9718911571057953,0.29194,0.3915320419834632,0.30006,False,/data/suehara/part/march/datasets/20250711_ilc_nnqq_sgv_10m_3cat_parquet,val50k_tail,150000,proxy
65,65,7920000,,lr_3e-6,7.257600000000001e-06,validation_total_reference_mistag_geomean_percent,0.4111363656917466,min,1.009562467206278,1.009562467206278,0.5635274872731411,0.29995539705108915,0.4111363656917466,,0.18250370487867693,0.07015293287986267,3.2188840279469133,0.1964282171100079,0.5065224738818552,0.06413982481810347,2.6793430139399548,1.1585255421948504,0.018140935615352724,0.020139110466034026,91,49862,0.010895142372886291,0.012896659532615502,35,49891,0.07810953149271702,0.07998591742536462,1605,49862,0.01884944079040985,0.020845896005133435,98,49891,0.030847423997397254,0.0328370315515877,252,49751,0.010377900973090805,0.012379659177820274,32,49891,0.0714505901850189,0.07335285167686667,1333,49751,0.04693893813363225,0.04889682614831244,578,49891,0.88926,0.9717392142617293,0.29294,0.3915320419834632,0.30074,False,/data/suehara/part/march/datasets/20250711_ilc_nnqq_sgv_10m_3cat_parquet,val50k_tail,150000,proxy
65,65,7920000,,lr_6e-6,8.1648e-06,validation_total_reference_mistag_geomean_percent,0.40779985047545136,min,1.0179097042148024,1.0179097042148024,0.5575509363069243,0.29827000049418656,0.40779985047545136,,0.1828006705071469,0.06814310051107325,3.2683152493430025,0.19440824735221995,0.5157742587279699,0.060126266627844906,2.69928550444844,1.154424336200722,0.018170430151531247,0.020171844290500306,91,49781,0.01072441001240636,0.012725847277898165,34,49895,0.07875796682315292,0.08063541990978376,1627,49781,0.018746832855377413,0.02074320898743851,97,49895,0.031111996925350244,0.033098158627834114,257,49828,0.010018761445597824,0.012020520052894747,30,49895,0.0716577342393436,0.07355625576125763,1345,49828,0.046853153116821825,0.048811048567719284,576,49895,0.88887,0.9717443841193018,0.29295,0.3915320419834632,0.29962,False,/data/suehara/part/march/datasets/20250711_ilc_nnqq_sgv_10m_3cat_parquet,val50k_tail,150000,proxy
65,65,7920000,,lr_9e-6,9.072e-06,validation_total_reference_mistag_geomean_percent,0.41175537651553074,min,1.0038798698923845,1.0038798698923845,0.5687341287274971,0.29810500465091827,0.41175537651553074,,0.17866104105387332,0.07021485987112762,3.1697279757356394,0.19860774564146974,0.5156293863431226,0.06620258054297107,2.694514699754399,1.137480670196474,0.017947223902659622,0.01994743824962166,89,49815,0.010904756913122362,0.012908038294222367,35,49847,0.07755878454718361,0.07943891430494815,1579,49815,0.018966743799932965,0.020964873805562768,99,49847,0.031103278566981755,0.033088888205692626,257,49842,0.010562206406672511,0.012565648768255973,33,49847,0.0715853115185898,0.07348349121618636,1343,49842,0.04652664343835142,0.04848710401085567,567,49847,0.88937,0.971801759360082,0.29275,0.3915320419834632,0.29937,False,/data/suehara/part/march/datasets/20250711_ilc_nnqq_sgv_10m_3cat_parquet,val50k_tail,150000,proxy
66,66,8040000,,lr_14e-6,1.08864e-05,validation_total_reference_mistag_geomean_percent,0.4080099788364088,min,1.0013259847845497,1.0013259847845497,0.5569554427167858,0.29889669812372865,0.4080099788364088,,0.18113025989715906,0.07008269621272836,3.1717920745005252,0.1982339105698154,0.5032581310444671,0.06207324643078833,2.670676593681105,1.153360965939809,0.018099031114593066,0.020104258418311143,90,49688,0.010884237317821007,0.012883753448629423,35,49941,0.07768143524370108,0.07956628734448884,1576,49688,0.018931074653833164,0.020925458782781927,99,49941,0.030708164555291913,0.032692956513533794,251,49875,0.010189958934759213,0.012189795815683854,31,49941,0.07124890242810565,0.07314678210202687,1332,49875,0.04681023378993645,0.048766368467525155,576,49941,0.88914,0.9717804703618702,0.29258,0.3915320419834632,0.29993,False,/data/suehara/part/march/datasets/20250711_ilc_nnqq_sgv_10m_3cat_parquet,val50k_tail,150000,proxy
66,66,8040000,,lr_3e-6,7.257600000000001e-06,validation_total_reference_mistag_geomean_percent,0.4119243682086162,min,0.9931179920344556,0.9931179920344556,0.5626881712085051,0.30155545079193036,0.4119243682086162,,0.19052585088328686,0.07011920435930545,3.152701397166364,0.196333768845028,0.5007339936997187,0.0681157958551638,2.662537328683156,1.103876596783622,0.01855531879103704,0.02055317187443155,95,49862,0.010889905220658408,0.012890461386911939,35,49915,0.0773182152770998,0.07919725578986458,1572,49862,0.018840385303633706,0.020835884391405025,98,49915,0.03067310933290452,0.032663909927833565,249,49727,0.010720114071926926,0.012720750509267478,34,49915,0.07124606604045798,0.07314992151606463,1324,49727,0.04579666640708146,0.047755802692432854,551,49915,0.88988,0.9719433207745797,0.29185,0.3915320419834632,0.29869,False,/data/suehara/part/march/datasets/20250711_ilc_nnqq_sgv_10m_3cat_parquet,val50k_tail,150000,proxy
66,66,8040000,,lr_6e-6,8.1648e-06,validation_total_reference_mistag_geomean_percent,0.4058956799996101,min,0.9980564050581628,0.9980564050581628,0.5588312249097227,0.2948140613813427,0.4058956799996101,,0.17517366612908536,0.07000140054071638,3.143058537522911,0.19600391983913418,0.5096308139387947,0.062001239873427254,2.6745586061083357,1.154023056512898,0.017787543136400755,0.019793938913650975,87,49665,0.01087161477079106,0.01286881471478994,35,49999,0.0773532747194064,0.07924015675170593,1561,49665,0.01880875950297889,0.020800919346175777,98,49999,0.03091766278282282,0.032903592807556614,254,49840,0.010178141136574247,0.012175661086973261,31,49999,0.07132468259730997,0.07322373925397856,1333,49840,0.04679718586718378,0.04875102494396547,577,49999,0.88915,0.9717903243037354,0.29243,0.3915320419834632,0.29995,False,/data/suehara/part/march/datasets/20250711_ilc_nnqq_sgv_10m_3cat_parquet,val50k_tail,150000,proxy
66,66,8040000,,lr_9e-6,9.072e-06,validation_total_reference_mistag_geomean_percent,0.4066378923868754,min,0.9972990309520555,0.9972990309520555,0.5581129166246709,0.29627405243523575,0.4066378923868754,,0.17916817805187632,0.07000000085449219,3.1344364434673246,0.1960000040673829,0.5037126286249981,0.062000001059570334,2.669074981189285,1.1640000103015138,0.017998128276878675,0.0200039997141606,89,49674,0.010871397397403768,0.01286855745420266,35,50000,0.07724221994883235,0.07912910725527827,1557,49674,0.018808383644857783,0.020800503802454642,98,50000,0.030735832361496185,0.032722398449958404,251,49830,0.010177937621807402,0.012175417672206403,31,50000,0.07125954441027094,0.07315920225962058,1330,49830,0.047000481680098405,0.048953882612079794,582,50000,0.88921,0.9718208954593045,0.29236,0.3915320419834632,0.29994,False,/data/suehara/part/march/datasets/20250711_ilc_nnqq_sgv_10m_3cat_parquet,val50k_tail,150000,proxy
67,67,8160000,,lr_14e-6,1.08864e-05,validation_total_reference_mistag_geomean_percent,0.42433415739132246,min,1.0176478383409437,1.0176478383409437,0.5716354537598995,0.31499004469487096,0.42433415739132246,,0.17820672306181426,0.08032289962530034,3.2617837668448733,0.21084761022430742,0.5043908308556719,0.06827446133433566,2.680706671517921,1.1566497432633263,0.017901619717748805,0.01989676591562261,89,49942,0.011732046910077577,0.013736853219392837,40,49799,0.0785554322900596,0.08042709463837519,1629,49942,0.019579227254221773,0.02157879160733897,105,49799,0.03077711915092556,0.03276633260593512,251,49763,0.0107450785467419,0.012750368728936989,34,49799,0.07146002155427843,0.07336176954282243,1334,49763,0.04694297787785854,0.04890455820990968,576,49799,0.88888,0.9716881317001754,0.29339,0.3915320419834632,0.29883,False,/data/suehara/part/march/datasets/20250711_ilc_nnqq_sgv_10m_3cat_parquet,val50k_tail,150000,proxy
67,67,8160000,,lr_3e-6,7.257600000000001e-06,validation_total_reference_mistag_geomean_percent,0.4097740903783498,min,1.0034979525378362,1.0034979525378362,0.562825573357671,0.2983425293624593,0.4097740903783498,,0.17489545662509412,0.07402220792740619,3.18631386402181,0.19205762478968788,0.5082872791056824,0.06401920576172852,2.676042233333153,1.1523457487381272,0.017759315226019683,0.01976253583252166,87,49744,0.011206685646453825,0.013204284085750338,37,49985,0.07781226117906347,0.07969440756855767,1585,49744,0.018611667008739428,0.020604542709244146,96,49985,0.03089532676304428,0.03288390409779112,253,49775,0.010358389442559606,0.012356388113957117,32,49985,0.07139015561354045,0.07329163254258808,1332,49775,0.046769254030571035,0.048723707449379976,576,49985,0.88935,0.9718693625143825,0.29228,0.3915320419834632,0.29891,False,/data/suehara/part/march/datasets/20250711_ilc_nnqq_sgv_10m_3cat_parquet,val50k_tail,150000,proxy
67,67,8160000,,lr_6e-6,8.1648e-06,validation_total_reference_mistag_geomean_percent,0.4057543764693445,min,0.9895257399904036,0.9895257399904036,0.5466367661641437,0.3011810112578296,0.4057543764693445,,0.16669010067943715,0.07807494928273406,3.126945625864768,0.2021941096773465,0.4923732335764647,0.0600576559361993,2.650776675624471,1.1390935692818085,0.017307759686179633,0.0193093385873725,83,49793,0.01153750967487437,0.01353626550727869,39,49952,0.0770604878962522,0.07894316671078483,1557,49793,0.01912632903105034,0.02112011542600798,101,49952,0.03039956061587851,0.032389416996947334,245,49759,0.010007331684847368,0.012006808887203634,30,49952,0.07106802165329773,0.07297112548191945,1319,49759,0.046511990084313094,0.048468265241769816,569,49952,0.88978,0.9720162218044032,0.29141,0.3915320419834632,0.29891,False,/data/suehara/part/march/datasets/20250711_ilc_nnqq_sgv_10m_3cat_parquet,val50k_tail,150000,proxy
67,67,8160000,,lr_9e-6,9.072e-06,validation_total_reference_mistag_geomean_percent,0.408428086048821,min,1.0016927184932327,1.0016927184932327,0.5648469055654726,0.29532515771951495,0.408428086048821,,0.17891246251317627,0.07212116426026549,3.164137139727161,0.18631299947099117,0.5096001416454495,0.06410770093757513,2.672391277620864,1.1659588617703784,0.017972459535642197,0.019975478373196486,89,49745,0.011057078657819477,0.013057514534833132,36,49916,0.07754553539239643,0.07942853554922455,1574,49745,0.018329409378014368,0.020325269986390306,93,49916,0.030915806215822943,0.03290161794263251,254,49843,0.010372704564809009,0.012373461513306018,32,49916,0.07129404260982422,0.07319307192895155,1332,49843,0.0470791370029899,0.04903574662252618,582,49916,0.88925,0.9718791976296844,0.29215,0.3915320419834632,0.30039,False,/data/suehara/part/march/datasets/20250711_ilc_nnqq_sgv_10m_3cat_parquet,val50k_tail,150000,proxy
68,68,8280000,,lr_14e-6,1.08864e-05,validation_total_reference_mistag_geomean_percent,0.4176762275649338,min,1.0071082895591525,1.0071082895591525,0.5602267064271031,0.3113979199339978,0.4176762275649338,,0.18480203995103378,0.07616299177752076,3.2360444472205923,0.20644177986481996,0.49369833281140546,0.06614154435823204,2.659147509427941,1.1344276710616739,0.018274304028595208,0.020275557361358457,92,49783,0.0113903070684154,0.013391503084417484,38,49893,0.07837461869823203,0.08025329279300886,1611,49783,0.01934660812027754,0.02134258191330194,103,49893,0.030421133995258993,0.03240818176574499,246,49828,0.010552470810824735,0.012554068536286633,33,49893,0.07113004139353632,0.07303017394818187,1325,49828,0.04644256432393204,0.048401339820976566,566,49893,0.88923,0.971890460930276,0.29222,0.3915320419834632,0.29856,False,/data/suehara/part/march/datasets/20250711_ilc_nnqq_sgv_10m_3cat_parquet,val50k_tail,150000,proxy
68,68,8280000,,lr_3e-6,7.257600000000001e-06,validation_total_reference_mistag_geomean_percent,0.40900671586504783,min,1.0109223913916012,1.0109223913916012,0.5456804111877316,0.3065649603558154,0.40900671586504783,,0.19052204015800864,0.07228915450015429,3.258929456641416,0.196787147147277,0.5096205894307695,0.05823293329706097,2.690556080826709,1.1104417291314144,0.018554946969174504,0.020552760139784132,95,49863,0.011082826869679917,0.01308791555638798,36,49800,0.0785832097009477,0.0804579518208455,1625,49863,0.018883855399119666,0.020883944266869528,98,49800,0.03091704390238096,0.03290293449290764,254,49841,0.009853914103193502,0.01185956728559039,29,49800,0.07153412233487297,0.0734324989663096,1341,49841,0.04598596649604443,0.047949363144020665,553,49800,0.88915,0.9717564229376213,0.29291,0.3915320419834632,0.29858,False,/data/suehara/part/march/datasets/20250711_ilc_nnqq_sgv_10m_3cat_parquet,val50k_tail,150000,proxy
68,68,8280000,,lr_6e-6,8.1648e-06,validation_total_reference_mistag_geomean_percent,0.4105553810798016,min,1.009549969376933,1.009549969376933,0.5586680896115412,0.3017099491950274,0.4105553810798016,,0.18254032537946696,0.07232982470700991,3.187434884224402,0.1968978493861243,0.5292702537777213,0.06027485392250826,2.728548630792014,1.1191031328262169,0.01814457173417009,0.020143145929530617,91,49852,0.011089059931688582,0.013095274954934202,36,49772,0.07774233757820957,0.07962036157648372,1589,49852,0.01889446980555447,0.02089567938286692,98,49772,0.03151104863915698,0.033494598678306294,264,49880,0.010043514843714947,0.012050214264954114,30,49772,0.07200270443293647,0.07389807347058866,1361,49880,0.04617952246567577,0.0481436755964822,557,49772,0.88942,0.9718443434179345,0.29253,0.3915320419834632,0.29906,False,/data/suehara/part/march/datasets/20250711_ilc_nnqq_sgv_10m_3cat_parquet,val50k_tail,150000,proxy
68,68,8280000,,lr_9e-6,9.072e-06,validation_total_reference_mistag_geomean_percent,0.40836833913012316,min,1.0099189806104159,1.0099189806104159,0.54537495817309,0.30577990042397185,0.40836833913012316,,0.19052204015800864,0.07228915450015429,3.258929456641416,0.19477912529859137,0.5096205894307695,0.05823293329706097,2.6845368164259114,1.1104417291314144,0.018554946969174504,0.020552760139784132,95,49863,0.011082826869679917,0.01308791555638798,36,49800,0.0785832097009477,0.0804579518208455,1625,49863,0.01878256495487854,0.020782734464869678,97,49800,0.03091704390238096,0.03290293449290764,254,49841,0.009853914103193502,0.01185956728559039,29,49800,0.07145513297196239,0.07335375113226468,1338,49841,0.04598596649604443,0.047949363144020665,553,49800,0.88918,0.9717648395842605,0.29287,0.3915320419834632,0.29856,False,/data/suehara/part/march/datasets/20250711_ilc_nnqq_sgv_10m_3cat_parquet,val50k_tail,150000,proxy
69,69,8400000,,lr_14e-6,1.08864e-05,validation_total_reference_mistag_geomean_percent,0.3945505274774219,min,0.993489614155778,0.993489614155778,0.5158211558568301,0.3017908764795201,0.3945505274774219,,0.19081669054398712,0.06809396901225674,3.187643019342803,0.20027638238560416,0.5141904513226344,0.04806633341770759,2.6633458831289154,1.0754841840923162,0.018583620921850515,0.0205845120502392,95,49786,0.010716679796773704,0.01271667603286766,34,49931,0.07779572652778927,0.07967623175555855,1587,49786,0.019034864687506557,0.02102956642661552,100,49931,0.031075328183099472,0.03306318909531442,256,49787,0.00885952521371483,0.010860323646321671,24,49931,0.07121435672473864,0.07311588537207078,1326,49787,0.04519043661965951,0.047150082371155526,537,49931,0.88986,0.9719747251563836,0.29138,0.3915320419834632,0.29906,False,/data/suehara/part/march/datasets/20250711_ilc_nnqq_sgv_10m_3cat_parquet,val50k_tail,150000,proxy
69,69,8400000,,lr_3e-6,7.257600000000001e-06,validation_total_reference_mistag_geomean_percent,0.41052799488150815,min,0.9933307337649292,0.9933307337649292,0.5573712233458852,0.30237161073679203,0.41052799488150815,,0.17258680271360724,0.07623633001731976,3.16676692273389,0.20062192306350068,0.5117502019326816,0.06419901695255291,2.6430391804868565,1.111445492219025,0.01762119829717976,0.01962105433879627,86,49830,0.011401272495468226,0.01340439265224584,38,49845,0.07751172831688552,0.07939141096391794,1578,49830,0.01906767808486519,0.02106580744617899,100,49845,0.030986896482515774,0.0329731798385008,255,49829,0.010387475980379639,0.012391079117363427,32,49845,0.07091635204134923,0.07281709299282284,1317,49829,0.04598662251851307,0.04794820637755923,554,49845,0.88953,0.9720588653169943,0.29146,0.3915320419834632,0.29926,False,/data/suehara/part/march/datasets/20250711_ilc_nnqq_sgv_10m_3cat_parquet,val50k_tail,150000,proxy
69,69,8400000,,lr_6e-6,8.1648e-06,validation_total_reference_mistag_geomean_percent,0.4110063559068056,min,0.9933306673325223,0.9933306673325223,0.5573712233458852,0.30307668842630947,0.4110063559068056,,0.17258680271360724,0.07623633001731976,3.1647601714237044,0.2026281429144306,0.5117502019326816,0.06419901695255291,2.6430391804868565,1.111445492219025,0.01762119829717976,0.01962105433879627,86,49830,0.011401272495468226,0.01340439265224584,38,49845,0.07748764280178719,0.07936740599399153,1577,49830,0.01916735079228371,0.021165399656896497,101,49845,0.030986896482515774,0.0329731798385008,255,49829,0.010387475980379639,0.012391079117363427,32,49845,0.07091635204134923,0.07281709299282284,1317,49829,0.04598662251851307,0.04794820637755923,554,49845,0.88955,0.9720626349369336,0.29144,0.3915320419834632,0.29926,False,/data/suehara/part/march/datasets/20250711_ilc_nnqq_sgv_10m_3cat_parquet,val50k_tail,150000,proxy
69,69,8400000,,lr_9e-6,9.072e-06,validation_total_reference_mistag_geomean_percent,0.3946187807578151,min,0.9939917658369799,0.9939917658369799,0.5159183767698833,0.30183840921069305,0.3946187807578151,,0.19081669054398712,0.06809396901225674,3.189651737177145,0.20027638238560416,0.5141904513226344,0.04806633341770759,2.665354378744189,1.0754841840923162,0.018583620921850515,0.0205845120502392,95,49786,0.010716679796773704,0.01271667603286766,34,49931,0.07781974856834392,0.07970017310851216,1588,49786,0.019034864687506557,0.02102956642661552,100,49931,0.031075328183099472,0.03306318909531442,256,49787,0.00885952521371483,0.010860323646321671,24,49931,0.07124085354540781,0.07314230150838007,1327,49787,0.04519043661965951,0.047150082371155526,537,49931,0.88986,0.9719681653552036,0.29142,0.3915320419834632,0.29907,False,/data/suehara/part/march/datasets/20250711_ilc_nnqq_sgv_10m_3cat_parquet,val50k_tail,150000,proxy
70,70,8520000,,lr_14e-6,1.08864e-05,validation_total_reference_mistag_geomean_percent,0.40827133163358015,min,0.9967351994470488,0.9967351994470488,0.5577995307122932,0.2988268563456919,0.40827133163358015,,0.17646940344315673,0.07016699951451837,3.180460087163465,0.20248191115043315,0.5165206044716044,0.06415268338645977,2.6690247069885453,1.094605199458209,0.017822336472541278,0.019820552987796454,88,49867,0.010897326006643579,0.012899243852862485,35,49881,0.07764736844061773,0.07952510727018067,1586,49867,0.019153529450206257,0.02115014217997087,101,49881,0.031156911511419014,0.033145917254505386,257,49756,0.010379980994510991,0.012382139982386908,32,49881,0.07131115769458823,0.07321364277844689,1328,49756,0.04561711482433412,0.04757795820830909,546,49881,0.88961,0.9719795958942178,0.29186,0.3915320419834632,0.30003,False,/data/suehara/part/march/datasets/20250711_ilc_nnqq_sgv_10m_3cat_parquet,val50k_tail,150000,proxy
70,70,8520000,,lr_3e-6,7.257600000000001e-06,validation_total_reference_mistag_geomean_percent,0.4155870816787129,min,1.0073621690296826,1.0073621690296826,0.5688642166136659,0.3036095739794509,0.4155870816787129,,0.18056698518268466,0.07615077891407986,3.212085904526143,0.1923809217399248,0.5204983969116375,0.06613094039214389,2.672829694690914,1.1382537298799333,0.018042790793725894,0.02004180503895833,90,49843,0.011388481547569301,0.013389357232770654,38,49901,0.07804335800558823,0.07992073197437624,1601,49843,0.01864297076491037,0.020639188114346896,96,49901,0.03127857089587679,0.03326725687918565,259,49760,0.0105507794954819,0.012552056761352645,33,49901,0.07135846787581814,0.07326064710927345,1330,49760,0.04651793663361641,0.04847624476786317,568,49901,0.88899,0.9718104405790265,0.29269,0.3915320419834632,0.29943,False,/data/suehara/part/march/datasets/20250711_ilc_nnqq_sgv_10m_3cat_parquet,val50k_tail,150000,proxy
70,70,8520000,,lr_6e-6,8.1648e-06,validation_total_reference_mistag_geomean_percent,0.4282021679607718,min,1.0290550147341089,1.0290550147341089,0.5829717848690288,0.3145213909237448,0.4282021679607718,,0.19270916218915443,0.07811874201361738,3.2780632836379318,0.1983014147614973,0.5204565653122719,0.07010656077426672,2.7389276719522266,1.1557567172319048,0.018674754557568958,0.020674364764135235,96,49816,0.011543978532420882,0.013543853595395948,39,49924,0.0788454995196898,0.08072124220701235,1633,49816,0.018937515515995117,0.02093257605007004,99,49924,0.031276062732491644,0.033264590551041265,259,49764,0.010887942586388928,0.01288813861795732,35,49924,0.07222054041513548,0.07411991034424609,1363,49764,0.04686710241845037,0.0488238072056205,577,49924,0.88905,0.9717431243086302,0.29319,0.3915320419834632,0.30125,False,/data/suehara/part/march/datasets/20250711_ilc_nnqq_sgv_10m_3cat_parquet,val50k_tail,150000,proxy
70,70,8520000,,lr_9e-6,9.072e-06,validation_total_reference_mistag_geomean_percent,0.41847594292844087,min,1.0155085270264115,1.0155085270264115,0.5691113231159417,0.3077115279503429,0.41847594292844087,,0.17678848354239923,0.078125,3.2404524524259726,0.20032050792203787,0.5159917200083552,0.06610576826087118,2.7124702296603793,1.133814054391276,0.017854536110785132,0.01985635263709771,88,49777,0.011544903247132055,0.013544938302519582,39,49920,0.07843156206449042,0.08031028549983082,1613,49777,0.019039055449725294,0.02103419494962227,100,49920,0.031125083630874437,0.033112074004787356,257,49807,0.01054676479357898,0.012547281379014742,33,49920,0.07184508549920691,0.07374387805724018,1351,49807,0.046417580368743154,0.048375321034893094,566,49920,0.88943,0.9719682573419669,0.29208,0.3915320419834632,0.29969,False,/data/suehara/part/march/datasets/20250711_ilc_nnqq_sgv_10m_3cat_parquet,val50k_tail,150000,proxy
71,71,8640000,,lr_14e-6,1.08864e-05,validation_total_reference_mistag_geomean_percent,0.4117328411075268,min,1.000832689066792,1.000832689066792,0.5620594856589363,0.30161208336824485,0.4117328411075268,,0.18029567654621095,0.07422862307172758,3.145158034460995,0.19660554243071962,0.5227181310912562,0.06219155225847878,2.6799357618547317,1.1455281908202177,0.01801570302426385,0.020011724752065967,90,49918,0.011237927442505962,0.013241087968749787,37,49846,0.07718463498102707,0.07906186977903046,1570,49918,0.018866443311677666,0.020864693736173494,98,49846,0.03135303916791719,0.03334243551562652,260,49740,0.010209375073706414,0.012213018560777906,31,49846,0.07146618266088145,0.07336884100448346,1333,49740,0.04669300584302753,0.04865318285560867,571,49846,0.88923,0.971835657227531,0.29257,0.3915320419834632,0.29816,False,/data/suehara/part/march/datasets/20250711_ilc_nnqq_sgv_10m_3cat_parquet,val50k_tail,150000,proxy
71,71,8640000,,lr_3e-6,7.257600000000001e-06,validation_total_reference_mistag_geomean_percent,0.4085008032208189,min,0.9917977523769784,0.9917977523769784,0.547648771127586,0.30470789861989434,0.4085008032208189,,0.18478719978706162,0.07424501107421619,3.1313394950203812,0.20066218275359735,0.5051922580458165,0.06019865703791891,2.6703019868459026,1.1076552284509331,0.01827283699057862,0.020273930137785036,92,49787,0.011240407254375083,0.013244009268640765,37,49835,0.07711817188320036,0.07900090107472169,1559,49787,0.0190715009398609,0.021070029626544824,100,49835,0.030766599610752062,0.0327510355005855,252,49882,0.010030821012774908,0.012034986730105222,30,49835,0.07123903562986714,0.07313666400376104,1332,49882,0.04591183861913754,0.04787396819364749,552,49835,0.88953,0.9720219751273924,0.29155,0.3915320419834632,0.29877,False,/data/suehara/part/march/datasets/20250711_ilc_nnqq_sgv_10m_3cat_parquet,val50k_tail,150000,proxy
71,71,8640000,,lr_6e-6,8.1648e-06,validation_total_reference_mistag_geomean_percent,0.40864108280471156,min,0.9922986663462551,0.9922986663462551,0.5482470062504305,0.3045844895677002,0.40864108280471156,,0.18277864595651333,0.07424501107421619,3.1293308695232547,0.20266881078657245,0.5051922580458165,0.06019865703791891,2.6723065535549524,1.1116685247907967,0.018168242082457403,0.020169415914023537,91,49787,0.011240407254375083,0.013244009268640765,37,49835,0.0770939054181647,0.07897671529404487,1558,49787,0.019171193594686733,0.021169641752361457,101,49835,0.030766599610752062,0.0327510355005855,252,49882,0.010030821012774908,0.012034986730105222,30,49835,0.07126541947563084,0.07316296747219495,1333,49882,0.04599580163498693,0.04795777015147856,554,49835,0.88955,0.9720225608464856,0.29155,0.3915320419834632,0.29921,False,/data/suehara/part/march/datasets/20250711_ilc_nnqq_sgv_10m_3cat_parquet,val50k_tail,150000,proxy
71,71,8640000,,lr_9e-6,9.072e-06,validation_total_reference_mistag_geomean_percent,0.4163994757762782,min,1.0026985351850877,1.0026985351850877,0.5766774076123937,0.3006681398264525,0.4163994757762782,,0.17886570279625041,0.07228915450015429,3.179388311226487,0.19879518035742486,0.5045449152834012,0.07228915450015429,2.6869017944896907,1.1285140683271393,0.01796776755346259,0.019970264962572988,89,49758,0.011082826869679917,0.01308791555638798,36,49800,0.07771850978707529,0.07960040499240123,1582,49758,0.01898462882519536,0.020984637050704004,99,49800,0.030727266695394512,0.03270918573323464,252,49946,0.011082826869679917,0.01308791555638798,36,49800,0.07141198525315341,0.0733065173830507,1342,49946,0.04636248507076581,0.04832515593857067,562,49800,0.88947,0.9719239105832728,0.29204,0.3915320419834632,0.30054,False,/data/suehara/part/march/datasets/20250711_ilc_nnqq_sgv_10m_3cat_parquet,val50k_tail,150000,proxy
72,72,8760000,,lr_14e-6,1.08864e-05,validation_total_reference_mistag_geomean_percent,0.42168723676808645,min,1.0105543571798612,1.0105543571798612,0.5769867789880876,0.30818752201733807,0.42168723676808645,,0.1803209766212269,0.07825981954386142,3.1856705102785643,0.20066621329787218,0.5124701112536203,0.0682265096801774,2.6728833827375196,1.185937334026047,0.018018227774264515,0.020014528424555884,90,49911,0.011564820508055832,0.013568301602763944,39,49834,0.07767584169622102,0.07955171641598827,1590,49911,0.019071883309670433,0.02107045193766991,100,49834,0.031030386085287298,0.03301943471447112,255,49759,0.01073753392221141,0.012741417678125137,34,49834,0.07135988305751115,0.07326209835905942,1330,49759,0.047522703756358586,0.04948173105396615,591,49834,0.88904,0.9717741038882365,0.2931,0.3915320419834632,0.29839,False,/data/suehara/part/march/datasets/20250711_ilc_nnqq_sgv_10m_3cat_parquet,val50k_tail,150000,proxy
72,72,8760000,,lr_3e-6,7.257600000000001e-06,validation_total_reference_mistag_geomean_percent,0.4191774333567249,min,1.0150599826597846,1.0150599826597846,0.569984469128866,0.3082710672872841,0.4191774333567249,,0.17638098810171146,0.07625928118366469,3.2169486699947476,0.20870961370568925,0.5041983188260402,0.06622516556291391,2.701779855608385,1.1699779682951252,0.017813412729585434,0.019810631538519623,88,49892,0.011404703522496253,0.013408425732303086,38,49830,0.07806331629836918,0.07993865157149352,1605,49892,0.019469288414851113,0.021467694643396203,104,49830,0.030765399693927654,0.03275386168679244,251,49782,0.010565808891978539,0.012569933827638536,33,49830,0.07172306552288496,0.07362324109447607,1345,49782,0.04720081116848657,0.04916063626029914,583,49830,0.88921,0.9718107056387355,0.29296,0.3915320419834632,0.30016,False,/data/suehara/part/march/datasets/20250711_ilc_nnqq_sgv_10m_3cat_parquet,val50k_tail,150000,proxy
72,72,8760000,,lr_6e-6,8.1648e-06,validation_total_reference_mistag_geomean_percent,0.4204158294458449,min,1.0077135879265584,1.0077135879265584,0.5746938033935264,0.30755415945838394,0.4204158294458449,,0.1766358926635084,0.07830696367998376,3.2215977216890015,0.20078708192974473,0.4911788149156892,0.07228335002621065,2.6704088900624083,1.1505099884459207,0.017839137336658827,0.019839232240847743,88,49820,0.011571784567319228,0.013576470564175144,39,49804,0.0781743247343189,0.0800521835588347,1605,49820,0.019083361537838763,0.021083129148103882,100,49804,0.030325981993962938,0.032311059324842836,245,49880,0.01108193700421206,0.013086864888933096,36,49804,0.07124185443628875,0.07313955460342483,1332,49880,0.04681472868449787,0.04877635864136195,573,49804,0.88912,0.9718309537712727,0.29251,0.3915320419834632,0.29857,False,/data/suehara/part/march/datasets/20250711_ilc_nnqq_sgv_10m_3cat_parquet,val50k_tail,150000,proxy
72,72,8760000,,lr_9e-6,9.072e-06,validation_total_reference_mistag_geomean_percent,0.40699923704994256,min,0.9935343872478634,0.9935343872478634,0.5583617634475473,0.29666855756106303,0.40699923704994256,,0.17674585889436534,0.07207928862528643,3.163349247180464,0.19221142505930644,0.5163753125703224,0.06407047752527781,2.658227745414338,1.105215742713546,0.017850236104852212,0.019851571880407076,88,49789,0.011050660287629546,0.013049936334271286,36,49945,0.07750221297388449,0.07938358074515567,1575,49789,0.018626560437939366,0.020621026003447125,96,49945,0.03114816796626861,0.03313662006381533,257,49770,0.010366683246833774,0.012366279992217795,32,49945,0.07115878048007014,0.07306116428396799,1323,49770,0.04581125137350251,0.047769157282391735,552,49945,0.8896,0.9718874772796106,0.29201,0.3915320419834632,0.29944,False,/data/suehara/part/march/datasets/20250711_ilc_nnqq_sgv_10m_3cat_parquet,val50k_tail,150000,proxy
73,73,8880000,,lr_14e-6,1.08864e-05,validation_total_reference_mistag_geomean_percent,0.4179313975325277,min,1.0201458741108769,1.0201458741108769,0.5658721712500699,0.30866803832680995,0.4179313975325277,,0.18847495873659198,0.07414532175331602,3.2742512000814368,0.19838884140262752,0.5208333333333334,0.06412568634523666,2.706724560130413,1.1342230911040607,0.018448119980269698,0.020445574618589788,94,49874,0.011225319890863825,0.013226235854840458,37,49902,0.07875530326360014,0.08062901750469087,1633,49874,0.018945857258061097,0.02094179382130857,99,49902,0.03129865069423886,0.03328860290187103,259,49728,0.010375613912149449,0.012376931440701011,32,49902,0.07182623414985975,0.07372827422379158,1346,49728,0.046434233351221044,0.048392663783169976,566,49902,0.88927,0.9718455488741361,0.29252,0.3915320419834632,0.29894,False,/data/suehara/part/march/datasets/20250711_ilc_nnqq_sgv_10m_3cat_parquet,val50k_tail,150000,proxy
73,73,8880000,,lr_3e-6,7.257600000000001e-06,validation_total_reference_mistag_geomean_percent,0.4124656706301762,min,1.0167085989178142,1.0167085989178142,0.5717277220566149,0.2975680955900092,0.4124656706301762,,0.18888397515917488,0.06612563968403697,3.263272105486705,0.19236549443943493,0.5056890012642224,0.06812944828037597,2.7010215483910187,1.1481815786375436,0.018488122872649698,0.020489895775295572,94,49766,0.010549934041103042,0.012551051115654657,33,49905,0.07871015922367233,0.08058838085192102,1624,49766,0.018641477722242616,0.02063753569144717,96,49905,0.030796782001972067,0.03278314918095564,252,49833,0.010722261611867932,0.012723298383160084,34,49905,0.07167691028330918,0.07357517165460133,1346,49833,0.046720499692069414,0.048678253006503164,573,49905,0.88916,0.9717734460889117,0.2927,0.3915320419834632,0.2996,False,/data/suehara/part/march/datasets/20250711_ilc_nnqq_sgv_10m_3cat_parquet,val50k_tail,150000,proxy
73,73,8880000,,lr_6e-6,8.1648e-06,validation_total_reference_mistag_geomean_percent,0.41858555007447346,min,1.021901174750643,1.021901174750643,0.5714590793246513,0.30660789034661373,0.41858555007447346,,0.18847495873659198,0.07214139925605943,3.276256141480514,0.19838884140262752,0.5208333333333334,0.06612961647002012,2.71074635178341,1.1422387555425881,0.018448119980269698,0.020445574618589788,94,49874,0.01106017985057421,0.013061176127465842,36,49902,0.07877891030357159,0.08065254414154482,1634,49874,0.018945857258061097,0.02094179382130857,99,49902,0.03129865069423886,0.03328860290187103,259,49728,0.010550568119183708,0.012551805334820294,33,49902,0.07187884885835709,0.07378072718043326,1348,49728,0.04659963512390914,0.048557744304198076,570,49902,0.88923,0.9718320106741828,0.29259,0.3915320419834632,0.29897,False,/data/suehara/part/march/datasets/20250711_ilc_nnqq_sgv_10m_3cat_parquet,val50k_tail,150000,proxy
73,73,8880000,,lr_9e-6,9.072e-06,validation_total_reference_mistag_geomean_percent,0.4127058285042026,min,1.0045374802211993,1.0045374802211993,0.5643567729565192,0.30180571766516756,0.4127058285042026,,0.18658588263242343,0.07224853637623849,3.2281362495549897,0.19065586128296594,0.5076956924573848,0.06823472712814344,2.69700800674252,1.0857348855949276,0.01835623315921322,0.0203550058949623,93,49843,0.011076600810831349,0.013080564424993368,36,49828,0.07823416977230241,0.08011089971580176,1609,49843,0.01856796960699647,0.020567180674601865,95,49828,0.030859451537591526,0.03284573818110184,253,49833,0.010738826533874103,0.012742951251309228,34,49828,0.07162435948641077,0.07352278192864908,1344,49833,0.045453560464328926,0.04741684550203171,541,49828,0.88957,0.9718299034386733,0.29229,0.3915320419834632,0.29873,False,/data/suehara/part/march/datasets/20250711_ilc_nnqq_sgv_10m_3cat_parquet,val50k_tail,150000,proxy
74,74,9000000,,lr_14e-6,1.08864e-05,validation_total_reference_mistag_geomean_percent,0.4144228762754296,min,1.0216524714273691,1.0216524714273691,0.549310556958086,0.3126579640695032,0.4144228762754296,,0.1824268719770657,0.07824255306061907,3.2716557303210365,0.20463436127419612,0.5323850657605549,0.05617413928320235,2.7342493878176413,1.1134516619246373,0.018133304507461537,0.020130641253556632,91,49883,0.011562269119385682,0.01356530877946226,39,49845,0.07871771479583956,0.08059119504304074,1632,49883,0.019266529692812645,0.021264498060724397,102,49845,0.03163800750985383,0.03362557666487815,265,49776,0.009658056422896289,0.011661981546684205,28,49845,0.07215111368950554,0.07405021369804483,1361,49776,0.04602853705620996,0.0479900404185548,555,49845,0.88901,0.9716964474419405,0.29322,0.3915320419834632,0.29895,False,/data/suehara/part/march/datasets/20250711_ilc_nnqq_sgv_10m_3cat_parquet,val50k_tail,150000,proxy
74,74,9000000,,lr_3e-6,7.257600000000001e-06,validation_total_reference_mistag_geomean_percent,0.41378603795128893,min,1.0231570550375055,1.0231570550375055,0.5495122482079687,0.31158338283048775,0.41378603795128893,,0.1824268719770657,0.07623633001731976,3.2796744296579434,0.20664058644860772,0.5323850657605549,0.05617413928320235,2.738267355230712,1.1134516619246373,0.018133304507461537,0.020130641253556632,91,49883,0.011401272495468226,0.01340439265224584,38,49845,0.07881211085941364,0.08068526961018674,1636,49883,0.019365221998437696,0.021363109869648386,103,49845,0.03163800750985383,0.03362557666487815,265,49776,0.009658056422896289,0.011661981546684205,28,49845,0.07220336483654312,0.07410230340503428,1363,49776,0.04602853705620996,0.0479900404185548,555,49845,0.88904,0.9716819857903749,0.29328,0.3915320419834632,0.29898,False,/data/suehara/part/march/datasets/20250711_ilc_nnqq_sgv_10m_3cat_parquet,val50k_tail,150000,proxy
74,74,9000000,,lr_6e-6,8.1648e-06,validation_total_reference_mistag_geomean_percent,0.40902968621588165,min,0.9864350602308696,0.9864350602308696,0.5598889374099009,0.2988186996153785,0.40902968621588165,,0.18058871878234,0.07418397626112759,3.092080283399802,0.19247733627531682,0.5101323576138671,0.06415911460421846,2.6410394176221157,1.1368192772881685,0.018044961334619615,0.020044215368921772,90,49837,0.011231169877166741,0.013233127333458768,37,49876,0.07660430958470535,0.07848672540470628,1541,49837,0.01865230770282942,0.02064952175564684,96,49876,0.030948018305601305,0.03293588252663128,254,49791,0.010381021317923216,0.012383380757560552,32,49876,0.07091655111084831,0.07281882298001245,1315,49791,0.04649973692136978,0.04845908414305971,567,49876,0.88953,0.9719332257915273,0.29169,0.3915320419834632,0.29883,False,/data/suehara/part/march/datasets/20250711_ilc_nnqq_sgv_10m_3cat_parquet,val50k_tail,150000,proxy
74,74,9000000,,lr_9e-6,9.072e-06,validation_total_reference_mistag_geomean_percent,0.41134684012285044,min,0.9957451693205016,0.9957451693205016,0.5712865484123808,0.29618450381736117,0.41134684012285044,,0.17865387186251677,0.07217032337273628,3.1013507718062248,0.19245418435734174,0.5140046180102399,0.06615612635852437,2.6663989526604945,1.1747725061359349,0.017946503925859027,0.019946638259907907,89,49817,0.0110646131448049,0.013066410537826152,36,49882,0.07673213578554099,0.07861493513740304,1545,49817,0.018650065984892012,0.020647040738138864,96,49882,0.03106412367021227,0.03305127362732549,256,49805,0.010554797254998726,0.012556835780008702,33,49882,0.07124192145519098,0.07314264028601761,1328,49805,0.04727415575088278,0.0492317456126384,586,49882,0.88933,0.9717944257383225,0.29251,0.3915320419834632,0.29899,False,/data/suehara/part/march/datasets/20250711_ilc_nnqq_sgv_10m_3cat_parquet,val50k_tail,150000,proxy
75,75,9120000,,lr_14e-6,1.08864e-05,validation_total_reference_mistag_geomean_percent,0.4051723259384802,min,1.0107630823215847,1.0107630823215847,0.5440243077164584,0.3017597033402402,0.4051723259384802,,0.17262489833895947,0.07636809309002066,3.193560640300722,0.19694929343058587,0.5147618582324981,0.05426154129139686,2.7280375205062786,1.1495408133822156,0.0176250861875343,0.019625382257299623,86,49819,0.011420971777131493,0.013427548622219346,38,49759,0.07784098914438188,0.07972001119618058,1591,49819,0.01889940198001208,0.020901132313789997,98,49759,0.03105107085388725,0.03303337454337246,257,49926,0.009484108534346182,0.011491573906507546,27,49759,0.07196331196331548,0.07385695518259544,1362,49926,0.04681553597593417,0.0487789788703636,572,49759,0.88917,0.9717954234737279,0.29266,0.3915320419834632,0.29841,False,/data/suehara/part/march/datasets/20250711_ilc_nnqq_sgv_10m_3cat_parquet,val50k_tail,150000,proxy
75,75,9120000,,lr_3e-6,7.257600000000001e-06,validation_total_reference_mistag_geomean_percent,0.4052227429114022,min,1.0120164825336226,1.0120164825336226,0.5436478721348701,0.3020438040671733,0.4052227429114022,,0.17262489833895947,0.07636809309002066,3.2056043292484735,0.19694929343058587,0.5147618582324981,0.05426154129139686,2.73004046363532,1.1455213830017255,0.0176250861875343,0.019625382257299623,86,49819,0.011420971777131493,0.013427548622219346,38,49759,0.0779847069678298,0.07986324553517152,1597,49819,0.01889940198001208,0.020901132313789997,98,49759,0.03105107085388725,0.03303337454337246,257,49926,0.009484108534346182,0.011491573906507546,27,49759,0.07198935715864961,0.07388292014221011,1363,49926,0.04673282699139969,0.04869643143620636,570,49759,0.88912,0.9717781732024268,0.29277,0.3915320419834632,0.29844,False,/data/suehara/part/march/datasets/20250711_ilc_nnqq_sgv_10m_3cat_parquet,val50k_tail,150000,proxy
75,75,9120000,,lr_6e-6,8.1648e-06,validation_total_reference_mistag_geomean_percent,0.4135556931515497,min,0.991881383964881,0.991881383964881,0.569748098558531,0.3001823292973899,0.4135556931515497,,0.1801477290544729,0.07829910487453982,3.116555667666151,0.18470557982434255,0.5106964871148025,0.06826075642283973,2.6600449665957067,1.1363407801661927,0.018000929399844372,0.01999531900268143,90,49959,0.011570623308390779,0.013575108387588837,39,49809,0.07680840255913333,0.07868524180750965,1557,49959,0.018264772489972225,0.020264985074782575,92,49809,0.030982161911212013,0.03297220166120088,254,49736,0.010742921858081591,0.01274781000278792,34,49809,0.07120678744134204,0.07311039863470703,1323,49736,0.04652046445955422,0.048482466434180034,566,49809,0.88927,0.9718345187758471,0.29234,0.3915320419834632,0.29899,False,/data/suehara/part/march/datasets/20250711_ilc_nnqq_sgv_10m_3cat_parquet,val50k_tail,150000,proxy
75,75,9120000,,lr_9e-6,9.072e-06,validation_total_reference_mistag_geomean_percent,0.405063935687925,min,1.010761924621994,1.010761924621994,0.5436478721348701,0.30180710788156395,0.405063935687925,,0.17262489833895947,0.07636809309002066,3.195567865955446,0.19694929343058587,0.5147618582324981,0.05426154129139686,2.73004046363532,1.1455213830017255,0.0176250861875343,0.019625382257299623,86,49819,0.011420971777131493,0.013427548622219346,38,49759,0.0778649628209057,0.07974390429196163,1592,49819,0.01889940198001208,0.020901132313789997,98,49759,0.03105107085388725,0.03303337454337246,257,49926,0.009484108534346182,0.011491573906507546,27,49759,0.07198935715864961,0.07388292014221011,1363,49926,0.04673282699139969,0.04869643143620636,570,49759,0.88915,0.9717876363782868,0.2927,0.3915320419834632,0.29842,False,/data/suehara/part/march/datasets/20250711_ilc_nnqq_sgv_10m_3cat_parquet,val50k_tail,150000,proxy
76,76,9240000,,lr_14e-6,1.08864e-05,validation_total_reference_mistag_geomean_percent,0.3991070263980228,min,1.0004411165117708,1.0004411165117708,0.5411263941949985,0.2943608373737396,0.3991070263980228,,0.18050541516245489,0.07026560604942952,3.2049739301832747,0.18469816718859156,0.5117091253440622,0.056212484839543615,2.684967677739147,1.1101965255876616,0.018036643762552106,0.020034978917676846,90,49860,0.010912635985760094,0.012917363135684486,35,49811,0.07794550731454464,0.07982252647071864,1598,49860,0.01826403970651466,0.020264172278624138,92,49811,0.03098441504399219,0.032970540616556174,255,49833,0.009664647429812198,0.011669938826134912,28,49811,0.0714664522065811,0.0733653578616586,1338,49833,0.0459758646724491,0.04793883758889769,553,49811,0.88939,0.9719107162777929,0.29199,0.3915320419834632,0.29848,False,/data/suehara/part/march/datasets/20250711_ilc_nnqq_sgv_10m_3cat_parquet,val50k_tail,150000,proxy
76,76,9240000,,lr_3e-6,7.257600000000001e-06,validation_total_reference_mistag_geomean_percent,0.4080711237652412,min,0.9987589268800072,0.9987589268800072,0.5688727988912147,0.2927228061802103,0.4080711237652412,,0.1762044039916148,0.06814173447498466,3.211725621323553,0.1903960176739194,0.5073893765194448,0.07014590468051803,2.659767246015077,1.1063011103609464,0.01779559202583431,0.019790818408026024,88,49942,0.010724195133610906,0.01272559234246879,34,49896,0.07796260169610492,0.07983626865236682,1604,49942,0.018542685201947323,0.020539182144700185,95,49896,0.030900094849457826,0.03289307250621473,252,49666,0.010894050884146276,0.01289536776077295,35,49896,0.07125261418443121,0.07315891948794437,1321,49666,0.04585600393055382,0.04781578904363426,552,49896,0.8894,0.9719952286448091,0.29182,0.3915320419834632,0.29862,False,/data/suehara/part/march/datasets/20250711_ilc_nnqq_sgv_10m_3cat_parquet,val50k_tail,150000,proxy
76,76,9240000,,lr_6e-6,8.1648e-06,validation_total_reference_mistag_geomean_percent,0.40513013912993334,min,0.9987556563011118,0.9987556563011118,0.5603535519493104,0.2929051293785435,0.40513013912993334,,0.1762044039916148,0.06814173447498466,3.2197348285330674,0.1903960176739194,0.5073893765194448,0.06613756613756613,2.655740212717351,1.1063011103609464,0.01779559202583431,0.019790818408026024,88,49942,0.010724195133610906,0.01272559234246879,34,49896,0.07805779523731501,0.07993114145630545,1608,49942,0.018542685201947323,0.020539182144700185,95,49896,0.030900094849457826,0.03289307250621473,252,49666,0.010551836504030817,0.012553314045119933,33,49896,0.07119935522062852,0.07310582268008799,1319,49666,0.04585600393055382,0.04781578904363426,552,49896,0.88939,0.9719990528078865,0.2918,0.3915320419834632,0.29862,False,/data/suehara/part/march/datasets/20250711_ilc_nnqq_sgv_10m_3cat_parquet,val50k_tail,150000,proxy
76,76,9240000,,lr_9e-6,9.072e-06,validation_total_reference_mistag_geomean_percent,0.41262064988148206,min,1.0099476845881707,1.0099476845881707,0.5722185542969682,0.29753631620315785,0.41262064988148206,,0.17670327385308154,0.07003781802786431,3.164595126267097,0.20010805395222872,0.510758099661269,0.06603565748162155,2.72471345159924,1.1666299958629638,0.017845938169606664,0.01984679342525706,88,49801,0.010877269531603275,0.012875507102323117,35,49973,0.0775079474615345,0.07938881188109814,1576,49801,0.01901888055107219,0.021011912605406337,100,49973,0.030985891226352914,0.03297616859484703,254,49730,0.010535582019313695,0.012533979759768476,33,49973,0.07205980840719745,0.07396104854101096,1355,49730,0.04706649300619363,0.049020844069538536,583,49973,0.88941,0.9719012519848657,0.29222,0.3915320419834632,0.30018,False,/data/suehara/part/march/datasets/20250711_ilc_nnqq_sgv_10m_3cat_parquet,val50k_tail,150000,proxy
77,77,9360000,,lr_14e-6,1.08864e-05,validation_total_reference_mistag_geomean_percent,0.4140831318522309,min,0.9994847981229947,0.9994847981229947,0.5661186385205904,0.3028779277301884,0.4140831318522309,,0.1843281058284538,0.07426139958262411,3.125563551768309,0.1966923534827146,0.5103578438938584,0.06422607578676943,2.664308998212133,1.1761400564290951,0.01822747535169698,0.020223615434080983,92,49911,0.011242888160898582,0.013246931857832722,37,49824,0.0769537524708111,0.07883203570918929,1560,49911,0.01887476682382696,0.020873896081946522,98,49824,0.030961666713307835,0.03295040057494005,254,49769,0.01039185305601241,0.012396299575800202,32,49824,0.07123977458522238,0.07314195223810244,1326,49769,0.04732887971653499,0.04928869346413796,586,49824,0.88931,0.9719231118083883,0.29225,0.3915320419834632,0.29923,False,/data/suehara/part/march/datasets/20250711_ilc_nnqq_sgv_10m_3cat_parquet,val50k_tail,150000,proxy
77,77,9360000,,lr_3e-6,7.257600000000001e-06,validation_total_reference_mistag_geomean_percent,0.412224118830182,min,1.0024484188768783,1.0024484188768783,0.561279193998571,0.30275258011034106,0.412224118830182,,0.19262795962384405,0.07219203009505254,3.1382306414683065,0.1925120745984289,0.504016070434277,0.062165359400693156,2.6726907153503436,1.1851525000440797,0.01866689201546789,0.020665662914493836,96,49837,0.01106794044851019,0.013070339099717304,36,49867,0.07716309282509576,0.07904365662653873,1564,49837,0.018655671290361966,0.020653244400086077,96,49867,0.030754305280338966,0.032742055885176105,251,49800,0.01020507671752037,0.012207877497184404,31,49867,0.07132835360014363,0.07322901058441945,1331,49800,0.04749143240968777,0.04944919480217719,591,49867,0.88936,0.9719104875947514,0.29221,0.3915320419834632,0.29994,False,/data/suehara/part/march/datasets/20250711_ilc_nnqq_sgv_10m_3cat_parquet,val50k_tail,150000,proxy
77,77,9360000,,lr_6e-6,8.1648e-06,validation_total_reference_mistag_geomean_percent,0.41256426306319777,min,1.0030269115725456,1.0030269115725456,0.5654671175711021,0.30100648803062763,0.41256426306319777,,0.18473896487997718,0.07016840588722519,3.1907630680957166,0.1984763451666455,0.49173089108591445,0.068163591955032,2.683445846485573,1.1367281790242811,0.018268070743323844,0.02026864346452127,92,49800,0.010897544418161724,0.01289950234185333,35,49880,0.07782222585029294,0.07970207713632396,1589,49800,0.018954206352225538,0.020951019714298337,99,49880,0.03035999058477847,0.03234727685100065,245,49824,0.010727634227966144,0.012729672535433036,34,49880,0.0714528308952217,0.0733521406502062,1337,49824,0.0464960281195961,0.0484552218748319,567,49880,0.88937,0.9717901164499229,0.29251,0.3915320419834632,0.29907,False,/data/suehara/part/march/datasets/20250711_ilc_nnqq_sgv_10m_3cat_parquet,val50k_tail,150000,proxy
77,77,9360000,,lr_9e-6,9.072e-06,validation_total_reference_mistag_geomean_percent,0.41185503931719275,min,0.9996892669446686,0.9996892669446686,0.5611737487858897,0.3022674773685556,0.41185503931719275,,0.19262795962384405,0.07219203009505254,3.118165289737891,0.1925120745984289,0.504016070434277,0.062165359400693156,2.670682851623082,1.1851525000440797,0.01866689201546789,0.020665662914493836,96,49837,0.01106794044851019,0.013070339099717304,36,49867,0.076920702145521,0.0788020711724239,1554,49837,0.018655671290361966,0.020653244400086077,96,49867,0.030754305280338966,0.032742055885176105,251,49800,0.01020507671752037,0.012207877497184404,31,49867,0.07130190658606386,0.07320264421258119,1330,49800,0.04749143240968777,0.04944919480217719,591,49867,0.88935,0.971919129406217,0.29216,0.3915320419834632,0.29992,False,/data/suehara/part/march/datasets/20250711_ilc_nnqq_sgv_10m_3cat_parquet,val50k_tail,150000,proxy
78,78,9480000,,lr_14e-6,1.08864e-05,validation_total_reference_mistag_geomean_percent,0.40585509082249327,min,0.9986921270984568,0.9986921270984568,0.546295699648331,0.301518673591187,0.40585509082249327,,0.17070329674909407,0.07612332312873177,3.2072136860072664,0.19832127768579985,0.5061155760821777,0.06009735742558532,2.677190620641423,1.0937718790675768,0.01752573321912136,0.019527110735033167,85,49794,0.011384376264353391,0.013384531580067397,38,49919,0.07802323579553794,0.07990265285666709,1597,49794,0.018939410721381472,0.020934670285464994,99,49919,0.0308226997954077,0.03281072535923097,252,49791,0.010013945734056251,0.01201474311555786,30,49919,0.07139394756684701,0.07329476735087083,1333,49791,0.045582569610959876,0.04754195374916132,546,49919,0.8898,0.9719587519883238,0.292,0.3915320419834632,0.30002,False,/data/suehara/part/march/datasets/20250711_ilc_nnqq_sgv_10m_3cat_parquet,val50k_tail,150000,proxy
78,78,9480000,,lr_3e-6,7.257600000000001e-06,validation_total_reference_mistag_geomean_percent,0.424960411204595,min,1.0095761287471887,1.0095761287471887,0.58228155269383,0.3101443799064254,0.424960411204595,,0.18634660787528243,0.0762455116644371,3.181918375947618,0.20465900273830098,0.5124804103471684,0.07223259105940046,2.6870050733948943,1.1557214569504073,0.01833271218201972,0.020328931361121898,93,49907,0.011402644658521416,0.013406005593090268,38,49839,0.07763406019670148,0.07951023562476345,1588,49907,0.019268847097223464,0.021267055002440742,102,49839,0.031031008249749782,0.033020096438613616,255,49758,0.011074156772608926,0.013077678739345023,36,49839,0.07154635139505032,0.07344803731700565,1337,49758,0.04690550907339875,0.04886555235498035,576,49839,0.88913,0.97176555421792,0.29303,0.3915320419834632,0.29939,False,/data/suehara/part/march/datasets/20250711_ilc_nnqq_sgv_10m_3cat_parquet,val50k_tail,150000,proxy
78,78,9480000,,lr_6e-6,8.1648e-06,validation_total_reference_mistag_geomean_percent,0.40440304317494236,min,0.9963109540273013,0.9963109540273013,0.5444976451120198,0.3003535879305938,0.40440304317494236,,0.17462866361535478,0.0741572152879372,3.199518236603412,0.19641640757939077,0.500100422997538,0.06012747141376185,2.671219239006583,1.0943199757144322,0.01773224368632998,0.019732419168026955,87,49820,0.011227119237461987,0.013228355545176505,37,49894,0.07791134631157624,0.07979009148868094,1594,49820,0.018848308378542754,0.020844644027294197,98,49894,0.030634386862235692,0.03262269396907165,249,49790,0.010018962200762942,0.012020760879178142,30,49894,0.07131603850305847,0.07321713632715172,1330,49790,0.04560529083438951,0.04756563475829742,546,49894,0.88979,0.97196729759255,0.29194,0.3915320419834632,0.29927,False,/data/suehara/part/march/datasets/20250711_ilc_nnqq_sgv_10m_3cat_parquet,val50k_tail,150000,proxy
78,78,9480000,,lr_9e-6,9.072e-06,validation_total_reference_mistag_geomean_percent,0.41467546568046704,min,0.9959924155334634,0.9959924155334634,0.5683656311784899,0.30254422928558655,0.41467546568046704,,0.17889447060601377,0.07418397626112759,3.1175879033631473,0.20250220745204167,0.5052327623895777,0.06816905993435067,2.6985844331916495,1.1227845110697994,0.01797065463714511,0.019973472893165572,89,49750,0.011231169877166741,0.013233127333458768,37,49876,0.07698012348422399,0.07886480568399003,1551,49750,0.019155447888963242,0.02115225995843535,101,49876,0.03076906126166937,0.03275365466699236,252,49878,0.010728494346228759,0.012730692992527968,34,49876,0.07161310418207986,0.07350975068476512,1346,49878,0.04620894165991065,0.04816885165828382,560,49876,0.88975,0.971970897427489,0.2918,0.3915320419834632,0.29898,False,/data/suehara/part/march/datasets/20250711_ilc_nnqq_sgv_10m_3cat_parquet,val50k_tail,150000,proxy
79,79,9600000,,lr_14e-6,1.08864e-05,validation_total_reference_mistag_geomean_percent,0.41900548425502576,min,1.0113514536294208,1.0113514536294208,0.5631906863179938,0.3117338409546411,0.41900548425502576,,0.18459068840023732,0.0782551097472509,3.194221586084597,0.20466720935622956,0.5137776707407631,0.06220278182807081,2.6772633503927032,1.175833232485515,0.018253420950024964,0.02025239405689641,92,49840,0.011564124563119007,0.013567485247269098,39,49837,0.07783267591491873,0.07971087974273788,1592,49840,0.019269619689249905,0.021267907452999623,102,49837,0.031050440233199115,0.03303672193542524,256,49827,0.010211218335001444,0.01221522319951985,31,49837,0.07136944695433807,0.07326889050691433,1334,49827,0.047316602987316006,0.04927591783878346,586,49837,0.88903,0.9718706103783531,0.29254,0.3915320419834632,0.29845,False,/data/suehara/part/march/datasets/20250711_ilc_nnqq_sgv_10m_3cat_parquet,val50k_tail,150000,proxy
79,79,9600000,,lr_3e-6,7.257600000000001e-06,validation_total_reference_mistag_geomean_percent,0.4239990874582121,min,1.0097738962124836,1.0097738962124836,0.5833315913375998,0.3081870223300707,0.4239990874582121,,0.1885014137606032,0.07636041931489827,3.182465361747093,0.19692950316828248,0.5153088869317034,0.07234144952236717,2.6928398405194205,1.1534442947355008,0.018450707513195597,0.020448441474302463,94,49867,0.011419824606418664,0.013426200154647823,38,49764,0.07767136172767836,0.07954902013155019,1587,49867,0.018897504685136835,0.020899034695896507,98,49764,0.03108399100805754,0.03306837931119858,257,49873,0.011090842094496688,0.013097379160641513,36,49764,0.07154140664898008,0.07343847366533575,1343,49873,0.046893409355681405,0.04885649810251625,574,49764,0.88906,0.9717566751934849,0.29283,0.3915320419834632,0.29764,False,/data/suehara/part/march/datasets/20250711_ilc_nnqq_sgv_10m_3cat_parquet,val50k_tail,150000,proxy
79,79,9600000,,lr_6e-6,8.1648e-06,validation_total_reference_mistag_geomean_percent,0.4169769141796894,min,1.0108499393123327,1.0108499393123327,0.5629203277682784,0.308870968735718,0.4169769141796894,,0.1825842649673908,0.07624857033930614,3.194221586084597,0.20466720935622956,0.5137776707407631,0.06220278182807081,2.681277260233452,1.1718201709488514,0.01814893700127966,0.02014799062100383,91,49840,0.011403102119605274,0.013406543326301416,38,49837,0.07783267591491873,0.07971087974273788,1592,49840,0.019269619689249905,0.021267907452999623,102,49837,0.031050440233199115,0.03303672193542524,256,49827,0.010211218335001444,0.01221522319951985,31,49837,0.07142221686810453,0.07332149931094135,1336,49827,0.04723504932784301,0.04919452522440266,584,49837,0.88904,0.971857546897725,0.2926,0.3915320419834632,0.29847,False,/data/suehara/part/march/datasets/20250711_ilc_nnqq_sgv_10m_3cat_parquet,val50k_tail,150000,proxy
79,79,9600000,,lr_9e-6,9.072e-06,validation_total_reference_mistag_geomean_percent,0.41154709496197195,min,1.0069926811764316,1.0069926811764316,0.5740087068121185,0.29506697261140324,0.41154709496197195,,0.18271258376046007,0.07218913553510196,3.184419202821352,0.18047284678952422,0.517760367235698,0.06817862533515054,2.7192455520931307,1.1309631358410357,0.01816168103591779,0.02016213429138669,91,49805,0.01106749669239908,0.01306981515498038,36,49869,0.0777424971462326,0.07962241445599455,1586,49805,0.01803339114730799,0.020031366970895814,90,49869,0.031172804507272403,0.033158806779540195,258,49830,0.010729999885116404,0.012732479186178952,34,49869,0.07191713777118074,0.07381478199126497,1355,49830,0.046381813480275355,0.048341670583809324,564,49869,0.88953,0.9718482694772211,0.29228,0.3915320419834632,0.29898,False,/data/suehara/part/march/datasets/20250711_ilc_nnqq_sgv_10m_3cat_parquet,val50k_tail,150000,proxy
80,80,9720000,,lr_14e-6,1.08864e-05,validation_total_reference_mistag_geomean_percent,0.40914468555434746,min,1.0054380978136763,1.0054380978136763,0.5525857721411207,0.3029382625411046,0.40914468555434746,,0.18457588215983523,0.07428973140344475,3.2200464795451125,0.19074389186460536,0.5215123859191656,0.06023491764941175,2.6877946619371063,1.1043068320307283,0.018251957262888995,0.020250770549006588,92,49844,0.011247175943515587,0.013251983005719073,37,49805,0.07813728687389096,0.08001430376444255,1605,49844,0.01857653729809398,0.020576668049360355,95,49805,0.03128089011006814,0.033265745999593206,260,49855,0.010036861689980033,0.012042233134537998,30,49805,0.07148798898468055,0.07338594330896057,1340,49855,0.045855178114557506,0.04781862401278241,550,49805,0.88931,0.9719041030593202,0.29194,0.3915320419834632,0.29983,False,/data/suehara/part/march/datasets/20250711_ilc_nnqq_sgv_10m_3cat_parquet,val50k_tail,150000,proxy
80,80,9720000,,lr_3e-6,7.257600000000001e-06,validation_total_reference_mistag_geomean_percent,0.41197868700813933,min,1.0147647218328013,1.0147647218328013,0.5619708268844659,0.3020200167505208,0.41197868700813933,,0.186739490204839,0.07026842676266358,3.22276213448735,0.1967515932477841,0.5030766001982645,0.06223774789305622,2.6937646168205536,1.182517165047899,0.018371333028657136,0.020371745072575227,93,49802,0.010913074045874525,0.012917881577479199,35,49809,0.07820212617104597,0.08008061693915089,1605,49802,0.018880446157869116,0.02088017506406948,98,49809,0.030697111375046094,0.03268119456805969,251,49893,0.010216957184556986,0.012222087168568277,31,49809,0.0715393704839213,0.07343563998901716,1344,49893,0.04746518145118429,0.04942532932447202,589,49809,0.88906,0.9716853495727161,0.29318,0.3915320419834632,0.30017,False,/data/suehara/part/march/datasets/20250711_ilc_nnqq_sgv_10m_3cat_parquet,val50k_tail,150000,proxy
80,80,9720000,,lr_6e-6,8.1648e-06,validation_total_reference_mistag_geomean_percent,0.42244319075680514,min,1.0198846691695813,1.0198846691695813,0.5731425750298702,0.3113679862423234,0.42244319075680514,,0.1886906099357169,0.07816570882185708,3.2117549368155607,0.19842065202450465,0.5261783694572468,0.06413596825269571,2.71323273321372,1.1784983748353481,0.01846921102142149,0.020468942419405195,94,49817,0.011550917505694666,0.013551993136066141,39,49894,0.07805953798021639,0.0799379050353606,1600,49817,0.01894889244113563,0.020945147751215594,99,49894,0.031443097634803636,0.03343023751597469,262,49793,0.010377277129211191,0.012378915130283346,32,49894,0.07186501531361231,0.07376431110090731,1351,49793,0.04734416770869974,0.04930113740840344,588,49894,0.88898,0.9716712014594293,0.29336,0.3915320419834632,0.29882,False,/data/suehara/part/march/datasets/20250711_ilc_nnqq_sgv_10m_3cat_parquet,val50k_tail,150000,proxy
80,80,9720000,,lr_9e-6,9.072e-06,validation_total_reference_mistag_geomean_percent,0.4238391309066371,min,1.0201348388230573,1.0201348388230573,0.5733861058443215,0.3132960618624877,0.4238391309066371,,0.1886906099357169,0.0801699618850158,3.2097477673131225,0.19842065202450465,0.5261783694572468,0.06413596825269571,2.71323273321372,1.1805026485024364,0.01846921102142149,0.020468942419405195,94,49817,0.011709715713072784,0.013710711004772736,40,49894,0.07803562952090753,0.07991407716326504,1599,49817,0.01894889244113563,0.020945147751215594,99,49894,0.031443097634803636,0.03343023751597469,262,49793,0.010377277129211191,0.012378915130283346,32,49894,0.07186501531361231,0.07376431110090731,1351,49793,0.04738477322065032,0.049341662581682544,589,49894,0.88899,0.9716754056219791,0.29334,0.3915320419834632,0.29882,False,/data/suehara/part/march/datasets/20250711_ilc_nnqq_sgv_10m_3cat_parquet,val50k_tail,150000,proxy
81,81,9840000,,lr_14e-6,1.08864e-05,validation_total_reference_mistag_geomean_percent,0.4120473037434959,min,1.0053442950031217,1.0053442950031217,0.5553412351940145,0.30572730739681026,0.4120473037434959,,0.18254398620402432,0.07824883090018823,3.1754628435391297,0.19261251532265242,0.505902179225203,0.060191407500237326,2.68409207726758,1.163700520065959,0.018144935426222825,0.020143549564830606,91,49851,0.0115631967668207,0.013566396926072598,39,49841,0.07759984366074377,0.07947838562979634,1583,49851,0.01866539513898128,0.02066400624978046,96,49841,0.03080973544809058,0.0327969314735361,252,49812,0.010029613749767192,0.01203353849561691,30,49841,0.07146981643820945,0.0733695577833756,1337,49812,0.04706775057394582,0.04902739502770769,580,49841,0.88948,0.9719348642425419,0.2921,0.3915320419834632,0.29837,False,/data/suehara/part/march/datasets/20250711_ilc_nnqq_sgv_10m_3cat_parquet,val50k_tail,150000,proxy
81,81,9840000,,lr_3e-6,7.257600000000001e-06,validation_total_reference_mistag_geomean_percent,0.41752377157166215,min,1.0079558066064325,1.0079558066064325,0.5769464508325473,0.3021529980397121,0.41752377157166215,,0.164536383790756,0.07821273960647497,3.1663222666337485,0.2045563988984618,0.5140252595225188,0.06818546346180561,2.6946169028455045,1.1731910380921897,0.01718243611921364,0.01918233433388409,82,49837,0.011557864825883016,0.013560142465965288,39,49864,0.07750101260266228,0.0793804490884599,1578,49837,0.019259194921491325,0.021256405133327765,102,49864,0.031065368217074018,0.03305259714408712,256,49803,0.010731075528764384,0.012733755345691565,34,49864,0.07161430615615222,0.07351396815960046,1342,49803,0.04725038839739591,0.04920874832601389,585,49864,0.88925,0.9717482398333361,0.29283,0.3915320419834632,0.29923,False,/data/suehara/part/march/datasets/20250711_ilc_nnqq_sgv_10m_3cat_parquet,val50k_tail,150000,proxy
81,81,9840000,,lr_6e-6,8.1648e-06,validation_total_reference_mistag_geomean_percent,0.4123703681724651,min,1.008381943751537,1.008381943751537,0.5638820794406786,0.3015689392281598,0.4123703681724651,,0.18063947078280043,0.07623633001731976,3.1511551715288206,0.19059083391167445,0.5277309589949598,0.06018657839301836,2.7028654431955315,1.177650763188171,0.018050027961502763,0.02004984172741069,90,49823,0.011401272495468226,0.01340439265224584,38,49845,0.07732950132897688,0.0792100747438372,1570,49823,0.018561642043456606,0.020560173888275503,95,49845,0.031477476690525405,0.03346283973575123,263,49836,0.010028809069194173,0.012032573199580036,30,49845,0.07169891101187105,0.07359698411424538,1347,49836,0.047349767644238976,0.04930869511215099,587,49845,0.88934,0.9717619602567606,0.29278,0.3915320419834632,0.2991,False,/data/suehara/part/march/datasets/20250711_ilc_nnqq_sgv_10m_3cat_parquet,val50k_tail,150000,proxy
81,81,9840000,,lr_9e-6,9.072e-06,validation_total_reference_mistag_geomean_percent,0.408695453377279,min,1.0020287207280103,1.0020287207280103,0.577169836594467,0.28939830708551084,0.408695453377279,,0.1605684184736004,0.07016277472533355,3.1692190757866907,0.19645577427874236,0.512079052203684,0.07016277472533355,2.6889170283683907,1.1486648672623063,0.016965056202762726,0.01896567564671828,80,49823,0.01089667082461547,0.012898468448043605,35,49884,0.07754652732639492,0.07942637563101221,1579,49823,0.018852083614005994,0.020848817871702615,98,49884,0.03100676230832107,0.03299430883465116,255,49797,0.01089667082461547,0.012898468448043605,35,49884,0.07154379591514173,0.0734439157190285,1339,49797,0.046740060611380474,0.04869861869887873,573,49884,0.88923,0.9717815337206157,0.29251,0.3915320419834632,0.29981,False,/data/suehara/part/march/datasets/20250711_ilc_nnqq_sgv_10m_3cat_parquet,val50k_tail,150000,proxy
82,82,9960000,,lr_14e-6,1.08864e-05,validation_total_reference_mistag_geomean_percent,0.40831704416745523,min,1.0104859784661269,1.0104859784661269,0.5584552944358246,0.29854280229553215,0.40831704416745523,,0.1765650045660762,0.07211249831426472,3.2443819329520722,0.19229999550470592,0.5267178548077993,0.06209687157446724,2.7140043760504518,1.0957092939591786,0.017831984162680288,0.019831279320962576,88,49840,0.011055750107524754,0.013055945909239683,36,49922,0.07842910351333401,0.08030529451983556,1617,49840,0.01863513495794296,0.02063051584498981,96,49922,0.031475258177099744,0.03346441372203343,262,49742,0.010193836252218511,0.012194433296822441,31,49922,0.07191144709333339,0.07381265915283944,1350,49742,0.045622010685071254,0.047581199463529386,547,49922,0.88919,0.971826089237123,0.29225,0.3915320419834632,0.29925,False,/data/suehara/part/march/datasets/20250711_ilc_nnqq_sgv_10m_3cat_parquet,val50k_tail,150000,proxy
82,82,9960000,,lr_3e-6,7.257600000000001e-06,validation_total_reference_mistag_geomean_percent,0.3957951601138801,min,0.9958113170932468,0.9958113170932468,0.5425532536308735,0.28873443799518994,0.3957951601138801,,0.17892324767098916,0.06822924860957504,3.152265609738661,0.18060683411233627,0.5067093996542043,0.05618879600071855,2.6937712602400845,1.1297961407194055,0.017973542648776316,0.019976681854536375,89,49742,0.010737964758188894,0.012741928828171408,34,49832,0.07740505328896509,0.07928864431922117,1568,49742,0.018046770517663336,0.02004622442013848,90,49832,0.030799639137904945,0.032782106567231295,253,49930,0.009660575451993409,0.011665022754208863,28,49832,0.07151329279546717,0.07340815685667954,1345,49930,0.04637448864767673,0.04833584774245562,563,49832,0.88941,0.9717971227402874,0.29247,0.3915320419834632,0.29911,False,/data/suehara/part/march/datasets/20250711_ilc_nnqq_sgv_10m_3cat_parquet,val50k_tail,150000,proxy
82,82,9960000,,lr_6e-6,8.1648e-06,validation_total_reference_mistag_geomean_percent,0.3980782618718792,min,0.9932343641818444,0.9932343641818444,0.5426950159836338,0.29199881684506823,0.3980782618718792,,0.17890525359470272,0.07025713924284038,3.1318471523253497,0.18467591203457082,0.5066079107858027,0.05620571235834764,2.6812174754944,1.1361583576187413,0.017971737532738768,0.01997467613285861,89,49747,0.01091132201640068,0.012915808059953744,35,49817,0.07715492940909875,0.0790391520051191,1558,49747,0.018261841708890794,0.020261734281300584,92,49817,0.03079348609200108,0.03277556062276686,253,49940,0.00966348365734338,0.011668533811387733,28,49817,0.07134164390227363,0.0732366312889518,1339,49940,0.04651303414219803,0.04847472837562674,566,49817,0.88951,0.9718245320725586,0.29233,0.3915320419834632,0.29865,False,/data/suehara/part/march/datasets/20250711_ilc_nnqq_sgv_10m_3cat_parquet,val50k_tail,150000,proxy
82,82,9960000,,lr_9e-6,9.072e-06,validation_total_reference_mistag_geomean_percent,0.4095437857772167,min,1.0002721674053765,1.0002721674053765,0.5614395214405918,0.29874297420026297,0.4095437857772167,,0.18095179717583104,0.07200864385009967,3.1505719413483844,0.19402329155824602,0.5203624274761144,0.062007439378871966,2.6681133060629594,1.1541384923925058,0.018081214054498192,0.02008447305942389,90,49737,0.01103983237047331,0.013037151756770452,36,49994,0.07738849988549075,0.07927234837120448,1567,49737,0.018709740621169556,0.020702178933689027,97,49994,0.0312704208353185,0.03325859287511808,259,49773,0.01017915883250311,0.012176878306814815,31,49994,0.07128712172242944,0.07318899365419719,1328,49773,0.04680184048037588,0.04875587034349708,577,49994,0.88939,0.9717866558022282,0.29251,0.3915320419834632,0.29864,False,/data/suehara/part/march/datasets/20250711_ilc_nnqq_sgv_10m_3cat_parquet,val50k_tail,150000,proxy
83,83,10080000,,lr_14e-6,1.08864e-05,validation_total_reference_mistag_geomean_percent,0.4043571024533423,min,1.0127272983412199,1.0127272983412199,0.528773950352319,0.30921467707613154,0.4043571024533423,,0.18847495873659198,0.07419439038965278,3.2602156903103525,0.2005253755046945,0.518478346432554,0.05013134387617362,2.692871928640702,1.1169263528390392,0.018448119980269698,0.020445574618589788,94,49874,0.011232745915405674,0.013234983958746371,37,49869,0.07858983005990389,0.08046410712281432,1626,49874,0.019058509482752957,0.021055681113934643,100,49869,0.031215927037501253,0.033204654245957546,258,49761,0.009071970935278388,0.011075174009506507,25,49869,0.0716212382747071,0.07352257375447813,1340,49761,0.04609017486653204,0.04805059490475029,557,49869,0.88884,0.9717731981524773,0.2929,0.3915320419834632,0.29992,False,/data/suehara/part/march/datasets/20250711_ilc_nnqq_sgv_10m_3cat_parquet,val50k_tail,150000,proxy
83,83,10080000,,lr_3e-6,7.257600000000001e-06,validation_total_reference_mistag_geomean_percent,0.410324191142374,min,1.0230169263053357,1.0230169263053357,0.5398370683364119,0.31188288413666765,0.410324191142374,,0.18651478947074834,0.07619963970741646,3.2870723063995175,0.202530631614594,0.5243806685517465,0.0521365981417045,2.7082955809398572,1.1470051956171017,0.018349244072244936,0.020347258039282855,93,49862,0.01139578714411298,0.01339794476821305,38,49869,0.07891550267675046,0.08078915358746136,1639,49862,0.019158134348946705,0.021155225560887767,101,49869,0.03139406158253512,0.03338207216282488,261,49773,0.009269447955240597,0.011272570610228096,26,49869,0.07181473123718043,0.07371498857384959,1348,49773,0.04671283387112993,0.0486720476207389,572,49869,0.88873,0.9717167463683484,0.29325,0.3915320419834632,0.29995,False,/data/suehara/part/march/datasets/20250711_ilc_nnqq_sgv_10m_3cat_parquet,val50k_tail,150000,proxy
83,83,10080000,,lr_6e-6,8.1648e-06,validation_total_reference_mistag_geomean_percent,0.40934674564294354,min,1.014492126302925,1.014492126302925,0.5517563139655143,0.3036934130652138,0.40934674564294354,,0.18071201460255434,0.07219927069218142,3.250808163330094,0.20055352970050394,0.5256927350990223,0.05816052432507843,2.7087220676986257,1.1190887049753393,0.018057270937423334,0.020057884863802777,90,49803,0.011069049994488787,0.013071649145362792,36,49862,0.0785339560628047,0.0804112828564664,1619,49803,0.019061182747421655,0.021058633621707762,100,49862,0.03141414640683163,0.03339947173866985,262,49839,0.00984166412032682,0.011844826363952617,29,49862,0.07177335882688728,0.0736710826597476,1350,49839,0.04613839493614238,0.048099003456096405,558,49862,0.88904,0.9718315896990513,0.29255,0.3915320419834632,0.29787,False,/data/suehara/part/march/datasets/20250711_ilc_nnqq_sgv_10m_3cat_parquet,val50k_tail,150000,proxy
83,83,10080000,,lr_9e-6,9.072e-06,validation_total_reference_mistag_geomean_percent,0.40625300959723953,min,0.9993196705508429,0.9993196705508429,0.5730643116589303,0.28799823065066776,0.40625300959723953,,0.17091953856314712,0.06807760947202872,3.1750818860430186,0.18621228928370098,0.5298013245033113,0.06807760947202872,2.681115737870371,1.1152713691991372,0.01754791895858716,0.01955182310291422,85,49731,0.010714105534071329,0.01271362188804884,34,49943,0.07768771960356691,0.07957080968879066,1579,49731,0.018319508102493887,0.020314293771162742,93,49943,0.03154259044276485,0.03352810944400875,264,49830,0.010714105534071329,0.01271362188804884,34,49943,0.0714179737695924,0.07331714834791815,1336,49830,0.04602224491566751,0.04797982655072256,557,49943,0.88937,0.9719006243474931,0.29191,0.3915320419834632,0.29922,False,/data/suehara/part/march/datasets/20250711_ilc_nnqq_sgv_10m_3cat_parquet,val50k_tail,150000,proxy
84,84,10200000,,lr_14e-6,1.08864e-05,validation_total_reference_mistag_geomean_percent,0.39734313413378375,min,0.9977056418583414,0.9977056418583414,0.5401764661132948,0.29227775763586206,0.39734313413378375,,0.17236541763107593,0.07226158836122679,3.172726250574741,0.1846685017798464,0.508123966865256,0.05419618888059862,2.6510814768849023,1.1662217438890852,0.017598611822004284,0.019595911534814044,86,49894,0.011078601281015505,0.013082926387922593,36,49819,0.07753402129605062,0.0794110540175863,1583,49894,0.018261109160575516,0.020260921745883835,92,49819,0.030885421820539723,0.03287336671296635,253,49791,0.009472688566214568,0.011477738899807154,27,49819,0.07104951435241702,0.07295138286459724,1320,49791,0.04712937518823561,0.04908978379029767,581,49819,0.88917,0.9719091054930006,0.29201,0.3915320419834632,0.3002,False,/data/suehara/part/march/datasets/20250711_ilc_nnqq_sgv_10m_3cat_parquet,val50k_tail,150000,proxy
84,84,10200000,,lr_3e-6,7.257600000000001e-06,validation_total_reference_mistag_geomean_percent,0.4163025186110844,min,1.0108638265244263,1.0108638265244263,0.562766525489495,0.30795681539727143,0.4163025186110844,,0.17248641632624356,0.07997600719784065,3.1970156764065574,0.2039388173589973,0.5218617603039947,0.06198140603215573,2.70199484243706,1.1476556861325609,0.0176109566214876,0.019609653516325855,86,49859,0.011681395617801307,0.01367755780561328,40,50015,0.07785137296636921,0.07972874899589352,1594,49859,0.019201100750747876,0.02119230601232997,102,50015,0.03136030576785971,0.03335414583648007,259,49630,0.01017488587665218,0.012171767618271705,31,50015,0.07183419355164394,0.07374017994074555,1341,49630,0.04665935814535151,0.048612826807247975,574,50015,0.88918,0.9716938683100019,0.29327,0.3915320419834632,0.2986,False,/data/suehara/part/march/datasets/20250711_ilc_nnqq_sgv_10m_3cat_parquet,val50k_tail,150000,proxy
84,84,10200000,,lr_6e-6,8.1648e-06,validation_total_reference_mistag_geomean_percent,0.40947583851821595,min,1.0009233090323333,1.0009233090323333,0.5645557569566783,0.2969953990621735,0.40947583851821595,,0.17650833884473008,0.07228044813877846,3.1972079070596795,0.19074007241230775,0.5196420673469948,0.06625707843489005,2.68648930888058,1.0982612511407055,0.017826265752512897,0.019824921574402243,88,49856,0.011081492125062981,0.013086339618461946,36,49806,0.07785598302373319,0.07973346430183159,1594,49856,0.018576164625378182,0.020576255372804123,95,49806,0.03122723381970031,0.03321268244562822,259,49842,0.010570898939171942,0.012575988301010223,33,49806,0.07148005825784211,0.0733785599810046,1339,49842,0.04572771278647924,0.04769136202238348,547,49806,0.88942,0.9718499548968523,0.29213,0.3915320419834632,0.29917,False,/data/suehara/part/march/datasets/20250711_ilc_nnqq_sgv_10m_3cat_parquet,val50k_tail,150000,proxy
84,84,10200000,,lr_9e-6,9.072e-06,validation_total_reference_mistag_geomean_percent,0.41551447168446176,min,1.009860994486203,1.009860994486203,0.5630114810085821,0.30665853539953936,0.41551447168446176,,0.17449205972731996,0.07797660606631723,3.186987311390984,0.2039388173589973,0.5218617603039947,0.06198140603215573,2.70199484243706,1.1496551525727954,0.017718383730071882,0.019717000173407946,87,49859,0.011522981219314336,0.01351922335754937,39,50015,0.07773159590679715,0.0796093741938321,1589,49859,0.019201100750747876,0.02119230601232997,102,50015,0.03136030576785971,0.03335414583648007,259,49630,0.01017488587665218,0.012171767618271705,31,50015,0.07183419355164394,0.07374017994074555,1341,49630,0.04670037470255947,0.048653763414032575,575,50015,0.88923,0.9717081600810208,0.29318,0.3915320419834632,0.29993,False,/data/suehara/part/march/datasets/20250711_ilc_nnqq_sgv_10m_3cat_parquet,val50k_tail,150000,proxy
85,85,10320000,,lr_14e-6,1.08864e-05,validation_total_reference_mistag_geomean_percent,0.41490159092181994,min,1.0052259415809972,1.0052259415809972,0.5668295770260283,0.30369503837932676,0.41490159092181994,,0.1769875942326069,0.07413046690701758,3.236057230454273,0.20035262257229583,0.5173347315011746,0.0681198910081744,2.672896191879491,1.0959288040929436,0.01787463022824619,0.01987869331538043,88,49721,0.011223071518515138,0.013223587197010667,37,49912,0.07842304007798576,0.08030405623987921,1609,49721,0.01904210443600704,0.021037562428088748,100,49912,0.031147237358093542,0.033131623998950734,258,49871,0.010720758243577258,0.012721514764282979,34,49912,0.0712809312510998,0.07317887414202626,1333,49871,0.045631103684536795,0.04759067618730177,547,49912,0.88969,0.972036463957088,0.29147,0.3915320419834632,0.2988,False,/data/suehara/part/march/datasets/20250711_ilc_nnqq_sgv_10m_3cat_parquet,val50k_tail,150000,proxy
85,85,10320000,,lr_3e-6,7.257600000000001e-06,validation_total_reference_mistag_geomean_percent,0.4177670136102263,min,1.0063865588127472,1.0063865588127472,0.5705364594718899,0.3059038116904183,0.4177670136102263,,0.18292192089899692,0.07607607905077261,3.240331286494734,0.19419420487227856,0.518009885945504,0.0700700717824776,2.680399953660688,1.0890890677965257,0.018182473958415577,0.020185210820402383,91,49748,0.011377312988047027,0.01337622888258063,38,49950,0.0784527114177036,0.08033253488070463,1612,49748,0.018726207921630093,0.020720394456666662,97,49950,0.031187790128660818,0.033174739357551275,258,49806,0.0108822767258324,0.01288143309627264,35,49950,0.07142554241226229,0.07332566087144207,1335,49806,0.04547002136701724,0.047428376991966,544,49950,0.88956,0.9719827690264203,0.29181,0.3915320419834632,0.29982,False,/data/suehara/part/march/datasets/20250711_ilc_nnqq_sgv_10m_3cat_parquet,val50k_tail,150000,proxy
85,85,10320000,,lr_6e-6,8.1648e-06,validation_total_reference_mistag_geomean_percent,0.42258303905520356,min,1.0111605993486463,1.0111605993486463,0.5782754794927769,0.3088085717446753,0.42258303905520356,,0.17655792649612476,0.07832583873998661,3.21014396873127,0.20485218609440756,0.5133346701423701,0.0702924180034053,2.6789654245616115,1.1568123620199946,0.017831269160781822,0.01983048437964761,88,49842,0.011574572540000688,0.013579740903606988,39,49792,0.07802100994972888,0.07989849950472278,1600,49842,0.019287019403903847,0.021287105673656978,102,49792,0.03102373011042211,0.03300831695768232,256,49870,0.01091679897730521,0.01292229001353711,35,49792,0.07136144724594826,0.07325918479643631,1336,49870,0.046949541073688754,0.04891139063730853,576,49792,0.88888,0.9716332487012584,0.29349,0.3915320419834632,0.29967,False,/data/suehara/part/march/datasets/20250711_ilc_nnqq_sgv_10m_3cat_parquet,val50k_tail,150000,proxy
85,85,10320000,,lr_9e-6,9.072e-06,validation_total_reference_mistag_geomean_percent,0.4127474114426817,min,1.0001604931164945,1.0001604931164945,0.5742029619583555,0.296690259262351,0.4127474114426817,,0.1743626833208003,0.07420480744251029,3.1104699521606722,0.1925313941686631,0.5186346745930658,0.06618266285685478,2.685642981106328,1.1792547892830614,0.01770525455433588,0.019702394154938595,87,49896,0.011234322396028586,0.013236841105080895,37,49862,0.07678262781300182,0.07866208069485237,1552,49896,0.018657540474340744,0.020655313115913624,96,49862,0.031225317292393924,0.03321463786794248,258,49746,0.010559029782623462,0.012561870258962524,33,49862,0.07153697136231124,0.07343917076863618,1336,49746,0.047374381437758836,0.049332576703062236,588,49862,0.88916,0.9718028821426777,0.29243,0.3915320419834632,0.30005,False,/data/suehara/part/march/datasets/20250711_ilc_nnqq_sgv_10m_3cat_parquet,val50k_tail,150000,proxy
86,86,10440000,,lr_14e-6,1.08864e-05,validation_total_reference_mistag_geomean_percent,0.4086401188411576,min,1.0007990912127482,1.0007990912127482,0.5640969225576105,0.2960249206278222,0.4086401188411576,,0.18287414443775857,0.06823609689525759,3.16111008813326,0.19467356769255265,0.5228784452025608,0.06422220884259539,2.692523426208944,1.1198747522890566,0.018177727522996484,0.02017994310362502,91,49761,0.010739041999408916,0.012743206882731735,34,49827,0.07749684282401109,0.07937935919769823,1573,49761,0.018772395668332553,0.020771485594857603,97,49827,0.031304338798717087,0.03328671440479235,261,49916,0.010391227533660622,0.012395553526723052,32,49827,0.07150684480412943,0.07340229030608734,1344,49916,0.046170631734472785,0.048132585866017714,558,49827,0.88967,0.9719637949157943,0.29183,0.3915320419834632,0.29912,False,/data/suehara/part/march/datasets/20250711_ilc_nnqq_sgv_10m_3cat_parquet,val50k_tail,150000,proxy
86,86,10440000,,lr_3e-6,7.257600000000001e-06,validation_total_reference_mistag_geomean_percent,0.41252608524939854,min,1.0051747256020138,1.0051747256020138,0.5708220530706093,0.29812753395871944,0.41252608524939854,,0.18083182640144665,0.07012622720897616,3.172593969900271,0.1963534395468339,0.5238439479621914,0.06611901632789415,2.6934809180258874,1.1380484594426106,0.01806923456435718,0.020071170156312303,90,49770,0.010890995878796484,0.012891752175917015,35,49910,0.07762780364850737,0.07950951814361187,1579,49770,0.018842271145800553,0.020837969351158787,98,49910,0.031362003603812444,0.033348000836903,261,49824,0.010548877413651285,0.012549794285113486,33,49910,0.07158452292950722,0.07348342986163818,1342,49824,0.04650959363716057,0.04846755687222832,568,49910,0.88945,0.9717817137098684,0.29244,0.3915320419834632,0.30015,False,/data/suehara/part/march/datasets/20250711_ilc_nnqq_sgv_10m_3cat_parquet,val50k_tail,150000,proxy
86,86,10440000,,lr_6e-6,8.1648e-06,validation_total_reference_mistag_geomean_percent,0.4203670373216797,min,1.014084699270669,1.014084699270669,0.5764474537387821,0.3065473616380689,0.4203670373216797,,0.1850362127297551,0.07217610970768676,3.201930851856466,0.20650386337672133,0.5269907458186353,0.0681663258350375,2.7231193711346062,1.1287541137064414,0.018297440988872392,0.02030122063116694,92,49720,0.011065500230168585,0.013067457923397904,36,49878,0.07801753388311967,0.07989996059164992,1592,49720,0.01935242111213598,0.021348992660505384,103,49878,0.03143343179837048,0.03341603981958617,263,49906,0.010728064269857542,0.012730182743530443,34,49878,0.07191353507988163,0.07380813425576574,1359,49906,0.04633194891603895,0.04829154096238526,563,49878,0.88945,0.9718302554877335,0.29254,0.3915320419834632,0.29914,False,/data/suehara/part/march/datasets/20250711_ilc_nnqq_sgv_10m_3cat_parquet,val50k_tail,150000,proxy
86,86,10440000,,lr_9e-6,9.072e-06,validation_total_reference_mistag_geomean_percent,0.41405961869730523,min,1.0001511487320534,1.0001511487320534,0.5725354173336575,0.29944936617928786,0.41405961869730523,,0.17831741239493215,0.07019092153431254,3.171645481650767,0.20255093768511254,0.5087574660872346,0.07019092153431254,2.6744958462491364,1.125060202720618,0.017912730053202944,0.01990911098744797,89,49911,0.010901040193527747,0.012903639575085928,35,49864,0.0775080292780752,0.07938446598551863,1583,49911,0.01916005371032322,0.02115734435752859,101,49864,0.030923838893412176,0.03291423674318247,253,49729,0.010901040193527747,0.012903639575085928,35,49864,0.07140236461791981,0.07330566259632111,1330,49729,0.04626166935100262,0.04822195972847623,561,49864,0.8895,0.9719688485576038,0.29196,0.3915320419834632,0.30081,False,/data/suehara/part/march/datasets/20250711_ilc_nnqq_sgv_10m_3cat_parquet,val50k_tail,150000,proxy
87,87,10560000,,lr_14e-6,1.08864e-05,validation_total_reference_mistag_geomean_percent,0.40771163539357436,min,0.992048830178499,0.992048830178499,0.5494692001362109,0.3025261062751025,0.40771163539357436,,0.17657918143952772,0.07407110699685333,3.136287085888317,0.20419602644054383,0.5209590301208057,0.0600576559361993,2.6751951028777143,1.0890454517280304,0.0178334143385125,0.019832869394807676,88,49836,0.011214087028651218,0.013213003165489305,37,49952,0.07714041588909697,0.0790210954235232,1563,49836,0.01922529605388327,0.02121900229662397,102,49952,0.03130618726685918,0.03329661472437299,259,49716,0.010007331684847368,0.012006808887203634,30,49952,0.07142078900163017,0.0733245565214636,1330,49716,0.04546821021547999,0.04742648917835865,544,49952,0.88982,0.9720169754865863,0.29159,0.3915320419834632,0.29909,False,/data/suehara/part/march/datasets/20250711_ilc_nnqq_sgv_10m_3cat_parquet,val50k_tail,150000,proxy
87,87,10560000,,lr_3e-6,7.257600000000001e-06,validation_total_reference_mistag_geomean_percent,0.41355411571258244,min,1.0071911092679682,1.0071911092679682,0.5699069287043675,0.30009638066978866,0.41355411571258244,,0.1724137931034483,0.07428823581581669,3.1856455403040473,0.19877123128550478,0.5058412640536012,0.06625707843489005,2.679754403551116,1.1745573275953225,0.017603547664408893,0.019601406015560534,86,49880,0.011246950189211263,0.013251717059797137,37,49806,0.07769938868819222,0.07957643022507843,1589,49880,0.018982343752579074,0.020982112008752607,99,49806,0.030806033351719712,0.032792992493324395,252,49818,0.010570898939171942,0.012575988301010223,33,49806,0.07140856501812766,0.07330825171173137,1335,49818,0.047305105053097735,0.04926569062210402,585,49806,0.88904,0.9717330870143203,0.29326,0.3915320419834632,0.30097,False,/data/suehara/part/march/datasets/20250711_ilc_nnqq_sgv_10m_3cat_parquet,val50k_tail,150000,proxy
87,87,10560000,,lr_6e-6,8.1648e-06,validation_total_reference_mistag_geomean_percent,0.4180414835677868,min,1.0022125830522854,1.0022125830522854,0.5695026925506634,0.30686190648345263,0.4180414835677868,,0.18269424728330955,0.07620270179134953,3.1760689870331276,0.20053341349447648,0.5097637698872703,0.06818136042121965,2.671242375728851,1.1330138087786787,0.01815985936388586,0.0201601125514105,91,49810,0.011396244055120078,0.013398481854944412,38,49867,0.07763865586688061,0.07951871974584482,1582,49810,0.019059273196141882,0.021056524603100438,100,49867,0.030925710483822432,0.03291215329578817,254,49827,0.010730430116698102,0.01273298961928797,34,49867,0.07129021163580114,0.07318989685298656,1331,49827,0.046425175019892614,0.0483850284803581,565,49867,0.88945,0.9719071296653747,0.29218,0.3915320419834632,0.29891,False,/data/suehara/part/march/datasets/20250711_ilc_nnqq_sgv_10m_3cat_parquet,val50k_tail,150000,proxy
87,87,10560000,,lr_9e-6,9.072e-06,validation_total_reference_mistag_geomean_percent,0.40990807571295984,min,0.9928013571016296,0.9928013571016296,0.5556722230689407,0.3023808345263558,0.40990807571295984,,0.17657918143952772,0.07407110699685333,3.1302672967944027,0.20419602644054383,0.5249819000762448,0.062059576435815195,2.6772064786713727,1.0930492899582769,0.0178334143385125,0.019832869394807676,88,49836,0.011214087028651218,0.013213003165489305,37,49952,0.07706776140273854,0.07894868251449583,1560,49836,0.01922529605388327,0.02121900229662397,102,49952,0.031429968734170144,0.03342023436173503,261,49716,0.010187715519852765,0.012187112569992135,31,49952,0.07144727885822523,0.07335096546308394,1331,49716,0.04555261223827718,0.047510730896722225,546,49952,0.8898,0.9720092946035107,0.29163,0.3915320419834632,0.2991,False,/data/suehara/part/march/datasets/20250711_ilc_nnqq_sgv_10m_3cat_parquet,val50k_tail,150000,proxy
88,88,10680000,,lr_14e-6,1.08864e-05,validation_total_reference_mistag_geomean_percent,0.40598346108844996,min,0.9907366838635131,0.9907366838635131,0.5589104361009737,0.29489979079148887,0.40598346108844996,,0.17278790822118834,0.07208794659085699,3.094109101622004,0.19623941136321293,0.5161367960975345,0.062075734669578185,2.6730665378861174,1.1393900344576122,0.017641717426506887,0.01964389579980634,86,49772,0.011051987614862945,0.013051503516052564,36,49939,0.07667838417777448,0.07856317677063934,1540,49772,0.018831338513387863,0.020825882389555964,98,49939,0.03113381421920502,0.033121357424957795,257,49793,0.010190366934535332,0.012190283805484732,31,49939,0.07133824891897185,0.07323915800459373,1331,49793,0.046524032460024296,0.04848080498481965,569,49939,0.88951,0.9718559535096992,0.29201,0.3915320419834632,0.29963,False,/data/suehara/part/march/datasets/20250711_ilc_nnqq_sgv_10m_3cat_parquet,val50k_tail,150000,proxy
88,88,10680000,,lr_3e-6,7.257600000000001e-06,validation_total_reference_mistag_geomean_percent,0.41926739253197337,min,1.0174106497086683,1.0174106497086683,0.5817707556057201,0.3021553502763099,0.41926739253197337,,0.17257640434786364,0.07414235567604895,3.2187506369502614,0.20238859054085337,0.5123877334051377,0.07013465648572632,2.7146502303078504,1.1742545899556045,0.01762013826111606,0.019619874328652552,86,49833,0.011224870144328606,0.013225706038394599,37,49904,0.07813039811070607,0.08000788132990974,1604,49833,0.0191447095790028,0.021140405858490353,101,49904,0.031025409667582732,0.033014141875957206,255,49767,0.010892304956971468,0.012893301463993034,35,49904,0.07190205716786913,0.07380228822918278,1351,49767,0.04725343147283564,0.049210179110596546,586,49904,0.88894,0.9716454714453621,0.29346,0.3915320419834632,0.29873,False,/data/suehara/part/march/datasets/20250711_ilc_nnqq_sgv_10m_3cat_parquet,val50k_tail,150000,proxy
88,88,10680000,,lr_6e-6,8.1648e-06,validation_total_reference_mistag_geomean_percent,0.4087059877496541,min,1.0027206034226777,1.0027206034226777,0.5711785234184541,0.29244899374489247,0.4087059877496541,,0.1705115366915142,0.07226884291865909,3.1795387058720506,0.1866945067557112,0.5236757601952405,0.0662464373940437,2.6765649252617356,1.1462641122924653,0.017506059604048767,0.019505196570825632,85,49850,0.011079712965598499,0.013084238958167599,36,49814,0.07764941955950982,0.07952783569496052,1585,49850,0.01836691098386742,0.02036684295200742,93,49814,0.03135195968636566,0.03333732612113048,261,49840,0.010569201711947208,0.012573969495275727,33,49814,0.07135107702961156,0.07325005317342752,1334,49840,0.04672283764294745,0.04868424428341872,571,49814,0.88924,0.9717739939375488,0.29263,0.3915320419834632,0.29907,False,/data/suehara/part/march/datasets/20250711_ilc_nnqq_sgv_10m_3cat_parquet,val50k_tail,150000,proxy
88,88,10680000,,lr_9e-6,9.072e-06,validation_total_reference_mistag_geomean_percent,0.4194367397816445,min,1.0186651945354723,1.0186651945354723,0.5818783890773468,0.3023435514723501,0.4194367397816445,,0.17257640434786364,0.07414235567604895,3.226777487028125,0.20238859054085337,0.5123877334051377,0.07013465648572632,2.7166597388444185,1.1742545899556045,0.01762013826111606,0.019619874328652552,86,49833,0.011224870144328606,0.013225706038394599,37,49904,0.07822578935755484,0.08010295043486618,1608,49833,0.0191447095790028,0.021140405858490353,101,49904,0.031025409667582732,0.033014141875957206,255,49767,0.010892304956971468,0.012893301463993034,35,49904,0.07192829724784987,0.07382844755994163,1352,49767,0.04725343147283564,0.049210179110596546,586,49904,0.88891,0.9716533160161008,0.29342,0.3915320419834632,0.29872,False,/data/suehara/part/march/datasets/20250711_ilc_nnqq_sgv_10m_3cat_parquet,val50k_tail,150000,proxy
89,89,10800000,,lr_14e-6,1.08864e-05,validation_total_reference_mistag_geomean_percent,0.40836477054267345,min,1.0002648114387194,1.0002648114387194,0.5503592765854028,0.30300531473733194,0.40836477054267345,,0.18467961738495284,0.07409038719734028,3.171671767591415,0.19423698025988442,0.5025226582234027,0.060073290587823604,2.681461019011242,1.133382771253694,0.018262208005088553,0.02026214057344862,92,49816,0.011217005409609196,0.013216441116846857,37,49939,0.07758132733941304,0.07946134132050323,1580,49816,0.018730329276994848,0.020724953347114924,97,49939,0.03072273211915744,0.032712580454282145,250,49749,0.010009936176135013,0.012009933241036391,30,49939,0.07147986539325565,0.07338211822003476,1334,49749,0.04640001517361124,0.04835702828026242,566,49939,0.88926,0.9718689346674072,0.29231,0.3915320419834632,0.29933,False,/data/suehara/part/march/datasets/20250711_ilc_nnqq_sgv_10m_3cat_parquet,val50k_tail,150000,proxy
89,89,10800000,,lr_3e-6,7.257600000000001e-06,validation_total_reference_mistag_geomean_percent,0.4085739321194966,min,1.0053952571465132,1.0053952571465132,0.5503275122761568,0.30333329568996625,0.4085739321194966,,0.18467591203457082,0.07213417026112094,3.203725621598408,0.19836896494297104,0.5002008863422932,0.06011180855093412,2.6898352477962906,1.1341094456455172,0.018261841708890794,0.020261734281300584,92,49817,0.011059072082055324,0.013059868180093515,36,49907,0.07796385467192524,0.07984254407592123,1596,49817,0.0189439607623534,0.020939698160514886,99,49907,0.030640526757154916,0.03262922923866832,249,49780,0.010016353010996744,0.012017630889975555,30,49907,0.07156790416904743,0.07346863596329814,1339,49780,0.04642960632434169,0.04838784510595752,566,49907,0.88922,0.9718574794768328,0.29232,0.3915320419834632,0.29994,False,/data/suehara/part/march/datasets/20250711_ilc_nnqq_sgv_10m_3cat_parquet,val50k_tail,150000,proxy
89,89,10800000,,lr_6e-6,8.1648e-06,validation_total_reference_mistag_geomean_percent,0.4178089005840421,min,1.0081986615166103,1.0081986615166103,0.5737035328062373,0.30427610677831285,0.4178089005840421,,0.1603945643629201,0.08021819505731753,3.1637829499876715,0.2105727600923492,0.5224765528920611,0.06618001092228695,2.70281137996758,1.1591528788506953,0.016946701216120106,0.018945161676818468,80,49877,0.011716758480378174,0.013718955685091447,40,49864,0.07743983672040405,0.0793178677999995,1578,49877,0.019553728073850033,0.021550696979579516,105,49864,0.03133858274309885,0.033327069338276366,260,49763,0.010558606377113266,0.012561366629409423,33,49864,0.07175008495081264,0.07365094455511756,1345,49763,0.046964214288122696,0.04892313726432354,578,49864,0.88912,0.9716878209032785,0.29295,0.3915320419834632,0.2995,False,/data/suehara/part/march/datasets/20250711_ilc_nnqq_sgv_10m_3cat_parquet,val50k_tail,150000,proxy
89,89,10800000,,lr_9e-6,9.072e-06,validation_total_reference_mistag_geomean_percent,0.42099135805988713,min,1.0087004794318286,1.0087004794318286,0.5820613251496127,0.3044932138646251,0.42099135805988713,,0.1623995001933351,0.08021819505731753,3.1637829499876715,0.20856729897964457,0.5224765528920611,0.07019092153431254,2.7048209752395134,1.1571474415707725,0.017058026588932122,0.019056406656185156,81,49877,0.011716758480378174,0.013718955685091447,40,49864,0.07743983672040405,0.0793178677999995,1578,49877,0.019456025152214847,0.021453074493313264,104,49864,0.03133858274309885,0.033327069338276366,260,49763,0.010901040193527747,0.012903639575085928,35,49864,0.0717763904651926,0.07367716930729365,1346,49763,0.046923186251234504,0.04888218966280448,577,49864,0.88912,0.9716922999876236,0.29294,0.3915320419834632,0.29949,False,/data/suehara/part/march/datasets/20250711_ilc_nnqq_sgv_10m_3cat_parquet,val50k_tail,150000,proxy
90,90,10920000,,lr_14e-6,1.08864e-05,validation_total_reference_mistag_geomean_percent,0.41431225334086996,min,1.025572147397976,1.025572147397976,0.5562275431904836,0.30860507605177145,0.41431225334086996,,0.17263530254958445,0.07828652658487929,3.3101815255948615,0.20274204156434592,0.5173347315011746,0.06022040727873006,2.743077090340077,1.120099553770154,0.01762614681903821,0.019626562930088867,86,49816,0.011568765778814476,0.013572929473515372,39,49817,0.07922267494774593,0.08109712818789444,1649,49816,0.01917811452338365,0.021177281810876025,101,49817,0.031147237358093542,0.033131623998950734,258,49871,0.010034444546244452,0.012039333525862717,30,49817,0.07219788725497077,0.07409301569822509,1368,49871,0.046179850523603815,0.04814218945473677,558,49817,0.88886,0.9716900081871026,0.29323,0.3915320419834632,0.3003,False,/data/suehara/part/march/datasets/20250711_ilc_nnqq_sgv_10m_3cat_parquet,val50k_tail,150000,proxy
90,90,10920000,,lr_3e-6,7.257600000000001e-06,validation_total_reference_mistag_geomean_percent,0.41562484001486527,min,1.0041516578568048,1.0041516578568048,0.5644416186803964,0.30604406535655393,0.41562484001486527,,0.17630677551113522,0.07428973140344475,3.2075811996077643,0.20881437811384693,0.5001406111260986,0.06625840746558842,2.639296158158018,1.1605260014685428,0.01780592368859251,0.019802305193830052,88,49913,0.011247175943515587,0.013251983005719073,37,49805,0.07793565392052448,0.0798105755380557,1601,49913,0.01947905235629708,0.02147845747310765,104,49805,0.0306368425249004,0.03262530776274239,249,49786,0.010571111130902405,0.012576240697308443,33,49805,0.07089695250875952,0.07279948545158843,1314,49786,0.04701954220873439,0.048980730577541376,578,49805,0.889,0.971813033748393,0.2928,0.3915320419834632,0.2999,False,/data/suehara/part/march/datasets/20250711_ilc_nnqq_sgv_10m_3cat_parquet,val50k_tail,150000,proxy
90,90,10920000,,lr_6e-6,8.1648e-06,validation_total_reference_mistag_geomean_percent,0.4042327838931008,min,0.9945997634985405,0.9945997634985405,0.5508113600251371,0.2966608088230227,0.4042327838931008,,0.17463216288712669,0.07213850875471955,3.2296915176675807,0.19036551130928459,0.5021996522549405,0.06412311638345623,2.641570084831458,1.082077553899758,0.01773259935495099,0.019732814843973497,87,49819,0.011059736716536542,0.013060652917080322,36,49904,0.07827125270321797,0.08014882430164502,1609,49819,0.018539715092499052,0.02053589321085339,95,49904,0.030703028380205458,0.032691610613365917,250,49781,0.010375198191184395,0.012376435617639323,32,49904,0.07093061137495894,0.07283324405034618,1315,49781,0.04534227168638567,0.04730271342212478,540,49904,0.8896,0.9719526878349262,0.29161,0.3915320419834632,0.29989,False,/data/suehara/part/march/datasets/20250711_ilc_nnqq_sgv_10m_3cat_parquet,val50k_tail,150000,proxy
90,90,10920000,,lr_9e-6,9.072e-06,validation_total_reference_mistag_geomean_percent,0.4127684500423799,min,1.0038298932866954,1.0038298932866954,0.5685460418737606,0.299672815923357,0.4127684500423799,,0.18077733592421033,0.07408000894168858,3.199759002526299,0.18820324940077987,0.5103168315628966,0.06807351940095303,2.692222569691032,1.1172066288457037,0.0180637945874958,0.0200651292059599,90,49785,0.011215433784987107,0.013214589689990132,37,49946,0.07794127459863041,0.07982133088097754,1593,49785,0.01842154741845544,0.020416133549373394,94,49946,0.030959184289311263,0.03294775997788567,254,49773,0.010713462161623423,0.012712858581051988,34,49946,0.07160420008239972,0.07350510325710817,1340,49773,0.046061209970427,0.048018596536863155,558,49946,0.88948,0.971890308662107,0.29192,0.3915320419834632,0.29986,False,/data/suehara/part/march/datasets/20250711_ilc_nnqq_sgv_10m_3cat_parquet,val50k_tail,150000,proxy
91,91,11040000,,lr_14e-6,1.08864e-05,validation_total_reference_mistag_geomean_percent,0.40918849728289264,min,1.002800575868633,1.002800575868633,0.5659266162413287,0.2958603138701507,0.40918849728289264,,0.1765189692171345,0.07224128589488893,3.185364896973597,0.188630021508704,0.5018266410097179,0.06622117727705018,2.679754403551116,1.1518472115168552,0.017827337675035408,0.019826113341350718,88,49853,0.01107548975064624,0.01307925259184321,36,49833,0.07771681982375496,0.0795948891873767,1588,49853,0.01846328586220336,0.020462377645954176,94,49833,0.030680277414068657,0.03266739772362906,250,49818,0.010565172980721217,0.012569177428337823,33,49833,0.07140856501812766,0.07330825171173137,1335,49818,0.046828834896451774,0.04878926965306181,574,49833,0.88934,0.9718911233370476,0.29235,0.3915320419834632,0.29964,False,/data/suehara/part/march/datasets/20250711_ilc_nnqq_sgv_10m_3cat_parquet,val50k_tail,150000,proxy
91,91,11040000,,lr_3e-6,7.257600000000001e-06,validation_total_reference_mistag_geomean_percent,0.4135484883082306,min,1.0161824784498692,1.0161824784498692,0.5674480366668266,0.30138856975627776,0.4135484883082306,,0.17663943475380878,0.07422415731752156,3.267829603499045,0.19258158887568624,0.5357572774936735,0.06419386547373067,2.7028654431955315,1.115368456989957,0.017839495146006495,0.019839630054286142,88,49819,0.011237251320064107,0.0132402914742485,37,49849,0.07872255029921435,0.08059859086352802,1628,49819,0.01866240210608855,0.020660693717064603,96,49849,0.03172207464700967,0.03370711558912534,267,49836,0.010386642669712065,0.012390085242812422,32,49849,0.07169891101187105,0.07359698411424538,1347,49836,0.04606673537521089,0.04802800444591859,556,49849,0.88931,0.9718184865258778,0.29273,0.3915320419834632,0.29957,False,/data/suehara/part/march/datasets/20250711_ilc_nnqq_sgv_10m_3cat_parquet,val50k_tail,150000,proxy
91,91,11040000,,lr_6e-6,8.1648e-06,validation_total_reference_mistag_geomean_percent,0.40869313947030167,min,1.000293392332192,1.000293392332192,0.5523494350552368,0.302399299518407,0.40869313947030167,,0.17458311142822497,0.07407407407407407,3.1665764225081516,0.2042042086956045,0.5048168894895777,0.06006006006006006,2.666881256416201,1.1511511159856416,0.017727621292261863,0.01972727682432514,87,49833,0.011214535911490775,0.013213531964659925,37,49950,0.07750713550525312,0.0793867126467604,1578,49833,0.019226065157398754,0.021219850899257618,102,49950,0.030803057028310973,0.032793933627073106,251,49721,0.010007732287594544,0.012007289451212488,30,49950,0.07130764431212792,0.07321155480659487,1326,49721,0.046760813598987,0.04871668430623394,575,49950,0.88924,0.9718488859438782,0.2923,0.3915320419834632,0.29849,False,/data/suehara/part/march/datasets/20250711_ilc_nnqq_sgv_10m_3cat_parquet,val50k_tail,150000,proxy
91,91,11040000,,lr_9e-6,9.072e-06,validation_total_reference_mistag_geomean_percent,0.4138888180382515,min,1.0124530337437876,1.0124530337437876,0.5660262226359566,0.30264314062932757,0.4138888180382515,,0.17866104105387332,0.07421373483157143,3.252032520325203,0.19456033804858736,0.535789558709409,0.06418485237483953,2.69098777166228,1.1091944529445377,0.017947223902659622,0.01994743824962166,89,49815,0.011235674017376665,0.013238433359673295,37,49856,0.07853909018697147,0.08041591560369182,1620,49815,0.01876148535963913,0.020759417030868334,97,49856,0.031723979659292745,0.03370913880617818,267,49833,0.010385184697716068,0.012388346345934977,32,49856,0.0715454537247813,0.0734441177734392,1341,49833,0.04593458520262446,0.047895826573741626,553,49856,0.88929,0.9718223368153133,0.29262,0.3915320419834632,0.29956,False,/data/suehara/part/march/datasets/20250711_ilc_nnqq_sgv_10m_3cat_parquet,val50k_tail,150000,proxy
92,92,11160000,,lr_14e-6,1.08864e-05,validation_total_reference_mistag_geomean_percent,0.4211287721681296,min,1.0009151090784512,1.0009151090784512,0.5797544045184355,0.3059044336112446,0.4211287721681296,,0.17484976516301987,0.07813751898116,3.1673934781736643,0.20235614483878203,0.5136951941406642,0.0721269427148134,2.6467343104581866,1.1520275181573185,0.01775467870916267,0.019757377781879304,87,49757,0.01154675312106362,0.0135471082380857,39,49912,0.077575408060113,0.07945782320812611,1576,49757,0.019141643701428006,0.02113702141277305,101,49912,0.031045467426218422,0.0330314335874618,256,49835,0.011057964535418564,0.013058560494650815,36,49912,0.07096105441600116,0.07286141824042781,1319,49835,0.04679621962048776,0.04875354426262454,575,49912,0.88957,0.971830322121158,0.29228,0.3915320419834632,0.30017,False,/data/suehara/part/march/datasets/20250711_ilc_nnqq_sgv_10m_3cat_parquet,val50k_tail,150000,proxy
92,92,11160000,,lr_3e-6,7.257600000000001e-06,validation_total_reference_mistag_geomean_percent,0.4216876706485417,min,1.001416365348068,1.001416365348068,0.5798642532704956,0.30665882674102884,0.4216876706485417,,0.17484976516301987,0.07813751898116,3.1673934781736643,0.2043596687761838,0.5136951941406642,0.0721269427148134,2.648740836677721,1.1520275181573185,0.01775467870916267,0.019757377781879304,87,49757,0.01154675312106362,0.0135471082380857,39,49912,0.077575408060113,0.07945782320812611,1576,49757,0.019240689824838366,0.02123598725544667,102,49912,0.031045467426218422,0.0330314335874618,256,49835,0.011057964535418564,0.013058560494650815,36,49912,0.07098760271864006,0.07288788601405756,1320,49835,0.04679621962048776,0.04875354426262454,575,49912,0.88959,0.9718138976854821,0.29236,0.3915320419834632,0.3002,False,/data/suehara/part/march/datasets/20250711_ilc_nnqq_sgv_10m_3cat_parquet,val50k_tail,150000,proxy
92,92,11160000,,lr_6e-6,8.1648e-06,validation_total_reference_mistag_geomean_percent,0.4004040391782912,min,0.9978085768003692,0.9978085768003692,0.536347596366283,0.29891696294804,0.4004040391782912,,0.1725140949511935,0.0741542415465794,3.1774689447270776,0.19640853142365677,0.5084711703534369,0.05411255411255411,2.6750004642964216,1.1243386129920332,0.01761378072203995,0.019612797247274917,86,49851,0.011226669346735187,0.013227825558899398,37,49896,0.07762386928506018,0.07950233077678795,1584,49851,0.01884755351288553,0.0208438094589447,98,49896,0.030906477419883043,0.032895766733364876,253,49757,0.009458073172428492,0.011460032706904998,27,49896,0.0713891825173358,0.07329138917747287,1331,49757,0.04623215848972694,0.04819122061272638,561,49896,0.88919,0.9718968312405867,0.2922,0.3915320419834632,0.29923,False,/data/suehara/part/march/datasets/20250711_ilc_nnqq_sgv_10m_3cat_parquet,val50k_tail,150000,proxy
92,92,11160000,,lr_9e-6,9.072e-06,validation_total_reference_mistag_geomean_percent,0.41839812798269227,min,0.9964021603038592,0.9964021603038592,0.5772600890045505,0.30325497437610205,0.41839812798269227,,0.16852241207165206,0.08031967072072492,3.1116462629477835,0.20079917680181228,0.5094468355427164,0.0702797118806343,2.667575993566329,1.1626272188992208,0.017399090512213777,0.019398507820744013,84,49845,0.011731575901955175,0.013736301829737386,40,49801,0.07683567468671493,0.07871700333483382,1551,49845,0.01908451012058701,0.02108439770820451,100,49801,0.03090652672432673,0.03289174717283168,254,49858,0.010914826638084869,0.012919955760880807,35,49801,0.07122005175683177,0.07311870291647829,1330,49858,0.04706434029537292,0.04902560180067503,579,49801,0.88918,0.9718709195197485,0.29223,0.3915320419834632,0.30012,False,/data/suehara/part/march/datasets/20250711_ilc_nnqq_sgv_10m_3cat_parquet,val50k_tail,150000,proxy
93,93,11280000,,lr_14e-6,1.08864e-05,validation_total_reference_mistag_geomean_percent,0.40621469216632505,min,0.9881165399646428,0.9881165399646428,0.5456480017067484,0.30241176658879243,0.40621469216632505,,0.18065034565476598,0.07630675314765356,3.1473304318160547,0.19277496288105384,0.5131803147238649,0.06024217324228274,2.654104327367343,1.0803430108841228,0.018051114037450862,0.02005104778662378,90,49820,0.011411800859588038,0.013416768459863247,38,49799,0.07728576127531209,0.07916660146762497,1568,49820,0.01868112432543774,0.020681414487874684,96,49799,0.031014423433404874,0.03299841973237738,256,49885,0.010038070698590012,0.012043683462704978,30,49799,0.07102336186626985,0.0729215255017495,1324,49885,0.04535224137759957,0.04731688623788952,538,49799,0.88969,0.97199090768909,0.29148,0.3915320419834632,0.29984,False,/data/suehara/part/march/datasets/20250711_ilc_nnqq_sgv_10m_3cat_parquet,val50k_tail,150000,proxy
93,93,11280000,,lr_3e-6,7.257600000000001e-06,validation_total_reference_mistag_geomean_percent,0.4055593321302054,min,1.001076152233904,1.001076152233904,0.5403994288739807,0.30436444431597287,0.4055593321302054,,0.1767423125346481,0.07408000894168858,3.2094797579300236,0.2042205624454166,0.5224240328447326,0.05606054374484569,2.6784278377322948,1.0871741616975816,0.017849877864513624,0.01985117358792815,88,49790,0.011215433784987107,0.013214589689990132,37,49946,0.07805334120905283,0.07993281823039378,1598,49790,0.019227603549051127,0.021221548308167665,102,49946,0.031335441805923056,0.03332373073889,260,49768,0.009638530165061962,0.011638407613341584,28,49946,0.07142650609702796,0.0733281545968776,1333,49768,0.04543137804439278,0.04738996718295658,543,49946,0.88955,0.9719912935257788,0.29178,0.3915320419834632,0.29987,False,/data/suehara/part/march/datasets/20250711_ilc_nnqq_sgv_10m_3cat_parquet,val50k_tail,150000,proxy
93,93,11280000,,lr_6e-6,8.1648e-06,validation_total_reference_mistag_geomean_percent,0.41451396201670176,min,1.0036316639046468,1.0036316639046468,0.5501008078588677,0.3123460686697733,0.41451396201670176,,0.18677700007227577,0.078064012490242,3.197300716338599,0.20416741279238937,0.4944425385960702,0.06205088005523983,2.7013446955566884,1.1049060553356698,0.018375019692867506,0.02037583197602832,93,49792,0.011535893593119613,0.013534369813596398,39,49959,0.077906513922495,0.07978640463921216,1592,49792,0.019222604676084172,0.021216032721829488,102,49959,0.03046688873737614,0.03245690190029045,246,49753,0.010186288406431198,0.012185405664969114,31,49959,0.07173799268612828,0.07363929329944445,1344,49753,0.045798480967577763,0.04775585062238418,552,49959,0.88952,0.9717790012649056,0.29261,0.3915320419834632,0.29869,False,/data/suehara/part/march/datasets/20250711_ilc_nnqq_sgv_10m_3cat_parquet,val50k_tail,150000,proxy
93,93,11280000,,lr_9e-6,9.072e-06,validation_total_reference_mistag_geomean_percent,0.41152177921887056,min,0.999671438847638,0.999671438847638,0.5592388193211235,0.3028226384159884,0.41152177921887056,,0.17822812482017006,0.07427929049495287,3.1640500647097145,0.20075484015949618,0.5084813882435714,0.06424154822131213,2.6971620144058397,1.1101742397260477,0.017903769029504114,0.019899154089399185,89,49936,0.011245595853679456,0.01325012160839689,37,49812,0.0773978270071099,0.07927362851765374,1580,49936,0.01908029932630277,0.021079747067326553,100,49812,0.030907097136823655,0.0328964260196271,253,49756,0.01039435589869417,0.012399284670371404,32,49812,0.07168105371563385,0.07358240781048311,1342,49756,0.04597494654491,0.04793788094937471,553,49812,0.88945,0.9718988391314053,0.29208,0.3915320419834632,0.29939,False,/data/suehara/part/march/datasets/20250711_ilc_nnqq_sgv_10m_3cat_parquet,val50k_tail,150000,proxy
94,94,11400000,,lr_14e-6,1.08864e-05,validation_total_reference_mistag_geomean_percent,0.4024065037857307,min,0.9918456048922003,0.9918456048922003,0.5487011155058469,0.29511694019388185,0.4024065037857307,,0.17252446764239587,0.07422117820503076,3.1415503663228637,0.1885619195842799,0.5220359369679204,0.058173356602675974,2.652344051955768,1.1253535618566686,0.017614839993274088,0.019613976406265245,86,49848,0.011236800616966011,0.013239760531147437,37,49851,0.07719469638859874,0.07907471202329777,1566,49848,0.01845662460069836,0.02045499730732982,94,49851,0.03131221842430547,0.033299045877216174,260,49805,0.009843835281394209,0.011847439014179142,29,49851,0.0710563562366609,0.07295763944984227,1321,49805,0.04627366890226515,0.0482344586979171,561,49851,0.88957,0.9719999499092807,0.29152,0.3915320419834632,0.30016,False,/data/suehara/part/march/datasets/20250711_ilc_nnqq_sgv_10m_3cat_parquet,val50k_tail,150000,proxy
94,94,11400000,,lr_3e-6,7.257600000000001e-06,validation_total_reference_mistag_geomean_percent,0.4150413746939357,min,1.0126622528728866,1.0126622528728866,0.5647197385681172,0.30503510138428386,0.4150413746939357,,0.1804402702947672,0.07630981673813726,3.2278760908029778,0.19479084297568217,0.5197776193128603,0.06426089925095889,2.717293056009341,1.1205494275983685,0.018030139704963633,0.02002775632621637,90,49878,0.011412259055654185,0.013417307056864676,38,49797,0.07820395221488155,0.08007937569901522,1610,49878,0.018783695555751444,0.02078398509144149,97,49797,0.03123536138128066,0.03322132254365172,259,49829,0.010397486147935134,0.012403018060893473,32,49797,0.07189238439469815,0.07379014505524244,1354,49829,0.046198299149953145,0.04816140813301735,558,49797,0.88903,0.9718059995534909,0.29263,0.3915320419834632,0.30103,False,/data/suehara/part/march/datasets/20250711_ilc_nnqq_sgv_10m_3cat_parquet,val50k_tail,150000,proxy
94,94,11400000,,lr_6e-6,8.1648e-06,validation_total_reference_mistag_geomean_percent,0.4104618637293771,min,0.9844090273976223,0.9844090273976223,0.5709280757239286,0.2950966132862968,0.4104618637293771,,0.1725175463211823,0.07410226311314716,3.0852557531362286,0.19226533367083035,0.5088188486576036,0.07009673469181694,2.64666242827522,1.1255533113149485,0.017614133798295663,0.019613190284518273,86,49850,0.011218802091465861,0.013218557668605963,37,49931,0.07651143583369442,0.07839363455519298,1538,49850,0.01863177877099529,0.020626801388709405,96,49931,0.030927561747136952,0.03291819730113646,253,49723,0.010886416582088346,0.012886332598531025,35,49931,0.0710389203788471,0.07294356753071371,1316,49723,0.04624149733253209,0.04819913759274569,562,49931,0.88957,0.9718306212353353,0.29218,0.3915320419834632,0.29931,False,/data/suehara/part/march/datasets/20250711_ilc_nnqq_sgv_10m_3cat_parquet,val50k_tail,150000,proxy
94,94,11400000,,lr_9e-6,9.072e-06,validation_total_reference_mistag_geomean_percent,0.4137152845007108,min,1.0012380448159885,1.0012380448159885,0.5714148381981794,0.2995377879391747,0.4137152845007108,,0.18038965001170926,0.07234144952236717,3.164836013917629,0.19492001605139683,0.5075429402965598,0.06832248043964582,2.67011703457542,1.1514347737131811,0.018025084235586568,0.020022142354295593,90,49892,0.011090842094496688,0.013097379160641513,36,49764,0.07744096932472619,0.0793183935707785,1579,49892,0.01879614115463141,0.02079775192434881,97,49764,0.03085018701769575,0.03283588209962284,253,49848,0.010752633781041066,0.012759332365101534,34,49764,0.07126057384584696,0.07315950392845043,1331,49848,0.04685215225098335,0.04881532175677605,573,49764,0.88899,0.9718205700610193,0.29255,0.3915320419834632,0.30017,False,/data/suehara/part/march/datasets/20250711_ilc_nnqq_sgv_10m_3cat_parquet,val50k_tail,150000,proxy
95,95,11520000,,lr_14e-6,1.08864e-05,validation_total_reference_mistag_geomean_percent,0.4080421124391868,min,0.9886827328319481,0.9886827328319481,0.5491014219220535,0.3032196947169241,0.4080421124391868,,0.1849432031115249,0.07211393931988773,3.164137139727161,0.200316503498906,0.48757975826799077,0.06410128002243545,2.630522932634092,1.1057471060735862,0.018288252647403785,0.02029102902297681,92,49745,0.011055971510402546,0.013056207320665555,36,49921,0.07754553539239643,0.07942853554922455,1574,49745,0.019038674395091416,0.02103377409061369,100,49921,0.030223960844593094,0.03221085545490132,243,49838,0.010371665907555271,0.012372222724989581,32,49921,0.0707440711163812,0.07264497109855661,1311,49838,0.045833160074173346,0.04779198595933863,552,49921,0.88966,0.9720648740451091,0.29131,0.3915320419834632,0.29846,False,/data/suehara/part/march/datasets/20250711_ilc_nnqq_sgv_10m_3cat_parquet,val50k_tail,150000,proxy
95,95,11520000,,lr_3e-6,7.257600000000001e-06,validation_total_reference_mistag_geomean_percent,0.40797520750662386,min,0.9973424831363171,0.9973424831363171,0.5599287024160075,0.2972588638908725,0.40797520750662386,,0.18049455773214934,0.07029665238794519,3.158654667882121,0.19482215878505363,0.5014843818330366,0.06427122456767559,2.6638850118360904,1.144831210066465,0.018035559427109358,0.020033774790695087,90,49863,0.01091745658212468,0.012923068285202757,35,49789,0.07738900099786214,0.0792677650475214,1575,49863,0.018786711156950946,0.020787320831605616,97,49789,0.030659400827463563,0.032645179641424465,250,49852,0.01039915638521633,0.012405010121927797,32,49789,0.07117563735675597,0.07307466509430816,1328,49852,0.04670482157202449,0.0486672706104814,570,49789,0.88927,0.9717779354769993,0.29247,0.3915320419834632,0.29939,False,/data/suehara/part/march/datasets/20250711_ilc_nnqq_sgv_10m_3cat_parquet,val50k_tail,150000,proxy
95,95,11520000,,lr_6e-6,8.1648e-06,validation_total_reference_mistag_geomean_percent,0.40228039507033747,min,1.0003404768900874,1.0003404768900874,0.541470384374929,0.298870484753773,0.40228039507033747,,0.17445707369980817,0.0722224465459562,3.1883534802802846,0.19861171815198245,0.5041274201746969,0.05617301453044756,2.6732813410787353,1.135497320658788,0.017714833384443063,0.01971305046575278,87,49869,0.011072602037037423,0.013075843056752513,36,49846,0.07774022323877132,0.07961757020142901,1590,49869,0.018967123981514494,0.020965293912539058,99,49846,0.03076108424874711,0.032749269530221115,251,49789,0.00965786270583943,0.011661747673324757,28,49846,0.07134390461932191,0.07324495779277573,1331,49789,0.0464861191264777,0.04844669860641516,566,49846,0.88957,0.9719083990228485,0.29193,0.3915320419834632,0.29996,False,/data/suehara/part/march/datasets/20250711_ilc_nnqq_sgv_10m_3cat_parquet,val50k_tail,150000,proxy
95,95,11520000,,lr_9e-6,9.072e-06,validation_total_reference_mistag_geomean_percent,0.4063118349480755,min,0.9973326410682786,0.9973326410682786,0.5587483492916064,0.2954627202535382,0.4063118349480755,,0.17027584812109373,0.07221520129987362,3.1851599618112267,0.1945798398469204,0.4946314419884703,0.06619726834450991,2.6883018301380965,1.1072997369960371,0.017481879555868943,0.019478262735080812,85,49919,0.011071491778876907,0.013074532170383766,36,49851,0.07766359062885038,0.07953918518176922,1590,49919,0.018763365542482268,0.020761496817137366,97,49851,0.03047850179707717,0.032469267598253096,246,49734,0.01056135912005468,0.01256464094353786,33,49851,0.07158041955746403,0.07348297100954401,1337,49734,0.04589718030487914,0.04785869439645988,552,49851,0.88955,0.9719441918339814,0.29182,0.3915320419834632,0.29916,False,/data/suehara/part/march/datasets/20250711_ilc_nnqq_sgv_10m_3cat_parquet,val50k_tail,150000,proxy
96,96,11640000,,lr_14e-6,1.08864e-05,validation_total_reference_mistag_geomean_percent,0.41507871309374955,min,1.0077160800591605,1.0077160800591605,0.56420174765952,0.3053700892956745,0.41507871309374955,,0.1887853396384687,0.07412007742073712,3.231442862092138,0.1923115522267774,0.5040869377672308,0.06610709122827008,2.6630249994844495,1.1418497806152113,0.018478476699846095,0.020479208314850464,94,49792,0.011221498193697034,0.0132217337676345,37,49919,0.0783130130262509,0.08019153238430984,1609,49792,0.0186362539556338,0.020631754294387728,96,49919,0.030758618823581354,0.03274664601883191,251,49793,0.010546976017507032,0.0125475326243383,33,49919,0.07120588813362382,0.07310720054382706,1326,49793,0.04658385159909649,0.048541309539934865,570,49919,0.88927,0.9717534700416192,0.29275,0.3915320419834632,0.29942,False,/data/suehara/part/march/datasets/20250711_ilc_nnqq_sgv_10m_3cat_parquet,val50k_tail,150000,proxy
96,96,11640000,,lr_3e-6,7.257600000000001e-06,validation_total_reference_mistag_geomean_percent,0.4147939349376383,min,1.0107951312621897,1.0107951312621897,0.5557882504081274,0.3095675526330517,0.4147939349376383,,0.18452033834434892,0.07617520147559696,3.2271004346744645,0.20246567203428076,0.5004019341707573,0.06214292660717068,2.6949357487528376,1.1386187940380617,0.018246470526128364,0.020244684711953426,92,49859,0.011392133174600307,0.01339364962398621,38,49885,0.07820946732522288,0.0800856365822139,1609,49859,0.019151994975850625,0.021148448262502423,101,49885,0.030652813933419384,0.032642307636147894,249,49760,0.01020139529191922,0.012203474314942257,31,49885,0.07164901868793316,0.07355030943002674,1341,49760,0.04653277601987509,0.04849169760816462,568,49885,0.88917,0.9717264378971001,0.29317,0.3915320419834632,0.29907,False,/data/suehara/part/march/datasets/20250711_ilc_nnqq_sgv_10m_3cat_parquet,val50k_tail,150000,proxy
96,96,11640000,,lr_6e-6,8.1648e-06,validation_total_reference_mistag_geomean_percent,0.40609372818553147,min,1.0020634430868027,1.0020634430868027,0.5484566607550191,0.3006839516628391,0.40609372818553147,,0.18254764717541944,0.0721544125567703,3.1594784927273385,0.19642034000715716,0.5064207076737929,0.058124387324115546,2.7049295438207066,1.1364320134091208,0.018145299132855647,0.020143953216307194,91,49850,0.011062174393263987,0.013063531093049991,36,49893,0.0774088656429063,0.07928808658389866,1575,49850,0.018848685834046735,0.020845061336530885,98,49893,0.030841239229114584,0.032830451049744705,252,49761,0.009835550543305635,0.0118374696363354,29,49893,0.07177923681263194,0.07368008768022898,1346,49761,0.04648397859849593,0.04844267375364829,567,49893,0.88921,0.9718673712539388,0.29235,0.3915320419834632,0.29887,False,/data/suehara/part/march/datasets/20250711_ilc_nnqq_sgv_10m_3cat_parquet,val50k_tail,150000,proxy
96,96,11640000,,lr_9e-6,9.072e-06,validation_total_reference_mistag_geomean_percent,0.4159505650125192,min,1.0085681127288881,1.0085681127288881,0.5513230966767626,0.3138175664635206,0.4159505650125192,,0.18474638079088682,0.0781782483148064,3.221012862475146,0.20847532883948372,0.4957848153493575,0.06013711143952917,2.651545649302177,1.1686645053197184,0.018268803850287,0.020269456619404543,92,49798,0.01155276930764732,0.013554165332808097,39,49886,0.07818443093573837,0.08006314284191643,1604,49798,0.019447452666336833,0.021443625002867846,104,49886,0.030489462389614308,0.03247674547002741,247,49820,0.010020568531765844,0.012022687836890752,30,49886,0.07103524191496985,0.07293598475176452,1321,49820,0.047148119829751485,0.04910579759930308,583,49886,0.88896,0.9717426151278512,0.29315,0.3915320419834632,0.29918,False,/data/suehara/part/march/datasets/20250711_ilc_nnqq_sgv_10m_3cat_parquet,val50k_tail,150000,proxy
97,97,11760000,,lr_14e-6,1.08864e-05,validation_total_reference_mistag_geomean_percent,0.41658667134846034,min,1.0106094687651739,1.0106094687651739,0.5542954462510442,0.31309016864372835,0.41658667134846034,,0.19071709230933093,0.07625162925958942,3.2602586701048892,0.20266881078657245,0.5054455557795604,0.062205275739388145,2.6576006431510346,1.1297280729910246,0.018573928903052206,0.02057377966103581,95,49812,0.011403559617396248,0.013407081102652688,38,49835,0.07863865280148263,0.08051526097315603,1624,49812,0.019171193594686733,0.021169641752361457,101,49835,0.030781991394327433,0.032767412166346405,252,49857,0.01021162803901451,0.01221571322733558,31,49835,0.07108920967162646,0.07298829905595383,1325,49857,0.046371711936474616,0.04833295569188316,563,49835,0.88922,0.9718447387303978,0.29247,0.3915320419834632,0.29941,False,/data/suehara/part/march/datasets/20250711_ilc_nnqq_sgv_10m_3cat_parquet,val50k_tail,150000,proxy
97,97,11760000,,lr_3e-6,7.257600000000001e-06,validation_total_reference_mistag_geomean_percent,0.4046672425873872,min,0.9862085025912402,0.9862085025912402,0.5479210979819128,0.29886707744311924,0.4046672425873872,,0.18239031728278504,0.07425543561663057,3.122682726386576,0.18864896071509746,0.5061968876955212,0.060207111876896445,2.631420451488405,1.1238661296680097,0.018129672902623746,0.02012661079835163,91,49893,0.011241985886371908,0.013245868948897363,37,49828,0.07693265753577344,0.07881173387598861,1558,49893,0.01846513706602916,0.02046442868527114,94,49828,0.03082764146469406,0.03281598322531923,252,49783,0.010032229853667207,0.01203667677764854,30,49828,0.0707945411550226,0.0726975051448836,1310,49783,0.046253217957183644,0.04821497251379179,560,49828,0.88956,0.971939792185548,0.29176,0.3915320419834632,0.29847,False,/data/suehara/part/march/datasets/20250711_ilc_nnqq_sgv_10m_3cat_parquet,val50k_tail,150000,proxy
97,97,11760000,,lr_6e-6,8.1648e-06,validation_total_reference_mistag_geomean_percent,0.4193904348632996,min,1.0160945822826082,1.0160945822826082,0.5594230377987073,0.3144102494365204,0.4193904348632996,,0.1926163648434222,0.07625622164943176,3.282503966110611,0.20268100806338632,0.5056991466635554,0.06421576497030021,2.679001563391339,1.1257826225688186,0.01866576933559638,0.020664420391057047,96,49840,0.011404245932918175,0.01340788784807875,38,49832,0.0788789949063659,0.0807536561686667,1636,49840,0.019172346735893648,0.021170914712608346,101,49832,0.030797398585749765,0.032783805217935676,252,49832,0.010390185163734841,0.012394310311128335,32,49832,0.0713887682532853,0.07328795146742742,1335,49832,0.046291217909310775,0.04825273808150045,561,49832,0.88915,0.9717940893932991,0.29283,0.3915320419834632,0.29943,False,/data/suehara/part/march/datasets/20250711_ilc_nnqq_sgv_10m_3cat_parquet,val50k_tail,150000,proxy
97,97,11760000,,lr_9e-6,9.072e-06,validation_total_reference_mistag_geomean_percent,0.4144251030887212,min,1.0014308093949145,1.0014308093949145,0.560039009957259,0.30667179074401385,0.4144251030887212,,0.1887853396384687,0.0721197166167014,3.1792255925331663,0.20433920232755123,0.5080831552013555,0.06410641665164173,2.6589015295398397,1.1358855226505913,0.018478476699846095,0.020479208314850464,94,49792,0.011056857210597253,0.013057253071059094,36,49917,0.07769034008135653,0.07957095681148177,1583,49792,0.019238764255465425,0.021233862648707257,102,49917,0.030882946577166694,0.03287073342185817,253,49795,0.010372496816716203,0.012373213735797427,32,49917,0.07115004775610986,0.07305144941503403,1324,49795,0.04646174972795184,0.048419525056689165,567,49917,0.88907,0.97172616527434,0.29287,0.3915320419834632,0.29994,False,/data/suehara/part/march/datasets/20250711_ilc_nnqq_sgv_10m_3cat_parquet,val50k_tail,150000,proxy
98,98,11880000,,lr_14e-6,1.08864e-05,validation_total_reference_mistag_geomean_percent,0.4183682456513696,min,1.0085203531549836,1.0085203531549836,0.57188664131555,0.30606063566507985,0.4183682456513696,,0.18525977187629117,0.07612637200779775,3.2017720745344165,0.19432256454547805,0.5107456804324692,0.06811306602668765,2.6879244677475005,1.1438988280692275,0.0183195307235371,0.020325722311849405,92,49660,0.011384832260768162,0.013385067591920301,38,49917,0.07806219091726213,0.07994689835166963,1590,49660,0.018738577432402783,0.020734077148918794,97,49917,0.030926215432490727,0.03290864029674685,255,49927,0.010719684667164917,0.01272024105693644,34,49917,0.0714388011907166,0.07333401332140152,1342,49927,0.046626952365206795,0.048584406635324845,571,49917,0.88925,0.971770211387429,0.29266,0.3915320419834632,0.2988,False,/data/suehara/part/march/datasets/20250711_ilc_nnqq_sgv_10m_3cat_parquet,val50k_tail,150000,proxy
98,98,11880000,,lr_3e-6,7.257600000000001e-06,validation_total_reference_mistag_geomean_percent,0.411435810714361,min,0.9907768754337902,0.9907768754337902,0.5651511785686657,0.29952945823613125,0.411435810714361,,0.17645879804460732,0.07206485696375063,3.1000601459728334,0.20418376064887664,0.5112824470407312,0.06605945512238982,2.661084031577228,1.1350215080999049,0.017821265151340537,0.01981936188920979,88,49870,0.011048448783920967,0.013047325200832944,36,49955,0.07667618242294706,0.07855703261017422,1546,49870,0.01922414251397766,0.021217729519927304,102,49955,0.031017626690265504,0.03300992610921795,254,49679,0.010539377282383255,0.01253849412706624,33,49955,0.07126081962052673,0.07316657307623008,1322,49679,0.046426597460828486,0.048382918162270805,567,49955,0.88966,0.9718612909957601,0.29197,0.3915320419834632,0.29883,False,/data/suehara/part/march/datasets/20250711_ilc_nnqq_sgv_10m_3cat_parquet,val50k_tail,150000,proxy
98,98,11880000,,lr_6e-6,8.1648e-06,validation_total_reference_mistag_geomean_percent,0.41104154367934476,min,1.0052603660494972,1.0052603660494972,0.551860331100885,0.3061556359618321,0.41104154367934476,,0.1849878268661172,0.07411413613152798,3.1990830753099577,0.20030847064348178,0.5195795287441581,0.06009254339709339,2.706226900665934,1.0976904466377075,0.01829266189936115,0.020295919717552346,92,49733,0.011220599348981036,0.013220674898385383,37,49923,0.07797345216435415,0.0798555013418259,1591,49733,0.019037912331581294,0.021032932423118357,100,49923,0.031223484063814914,0.0332086962236678,259,49848,0.010013143565523058,0.012013780832468202,30,49923,0.07173435310729968,0.07363183442368089,1349,49848,0.04566322708479224,0.04762229725371776,548,49923,0.88967,0.9718905677003509,0.29189,0.3915320419834632,0.29944,False,/data/suehara/part/march/datasets/20250711_ilc_nnqq_sgv_10m_3cat_parquet,val50k_tail,150000,proxy
98,98,11880000,,lr_9e-6,9.072e-06,validation_total_reference_mistag_geomean_percent,0.4049634294718769,min,1.0045068749199952,1.0045068749199952,0.5514380801470194,0.2973958185221827,0.4049634294718769,,0.1843059397606205,0.06831012898623416,3.2213475224149293,0.1928756554758604,0.5139117517163849,0.06027364322314779,2.681977049567426,1.113053308215358,0.0182252861454486,0.020221187185238923,92,49917,0.010750689991924248,0.012757026226585663,34,49773,0.0780962622253141,0.07997048204835475,1608,49917,0.01869087473270381,0.020692205722558865,96,49773,0.031058524443117793,0.03304531911332885,256,49814,0.010043313103405994,0.012049972257087187,30,49773,0.07144060945432698,0.07334035945114475,1336,49814,0.04605279404374576,0.048017150805837634,554,49773,0.88898,0.9718670860970766,0.29239,0.3915320419834632,0.30121,False,/data/suehara/part/march/datasets/20250711_ilc_nnqq_sgv_10m_3cat_parquet,val50k_tail,150000,proxy
99,99,12000000,,lr_14e-6,1.08864e-05,validation_total_reference_mistag_geomean_percent,0.4191968011319669,min,1.0136773742215162,1.0136773742215162,0.5688940992219753,0.3088904566238219,0.4191968011319669,,0.18094088598084726,0.07825197019776772,3.23683160336169,0.1986396144665022,0.504757129532713,0.0662132074980638,2.6700049877221774,1.1737795950123682,0.01808012435360587,0.020083262975964022,90,49740,0.011563660646359712,0.013566941064844943,39,49839,0.07841742742594332,0.08029769394555797,1610,49740,0.018969785679398447,0.020968235132866546,99,49839,0.03074016171805468,0.03272290589400682,252,49925,0.010563901387815777,0.01256766490280272,33,49839,0.07120484724011111,0.07310085312852502,1333,49925,0.04727395763447842,0.04923327627130748,585,49839,0.88887,0.9718203271228033,0.29279,0.3915320419834632,0.30004,False,/data/suehara/part/march/datasets/20250711_ilc_nnqq_sgv_10m_3cat_parquet,val50k_tail,150000,proxy
99,99,12000000,,lr_3e-6,7.257600000000001e-06,validation_total_reference_mistag_geomean_percent,0.41222977365974683,min,1.0040313356346569,1.0040313356346569,0.5581967776537496,0.30443276115967843,0.41222977365974683,,0.19434983373385958,0.07224128589488893,3.1757163530360466,0.19264342905303714,0.5124495143083323,0.062207774574576886,2.690862365424291,1.131780129052224,0.018741203369116215,0.02073698186164524,97,49910,0.01107548975064624,0.01307925259184321,36,49833,0.07755754666630456,0.07943385784863685,1585,49910,0.01866838913205829,0.020667319844862697,96,49833,0.03102914183120446,0.03301811134574775,255,49761,0.01021203777590593,0.012216203294468939,31,49833,0.07159486791725282,0.07349628416571975,1339,49761,0.046415140276057955,0.0483763803874002,564,49833,0.88945,0.9718912494965184,0.29232,0.3915320419834632,0.30008,False,/data/suehara/part/march/datasets/20250711_ilc_nnqq_sgv_10m_3cat_parquet,val50k_tail,150000,proxy
99,99,12000000,,lr_6e-6,8.1648e-06,validation_total_reference_mistag_geomean_percent,0.4180292568423302,min,1.0131193537494914,1.0131193537494914,0.5729385554927064,0.3050038401166309,0.4180292568423302,,0.17896282392500515,0.07617520147559696,3.2313849047788983,0.19645184043204056,0.5011225095275672,0.06815675821431623,2.671985141322862,1.180715650319645,0.017977515180757506,0.019981095860401553,89,49731,0.011392133174600307,0.01339364962398621,38,49885,0.07835976890647814,0.08024059473892078,1607,49731,0.018851706022406448,0.02084840041204558,98,49885,0.03063732715102756,0.03262168753049256,250,49888,0.010726559274059647,0.012728397194095346,34,49885,0.07125696135160849,0.0731542940202539,1333,49888,0.047393274135952915,0.04935050800333081,589,49885,0.88889,0.9718038746608465,0.29285,0.3915320419834632,0.29856,False,/data/suehara/part/march/datasets/20250711_ilc_nnqq_sgv_10m_3cat_parquet,val50k_tail,150000,proxy
99,99,12000000,,lr_9e-6,9.072e-06,validation_total_reference_mistag_geomean_percent,0.4182221858132792,min,1.0053497673824885,1.0053497673824885,0.5680894238383314,0.3078913096544698,0.4182221858132792,,0.1787902434914906,0.07807338669618817,3.1840736074096174,0.202190054949442,0.5143454150928233,0.06606209740385312,2.6721850615370957,1.147078272479398,0.017960193370522917,0.019961849045375568,89,49779,0.01153727877833046,0.013535994661383423,39,49953,0.07775841727434354,0.07963933034765211,1585,49779,0.01912594647826278,0.021119693122829575,101,49953,0.031084671453263362,0.033073125216745866,256,49772,0.010539799147074081,0.012538995924174111,33,49953,0.07134149007143702,0.07324323659407585,1330,49772,0.0466758504387094,0.04863176675157493,573,49953,0.88925,0.9717891646105882,0.29268,0.3915320419834632,0.29949,False,/data/suehara/part/march/datasets/20250711_ilc_nnqq_sgv_10m_3cat_parquet,val50k_tail,150000,proxy
