generation,training_chunk,samples_seen,epoch_fraction,trial,LR,optimization_metric_name,optimization_metric_value,optimization_metric_mode,controller_objective_mistag_percent,validation_working_point_mistag_percent,ctag_score,btag_score,total_mistag_score,group_score_warning,btag_c_mistag_percent_at_0p80,btag_d_mistag_percent_at_0p80,btag_c_mistag_percent_at_0p90,btag_d_mistag_percent_at_0p90,ctag_b_mistag_percent_at_0p50,ctag_d_mistag_percent_at_0p50,ctag_b_mistag_percent_at_0p80,ctag_d_mistag_percent_at_0p80,btag_c_mistag_percent_at_0p80_err_low,btag_c_mistag_percent_at_0p80_err_high,btag_c_mistag_percent_at_0p80_passed,btag_c_mistag_percent_at_0p80_total,btag_d_mistag_percent_at_0p80_err_low,btag_d_mistag_percent_at_0p80_err_high,btag_d_mistag_percent_at_0p80_passed,btag_d_mistag_percent_at_0p80_total,btag_c_mistag_percent_at_0p90_err_low,btag_c_mistag_percent_at_0p90_err_high,btag_c_mistag_percent_at_0p90_passed,btag_c_mistag_percent_at_0p90_total,btag_d_mistag_percent_at_0p90_err_low,btag_d_mistag_percent_at_0p90_err_high,btag_d_mistag_percent_at_0p90_passed,btag_d_mistag_percent_at_0p90_total,ctag_b_mistag_percent_at_0p50_err_low,ctag_b_mistag_percent_at_0p50_err_high,ctag_b_mistag_percent_at_0p50_passed,ctag_b_mistag_percent_at_0p50_total,ctag_d_mistag_percent_at_0p50_err_low,ctag_d_mistag_percent_at_0p50_err_high,ctag_d_mistag_percent_at_0p50_passed,ctag_d_mistag_percent_at_0p50_total,ctag_b_mistag_percent_at_0p80_err_low,ctag_b_mistag_percent_at_0p80_err_high,ctag_b_mistag_percent_at_0p80_passed,ctag_b_mistag_percent_at_0p80_total,ctag_d_mistag_percent_at_0p80_err_low,ctag_d_mistag_percent_at_0p80_err_high,ctag_d_mistag_percent_at_0p80_passed,ctag_d_mistag_percent_at_0p80_total,validation_accuracy,validation_auc,validation_loss,best_so_far,training_loss,validation_shutdown_warning,validation_dataset,validation_suffix,validation_sample_count,evaluation_type
0,0,120000,,lr_14e-6,1.4e-05,validation_total_reference_mistag_geomean_percent,0.44194500438692985,min,1.0702864500574942,1.0702864500574942,0.6095311925442437,0.3204354252770849,0.44194500438692985,,0.17884414765164994,0.08410765697957001,3.3980388401553294,0.20626402336332852,0.5381094046310778,0.07409484357051763,2.8812947536922966,1.201537930416184,0.017965602849398,0.019967859690778102,89,49764,0.012011380707737513,0.014010535336257365,42,49936,0.08028561898898445,0.08215849997992714,1691,49764,0.019329963547932396,0.021324225757598896,103,49936,0.03180330387497522,0.033789525764793375,268,49804,0.011217679097863021,0.013217234744321673,37,49936,0.07401632159302583,0.07590844910331136,1435,49804,0.04778910195970803,0.04974350298625734,600,49936,0.88768,0.9707620062462278,0.29952,0.44194500438692985,0.31552,False,/data/suehara/part/march/datasets/20250711_ilc_nnqq_sgv_10m_3cat_parquet,val50k_tail,150000,proxy
0,0,120000,,lr_3e-6,3e-06,validation_total_reference_mistag_geomean_percent,0.44854486407598093,min,1.093355912236617,1.093355912236617,0.6291562035654745,0.3197814691308256,0.44854486407598093,,0.17876870652919313,0.08018924348222572,3.432760837686147,0.21250150614852303,0.5859100854744257,0.0741750560296932,2.9676747557796266,1.2148671067631018,0.01795803049099286,0.019959445800299336,89,49785,0.011712531803758437,0.013714007687461411,40,49882,0.0806686799004773,0.08253937604510639,1709,49785,0.019643880630139603,0.02164005161009075,106,49882,0.033209735318499856,0.03519272379850242,292,49837,0.01122981933920806,0.013231536354899737,37,49882,0.07507483605958543,0.0769622442774412,1479,49837,0.048081180031922,0.05003716234708629,606,49882,0.88774,0.9704593610679223,0.30667,0.44194500438692985,0.32138,False,/data/suehara/part/march/datasets/20250711_ilc_nnqq_sgv_10m_3cat_parquet,val50k_tail,150000,proxy
0,0,120000,,lr_6e-6,6e-06,validation_total_reference_mistag_geomean_percent,0.446311331850776,min,1.0841400257092992,1.0841400257092992,0.6216389675263146,0.32043326648434634,0.446311331850776,,0.1645496037110435,0.08635578583765112,3.389320351695772,0.21890187787455684,0.57341056970251,0.07229786933978154,2.945245272135544,1.223038875377534,0.017183814358890888,0.01918387256832023,82,49833,0.012199042076151134,0.014203807382473553,43,49794,0.08012996581186413,0.08200060351584507,1689,49833,0.019967951257307853,0.02196739289298502,109,49794,0.0328323583933498,0.03481425780431048,286,49877,0.01108416193587046,0.013089491873927975,36,49794,0.07476574916075555,0.0766525431258925,1469,49877,0.048285725782989085,0.05024483658044466,609,49794,0.88763,0.9707172652560891,0.3034,0.44194500438692985,0.31887,False,/data/suehara/part/march/datasets/20250711_ilc_nnqq_sgv_10m_3cat_parquet,val50k_tail,150000,proxy
0,0,120000,,lr_9e-6,9e-06,validation_total_reference_mistag_geomean_percent,0.45059557302165665,min,1.080942502813489,1.080942502813489,0.6307973210360249,0.3218725946604324,0.45059557302165665,,0.1809154316424226,0.08223684210526316,3.3931693801101357,0.21261232010793604,0.5971824281330368,0.07621951219512195,2.9097612598072797,1.195442848406716,0.01807758222890836,0.020080440014866113,90,49747,0.011875590685494477,0.013878028183053268,41,49856,0.08024290854172153,0.08211662529667083,1688,49747,0.01965411552799106,0.02165132304856022,106,49856,0.033514263052791204,0.03549425654318468,298,49901,0.01139875772073357,0.01340143660184574,38,49856,0.0743037711112643,0.07619107978316525,1452,49901,0.04770414398039841,0.049661925520584106,596,49856,0.88772,0.9706279654185165,0.30182,0.44194500438692985,0.31762,False,/data/suehara/part/march/datasets/20250711_ilc_nnqq_sgv_10m_3cat_parquet,val50k_tail,150000,proxy
1,1,240000,,lr_14e-6,1.4e-05,validation_total_reference_mistag_geomean_percent,0.4414310142603796,min,1.0719392889077184,1.0719392889077184,0.6130281924471004,0.31786684976606927,0.4414310142603796,,0.1864885919155192,0.07411561801179607,3.3828631187924443,0.2183406113537118,0.5652444848858597,0.07211249831426472,2.8684650379014807,1.2078843500866712,0.01834667048687276,0.020344405052738795,93,49869,0.011220824046660196,0.013220939599797334,37,49922,0.0800267292156813,0.08189627551199938,1687,49869,0.01991680190136908,0.02191113955690451,109,49922,0.032644205186997066,0.03463297114815683,281,49713,0.011055750107524754,0.013055945909239683,36,49922,0.07392065998868234,0.07581676712192335,1426,49713,0.04792280730563526,0.049877502163736716,603,49922,0.88741,0.9707654719718711,0.29875,0.4414310142603796,0.30604,False,/data/suehara/part/march/datasets/20250711_ilc_nnqq_sgv_10m_3cat_parquet,val50k_tail,150000,proxy
1,1,240000,,lr_3e-6,1.1200000000000001e-05,validation_total_reference_mistag_geomean_percent,0.44240506708099087,min,1.0576964116862868,1.0576964116862868,0.5923888265373464,0.3303948937102327,0.44240506708099087,,0.1929415472136233,0.08412787724888286,3.3624086042689907,0.2183318680374152,0.5358863380628693,0.07010656077426672,2.8460178451520237,1.1517506527322225,0.018697255504038612,0.02069926762073434,96,49756,0.012014266865828082,0.014013901202358119,42,49924,0.0798792614635016,0.08175387574676923,1673,49756,0.019916004771815224,0.021910262884406805,109,49924,0.03172969606920076,0.033715209914866956,267,49824,0.010887942586388928,0.01288813861795732,35,49924,0.07355433534470372,0.07544711936945912,1418,49824,0.04678503298083964,0.04874189825230645,575,49924,0.88794,0.9709419525579089,0.29785,0.4414310142603796,0.3069,False,/data/suehara/part/march/datasets/20250711_ilc_nnqq_sgv_10m_3cat_parquet,val50k_tail,150000,proxy
1,1,240000,,lr_6e-6,1.26e-05,validation_total_reference_mistag_geomean_percent,0.44549154211164294,min,1.0709287667331358,1.0709287667331358,0.6124884721219747,0.3240268562205473,0.44549154211164294,,0.1864885919155192,0.08012499185741508,3.3788525391307855,0.2183406113537118,0.5632329447270091,0.07211249831426472,2.854384305067549,1.2138936514988306,0.01834667048687276,0.020344405052738795,93,49869,0.011703150098060756,0.013703024905464475,40,49922,0.07998032957731993,0.08185003671211943,1685,49869,0.01991680190136908,0.02191113955690451,109,49922,0.03258464918012094,0.034573496066021406,280,49713,0.011055750107524754,0.013055945909239683,36,49922,0.07374183703280253,0.07563851063922787,1419,49713,0.0480428776776046,0.04999733178997264,606,49922,0.88743,0.9707400405404818,0.29892,0.4414310142603796,0.30578,False,/data/suehara/part/march/datasets/20250711_ilc_nnqq_sgv_10m_3cat_parquet,val50k_tail,150000,proxy
1,1,240000,,lr_9e-6,1.4e-05,validation_total_reference_mistag_geomean_percent,0.45281406967936066,min,1.0700406699290927,1.0700406699290927,0.6036546827773488,0.3396653542986128,0.45281406967936066,,0.19471655454381015,0.09029979377211406,3.3683957325310505,0.22474615063575082,0.5616399791407515,0.07023317207367213,2.8824165924558893,1.1678773842797032,0.018776537381443806,0.02077606699756164,97,49816,0.012490606951316728,0.014493604852578085,45,49834,0.07990118244591907,0.08177329856306273,1678,49816,0.02023712580816353,0.022234728049269493,112,49834,0.03249272922965568,0.03447601515930093,280,49854,0.010907600820993029,0.012911404044665639,35,49834,0.07399383838730851,0.07588402325716496,1437,49854,0.04715617391505781,0.04911592600283527,582,49834,0.88791,0.9707242564705313,0.29875,0.4414310142603796,0.30744,False,/data/suehara/part/march/datasets/20250711_ilc_nnqq_sgv_10m_3cat_parquet,val50k_tail,150000,proxy
2,2,360000,,lr_14e-6,1.4e-05,validation_total_reference_mistag_geomean_percent,0.43783303155793735,min,1.0583956273539419,1.0583956273539419,0.6069346899851616,0.3158457848700334,0.43783303155793735,,0.18663829728095205,0.07604715220495896,3.3053041163735766,0.21213151713848255,0.5773950914192743,0.07004342914913052,2.8708807831666054,1.168724632098554,0.01836138642060661,0.020360718617957824,93,49829,0.01137298821371549,0.01337114522195113,38,49969,0.07915532290052457,0.08102948287884576,1647,49829,0.019609710463600744,0.02160242082895822,106,49969,0.03300393771363758,0.034992494855163536,287,49706,0.010878140016965236,0.012876537318269024,35,49969,0.07395643280762379,0.0758527097594025,1427,49706,0.047110964756748135,0.04906538842657949,584,49969,0.88814,0.9709930465582389,0.29717,0.43783303155793735,0.30422,False,/data/suehara/part/march/datasets/20250711_ilc_nnqq_sgv_10m_3cat_parquet,val50k_tail,150000,proxy
2,2,360000,,lr_3e-6,1.1200000000000001e-05,validation_total_reference_mistag_geomean_percent,0.4409237427703655,min,1.0559972806409315,1.0559972806409315,0.6063929118629784,0.32060689222330074,0.4409237427703655,,0.19931147277541408,0.0760182473488265,3.3198444810707226,0.21005040684125353,0.5557227461095126,0.07201728485165819,2.8147255120791694,1.2002880940508944,0.019033891298813405,0.021039072830884985,99,49671,0.011368666726023425,0.013366065423961827,38,49988,0.07945011560344592,0.08132965157633607,1649,49671,0.019505267237009995,0.021497303468496955,105,49988,0.032319733174235046,0.03430361461946646,277,49845,0.011041157097679725,0.013038715869243553,36,49988,0.07313979140006789,0.07503303355993994,1403,49845,0.0477396733731459,0.04969209138234246,600,49988,0.88798,0.9709627228889915,0.29712,0.43783303155793735,0.3047,False,/data/suehara/part/march/datasets/20250711_ilc_nnqq_sgv_10m_3cat_parquet,val50k_tail,150000,proxy
2,2,360000,,lr_6e-6,1.26e-05,validation_total_reference_mistag_geomean_percent,0.43992358316835184,min,1.0534874568542107,1.0534874568542107,0.6054546440977057,0.319648649018291,0.43992358316835184,,0.1972982281212594,0.0760182473488265,3.31380484447262,0.21005040684125353,0.5557227461095126,0.07201728485165819,2.806700775401625,1.19628712168693,0.018932856837927062,0.02093811943164976,98,49671,0.011368666726023425,0.013366065423961827,38,49988,0.07937935448093583,0.08125913363877871,1646,49671,0.019505267237009995,0.021497303468496955,105,49988,0.032319733174235046,0.03430361461946646,277,49845,0.011041157097679725,0.013038715869243553,36,49988,0.07303701677033314,0.07493058091700908,1399,49845,0.047659351029238906,0.049611929112061,598,49988,0.888,0.9709823614976738,0.29699,0.43783303155793735,0.30464,False,/data/suehara/part/march/datasets/20250711_ilc_nnqq_sgv_10m_3cat_parquet,val50k_tail,150000,proxy
2,2,360000,,lr_9e-6,1.4e-05,validation_total_reference_mistag_geomean_percent,0.4372510079028547,min,1.043633352253751,1.043633352253751,0.6010260756294409,0.3181034095930614,0.4372510079028547,,0.1863391477122161,0.07819078436848628,3.2759621726743386,0.21452343561167592,0.5571535046490811,0.07217610970768676,2.809903907983536,1.1548177553229881,0.018331978122715083,0.020328117608299955,93,49909,0.011554621703443632,0.013556338226007592,39,49878,0.07874814891524473,0.08062048062226629,1635,49909,0.01974220531196897,0.02173845529945119,107,49878,0.0324027297257121,0.03439166115944848,277,49717,0.011065500230168585,0.013067457923397904,36,49878,0.07317086655383269,0.07506917686169005,1397,49717,0.04686903453067111,0.048827581504134326,576,49878,0.88852,0.9711451665297455,0.29646,0.4372510079028547,0.30457,False,/data/suehara/part/march/datasets/20250711_ilc_nnqq_sgv_10m_3cat_parquet,val50k_tail,150000,proxy
3,3,480000,,lr_14e-6,1.4e-05,validation_total_reference_mistag_geomean_percent,0.4407374670115271,min,1.0283744013523726,1.0283744013523726,0.5988807679971443,0.3243542374509231,0.4407374670115271,,0.19864758628148305,0.08218903759566565,3.1904007570970547,0.212488718345711,0.5403559377066963,0.07417059000295977,2.7700776579960493,1.15866492579336,0.01897054630172557,0.020969075633113423,99,49837,0.011868689204493467,0.013869964550892035,41,49885,0.07778934749321925,0.07966781770846476,1590,49837,0.01964270036628527,0.02163875181462483,106,49885,0.03187813268641197,0.03386514206905472,269,49782,0.011229144192022084,0.013230741009070447,37,49885,0.07261125067091201,0.07450868242319525,1379,49782,0.046944552705439034,0.04890267061710401,578,49885,0.88869,0.9713595580373253,0.29517,0.4372510079028547,0.30274,False,/data/suehara/part/march/datasets/20250711_ilc_nnqq_sgv_10m_3cat_parquet,val50k_tail,150000,proxy
3,3,480000,,lr_3e-6,1.1200000000000001e-05,validation_total_reference_mistag_geomean_percent,0.4262592029762205,min,1.031143986554842,1.031143986554842,0.5942101316164289,0.3057788793126986,0.4262592029762205,,0.18483917164433533,0.07409335581941263,3.252767536947179,0.1962472739607872,0.5583001831240957,0.07008830853092442,2.757360211312346,1.1554558510996542,0.018277972654429857,0.02027962656330467,92,49773,0.011217454526120515,0.013216970191240029,37,49937,0.07858052464625453,0.08045890421933544,1619,49773,0.01883209208072161,0.020826715522927412,98,49937,0.032412536506382705,0.03439834631874085,278,49794,0.010885108918819728,0.012884784984690496,35,49937,0.07243815990994017,0.07433564518659307,1373,49794,0.046854968586536316,0.04881117604881337,577,49937,0.88856,0.9712960926364956,0.29532,0.4262592029762205,0.30409,False,/data/suehara/part/march/datasets/20250711_ilc_nnqq_sgv_10m_3cat_parquet,val50k_tail,150000,proxy
3,3,480000,,lr_6e-6,1.26e-05,validation_total_reference_mistag_geomean_percent,0.4338535252229751,min,1.03711436371672,1.03711436371672,0.5875894049075674,0.32034083626475984,0.4338535252229751,,0.19441994351806352,0.0781845158391407,3.2911087122092133,0.21049676607255677,0.5509752579859086,0.0681608582943078,2.7488436818507886,1.1547251739637805,0.018747959158490254,0.02074445486141103,97,49892,0.01155369543129717,0.013555251692329719,39,49882,0.07893945745933578,0.08081181996329456,1642,49892,0.019546678501158942,0.021542929858439683,105,49882,0.03221403447723924,0.03420269445727425,274,49730,0.010727204220550433,0.012729162368230835,34,49882,0.07237371895583121,0.07427398865656916,1367,49730,0.04686529675893506,0.04882369039398652,576,49882,0.88849,0.9713039967363977,0.29543,0.4262592029762205,0.30332,False,/data/suehara/part/march/datasets/20250711_ilc_nnqq_sgv_10m_3cat_parquet,val50k_tail,150000,proxy
3,3,480000,,lr_9e-6,1.4e-05,validation_total_reference_mistag_geomean_percent,0.431110540604314,min,1.0283601794589612,1.0283601794589612,0.5908806517928791,0.3145411812964421,0.431110540604314,,0.19670419622011948,0.07609436035082547,3.2656911392726755,0.20024830594382048,0.5367373435809413,0.07208939295926342,2.721881510562004,1.1574351867820394,0.018875902417279652,0.02087515157624402,98,49821,0.011380046119555141,0.013379441607770659,38,49938,0.07869576259898689,0.0805718136939089,1627,49821,0.0190321987992491,0.021026622063315212,100,49938,0.031779961990667085,0.033768594750666334,267,49745,0.011052208867069247,0.013051764749612163,36,49938,0.07201215211276486,0.07391293281488638,1354,49745,0.04689500373970812,0.048851092759525164,578,49938,0.88856,0.9712359300158891,0.29549,0.4262592029762205,0.30287,False,/data/suehara/part/march/datasets/20250711_ilc_nnqq_sgv_10m_3cat_parquet,val50k_tail,150000,proxy
4,4,600000,,lr_14e-6,1.3440000000000002e-05,validation_total_reference_mistag_geomean_percent,0.4269622791974369,min,1.0169064793966518,1.0169064793966518,0.5911791704552646,0.30836131746164885,0.4269622791974369,,0.18851275700022171,0.07632208067109766,3.1926841466724536,0.1968306233081865,0.5315841411812725,0.07230512480224655,2.7000461742668125,1.1769667872709217,0.018451816678091617,0.02044967037287985,94,49864,0.01141409220791911,0.013419461877363793,38,49789,0.07779580935164607,0.07967317086369982,1592,49864,0.018888023921921886,0.020888552918698743,98,49789,0.03159052460372852,0.03357513568770987,265,49851,0.01108527473675957,0.013090805761959855,36,49789,0.07165137420748063,0.07354898930266307,1346,49851,0.04736196413422933,0.0493231223266416,586,49789,0.8884,0.9713573121708552,0.29483,0.4262592029762205,0.30437,False,/data/suehara/part/march/datasets/20250711_ilc_nnqq_sgv_10m_3cat_parquet,val50k_tail,150000,proxy
4,4,600000,,lr_3e-6,8.96e-06,validation_total_reference_mistag_geomean_percent,0.4186035970047417,min,1.017009605277295,1.017009605277295,0.5830312743196999,0.30054815091998477,0.4186035970047417,,0.17226874807914141,0.07226593582093291,3.2009934724003393,0.2047534953623658,0.546557872160534,0.06825116227763593,2.7408271412816596,1.1301590148357514,0.017588748436271163,0.019584931809096016,86,49922,0.01107926826499385,0.013083713898466185,36,49816,0.07785024571098226,0.0797250932341717,1598,49922,0.0192777356476169,0.021276862311492544,102,49816,0.03207015550723384,0.03405755447076671,272,49766,0.010741412691071513,0.012746019505440733,34,49816,0.07224379224017377,0.07414300950982361,1364,49766,0.04638930339178199,0.04835127785892922,563,49816,0.88875,0.9714408900962731,0.29452,0.4186035970047417,0.30305,False,/data/suehara/part/march/datasets/20250711_ilc_nnqq_sgv_10m_3cat_parquet,val50k_tail,150000,proxy
4,4,600000,,lr_6e-6,1.0080000000000002e-05,validation_total_reference_mistag_geomean_percent,0.42391531990967835,min,1.035961969850781,1.035961969850781,0.5943215643451141,0.30236863212618226,0.42391531990967835,,0.17475142665490423,0.07222969324599465,3.2359144235036825,0.2046507839971181,0.553350172394213,0.06821693083934055,2.7968243820813075,1.181757946089687,0.017744700583200032,0.0197462772741913,87,49785,0.011073712517895419,0.013077154206013257,36,49841,0.07837152089467947,0.08025012474186383,1611,49785,0.01926807456714675,0.021266202620214045,102,49841,0.0322386095343203,0.03422127357432022,276,49878,0.010736026268511122,0.012739628975872927,34,49841,0.07288649484647747,0.07477920222829504,1395,49878,0.047434878109890895,0.0493937979770551,589,49841,0.8883,0.9712732796258797,0.29522,0.4186035970047417,0.30301,False,/data/suehara/part/march/datasets/20250711_ilc_nnqq_sgv_10m_3cat_parquet,val50k_tail,150000,proxy
4,4,600000,,lr_9e-6,1.1200000000000001e-05,validation_total_reference_mistag_geomean_percent,0.417188487211281,min,1.0157612929397857,1.0157612929397857,0.5831523258393037,0.2984575832929083,0.417188487211281,,0.1682624935979839,0.07226593582093291,3.1869716195596394,0.2047534953623658,0.546557872160534,0.06825116227763593,2.7528835842261987,1.126144180512994,0.017372273223201163,0.019368617093181644,84,49922,0.01107926826499385,0.013083713898466185,36,49816,0.07768293243837973,0.07955834170161394,1591,49922,0.0192777356476169,0.021276862311492544,102,49816,0.03207015550723384,0.03405755447076671,272,49766,0.010741412691071513,0.012746019505440733,34,49816,0.07240026429406153,0.07429899704890948,1370,49766,0.04630600634743,0.04826814199547398,561,49816,0.88879,0.9714607221842538,0.29441,0.417188487211281,0.30305,False,/data/suehara/part/march/datasets/20250711_ilc_nnqq_sgv_10m_3cat_parquet,val50k_tail,150000,proxy
5,5,720000,,lr_14e-6,1.3440000000000002e-05,validation_total_reference_mistag_geomean_percent,0.42059970875697467,min,1.0306164446532722,1.0306164446532722,0.5745368682688164,0.3079073333265731,0.42059970875697467,,0.17867181540444618,0.07818921714191686,3.308439642185609,0.19447062008756638,0.5380121740688082,0.0641552557188396,2.7241884896842707,1.1588043429347212,0.017948303976181863,0.019948638354517243,89,49812,0.011554390121483514,0.013556066576258673,39,49879,0.07920541586048935,0.08108008955075574,1648,49812,0.018752841369598088,0.020749855378463446,97,49879,0.03179757196476087,0.03378343890315175,268,49813,0.010380397098853704,0.012382636262617968,32,49879,0.07199369116456175,0.07389178453329898,1357,49813,0.04695016862050899,0.04890851648312218,578,49879,0.88881,0.9715738059544128,0.29382,0.417188487211281,0.30124,False,/data/suehara/part/march/datasets/20250711_ilc_nnqq_sgv_10m_3cat_parquet,val50k_tail,150000,proxy
5,5,720000,,lr_3e-6,8.96e-06,validation_total_reference_mistag_geomean_percent,0.41912532292489046,min,1.0262091441643089,1.0262091441643089,0.5718573482651639,0.30718506433433,0.41912532292489046,,0.18082456176752476,0.07615230796246189,3.2267137393206133,0.20040080160320642,0.5458339888766003,0.062124250472662255,2.785358930108682,1.1322645732027206,0.018068509044805756,0.020070364486109528,90,49772,0.011388709705673973,0.013389625426617082,38,49900,0.07827238550574475,0.08015184972068115,1606,49772,0.019046679746902943,0.021042615667962554,100,49900,0.03202778657082801,0.03401258242890417,272,49832,0.01019832946561321,0.012199807422027045,31,49900,0.07277227799596837,0.07466719265871898,1388,49832,0.04639463803626613,0.04835322545819962,565,49900,0.88905,0.9715178288053284,0.29395,0.417188487211281,0.30213,False,/data/suehara/part/march/datasets/20250711_ilc_nnqq_sgv_10m_3cat_parquet,val50k_tail,150000,proxy
5,5,720000,,lr_6e-6,1.0080000000000002e-05,validation_total_reference_mistag_geomean_percent,0.41830424487458706,min,1.0229468271590818,1.0229468271590818,0.5704198091544905,0.3067537951381137,0.41830424487458706,,0.18082456176752476,0.07615230796246189,3.208631422198607,0.20040080160320642,0.5438272790753542,0.062124250472662255,2.787365454570007,1.1242485396228306,0.018068509044805756,0.020070364486109528,90,49772,0.011388709705673973,0.013389625426617082,38,49900,0.07805717265699022,0.07993736346891614,1597,49772,0.019046679746902943,0.021042615667962554,100,49900,0.031967379898991455,0.033952256295773,271,49832,0.01019832946561321,0.012199807422027045,31,49900,0.07279810365415362,0.07469293777819866,1389,49832,0.04622847227904719,0.04818738097839264,561,49900,0.88909,0.9715278760831377,0.29389,0.417188487211281,0.30211,False,/data/suehara/part/march/datasets/20250711_ilc_nnqq_sgv_10m_3cat_parquet,val50k_tail,150000,proxy
5,5,720000,,lr_9e-6,1.1200000000000001e-05,validation_total_reference_mistag_geomean_percent,0.42024122426103316,min,1.0364977844576353,1.0364977844576353,0.5802169760442709,0.3043735255256252,0.42024122426103316,,0.18056336342465573,0.07213850875471955,3.288259378417574,0.20038473526716916,0.5547069768181982,0.06412311638345623,2.7896132282730552,1.1421929683222534,0.01804242908767554,0.020041403373655033,90,49844,0.011059736716536542,0.013060652917080322,36,49904,0.07894353426319417,0.08081781415609363,1639,49844,0.019045154398996345,0.02104093098496168,100,49904,0.03231745614003982,0.034304926969470476,276,49756,0.010375198191184395,0.012376435617639323,32,49904,0.07288190225322039,0.07477954024132441,1388,49756,0.04659777768355362,0.048555810224959126,570,49904,0.88886,0.9713917630471657,0.29474,0.417188487211281,0.30206,False,/data/suehara/part/march/datasets/20250711_ilc_nnqq_sgv_10m_3cat_parquet,val50k_tail,150000,proxy
6,6,840000,,lr_14e-6,1.3440000000000002e-05,validation_total_reference_mistag_geomean_percent,0.419897320884234,min,1.0270284316788394,1.0270284316788394,0.5770333813804366,0.3055520976342167,0.419897320884234,,0.1787866536374147,0.07604258496148349,3.2362394025085104,0.19811094491024822,0.5386718306918665,0.06403586008164572,2.759687947577888,1.1646522290616594,0.01795983285442159,0.019961448464340666,89,49780,0.011372305655147394,0.013370342891901369,38,49972,0.07837926586257704,0.0802580453385382,1611,49780,0.018919340824225972,0.02091249268854757,99,49972,0.03183646208274552,0.0338247372897808,268,49752,0.010361083472927309,0.01235960123811725,32,49972,0.072498477906573,0.07439747141238275,1373,49752,0.04702667090403876,0.048981140229264857,582,49972,0.88887,0.9715075104334542,0.29418,0.417188487211281,0.30136,False,/data/suehara/part/march/datasets/20250711_ilc_nnqq_sgv_10m_3cat_parquet,val50k_tail,150000,proxy
6,6,840000,,lr_3e-6,8.96e-06,validation_total_reference_mistag_geomean_percent,0.4231599599056482,min,1.0312928568993331,1.0312928568993331,0.5806179817992259,0.30840304172540967,0.4231599599056482,,0.18079550906780406,0.07804370199614488,3.2362394025085104,0.19811094491024822,0.544701721035023,0.06403586008164572,2.7737578618498357,1.1746578537454542,0.018065607549130003,0.020067142451996513,90,49780,0.011532893499254687,0.013530850647935987,39,49972,0.07837926586257704,0.0802580453385382,1611,49780,0.018919340824225972,0.02091249268854757,99,49972,0.032018654210253225,0.034006687023529616,271,49752,0.010361083472927309,0.01235960123811725,32,49972,0.0726803921660947,0.07457882008646693,1380,49752,0.04723010402748161,0.0491841729123442,587,49972,0.88883,0.9714675693259376,0.2944,0.417188487211281,0.30146,False,/data/suehara/part/march/datasets/20250711_ilc_nnqq_sgv_10m_3cat_parquet,val50k_tail,150000,proxy
6,6,840000,,lr_6e-6,1.0080000000000002e-05,validation_total_reference_mistag_geomean_percent,0.4232366861568898,min,1.032671213625436,1.032671213625436,0.5847984636511658,0.3063094444377966,0.4232366861568898,,0.17461113214174878,0.07808433355850572,3.257400955782954,0.19821407713133515,0.54692053428902,0.06607135771155659,2.772806685097465,1.1672606332909017,0.017730465557216087,0.01973044102628898,87,49825,0.011538895248241251,0.013537890810293923,39,49946,0.07859475870039476,0.08047099195599774,1623,49825,0.0189291811163207,0.0209233663898628,99,49946,0.032091382039613287,0.034080085117758285,272,49733,0.01054127593948655,0.012540752530390283,33,49946,0.07268181191600435,0.07458100334286517,1379,49733,0.04709179520720509,0.049047177486761726,583,49946,0.88884,0.9714817260570404,0.29439,0.417188487211281,0.30144,False,/data/suehara/part/march/datasets/20250711_ilc_nnqq_sgv_10m_3cat_parquet,val50k_tail,150000,proxy
6,6,840000,,lr_9e-6,1.1200000000000001e-05,validation_total_reference_mistag_geomean_percent,0.41884820572623405,min,1.0296772855888026,1.0296772855888026,0.5784467506702531,0.30328430272416335,0.41884820572623405,,0.16663320577512614,0.07807651193182945,3.248343697127241,0.20019618835450562,0.534748624247867,0.06406278152589538,2.7621977292033835,1.1831595465445714,0.017301856776588773,0.01930275484303256,83,49810,0.011537740580660398,0.01353653636401304,39,49951,0.07849934152817581,0.08037650345200445,1618,49810,0.019027249844518833,0.021021156146878342,100,49951,0.031720149234438534,0.033708941908616556,266,49743,0.010365438329602319,0.012364795200937764,32,49951,0.07253743932245857,0.07443667550386043,1374,49743,0.04741201800571599,0.049366567993852466,591,49951,0.88867,0.9714407772691421,0.29452,0.417188487211281,0.3015,False,/data/suehara/part/march/datasets/20250711_ilc_nnqq_sgv_10m_3cat_parquet,val50k_tail,150000,proxy
7,7,960000,,lr_14e-6,1.3440000000000002e-05,validation_total_reference_mistag_geomean_percent,0.41323490382257194,min,1.010464111624999,1.010464111624999,0.5768049463430398,0.2960499677055358,0.41323490382257194,,0.17280179484364253,0.07204322663953085,3.1787494854042766,0.19411646087209758,0.5425391022044128,0.06603962345161186,2.7227423519465224,1.1346808476378967,0.017643134300495744,0.01964547303342772,86,49768,0.011045133187516962,0.013043410459297189,36,49970,0.07770314051431561,0.07958468326593887,1582,49768,0.018718719193037362,0.020712110701316892,97,49970,0.031949069791261095,0.03393663025972786,270,49766,0.010536214373329697,0.012534731928560788,33,49970,0.07200838183271767,0.07390832587456965,1355,49766,0.046412736203222185,0.04836848330420154,567,49970,0.88943,0.971657454332087,0.29318,0.41323490382257194,0.30168,False,/data/suehara/part/march/datasets/20250711_ilc_nnqq_sgv_10m_3cat_parquet,val50k_tail,150000,proxy
7,7,960000,,lr_3e-6,8.96e-06,validation_total_reference_mistag_geomean_percent,0.413927486776303,min,1.0094574158969767,1.0094574158969767,0.5775266165720827,0.29667197907849424,0.413927486776303,,0.17481112897324816,0.07204322663953085,3.1687028702831603,0.19411646087209758,0.5445484703893044,0.06603962345161186,2.7167143575033346,1.1386831890635263,0.017750757393098577,0.019753015380053765,87,49768,0.011045133187516962,0.013043410459297189,36,49970,0.07758265435695612,0.07946460083846363,1577,49768,0.018718719193037362,0.020712110701316892,97,49970,0.03200966933557371,0.033997149051573625,271,49766,0.010536214373329697,0.012534731928560788,33,49970,0.07192972320210836,0.07382990950136128,1352,49766,0.04649532631334462,0.048450913225356676,569,49970,0.88935,0.9716206251310134,0.2934,0.41323490382257194,0.30177,False,/data/suehara/part/march/datasets/20250711_ilc_nnqq_sgv_10m_3cat_parquet,val50k_tail,150000,proxy
7,7,960000,,lr_6e-6,1.0080000000000002e-05,validation_total_reference_mistag_geomean_percent,0.41318974763544275,min,1.009709607390292,1.009709607390292,0.5769526140179272,0.29590951388901415,0.41318974763544275,,0.17280179484364253,0.07204322663953085,3.1727214506476815,0.19411646087209758,0.5425391022044128,0.06603962345161186,2.720733156548228,1.1366820439151322,0.017643134300495744,0.01964547303342772,86,49768,0.011045133187516962,0.013043410459297189,36,49970,0.0776308740141899,0.07951265900374496,1579,49768,0.018718719193037362,0.020712110701316892,97,49970,0.031949069791261095,0.03393663025972786,270,49766,0.010536214373329697,0.012534731928560788,33,49970,0.07198217279866179,0.07388219759298098,1354,49766,0.04645405004434933,0.048409717050845215,568,49970,0.88941,0.9716300991198432,0.29333,0.41318974763544275,0.30175,False,/data/suehara/part/march/datasets/20250711_ilc_nnqq_sgv_10m_3cat_parquet,val50k_tail,150000,proxy
7,7,960000,,lr_9e-6,1.1200000000000001e-05,validation_total_reference_mistag_geomean_percent,0.41312429290382924,min,1.0092072848447269,1.0092072848447269,0.5769526140179272,0.2958157693380097,0.41312429290382924,,0.17280179484364253,0.07204322663953085,3.1687028702831603,0.19411646087209758,0.5425391022044128,0.06603962345161186,2.720733156548228,1.1366820439151322,0.017643134300495744,0.01964547303342772,86,49768,0.011045133187516962,0.013043410459297189,36,49970,0.07758265435695612,0.07946460083846363,1577,49768,0.018718719193037362,0.020712110701316892,97,49970,0.031949069791261095,0.03393663025972786,270,49766,0.010536214373329697,0.012534731928560788,33,49970,0.07198217279866179,0.07388219759298098,1354,49766,0.04645405004434933,0.048409717050845215,568,49970,0.88943,0.9716396443599745,0.29328,0.41312429290382924,0.30173,False,/data/suehara/part/march/datasets/20250711_ilc_nnqq_sgv_10m_3cat_parquet,val50k_tail,150000,proxy
8,8,1080000,,lr_14e-6,1.3440000000000002e-05,validation_total_reference_mistag_geomean_percent,0.4246527180897871,min,1.0179707420354442,1.0179707420354442,0.5824916639609098,0.30958371104371013,0.4246527180897871,,0.18271625149758963,0.07604562737642585,3.238695732613387,0.20412247921850893,0.5348884186814286,0.07004202778168468,2.6985722100510037,1.1386831890635263,0.018162045414182044,0.02016253868804248,91,49804,0.011372760685089245,0.013370877767902238,38,49970,0.07838972793063892,0.08026750342759459,1613,49804,0.019218376890235613,0.021211367926097114,102,49970,0.03172842092130776,0.03371772785672632,266,49730,0.010877922382563156,0.012876279748827012,35,49970,0.07171803136290789,0.07362032279921993,1342,49730,0.04649532631334462,0.048450913225356676,569,49970,0.88909,0.9715267866265123,0.29406,0.41312429290382924,0.302,False,/data/suehara/part/march/datasets/20250711_ilc_nnqq_sgv_10m_3cat_parquet,val50k_tail,150000,proxy
8,8,1080000,,lr_3e-6,8.96e-06,validation_total_reference_mistag_geomean_percent,0.41227820270940224,min,1.0152191033433149,1.0152191033433149,0.5807611284546065,0.2926733696547331,0.41227820270940224,,0.1764906370769083,0.06618266285685478,3.228976636097952,0.19453691333181033,0.5242964306866055,0.07019373625440499,2.727948379770741,1.1331274306712436,0.017824479501402243,0.01982293561451475,88,49861,0.010559029782623462,0.012561870258962524,33,49862,0.07823018711971136,0.0801062058692667,1610,49861,0.018759229637552645,0.020756921837303828,97,49862,0.03138902854674906,0.03337672303799829,261,49781,0.010901477323150882,0.012904156915846557,35,49862,0.07206551724798851,0.07396467965954043,1358,49781,0.046429805342575355,0.04838985076977744,565,49862,0.88907,0.9716192800594543,0.29357,0.41227820270940224,0.30217,False,/data/suehara/part/march/datasets/20250711_ilc_nnqq_sgv_10m_3cat_parquet,val50k_tail,150000,proxy
8,8,1080000,,lr_6e-6,1.0080000000000002e-05,validation_total_reference_mistag_geomean_percent,0.42136018287063776,min,1.0192274314180776,1.0192274314180776,0.5821688959258373,0.3049706106789235,0.42136018287063776,,0.18651103134658029,0.07429122031400555,3.172693227370337,0.196771347766635,0.525713819994035,0.06826761103528599,2.7770532920408244,1.1525179014769185,0.01834887637298733,0.020346850420787363,93,49863,0.011247401706882995,0.013252248962315652,37,49804,0.0775574349106592,0.07943563589015157,1582,49863,0.01888234002879682,0.020882268897638636,98,49804,0.03141540404723786,0.03340080820362157,262,49837,0.010744000094181432,0.012749089237479229,34,49804,0.07266168343186136,0.07455674129159054,1384,49837,0.046855953209509055,0.04881750253708482,574,49804,0.88895,0.9715479786044064,0.29384,0.41227820270940224,0.30241,False,/data/suehara/part/march/datasets/20250711_ilc_nnqq_sgv_10m_3cat_parquet,val50k_tail,150000,proxy
8,8,1080000,,lr_9e-6,1.1200000000000001e-05,validation_total_reference_mistag_geomean_percent,0.4146379061026007,min,0.99627744383047,0.99627744383047,0.5674183168930789,0.3029944364829971,0.4146379061026007,,0.17849979550530018,0.07625622164943176,3.116726856599343,0.1986675186185623,0.5179474939579641,0.06622251022115991,2.694130053562155,1.1217691005298431,0.0179310383846601,0.019929453988060054,89,49860,0.011404245932918175,0.01340788784807875,38,49832,0.0768857687650875,0.07876632764536907,1554,49860,0.018972448124430077,0.020971177178555733,99,49832,0.031184042372738464,0.03317075477783224,258,49812,0.01056538494263508,0.012569429551323095,33,49832,0.07160153888289833,0.0735008772111051,1342,49812,0.04620779366296384,0.048169474912564646,559,49832,0.88954,0.9719263942034031,0.29186,0.41227820270940224,0.30015,False,/data/suehara/part/march/datasets/20250711_ilc_nnqq_sgv_10m_3cat_parquet,val50k_tail,150000,proxy
9,9,1200000,,lr_14e-6,1.0752e-05,validation_total_reference_mistag_geomean_percent,0.41231042469894713,min,1.001691884895809,1.001691884895809,0.5689015076496419,0.29882129688452264,0.41231042469894713,,0.17457609835419619,0.07018810703994767,3.15039625717388,0.20655356228622418,0.5059936185631467,0.0661773538542371,2.6665060860592704,1.173143995835568,0.01772691036860119,0.019726485932405155,87,49835,0.010900603098959407,0.012903122275805055,35,49866,0.07731117243414201,0.07919132347725052,1570,49835,0.01935707402133467,0.021354124031820527,103,49866,0.030815290261297906,0.03280284171841624,252,49803,0.010558183005557895,0.012560863040237649,33,49866,0.07124474479301146,0.07314553565182791,1328,49803,0.047248503873611666,0.049206787146076694,585,49866,0.88911,0.9716002888657278,0.2935,0.41227820270940224,0.30155,False,/data/suehara/part/march/datasets/20250711_ilc_nnqq_sgv_10m_3cat_parquet,val50k_tail,150000,proxy
9,9,1200000,,lr_3e-6,7.168000000000001e-06,validation_total_reference_mistag_geomean_percent,0.42122922772673804,min,1.0285269346484571,1.0285269346484571,0.5710427546598282,0.31071940033099993,0.42122922772673804,,0.1886981726429342,0.07220071516782613,3.2801365138601923,0.20857985811630134,0.523801869960527,0.06417841599647019,2.73340291687825,1.1572170145651555,0.018469951933729384,0.020469763312271287,94,49815,0.011069271930380372,0.013071911186006034,36,49861,0.07887068999955296,0.08074638710469581,1634,49815,0.019457194713149967,0.021454363705489296,104,49861,0.03135949202119148,0.03334533151712919,261,49828,0.010384143539720779,0.012387104575539775,32,49861,0.07210293734882661,0.07400008949291909,1362,49828,0.046925993966352546,0.048885112450832054,577,49861,0.88914,0.9715249257098059,0.29412,0.41227820270940224,0.30271,False,/data/suehara/part/march/datasets/20250711_ilc_nnqq_sgv_10m_3cat_parquet,val50k_tail,150000,proxy
9,9,1200000,,lr_6e-6,8.064000000000001e-06,validation_total_reference_mistag_geomean_percent,0.41525087622491325,min,1.0143454084063754,1.0143454084063754,0.5770636150195116,0.2988115793779996,0.41525087622491325,,0.17662170668270175,0.07031783800116052,3.227360269737902,0.198899026391451,0.5229832196250219,0.06830875624530648,2.701078044859014,1.1491944057084464,0.01783770624278916,0.019837641146616052,88,49824,0.01092074579496147,0.01292696105014493,35,49774,0.07823969274206727,0.08011716949838377,1608,49824,0.01899453716711788,0.020995585925587517,99,49774,0.03131059643833181,0.03329336505963022,261,49906,0.010750474058735719,0.012756770040430333,34,49774,0.07162589475138426,0.07352137722772337,1348,49906,0.04680150456063282,0.048764369679327006,572,49774,0.88903,0.9715276551128994,0.29376,0.41227820270940224,0.29953,False,/data/suehara/part/march/datasets/20250711_ilc_nnqq_sgv_10m_3cat_parquet,val50k_tail,150000,proxy
9,9,1200000,,lr_9e-6,8.96e-06,validation_total_reference_mistag_geomean_percent,0.4236223394974012,min,1.0285478042622387,1.0285478042622387,0.5768807587038359,0.31107968815680687,0.4236223394974012,,0.1886906099357169,0.0741988525625686,3.269968014951761,0.20454818839582298,0.5278898558331322,0.0661773538542371,2.7398084943427903,1.157101064221881,0.01846921102142149,0.020468942419405195,94,49817,0.011233421495778027,0.013235779814789569,37,49866,0.07874933202045159,0.08062536204641729,1629,49817,0.01925842316515779,0.02125555360456073,102,49866,0.03148693094518441,0.0334728853490362,263,49821,0.010558183005557895,0.012560863040237649,33,49866,0.0721911934624387,0.07408835501699317,1365,49821,0.0469213146277991,0.04888024133160047,577,49866,0.88908,0.9715110863377655,0.29417,0.41227820270940224,0.29985,False,/data/suehara/part/march/datasets/20250711_ilc_nnqq_sgv_10m_3cat_parquet,val50k_tail,150000,proxy
10,10,1320000,,lr_14e-6,1.0752e-05,validation_total_reference_mistag_geomean_percent,0.4229018959734365,min,1.0068699928723328,1.0068699928723328,0.5714938050477392,0.3129447984182219,0.4229018959734365,,0.1786180150615193,0.07807026171072985,3.21111051293137,0.2141927678695683,0.5410080038409455,0.06806125779065447,2.6849280778209623,1.0789710459529118,0.01794290490816622,0.0199426392736498,89,49827,0.011536817012966624,0.013535453002107593,39,49955,0.07804412220459855,0.07992213816180593,1600,49827,0.01971180314943185,0.02170498944242985,107,49955,0.03191650488386369,0.03390588573359077,269,49722,0.010711532507803424,0.01271056920989608,34,49955,0.07154461052203236,0.073447756824516,1335,49722,0.045253798064791816,0.047212362758763775,539,49955,0.88944,0.9717686290353326,0.29285,0.41227820270940224,0.30209,False,/data/suehara/part/march/datasets/20250711_ilc_nnqq_sgv_10m_3cat_parquet,val50k_tail,150000,proxy
10,10,1320000,,lr_3e-6,7.168000000000001e-06,validation_total_reference_mistag_geomean_percent,0.4230029584940574,min,1.0081278283943675,1.0081278283943675,0.5738332692707289,0.311817931229615,0.4230029584940574,,0.17661108297066655,0.07807026171072985,3.2010757521418025,0.2141927678695683,0.5450303735340916,0.06806125779065447,2.6990064772490117,1.0829746538884162,0.01783663307305982,0.019836447993413227,88,49827,0.011536817012966624,0.013535453002107593,39,49955,0.077924520234008,0.07980293896556537,1595,49827,0.01971180314943185,0.02170498944242985,107,49955,0.03203792450799944,0.03402714356683109,271,49722,0.010711532507803424,0.01271056920989608,34,49955,0.07172941677490302,0.07363199680925289,1342,49722,0.045338597424958785,0.04729700183374978,541,49955,0.8895,0.9717460369381672,0.29298,0.41227820270940224,0.30213,False,/data/suehara/part/march/datasets/20250711_ilc_nnqq_sgv_10m_3cat_parquet,val50k_tail,150000,proxy
10,10,1320000,,lr_6e-6,8.064000000000001e-06,validation_total_reference_mistag_geomean_percent,0.4295031905470221,min,1.0230382498355992,1.0230382498355992,0.5764005847378868,0.3200430318334237,0.4295031905470221,,0.18673574430332887,0.08030515960650472,3.2568319561727104,0.21481630708033053,0.529153545686445,0.06825938566552901,2.7279469603793967,1.1202569397905484,0.018370964443598307,0.020371336472398853,93,49803,0.011729456833333145,0.013733821123967482,40,49810,0.07860518643414763,0.08048227133023098,1622,49803,0.019769132060304503,0.021768095489990834,107,49810,0.03150411790602972,0.03348723529740501,264,49891,0.010742706236831158,0.012747554186654865,34,49810,0.07198704298481476,0.07388201825442448,1361,49891,0.046186305866630604,0.0481489142472492,558,49810,0.88929,0.9716305385474913,0.29357,0.41227820270940224,0.30078,False,/data/suehara/part/march/datasets/20250711_ilc_nnqq_sgv_10m_3cat_parquet,val50k_tail,150000,proxy
10,10,1320000,,lr_9e-6,8.96e-06,validation_total_reference_mistag_geomean_percent,0.42145456812702536,min,1.0239966997060916,1.0239966997060916,0.574799240802257,0.3090191155214901,0.42145456812702536,,0.18043665361812164,0.0762088125184138,3.273922835687962,0.20255500690039532,0.5425826723256344,0.06618133686300463,2.7410475276000996,1.1090387521351017,0.01802977850596575,0.020027355223820216,90,49879,0.01139715798706139,0.013399556157599461,38,49863,0.07874753738095694,0.0806210769602099,1633,49879,0.019160437628749374,0.021157768167787486,101,49863,0.031951631549645074,0.033939350027484966,270,49762,0.010558818075623755,0.012561618439137993,33,49863,0.07224952080494285,0.07414888188102056,1364,49762,0.04592817061269301,0.047889142906683974,553,49863,0.8892,0.9716261981836922,0.29357,0.41227820270940224,0.30067,False,/data/suehara/part/march/datasets/20250711_ilc_nnqq_sgv_10m_3cat_parquet,val50k_tail,150000,proxy
11,11,1440000,,lr_14e-6,1.0752e-05,validation_total_reference_mistag_geomean_percent,0.4230494677326054,min,1.0199565437670757,1.0199565437670757,0.5723451280793104,0.3126974326652092,0.4230494677326054,,0.18440569793797423,0.07621186824947702,3.293245231720249,0.20657427939663012,0.53062128339003,0.06818956699624958,2.7033546186347124,1.097049803811284,0.01823514171701273,0.020232118899569766,92,49890,0.011397615008004455,0.013400093373533472,38,49861,0.07896609845374908,0.08083845037536591,1643,49890,0.019359013393910114,0.02135626283129781,103,49861,0.03159128850914322,0.0335798473679658,264,49753,0.01073172101847561,0.012734521164197939,34,49861,0.07176431387847827,0.0736655336971228,1345,49753,0.04567753441867793,0.04763906625460737,547,49861,0.88942,0.9716819277619809,0.29331,0.41227820270940224,0.30126,False,/data/suehara/part/march/datasets/20250711_ilc_nnqq_sgv_10m_3cat_parquet,val50k_tail,150000,proxy
11,11,1440000,,lr_3e-6,7.168000000000001e-06,validation_total_reference_mistag_geomean_percent,0.4280456956244324,min,1.0347031117165704,1.0347031117165704,0.5891715597617969,0.3109843211316609,0.4280456956244324,,0.17894841809663936,0.07799532218485158,3.253242256184761,0.20598763458140626,0.5626331119751156,0.0659960399153588,2.754892792125419,1.1779293186690096,0.01797607042051334,0.01997949054168668,89,49735,0.011525745722545217,0.013522466172098018,39,50003,0.0786158003617296,0.08049559599533213,1618,49735,0.019304085983531234,0.02129568714980827,103,50003,0.03255003677148623,0.03453678971528382,280,49766,0.010529262651381337,0.01252646303374124,33,50003,0.07242630675970661,0.07432495876208804,1371,49766,0.047282059278141476,0.0492347858870432,589,50003,0.88888,0.9715694369789257,0.29392,0.41227820270940224,0.30059,False,/data/suehara/part/march/datasets/20250711_ilc_nnqq_sgv_10m_3cat_parquet,val50k_tail,150000,proxy
11,11,1440000,,lr_6e-6,8.064000000000001e-06,validation_total_reference_mistag_geomean_percent,0.41757597986056005,min,1.0253685333093963,1.0253685333093963,0.5769078865477636,0.30224876972984555,0.41757597986056005,,0.18466109211978174,0.07208361417667877,3.2616768276788637,0.19222297113781006,0.5247180589210917,0.06607664972027524,2.7321525592199674,1.1693564935007004,0.01826037667102816,0.020260109275632925,92,49821,0.011051323911391348,0.013050719878113595,36,49942,0.07864838064777016,0.08052459289123806,1625,49821,0.018627678406076355,0.020622263313724885,96,49942,0.03141420987620748,0.03340348581849194,261,49741,0.010542120006687427,0.01254175652636336,33,49942,0.07214886866944992,0.07404938925365603,1359,49741,0.047136292629153254,0.049091747589669055,584,49942,0.88892,0.9717133632594042,0.29334,0.41227820270940224,0.30058,False,/data/suehara/part/march/datasets/20250711_ilc_nnqq_sgv_10m_3cat_parquet,val50k_tail,150000,proxy
11,11,1440000,,lr_9e-6,8.96e-06,validation_total_reference_mistag_geomean_percent,0.4196751510922159,min,0.9996000218331391,0.9996000218331391,0.5796252151664575,0.30386399320756574,0.4196751510922159,,0.18282637252569545,0.07423308936333708,3.1000121212479566,0.20263627518312893,0.5392186184448213,0.06821419289877928,2.6880749589652866,1.1415845460361091,0.018172983564990156,0.020174678135549032,91,49774,0.011238603646314512,0.013241884559086016,37,49843,0.07674860801557375,0.07863308769193791,1543,49774,0.019168119229515244,0.021166247939975347,101,49843,0.03181120289083217,0.03379407578074116,269,49887,0.010735595588071287,0.012739118010326143,34,49843,0.07146903641565734,0.07336576207915939,1341,49887,0.04661315418401316,0.04857360741507121,569,49843,0.88933,0.9716171568264546,0.29322,0.41227820270940224,0.30074,False,/data/suehara/part/march/datasets/20250711_ilc_nnqq_sgv_10m_3cat_parquet,val50k_tail,150000,proxy
12,12,1560000,,lr_14e-6,1.0752e-05,validation_total_reference_mistag_geomean_percent,0.4092710531048823,min,1.0185325102261389,1.0185325102261389,0.5612766398683543,0.2984317946117741,0.4092710531048823,,0.17890525359470272,0.07219203009505254,3.190142180279347,0.1925120745984289,0.5431950104567692,0.05614935893978057,2.717979647294281,1.197184526550749,0.017971737532738768,0.01997467613285861,89,49747,0.01106794044851019,0.013070339099717304,36,49867,0.07785574796824943,0.07973762695356948,1587,49747,0.018655671290361966,0.020653244400086077,96,49867,0.03193030859215927,0.03391290284647103,271,49890,0.00965379644198677,0.01165683849872495,28,49867,0.07185794231777988,0.07375335513552135,1356,49890,0.04773402509581706,0.049691304934158104,597,49867,0.88879,0.9717135622726243,0.29312,0.4092710531048823,0.30222,False,/data/suehara/part/march/datasets/20250711_ilc_nnqq_sgv_10m_3cat_parquet,val50k_tail,150000,proxy
12,12,1560000,,lr_3e-6,7.168000000000001e-06,validation_total_reference_mistag_geomean_percent,0.4107976166834009,min,0.9997983062979647,0.9997983062979647,0.5812383898141095,0.29033643480901733,0.4107976166834009,,0.17682044166905805,0.0661481722287816,3.1244975391411423,0.19443554059524285,0.5155673230888034,0.07015715047552623,2.6681111335706444,1.1826491496145193,0.017857762475023752,0.019859939716002084,88,49768,0.010553528158299762,0.01255532622312746,33,49888,0.07705000252501495,0.07893372541801329,1555,49768,0.018749461106512978,0.020746116259528612,97,49888,0.03109954362326443,0.03308491675714205,257,49848,0.010895797371119936,0.01289743471995352,35,49888,0.07123415125118993,0.07313316182080559,1330,49848,0.04743101480627655,0.04938805346674027,590,49888,0.88909,0.9717257337506996,0.2929,0.4092710531048823,0.29914,False,/data/suehara/part/march/datasets/20250711_ilc_nnqq_sgv_10m_3cat_parquet,val50k_tail,150000,proxy
12,12,1560000,,lr_6e-6,8.064000000000001e-06,validation_total_reference_mistag_geomean_percent,0.41524259391471313,min,1.0273555029546002,1.0273555029546002,0.5733552194940331,0.3007322614995638,0.41524259391471313,,0.18661956831012017,0.06816222509726139,3.27286601504991,0.19646758854381952,0.5322460578983265,0.06415268338645977,2.7455863545162553,1.1527435308346494,0.018359545637990388,0.02035867799167774,93,49834,0.010727419219949089,0.01272941744672034,34,49881,0.07877021148192317,0.08064548524876133,1631,49834,0.018853216479566143,0.02085007035098783,98,49881,0.03162976691564474,0.0336168227068296,265,49789,0.010379980994510991,0.012382139982386908,32,49881,0.07228911862609787,0.07418726739595073,1367,49789,0.04682514321423508,0.048783655562192364,575,49881,0.88879,0.971533391304812,0.29396,0.4092710531048823,0.30201,False,/data/suehara/part/march/datasets/20250711_ilc_nnqq_sgv_10m_3cat_parquet,val50k_tail,150000,proxy
12,12,1560000,,lr_9e-6,8.96e-06,validation_total_reference_mistag_geomean_percent,0.41658259924980795,min,1.0278571723733267,1.0278571723733267,0.5739739345096323,0.30235007473987263,0.41658259924980795,,0.1886262428102363,0.06816222509726139,3.2748725328348933,0.19847236604826365,0.5362630104291274,0.06415268338645977,2.7415695460551346,1.1507387723252382,0.01846291566597899,0.020461967487425226,94,49834,0.010727419219949089,0.01272941744672034,34,49881,0.07879385248249354,0.08066904571708972,1632,49834,0.01895382668831,0.020950600179179275,99,49881,0.03175194614941906,0.03373884058484825,267,49789,0.010379980994510991,0.012382139982386908,32,49881,0.07223696365495809,0.0741352737805668,1365,49789,0.04678401831924566,0.04874261104775516,574,49881,0.88879,0.971538183872541,0.29394,0.4092710531048823,0.302,False,/data/suehara/part/march/datasets/20250711_ilc_nnqq_sgv_10m_3cat_parquet,val50k_tail,150000,proxy
13,13,1680000,,lr_14e-6,1.2902399999999999e-05,validation_total_reference_mistag_geomean_percent,0.41252270587544787,min,0.9978748492197531,0.9978748492197531,0.5730222515545726,0.2969779662153214,0.41252270587544787,,0.17867898603601476,0.07021062931676024,3.153985196323679,0.19658977219632195,0.5296525327123235,0.06820461183733001,2.6663189472564306,1.119358118079164,0.01794902409742111,0.01994943850467557,89,49810,0.010904100837276998,0.012907261831764756,35,49850,0.07737352116849519,0.0792544717559733,1571,49810,0.018864930734482293,0.02086302145405429,98,49850,0.031533752374564905,0.03351871967255471,264,49844,0.010734088478605339,0.012737329953647328,34,49850,0.07121335721814864,0.07311259208964971,1329,49844,0.04614944248052342,0.048110512145155444,558,49850,0.88931,0.9718140333741202,0.29246,0.4092710531048823,0.29943,False,/data/suehara/part/march/datasets/20250711_ilc_nnqq_sgv_10m_3cat_parquet,val50k_tail,150000,proxy
13,13,1680000,,lr_3e-6,8.6016e-06,validation_total_reference_mistag_geomean_percent,0.413407600626292,min,0.9983763522736557,0.9983763522736557,0.5739693471233843,0.2977612743818681,0.413407600626292,,0.1806866046865147,0.07021062931676024,3.1519775519713957,0.19658977219632195,0.5316587898645728,0.06820461183733001,2.664312789248187,1.1233700690681638,0.018054735234737447,0.020055069032126942,90,49810,0.010904100837276998,0.012907261831764756,35,49850,0.07734936743773423,0.07923039863507869,1570,49810,0.018864930734482293,0.02086302145405429,98,49850,0.03159495031039433,0.03357983710845329,265,49844,0.010734088478605339,0.012737329953647328,34,49850,0.07118691104702202,0.07308622641845411,1328,49844,0.046232914126899394,0.04819382283042274,560,49850,0.88931,0.971789946078241,0.29259,0.4092710531048823,0.29948,False,/data/suehara/part/march/datasets/20250711_ilc_nnqq_sgv_10m_3cat_parquet,val50k_tail,150000,proxy
13,13,1680000,,lr_6e-6,9.6768e-06,validation_total_reference_mistag_geomean_percent,0.4131239757549987,min,0.9971219937250908,0.9971219937250908,0.5734561975942949,0.29761892897766234,0.4131239757549987,,0.1806866046865147,0.07021062931676024,3.1459546345718747,0.19658977219632195,0.5316587898645728,0.06820461183733001,2.664312789248187,1.119358118079164,0.018054735234737447,0.020055069032126942,90,49810,0.010904100837276998,0.012907261831764756,35,49850,0.07727685543537574,0.07915812846231371,1567,49810,0.018864930734482293,0.02086302145405429,98,49850,0.03159495031039433,0.03357983710845329,265,49844,0.010734088478605339,0.012737329953647328,34,49850,0.07118691104702202,0.07308622641845411,1328,49844,0.04614944248052342,0.048110512145155444,558,49850,0.88927,0.9717962233599172,0.29257,0.4092710531048823,0.29947,False,/data/suehara/part/march/datasets/20250711_ilc_nnqq_sgv_10m_3cat_parquet,val50k_tail,150000,proxy
13,13,1680000,,lr_9e-6,1.0752e-05,validation_total_reference_mistag_geomean_percent,0.4265289517029082,min,1.0182824139270288,1.0182824139270288,0.5802386468527838,0.3135381409486495,0.4265289517029082,,0.18264656930124087,0.08020693231884096,3.2254178835828196,0.2045276841715059,0.5239911694823116,0.07018106577898585,2.7303754266211606,1.128912580159365,0.01815512472640743,0.020154857924510626,91,49823,0.011715114410367301,0.013717031039582519,40,49871,0.07821739778803571,0.08009499019411975,1607,49823,0.01925649404489803,0.021253425081093964,102,49871,0.031370797312000286,0.033357346822492605,261,49810,0.010899510515875711,0.012901829209044108,35,49871,0.07207640391923842,0.07397436318821032,1360,49810,0.0463384173184778,0.048298278058192014,563,49871,0.88924,0.9717263745682416,0.2932,0.4092710531048823,0.30057,False,/data/suehara/part/march/datasets/20250711_ilc_nnqq_sgv_10m_3cat_parquet,val50k_tail,150000,proxy
14,14,1800000,,lr_14e-6,1.2902399999999999e-05,validation_total_reference_mistag_geomean_percent,0.40959262311398636,min,0.998245636984529,0.998245636984529,0.5702014378286071,0.29422254273554416,0.40959262311398636,,0.1749024953816411,0.07009813824923909,3.1462346066963702,0.1942719881349901,0.5137261197624017,0.0680953331338907,2.6990690032294844,1.1195674112882141,0.017760028751247974,0.019763329617826834,87,49742,0.010886634556513076,0.01288659057031643,35,49930,0.07733239607587948,0.07921622959736405,1565,49742,0.018733702644589657,0.020728684840789484,97,49930,0.031047332042168606,0.0330334165195326,256,49832,0.010716894374504776,0.0127169306111727,34,49930,0.07165205888081533,0.07355043670790248,1345,49832,0.04611758124627233,0.04807550047903897,559,49930,0.88954,0.9718340875895576,0.29225,0.4092710531048823,0.30139,False,/data/suehara/part/march/datasets/20250711_ilc_nnqq_sgv_10m_3cat_parquet,val50k_tail,150000,proxy
14,14,1800000,,lr_3e-6,8.6016e-06,validation_total_reference_mistag_geomean_percent,0.4121143449886661,min,1.0016660587439477,1.0016660587439477,0.5713050580810591,0.29728116519027903,0.4121143449886661,,0.17241725860557752,0.07236471675909245,3.1776900325467636,0.19699284127485775,0.5192774297668877,0.06834445404611349,2.690619044373701,1.115622692578588,0.017603900330527424,0.019601798596375654,86,49879,0.011094408139172103,0.013101589601385247,36,49748,0.07760498717676138,0.07948238533193944,1585,49879,0.018903577370060157,0.020905748555654583,98,49748,0.03120537293131928,0.03318944296530398,259,49877,0.010756091142244645,0.012763434226284193,34,49748,0.07150946574928443,0.0734064696819782,1342,49877,0.04611780976799731,0.04808305036625663,555,49748,0.88921,0.9717896446884478,0.29248,0.4092710531048823,0.30236,False,/data/suehara/part/march/datasets/20250711_ilc_nnqq_sgv_10m_3cat_parquet,val50k_tail,150000,proxy
14,14,1800000,,lr_6e-6,9.6768e-06,validation_total_reference_mistag_geomean_percent,0.4106972215795454,min,1.0013282461275628,1.0013282461275628,0.5687037481557867,0.2965906385532619,0.4106972215795454,,0.18099911422674692,0.07007568207881153,3.1413401133029364,0.19420974272898828,0.51571216059599,0.06607135771155659,2.70899386915286,1.1332239292226127,0.018085937609961262,0.02008971843992138,90,49724,0.010883148012841607,0.012882464260794986,35,49946,0.07728719341095307,0.07917190572074156,1562,49724,0.018727706386442416,0.02072205200293485,97,49946,0.031108259887648385,0.03309418495379135,257,49834,0.01054127593948655,0.012540752530390283,33,49946,0.07178046381743838,0.07367836714403178,1350,49834,0.04639354713641165,0.048350292331046305,566,49946,0.8895,0.9717659653780405,0.29258,0.4092710531048823,0.30143,False,/data/suehara/part/march/datasets/20250711_ilc_nnqq_sgv_10m_3cat_parquet,val50k_tail,150000,proxy
14,14,1800000,,lr_9e-6,1.0752e-05,validation_total_reference_mistag_geomean_percent,0.4150715955524543,min,1.0168366763578407,1.0168366763578407,0.5710611119052849,0.3016917556505494,0.4150715955524543,,0.1844426705146259,0.07007427942050487,3.233761065538482,0.19821010852197007,0.5173420415875555,0.06607003617399002,2.721581404243563,1.1432118048620343,0.018238794634218496,0.020236170682718345,92,49880,0.010882930178009686,0.012882206454187478,35,49947,0.0782722117367872,0.08014732406306582,1613,49880,0.018928802454272496,0.020922947961491637,99,49947,0.03120634223460336,0.03319847790715412,257,49677,0.010541064943805044,0.012540501556512805,33,49947,0.07205685990153525,0.07396025450615122,1352,49677,0.04659909857377756,0.04855540465992653,571,49947,0.88928,0.9717199113599295,0.29321,0.4092710531048823,0.30228,False,/data/suehara/part/march/datasets/20250711_ilc_nnqq_sgv_10m_3cat_parquet,val50k_tail,150000,proxy
15,15,1920000,,lr_14e-6,1.2902399999999999e-05,validation_total_reference_mistag_geomean_percent,0.4267221670027027,min,1.025369149137565,1.025369149137565,0.5747693441117712,0.31680848966098035,0.4267221670027027,,0.18666451564978712,0.08018281525270556,3.2917184796144223,0.20446618339733094,0.5140975178729216,0.06815539163059778,2.7070448802480853,1.1506234094346695,0.01836396413648525,0.020363576182098213,93,49822,0.011711592956376037,0.013712908617096365,40,49886,0.07900140474397105,0.08087637339226905,1640,49822,0.019250709002303565,0.021247042067715476,102,49886,0.03106972491650874,0.03305723028760041,256,49796,0.010726344309129403,0.012728142156492471,34,49886,0.07178200414978894,0.0736814340454632,1348,49796,0.046779354858245484,0.048737755907761124,574,49886,0.88893,0.9716015612164508,0.29385,0.4092710531048823,0.30058,False,/data/suehara/part/march/datasets/20250711_ilc_nnqq_sgv_10m_3cat_parquet,val50k_tail,150000,proxy
15,15,1920000,,lr_3e-6,8.6016e-06,validation_total_reference_mistag_geomean_percent,0.426984218923501,min,1.0251186318946235,1.0251186318946235,0.5757936040592164,0.3166334636655018,0.426984218923501,,0.1886716623661642,0.08018281525270556,3.2816827336974,0.20246160640754407,0.5161057014969239,0.06815539163059778,2.711061175929404,1.1526279683762475,0.01846735900068682,0.020466890475260797,94,49822,0.011711592956376037,0.013712908617096365,40,49886,0.07888341213497727,0.0807587836384703,1635,49822,0.01915161139567764,0.02114802482553,101,49886,0.03113194296655705,0.03311936768245144,257,49796,0.010726344309129403,0.012728142156492471,34,49886,0.07183450773728638,0.07373377632256643,1350,49796,0.04682047570050644,0.04877879638558163,575,49886,0.88881,0.9715793623586938,0.29398,0.4092710531048823,0.30081,False,/data/suehara/part/march/datasets/20250711_ilc_nnqq_sgv_10m_3cat_parquet,val50k_tail,150000,proxy
15,15,1920000,,lr_6e-6,9.6768e-06,validation_total_reference_mistag_geomean_percent,0.4097706854289712,min,0.9976977685160299,0.9976977685160299,0.5516775305711805,0.30436623812298613,0.4097706854289712,,0.1806829781283608,0.07411116584408882,3.167974913753338,0.20230344899968822,0.49831218190645316,0.062093139102275104,2.6784278377322948,1.11767648266174,0.01805437304963045,0.020054666834996633,90,49811,0.011220149980619137,0.013220145527358292,37,49925,0.07754082876369507,0.07942117988610359,1578,49811,0.019136663744143807,0.021131523999113777,101,49925,0.030584637167379008,0.03257389505206759,248,49768,0.010193223848044167,0.012193700828386677,31,49925,0.07142650609702796,0.0733281545968776,1333,49768,0.0460804819922854,0.04803867305446623,558,49925,0.88924,0.9718224326220396,0.29238,0.4092710531048823,0.30021,False,/data/suehara/part/march/datasets/20250711_ilc_nnqq_sgv_10m_3cat_parquet,val50k_tail,150000,proxy
15,15,1920000,,lr_9e-6,1.0752e-05,validation_total_reference_mistag_geomean_percent,0.42665007789573295,min,1.025118955530468,1.025118955530468,0.5748382245495045,0.31666350843507407,0.42665007789573295,,0.18666451564978712,0.08018281525270556,3.2856970515473933,0.20446618339733094,0.5140975178729216,0.06815539163059778,2.7130693035081728,1.1486188653848344,0.01836396413648525,0.020363576182098213,93,49822,0.011711592956376037,0.013712908617096365,40,49886,0.0789306330622068,0.08080584342362099,1637,49822,0.019250709002303565,0.021247042067715476,102,49886,0.03106972491650874,0.03305723028760041,256,49796,0.010726344309129403,0.012728142156492471,34,49886,0.071860743708594,0.07375993163867695,1351,49796,0.04673819696105249,0.04869667837500858,573,49886,0.88892,0.9715923064660273,0.2939,0.4092710531048823,0.30061,False,/data/suehara/part/march/datasets/20250711_ilc_nnqq_sgv_10m_3cat_parquet,val50k_tail,150000,proxy
16,16,2040000,,lr_14e-6,1.2902399999999999e-05,validation_total_reference_mistag_geomean_percent,0.41532835981364363,min,1.005903468869565,1.005903468869565,0.5626091614079924,0.30660298178187634,0.41532835981364363,,0.17666425241336373,0.07823313818978526,3.1558660302702815,0.20260376255120974,0.5236652572760473,0.062185311164533054,2.7146325200226205,1.1333774790686784,0.01784200021339576,0.01984241519512309,88,49812,0.011560877927273403,0.013563676886803962,39,49851,0.0773946076117981,0.07927540715985393,1572,49812,0.01916504585021798,0.021162855215571368,101,49851,0.03135133215512384,0.033336659178296625,261,49841,0.010208351327172037,0.012211794105306104,31,49851,0.07184912548694744,0.07374653600292005,1353,49841,0.04643999530422535,0.04840046319057531,565,49851,0.88933,0.9717944886154957,0.29255,0.4092710531048823,0.30106,False,/data/suehara/part/march/datasets/20250711_ilc_nnqq_sgv_10m_3cat_parquet,val50k_tail,150000,proxy
16,16,2040000,,lr_3e-6,8.6016e-06,validation_total_reference_mistag_geomean_percent,0.4155764071995292,min,1.0166539305274789,1.0166539305274789,0.5693440037162937,0.30333813844279606,0.4155764071995292,,0.18073015467849413,0.07206774156571215,3.2471182946138284,0.20018817737547362,0.5185617097217581,0.06606209740385312,2.7214438069982414,1.1270594618624703,0.018059082589745458,0.02005989665630078,90,49798,0.01104889101384782,0.013047847343924317,36,49953,0.07849418175342321,0.08037184522625695,1617,49798,0.019026488695298792,0.02102031548887342,100,49953,0.03122093447050266,0.03320997809735582,258,49753,0.010539799147074081,0.012538995924174111,33,49953,0.07200072847847912,0.07390122114507743,1354,49753,0.046262757756408354,0.048219475559352354,563,49953,0.88903,0.9716186670248327,0.29354,0.4092710531048823,0.30082,False,/data/suehara/part/march/datasets/20250711_ilc_nnqq_sgv_10m_3cat_parquet,val50k_tail,150000,proxy
16,16,2040000,,lr_6e-6,9.6768e-06,validation_total_reference_mistag_geomean_percent,0.41653145461363317,min,1.0117670339728577,1.0117670339728577,0.5722173675259986,0.3032037518061985,0.41653145461363317,,0.17446756989271586,0.07627458964000759,3.2286527163671743,0.19670815198850342,0.5098558569590431,0.06824568680511466,2.6978201443631815,1.1421115557671222,0.017715898338727738,0.019714235211886463,87,49866,0.011406992021313416,0.01341111580090362,38,49820,0.07822246914497497,0.08009831277745807,1610,49866,0.018876280978796702,0.020875570107905476,98,49820,0.030931284423781936,0.032918082397431075,254,49818,0.01074055050028209,0.012744996589904387,34,49820,0.07164563828977177,0.07354459972757493,1344,49818,0.046634556986278365,0.04859589410910765,569,49820,0.88903,0.9717056885975864,0.29321,0.4092710531048823,0.30043,False,/data/suehara/part/march/datasets/20250711_ilc_nnqq_sgv_10m_3cat_parquet,val50k_tail,150000,proxy
16,16,2040000,,lr_9e-6,1.0752e-05,validation_total_reference_mistag_geomean_percent,0.41470795665415955,min,1.0113225146012952,1.0113225146012952,0.5677737099331513,0.30290710243085617,0.41470795665415955,,0.1827566063267205,0.07208794659085699,3.223344656592198,0.19824184985394122,0.5163545632566644,0.0660806206157662,2.7063408907167648,1.125372982857449,0.018166054540290744,0.020166988122153066,91,49793,0.011051987614862945,0.013051503516052564,36,49939,0.07821603430303442,0.08009484120158339,1605,49793,0.01893183217491507,0.020926295857131173,99,49939,0.031146919288973715,0.03313529231945729,257,49772,0.010542753145800873,0.01254250962884636,33,49939,0.07178987505440347,0.07369024911606063,1347,49772,0.046234129222883814,0.04819146310534265,562,49939,0.88918,0.9716733746469363,0.29322,0.4092710531048823,0.29951,False,/data/suehara/part/march/datasets/20250711_ilc_nnqq_sgv_10m_3cat_parquet,val50k_tail,150000,proxy
17,17,2160000,,lr_14e-6,1.2902399999999999e-05,validation_total_reference_mistag_geomean_percent,0.41433991867369224,min,1.011390286154772,1.011390286154772,0.5698041886242008,0.30129221868487754,0.41433991867369224,,0.17858217265094248,0.0721370604147881,3.2245119193124148,0.19837691504887592,0.5124392164565426,0.06612563968403697,2.6767412056342836,1.1622081600362906,0.01793930733368699,0.019938641890535156,89,49837,0.011059515162833305,0.013060391327606488,36,49905,0.07819577793997737,0.08007287927193976,1607,49837,0.01894471931507293,0.020940536374499004,99,49905,0.03102851974158107,0.03301744970116366,255,49762,0.010549934041103042,0.012551051115654657,33,49905,0.07140855966456597,0.07331050523502816,1332,49762,0.04700772259348569,0.04896491378510309,580,49905,0.88898,0.9717796240930606,0.29276,0.4092710531048823,0.30093,False,/data/suehara/part/march/datasets/20250711_ilc_nnqq_sgv_10m_3cat_parquet,val50k_tail,150000,proxy
17,17,2160000,,lr_3e-6,8.6016e-06,validation_total_reference_mistag_geomean_percent,0.42014060030641787,min,1.0288351501308453,1.0288351501308453,0.5768547683529872,0.3060009792929765,0.42014060030641787,,0.18053799529217204,0.07233999941011816,3.307857473821712,0.2029538807621176,0.5171584535592324,0.06832110720225566,2.7361289490947294,1.1453833419044253,0.01803989755133075,0.020038592167263943,90,49851,0.011090619292819362,0.01309711609794775,36,49765,0.07916797035488615,0.08104120082046001,1649,49851,0.019198136416248675,0.021199384100079002,101,49765,0.03113664864052325,0.033120366156011785,258,49888,0.010752417769762237,0.01275907608631519,34,49765,0.07209554967062687,0.07399031088336644,1365,49888,0.04672722322112948,0.04869059647590133,570,49765,0.88873,0.9716414429801944,0.29364,0.4092710531048823,0.29959,False,/data/suehara/part/march/datasets/20250711_ilc_nnqq_sgv_10m_3cat_parquet,val50k_tail,150000,proxy
17,17,2160000,,lr_6e-6,9.6768e-06,validation_total_reference_mistag_geomean_percent,0.41478620471235017,min,1.0131456503167628,1.0131456503167628,0.5705005574442481,0.30157305435497134,0.41478620471235017,,0.17858217265094248,0.0721370604147881,3.2365510601536935,0.19837691504887592,0.5144487761745911,0.06612563968403697,2.674731620275532,1.1642119581316437,0.01793930733368699,0.019938641890535156,89,49837,0.011059515162833305,0.013060391327606488,36,49905,0.07833865786302657,0.08021527605971274,1613,49837,0.01894471931507293,0.020940536374499004,99,49905,0.031090903421966427,0.03307975261609948,256,49762,0.010549934041103042,0.012551051115654657,33,49905,0.07138210405884977,0.07328413039476185,1331,49762,0.04704860778865054,0.04900571867700841,581,49905,0.889,0.971761419534658,0.29285,0.4092710531048823,0.30096,False,/data/suehara/part/march/datasets/20250711_ilc_nnqq_sgv_10m_3cat_parquet,val50k_tail,150000,proxy
17,17,2160000,,lr_9e-6,1.0752e-05,validation_total_reference_mistag_geomean_percent,0.41382609828563344,min,1.0116414969195562,1.0116414969195562,0.5699111053978498,0.3004890376767816,0.41382609828563344,,0.17657564176526927,0.0721370604147881,3.226518540044178,0.19837691504887592,0.5124392164565426,0.06612563968403697,2.6787508019064683,1.1622081600362906,0.017833056773047872,0.019832471852442066,88,49837,0.011059515162833305,0.013060391327606488,36,49905,0.0782196116608784,0.08009663247029522,1608,49837,0.01894471931507293,0.020940536374499004,99,49905,0.03102851974158107,0.03301744970116366,255,49762,0.010549934041103042,0.012551051115654657,33,49905,0.07143500450970987,0.07333686931472287,1333,49762,0.04700772259348569,0.04896491378510309,580,49905,0.88898,0.9717676284743969,0.29281,0.4092710531048823,0.30095,False,/data/suehara/part/march/datasets/20250711_ilc_nnqq_sgv_10m_3cat_parquet,val50k_tail,150000,proxy
18,18,2280000,,lr_14e-6,1.2902399999999999e-05,validation_total_reference_mistag_geomean_percent,0.41270150387620563,min,1.0128974429264135,1.0128974429264135,0.5663376431717628,0.30074379366307663,0.41270150387620563,,0.17632444041419884,0.07229496628647092,3.2279394869705977,0.1988111496117607,0.5120482045380054,0.0642621897341152,2.6887551358296027,1.1627439700265554,0.017807706222375652,0.019804287021952322,88,49908,0.011083716878069376,0.013088966392560169,36,49796,0.07818147528005498,0.08005576891813443,1611,49908,0.018986152512601943,0.020986320749664857,99,49796,0.0310048988051587,0.03299232684103072,255,49800,0.01039769489825361,0.01240326703353347,32,49796,0.07153954320285698,0.07343955504920292,1339,49800,0.047069039895759716,0.049030493638133575,579,49796,0.88889,0.9716506914076005,0.29345,0.4092710531048823,0.30106,False,/data/suehara/part/march/datasets/20250711_ilc_nnqq_sgv_10m_3cat_parquet,val50k_tail,150000,proxy
18,18,2280000,,lr_3e-6,8.6016e-06,validation_total_reference_mistag_geomean_percent,0.42101442403316186,min,1.005627499106634,1.005627499106634,0.575474937665927,0.30801192830898483,0.42101442403316186,,0.1848577326585304,0.0762439788709618,3.182768100321107,0.20064205703174545,0.5291005291005291,0.06821829989204321,2.6615360404493695,1.141653254528785,0.018279807519768432,0.020281661776839523,92,49768,0.01140241594174326,0.013405736742660632,38,49840,0.07775127628040814,0.07963265754007895,1584,49768,0.01906958932077266,0.021067918324822528,100,49840,0.03150096858053949,0.033483889376214465,264,49896,0.010736241621689522,0.012739884474017714,34,49840,0.07111369581482702,0.07301114311647344,1328,49896,0.04661594473974705,0.04857651321587969,569,49840,0.88934,0.971705015115672,0.29298,0.4092710531048823,0.30106,False,/data/suehara/part/march/datasets/20250711_ilc_nnqq_sgv_10m_3cat_parquet,val50k_tail,150000,proxy
18,18,2280000,,lr_6e-6,9.6768e-06,validation_total_reference_mistag_geomean_percent,0.4213180835084739,min,1.00822553060136,1.00822553060136,0.5696354090887865,0.3116184925638741,0.4213180835084739,,0.18251834318261015,0.07619811584532006,3.2512335188205648,0.20854221178719173,0.5183220714913687,0.07018247271562134,2.677997431147636,1.0808100798205686,0.018142389887985663,0.02014072445738653,91,49858,0.011395558702348409,0.013397676240994123,38,49870,0.07849616873908949,0.0803714075724743,1621,49858,0.019453686452103238,0.021450496533723974,104,49870,0.031206542428640835,0.033194676623834324,258,49776,0.01089972901497032,0.01290208780166264,35,49870,0.07141517802417771,0.07331653819339368,1333,49776,0.045330535103531126,0.04729236421839641,539,49870,0.88928,0.9717231026489271,0.29296,0.4092710531048823,0.30197,False,/data/suehara/part/march/datasets/20250711_ilc_nnqq_sgv_10m_3cat_parquet,val50k_tail,150000,proxy
18,18,2280000,,lr_9e-6,1.0752e-05,validation_total_reference_mistag_geomean_percent,0.422864389944357,min,1.0077642107540414,1.0077642107540414,0.5706349711992971,0.313360206275478,0.422864389944357,,0.18071201460255434,0.07820018904742967,3.24076872818396,0.21053897669627542,0.5217845196176362,0.07017965889875848,2.6791628311126043,1.0807667678731128,0.018057270937423334,0.020057884863802777,90,49803,0.01155601139017266,0.013557968353158943,39,49872,0.07841507677190107,0.08029280672819522,1614,49803,0.01955059430276756,0.02154724423440238,105,49872,0.03129717300590449,0.03328305361987218,260,49829,0.01089929202554113,0.012901570626791136,35,49872,0.07139300949333058,0.07329230057354155,1335,49829,0.0453287265367093,0.04729047871672998,539,49872,0.88945,0.9717952770499627,0.29259,0.4092710531048823,0.30077,False,/data/suehara/part/march/datasets/20250711_ilc_nnqq_sgv_10m_3cat_parquet,val50k_tail,150000,proxy
19,19,2400000,,lr_14e-6,1.2902399999999999e-05,validation_total_reference_mistag_geomean_percent,0.4149103165629678,min,1.0127118984506174,1.0127118984506174,0.5579677286552139,0.30853141131529394,0.4149103165629678,,0.18695346862356194,0.07405035749726424,3.2063524291901557,0.20413881987976193,0.5241700826981962,0.06004082805624635,2.709216165466568,1.136773036193184,0.018392366853143195,0.02039506240805581,93,49745,0.011210945854665443,0.013209302756050728,37,49966,0.07805092231665048,0.07993222523961022,1595,49745,0.019219914051718565,0.02121306397809427,102,49966,0.03138148201813906,0.03336870256422653,261,49793,0.010004528363373488,0.012003446015913658,30,49966,0.07181252979669393,0.07371198691382176,1349,49793,0.04645774882305366,0.048413568743975455,568,49966,0.88929,0.9717554127780025,0.29286,0.4092710531048823,0.30126,False,/data/suehara/part/march/datasets/20250711_ilc_nnqq_sgv_10m_3cat_parquet,val50k_tail,150000,proxy
19,19,2400000,,lr_3e-6,8.6016e-06,validation_total_reference_mistag_geomean_percent,0.41121077102510456,min,1.0074516726537428,1.0074516726537428,0.585143225364495,0.28897933168709156,0.41121077102510456,,0.1765154319564469,0.06826486902511567,3.133148846024052,0.18471669989365036,0.523633751046093,0.07027265825716601,2.740550633811924,1.1625104912154944,0.01782698035320456,0.019825716069780973,88,49854,0.010743568773769883,0.012748577512795053,34,49806,0.07708879668604889,0.07896892310087153,1562,49854,0.018265871775416928,0.020266204391282166,92,49806,0.03134944971211395,0.033334658509896836,261,49844,0.010913731201993153,0.01291865931820523,35,49806,0.07218438704108578,0.07408064341514094,1366,49844,0.0470596416333088,0.049020710939193766,579,49806,0.88921,0.9716967106297308,0.29298,0.4092710531048823,0.30137,False,/data/suehara/part/march/datasets/20250711_ilc_nnqq_sgv_10m_3cat_parquet,val50k_tail,150000,proxy
19,19,2400000,,lr_6e-6,9.6768e-06,validation_total_reference_mistag_geomean_percent,0.4053465868809201,min,1.0217112155101553,1.0217112155101553,0.5568381700050504,0.2950693116000311,0.4053465868809201,,0.16068129496727432,0.07413938312630357,3.2738813347900346,0.1943653965058834,0.5179682896171132,0.05810924353355557,2.720337319170998,1.1742074623700784,0.01697697420528319,0.018978995483530835,80,49788,0.011224420433830458,0.013225176264393792,37,49906,0.07881813132588206,0.08069509687021886,1630,49788,0.018742704234843983,0.020738642062925708,97,49906,0.031185291524629937,0.03317208286471697,258,49810,0.009832989045060928,0.011834387275955151,29,49906,0.07194562669784743,0.07384398901614381,1355,49810,0.04725154834849081,0.049208219456346736,586,49906,0.88873,0.9716101136617592,0.29354,0.4053465868809201,0.30088,False,/data/suehara/part/march/datasets/20250711_ilc_nnqq_sgv_10m_3cat_parquet,val50k_tail,150000,proxy
19,19,2400000,,lr_9e-6,1.0752e-05,validation_total_reference_mistag_geomean_percent,0.4139680535724245,min,1.0030615639685936,1.0030615639685936,0.5794566868422164,0.2957417754766629,0.4139680535724245,,0.17259025699346592,0.07224128589488893,3.1848923666411975,0.19264342905303714,0.5176357184442715,0.07224128589488893,2.6925082158558724,1.119739952971127,0.017621551670878075,0.019621447707053728,86,49829,0.01107548975064624,0.01307925259184321,36,49833,0.07772965617741483,0.07960864905994514,1587,49829,0.01866838913205829,0.020667319844862697,96,49833,0.031165317095634918,0.033150846227954306,258,49842,0.01107548975064624,0.01307925259184321,36,49833,0.0715590141540351,0.07345727435802349,1342,49842,0.04616510222741812,0.04812682555159955,558,49833,0.88944,0.9718253530137476,0.29242,0.4053465868809201,0.3013,False,/data/suehara/part/march/datasets/20250711_ilc_nnqq_sgv_10m_3cat_parquet,val50k_tail,150000,proxy
20,20,2520000,,lr_14e-6,1.161216e-05,validation_total_reference_mistag_geomean_percent,0.4111822130579876,min,0.990718489897464,0.990718489897464,0.5609314266391112,0.3014108397318236,0.4111822130579876,,0.17453758299963035,0.07609130696758401,3.1035589513886186,0.20024029079329145,0.5108813693641274,0.06407689227072487,2.658996733462112,1.1373647919336234,0.017723001307470235,0.01972213716015009,87,49846,0.011379590506450444,0.013378906046404734,38,49940,0.07673687420810989,0.0786184895927234,1547,49846,0.01903143725403881,0.02102578096808759,100,49940,0.030993352550639803,0.03298410532640217,254,49718,0.010367720906313025,0.012367517590709788,32,49940,0.0712056535967058,0.07310999613208968,1322,49718,0.04648180524852979,0.04843861969606577,568,49940,0.88941,0.9718280644457687,0.29222,0.4053465868809201,0.29903,False,/data/suehara/part/march/datasets/20250711_ilc_nnqq_sgv_10m_3cat_parquet,val50k_tail,150000,proxy
20,20,2520000,,lr_3e-6,7.741440000000001e-06,validation_total_reference_mistag_geomean_percent,0.4287904541461492,min,1.0250931465469795,1.0250931465469795,0.5803953298732268,0.3167862387986838,0.4287904541461492,,0.18414732505329753,0.07833999538872732,3.278622914340373,0.21292409211930038,0.5305359736111459,0.06829640405926747,2.67880472808871,1.169073739715015,0.018209612209696933,0.02020380178485138,92,49960,0.011576664401279914,0.013582194692313957,39,49783,0.07873970592351745,0.08061001985244856,1638,49960,0.019682909065404864,0.021683032635606055,106,49783,0.031586221971199785,0.03357446456748224,264,49761,0.010748531050310092,0.012754464827973442,34,49783,0.07143642110838573,0.07333832196902666,1333,49761,0.04720421440351508,0.049165926046604996,582,49783,0.88877,0.9716574784072103,0.29383,0.4053465868809201,0.30068,False,/data/suehara/part/march/datasets/20250711_ilc_nnqq_sgv_10m_3cat_parquet,val50k_tail,150000,proxy
20,20,2520000,,lr_6e-6,8.70912e-06,validation_total_reference_mistag_geomean_percent,0.4280777482274372,min,1.026359284567219,1.026359284567219,0.5802175755315984,0.3158307611753712,0.4280777482274372,,0.18078822740254744,0.08210016059240396,3.2501707417061874,0.20625162471620576,0.5323102130036849,0.0660806206157662,2.6997166648678443,1.19345602363311,0.018064882320808464,0.020066337105103887,90,49782,0.011855859522751663,0.013854974454181478,41,49939,0.07854277912563504,0.08042092344219195,1618,49782,0.01932880336739946,0.021322946273807757,103,49939,0.0316335697333376,0.03362086242872653,265,49783,0.010542753145800873,0.01254250962884636,33,49939,0.07169533801993089,0.07359555830071252,1344,49783,0.0476253086354534,0.04957991592354563,596,49939,0.88882,0.9715887361208089,0.29397,0.4053465868809201,0.29971,False,/data/suehara/part/march/datasets/20250711_ilc_nnqq_sgv_10m_3cat_parquet,val50k_tail,150000,proxy
20,20,2520000,,lr_9e-6,9.6768e-06,validation_total_reference_mistag_geomean_percent,0.4138469840503642,min,1.0165557692021876,1.0165557692021876,0.5748230654796391,0.2979513810300448,0.4138469840503642,,0.17270809433209858,0.07017403194186246,3.2111657784667513,0.20250220745204167,0.5217426056543505,0.06616408774527537,2.729115335168332,1.1588740128567891,0.017633574815326212,0.019634831618956093,86,49795,0.010898418151792386,0.012900536401422542,35,49876,0.07806955563317286,0.0799487762219872,1599,49795,0.019155447888963242,0.02115225995843535,101,49876,0.031294666841737845,0.03328038973693572,260,49833,0.010556066656960517,0.012558345699928777,33,49876,0.07204358577698813,0.07394071965165505,1360,49833,0.04695297708191791,0.04891143994024787,578,49876,0.88893,0.9717639075444886,0.29288,0.4053465868809201,0.30011,False,/data/suehara/part/march/datasets/20250711_ilc_nnqq_sgv_10m_3cat_parquet,val50k_tail,150000,proxy
21,21,2640000,,lr_14e-6,1.161216e-05,validation_total_reference_mistag_geomean_percent,0.41712945615394387,min,1.0106539864031363,1.0106539864031363,0.5579189735908794,0.31186783641969584,0.41712945615394387,,0.18842961215518209,0.07622104400499903,3.219340012209579,0.20459332238314507,0.5124289190186223,0.062180322023022205,2.6927637725975457,1.1292748868329954,0.018443685897618082,0.020440661878553635,94,49886,0.011398986290776044,0.013401705279823763,38,49855,0.07809638280104267,0.07997184774800672,1606,49886,0.01926266859057599,0.021260237857238795,102,49855,0.031027897676900833,0.033016788083096126,255,49763,0.010207532477757774,0.012210814717691334,31,49855,0.07161839801308155,0.07351966142840442,1340,49763,0.0463532090223092,0.04831368419491826,563,49855,0.88897,0.9717697688153347,0.29308,0.4053465868809201,0.29944,False,/data/suehara/part/march/datasets/20250711_ilc_nnqq_sgv_10m_3cat_parquet,val50k_tail,150000,proxy
21,21,2640000,,lr_3e-6,7.741440000000001e-06,validation_total_reference_mistag_geomean_percent,0.41341976937697006,min,1.0073411138921138,1.0073411138921138,0.5723308826737519,0.29863128285728907,0.41341976937697006,,0.18079914014471435,0.07015433868873902,3.192109154488164,0.19643215001066744,0.5237283229649468,0.06614551771665543,2.6688070551374006,1.1605532319856233,0.018065970185127296,0.020067545149684812,90,49779,0.010895360696880655,0.012896917918040884,35,49890,0.0778545349641984,0.07973512519632645,1589,49779,0.01884981829127087,0.020846313364501205,98,49890,0.03135509771942996,0.033340661235627206,261,49835,0.010553105193883926,0.012554823118153048,33,49890,0.07125248893965937,0.07315196694498462,1330,49835,0.04698084414572791,0.04893869012127135,579,49890,0.88922,0.9716795997268036,0.29309,0.4053465868809201,0.30051,False,/data/suehara/part/march/datasets/20250711_ilc_nnqq_sgv_10m_3cat_parquet,val50k_tail,150000,proxy
21,21,2640000,,lr_6e-6,8.70912e-06,validation_total_reference_mistag_geomean_percent,0.4132099963276771,min,1.006633235782332,1.006633235782332,0.5663799483077384,0.30146282822206694,0.4132099963276771,,0.18073378313071198,0.07214139925605943,3.19296335888676,0.19838884140262752,0.5220359369679204,0.06412568634523666,2.6724223353764436,1.1502545448928978,0.01805944496383301,0.02006029906322887,90,49797,0.01106017985057421,0.013061176127465842,36,49902,0.07785084015006563,0.07973071631250175,1590,49797,0.018945857258061097,0.02094179382130857,99,49902,0.03131221842430547,0.033299045877216174,260,49805,0.010375613912149449,0.012376931440701011,32,49902,0.07132128719534378,0.07322176414801887,1331,49805,0.046764438028430895,0.048722225957059835,574,49902,0.88915,0.9717049668408225,0.293,0.4053465868809201,0.30028,False,/data/suehara/part/march/datasets/20250711_ilc_nnqq_sgv_10m_3cat_parquet,val50k_tail,150000,proxy
21,21,2640000,,lr_9e-6,9.6768e-06,validation_total_reference_mistag_geomean_percent,0.414078016383357,min,1.006174582762922,1.006174582762922,0.5589234793728762,0.3067693700117198,0.414078016383357,,0.1827566063267205,0.07421819933167381,3.1912117021483803,0.20460152373438242,0.5074411172872217,0.06218281885375174,2.667575993566329,1.159408700854917,0.018166054540290744,0.020166988122153066,91,49793,0.011236349950019996,0.013239229630626886,37,49853,0.0778329925761427,0.0797130901133529,1589,49793,0.019263440687213244,0.021261089761370103,102,49853,0.030844013760856267,0.032829314664090725,253,49858,0.01020794188604351,0.012211304391861178,31,49853,0.07122005175683177,0.07311870291647829,1330,49858,0.046974519786391854,0.0489338647271605,578,49853,0.88907,0.9716977664325439,0.29305,0.4053465868809201,0.30048,False,/data/suehara/part/march/datasets/20250711_ilc_nnqq_sgv_10m_3cat_parquet,val50k_tail,150000,proxy
22,22,2760000,,lr_14e-6,1.161216e-05,validation_total_reference_mistag_geomean_percent,0.4126798158831928,min,1.0005733971328588,1.0005733971328588,0.5743458722329413,0.2965192903281009,0.4126798158831928,,0.18473523631824387,0.06814583274756644,3.1585711292400256,0.1944160446397465,0.5099377797475895,0.07015012143112756,2.6862076908762558,1.1324233420623147,0.01826770421190589,0.020268236911545265,92,49801,0.01072483979583128,0.012726357179401206,34,49893,0.07743557515462393,0.07931668149119622,1573,49801,0.01874758370908234,0.020744039553458462,97,49893,0.03093624072411606,0.0329233545036626,254,49810,0.0108947057511455,0.012896142792823476,35,49893,0.07149901498571289,0.07339874767171191,1338,49810,0.04640111222100427,0.04835996805994062,565,49893,0.88928,0.9717881240339764,0.29248,0.4053465868809201,0.30014,False,/data/suehara/part/march/datasets/20250711_ilc_nnqq_sgv_10m_3cat_parquet,val50k_tail,150000,proxy
22,22,2760000,,lr_3e-6,7.741440000000001e-06,validation_total_reference_mistag_geomean_percent,0.4101626960096805,min,1.0068350183717927,1.0068350183717927,0.5763240128176121,0.29190773498304684,0.4101626960096805,,0.17057311797227875,0.06814719894797762,3.212794900786218,0.19441994351806352,0.522298127701159,0.07015152712732665,2.7018881801874453,1.114407150733872,0.017512378447351425,0.01951223504335403,85,49832,0.010725054700461742,0.012726612145476173,34,49892,0.07806030999319771,0.07993806991167876,1601,49832,0.018747959158490254,0.02074445486141103,97,49892,0.03132790612485354,0.0333157208287891,260,49780,0.010894924057641416,0.012896401157543253,35,49892,0.07172590871512598,0.073626156267061,1345,49780,0.04602724213340018,0.04798685942963895,556,49892,0.88943,0.9717838887469448,0.29254,0.4053465868809201,0.29873,False,/data/suehara/part/march/datasets/20250711_ilc_nnqq_sgv_10m_3cat_parquet,val50k_tail,150000,proxy
22,22,2760000,,lr_6e-6,8.70912e-06,validation_total_reference_mistag_geomean_percent,0.41618605045010176,min,1.0120523555984768,1.0120523555984768,0.5766006770343063,0.3003999743464558,0.41618605045010176,,0.16678723043410898,0.07828495551795694,3.2031186614311005,0.19470873313352238,0.5308280994489467,0.06624111815524955,2.6861903497619775,1.1702596969049528,0.017317838656917658,0.019320580052044713,83,49764,0.011568533629551632,0.013572657158436433,39,49818,0.0779976235944023,0.07987833820425408,1594,49764,0.01877578420676812,0.02077523386493818,97,49818,0.0315457052587194,0.03352752413611779,265,49922,0.010568353302694134,0.012572960335445981,33,49818,0.0714195937846867,0.07331506519237078,1341,49922,0.04721211749500881,0.04917240333994835,583,49818,0.88897,0.971663456957987,0.29321,0.4053465868809201,0.2994,False,/data/suehara/part/march/datasets/20250711_ilc_nnqq_sgv_10m_3cat_parquet,val50k_tail,150000,proxy
22,22,2760000,,lr_9e-6,9.6768e-06,validation_total_reference_mistag_geomean_percent,0.41482012891347053,min,1.0023303071484657,1.0023303071484657,0.5756716473680153,0.29891300038576285,0.41482012891347053,,0.18473523631824387,0.07015012143112756,3.168611139298005,0.1944160446397465,0.5159606428849456,0.07015012143112756,2.684200087506004,1.130419063678526,0.01826770421190589,0.020268236911545265,92,49801,0.0108947057511455,0.012896142792823476,35,49893,0.07755615356312001,0.07943685670467743,1578,49801,0.01874758370908234,0.020744039553458462,97,49893,0.031123213427516894,0.033110085377468894,257,49810,0.0108947057511455,0.012896142792823476,35,49893,0.07147264814697102,0.07337246144283535,1337,49810,0.046359622190436656,0.04831855837126517,564,49893,0.88928,0.9717744646650551,0.29256,0.4053465868809201,0.29954,False,/data/suehara/part/march/datasets/20250711_ilc_nnqq_sgv_10m_3cat_parquet,val50k_tail,150000,proxy
23,23,2880000,,lr_14e-6,1.161216e-05,validation_total_reference_mistag_geomean_percent,0.4284059409782393,min,1.020516355732985,1.020516355732985,0.5809616241729075,0.31591010942717174,0.4284059409782393,,0.1824268719770657,0.08020050125313283,3.2335666081552255,0.21052631578947367,0.526675525492161,0.06817042706625588,2.6776021699952155,1.1849624261353502,0.018133304507461537,0.020130641253556632,91,49883,0.011714175148925306,0.013715931484587614,40,49875,0.07826758016490215,0.08014258752013642,1613,49883,0.019549419397559477,0.021545949740177504,105,49875,0.03147273340423805,0.03346173071014187,262,49746,0.010728709397345593,0.012730948132365815,34,49875,0.07143122383107409,0.07333374650704341,1332,49746,0.04748385767366567,0.049441313668291756,591,49875,0.88877,0.9716056973644766,0.29385,0.4053465868809201,0.29971,False,/data/suehara/part/march/datasets/20250711_ilc_nnqq_sgv_10m_3cat_parquet,val50k_tail,150000,proxy
23,23,2880000,,lr_3e-6,7.741440000000001e-06,validation_total_reference_mistag_geomean_percent,0.4111413074174507,min,0.9973522698590039,0.9973522698590039,0.5654836585691065,0.29892495053289503,0.4111413074174507,,0.182419559866049,0.070209221251008,3.139220145500765,0.19859180904544235,0.5284520329147174,0.0641912900443321,2.6643626152961595,1.1313714849535585,0.018132578070105695,0.02012983503338194,91,49885,0.010903882162871418,0.01290700303170373,35,49851,0.07713833404297647,0.07901704870414486,1566,49885,0.018965223226003414,0.02096319354600762,99,49851,0.03152038151002261,0.03350842820505914,263,49768,0.010386226064514049,0.012389588365322661,32,49851,0.07124118722045651,0.07314340094214354,1326,49768,0.046398470894003056,0.048359019257678514,564,49851,0.88945,0.9718450231904323,0.29236,0.4053465868809201,0.30053,False,/data/suehara/part/march/datasets/20250711_ilc_nnqq_sgv_10m_3cat_parquet,val50k_tail,150000,proxy
23,23,2880000,,lr_6e-6,8.70912e-06,validation_total_reference_mistag_geomean_percent,0.41367770799549486,min,1.005587497630942,1.005587497630942,0.5677175538725595,0.30143377622390866,0.41367770799549486,,0.16865098869892206,0.07607302713444644,3.2144075459315817,0.20019218890009824,0.5186450998223251,0.0660634186238519,2.6615741426545014,1.1390935692818085,0.017412355553884408,0.019413293114403478,84,49807,0.011376857593759709,0.013375693578380901,38,49952,0.07809886462824614,0.07997750229233949,1601,49807,0.019026869262296544,0.02102073580947106,100,49952,0.031225943510259334,0.03321530365620242,258,49745,0.010540010092084391,0.012539246837789994,33,49952,0.07122062423097,0.07312382955290408,1324,49745,0.046511990084313094,0.048468265241769816,569,49952,0.88947,0.9717358519160341,0.29282,0.4053465868809201,0.29922,False,/data/suehara/part/march/datasets/20250711_ilc_nnqq_sgv_10m_3cat_parquet,val50k_tail,150000,proxy
23,23,2880000,,lr_9e-6,9.6768e-06,validation_total_reference_mistag_geomean_percent,0.4052433666743819,min,1.003610251198061,1.003610251198061,0.5604525034591499,0.29301713386950246,0.4052433666743819,,0.1646586333273134,0.07014449920963281,3.2168675460211875,0.1984087218459035,0.5179994862370818,0.06413211215103112,2.6944003190391004,1.102270691753237,0.01719519327827131,0.01919657242188135,82,49800,0.010893832612640946,0.012895109437456944,35,49897,0.07813356649543288,0.08001236943232723,1602,49800,0.01894775413352596,0.020943889901614075,99,49897,0.031187165440118344,0.03317407519445566,258,49807,0.010376653360328995,0.012378171172179098,32,49897,0.07160863125058002,0.07350814938479507,1342,49807,0.04577107234675342,0.0477309797307127,550,49897,0.88937,0.9718158177918834,0.2923,0.4052433666743819,0.30123,False,/data/suehara/part/march/datasets/20250711_ilc_nnqq_sgv_10m_3cat_parquet,val50k_tail,150000,proxy
24,24,3000000,,lr_14e-6,1.161216e-05,validation_total_reference_mistag_geomean_percent,0.3983146834896522,min,0.9876684989958324,0.9876684989958324,0.5449164137863691,0.29115398815213756,0.3983146834896522,,0.168908731449447,0.0721168278525894,3.132854723996531,0.18830506477871223,0.5175111296558215,0.05809411175188141,2.661772507926354,1.1017848945553221,0.017438946409330074,0.01944293141982788,84,49731,0.01105641434276213,0.013056730174923037,36,49919,0.07717936605370589,0.07906415432851407,1558,49731,0.018431503153603986,0.020427164008804767,94,49919,0.03115783327991145,0.03314288949764262,258,49854,0.009830428880664158,0.01183130652038923,29,49919,0.07114636762070407,0.07304540393099045,1327,49854,0.045751005786307496,0.04771006889161492,550,49919,0.88995,0.972011923841016,0.29124,0.3983146834896522,0.29913,False,/data/suehara/part/march/datasets/20250711_ilc_nnqq_sgv_10m_3cat_parquet,val50k_tail,150000,proxy
24,24,3000000,,lr_3e-6,7.741440000000001e-06,validation_total_reference_mistag_geomean_percent,0.4077149118772029,min,1.0142985499941386,1.0142985499941386,0.566060870537404,0.29366355814211176,0.4077149118772029,,0.1649235643098723,0.07011077279582198,3.276347454507846,0.19631017390895925,0.5114012210859051,0.06610444534642296,2.7074184032651294,1.1217723647331517,0.01722284118727685,0.01922742984912982,82,49720,0.010888596719203834,0.012888912781259663,35,49921,0.07890045879974314,0.08077989213590778,1629,49720,0.01883812279126207,0.020833382990369936,98,49921,0.030965816915380553,0.03295075991075229,255,49863,0.010546553578111122,0.012547030143752611,33,49921,0.07173927443636513,0.07363613716995301,1350,49863,0.046167509545049466,0.04812569341587237,560,49921,0.8889,0.9717018481430403,0.29289,0.3983146834896522,0.3003,False,/data/suehara/part/march/datasets/20250711_ilc_nnqq_sgv_10m_3cat_parquet,val50k_tail,150000,proxy
24,24,3000000,,lr_6e-6,8.70912e-06,validation_total_reference_mistag_geomean_percent,0.41115747810850006,min,0.9937145735907928,0.9937145735907928,0.5676207613250046,0.29782291861545895,0.41115747810850006,,0.182529343786733,0.07025290961704189,3.151138315419276,0.19470091235155304,0.5117502019326816,0.06824568680511466,2.6490598931640967,1.1220393256498453,0.018143480745483397,0.020141935120681104,91,49855,0.010910665150373191,0.012915030662487455,35,49820,0.07730477657214643,0.07918414361719403,1571,49855,0.018775031092513415,0.020774400799130222,97,49820,0.030986896482515774,0.0329731798385008,255,49829,0.01074055050028209,0.012744996589904387,34,49820,0.07099603886162355,0.07289653816788706,1320,49829,0.04621886434030258,0.04818100723821186,559,49820,0.88919,0.9718785710119322,0.2921,0.3983146834896522,0.29959,False,/data/suehara/part/march/datasets/20250711_ilc_nnqq_sgv_10m_3cat_parquet,val50k_tail,150000,proxy
24,24,3000000,,lr_9e-6,9.6768e-06,validation_total_reference_mistag_geomean_percent,0.4139758100591022,min,1.0094144589779142,1.0094144589779142,0.5440521960914442,0.31499913527650764,0.4139758100591022,,0.18863380035857003,0.07813751898116,3.2368759672109246,0.2063632012494647,0.49437297701304456,0.05810226182487771,2.6708199895406195,1.1420099556446512,0.01846365607327345,0.020462787820926635,94,49832,0.01154675312106362,0.0135471082380857,39,49912,0.07834639147606681,0.08022318493008246,1613,49832,0.019339250008533003,0.021334467158404563,103,49912,0.030462612472182023,0.03245234849073644,246,49760,0.009831807265042621,0.01183296518943197,29,49912,0.0713319896931651,0.07323424969856232,1329,49760,0.04659034940256018,0.04854807544838052,570,49912,0.88904,0.9717947146314808,0.29278,0.3983146834896522,0.29984,False,/data/suehara/part/march/datasets/20250711_ilc_nnqq_sgv_10m_3cat_parquet,val50k_tail,150000,proxy
25,25,3120000,,lr_14e-6,1.3934591999999998e-05,validation_total_reference_mistag_geomean_percent,0.4090151386622718,min,0.9916782764885093,0.9916782764885093,0.5660418666904764,0.2955494875901061,0.4090151386622718,,0.17873280362213198,0.07219348064316707,3.136861097472995,0.18850518745934264,0.5035812622219463,0.06818272804654736,2.662359939802781,1.1230097126391627,0.01795442684917629,0.019955441677495897,89,49795,0.011068162339910474,0.01307060108783906,36,49866,0.07717871194175309,0.07906091689272726,1562,49795,0.01845107722001102,0.020448851090750366,94,49866,0.030727834319972756,0.03271388755626574,251,49843,0.010730645245427179,0.012733244851189892,34,49866,0.07116186303982516,0.0730612948747579,1327,49843,0.04621815889703541,0.048178452892426796,560,49866,0.88935,0.9719501990158935,0.29177,0.3983146834896522,0.30035,False,/data/suehara/part/march/datasets/20250711_ilc_nnqq_sgv_10m_3cat_parquet,val50k_tail,150000,proxy
25,25,3120000,,lr_3e-6,9.289728e-06,validation_total_reference_mistag_geomean_percent,0.40918235162045813,min,0.9987500212988716,0.9987500212988716,0.5649806993160543,0.2963467549959376,0.40918235162045813,,0.178711280495121,0.07217755961609151,3.17262699103844,0.18846362004519493,0.5117810137021839,0.06616276249563162,2.675310043026379,1.1247668999719307,0.017952265358219886,0.01995303997486754,89,49801,0.011065722023735104,0.013067719796027909,36,49877,0.07760432605452526,0.07948486791807749,1580,49801,0.018447011259742786,0.020444346212206557,94,49877,0.030988757822255318,0.03297515953225687,255,49826,0.0105558550687634,0.012558094021392194,33,49877,0.07134445887442067,0.07324401894911528,1333,49826,0.046249676021220716,0.04820946723471612,561,49877,0.88921,0.9718977289459212,0.29205,0.3983146834896522,0.2995,False,/data/suehara/part/march/datasets/20250711_ilc_nnqq_sgv_10m_3cat_parquet,val50k_tail,150000,proxy
25,25,3120000,,lr_6e-6,1.0450943999999999e-05,validation_total_reference_mistag_geomean_percent,0.41593473516882506,min,0.9969772951769003,0.9969772951769003,0.571849103635418,0.30253034029455744,0.41593473516882506,,0.1807700756676792,0.07418695238786083,3.11527123920281,0.20050527721469974,0.5136127440162109,0.06817179425299791,2.686435348170092,1.1368649305028515,0.01806306950472348,0.020064324020649286,90,49787,0.01123162012867607,0.013233657744671386,37,49874,0.07692379997827695,0.07880717464467495,1551,49787,0.019056600467023975,0.021053572686641514,100,49874,0.03104049621178379,0.03302614693227118,256,49843,0.010728924457083927,0.012731203282430565,34,49874,0.07147864315496279,0.07337710895196255,1339,49843,0.04650159154413261,0.04846101550806045,567,49874,0.88978,0.9720496657933588,0.2916,0.3983146834896522,0.2995,False,/data/suehara/part/march/datasets/20250711_ilc_nnqq_sgv_10m_3cat_parquet,val50k_tail,150000,proxy
25,25,3120000,,lr_9e-6,1.161216e-05,validation_total_reference_mistag_geomean_percent,0.4127314840226271,min,0.9954295821562782,0.9954295821562782,0.562729801305731,0.30271593490917753,0.4127314840226271,,0.1745095672974354,0.07619963970741646,3.1491955792523147,0.2005253755046945,0.5222876383451381,0.0641681204756462,2.6455876008265444,1.1309631358410357,0.017720159436600227,0.019718975620816898,87,49854,0.01139578714411298,0.01339794476821305,38,49869,0.07728216944008319,0.07916165211378293,1570,49854,0.019058509482752957,0.021055681113934643,100,49869,0.031327278315028836,0.03331505351008819,260,49781,0.010382478121081161,0.012385118260624958,32,49869,0.07098383971451822,0.07288631098228485,1317,49781,0.046381813480275355,0.048341670583809324,564,49869,0.88943,0.9719277483867063,0.29212,0.3983146834896522,0.3007,False,/data/suehara/part/march/datasets/20250711_ilc_nnqq_sgv_10m_3cat_parquet,val50k_tail,150000,proxy
26,26,3240000,,lr_14e-6,1.3934591999999998e-05,validation_total_reference_mistag_geomean_percent,0.4150983505799463,min,1.008900588893752,1.008900588893752,0.5694636051894576,0.30257709023716534,0.4150983505799463,,0.17877588494008487,0.07614619921526285,3.1677480940359963,0.19437319035641332,0.5018367088774314,0.06612696344693254,2.7219623414665954,1.164235328811298,0.017958751392952256,0.019960246817693116,89,49783,0.01138779712810225,0.013388552715690453,38,49904,0.07755964633902324,0.07944106414287944,1577,49783,0.018743454757857644,0.020739472263256432,97,49904,0.030680891861719923,0.03266805165446944,250,49817,0.010550145391994777,0.012551302511971918,33,49904,0.0719618258521796,0.07385985618730655,1356,49817,0.04704954535375335,0.049006694523903195,581,49904,0.88909,0.9717797002848697,0.29275,0.3983146834896522,0.29931,False,/data/suehara/part/march/datasets/20250711_ilc_nnqq_sgv_10m_3cat_parquet,val50k_tail,150000,proxy
26,26,3240000,,lr_3e-6,9.289728e-06,validation_total_reference_mistag_geomean_percent,0.41366265700042865,min,1.0207013252114212,1.0207013252114212,0.5613094767599787,0.30485285013248664,0.41366265700042865,,0.18873986534083362,0.07414086601635932,3.2768452614251733,0.18835788688294944,0.5120996193790823,0.06211802287857132,2.713123777889072,1.1501853018793269,0.018474028014235276,0.02047427940023061,94,49804,0.011224645284575166,0.013225441146088885,37,49905,0.07884054009625607,0.08071678363673201,1632,49804,0.018436669624304503,0.02043288820002796,94,49905,0.031008004768214286,0.0329956302960322,255,49795,0.010197307932969298,0.012198585614039883,31,49905,0.07186216752052554,0.07376139140165688,1351,49795,0.046761642181819205,0.048719315192993426,574,49905,0.88863,0.9716136885799491,0.29347,0.3983146834896522,0.29834,False,/data/suehara/part/march/datasets/20250711_ilc_nnqq_sgv_10m_3cat_parquet,val50k_tail,150000,proxy
26,26,3240000,,lr_6e-6,1.0450943999999999e-05,validation_total_reference_mistag_geomean_percent,0.418704089897756,min,1.0149838371884534,1.0149838371884534,0.5645804905821717,0.31051925778790657,0.418704089897756,,0.18859595354397282,0.0782111714996658,3.240239166395868,0.19452522618425425,0.5140871940076711,0.06417326782312244,2.698957847933641,1.1410808701194335,0.018459954630523686,0.020458686811040787,94,49842,0.011557633113906283,0.013559870663733438,39,49865,0.07837848274360737,0.08025476470272935,1615,49842,0.0187581019799037,0.020755674465441347,97,49865,0.031069102456061405,0.03305656833043364,256,49797,0.01038331076362027,0.012386111338447896,32,49865,0.07167544985822658,0.0735751664023232,1344,49797,0.046592700312296856,0.04855230882637521,569,49865,0.88873,0.9716221634554616,0.29346,0.3983146834896522,0.29934,False,/data/suehara/part/march/datasets/20250711_ilc_nnqq_sgv_10m_3cat_parquet,val50k_tail,150000,proxy
26,26,3240000,,lr_9e-6,1.161216e-05,validation_total_reference_mistag_geomean_percent,0.40110561631241576,min,0.9836608194815051,0.9836608194815051,0.5617090832062842,0.28642177997018187,0.40110561631241576,,0.16241252384541785,0.07017825207493585,3.0998735544284153,0.19048383055728496,0.5104706618016586,0.06616806915726338,2.662888390373847,1.106811273613218,0.017059393765447198,0.019057933584678804,81,49873,0.010899073543966034,0.012901312054903113,35,49873,0.0766716411572263,0.07855238568627264,1546,49873,0.018551229569969657,0.020548643700421337,95,49873,0.030968495432437404,0.032957664399736394,254,49758,0.010556701472449397,0.012559100796069308,33,49873,0.07122879419177233,0.07313144945495093,1325,49758,0.04587704039843519,0.047837708830856564,552,49873,0.88945,0.9719517607987816,0.29163,0.3983146834896522,0.29933,False,/data/suehara/part/march/datasets/20250711_ilc_nnqq_sgv_10m_3cat_parquet,val50k_tail,150000,proxy
27,27,3360000,,lr_14e-6,1.3934591999999998e-05,validation_total_reference_mistag_geomean_percent,0.4136502406316127,min,1.0058633770255134,1.0058633770255134,0.5695672461344131,0.3004149601927976,0.4136502406316127,,0.1846685017798464,0.07214718095370788,3.1775026451511947,0.1923924881912417,0.5242332281123269,0.06613491781573934,2.7095426768165645,1.1202853773834869,0.018261109160575516,0.020260921745883835,92,49819,0.011061066225189245,0.01306222267400595,36,49898,0.0776489002949448,0.07952856699268568,1583,49819,0.01864409070387121,0.020640427605185443,96,49898,0.03138525482881101,0.03337271231922739,261,49787,0.01055141367519764,0.012552811101389467,33,49898,0.07182106846931081,0.0737207413763697,1349,49787,0.04614699960792355,0.048106145667677416,559,49898,0.88925,0.9718295572112058,0.29248,0.3983146834896522,0.2997,False,/data/suehara/part/march/datasets/20250711_ilc_nnqq_sgv_10m_3cat_parquet,val50k_tail,150000,proxy
27,27,3360000,,lr_3e-6,9.289728e-06,validation_total_reference_mistag_geomean_percent,0.4082715756224236,min,0.9849243707463634,0.9849243707463634,0.5637213738181254,0.2956880601000496,0.4082715756224236,,0.1789592271373143,0.07218624120725849,3.0423066121054427,0.19450180992101687,0.5049999121551666,0.06416554711154779,2.6432337263975203,1.1790418899356407,0.017977153968924967,0.019980694506538714,89,49732,0.011067052971870281,0.013069291252248039,36,49871,0.07607570344942347,0.07796409519075162,1513,49732,0.01875584707127188,0.020753180171421016,97,49871,0.030754912145786965,0.03273860017833875,252,49901,0.010382061849887096,0.012384621781427393,32,49871,0.07086842263942933,0.07276641335713582,1319,49901,0.047365879929617966,0.049323730349566317,588,49871,0.88951,0.9719093100819926,0.29187,0.3983146834896522,0.29974,False,/data/suehara/part/march/datasets/20250711_ilc_nnqq_sgv_10m_3cat_parquet,val50k_tail,150000,proxy
27,27,3360000,,lr_6e-6,1.0450943999999999e-05,validation_total_reference_mistag_geomean_percent,0.42031158442885436,min,1.0253206860170132,1.0253206860170132,0.5751717814342462,0.30714620172180684,0.42031158442885436,,0.17633857868135036,0.0761767315049182,3.2722828180873065,0.20246972531393065,0.5229704909016812,0.06615347655011881,2.725480871500123,1.1606927955966784,0.017809132506387233,0.01980587277008606,88,49904,0.011392361479044072,0.013393917989818295,38,49884,0.07870873091996577,0.08058139767548461,1633,49904,0.01915237857138901,0.02114887171643172,101,49884,0.03136813835953947,0.033358484902078905,260,49716,0.010554374188853079,0.012556332554050458,33,49884,0.07207982746782748,0.07398157211329845,1355,49716,0.04698646378595971,0.04894453964815002,579,49884,0.88863,0.9715914097686144,0.29388,0.3983146834896522,0.2996,False,/data/suehara/part/march/datasets/20250711_ilc_nnqq_sgv_10m_3cat_parquet,val50k_tail,150000,proxy
27,27,3360000,,lr_9e-6,1.161216e-05,validation_total_reference_mistag_geomean_percent,0.4101760272735107,min,0.9909830347614565,0.9909830347614565,0.574757818032618,0.2927222006753665,0.4101760272735107,,0.18107194725395395,0.07017121880177504,3.0661515554510674,0.18845984801053736,0.5047874548732987,0.0681663258350375,2.654140336009809,1.1949155918561734,0.018093209439418015,0.020097793608176935,90,49704,0.01089798126746441,0.012900019350915509,35,49878,0.07638911159082024,0.07827760765288377,1524,49704,0.018446641715848016,0.02044393677621357,94,49878,0.030742004747709786,0.03272486685661959,252,49922,0.010728064269857542,0.012730182743530443,34,49878,0.07099786031919998,0.07289461570412874,1325,49922,0.047683222455867716,0.049640161624895165,596,49878,0.8894,0.9718542386285046,0.29212,0.3983146834896522,0.2983,False,/data/suehara/part/march/datasets/20250711_ilc_nnqq_sgv_10m_3cat_parquet,val50k_tail,150000,proxy
28,28,3480000,,lr_14e-6,1.3934591999999998e-05,validation_total_reference_mistag_geomean_percent,0.41589274194612175,min,0.9945478909228052,0.9945478909228052,0.5695627974184937,0.30368341048155545,0.41589274194612175,,0.17464619860973782,0.08026487408447879,3.149653791478775,0.19263570535249547,0.5175111296558215,0.06822514029793865,2.6477314436895485,1.125714844213646,0.017734022172124553,0.019734397706454625,87,49815,0.011723574546273477,0.013726934973511455,40,49835,0.07731756553115629,0.07919850122576136,1569,49815,0.018667640543746505,0.020666491346467333,96,49835,0.03115783327991145,0.03314288949764262,258,49854,0.010737318517187134,0.0127411621184805,34,49835,0.07096090148380162,0.07286050106756932,1320,49854,0.046288446128632185,0.04824985094205904,561,49835,0.88954,0.9719909676806261,0.29157,0.3983146834896522,0.29928,False,/data/suehara/part/march/datasets/20250711_ilc_nnqq_sgv_10m_3cat_parquet,val50k_tail,150000,proxy
28,28,3480000,,lr_3e-6,9.289728e-06,validation_total_reference_mistag_geomean_percent,0.4160601453645728,min,0.9863601700798635,0.9863601700798635,0.5681714359743492,0.30467220560627506,0.4160601453645728,,0.1805307542470014,0.07822058108381529,3.0730347484191944,0.19855994352482076,0.5101221129716232,0.06819230296028847,2.6530366047479057,1.1291843126842585,0.01803917438570862,0.020037789110286995,90,49853,0.011559023525144294,0.013561501640585862,39,49859,0.07636026826995691,0.07824284400221211,1532,49853,0.018962182809457474,0.0209598338347672,99,49859,0.03094739820932984,0.03293522291931035,254,49792,0.010732151388092746,0.012735031761045294,34,49859,0.0710746654684298,0.0729764172555325,1321,49792,0.046349510211150455,0.04830983173944037,563,49859,0.88944,0.9719424462666248,0.29178,0.3983146834896522,0.2986,False,/data/suehara/part/march/datasets/20250711_ilc_nnqq_sgv_10m_3cat_parquet,val50k_tail,150000,proxy
28,28,3480000,,lr_6e-6,1.0450943999999999e-05,validation_total_reference_mistag_geomean_percent,0.41609870131117827,min,0.9858587391407119,0.9858587391407119,0.5683695200635345,0.3046224737974955,0.41609870131117827,,0.1805307542470014,0.07822058108381529,3.071028787146065,0.19855994352482076,0.5121304732400965,0.06819230296028847,2.6510283929970795,1.1271786779265285,0.01803917438570862,0.020037789110286995,90,49853,0.011559023525144294,0.013561501640585862,39,49859,0.07633579867246942,0.07821845487559279,1531,49853,0.018962182809457474,0.0209598338347672,99,49859,0.031009868644762007,0.03299761268658599,255,49792,0.010732151388092746,0.012735031761045294,34,49859,0.07104810607088778,0.07294993852614735,1320,49792,0.04630791614613546,0.04826831812592743,562,49859,0.88941,0.9719484034492956,0.29175,0.3983146834896522,0.29859,False,/data/suehara/part/march/datasets/20250711_ilc_nnqq_sgv_10m_3cat_parquet,val50k_tail,150000,proxy
28,28,3480000,,lr_9e-6,1.161216e-05,validation_total_reference_mistag_geomean_percent,0.4160096081290972,min,0.9943957373662139,0.9943957373662139,0.5615610446565822,0.3081837597220812,0.4160096081290972,,0.1864549535006337,0.07620575703238112,3.165724424959232,0.20054146440190104,0.5144591145676333,0.06617868503469856,2.6386126186446632,1.1069888807885675,0.01834336265198204,0.020340738102569415,93,49878,0.011396701002768081,0.01339901898473817,38,49865,0.07746236365430807,0.07934027923531609,1579,49878,0.019060036970740248,0.021057368159849155,100,49865,0.031091526756272993,0.033080415502120555,256,49761,0.010558394687091481,0.012561114829776173,33,49865,0.07090545591159729,0.07280897214615063,1313,49761,0.0458843619555031,0.04784533781601128,552,49865,0.88959,0.9719757423014013,0.29196,0.3983146834896522,0.29913,False,/data/suehara/part/march/datasets/20250711_ilc_nnqq_sgv_10m_3cat_parquet,val50k_tail,150000,proxy
29,29,3600000,,lr_14e-6,1.3934591999999998e-05,validation_total_reference_mistag_geomean_percent,0.4124473418340982,min,1.0005942992703956,1.0005942992703956,0.5559001683892013,0.3060132366553138,0.4124473418340982,,0.18072289821111465,0.07606693816274201,3.218875530116668,0.19817439818769125,0.5045428954230609,0.06405636960525263,2.6453323775003454,1.1169829869562886,0.018058357885196073,0.020059091890876055,90,49800,0.011375946914543371,0.013374623098505336,38,49956,0.07815745802106575,0.0800361803157186,1603,49800,0.018925395177447728,0.020919182859115322,99,49956,0.030786377662553495,0.03277618477842727,251,49748,0.010364401126955946,0.012363558147209158,32,49956,0.07100368640146973,0.07290742989477933,1316,49748,0.04605203848157217,0.04800904218695886,558,49956,0.88932,0.97181175067641,0.29243,0.3983146834896522,0.29962,False,/data/suehara/part/march/datasets/20250711_ilc_nnqq_sgv_10m_3cat_parquet,val50k_tail,150000,proxy
29,29,3600000,,lr_3e-6,9.289728e-06,validation_total_reference_mistag_geomean_percent,0.4153224898911783,min,1.0038586662089832,1.0038586662089832,0.5622629751569249,0.3067830859061385,0.4153224898911783,,0.18072289821111465,0.07606693816274201,3.218875530116668,0.20017615599469796,0.5085631461509105,0.06605812873416514,2.6634235453452777,1.1169829869562886,0.018058357885196073,0.020059091890876055,90,49800,0.011375946914543371,0.013374623098505336,38,49956,0.07815745802106575,0.0800361803157186,1603,49800,0.019025347085643005,0.02101905462792873,100,49956,0.03091205576716922,0.03290170126121665,253,49748,0.01053916636270172,0.01253824324357304,33,49956,0.07124292411678362,0.07314594031187435,1325,49748,0.04605203848157217,0.04800904218695886,558,49956,0.88925,0.971791081991947,0.29252,0.3983146834896522,0.30032,False,/data/suehara/part/march/datasets/20250711_ilc_nnqq_sgv_10m_3cat_parquet,val50k_tail,150000,proxy
29,29,3600000,,lr_6e-6,1.0450943999999999e-05,validation_total_reference_mistag_geomean_percent,0.4179079734055972,min,1.0052215517529999,1.0052215517529999,0.5724417298305899,0.3050914444823212,0.4179079734055972,,0.1803209766212269,0.07627918479600905,3.1696419341074216,0.19872733963720132,0.5143040822886532,0.068249791905618,2.702105412456996,1.1321436922108719,0.018018227774264515,0.020014528424555884,90,49911,0.011407678750063724,0.013411923031977673,38,49817,0.0774840227575662,0.07936053974896343,1582,49911,0.018978155881152287,0.0209774843430707,99,49817,0.031082179365247986,0.033070475000489784,256,49776,0.010741197130397201,0.012745763761163318,34,49817,0.07173159577571614,0.0736319873046419,1345,49776,0.04642996756246617,0.048391822970321116,564,49817,0.88911,0.9718088854631873,0.29269,0.3983146834896522,0.29807,False,/data/suehara/part/march/datasets/20250711_ilc_nnqq_sgv_10m_3cat_parquet,val50k_tail,150000,proxy
29,29,3600000,,lr_9e-6,1.161216e-05,validation_total_reference_mistag_geomean_percent,0.4098950856372659,min,0.990814343006897,0.990814343006897,0.5563482705688462,0.3019942545301584,0.4098950856372659,,0.18083182640144665,0.07424351728663145,3.1504922373711977,0.19664499678969602,0.48498938752699,0.06621719482396872,2.6453967126295734,1.1276988712256713,0.01806923456435718,0.020071170156312303,90,49770,0.011240181771709665,0.013243743642659333,37,49836,0.07736218818450019,0.07924479081396624,1568,49770,0.018870225816054874,0.020868875614574657,98,49836,0.030123815468948746,0.03210842480467369,242,49898,0.010564537146004895,0.012568421120064718,33,49836,0.07089914407714219,0.07279716220940612,1320,49898,0.04632917349402157,0.04829045933176356,562,49836,0.88928,0.9718735557867472,0.29199,0.3983146834896522,0.29915,False,/data/suehara/part/march/datasets/20250711_ilc_nnqq_sgv_10m_3cat_parquet,val50k_tail,150000,proxy
30,30,3720000,,lr_14e-6,1.3934591999999998e-05,validation_total_reference_mistag_geomean_percent,0.4124349273781184,min,1.0058286473868006,1.0058286473868006,0.5666303526963877,0.3002002425601409,0.4124349273781184,,0.18497667412978602,0.07208361417667877,3.1687308310967977,0.19222297113781006,0.5218159283484052,0.06407432621841336,2.701400927163865,1.1413239068226477,0.01829155938706036,0.02029469682289871,92,49736,0.011051323911391348,0.013050719878113595,36,49942,0.0776076465629924,0.07949080272845604,1576,49736,0.018627678406076355,0.020622263313724885,96,49942,0.031299052892462716,0.033285051811948047,260,49826,0.01036730581759468,0.01236702252158852,32,49942,0.07168684589436113,0.07358535871371356,1346,49826,0.04656251442814868,0.048519091969114955,570,49942,0.88937,0.9718897819600398,0.29229,0.3983146834896522,0.29984,False,/data/suehara/part/march/datasets/20250711_ilc_nnqq_sgv_10m_3cat_parquet,val50k_tail,150000,proxy
30,30,3720000,,lr_3e-6,9.289728e-06,validation_total_reference_mistag_geomean_percent,0.4184176939152664,min,1.0161757884209044,1.0161757884209044,0.5648782123087198,0.3099311723598354,0.4184176939152664,,0.1845277574955673,0.07640033551983284,3.255310272691718,0.2010535184733873,0.5189444908510457,0.06433712654308577,2.69891199904128,1.1299208067513182,0.018247201900428136,0.020245495945541758,92,49857,0.011425792411990765,0.013433215145147021,38,49738,0.0785451315650762,0.08042024447826451,1623,49857,0.01910866233697031,0.021111072778657973,100,49738,0.03118541260094046,0.03316822388208865,259,49909,0.01040981677531876,0.012417724568939727,32,49738,0.07159543608861729,0.07349089142743223,1347,49909,0.04641996743450869,0.04838502822041447,562,49738,0.88921,0.9718527019873879,0.29253,0.3983146834896522,0.29931,False,/data/suehara/part/march/datasets/20250711_ilc_nnqq_sgv_10m_3cat_parquet,val50k_tail,150000,proxy
30,30,3720000,,lr_6e-6,1.0450943999999999e-05,validation_total_reference_mistag_geomean_percent,0.4129966019510463,min,0.9941030901091681,0.9941030901091681,0.5675148611091002,0.30054929819771015,0.4129966019510463,,0.17227909128667793,0.07612484400075456,3.1370820137451974,0.1983252507481682,0.5013389105655172,0.06811170119449898,2.655686942099229,1.1438759672333014,0.01758980469873509,0.0195861076197235,86,49919,0.011384604257994676,0.013384799580627531,38,49918,0.07708661410506003,0.0789641348553416,1566,49919,0.01893978980797941,0.020935089182830054,99,49918,0.030710078995960927,0.032703260162217536,249,49667,0.010719469977683816,0.012719986346072885,34,49918,0.07119794045082548,0.07310437167919945,1319,49667,0.04662602336905682,0.04858343934467466,571,49918,0.88923,0.9718926549003908,0.2922,0.3983146834896522,0.30011,False,/data/suehara/part/march/datasets/20250711_ilc_nnqq_sgv_10m_3cat_parquet,val50k_tail,150000,proxy
30,30,3720000,,lr_9e-6,1.161216e-05,validation_total_reference_mistag_geomean_percent,0.4127532460057677,min,0.9923477326626913,0.9923477326626913,0.5672996107350945,0.30030911156018986,0.4127532460057677,,0.17227909128667793,0.07612484400075456,3.127065920750236,0.1983252507481682,0.5013389105655172,0.06811170119449898,2.651660175522376,1.1438759672333014,0.01758980469873509,0.0195861076197235,86,49919,0.011384604257994676,0.013384799580627531,38,49918,0.07696579979100011,0.07884372183239938,1561,49919,0.01893978980797941,0.020935089182830054,99,49918,0.030710078995960927,0.032703260162217536,249,49667,0.010719469977683816,0.012719986346072885,34,49918,0.07114463876602452,0.0730512321438146,1317,49667,0.04662602336905682,0.04858343934467466,571,49918,0.88926,0.9718986947794889,0.29217,0.3983146834896522,0.3001,False,/data/suehara/part/march/datasets/20250711_ilc_nnqq_sgv_10m_3cat_parquet,val50k_tail,150000,proxy
31,31,3840000,,lr_14e-6,1.3934591999999998e-05,validation_total_reference_mistag_geomean_percent,0.42022918795975506,min,1.0062921086908128,1.0062921086908128,0.572690373294567,0.3083561006926227,0.42022918795975506,,0.17861443212024727,0.08018281525270556,3.180942496671704,0.1984524728493543,0.5041172989632657,0.06815539163059778,2.6651936851713525,1.1746782768672748,0.01794254508578801,0.019942239463212764,89,49828,0.011711592956376037,0.013712908617096365,40,49886,0.0776831608251323,0.07956234995427428,1585,49828,0.018951928596855697,0.020948502755588957,99,49886,0.03076046785540406,0.032748613612965626,251,49790,0.010726344309129403,0.012728142156492471,34,49886,0.07123661746713458,0.07313795731513917,1327,49790,0.047270386348391945,0.04922782302462219,586,49886,0.88914,0.9718400644794903,0.29269,0.3983146834896522,0.29984,False,/data/suehara/part/march/datasets/20250711_ilc_nnqq_sgv_10m_3cat_parquet,val50k_tail,150000,proxy
31,31,3840000,,lr_3e-6,9.289728e-06,validation_total_reference_mistag_geomean_percent,0.4041768866497124,min,0.9985735671903784,0.9985735671903784,0.53643891624106,0.30452480376805047,0.4041768866497124,,0.1823099282132403,0.07622715767427518,3.213462848105273,0.19257387013299632,0.49861271602417223,0.056167379889088626,2.6559169896257293,1.1133176478582532,0.01812168848999041,0.020117749475370813,91,49915,0.01139990066261993,0.013402780099475924,38,49851,0.07800409878354966,0.07987870961426932,1604,49915,0.018661653997840002,0.020659865749820594,96,49851,0.030603042610354535,0.03259348822724634,248,49738,0.009656894237108232,0.011660578447218599,28,49851,0.07115082028055185,0.07305452091767271,1321,49738,0.04602302638140564,0.047984299041009884,555,49851,0.88911,0.9718799009010328,0.29228,0.3983146834896522,0.29892,False,/data/suehara/part/march/datasets/20250711_ilc_nnqq_sgv_10m_3cat_parquet,val50k_tail,150000,proxy
31,31,3840000,,lr_6e-6,1.0450943999999999e-05,validation_total_reference_mistag_geomean_percent,0.4003876326022641,min,0.9975712145916693,0.9975712145916693,0.5265918112574494,0.3044298314439044,0.4003876326022641,,0.1823099282132403,0.07622715767427518,3.2094559850653734,0.19257387013299632,0.49861271602417223,0.05215542213931457,2.6559169896257293,1.1133176478582532,0.01812168848999041,0.020117749475370813,91,49915,0.01139990066261993,0.013402780099475924,38,49851,0.07795642847768167,0.07983119985057532,1602,49915,0.018661653997840002,0.020659865749820594,96,49851,0.030603042610354535,0.03259348822724634,248,49738,0.009272794282569547,0.0112766394473308,26,49851,0.07115082028055185,0.07305452091767271,1321,49738,0.04602302638140564,0.047984299041009884,555,49851,0.88913,0.9718856334254928,0.29224,0.3983146834896522,0.29892,False,/data/suehara/part/march/datasets/20250711_ilc_nnqq_sgv_10m_3cat_parquet,val50k_tail,150000,proxy
31,31,3840000,,lr_9e-6,1.161216e-05,validation_total_reference_mistag_geomean_percent,0.41505517687897453,min,1.010918173113995,1.010918173113995,0.5749132934926244,0.29964657593405764,0.41505517687897453,,0.18061408126200562,0.07012622720897616,3.2089102883703076,0.19835704097881646,0.5164375705180467,0.06812262138375072,2.6907002385606953,1.1540773166293603,0.01804749429246222,0.020047028153396186,90,49830,0.010890995878796484,0.012891752175917015,35,49910,0.07801559612321748,0.07989358732166732,1599,49830,0.018942823047164648,0.020938440965352027,99,49910,0.031151914598932535,0.03314060393539786,257,49764,0.010721187734355063,0.012722024318646429,34,49910,0.07159060913302998,0.0734919172771284,1339,49764,0.04683914903940694,0.04879646997710801,576,49910,0.88928,0.9718040190649054,0.29271,0.3983146834896522,0.29826,False,/data/suehara/part/march/datasets/20250711_ilc_nnqq_sgv_10m_3cat_parquet,val50k_tail,150000,proxy
32,32,3960000,,lr_14e-6,1.3934591999999998e-05,validation_total_reference_mistag_geomean_percent,0.411751875926948,min,0.996435196384895,0.996435196384895,0.5529031791193639,0.30663525501769556,0.411751875926948,,0.18479832968658164,0.07393641269948142,3.1134501154253575,0.20782127978789647,0.505264001905842,0.059948445215265926,2.671256257954595,1.1550067284041403,0.01827393724700751,0.02027515053097738,92,49784,0.011193700804817996,0.013188987495942474,37,50043,0.07690402709901352,0.0787875884084667,1550,49784,0.019386494916313283,0.021376430921680404,104,50043,0.030830276975172752,0.032822898900150554,251,49677,0.009989138126029933,0.011984983844024584,30,50043,0.07139652497857862,0.07330194563497372,1327,49677,0.04679714890715777,0.04874923080731581,578,50043,0.88947,0.9719944956610852,0.29181,0.3983146834896522,0.2993,False,/data/suehara/part/march/datasets/20250711_ilc_nnqq_sgv_10m_3cat_parquet,val50k_tail,150000,proxy
32,32,3960000,,lr_3e-6,9.289728e-06,validation_total_reference_mistag_geomean_percent,0.4164918064842003,min,0.9951105129669638,0.9951105129669638,0.5726659354494638,0.3029085792091442,0.4164918064842003,,0.18476121439901522,0.07230222116624577,3.1068001667269316,0.202847905855989,0.5228469918626671,0.06828543378005054,2.67833889941302,1.1247012705317918,0.018270270240746952,0.020271083124923636,92,49794,0.011084829589592124,0.0130902801750961,36,49791,0.07681577394115999,0.0786992240861116,1547,49794,0.019188120246850557,0.021188327191571037,101,49791,0.03130246199454573,0.0332847197264302,261,49919,0.010746804521239404,0.012752416449536716,34,49791,0.07131864635735972,0.07321454624081188,1337,49919,0.0462874055533297,0.04825058432697902,560,49791,0.88953,0.9718075474452181,0.29238,0.3983146834896522,0.30145,False,/data/suehara/part/march/datasets/20250711_ilc_nnqq_sgv_10m_3cat_parquet,val50k_tail,150000,proxy
32,32,3960000,,lr_6e-6,1.0450943999999999e-05,validation_total_reference_mistag_geomean_percent,0.40724891544403574,min,0.998969521100034,0.998969521100034,0.5594085955984633,0.2964768157573855,0.40724891544403574,,0.1728261109198908,0.07001820712705348,3.1289564181240848,0.20405305105330368,0.5064715856658093,0.06201612358650629,2.687113042765181,1.1603016295584432,0.01764561437768912,0.019648233801795867,86,49761,0.010874223929635735,0.01287190264433795,35,49987,0.0771092729399462,0.07899308161276389,1557,49761,0.01921184669606041,0.021204162729756726,102,49987,0.03084433130322306,0.032833740970955594,252,49756,0.010180583948757456,0.012178582823519723,31,49987,0.07154918917027485,0.07345094718977062,1337,49756,0.04693103513195365,0.04888509203847362,580,49987,0.88946,0.9718601286399359,0.29231,0.3983146834896522,0.30086,False,/data/suehara/part/march/datasets/20250711_ilc_nnqq_sgv_10m_3cat_parquet,val50k_tail,150000,proxy
32,32,3960000,,lr_9e-6,1.161216e-05,validation_total_reference_mistag_geomean_percent,0.40941849368919464,min,1.0035287588834987,1.0035287588834987,0.5568800475143193,0.3010046844431411,0.40941849368919464,,0.17412187957682346,0.07423160278190906,3.230261222780745,0.1966134343953267,0.499044151045837,0.06420030495144852,2.66223962086159,1.1275178546743103,0.01768082231996585,0.019675213630644367,87,49965,0.011238378236003349,0.013241619018324546,37,49844,0.0781649226462039,0.08003698520142877,1614,49965,0.01886719969123698,0.020865529977768648,98,49844,0.030629462409495403,0.032621612917808476,248,49695,0.010387684328939365,0.012391327610915433,32,49844,0.07126476438766433,0.07316985776894477,1323,49695,0.046321777420796004,0.04828275573935496,562,49844,0.88933,0.9719140353976163,0.29235,0.3983146834896522,0.29924,False,/data/suehara/part/march/datasets/20250711_ilc_nnqq_sgv_10m_3cat_parquet,val50k_tail,150000,proxy
33,33,4080000,,lr_14e-6,1.3934591999999998e-05,validation_total_reference_mistag_geomean_percent,0.4031010188696984,min,0.9785251581867203,0.9785251581867203,0.5599915161186437,0.290165880619096,0.4031010188696984,,0.17457959551962096,0.07021908491640569,3.0340730205764976,0.19059464738943266,0.5077670476107536,0.06420030495144852,2.647212199085416,1.1395553654441868,0.017727265823303927,0.019726881370438036,87,49834,0.01090541306792178,0.012908814850104922,35,49844,0.07589769134104217,0.07778254844457398,1512,49834,0.018562014133694547,0.02056058592001919,95,49844,0.030863776884719734,0.03285033971092795,253,49826,0.010387684328939365,0.012391327610915433,32,49844,0.07097370478233722,0.07287439267047724,1319,49826,0.046570845195070126,0.04853134051404327,568,49844,0.88995,0.9721134568774067,0.29106,0.3983146834896522,0.2989,False,/data/suehara/part/march/datasets/20250711_ilc_nnqq_sgv_10m_3cat_parquet,val50k_tail,150000,proxy
33,33,4080000,,lr_3e-6,9.289728e-06,validation_total_reference_mistag_geomean_percent,0.41527453347586457,min,1.017376552774554,1.017376552774554,0.5879062627534586,0.29333407224803787,0.41527453347586457,,0.1765189692171345,0.0682196689996983,3.2254829691462543,0.1906137835963483,0.5440456036663972,0.0702261277885782,2.7101903317756233,1.1537149680063974,0.017827337675035408,0.019826113341350718,88,49853,0.010736456983507614,0.012740139982410933,34,49839,0.07819491062445935,0.08007137057071192,1608,49853,0.0185638748086763,0.020562646326478872,95,49839,0.03198018307515177,0.03396584763615002,271,49812,0.010906506834746223,0.012910109317565942,35,49839,0.07181174248969066,0.0737104359907613,1350,49812,0.046864387098875804,0.04882451089654079,575,49839,0.88908,0.9718139833624542,0.29273,0.3983146834896522,0.29808,False,/data/suehara/part/march/datasets/20250711_ilc_nnqq_sgv_10m_3cat_parquet,val50k_tail,150000,proxy
33,33,4080000,,lr_6e-6,1.0450943999999999e-05,validation_total_reference_mistag_geomean_percent,0.416701906920849,min,1.0009357413329782,1.0009357413329782,0.5701593287025114,0.30454729141522346,0.416701906920849,,0.1822953233194038,0.0742807789870267,3.133075637989594,0.20276645522059267,0.5223610726861894,0.06625042872324861,2.692168654901574,1.1342875788361972,0.018120237534127337,0.02011613916399848,91,49919,0.011245821553616754,0.01325038749028449,37,49811,0.0770383138597161,0.07891599512644398,1564,49919,0.01918042261019324,0.021179829722647654,101,49811,0.031331673512284726,0.033319725302458775,260,49774,0.010569838108285223,0.01257472647146629,33,49811,0.07160278059885061,0.07350364775697907,1340,49774,0.046477087443085215,0.04843909307999366,565,49811,0.88929,0.9718425543394216,0.29265,0.3983146834896522,0.29869,False,/data/suehara/part/march/datasets/20250711_ilc_nnqq_sgv_10m_3cat_parquet,val50k_tail,150000,proxy
33,33,4080000,,lr_9e-6,1.161216e-05,validation_total_reference_mistag_geomean_percent,0.4170293570822609,min,1.0021877724897537,1.0021877724897537,0.5706002612519399,0.3047904049094976,0.4170293570822609,,0.1822953233194038,0.0742807789870267,3.143091888832836,0.20276645522059267,0.5243701373383127,0.06625042872324861,2.6901595886604124,1.1342875788361972,0.018120237534127337,0.02011613916399848,91,49919,0.011245821553616754,0.01325038749028449,37,49811,0.07715900092970136,0.0790362809053119,1569,49919,0.01918042261019324,0.021179829722647654,101,49811,0.03139343236479705,0.033381403428459855,261,49774,0.010569838108285223,0.01257472647146629,33,49811,0.07157641684310684,0.07347736472774619,1339,49774,0.046477087443085215,0.04843909307999366,565,49811,0.88928,0.9718483584586411,0.29262,0.3983146834896522,0.29868,False,/data/suehara/part/march/datasets/20250711_ilc_nnqq_sgv_10m_3cat_parquet,val50k_tail,150000,proxy
34,34,4200000,,lr_14e-6,1.3934591999999998e-05,validation_total_reference_mistag_geomean_percent,0.4085535806103521,min,0.9877600586515944,0.9877600586515944,0.5599389351932031,0.2980968418849927,0.4085535806103521,,0.18040049482411116,0.07214718095370788,3.120928354274133,0.19439657565875806,0.4988233474535698,0.06613491781573934,2.640947889777419,1.128301708455316,0.01802616731177782,0.0200233450833118,90,49889,0.011061066225189245,0.01306222267400595,36,49898,0.07691450230223676,0.07879379961788467,1557,49889,0.018745706687583998,0.020741963263106462,97,49898,0.030615939606511416,0.03260721748011433,248,49717,0.01055141367519764,0.012552811101389467,33,49898,0.07096739125499046,0.07287249814728822,1313,49717,0.04631347771242144,0.048272302469008245,563,49898,0.88951,0.971870333607557,0.29219,0.3983146834896522,0.29957,False,/data/suehara/part/march/datasets/20250711_ilc_nnqq_sgv_10m_3cat_parquet,val50k_tail,150000,proxy
34,34,4200000,,lr_3e-6,9.289728e-06,validation_total_reference_mistag_geomean_percent,0.4157741865771435,min,0.99383687299552,0.99383687299552,0.5699021166851489,0.3033295879463964,0.4157741865771435,,0.18631672843108668,0.07229351165732875,3.1613742735546766,0.1988071570576541,0.5141388174807198,0.07028535579902231,2.6429949452762003,1.104484194707472,0.018329776297467695,0.020325676740674054,93,49915,0.011083494362571215,0.013088703667697656,36,49797,0.07738180898639486,0.07925850686537686,1578,49915,0.01898577156782149,0.020985899799595566,99,49797,0.031072215007731715,0.033059878381399344,256,49792,0.010915703145301003,0.012920993102385408,35,49797,0.07094175939285005,0.07284391452073505,1316,49792,0.04586250626874323,0.04782626046747132,550,49797,0.88937,0.9718148619691656,0.29241,0.3983146834896522,0.29925,False,/data/suehara/part/march/datasets/20250711_ilc_nnqq_sgv_10m_3cat_parquet,val50k_tail,150000,proxy
34,34,4200000,,lr_6e-6,1.0450943999999999e-05,validation_total_reference_mistag_geomean_percent,0.4048909372040401,min,0.9850334672549157,0.9850334672549157,0.5483410402089028,0.29896845030514335,0.4048909372040401,,0.17858217265094248,0.07222969324599465,3.118165289737891,0.19863164329132052,0.49773211992901606,0.06219778988292815,2.651226261930159,1.101502767371073,0.01793930733368699,0.019938641890535156,89,49837,0.011073712517895419,0.013077154206013257,36,49841,0.076920702145521,0.0788020711724239,1554,49837,0.018969025118062942,0.02096739469999616,99,49841,0.030549116013880388,0.03253608163060481,248,49826,0.010210399025594612,0.012214243261822336,31,49841,0.07102679969841763,0.07292732647035116,1321,49826,0.0457801160254229,0.04774225627746601,549,49841,0.88937,0.9720205698256977,0.29137,0.3983146834896522,0.30061,False,/data/suehara/part/march/datasets/20250711_ilc_nnqq_sgv_10m_3cat_parquet,val50k_tail,150000,proxy
34,34,4200000,,lr_9e-6,1.161216e-05,validation_total_reference_mistag_geomean_percent,0.4148805366457064,min,1.0022760784786655,1.0022760784786655,0.5733288964576854,0.3002218460484193,0.4148805366457064,,0.17648710095161277,0.07408148945754028,3.166740144209266,0.19621583909965865,0.5191460453137436,0.0680748827033706,2.6742055520083423,1.1432575740857895,0.017824122294136373,0.01982253847028271,88,49862,0.01121565827582624,0.013214854147782428,37,49945,0.07748682879030917,0.07936530621032098,1579,49862,0.01882907817319134,0.020823383389327946,98,49945,0.03125603153401133,0.0332472929117365,258,49697,0.010713676610520572,0.012713113006533442,34,49945,0.0714212236872333,0.07332575885217185,1329,49697,0.04660095445788732,0.04855733704775111,571,49945,0.88903,0.9717379456908318,0.29286,0.3983146834896522,0.29817,False,/data/suehara/part/march/datasets/20250711_ilc_nnqq_sgv_10m_3cat_parquet,val50k_tail,150000,proxy
35,35,4320000,,lr_14e-6,1.3934591999999998e-05,validation_total_reference_mistag_geomean_percent,0.4215402270684301,min,0.9955152095896331,0.9955152095896331,0.567794095890837,0.3129588072910626,0.4215402270684301,,0.18089361933751025,0.08199835763055176,3.139509260057678,0.2059958833513106,0.5085427042093518,0.0679986386991276,2.641205993291999,1.1379772201395366,0.018075403833784635,0.020078020965494447,90,49753,0.011841163310136215,0.013837803510126877,41,50001,0.07724284727180855,0.07912653464667921,1562,49753,0.019304857444850713,0.02129653794242744,103,50001,0.03091081596042532,0.032900382292214925,253,49750,0.010701680678603406,0.012698880844995637,34,50001,0.07094758711456914,0.07285141996093702,1314,49750,0.046466655567570236,0.04842105830184275,569,50001,0.88933,0.9718379250029782,0.29238,0.3983146834896522,0.29891,False,/data/suehara/part/march/datasets/20250711_ilc_nnqq_sgv_10m_3cat_parquet,val50k_tail,150000,proxy
35,35,4320000,,lr_3e-6,9.289728e-06,validation_total_reference_mistag_geomean_percent,0.40427665232192295,min,0.9862770411620495,0.9862770411620495,0.5616100825471724,0.29101972470177806,0.40427665232192295,,0.18080277136747988,0.06622117727705018,3.1098076074646106,0.19264342905303714,0.49906801697909564,0.06622117727705018,2.6316317835714154,1.143820366306657,0.018066332835683496,0.020067947863535645,90,49778,0.010565172980721217,0.012569177428337823,33,49833,0.07686444870067637,0.07874838339018315,1548,49778,0.01866838913205829,0.020667319844862697,96,49833,0.030571288847854993,0.032555532724652586,249,49893,0.010565172980721217,0.012569177428337823,33,49833,0.07072029664835985,0.07261905675210664,1313,49893,0.046663807616890464,0.048624564515393175,570,49833,0.88939,0.9718922308758872,0.29201,0.3983146834896522,0.29842,False,/data/suehara/part/march/datasets/20250711_ilc_nnqq_sgv_10m_3cat_parquet,val50k_tail,150000,proxy
35,35,4320000,,lr_6e-6,1.0450943999999999e-05,validation_total_reference_mistag_geomean_percent,0.41308613805501093,min,0.9988217710569824,0.9988217710569824,0.5545903083644182,0.3076868724165963,0.41308613805501093,,0.17863953520574838,0.08007206485837254,3.0990948047980735,0.2021819584563215,0.5027348712558867,0.06005405011126347,2.712757381528488,1.1550395022417048,0.017945064145540708,0.01994503847296573,89,49821,0.011695421497737234,0.013693977344287851,40,49955,0.07670169883217358,0.07858443759178775,1544,49821,0.019125181418595164,0.02111884856713518,101,49955,0.030735676447458775,0.03272635653844263,250,49728,0.010006730840857462,0.012006088113311456,30,49955,0.07190514033332922,0.07380693777947721,1349,49728,0.046838178264286406,0.048793697539825306,577,49955,0.88959,0.9718821929827549,0.29227,0.3983146834896522,0.29982,False,/data/suehara/part/march/datasets/20250711_ilc_nnqq_sgv_10m_3cat_parquet,val50k_tail,150000,proxy
35,35,4320000,,lr_9e-6,1.161216e-05,validation_total_reference_mistag_geomean_percent,0.4030762426679528,min,0.9900588271288113,0.9900588271288113,0.5585846632805248,0.2908609349371281,0.4030762426679528,,0.18097000541452005,0.06622117727705018,3.1327918253713305,0.19063671662696813,0.5046156205853545,0.06421447635101238,2.6452272056467785,1.1357935897574767,0.018083030514578765,0.020086490189273803,90,49732,0.010565172980721217,0.012569177428337823,33,49833,0.07717783831010863,0.0790625912200936,1558,49732,0.018566108111115136,0.020565119359392783,95,49833,0.0307315638340651,0.032713757841631386,252,49939,0.01038997671484425,0.012394061697934045,32,49833,0.07086817844959119,0.07276464512251217,1321,49939,0.046498180625569735,0.04845925966596547,566,49833,0.88945,0.971926654531854,0.29186,0.3983146834896522,0.30057,False,/data/suehara/part/march/datasets/20250711_ilc_nnqq_sgv_10m_3cat_parquet,val50k_tail,150000,proxy
36,36,4440000,,lr_14e-6,1.3934591999999998e-05,validation_total_reference_mistag_geomean_percent,0.3933622606936254,min,0.9848073095297581,0.9848073095297581,0.5510478192171804,0.28079934760982256,0.3933622606936254,,0.1649633841497212,0.06406149903907751,3.1262574186957695,0.18818066032529387,0.5035711242346754,0.062059576435815195,2.6603000672016415,1.109064746156071,0.017226996043904066,0.019232067021546943,82,49708,0.01036523087246592,0.012364547770388418,32,49952,0.07711722243976989,0.07900314823417742,1554,49708,0.01841933649326399,0.020413683953739787,94,49952,0.030727219258414994,0.032713233055507634,251,49844,0.010187715519852765,0.012187112569992135,31,49952,0.07113398632480651,0.07303346269610066,1326,49844,0.04588863479946335,0.04784611224017323,554,49952,0.88955,0.9719121229565001,0.29163,0.3933622606936254,0.29949,False,/data/suehara/part/march/datasets/20250711_ilc_nnqq_sgv_10m_3cat_parquet,val50k_tail,150000,proxy
36,36,4440000,,lr_3e-6,9.289728e-06,validation_total_reference_mistag_geomean_percent,0.4105629686497971,min,0.9997896363269758,0.9997896363269758,0.5697447197000266,0.295855223222223,0.4105629686497971,,0.1806866046865147,0.06992168975596033,3.162015669192638,0.19178519309212771,0.515733913533986,0.0679239225534619,2.6935008441849875,1.116749253616131,0.018054735234737447,0.020055069032126942,90,49810,0.010859238345555477,0.012854167259085642,35,50056,0.07747005161639377,0.07935067976441307,1575,49810,0.018585289745473965,0.020575349669137957,96,50056,0.03116838795100465,0.03316215358232146,256,49638,0.010689925079065238,0.012684933812101421,34,50056,0.07171701717917645,0.07362303861607605,1337,49638,0.04600211012187969,0.04795521361426417,559,50056,0.88937,0.9718415126891943,0.29228,0.3933622606936254,0.29913,False,/data/suehara/part/march/datasets/20250711_ilc_nnqq_sgv_10m_3cat_parquet,val50k_tail,150000,proxy
36,36,4440000,,lr_6e-6,1.0450943999999999e-05,validation_total_reference_mistag_geomean_percent,0.4208996861518271,min,1.0091034443570726,1.0091034443570726,0.5710444669845242,0.3102324880901222,0.4208996861518271,,0.17393043504477457,0.08224509016790668,3.1647341909518643,0.2046097385193943,0.51175627607352,0.06619726834450991,2.7119053663540584,1.1574491894005516,0.01766139559334454,0.01965360164968772,87,50020,0.011876781407305808,0.013879419412185479,41,49851,0.07734178760580614,0.07921441173941446,1583,50020,0.019264212845748144,0.021261941733776053,102,49851,0.03104630664424136,0.03304043340044979,254,49633,0.01056135912005468,0.01256464094353786,33,49851,0.07196187366564875,0.0738673455040851,1346,49633,0.04693535544383152,0.048894857602276194,577,49851,0.88891,0.9718157964224111,0.29302,0.3933622606936254,0.30005,False,/data/suehara/part/march/datasets/20250711_ilc_nnqq_sgv_10m_3cat_parquet,val50k_tail,150000,proxy
36,36,4440000,,lr_9e-6,1.161216e-05,validation_total_reference_mistag_geomean_percent,0.42261306285237554,min,1.0146414050910635,1.0146414050910635,0.5729014994695669,0.3117495783460651,0.42261306285237554,,0.17589093902937702,0.08223354004147011,3.1920209218229214,0.20458100881637512,0.515972992038698,0.06618797271135815,2.720951452817892,1.159292413450417,0.017763959236320476,0.01975564891702037,88,50031,0.011875114463618545,0.013877471769490581,41,49858,0.07765950502636072,0.07953062667062777,1597,50031,0.019261510561661782,0.02125896012903903,102,49858,0.031182802562450002,0.03317748278689235,256,49615,0.010559876695524686,0.012562877639232112,33,49858,0.07209304813321424,0.07399884661252742,1350,49615,0.04696983490841047,0.04892898802458263,578,49858,0.88897,0.9717744900861263,0.29321,0.3933622606936254,0.29911,False,/data/suehara/part/march/datasets/20250711_ilc_nnqq_sgv_10m_3cat_parquet,val50k_tail,150000,proxy
37,37,4560000,,lr_14e-6,1.4e-05,validation_total_reference_mistag_geomean_percent,0.4176006458905219,min,1.014260391440641,1.014260391440641,0.5567816321189529,0.3132113011424265,0.4176006458905219,,0.19045327390968,0.07828495551795694,3.21565334672044,0.20073066255208014,0.5160124401705165,0.06021919876562404,2.7125791324990973,1.140150121389732,0.01854825672289286,0.020545351735971516,95,49881,0.011568533629551632,0.013572657158436433,39,49818,0.07805641723074505,0.07993221799034653,1604,49881,0.019078003312505695,0.021077211218742183,100,49818,0.031126330557984527,0.033113399889047115,257,49805,0.010034243170150593,0.01203909195483595,30,49818,0.07184793193894118,0.07374679637060302,1351,49805,0.04659501891364926,0.04855651351825651,568,49818,0.88912,0.971939237742326,0.29249,0.3933622606936254,0.29946,False,/data/suehara/part/march/datasets/20250711_ilc_nnqq_sgv_10m_3cat_parquet,val50k_tail,150000,proxy
37,37,4560000,,lr_3e-6,1.1147673599999999e-05,validation_total_reference_mistag_geomean_percent,0.41079947557031826,min,0.9997459301405907,0.9997459301405907,0.543811058227943,0.3103214003752622,0.41079947557031826,,0.18050179587388582,0.0802842092368002,3.156775831513063,0.2027176212453115,0.5118426483733322,0.05619894536422501,2.6716177910275207,1.1380285984905876,0.018036282302917615,0.020034577525933524,90,49861,0.011726397307577668,0.013730239463723712,40,49823,0.07736795993012052,0.07924687470141634,1574,49861,0.019175806991996325,0.021174734512051895,101,49823,0.030992481172657186,0.03297911963300601,255,49820,0.009662320165113075,0.011667129134916273,28,49823,0.07130009637684315,0.07320003343855783,1331,49820,0.04654893445895231,0.048510317381988965,567,49823,0.88939,0.9719885934535527,0.2918,0.3933622606936254,0.29832,False,/data/suehara/part/march/datasets/20250711_ilc_nnqq_sgv_10m_3cat_parquet,val50k_tail,150000,proxy
37,37,4560000,,lr_6e-6,1.25411328e-05,validation_total_reference_mistag_geomean_percent,0.4101779834441223,min,0.9928502426997496,0.9928502426997496,0.553200594771568,0.3041319544708012,0.4101779834441223,,0.1886111078174262,0.07413492810305623,3.116096292491587,0.1963573694536294,0.49842231419421357,0.062113044527895366,2.6770101804283866,1.1300567045818026,0.01846143502952115,0.02046032701772454,94,49838,0.011223745935643271,0.01322438168296588,37,49909,0.07689489695301109,0.07877631126102097,1553,49838,0.018842648359538357,0.0208383863931824,98,49909,0.0305913832586744,0.03258107648056695,248,49757,0.010196490854188221,0.012197608343839865,31,49909,0.07141564067192595,0.07331776655038029,1332,49757,0.04634483978999734,0.048303162502752635,564,49909,0.88964,0.9719455666806126,0.29196,0.3933622606936254,0.29912,False,/data/suehara/part/march/datasets/20250711_ilc_nnqq_sgv_10m_3cat_parquet,val50k_tail,150000,proxy
37,37,4560000,,lr_9e-6,1.3934591999999998e-05,validation_total_reference_mistag_geomean_percent,0.4155125682945259,min,1.008796739086408,1.008796739086408,0.5646114194680453,0.30578675609037054,0.4155125682945259,,0.18660834548421243,0.07216887375503847,3.206453025855807,0.20247379126674828,0.5242648065249593,0.06415011126034922,2.691627967532566,1.122626991011584,0.018358441345571876,0.020357453812235915,93,49837,0.011064391395686886,0.013066148717667163,36,49883,0.07798090558359186,0.0798587316184686,1598,49837,0.019152762182293833,0.021149295187318853,101,49883,0.03138714157435128,0.033374717558119944,261,49784,0.010379564923526532,0.012381643741934815,32,49883,0.07158858885726767,0.0734890959243669,1340,49784,0.04620249178095767,0.04816213307086807,560,49883,0.8892,0.9718464400421855,0.29247,0.3933622606936254,0.29836,False,/data/suehara/part/march/datasets/20250711_ilc_nnqq_sgv_10m_3cat_parquet,val50k_tail,150000,proxy
38,38,4680000,,lr_14e-6,1.4e-05,validation_total_reference_mistag_geomean_percent,0.40866195162122565,min,0.9890921017164744,0.9890921017164744,0.5497347159423938,0.30379123941004527,0.40866195162122565,,0.18052713394223044,0.07622256878430865,3.181289343037489,0.1945681475411783,0.498031954567959,0.06418742728768002,2.6327415697364076,1.0851686688345423,0.018038812824639296,0.02003738760593518,90,49854,0.01139921486998538,0.01340197396857511,38,49854,0.07766729549537887,0.07954549068683592,1586,49854,0.018762237387557733,0.020760248895371723,97,49854,0.03056747871685644,0.03255562932952634,248,49796,0.010385601219375429,0.012388843123806757,32,49854,0.07080296557950144,0.07270537971747482,1311,49796,0.045429977289740756,0.04739226116527613,541,49854,0.88946,0.9720212866209549,0.29145,0.3933622606936254,0.29925,False,/data/suehara/part/march/datasets/20250711_ilc_nnqq_sgv_10m_3cat_parquet,val50k_tail,150000,proxy
38,38,4680000,,lr_3e-6,1.1147673599999999e-05,validation_total_reference_mistag_geomean_percent,0.40514924298787947,min,0.9847352220591665,0.9847352220591665,0.5428758298362113,0.30236363468820404,0.40514924298787947,,0.1846573875127245,0.07416910592365979,3.1712898008852597,0.19243876790796954,0.498031954567959,0.062141682124966374,2.6267170746028774,1.0684360029479156,0.018260010448290214,0.02025970306494219,92,49822,0.011228919160999946,0.013230475915041643,37,49886,0.07757213166829022,0.07945193457892727,1580,49822,0.01864857180559798,0.020645387057652634,96,49886,0.03056747871685644,0.03255562932952634,248,49796,0.01020119084615285,0.012203229786837308,31,49886,0.0707229319517784,0.07262558805534378,1308,49796,0.045060346326488906,0.047022042318063326,533,49886,0.88966,0.9720451574727731,0.29126,0.3933622606936254,0.29927,False,/data/suehara/part/march/datasets/20250711_ilc_nnqq_sgv_10m_3cat_parquet,val50k_tail,150000,proxy
38,38,4680000,,lr_6e-6,1.25411328e-05,validation_total_reference_mistag_geomean_percent,0.4172679291098047,min,0.9982310691977607,0.9982310691977607,0.5559768316515395,0.31316507226817436,0.4172679291098047,,0.18658214289090036,0.07819078436848628,3.1618650207947288,0.20850875831596344,0.5182596042829803,0.06215164880919505,2.6515609367734654,1.1187296573463663,0.018355865179797683,0.02035459796598429,93,49844,0.011554621703443632,0.013556338226007592,39,49878,0.07744213327718699,0.07932148466573766,1576,49844,0.01945056905974839,0.021447060217895993,104,49878,0.03120279016484524,0.03319068725373486,258,49782,0.010202826641768716,0.012205186286106978,31,49878,0.07106219139822942,0.0729643844840179,1320,49782,0.04612367310171325,0.04808366709916877,558,49878,0.88943,0.9719073882073547,0.29225,0.3933622606936254,0.29936,False,/data/suehara/part/march/datasets/20250711_ilc_nnqq_sgv_10m_3cat_parquet,val50k_tail,150000,proxy
38,38,4680000,,lr_9e-6,1.3934591999999998e-05,validation_total_reference_mistag_geomean_percent,0.40224861742125195,min,1.0175065952251068,1.0175065952251068,0.5381439792837887,0.3006703715846682,0.40224861742125195,,0.17250025452842122,0.07419439038965278,3.249423404726219,0.19651487160234765,0.5343511574863383,0.05013134387617362,2.705905936159596,1.1570314030321052,0.017612368558554452,0.019611225255813523,86,49855,0.011232745915405674,0.013234983958746371,37,49869,0.0784770957787291,0.08035252006757601,1620,49855,0.01885774930366277,0.020855081773325703,98,49869,0.03169663032943698,0.03368396079105719,266,49780,0.009071970935278388,0.011075174009506507,25,49869,0.07177849193217567,0.07367857807000569,1347,49780,0.04691850747256549,0.048877319125971604,577,49869,0.88875,0.9716927551221716,0.29311,0.3933622606936254,0.29879,False,/data/suehara/part/march/datasets/20250711_ilc_nnqq_sgv_10m_3cat_parquet,val50k_tail,150000,proxy
39,39,4800000,,lr_14e-6,1.4e-05,validation_total_reference_mistag_geomean_percent,0.400240113794985,min,0.9896120508687012,0.9896120508687012,0.5657709607800885,0.28313957377690185,0.400240113794985,,0.17633857868135036,0.06611106578349643,3.0919365897287796,0.17829953996237471,0.521294601288696,0.06410770093757513,2.6708798557457527,1.1479284748215843,0.017809132506387233,0.01980587277008606,88,49904,0.010547609740057303,0.012548286420683468,33,49916,0.07655174825063962,0.0784316425891586,1543,49904,0.01791093713092195,0.019907118810781197,89,49916,0.03132630254952494,0.03331799845043039,259,49684,0.010372704564809009,0.012373461513306018,32,49916,0.071386598353761,0.07329176570964845,1327,49684,0.04671026002871191,0.04866759205908594,573,49916,0.88919,0.9719382318580602,0.29179,0.3933622606936254,0.29839,False,/data/suehara/part/march/datasets/20250711_ilc_nnqq_sgv_10m_3cat_parquet,val50k_tail,150000,proxy
39,39,4800000,,lr_3e-6,1.1147673599999999e-05,validation_total_reference_mistag_geomean_percent,0.40603321462093617,min,0.986162172042021,0.986162172042021,0.5578668991652819,0.2955238456020429,0.40603321462093617,,0.18306912300794725,0.07011217691548016,3.090045746454382,0.19230769230769232,0.5092629899323114,0.0641025641025641,2.668618234913207,1.111778848702584,0.018197093934507073,0.02020143644295897,91,49708,0.010888814780942228,0.012889170856361903,35,49920,0.07667766764957208,0.07856505038236206,1536,49708,0.01863588094147199,0.020631341461401203,96,49920,0.03089539868493989,0.03287991006404563,254,49876,0.010371873622364958,0.012372470462808762,32,49920,0.0712210950941844,0.07311901926071174,1331,49876,0.04595974832628195,0.04791837179752064,555,49920,0.88996,0.9720323365469618,0.29105,0.3933622606936254,0.29942,False,/data/suehara/part/march/datasets/20250711_ilc_nnqq_sgv_10m_3cat_parquet,val50k_tail,150000,proxy
39,39,4800000,,lr_6e-6,1.25411328e-05,validation_total_reference_mistag_geomean_percent,0.41627483578917845,min,1.013392548461566,1.013392548461566,0.577742987020415,0.299933954724377,0.41627483578917845,,0.1828006705071469,0.0702261277885782,3.2060424429073815,0.19663316117930452,0.5192045718776602,0.0682196689996983,2.698260001906272,1.165753742526487,0.018170430151531247,0.020171844290500306,91,49781,0.010906506834746223,0.012910109317565942,35,49839,0.0780193361884153,0.07989929109315994,1596,49781,0.01886909090549828,0.02086762087505005,98,49839,0.031201004426031215,0.03318479897130265,259,49884,0.010736456983507614,0.012740139982410933,34,49839,0.07160460528152779,0.07350103667520883,1346,49884,0.04711056733728309,0.04907020803844638,581,49839,0.88901,0.9717397350610915,0.29291,0.3933622606936254,0.29833,False,/data/suehara/part/march/datasets/20250711_ilc_nnqq_sgv_10m_3cat_parquet,val50k_tail,150000,proxy
39,39,4800000,,lr_9e-6,1.3934591999999998e-05,validation_total_reference_mistag_geomean_percent,0.4091779358501823,min,1.0015345820134087,1.0015345820134087,0.5692199286008441,0.29413338285283575,0.4091779358501823,,0.18076281599428762,0.06823883659447555,3.149289972930984,0.19267435270813657,0.5111244597730481,0.06623181020382209,2.6919223332595004,1.1520320746430157,0.018062344480158594,0.020063518899957902,90,49789,0.010739472956418382,0.01274371817634669,34,49825,0.0773331281665679,0.07921506068298417,1568,49789,0.01867138408578172,0.020670634502822548,96,49825,0.030949097678511714,0.03293297755769444,255,49890,0.01056686891420267,0.012571194695467877,33,49825,0.07151735263574849,0.07341381002369737,1343,49890,0.046836312674785295,0.04879705477279072,574,49825,0.88907,0.9718120282291448,0.29242,0.3933622606936254,0.29839,False,/data/suehara/part/march/datasets/20250711_ilc_nnqq_sgv_10m_3cat_parquet,val50k_tail,150000,proxy
40,40,4920000,,lr_14e-6,1.4e-05,validation_total_reference_mistag_geomean_percent,0.41729564557070187,min,1.0046741789320544,1.0046741789320544,0.5802877623986586,0.3000850045371754,0.41729564557070187,,0.18087179232420916,0.07204322663953085,3.1411402390352796,0.1981188743476627,0.5183324841568342,0.07004202778168468,2.700150744270868,1.1566940429003658,0.018073225963601565,0.02007560249888752,90,49759,0.011045133187516962,0.013043410459297189,36,49970,0.07725792382219585,0.07914131850482384,1563,49759,0.018920097406530112,0.020913328725842475,99,49970,0.03120716789367945,0.03319534161208854,258,49775,0.010877922382563156,0.012876279748827012,35,49970,0.07170670763851257,0.07360721588834905,1344,49775,0.04686513798922345,0.04882000405088318,578,49970,0.88929,0.9718590061352516,0.29255,0.3933622606936254,0.29786,False,/data/suehara/part/march/datasets/20250711_ilc_nnqq_sgv_10m_3cat_parquet,val50k_tail,150000,proxy
40,40,4920000,,lr_3e-6,1.1147673599999999e-05,validation_total_reference_mistag_geomean_percent,0.4171439291999936,min,1.0039215191038031,1.0039215191038031,0.5801444681637107,0.2999409064766015,0.4171439291999936,,0.18087179232420916,0.07204322663953085,3.135111196741132,0.1981188743476627,0.5183324841568342,0.07004202778168468,2.702159725982466,1.1546928248569055,0.018073225963601565,0.02007560249888752,90,49759,0.011045133187516962,0.013043410459297189,36,49970,0.07718516241897871,0.07906879942717188,1560,49759,0.018920097406530112,0.020913328725842475,99,49970,0.03120716789367945,0.03319534161208854,258,49775,0.010877922382563156,0.012876279748827012,35,49970,0.07173301768173962,0.07363344520830845,1345,49775,0.046824195518159646,0.048779141674302855,577,49970,0.88928,0.9718486561537875,0.29261,0.3933622606936254,0.29788,False,/data/suehara/part/march/datasets/20250711_ilc_nnqq_sgv_10m_3cat_parquet,val50k_tail,150000,proxy
40,40,4920000,,lr_6e-6,1.25411328e-05,validation_total_reference_mistag_geomean_percent,0.41812737010774864,min,0.9963810462073548,0.9963810462073548,0.576922292564289,0.3030399412304563,0.41812737010774864,,0.17637390579067053,0.076305217890891,3.1206155330333316,0.20080321285140562,0.5179682896171132,0.0702811227752533,2.668138833112671,1.1405622545875016,0.0178126992161828,0.01980983825164951,88,49894,0.01141157177535193,0.013416499177577455,38,49800,0.07690691403292489,0.07878603555991973,1557,49894,0.019084893012228384,0.021084820595495712,100,49800,0.031185291524629937,0.03317208286471697,258,49810,0.010915045751692085,0.012920215080641404,35,49800,0.07126132757080302,0.07316178574558636,1329,49810,0.04661176927072061,0.04857395628507788,568,49800,0.88949,0.9720498956251107,0.29165,0.3933622606936254,0.2977,False,/data/suehara/part/march/datasets/20250711_ilc_nnqq_sgv_10m_3cat_parquet,val50k_tail,150000,proxy
40,40,4920000,,lr_9e-6,1.3934591999999998e-05,validation_total_reference_mistag_geomean_percent,0.41728559851489844,min,1.0041706988295234,1.0041706988295234,0.5805385893288307,0.2999409064766015,0.41728559851489844,,0.18087179232420916,0.07204322663953085,3.135111196741132,0.1981188743476627,0.5183324841568342,0.07004202778168468,2.700150744270868,1.1586952443742655,0.018073225963601565,0.02007560249888752,90,49759,0.011045133187516962,0.013043410459297189,36,49970,0.07718516241897871,0.07906879942717188,1560,49759,0.018920097406530112,0.020913328725842475,99,49970,0.03120716789367945,0.03319534161208854,258,49775,0.010877922382563156,0.012876279748827012,35,49970,0.07170670763851257,0.07360721588834905,1344,49775,0.0469060438474481,0.04886082981462401,579,49970,0.88929,0.9718589549061982,0.29255,0.3933622606936254,0.29787,False,/data/suehara/part/march/datasets/20250711_ilc_nnqq_sgv_10m_3cat_parquet,val50k_tail,150000,proxy
41,41,5040000,,lr_14e-6,1.4e-05,validation_total_reference_mistag_geomean_percent,0.4197456761524205,min,1.0016526066587013,1.0016526066587013,0.5651521255886925,0.31175045562312537,0.4197456761524205,,0.1865334761783863,0.07621645585106902,3.1851094577620396,0.20859240548713628,0.5061359015364255,0.0681936710246407,2.679306592052513,1.1031328933773985,0.018351082789608307,0.020349296376765098,93,49857,0.011398300608146911,0.013400899278207219,38,49858,0.07771068343290811,0.07958861237458634,1588,49857,0.019458364414705092,0.021455653072623496,104,49858,0.030823935064196607,0.032812039667792864,252,49789,0.010732366585845756,0.012735287074823758,34,49858,0.07142319791837506,0.07332400905819547,1334,49789,0.0458066881782777,0.04776809402687373,550,49858,0.88937,0.9720168624704081,0.29168,0.3933622606936254,0.29934,False,/data/suehara/part/march/datasets/20250711_ilc_nnqq_sgv_10m_3cat_parquet,val50k_tail,150000,proxy
41,41,5040000,,lr_3e-6,1.1147673599999999e-05,validation_total_reference_mistag_geomean_percent,0.42061387546515033,min,1.0071704431456108,1.0071704431456108,0.5659837458503472,0.3125814716958174,0.42061387546515033,,0.1865334761783863,0.07621645585106902,3.21920697874716,0.20859240548713628,0.5081443751559457,0.0681936710246407,2.6893490210658357,1.1011271616547118,0.018351082789608307,0.020349296376765098,93,49857,0.011398300608146911,0.013400899278207219,38,49858,0.07811723934353504,0.07999380049994592,1605,49857,0.019458364414705092,0.021455653072623496,104,49858,0.03088665959102236,0.0328746835167407,253,49789,0.010732366585845756,0.012735287074823758,34,49858,0.07155513895280678,0.07345554670323794,1339,49789,0.04576458795415971,0.047726074257485075,549,49858,0.88936,0.9719914938429749,0.29185,0.3933622606936254,0.29821,False,/data/suehara/part/march/datasets/20250711_ilc_nnqq_sgv_10m_3cat_parquet,val50k_tail,150000,proxy
41,41,5040000,,lr_6e-6,1.25411328e-05,validation_total_reference_mistag_geomean_percent,0.41978499551854465,min,1.0019036710267362,1.0019036710267362,0.565258010963538,0.31175045562312537,0.41978499551854465,,0.1865334761783863,0.07621645585106902,3.1851094577620396,0.20859240548713628,0.5061359015364255,0.0681936710246407,2.681315106996792,1.1031328933773985,0.018351082789608307,0.020349296376765098,93,49857,0.011398300608146911,0.013400899278207219,38,49858,0.07771068343290811,0.07958861237458634,1588,49857,0.019458364414705092,0.021455653072623496,104,49858,0.030823935064196607,0.032812039667792864,252,49789,0.010732366585845756,0.012735287074823758,34,49858,0.07144960754041918,0.07335033800236132,1335,49789,0.0458066881782777,0.04776809402687373,550,49858,0.88935,0.972011038949876,0.29171,0.3933622606936254,0.29935,False,/data/suehara/part/march/datasets/20250711_ilc_nnqq_sgv_10m_3cat_parquet,val50k_tail,150000,proxy
41,41,5040000,,lr_9e-6,1.3934591999999998e-05,validation_total_reference_mistag_geomean_percent,0.4104051335132783,min,0.9934885326931153,0.9934885326931153,0.5597189819534367,0.30092310435179015,0.4104051335132783,,0.1825659542352705,0.07024586137229646,3.185876285515009,0.2007024586051179,0.505678856271958,0.06623181020382209,2.6166873108373263,1.1199197245041224,0.0181471178847512,0.020145971716374243,91,49845,0.010909570549392426,0.012913735207983836,35,49825,0.0777290955120892,0.07960744578226972,1588,49845,0.019075325328040998,0.021074253499734276,100,49825,0.03079616544288226,0.03278249317023082,252,49834,0.01056686891420267,0.012571194695467877,33,49825,0.07056291288068915,0.07246452069037436,1304,49834,0.04617247519784814,0.04813450627724359,558,49825,0.88948,0.9719445321798913,0.29191,0.3933622606936254,0.29913,False,/data/suehara/part/march/datasets/20250711_ilc_nnqq_sgv_10m_3cat_parquet,val50k_tail,150000,proxy
42,42,5160000,,lr_14e-6,1.4e-05,validation_total_reference_mistag_geomean_percent,0.42468302090149157,min,0.9984082025924538,0.9984082025924538,0.573319457035828,0.31458145372300855,0.42468302090149157,,0.19295318117778462,0.07813751898116,3.11739993737706,0.20836673053281615,0.5136539657697787,0.07012341790030353,2.6926702840932317,1.1139605849074965,0.01869838197477744,0.020700514338456648,96,49753,0.01154675312106362,0.0135471082380857,39,49912,0.07697555364216194,0.07886012975842314,1551,49753,0.01943733128090125,0.02143246815003606,104,49912,0.03104298161998066,0.033028790048320565,256,49839,0.010890559589326417,0.012891235829295413,35,49912,0.07156326435440452,0.073461632315934,1342,49839,0.046008896245845234,0.04796774622197967,556,49912,0.88958,0.9718950250045314,0.29198,0.3933622606936254,0.29693,False,/data/suehara/part/march/datasets/20250711_ilc_nnqq_sgv_10m_3cat_parquet,val50k_tail,150000,proxy
42,42,5160000,,lr_3e-6,1.1147673599999999e-05,validation_total_reference_mistag_geomean_percent,0.4131175076265743,min,0.9867038729629205,0.9867038729629205,0.5622378667415834,0.3035478134844918,0.4131175076265743,,0.1745866088746346,0.07609436035082547,3.098410561147229,0.20625575310541805,0.514738408332328,0.06608194257679242,2.6480877065914297,1.1093756427247075,0.017727976775475867,0.01972767229406747,87,49832,0.011380046119555141,0.013379441607770659,38,49938,0.07668502814617735,0.07856737877087183,1544,49832,0.019329190078769286,0.021323372751344334,103,49938,0.031108366235381695,0.033098323472404656,256,49734,0.0105429642090724,0.012542760683106424,33,49938,0.0710500459402099,0.07295421452059615,1317,49734,0.04590143187287003,0.04785944562461612,554,49938,0.88948,0.9719999264505782,0.29152,0.3933622606936254,0.29872,False,/data/suehara/part/march/datasets/20250711_ilc_nnqq_sgv_10m_3cat_parquet,val50k_tail,150000,proxy
42,42,5160000,,lr_6e-6,1.25411328e-05,validation_total_reference_mistag_geomean_percent,0.4098208705832055,min,0.9972835447100241,0.9972835447100241,0.5540502949726104,0.3031370030655417,0.4098208705832055,,0.18459068840023732,0.07625622164943176,3.180176498679587,0.18863380035857003,0.5077058792040229,0.06220902170542023,2.6549204047481574,1.1237758429347668,0.018253420950024964,0.02025239405689641,92,49840,0.011404245932918175,0.01340788784807875,38,49832,0.07766475286560617,0.07954352028339481,1585,49840,0.01846365607327345,0.020462787820926635,94,49832,0.030860069370098643,0.03284639546357899,253,49832,0.01021224265668225,0.012216448342781246,31,49832,0.07107140476921708,0.0729715544478246,1323,49832,0.04624952502539047,0.048211125736285707,560,49832,0.88934,0.9718678097166878,0.29218,0.3933622606936254,0.29934,False,/data/suehara/part/march/datasets/20250711_ilc_nnqq_sgv_10m_3cat_parquet,val50k_tail,150000,proxy
42,42,5160000,,lr_9e-6,1.3934591999999998e-05,validation_total_reference_mistag_geomean_percent,0.41802784496957474,min,0.9912383257036337,0.9912383257036337,0.5669585231380458,0.30821880620596737,0.41802784496957474,,0.17457959551962096,0.08218738844958187,3.0762128494644285,0.20446618339733094,0.5041780323286007,0.06615082161226155,2.65547172903783,1.1666600058194145,0.017727265823303927,0.019726881370438036,87,49834,0.011868451365459073,0.013869686661738951,41,49886,0.07641340716235054,0.07829657308881903,1533,49834,0.019250709002303565,0.021247042067715476,102,49886,0.030764166586043275,0.032752549510652304,251,49784,0.01055395115662145,0.01255582936842499,33,49886,0.07111248998199309,0.07301444954260529,1322,49784,0.04710729202488193,0.049065050158873975,582,49886,0.88907,0.9718509920261678,0.29232,0.3933622606936254,0.29864,False,/data/suehara/part/march/datasets/20250711_ilc_nnqq_sgv_10m_3cat_parquet,val50k_tail,150000,proxy
43,43,5280000,,lr_14e-6,1.4e-05,validation_total_reference_mistag_geomean_percent,0.41066704251712527,min,0.993653700451435,0.993653700451435,0.5608279245286844,0.30071152386267574,0.41066704251712527,,0.19065586128296594,0.07019514369910755,3.1086938810989575,0.19654640235750115,0.5159088559971452,0.06417841599647019,2.6939678095592985,1.1090832336200331,0.01856796960699647,0.020567180674601865,95,49828,0.010901695901109327,0.012904415601783334,35,49861,0.07681284270841422,0.07869493169647135,1549,49828,0.01886077239749073,0.020858424060119993,98,49861,0.031120096921307978,0.03310677152935379,257,49815,0.010384143539720779,0.012387104575539775,32,49861,0.07159728413641507,0.07349651459729427,1342,49815,0.04593000316986343,0.047891052335503025,553,49861,0.88935,0.9718905192049548,0.29199,0.3933622606936254,0.2985,False,/data/suehara/part/march/datasets/20250711_ilc_nnqq_sgv_10m_3cat_parquet,val50k_tail,150000,proxy
43,43,5280000,,lr_3e-6,1.1147673599999999e-05,validation_total_reference_mistag_geomean_percent,0.41110850457931497,min,0.980315535846274,0.980315535846274,0.5704079163078568,0.2962970844293535,0.41110850457931497,,0.1765189692171345,0.07221085357689218,3.044952024210565,0.19857985827671615,0.4960138232367975,0.07020499739259393,2.6266641723724313,1.1573795884870612,0.017827337675035408,0.019826113341350718,88,49853,0.011070825730847514,0.013073745764717776,36,49854,0.07601689279794488,0.07790059512235853,1518,49853,0.01896408295554706,0.020961933528080515,99,49854,0.03050351282594191,0.03249170456793588,247,49797,0.010903226192275942,0.01290622669378646,35,49854,0.07072153010558024,0.07262415012016452,1308,49797,0.046932546608442066,0.04889193364892783,577,49854,0.88939,0.9720465051754813,0.29126,0.3933622606936254,0.29919,False,/data/suehara/part/march/datasets/20250711_ilc_nnqq_sgv_10m_3cat_parquet,val50k_tail,150000,proxy
43,43,5280000,,lr_6e-6,1.25411328e-05,validation_total_reference_mistag_geomean_percent,0.4203951267901516,min,1.013516424576545,1.013516424576545,0.5622067073384287,0.31435424074818297,0.4203951267901516,,0.1825989161978635,0.08020372058323927,3.228589689817369,0.20652457051832765,0.5080831552013555,0.06416297395384277,2.705090877758361,1.132877492582,0.018150392557111775,0.02014960603607433,91,49836,0.011714644760819199,0.013716481240049155,40,49873,0.07824498199844945,0.08012195734710889,1609,49836,0.01935435955243421,0.021351130432154537,103,49873,0.030882946577166694,0.03287073342185817,253,49795,0.010381645612071331,0.01238412534203268,32,49873,0.07175715830203509,0.07365670481691323,1347,49795,0.046419619851544025,0.04837924300152702,565,49873,0.88914,0.971892609892043,0.29251,0.3933622606936254,0.3,False,/data/suehara/part/march/datasets/20250711_ilc_nnqq_sgv_10m_3cat_parquet,val50k_tail,150000,proxy
43,43,5280000,,lr_9e-6,1.3934591999999998e-05,validation_total_reference_mistag_geomean_percent,0.41367801132186804,min,0.9904022748714733,0.9904022748714733,0.5636041032535077,0.30363422846522814,0.41367801132186804,,0.18454255601577307,0.07620422583687905,3.107134898848384,0.19452132308217993,0.5081851966557915,0.0661773538542371,2.657426874737698,1.129025769940843,0.01824866482493597,0.020247118607777413,92,49853,0.011396472524363689,0.013398750414458167,38,49866,0.07677491763125807,0.07865612535874963,1549,49853,0.01875772612414711,0.020755258708135334,97,49866,0.030889135429639728,0.03287731744079378,253,49785,0.010558183005557895,0.012560863040237649,33,49866,0.07113762150523541,0.07303946431502818,1323,49785,0.046343038711773796,0.04830309142041418,563,49866,0.88945,0.9718715466481042,0.29202,0.3933622606936254,0.29796,False,/data/suehara/part/march/datasets/20250711_ilc_nnqq_sgv_10m_3cat_parquet,val50k_tail,150000,proxy
44,44,5400000,,lr_14e-6,1.4e-05,validation_total_reference_mistag_geomean_percent,0.41705073891519806,min,0.9925182450555348,0.9925182450555348,0.5636852562471374,0.30856105761520175,0.41705073891519806,,0.18849384513063128,0.0761645142350566,3.1502537174956284,0.20043292974553006,0.5146452767223529,0.06814719894797762,2.659670637680142,1.0823378404869595,0.018449968144010127,0.020447622290635514,94,49869,0.011390535299672027,0.013391771364236058,38,49892,0.07728341426156138,0.07916228918979085,1571,49869,0.01904973117583383,0.0210459858434168,100,49892,0.031102751049300915,0.033092351995074425,256,49743,0.010725054700461742,0.012726612145476173,34,49892,0.0711968983621615,0.07310025672870035,1323,49743,0.045353121460471255,0.047314024278511876,540,49892,0.88958,0.9719779667846765,0.29167,0.3933622606936254,0.29843,False,/data/suehara/part/march/datasets/20250711_ilc_nnqq_sgv_10m_3cat_parquet,val50k_tail,150000,proxy
44,44,5400000,,lr_3e-6,1.1147673599999999e-05,validation_total_reference_mistag_geomean_percent,0.40685340583057295,min,0.9837565616689661,0.9837565616689661,0.5527993106933095,0.2994390380630775,0.40685340583057295,,0.1785033738488635,0.07223403686863333,3.138851592262766,0.1986436002940129,0.513983978155681,0.06420803403025803,2.6261368457486216,1.0774910321428912,0.017931397745668064,0.019929853285999777,89,49859,0.011074378913332895,0.013077941021790752,36,49838,0.0771537579049103,0.0790334670279988,1565,49859,0.018970165982937628,0.020968655374567404,99,49838,0.031062879223064162,0.033049950216552854,256,49807,0.010388934595836256,0.012392818781553053,32,49838,0.0707075146987441,0.07260977389853505,1308,49807,0.04527433363980815,0.04723755557158524,537,49838,0.88952,0.972091604830236,0.29112,0.3933622606936254,0.2993,False,/data/suehara/part/march/datasets/20250711_ilc_nnqq_sgv_10m_3cat_parquet,val50k_tail,150000,proxy
44,44,5400000,,lr_6e-6,1.25411328e-05,validation_total_reference_mistag_geomean_percent,0.4167803789132367,min,0.9917656269484749,0.9917656269484749,0.563133974940845,0.3084628027731913,0.4167803789132367,,0.18849384513063128,0.0761645142350566,3.14624310292081,0.20043292974553006,0.5126349464406931,0.06814719894797762,2.659670637680142,1.0823378404869595,0.018449968144010127,0.020447622290635514,94,49869,0.011390535299672027,0.013391771364236058,38,49892,0.07723515268603202,0.07911418845274257,1569,49869,0.01904973117583383,0.0210459858434168,100,49892,0.031040343711439492,0.03303002548437255,255,49743,0.010725054700461742,0.012726612145476173,34,49892,0.0711968983621615,0.07310025672870035,1323,49743,0.045353121460471255,0.047314024278511876,540,49892,0.88958,0.971973493730451,0.29168,0.3933622606936254,0.29844,False,/data/suehara/part/march/datasets/20250711_ilc_nnqq_sgv_10m_3cat_parquet,val50k_tail,150000,proxy
44,44,5400000,,lr_9e-6,1.3934591999999998e-05,validation_total_reference_mistag_geomean_percent,0.4170569358545575,min,0.9925188907393234,0.9925188907393234,0.5637917525229532,0.308511940740586,0.4170569358545575,,0.18849384513063128,0.0761645142350566,3.148248361708449,0.20043292974553006,0.5146452767223529,0.06814719894797762,2.6616811589376304,1.0823378404869595,0.018449968144010127,0.020447622290635514,94,49869,0.011390535299672027,0.013391771364236058,38,49892,0.07725928770010923,0.07913824304757941,1570,49869,0.01904973117583383,0.0210459858434168,100,49892,0.031102751049300915,0.033092351995074425,256,49743,0.010725054700461742,0.012726612145476173,34,49892,0.07122345020159626,0.07312672774097556,1324,49743,0.045353121460471255,0.047314024278511876,540,49892,0.88955,0.9719775635413223,0.29167,0.3933622606936254,0.29843,False,/data/suehara/part/march/datasets/20250711_ilc_nnqq_sgv_10m_3cat_parquet,val50k_tail,150000,proxy
45,45,5520000,,lr_14e-6,1.4e-05,validation_total_reference_mistag_geomean_percent,0.4149000206191871,min,1.0072372821473496,1.0072372821473496,0.568893022972821,0.3025912081154598,0.4149000206191871,,0.18641010701401023,0.07218045324778116,3.170976200380768,0.19649123311980624,0.5287601262453528,0.06416040100250626,2.6920525380736726,1.1468671980949012,0.018338954060448866,0.020335850891451474,93,49890,0.011066165637542577,0.013068243572776833,36,49875,0.07751612347357377,0.0793933768400118,1582,49890,0.018855482619194133,0.020852575761063114,98,49875,0.031538714750562434,0.03352790815113072,263,49739,0.010381229407629857,0.012383628942436067,32,49875,0.07162611448626385,0.07352832387451796,1339,49739,0.046707244895606397,0.048666228488199355,572,49875,0.88902,0.9717821075020693,0.29272,0.3933622606936254,0.29847,False,/data/suehara/part/march/datasets/20250711_ilc_nnqq_sgv_10m_3cat_parquet,val50k_tail,150000,proxy
45,45,5520000,,lr_3e-6,1.1147673599999999e-05,validation_total_reference_mistag_geomean_percent,0.4109066821377748,min,0.9913531559095433,0.9913531559095433,0.5576304290244816,0.30278889500497747,0.4109066821377748,,0.1808064027361094,0.07422713666917503,3.1219237063697753,0.2006138779768291,0.49318365642822937,0.06419644110979597,2.638331920118559,1.1575421058678728,0.018066695500799382,0.02006835059355004,90,49777,0.011237702059318653,0.013240822459935223,37,49847,0.0770119822431966,0.07889546796861525,1554,49777,0.019066913697767016,0.02106496321315509,100,49847,0.03038949129589904,0.032374488243003784,246,49880,0.010387059308332577,0.012390582160157745,32,49847,0.07081822878820983,0.0727172150957505,1316,49880,0.04693910108069157,0.04889875675077853,577,49847,0.88948,0.9720409578476218,0.29154,0.3933622606936254,0.29901,False,/data/suehara/part/march/datasets/20250711_ilc_nnqq_sgv_10m_3cat_parquet,val50k_tail,150000,proxy
45,45,5520000,,lr_6e-6,1.25411328e-05,validation_total_reference_mistag_geomean_percent,0.4213304615926134,min,1.0058162371891106,1.0058162371891106,0.5736915386436946,0.309433460157929,0.4213304615926134,,0.1864773848367845,0.07816727510615606,3.138033416541304,0.20042892082653932,0.524739149731373,0.06614154435823204,2.6940630494038653,1.1584791567086294,0.018345567742695645,0.020343182589121656,93,49872,0.011551148948472683,0.013552264622582796,39,49893,0.07713396013148063,0.07901321209685605,1565,49872,0.019049349693749173,0.021045564512449464,100,49893,0.031415470003281695,0.033404825084170156,261,49739,0.010552470810824735,0.012554068536286633,33,49893,0.07165249602335937,0.07355462457145322,1340,49739,0.04693706690811605,0.048894878302457,578,49893,0.88911,0.9717873541027516,0.29273,0.3933622606936254,0.299,False,/data/suehara/part/march/datasets/20250711_ilc_nnqq_sgv_10m_3cat_parquet,val50k_tail,150000,proxy
45,45,5520000,,lr_9e-6,1.3934591999999998e-05,validation_total_reference_mistag_geomean_percent,0.4110869969957653,min,0.9950673852059153,0.9950673852059153,0.554631901837315,0.3046931100414151,0.4110869969957653,,0.19498663929744828,0.07424947933821525,3.1559691831186036,0.18863380035857003,0.49674511281820083,0.06421576497030021,2.6780171288731385,1.1077219728728462,0.018802558962320342,0.020804851049143445,97,49747,0.011241083756653865,0.01324480621051992,37,49832,0.07744578637372684,0.07932903919980194,1570,49747,0.01846365607327345,0.020462787820926635,94,49832,0.0304886753124926,0.03247174044418034,248,49925,0.010390185163734841,0.012394310311128335,32,49832,0.07131018845815545,0.07320587339083376,1337,49925,0.04591458809543574,0.047876833115974814,552,49832,0.88967,0.9719398857772399,0.29171,0.3933622606936254,0.2982,False,/data/suehara/part/march/datasets/20250711_ilc_nnqq_sgv_10m_3cat_parquet,val50k_tail,150000,proxy
46,46,5640000,,lr_14e-6,1.4e-05,validation_total_reference_mistag_geomean_percent,0.4082056596516276,min,0.9849485583682608,0.9849485583682608,0.5541189736813772,0.3007149519977185,0.4082056596516276,,0.18273826101300839,0.07618742217457615,3.116590867317811,0.18846362004519493,0.493688402887583,0.06415782825751348,2.622970503288669,1.1347915619617301,0.018164231990846484,0.02016496540868287,91,49798,0.01139395986640558,0.013395796851807723,38,49877,0.07693139249178443,0.07881429813134527,1552,49798,0.018447011259742786,0.020444346212206557,94,49877,0.03042052486040463,0.03240753315202115,246,49829,0.010380813236558642,0.012383132582632765,32,49877,0.07065001736910222,0.07255156380461085,1307,49829,0.04645738232531751,0.048416771571586394,566,49877,0.88949,0.9719890653927413,0.29141,0.3933622606936254,0.2992,False,/data/suehara/part/march/datasets/20250711_ilc_nnqq_sgv_10m_3cat_parquet,val50k_tail,150000,proxy
46,46,5640000,,lr_3e-6,1.1147673599999999e-05,validation_total_reference_mistag_geomean_percent,0.40922880880814844,min,0.9874578607292597,0.9874578607292597,0.5548933219866589,0.3018025471255581,0.40922880880814844,,0.18273826101300839,0.07618742217457615,3.128639745148767,0.19046855100794063,0.4956952660103686,0.06415782825751348,2.626984250260174,1.1347915619617301,0.018164231990846484,0.02016496540868287,91,49798,0.01139395986640558,0.013395796851807723,38,49877,0.07707714073357935,0.07895956248082647,1558,49798,0.01854974302732163,0.02054699758634005,95,49877,0.03048396791556383,0.03247089565877681,247,49829,0.010380813236558642,0.012383132582632765,32,49877,0.07070337228422402,0.07260475762292593,1309,49829,0.04645738232531751,0.048416771571586394,566,49877,0.88947,0.9719785770640955,0.29146,0.3933622606936254,0.29922,False,/data/suehara/part/march/datasets/20250711_ilc_nnqq_sgv_10m_3cat_parquet,val50k_tail,150000,proxy
46,46,5640000,,lr_6e-6,1.25411328e-05,validation_total_reference_mistag_geomean_percent,0.4084353003959956,min,1.004660656016305,1.004660656016305,0.5602838074273686,0.29774088131431947,0.4084353003959956,,0.1805307542470014,0.07019936637188132,3.187370937551694,0.19455252918287938,0.5081035602137918,0.06217657951243755,2.6630249994844495,1.171326521566306,0.01803917438570862,0.020037789110286995,90,49853,0.010902351687578478,0.012905191721827056,35,49858,0.07774080287203736,0.07961879176478989,1589,49853,0.01876073339200353,0.0207585852330279,97,49858,0.030884184149258462,0.032872050014676364,253,49793,0.010206918426900727,0.012210080280067,31,49858,0.07120588813362382,0.07310720054382706,1326,49793,0.04721526489829247,0.04917393528608791,584,49858,0.88886,0.9718035317964038,0.29277,0.3933622606936254,0.2993,False,/data/suehara/part/march/datasets/20250711_ilc_nnqq_sgv_10m_3cat_parquet,val50k_tail,150000,proxy
46,46,5640000,,lr_9e-6,1.3934591999999998e-05,validation_total_reference_mistag_geomean_percent,0.4225086555109655,min,1.024079467780362,1.024079467780362,0.5618090880859626,0.31774773275716267,0.4225086555109655,,0.1863839600584998,0.08026809858474565,3.328857505891508,0.2046836373521653,0.5103065795100571,0.06421447635101238,2.6861413554426834,1.131780129052224,0.018336383360526898,0.020333001102683313,93,49897,0.011724044912113341,0.013727485611417461,40,49833,0.0793773104169733,0.08124797226929728,1661,49897,0.019271165059181732,0.02126961255914687,102,49833,0.030958563745508375,0.03294709989474934,254,49774,0.01038997671484425,0.012394061697934045,32,49833,0.07152365729212913,0.07342476662979096,1337,49774,0.046415140276057955,0.0483763803874002,564,49833,0.88868,0.9718041610345495,0.29298,0.3933622606936254,0.29929,False,/data/suehara/part/march/datasets/20250711_ilc_nnqq_sgv_10m_3cat_parquet,val50k_tail,150000,proxy
47,47,5760000,,lr_14e-6,1.4e-05,validation_total_reference_mistag_geomean_percent,0.4136197205546697,min,0.9924076853104006,0.9924076853104006,0.5551877201059876,0.30815031931733466,0.4136197205546697,,0.18449075080213614,0.07820803547467609,3.116289287660472,0.20053341349447648,0.5083383751415584,0.062165359400693156,2.658227745414338,1.1310085150948546,0.01824354561512536,0.020241440427615026,92,49867,0.011557169717823829,0.013559327091956796,39,49867,0.07687514316140343,0.07875545561309046,1554,49867,0.019059273196141882,0.021056524603100438,100,49867,0.030898423360562095,0.032887198416058604,253,49770,0.01020507671752037,0.012207877497184404,31,49867,0.07115878048007014,0.07306116428396799,1323,49770,0.04638366371339537,0.04834359759955196,564,49867,0.88955,0.9720230400528364,0.29168,0.3933622606936254,0.29927,False,/data/suehara/part/march/datasets/20250711_ilc_nnqq_sgv_10m_3cat_parquet,val50k_tail,150000,proxy
47,47,5760000,,lr_3e-6,1.1147673599999999e-05,validation_total_reference_mistag_geomean_percent,0.40293300913736835,min,0.9825221970183322,0.9825221970183322,0.5483604005976306,0.296073548847714,0.40293300913736835,,0.1647247862443543,0.07415126804370906,3.077541136860207,0.2044170119520446,0.49371815666300284,0.060122648147247056,2.625135403106954,1.1603671651291394,0.017202096930316005,0.019204277489602788,82,49780,0.011226219492062784,0.013227295615087767,37,49898,0.07647053588694594,0.07835569122005698,1532,49780,0.019246083470263402,0.021241938416827415,102,49898,0.03042235233815336,0.032409479071084275,246,49826,0.010018159228371216,0.012019797631938162,30,49898,0.07068090072015268,0.07258247474742907,1308,49826,0.046973353382678135,0.04893089292659775,579,49898,0.88951,0.9719664039754226,0.29169,0.3933622606936254,0.29772,False,/data/suehara/part/march/datasets/20250711_ilc_nnqq_sgv_10m_3cat_parquet,val50k_tail,150000,proxy
47,47,5760000,,lr_6e-6,1.25411328e-05,validation_total_reference_mistag_geomean_percent,0.4142473332581747,min,0.9978517683164684,0.9978517683164684,0.5604253922305455,0.306197498347678,0.4142473332581747,,0.18659336256523051,0.07413641081490233,3.139985155549609,0.20237236638933928,0.5004522213829086,0.0641179770778232,2.6590293686702062,1.1561272840817276,0.018356969162307193,0.02035582180197231,93,49841,0.011223970759365064,0.013224646532832918,37,49908,0.07718118698381363,0.0790615294599277,1565,49841,0.019143176517461565,0.021138713500164004,101,49908,0.030655887267404345,0.03264557887380928,249,49755,0.010374366849186722,0.012375444090683124,32,49908,0.07117995204214307,0.0730828771469235,1323,49755,0.04688204499499141,0.04883936222137581,577,49908,0.88917,0.971964575523837,0.29204,0.3933622606936254,0.29825,False,/data/suehara/part/march/datasets/20250711_ilc_nnqq_sgv_10m_3cat_parquet,val50k_tail,150000,proxy
47,47,5760000,,lr_9e-6,1.3934591999999998e-05,validation_total_reference_mistag_geomean_percent,0.4063280186730803,min,0.9886556344028266,0.9886556344028266,0.5626571515461317,0.2934335026314058,0.4063280186730803,,0.1705423306487281,0.07219203009505254,3.127946873204581,0.1925120745984289,0.5301630549092827,0.0641706940461628,2.6327415697364076,1.1189764479839694,0.017509218455604054,0.01950871517224502,85,49841,0.01106794044851019,0.013070339099717304,36,49867,0.07703591738887003,0.07891674292271542,1559,49841,0.018655671290361966,0.020653244400086077,96,49867,0.0315640749619657,0.03355093509147932,264,49796,0.010382894425657553,0.012385614779630199,32,49867,0.07080296557950144,0.07270537971747482,1311,49796,0.04613379335349152,0.048094209793796486,558,49867,0.88951,0.9719991411699936,0.2914,0.3933622606936254,0.2988,False,/data/suehara/part/march/datasets/20250711_ilc_nnqq_sgv_10m_3cat_parquet,val50k_tail,150000,proxy
48,48,5880000,,lr_14e-6,1.4e-05,validation_total_reference_mistag_geomean_percent,0.39901367817811817,min,0.9902770704869581,0.9902770704869581,0.5506530372317794,0.2891329105776199,0.39901367817811817,,0.17870408777965732,0.06607400094529699,3.178523432643801,0.1862085433397998,0.5185200247265439,0.06206951679805548,2.6569127072457084,1.0752042504168025,0.017951544976881582,0.01995223953578727,89,49803,0.01054169795619101,0.012541254508282976,33,49944,0.07767345186939119,0.07955368143399977,1583,49803,0.01831914159401162,0.02031388747233457,93,49944,0.031218430553205893,0.033207315958277014,258,49757,0.010189346996349123,0.012189063904233384,31,49944,0.07115057289625963,0.07305350659153574,1322,49757,0.04517873384167481,0.047137880734107046,537,49944,0.8897,0.9721439334412963,0.29094,0.3933622606936254,0.29833,False,/data/suehara/part/march/datasets/20250711_ilc_nnqq_sgv_10m_3cat_parquet,val50k_tail,150000,proxy
48,48,5880000,,lr_3e-6,1.1147673599999999e-05,validation_total_reference_mistag_geomean_percent,0.39986677845650165,min,0.9925375903241663,0.9925375903241663,0.5513805228236421,0.28998746581464313,0.39986677845650165,,0.18071201460255434,0.06607400094529699,3.180531281602059,0.1862085433397998,0.5185200247265439,0.06206951679805548,2.6709810901622197,1.0752042504168025,0.018057270937423334,0.020057884863802777,90,49803,0.01054169795619101,0.012541254508282976,33,49944,0.07769749949762955,0.07957764842971282,1584,49803,0.01831914159401162,0.02031388747233457,93,49944,0.031218430553205893,0.033207315958277014,258,49757,0.010189346996349123,0.012189063904233384,31,49944,0.07133623387586482,0.07323860209936597,1329,49757,0.04517873384167481,0.047137880734107046,537,49944,0.88967,0.9721339116635862,0.29097,0.3933622606936254,0.29835,False,/data/suehara/part/march/datasets/20250711_ilc_nnqq_sgv_10m_3cat_parquet,val50k_tail,150000,proxy
48,48,5880000,,lr_6e-6,1.25411328e-05,validation_total_reference_mistag_geomean_percent,0.4048630373004253,min,1.0160029982554362,1.0160029982554362,0.5640967414590625,0.29057795751160365,0.4048630373004253,,0.18059234155761114,0.062165359400693156,3.264708336498693,0.19451742013673207,0.514045902692717,0.0641706940461628,2.718820820991706,1.1290031107191727,0.018045323142208584,0.02004461714694868,90,49836,0.01020507671752037,0.012207877497184404,31,49867,0.07867246132931202,0.08054798721397541,1627,49836,0.018757350283452285,0.020754842967484984,97,49867,0.031066612863661462,0.033053920766850514,256,49801,0.010382894425657553,0.012385614779630199,32,49867,0.07193226269043285,0.07383102896860658,1354,49801,0.046342114359376047,0.04830212867122409,563,49867,0.88915,0.9719286756468302,0.29231,0.3933622606936254,0.29892,False,/data/suehara/part/march/datasets/20250711_ilc_nnqq_sgv_10m_3cat_parquet,val50k_tail,150000,proxy
48,48,5880000,,lr_9e-6,1.3934591999999998e-05,validation_total_reference_mistag_geomean_percent,0.40820203132524435,min,1.0084889680021372,1.0084889680021372,0.5663824693061921,0.29419854499058395,0.40820203132524435,,0.1748040975685117,0.07019092153431254,3.2047417816327113,0.1905182074311171,0.5193503081066941,0.06417455478902614,2.7010226615990893,1.143109211355636,0.017750044612630574,0.01975222242304813,87,49770,0.010901040193527747,0.012903639575085928,35,49864,0.0780123416822473,0.07989276434555159,1595,49770,0.018554575162213267,0.0205523484216325,95,49864,0.031209742660051176,0.03319408825926484,259,49870,0.010383518945122764,0.0123863596327879,32,49864,0.07165068003555826,0.07354753300987567,1347,49870,0.04663495464574934,0.04859452110490218,570,49864,0.88933,0.9718088526773586,0.29232,0.3933622606936254,0.29817,False,/data/suehara/part/march/datasets/20250711_ilc_nnqq_sgv_10m_3cat_parquet,val50k_tail,150000,proxy
49,49,6000000,,lr_14e-6,1.4e-05,validation_total_reference_mistag_geomean_percent,0.420629684686432,min,1.019269911837208,1.019269911837208,0.5685107711156873,0.31121544327504674,0.420629684686432,,0.19462669248543063,0.07218768516158867,3.264511765618257,0.20453178213420375,0.5120996193790823,0.06617204570330013,2.6970579532467704,1.1429717509690303,0.01876787951920224,0.02076649000483752,97,49839,0.011067274827687159,0.013069553198363944,36,49870,0.07866780273042412,0.08054322360812188,1627,49839,0.019256879838030972,0.021253850751682714,102,49870,0.031008004768214286,0.0329956302960322,255,49795,0.010557336364295306,0.012559855983018675,33,49870,0.07165197981954877,0.0735518489681744,1343,49795,0.04662937432030022,0.04858871053868424,570,49870,0.88907,0.9718391134307526,0.29271,0.3933622606936254,0.29811,False,/data/suehara/part/march/datasets/20250711_ilc_nnqq_sgv_10m_3cat_parquet,val50k_tail,150000,proxy
49,49,6000000,,lr_3e-6,1.1147673599999999e-05,validation_total_reference_mistag_geomean_percent,0.41947322782386043,min,0.9996610105296716,0.9996610105296716,0.5666620506655228,0.310516274478435,0.41947322782386043,,0.1927710843373494,0.07621951219512195,3.1546184719624235,0.20057766465358545,0.5155673230888034,0.06619063063220294,2.652062302583005,1.1392810947848806,0.018680749512926895,0.020680999665159294,96,49800,0.01139875772073357,0.01340143660184574,38,49856,0.07738881434606881,0.07927011719244259,1571,49800,0.01906347471409761,0.021061165001773526,100,49856,0.03109954362326443,0.03308491675714205,257,49848,0.010560300202923888,0.012563381389958335,33,49856,0.07102238196537887,0.07292203643109348,1322,49848,0.04655969655167503,0.04851973100502543,568,49856,0.88933,0.9719766155805426,0.29201,0.3933622606936254,0.30059,False,/data/suehara/part/march/datasets/20250711_ilc_nnqq_sgv_10m_3cat_parquet,val50k_tail,150000,proxy
49,49,6000000,,lr_6e-6,1.25411328e-05,validation_total_reference_mistag_geomean_percent,0.42007616882904275,min,1.0175140205078228,1.0175140205078228,0.5693632789451986,0.3099321542917262,0.42007616882904275,,0.192620237163667,0.07218768516158867,3.244447183794992,0.20453178213420375,0.5120996193790823,0.06617204570330013,2.699066224235503,1.1489873864902465,0.018666143547215235,0.02066483454893416,96,49839,0.011067274827687159,0.013069553198363944,36,49870,0.07843065174167468,0.08030687778020906,1617,49839,0.019256879838030972,0.021253850751682714,102,49870,0.031008004768214286,0.0329956302960322,255,49795,0.010557336364295306,0.012559855983018675,33,49870,0.0716782903488037,0.07357807883899246,1344,49795,0.04675311032609399,0.04871220529643113,573,49870,0.88907,0.9718343062501736,0.29273,0.3933622606936254,0.29812,False,/data/suehara/part/march/datasets/20250711_ilc_nnqq_sgv_10m_3cat_parquet,val50k_tail,150000,proxy
49,49,6000000,,lr_9e-6,1.3934591999999998e-05,validation_total_reference_mistag_geomean_percent,0.4160477939743187,min,1.009291302436638,1.009291302436638,0.5558197733172305,0.31142426948546836,0.4160477939743187,,0.19278269775287668,0.07618894560897958,3.259232532945391,0.19648728607092947,0.5177499775435743,0.06215414333768205,2.6509602985970875,1.1187745376365819,0.018681873995582823,0.020682244183230877,96,49797,0.011394188244071696,0.01339606530369467,38,49876,0.07863823389388513,0.08051544854170839,1623,49797,0.018855104891425233,0.02085215815090455,98,49876,0.03117218041889542,0.03315814325422269,258,49831,0.010203235672646407,0.012205675508952796,31,49876,0.07101976605023812,0.07292011280550965,1321,49831,0.046125512817236924,0.048085583608948115,558,49876,0.88931,0.9719074911094849,0.29222,0.3933622606936254,0.29837,False,/data/suehara/part/march/datasets/20250711_ilc_nnqq_sgv_10m_3cat_parquet,val50k_tail,150000,proxy
50,50,6120000,,lr_14e-6,1.4e-05,validation_total_reference_mistag_geomean_percent,0.41329134319773464,min,0.9995443185621781,0.9995443185621781,0.5573733097603201,0.30645481470154845,0.41329134319773464,,0.18093361258186544,0.07617978466377812,3.160307128846796,0.20247784487149534,0.5172413929180644,0.06214666506748246,2.6744186283769706,1.1226494911709723,0.01807939795931135,0.020082456334661984,90,49742,0.011392818115384768,0.013394454753746891,38,49882,0.07750181073626732,0.07938507844488657,1572,49742,0.019153145808565926,0.0211497186751649,101,49882,0.031141630669490397,0.03312566301129152,258,49880,0.010202008678389711,0.012204207958058837,31,49882,0.07129461343420192,0.07319215283378734,1334,49880,0.046203413082001286,0.04816309275432595,560,49882,0.88918,0.9719340716801486,0.29179,0.3933622606936254,0.29863,False,/data/suehara/part/march/datasets/20250711_ilc_nnqq_sgv_10m_3cat_parquet,val50k_tail,150000,proxy
50,50,6120000,,lr_3e-6,1.1147673599999999e-05,validation_total_reference_mistag_geomean_percent,0.41332172642627396,min,1.001300592893943,1.001300592893943,0.5586595452013818,0.30579420150140685,0.41332172642627396,,0.17892324767098916,0.07617978466377812,3.1683486150379805,0.20247784487149534,0.5212509832710694,0.06214666506748246,2.678428111397777,1.1226494911709723,0.017973542648776316,0.019976681854536375,89,49742,0.011392818115384768,0.013394454753746891,38,49882,0.07759843282938023,0.07948137721636162,1576,49742,0.019153145808565926,0.0211497186751649,101,49882,0.031265249449292064,0.0332491210235427,260,49880,0.010202008678389711,0.012204207958058837,31,49882,0.0713473295896775,0.07324470822171227,1336,49880,0.046203413082001286,0.04816309275432595,560,49882,0.88915,0.9719219507939981,0.29185,0.3933622606936254,0.29865,False,/data/suehara/part/march/datasets/20250711_ilc_nnqq_sgv_10m_3cat_parquet,val50k_tail,150000,proxy
50,50,6120000,,lr_6e-6,1.25411328e-05,validation_total_reference_mistag_geomean_percent,0.41373863511816167,min,0.9976475701296088,0.9976475701296088,0.5673585208478548,0.30171338210207926,0.41373863511816167,,0.18269058042951689,0.07421522742093206,3.173997782570061,0.19255841187261763,0.5136642722420642,0.0681977755470682,2.66663981146837,1.109216699486241,0.018159495073331172,0.02015970825206899,91,49811,0.01123589931922174,0.013238698772681717,37,49855,0.07761306113167124,0.07949317043419515,1581,49811,0.01866015796126205,0.0206582100143985,96,49855,0.03104360303422017,0.03302945089343704,256,49838,0.010733012230888848,0.01273605307758563,34,49855,0.07122181788230958,0.0731212685168195,1329,49838,0.045935501718880056,0.04789678153561197,553,49855,0.88941,0.9720140779378442,0.2916,0.3933622606936254,0.29984,False,/data/suehara/part/march/datasets/20250711_ilc_nnqq_sgv_10m_3cat_parquet,val50k_tail,150000,proxy
50,50,6120000,,lr_9e-6,1.3934591999999998e-05,validation_total_reference_mistag_geomean_percent,0.4118525781830012,min,0.9863381559947071,0.9863381559947071,0.5426673402830009,0.3125718715033173,0.4118525781830012,,0.18841827891908353,0.07812343540940896,3.142977329101117,0.20632599999131074,0.4809433817153452,0.06209811426250113,2.6260716024853035,1.1057471060735862,0.0184425777099817,0.020439434062413078,94,49889,0.011544672054565858,0.013544667109450386,39,49921,0.07718053968850877,0.07905895310162461,1568,49889,0.0193357665403611,0.02133062548050489,103,49921,0.030053961974622814,0.03204688104602041,239,49694,0.010194040403296042,0.012194677472523173,31,49921,0.07078592188068666,0.07269250920102291,1305,49694,0.045833160074173346,0.04779198595933863,552,49921,0.88957,0.9721071022218734,0.29118,0.3933622606936254,0.29856,False,/data/suehara/part/march/datasets/20250711_ilc_nnqq_sgv_10m_3cat_parquet,val50k_tail,150000,proxy
51,51,6240000,,lr_14e-6,1.4e-05,validation_total_reference_mistag_geomean_percent,0.4121388552227401,min,0.9969525789984577,0.9969525789984577,0.5617742727384858,0.30236065307209664,0.4121388552227401,,0.18043303708645578,0.07418695238786083,3.145549395705312,0.1985002232279427,0.5185929778668195,0.06416168745238,2.675376936733006,1.1188194215278844,0.018029417321439346,0.02002695413748979,90,49880,0.01123162012867607,0.013233657744671386,37,49874,0.07721838641040861,0.07909703562280004,1569,49880,0.018956484655168915,0.020953537277903493,99,49874,0.031222812672078264,0.0332119749817875,258,49750,0.010381437505679056,0.012383877137259906,32,49874,0.0713990947173445,0.07330155388864008,1331,49750,0.04612735267951976,0.04808750027150161,558,49874,0.88955,0.972006555327094,0.29167,0.3933622606936254,0.2977,False,/data/suehara/part/march/datasets/20250711_ilc_nnqq_sgv_10m_3cat_parquet,val50k_tail,150000,proxy
51,51,6240000,,lr_3e-6,1.1147673599999999e-05,validation_total_reference_mistag_geomean_percent,0.4040909600907855,min,0.9913687503614725,0.9913687503614725,0.5466670363467446,0.29870011025051113,0.4040909600907855,,0.17269422276479615,0.07413343874181655,3.1667301980154665,0.1963534395468339,0.5080831552013555,0.06010819622068249,2.6488602061964843,1.1039871462043451,0.017632159476252948,0.019633256093489555,86,49799,0.011223521120928066,0.013224116843706927,37,49910,0.07753511948409147,0.0794159736906927,1577,49799,0.018842271145800553,0.020837969351158787,98,49910,0.030882946577166694,0.03287073342185817,253,49795,0.010015751083263556,0.01201690881623824,30,49910,0.07101731280236973,0.07291911775347756,1319,49795,0.04580123031226423,0.047760558429236,551,49910,0.88946,0.972014810679989,0.29159,0.3933622606936254,0.30008,False,/data/suehara/part/march/datasets/20250711_ilc_nnqq_sgv_10m_3cat_parquet,val50k_tail,150000,proxy
51,51,6240000,,lr_6e-6,1.25411328e-05,validation_total_reference_mistag_geomean_percent,0.4077325718945167,min,0.9893167858310303,0.9893167858310303,0.5557332845579531,0.2991468296090168,0.4077325718945167,,0.17894841809663936,0.07415275140923719,3.1044535450497133,0.19440047375623268,0.5153192194033538,0.06212798197439117,2.668832323755554,1.1162995732031211,0.01797607042051334,0.01997949054168668,89,49735,0.011226444414892461,0.013227560581685702,37,49897,0.07683228346791332,0.07871806223564391,1544,49735,0.018746082061814523,0.02074237848792536,97,49897,0.03108461281399761,0.03306904049161091,257,49872,0.010198942483445887,0.01220054062430738,31,49897,0.07122673223823976,0.07312480004204348,1331,49872,0.046064448072653634,0.04802379315353312,557,49897,0.88938,0.9719339990730859,0.29148,0.3933622606936254,0.29848,False,/data/suehara/part/march/datasets/20250711_ilc_nnqq_sgv_10m_3cat_parquet,val50k_tail,150000,proxy
51,51,6240000,,lr_9e-6,1.3934591999999998e-05,validation_total_reference_mistag_geomean_percent,0.41279191148375804,min,0.9930285198307718,0.9930285198307718,0.551519560438748,0.30895941759682904,0.41279191148375804,,0.17656854381387194,0.08026648630222821,3.172214468146075,0.20267287220389307,0.4896550508079876,0.06421318778344103,2.6469467731904954,1.111690776398182,0.0178323416851326,0.019831676815520526,88,49839,0.011723809724475563,0.013727210286942557,40,49834,0.07757014531293918,0.0794492699304837,1581,49839,0.01917157795967611,0.02117006605543447,101,49834,0.030292032422277442,0.03227912284473619,244,49831,0.010389768274317302,0.01239381309471329,32,49834,0.07096667624440466,0.07286718408355229,1319,49831,0.04599671974817015,0.04795872673869928,554,49834,0.88953,0.9720023615550049,0.29164,0.3933622606936254,0.2985,False,/data/suehara/part/march/datasets/20250711_ilc_nnqq_sgv_10m_3cat_parquet,val50k_tail,150000,proxy
52,52,6360000,,lr_14e-6,1.4e-05,validation_total_reference_mistag_geomean_percent,0.4063732578483527,min,0.9934094142106136,0.9934094142106136,0.5438475824844329,0.30364982765922416,0.4063732578483527,,0.176674901574697,0.07621339975212038,3.2122708983591064,0.19655033999225988,0.4876091067786267,0.06217408790150082,2.6447276201133842,1.0910549592132137,0.01784307402908636,0.019843609066303326,88,49809,0.011397843532220996,0.013400361997654379,38,49860,0.07807187498444917,0.07995052301196376,1600,49809,0.018861150352372076,0.020858841921295515,98,49860,0.030225776239476213,0.03221278927783965,243,49835,0.010206509100704633,0.012209590704064173,31,49860,0.07093449521438297,0.07283493956781947,1318,49835,0.045551672786579324,0.04751348442477866,544,49860,0.88945,0.9720082665123443,0.29159,0.3933622606936254,0.29951,False,/data/suehara/part/march/datasets/20250711_ilc_nnqq_sgv_10m_3cat_parquet,val50k_tail,150000,proxy
52,52,6360000,,lr_3e-6,1.1147673599999999e-05,validation_total_reference_mistag_geomean_percent,0.4067975545654537,min,0.9946633124461779,0.9946633124461779,0.5450690291183601,0.30360237247032956,0.4067975545654537,,0.176674901574697,0.07621339975212038,3.2102632806788303,0.19655033999225988,0.4896157253191232,0.06217408790150082,2.6527541713401677,1.0930605930107236,0.01784307402908636,0.019843609066303326,88,49809,0.011397843532220996,0.013400361997654379,38,49860,0.07804796287824503,0.07992669151886053,1599,49809,0.018861150352372076,0.020858841921295515,98,49860,0.030289606467613726,0.032276538976968014,244,49835,0.010206509100704633,0.012209590704064173,31,49860,0.0710406666751335,0.07294078891253268,1322,49835,0.045593970447455924,0.047555701637380134,545,49860,0.88947,0.9719977320122121,0.29165,0.3933622606936254,0.29953,False,/data/suehara/part/march/datasets/20250711_ilc_nnqq_sgv_10m_3cat_parquet,val50k_tail,150000,proxy
52,52,6360000,,lr_6e-6,1.25411328e-05,validation_total_reference_mistag_geomean_percent,0.4075294663446247,min,0.983728494571025,0.983728494571025,0.5525525802425633,0.3005691618818024,0.4075294663446247,,0.18257694023379967,0.0741676219037485,3.09979547858201,0.19443944025556253,0.5002511331524767,0.06414496762683665,2.6639878824647862,1.090464492348978,0.018148209310905297,0.02014718301059672,91,49842,0.011228694138996811,0.013230210831635593,37,49887,0.07669424071718584,0.07857615812370926,1545,49842,0.01874983663112087,0.020746531650639898,97,49887,0.03064359762764016,0.03263249785545727,249,49775,0.01037873288161626,0.012380651380348344,32,49887,0.07123129994981992,0.07313326121847277,1326,49775,0.045527146587753115,0.047487920142529755,544,49887,0.8899,0.9721324325031167,0.29087,0.3933622606936254,0.29825,False,/data/suehara/part/march/datasets/20250711_ilc_nnqq_sgv_10m_3cat_parquet,val50k_tail,150000,proxy
52,52,6360000,,lr_9e-6,1.3934591999999998e-05,validation_total_reference_mistag_geomean_percent,0.40783766816624023,min,0.9824733088780677,0.9824733088780677,0.5522397929958466,0.30119445517126514,0.40783766816624023,,0.18257694023379967,0.0741676219037485,3.0937764397660454,0.1964439614344438,0.5002511331524767,0.06414496762683665,2.657960914558213,1.090464492348978,0.018148209310905297,0.02014718301059672,91,49842,0.011228694138996811,0.013230210831635593,37,49887,0.07662113034817564,0.07850328927387386,1542,49842,0.018850950884582433,0.020847565542882758,98,49887,0.03064359762764016,0.03263249785545727,249,49775,0.01037873288161626,0.012380651380348344,32,49887,0.07115172609043138,0.07305392952888651,1323,49775,0.045527146587753115,0.047487920142529755,544,49887,0.8899,0.9721386468754473,0.29083,0.3933622606936254,0.29825,False,/data/suehara/part/march/datasets/20250711_ilc_nnqq_sgv_10m_3cat_parquet,val50k_tail,150000,proxy
53,53,6480000,,lr_14e-6,1.4e-05,validation_total_reference_mistag_geomean_percent,0.4089119656677995,min,1.0031049788841586,1.0031049788841586,0.5621978218194157,0.29742021256000717,0.4089119656677995,,0.18261725389750294,0.06821419289877928,3.1947985076786907,0.19661737471642649,0.49969897284777787,0.06620789359408726,2.6971703396454636,1.1195152957945405,0.018152212330255886,0.020151625669223072,91,49831,0.010735595588071287,0.012739118010326143,34,49843,0.0778465098824236,0.07972502977250662,1592,49831,0.018867577903760212,0.020865948123703626,98,49843,0.03060985186947307,0.03259657904827653,249,49830,0.010563053829248633,0.012566656754664614,33,49843,0.07162861423613658,0.07352714445309737,1344,49830,0.046155889324839446,0.04811722809066974,558,49843,0.88922,0.971934223173443,0.29192,0.3933622606936254,0.299,False,/data/suehara/part/march/datasets/20250711_ilc_nnqq_sgv_10m_3cat_parquet,val50k_tail,150000,proxy
53,53,6480000,,lr_3e-6,1.1147673599999999e-05,validation_total_reference_mistag_geomean_percent,0.4096342574820627,min,1.001574599072929,1.001574599072929,0.5683349970803849,0.29524879827019923,0.4096342574820627,,0.17660752298032092,0.06822240737987897,3.1749217227326993,0.19864758628148305,0.5176668750151562,0.06621586209382768,2.6705993241186463,1.1397154919814192,0.017836275378511728,0.019836050307573044,88,49828,0.010736887733064882,0.012740651029945172,34,49837,0.07761105232891759,0.07949048311296988,1582,49828,0.01897054630172557,0.020969075633113423,99,49837,0.031167188611326124,0.03315283600749874,258,49839,0.010564325218106184,0.012568169037532504,33,49837,0.07127327273862422,0.0731725263770737,1331,49839,0.0465773510362158,0.048538115293511944,568,49837,0.88896,0.9717635028428205,0.29249,0.3933622606936254,0.29667,False,/data/suehara/part/march/datasets/20250711_ilc_nnqq_sgv_10m_3cat_parquet,val50k_tail,150000,proxy
53,53,6480000,,lr_6e-6,1.25411328e-05,validation_total_reference_mistag_geomean_percent,0.40942368677113994,min,1.0038574796372977,1.0038574796372977,0.5617365884520386,0.29840989306251087,0.40942368677113994,,0.18261725389750294,0.06821419289877928,3.204832286181508,0.19862367275586104,0.49969897284777787,0.06620789359408726,2.693156605889554,1.1175089590333112,0.018152212330255886,0.020151625669223072,91,49831,0.010735595588071287,0.012739118010326143,34,49843,0.07796622663792385,0.07984434381831801,1597,49831,0.01896826461771175,0.020966554334494104,99,49843,0.03060985186947307,0.03259657904827653,249,49830,0.010563053829248633,0.012566656754664614,33,49843,0.07157601798445518,0.07347470929175773,1342,49830,0.04611408977546576,0.048075509044457135,557,49843,0.88911,0.9719243315842414,0.29197,0.3933622606936254,0.29929,False,/data/suehara/part/march/datasets/20250711_ilc_nnqq_sgv_10m_3cat_parquet,val50k_tail,150000,proxy
53,53,6480000,,lr_9e-6,1.3934591999999998e-05,validation_total_reference_mistag_geomean_percent,0.4102536165221684,min,1.006988372483744,1.006988372483744,0.5659067677812349,0.29741300060681014,0.4102536165221684,,0.17869691513325323,0.06817999285075514,3.2024896307633686,0.20052940055490734,0.5277839139780512,0.06416940723510066,2.687082468925125,1.126975250429391,0.017950824653355214,0.019951439160925438,89,49805,0.010730214996594687,0.01273273439761787,34,49868,0.07795839280052251,0.07983758447582742,1595,49805,0.019058891331796703,0.021056102850070195,100,49868,0.031480627477858784,0.03346618760349633,263,49831,0.010382686269196324,0.012385366515151323,32,49868,0.0714956280873414,0.07339452508773013,1339,49831,0.04629960336236111,0.04825965970138672,562,49868,0.88903,0.9717920904267112,0.29253,0.3933622606936254,0.29801,False,/data/suehara/part/march/datasets/20250711_ilc_nnqq_sgv_10m_3cat_parquet,val50k_tail,150000,proxy
54,54,6600000,,lr_14e-6,1.4e-05,validation_total_reference_mistag_geomean_percent,0.4195498919871032,min,1.020849574247201,1.020849574247201,0.5747087719353838,0.30628053800818034,0.4195498919871032,,0.18287414443775857,0.07409632467938551,3.275657614406976,0.1982577303301595,0.5119659622629776,0.06808851307221322,2.694346316991472,1.161509987796666,0.018177727522996484,0.02017994310362502,91,49761,0.01121790367859751,0.013217499307994216,37,49935,0.07886019972299374,0.08073811228102856,1630,49761,0.018933347398965013,0.02092797020675674,99,49935,0.030999930558282558,0.03298704268865074,255,49808,0.01071582157176962,0.012715657821566579,34,49935,0.07160721266467364,0.0735066948349742,1342,49808,0.04697963715119165,0.0489356804881446,580,49935,0.88893,0.9716818068146874,0.2932,0.3933622606936254,0.29835,False,/data/suehara/part/march/datasets/20250711_ilc_nnqq_sgv_10m_3cat_parquet,val50k_tail,150000,proxy
54,54,6600000,,lr_3e-6,1.1147673599999999e-05,validation_total_reference_mistag_geomean_percent,0.4195486710767362,min,1.0203484276404993,1.0203484276404993,0.5748818535282749,0.30618654306436205,0.4195486710767362,,0.18287414443775857,0.07409632467938551,3.2716383770280424,0.1982577303301595,0.5139736588499839,0.06808851307221322,2.6963538783435705,1.1575047943828802,0.018177727522996484,0.02017994310362502,91,49761,0.01121790367859751,0.013217499307994216,37,49935,0.07881281181685018,0.0806908859122768,1628,49761,0.018933347398965013,0.02092797020675674,99,49935,0.03106225703687895,0.03304928855090852,256,49808,0.01071582157176962,0.012715657821566579,34,49935,0.07163352723446488,0.07353292878842684,1343,49808,0.0468978056054184,0.048854009355971464,578,49935,0.88893,0.9716715921721644,0.29324,0.3933622606936254,0.29837,False,/data/suehara/part/march/datasets/20250711_ilc_nnqq_sgv_10m_3cat_parquet,val50k_tail,150000,proxy
54,54,6600000,,lr_6e-6,1.25411328e-05,validation_total_reference_mistag_geomean_percent,0.420827212152007,min,1.0195933114605158,1.0195933114605158,0.5787468286487326,0.30599829445478927,0.420827212152007,,0.18287414443775857,0.07409632467938551,3.263599962003681,0.1982577303301595,0.5119659622629776,0.0700911210241449,2.6963538783435705,1.159507368602449,0.018177727522996484,0.02017994310362502,91,49761,0.01121790367859751,0.013217499307994216,37,49935,0.07871793949405306,0.08059633666426189,1624,49761,0.018933347398965013,0.02092797020675674,99,49935,0.030999930558282558,0.03298704268865074,255,49808,0.010885544771668983,0.012885300814665865,35,49935,0.07163352723446488,0.07353292878842684,1343,49808,0.04693873965091761,0.04889486319467045,579,49935,0.88895,0.9716766198951291,0.29323,0.3933622606936254,0.29836,False,/data/suehara/part/march/datasets/20250711_ilc_nnqq_sgv_10m_3cat_parquet,val50k_tail,150000,proxy
54,54,6600000,,lr_9e-6,1.3934591999999998e-05,validation_total_reference_mistag_geomean_percent,0.39043189051863963,min,0.993141470899215,0.993141470899215,0.5355726059634279,0.28462445509090945,0.39043189051863963,,0.18277864595651333,0.062113044527895366,3.2056560733501223,0.18032820084757775,0.5059428365501084,0.05610210747922863,2.6642307428063616,1.0879801156759132,0.018168242082457403,0.020169415914023537,91,49787,0.010196490854188221,0.012197608343839865,31,49909,0.07801008378821028,0.07988982765842201,1596,49787,0.018018949261388292,0.02001532961813765,90,49909,0.03081220400670357,0.032799557986087566,252,49808,0.00964567417778765,0.011647032538603823,28,49909,0.07121121156990727,0.0731119029852869,1327,49808,0.04546488489885654,0.047424893709763216,543,49909,0.8893,0.9719423752950553,0.29147,0.39043189051863963,0.29873,False,/data/suehara/part/march/datasets/20250711_ilc_nnqq_sgv_10m_3cat_parquet,val50k_tail,150000,proxy
55,55,6720000,,lr_14e-6,1.4e-05,validation_total_reference_mistag_geomean_percent,0.41371287816189745,min,1.0154017656925602,1.0154017656925602,0.5637459115620753,0.3036090232259793,0.41371287816189745,,0.17443608510232364,0.07613856996671726,3.258145285533597,0.1963573694536294,0.5068382876048976,0.06411669238013185,2.693081350074687,1.1541004854244976,0.017712703859932274,0.01971068140062414,87,49875,0.011386656611780618,0.013387212068715064,38,49909,0.07856460925525915,0.08043893176053474,1625,49875,0.018842648359538357,0.0208383863931824,98,49909,0.030866612552530714,0.032857447881890364,252,49720,0.010374159034503628,0.01237519623376711,32,49909,0.07165312211062404,0.07355601701398325,1339,49720,0.046840082384130496,0.048797441612227765,576,49909,0.88892,0.9718272095924759,0.29268,0.39043189051863963,0.29829,False,/data/suehara/part/march/datasets/20250711_ilc_nnqq_sgv_10m_3cat_parquet,val50k_tail,150000,proxy
55,55,6720000,,lr_3e-6,1.1147673599999999e-05,validation_total_reference_mistag_geomean_percent,0.42112581895256657,min,1.0138773034042197,1.0138773034042197,0.5712387403886041,0.31046030818537224,0.42112581895256657,,0.17858217265094248,0.07824883090018823,3.24859045867826,0.2046507839971181,0.50375305093205,0.06821693083934055,2.667282043016923,1.1616941562189351,0.01793930733368699,0.019938641890535156,89,49837,0.0115631967668207,0.013566396926072598,39,49841,0.07848124498711917,0.0803573800485291,1619,49837,0.01926807456714675,0.021266202620214045,102,49841,0.030738294135049596,0.032725018077464293,251,49826,0.010736026268511122,0.012739628975872927,34,49841,0.0712387452415364,0.07313862754864398,1329,49826,0.04702677724829681,0.04898650221168057,579,49841,0.88893,0.9718911557801352,0.29236,0.39043189051863963,0.2989,False,/data/suehara/part/march/datasets/20250711_ilc_nnqq_sgv_10m_3cat_parquet,val50k_tail,150000,proxy
55,55,6720000,,lr_6e-6,1.25411328e-05,validation_total_reference_mistag_geomean_percent,0.4088780312219512,min,1.0119367795614131,1.0119367795614131,0.5567076630070813,0.30030347258541756,0.4088780312219512,,0.18299549235102522,0.07214862334578673,3.26978773583876,0.18838807806101018,0.5092323618968688,0.06212798197439117,2.676477203682484,1.1343367593409783,0.01818978100877552,0.02019332037230606,91,49728,0.01106128784104189,0.01306248433684652,36,49897,0.07881681000453666,0.08069620481863798,1626,49728,0.018439623193903555,0.0204361606070486,94,49897,0.030893544790736287,0.03287793804084568,254,49879,0.010198942483445887,0.01220054062430738,31,49897,0.07132238786918335,0.07321988277397343,1335,49879,0.04643886130037949,0.04839748342015653,566,49897,0.88914,0.9718745871150083,0.29203,0.39043189051863963,0.29956,False,/data/suehara/part/march/datasets/20250711_ilc_nnqq_sgv_10m_3cat_parquet,val50k_tail,150000,proxy
55,55,6720000,,lr_9e-6,1.3934591999999998e-05,validation_total_reference_mistag_geomean_percent,0.41987154543010646,min,1.0075419174006117,1.0075419174006117,0.5687725814638823,0.3099518514203567,0.41987154543010646,,0.18310226692989107,0.08011696764319001,3.205295859308562,0.1962865728854372,0.51726213191463,0.06609649830563176,2.6624964946971788,1.1496785475203741,0.0182003866698146,0.02020509080358933,91,49699,0.011701978441500116,0.013701653294457281,40,49927,0.07807399465485712,0.07995708133971893,1593,49699,0.01883586082222768,0.0208308821898609,98,49927,0.03114287642584949,0.033126987489841705,258,49878,0.01054528646293924,0.0125455229434355,33,49927,0.07113902250459186,0.07303711603126942,1328,49878,0.04674114951653489,0.04869798021150933,574,49927,0.88903,0.971754164644476,0.2927,0.39043189051863963,0.29903,False,/data/suehara/part/march/datasets/20250711_ilc_nnqq_sgv_10m_3cat_parquet,val50k_tail,150000,proxy
56,56,6840000,,lr_14e-6,1.4e-05,validation_total_reference_mistag_geomean_percent,0.4135384404167658,min,1.0069738951286176,1.0069738951286176,0.557178072066877,0.30692888014768194,0.4135384404167658,,0.18442786724885718,0.07828966890790595,3.1893994904022307,0.19271303824149352,0.4999498036238427,0.06223025421955232,2.7025399818060207,1.1462410565790364,0.018237333291727297,0.020234549774731627,92,49884,0.011569230105292903,0.013573474136456152,39,49815,0.07774116987462817,0.07961791040157554,1591,49884,0.018675129129549488,0.020674779320723313,96,49815,0.030625181632212145,0.03261289597167993,249,49805,0.010215726888108533,0.012220615668743974,31,49815,0.07171666925660826,0.07361593681852359,1346,49805,0.046721904822247945,0.04868327301351012,571,49815,0.88883,0.9718226867710298,0.29263,0.39043189051863963,0.29814,False,/data/suehara/part/march/datasets/20250711_ilc_nnqq_sgv_10m_3cat_parquet,val50k_tail,150000,proxy
56,56,6840000,,lr_3e-6,1.1147673599999999e-05,validation_total_reference_mistag_geomean_percent,0.41526797563585904,min,1.007474702796558,1.007474702796558,0.561583828351786,0.3070734641608666,0.41526797563585904,,0.18442786724885718,0.07828966890790595,3.195413419349192,0.19271303824149352,0.5019576316999235,0.06423767941383117,2.700532104050592,1.1422262134606695,0.018237333291727297,0.020234549774731627,92,49884,0.011569230105292903,0.013573474136456152,39,49815,0.07781297703392497,0.07968947644821922,1594,49884,0.018675129129549488,0.020674779320723313,96,49815,0.030688267153689084,0.03267590086710606,250,49805,0.010393730075005336,0.01239853826195675,32,49815,0.07169038500125582,0.07358973318922143,1345,49805,0.04663921237030664,0.04860074174893713,569,49815,0.8888,0.9718140294539057,0.29267,0.39043189051863963,0.29816,False,/data/suehara/part/march/datasets/20250711_ilc_nnqq_sgv_10m_3cat_parquet,val50k_tail,150000,proxy
56,56,6840000,,lr_6e-6,1.25411328e-05,validation_total_reference_mistag_geomean_percent,0.41541563266896886,min,1.0114798043790805,1.0114798043790805,0.5619298483394335,0.3071026541404128,0.41541563266896886,,0.1824268719770657,0.07829124016401785,3.231561770716955,0.19271691444975758,0.5039452230243665,0.06423896896454812,2.6964082382480092,1.1422492074879231,0.018133304507461537,0.020130641253556632,91,49883,0.011569462282509614,0.013573746484319294,39,49814,0.07824380804955094,0.08011889577889258,1612,49883,0.018675503716556296,0.020675193893936877,96,49814,0.03074999294676653,0.03273746703813408,251,49807,0.010393938674528211,0.012398787054776537,32,49814,0.0716349463267478,0.07353438384138725,1343,49807,0.04664014355864523,0.04860171139295603,569,49814,0.88881,0.9717975862218685,0.2927,0.39043189051863963,0.29815,False,/data/suehara/part/march/datasets/20250711_ilc_nnqq_sgv_10m_3cat_parquet,val50k_tail,150000,proxy
56,56,6840000,,lr_9e-6,1.3934591999999998e-05,validation_total_reference_mistag_geomean_percent,0.4171463935058386,min,1.0053754287748722,1.0053754287748722,0.5682872455804807,0.3062027433629681,0.4171463935058386,,0.18642879396363957,0.0762256256186586,3.1793123480574703,0.19457593455294028,0.5103783525314489,0.06619594176534847,2.676472284885677,1.1534141488237943,0.018340790716033124,0.02033788694398443,93,49885,0.01139967205590677,0.013402511378400562,38,49852,0.07761979400220075,0.07949690131012072,1586,49885,0.018762989475766653,0.020761080826546086,97,49852,0.03096290807459842,0.03295172103219461,254,49767,0.010561147319639865,0.01256438901261794,33,49852,0.07140148006087067,0.0733032453573982,1332,49767,0.04685223315513201,0.048811857887615454,575,49852,0.88915,0.9719445685898377,0.29224,0.39043189051863963,0.29845,False,/data/suehara/part/march/datasets/20250711_ilc_nnqq_sgv_10m_3cat_parquet,val50k_tail,150000,proxy
57,57,6960000,,lr_14e-6,1.4e-05,validation_total_reference_mistag_geomean_percent,0.41390616119988455,min,1.0016336987719012,1.0016336987719012,0.5568711848698307,0.3076444156816458,0.41390616119988455,,0.17868257156763748,0.07614162006725782,3.1901864382027942,0.20638388018952197,0.5001204971717886,0.06411926182699822,2.6773519438489815,1.1200833773002292,0.017949384179710662,0.019949838603825994,89,49809,0.011387112790894048,0.013387748295285351,38,49907,0.07780838729145693,0.07968792206308958,1589,49809,0.01934118581102663,0.021336602021894455,103,49907,0.030635614644358797,0.032624000813554196,249,49788,0.010374574672195828,0.012375691957527774,32,49907,0.07139819264870353,0.07329912048527898,1333,49788,0.0461387219010536,0.04809752276043362,559,49907,0.88923,0.9719472794607867,0.29201,0.39043189051863963,0.29717,False,/data/suehara/part/march/datasets/20250711_ilc_nnqq_sgv_10m_3cat_parquet,val50k_tail,150000,proxy
57,57,6960000,,lr_3e-6,1.1147673599999999e-05,validation_total_reference_mistag_geomean_percent,0.4243906063397276,min,1.0106352943049455,1.0106352943049455,0.5703354094155321,0.31579204758472207,0.4243906063397276,,0.18861488590952172,0.07815004943047865,3.17635492237836,0.2124078243191272,0.514438438197054,0.06612696344693254,2.694773130682578,1.1542161400755129,0.018461805166371442,0.02046073711048943,94,49837,0.011548603587911602,0.013549278869022019,39,49904,0.07762129831200976,0.07950033218507707,1583,49837,0.01963522865417015,0.02163052340126881,106,49904,0.031090280112652628,0.0330790897566444,256,49763,0.010550145391994777,0.012551302511971918,33,49904,0.07164475668788375,0.07354593934100276,1341,49763,0.04684474966572816,0.04880230036826694,576,49904,0.88923,0.9718771551383134,0.29244,0.39043189051863963,0.29769,False,/data/suehara/part/march/datasets/20250711_ilc_nnqq_sgv_10m_3cat_parquet,val50k_tail,150000,proxy
57,57,6960000,,lr_6e-6,1.25411328e-05,validation_total_reference_mistag_geomean_percent,0.41044485490854526,min,0.9919907233614549,0.9919907233614549,0.553465471528257,0.304382093531007,0.41044485490854526,,0.1728191653754102,0.07618436840350039,3.1268210511500114,0.20850457904511163,0.49536719501500476,0.062150403977625855,2.639284466204455,1.1547945577205212,0.017644905713060925,0.019647444931659378,86,49763,0.011393503138536947,0.013395259980310551,38,49879,0.07708192732938414,0.0789657461087355,1556,49763,0.019450179455952073,0.021446630755828304,104,49879,0.03046383844200872,0.032449464368507035,247,49862,0.010202622138627668,0.012204941689390379,31,49879,0.07084346141009341,0.07274309502920927,1316,49862,0.04686810003184574,0.04882660866845582,576,49879,0.8894,0.9718942009183639,0.29208,0.39043189051863963,0.29844,False,/data/suehara/part/march/datasets/20250711_ilc_nnqq_sgv_10m_3cat_parquet,val50k_tail,150000,proxy
57,57,6960000,,lr_9e-6,1.3934591999999998e-05,validation_total_reference_mistag_geomean_percent,0.4236763344170955,min,1.009633420619107,1.009633420619107,0.5699458845434332,0.3149450521761378,0.4236763344170955,,0.18861488590952172,0.07815004943047865,3.172341918396519,0.2104039784638994,0.514438438197054,0.06612696344693254,2.696782715505801,1.1502084156026502,0.018461805166371442,0.02046073711048943,94,49837,0.011548603587911602,0.013549278869022019,39,49904,0.07757320915518819,0.07945240407334839,1581,49837,0.019538069256642067,0.02153344431021849,105,49904,0.031090280112652628,0.0330790897566444,256,49763,0.010550145391994777,0.012551302511971918,33,49904,0.07167110470749326,0.0735722065984084,1342,49763,0.046762574093545985,0.04872028540904034,574,49904,0.88922,0.9718891169604751,0.29239,0.39043189051863963,0.29768,False,/data/suehara/part/march/datasets/20250711_ilc_nnqq_sgv_10m_3cat_parquet,val50k_tail,150000,proxy
58,58,7080000,,lr_14e-6,1.4e-05,validation_total_reference_mistag_geomean_percent,0.4079109395954306,min,0.9970602563774865,0.9970602563774865,0.5623610642604332,0.29587989854960883,0.4079109395954306,,0.1787902434914906,0.07007427942050487,3.2162157420402204,0.190201621380594,0.48414963279138606,0.07007427942050487,2.6578005722893185,1.1091756801858736,0.017960193370522917,0.019961849045375568,89,49779,0.010882930178009686,0.012882206454187478,35,49947,0.07814209104044928,0.08002171274903574,1601,49779,0.018523767041799952,0.020518233222079033,95,49947,0.030132103693635524,0.0321215309772558,241,49778,0.010882930178009686,0.012882206454187478,35,49947,0.07114749412779411,0.0730495893633415,1323,49778,0.045893204363649936,0.04785087331030356,554,49947,0.8894,0.9720735418069798,0.29128,0.39043189051863963,0.29825,False,/data/suehara/part/march/datasets/20250711_ilc_nnqq_sgv_10m_3cat_parquet,val50k_tail,150000,proxy
58,58,7080000,,lr_3e-6,1.1147673599999999e-05,validation_total_reference_mistag_geomean_percent,0.4151089940434128,min,1.0099596916000337,1.0099596916000337,0.5587148879984712,0.3084139704116952,0.4151089940434128,,0.1846573875127245,0.07812656465326091,3.2274898055957695,0.19431479780005856,0.514438438197054,0.062100604495410605,2.680706671517921,1.137843263028072,0.018260010448290214,0.02025970306494219,92,49822,0.011545134448958131,0.013545209506448698,39,49919,0.07824278305398474,0.08012032997553042,1608,49822,0.018737827299924514,0.020733247380455004,97,49919,0.031090280112652628,0.0330790897566444,256,49763,0.010194448729983197,0.012195165853261367,31,49919,0.07146002155427843,0.07336176954282243,1334,49763,0.04650125363266401,0.048458872089949395,568,49919,0.88929,0.9720021750746177,0.29184,0.39043189051863963,0.29857,False,/data/suehara/part/march/datasets/20250711_ilc_nnqq_sgv_10m_3cat_parquet,val50k_tail,150000,proxy
58,58,7080000,,lr_6e-6,1.25411328e-05,validation_total_reference_mistag_geomean_percent,0.396837665087842,min,1.0010725314720703,1.0010725314720703,0.5490461527467103,0.2868249447601904,0.396837665087842,,0.18038240100161557,0.06419901695255291,3.2368621783167253,0.18055974181191217,0.5144177634883954,0.06018657839301836,2.674570612677908,1.0974019591344362,0.01802436225709504,0.02002134061521873,90,49894,0.010387475980379639,0.012391079117363427,32,49845,0.07829811233761377,0.08017257422166038,1615,49894,0.018042067396127192,0.02004100172445125,90,49845,0.03108903356899787,0.03307776411742517,256,49765,0.010028809069194173,0.012032573199580036,30,49845,0.07137785765730861,0.07327977581503692,1331,49765,0.045692120400615474,0.04765426773656878,547,49845,0.88929,0.9720061930485594,0.29155,0.39043189051863963,0.29717,False,/data/suehara/part/march/datasets/20250711_ilc_nnqq_sgv_10m_3cat_parquet,val50k_tail,150000,proxy
58,58,7080000,,lr_9e-6,1.3934591999999998e-05,validation_total_reference_mistag_geomean_percent,0.3960300321080579,min,1.0005705733466692,1.0005705733466692,0.5482583295444483,0.28606913544173346,0.3960300321080579,,0.17837815886608802,0.06419901695255291,3.2388663967611335,0.18055974181191217,0.5124083253842906,0.06018657839301836,2.674570612677908,1.0953957559264502,0.017918828674819903,0.019915887371615114,89,49894,0.010387475980379639,0.012391079117363427,32,49845,0.0783218551287726,0.08019623667414738,1616,49894,0.018042067396127192,0.02004100172445125,90,49845,0.031026653622364102,0.03301546492650359,255,49765,0.010028809069194173,0.012032573199580036,30,49845,0.07137785765730861,0.07327977581503692,1331,49765,0.04564989020085994,0.047612118033514214,546,49845,0.88934,0.9720111349603587,0.29152,0.39043189051863963,0.29716,False,/data/suehara/part/march/datasets/20250711_ilc_nnqq_sgv_10m_3cat_parquet,val50k_tail,150000,proxy
59,59,7200000,,lr_14e-6,1.4e-05,validation_total_reference_mistag_geomean_percent,0.4084133311857337,min,0.9765032863442515,0.9765032863442515,0.5489026554980722,0.30388165810360823,0.4084133311857337,,0.17260411186314045,0.0781516150872685,3.092824859636927,0.20439653401663455,0.48216009133496457,0.06412440133859688,2.579556514737167,1.1382081627393137,0.0176229653074131,0.019623021337822885,86,49825,0.01154883493797124,0.013549550246798932,39,49903,0.07662247579004466,0.07850531507527236,1541,49825,0.019244156821224375,0.02123981261918577,102,49903,0.03006900379915762,0.03205859095478606,240,49776,0.010375406047502641,0.01237668352420437,32,49903,0.07010685730709613,0.07201217275749593,1284,49776,0.04651608237575752,0.04847431385524743,568,49903,0.88964,0.972105374960963,0.29121,0.39043189051863963,0.29908,False,/data/suehara/part/march/datasets/20250711_ilc_nnqq_sgv_10m_3cat_parquet,val50k_tail,150000,proxy
59,59,7200000,,lr_3e-6,1.1147673599999999e-05,validation_total_reference_mistag_geomean_percent,0.4088148927710101,min,0.9777575416545465,0.9777575416545465,0.5497152191490594,0.30402945148595933,0.4088148927710101,,0.17260411186314045,0.0781516150872685,3.0988460538664233,0.20439653401663455,0.4841690906765756,0.06412440133859688,2.579556514737167,1.1402120116505672,0.0176229653074131,0.019623021337822885,86,49825,0.01154883493797124,0.013549550246798932,39,49903,0.0766956359262945,0.0785782335275112,1544,49825,0.019244156821224375,0.02123981261918577,102,49903,0.03013331172898419,0.03212281816458839,241,49776,0.010375406047502641,0.01237668352420437,32,49903,0.07010685730709613,0.07201217275749593,1284,49776,0.04655741314323614,0.04851556431303,569,49903,0.88963,0.9720956424511643,0.29126,0.39043189051863963,0.2991,False,/data/suehara/part/march/datasets/20250711_ilc_nnqq_sgv_10m_3cat_parquet,val50k_tail,150000,proxy
59,59,7200000,,lr_6e-6,1.25411328e-05,validation_total_reference_mistag_geomean_percent,0.4190241467637246,min,1.0003827097580353,1.0003827097580353,0.5683029353719437,0.3089571153739559,0.4190241467637246,,0.1826025793728854,0.07622410071704808,3.1684558406982632,0.20660742760259596,0.4998394146899979,0.06820051216986191,2.64372901495216,1.1574027878614699,0.01815075648255067,0.020150009930317667,91,49835,0.0113994434583621,0.013402242668100523,38,49853,0.07752814875475918,0.07940757503678494,1579,49835,0.019362117198465974,0.021359685801754322,103,49853,0.030618434645348063,0.03260571451330378,249,49816,0.010733442704076165,0.012736563797288433,34,49853,0.07093461728177146,0.07283582655079925,1317,49816,0.04693348284955188,0.048892908261189034,577,49853,0.88911,0.9718996273688661,0.29244,0.39043189051863963,0.29717,False,/data/suehara/part/march/datasets/20250711_ilc_nnqq_sgv_10m_3cat_parquet,val50k_tail,150000,proxy
59,59,7200000,,lr_9e-6,1.3934591999999998e-05,validation_total_reference_mistag_geomean_percent,0.40372979710062035,min,0.9823513594987109,0.9823513594987109,0.5535783949821043,0.29444384127776047,0.40372979710062035,,0.19056024292709092,0.06818683125174275,3.1352174968635147,0.18450554338706862,0.4800353463526514,0.06618133686300463,2.5950028890670516,1.139121189277563,0.018558665858502868,0.02055687822873891,95,49853,0.010731290683373553,0.012734010608292552,34,49863,0.07711452071549676,0.07899460185082988,1563,49853,0.018245007953401678,0.020243062439796948,92,49863,0.029997344079734506,0.03198653706011634,239,49788,0.010558818075623755,0.012561618439137993,33,49863,0.07030555005697256,0.07220978581941317,1292,49788,0.04655319564091428,0.048512961355976804,568,49863,0.8897,0.9720721330136977,0.29104,0.39043189051863963,0.29934,False,/data/suehara/part/march/datasets/20250711_ilc_nnqq_sgv_10m_3cat_parquet,val50k_tail,150000,proxy
60,60,7320000,,lr_14e-6,1.4e-05,validation_total_reference_mistag_geomean_percent,0.4165022240265563,min,1.0062124898359546,1.0062124898359546,0.5690432353205447,0.3048522359137596,0.4165022240265563,,0.19028543163167783,0.07619200683347062,3.1607411411314374,0.18847495873659198,0.5230861989960826,0.06416168745238,2.6818228505743926,1.164935643331603,0.018531923080280285,0.020527264768853675,95,49925,0.011394645026870315,0.013396602239748503,38,49874,0.07736655297529739,0.07924290032490858,1578,49925,0.018448119980269698,0.020445574618589788,94,49874,0.03137506368372685,0.0333658460356108,260,49705,0.010381437505679056,0.012383877137259906,32,49874,0.07151584037860884,0.07341976253069302,1333,49705,0.04707768969194979,0.04903598801223822,581,49874,0.88923,0.9719219866410326,0.29206,0.39043189051863963,0.29925,False,/data/suehara/part/march/datasets/20250711_ilc_nnqq_sgv_10m_3cat_parquet,val50k_tail,150000,proxy
60,60,7320000,,lr_3e-6,1.1147673599999999e-05,validation_total_reference_mistag_geomean_percent,0.4139634549577496,min,0.9990320525297931,0.9990320525297931,0.5594874917713009,0.3062905687096311,0.4139634549577496,,0.18398896245901966,0.07441074988268861,3.1338119932767645,0.20513232719081959,0.5042489452174793,0.06234413965087282,2.65383617433091,1.1744831282297905,0.018193965210247107,0.020186446253337202,92,50003,0.01126549218907556,0.013273560132873414,37,49724,0.07698323100862603,0.07885772856997125,1567,50003,0.01931337200488201,0.021316182167558165,102,49724,0.030768482896157204,0.03275714258717255,251,49777,0.010234418273884075,0.012242971551323955,31,49724,0.07109580323003267,0.07299809596541598,1321,49777,0.047341793679002084,0.04930561537243722,584,49724,0.88914,0.9719848983785475,0.29209,0.39043189051863963,0.2984,False,/data/suehara/part/march/datasets/20250711_ilc_nnqq_sgv_10m_3cat_parquet,val50k_tail,150000,proxy
60,60,7320000,,lr_6e-6,1.25411328e-05,validation_total_reference_mistag_geomean_percent,0.4131251030347557,min,1.0042682284122528,1.0042682284122528,0.5596494537392773,0.30496295425133796,0.4131251030347557,,0.17972321922195994,0.07449314516660703,3.1771073360257254,0.20334615127320332,0.5064512332422917,0.062413174299607924,2.6669078451613717,1.1637037229072564,0.01795854508752546,0.019948252215356815,90,50077,0.011277963190003048,0.013288251366181118,37,49669,0.07744628569502296,0.07931628420715167,1591,50077,0.019235209955160634,0.021240309767863504,101,49669,0.030843094399182237,0.032832424923351713,252,49758,0.01024574846443737,0.012256523049691239,31,49669,0.07128182828332504,0.07318432198963297,1327,49758,0.04714757566467911,0.049114005955855876,578,49669,0.88913,0.9719917053924267,0.2922,0.39043189051863963,0.29819,False,/data/suehara/part/march/datasets/20250711_ilc_nnqq_sgv_10m_3cat_parquet,val50k_tail,150000,proxy
60,60,7320000,,lr_9e-6,1.3934591999999998e-05,validation_total_reference_mistag_geomean_percent,0.41601928942434807,min,1.0052120915191907,1.0052120915191907,0.5695896076725038,0.3038539447381394,0.41601928942434807,,0.18828242962019098,0.07619200683347062,3.152729076295986,0.18847495873659198,0.5250980793089114,0.06416168745238,2.6818228505743926,1.164935643331603,0.018429289838169605,0.020424711765676874,94,49925,0.011394645026870315,0.013396602239748503,38,49874,0.07727033481914648,0.07914700312449258,1574,49925,0.018448119980269698,0.020445574618589788,94,49874,0.03143690764158816,0.03342760904268002,261,49705,0.010381437505679056,0.012383877137259906,32,49874,0.07151584037860884,0.07341976253069302,1333,49705,0.04707768969194979,0.04903598801223822,581,49874,0.88921,0.9719219435198485,0.29206,0.39043189051863963,0.29925,False,/data/suehara/part/march/datasets/20250711_ilc_nnqq_sgv_10m_3cat_parquet,val50k_tail,150000,proxy
61,61,7440000,,lr_14e-6,1.4e-05,validation_total_reference_mistag_geomean_percent,0.4032319535183483,min,0.990293833639646,0.990293833639646,0.5536719560273511,0.2936684919078532,0.4032319535183483,,0.1847946195711082,0.06830875624530648,3.187707170748156,0.1848354598887648,0.48853738157799004,0.06629967680526203,2.644909338524463,1.0969582657561168,0.01827357048014278,0.020274743716922103,92,49785,0.010750474058735719,0.012756770040430333,34,49774,0.07779726438347373,0.07967780481087511,1587,49785,0.018277605725563813,0.02027921956961154,92,49774,0.030223044648580895,0.032205644360624834,244,49945,0.010577693302468412,0.01258407001067418,33,49774,0.07085977588275165,0.07275602745844024,1321,49945,0.04571466875663132,0.04767963276461531,546,49774,0.88931,0.9719673025419892,0.29148,0.39043189051863963,0.29917,False,/data/suehara/part/march/datasets/20250711_ilc_nnqq_sgv_10m_3cat_parquet,val50k_tail,150000,proxy
61,61,7440000,,lr_3e-6,1.1147673599999999e-05,validation_total_reference_mistag_geomean_percent,0.42130531628645973,min,1.0102972273644004,1.0102972273644004,0.5678525991733981,0.3125778939633478,0.42130531628645973,,0.18427642092990534,0.07825824954866809,3.2028042130393097,0.20668204671740872,0.5065937737262919,0.06621852225510605,2.6817303945574,1.1558141981411136,0.018222368021669332,0.020217950427044377,92,49925,0.011564588517103092,0.01356802947335029,39,49835,0.07786950973780911,0.07974417206980874,1599,49925,0.01936910439893553,0.02136739149859175,103,49835,0.03085175481130683,0.03284163947267771,252,49744,0.010564749082406646,0.012568673212709252,33,49835,0.07148695514901625,0.07338938833989124,1334,49744,0.04690925326215258,0.04886945014044106,576,49835,0.88887,0.97182428891726,0.29273,0.39043189051863963,0.29863,False,/data/suehara/part/march/datasets/20250711_ilc_nnqq_sgv_10m_3cat_parquet,val50k_tail,150000,proxy
61,61,7440000,,lr_6e-6,1.25411328e-05,validation_total_reference_mistag_geomean_percent,0.42252807998988723,min,1.0017907514395872,1.0017907514395872,0.5615509765172915,0.3179230129509768,0.42252807998988723,,0.18475750577367206,0.08028259630702017,3.2071493356436593,0.21475593762351924,0.49714341285736546,0.06824020652658598,2.660118387364113,1.1018786294207614,0.01826990362106301,0.020270676474072387,92,49795,0.01172616202555198,0.013729964028773918,40,49824,0.07802169391178115,0.07990107581746925,1597,49795,0.01976358231520444,0.02176198649218742,107,49824,0.03051306698110979,0.032497706221381976,248,49885,0.010739688447894077,0.012743973838540396,34,49824,0.07110273498663368,0.07300065751912575,1327,49885,0.04579565463725295,0.04775844927397306,549,49824,0.88931,0.9719640111428118,0.29199,0.39043189051863963,0.2982,False,/data/suehara/part/march/datasets/20250711_ilc_nnqq_sgv_10m_3cat_parquet,val50k_tail,150000,proxy
61,61,7440000,,lr_9e-6,1.3934591999999998e-05,validation_total_reference_mistag_geomean_percent,0.41224203564128803,min,1.0169562005412243,1.0169562005412243,0.5664783391734589,0.29999998975712877,0.41224203564128803,,0.17831384150311255,0.07026701637773873,3.285782919779813,0.19674763573203174,0.5122333463001778,0.06625175748718859,2.703788474429146,1.1222646127205858,0.0179123714400313,0.019908712520217017,89,49912,0.01091285501142119,0.012917622351379996,35,49810,0.07886128374039597,0.080733109397918,1640,49912,0.018880067429271133,0.020879756347741505,98,49810,0.03101608318520528,0.033004222375798524,255,49782,0.010570050257428874,0.012574978817117478,33,49810,0.07174936141583835,0.0736494562868617,1346,49782,0.04622809395760045,0.04819062172835408,559,49810,0.88898,0.9718906847451141,0.29231,0.39043189051863963,0.29691,False,/data/suehara/part/march/datasets/20250711_ilc_nnqq_sgv_10m_3cat_parquet,val50k_tail,150000,proxy
62,62,7560000,,lr_14e-6,1.4e-05,validation_total_reference_mistag_geomean_percent,0.40813318133675985,min,1.0052754661696908,1.0052754661696908,0.5541026731517595,0.30061701879291064,0.40813318133675985,,0.17641635120291854,0.07416613122860378,3.243655115657543,0.19243103800830116,0.5087063252573668,0.06213919331008474,2.6661841693484223,1.1185054053442869,0.017816981154193754,0.019814598926077166,88,49882,0.011228469126012188,0.013229945758851634,37,49888,0.07838786506246184,0.0802625055200977,1618,49882,0.018647824805728665,0.020644560316741355,96,49888,0.030920737199880127,0.03291093700614903,253,49734,0.010200781979202884,0.01220274076002472,31,49888,0.07128925016550852,0.07319269103815695,1326,49734,0.04611447672486918,0.04807408684123875,558,49888,0.88919,0.9720845760705815,0.29145,0.39043189051863963,0.29803,False,/data/suehara/part/march/datasets/20250711_ilc_nnqq_sgv_10m_3cat_parquet,val50k_tail,150000,proxy
62,62,7560000,,lr_3e-6,1.1147673599999999e-05,validation_total_reference_mistag_geomean_percent,0.4034893557584626,min,0.9900929090756373,0.9900929090756373,0.5506728404294674,0.29564497875618734,0.4034893557584626,,0.1887777699427629,0.07021485987112762,3.1228661216962856,0.1845647582470899,0.5013737745467431,0.0601841641299737,2.637225906833122,1.1555359173379933,0.018477735103461967,0.020478386664285735,94,49794,0.010904756913122362,0.012908038294222367,35,49847,0.07701039508116701,0.07889319993270721,1555,49794,0.01825085965157403,0.02024955308889591,92,49847,0.030652652719138484,0.032637997907486366,250,49863,0.010028406777325615,0.012032090609634241,30,49847,0.07081548148126886,0.07271515956568976,1315,49863,0.0468980224886336,0.04885775864896212,576,49847,0.88908,0.9719429880981939,0.2919,0.39043189051863963,0.2987,False,/data/suehara/part/march/datasets/20250711_ilc_nnqq_sgv_10m_3cat_parquet,val50k_tail,150000,proxy
62,62,7560000,,lr_6e-6,1.25411328e-05,validation_total_reference_mistag_geomean_percent,0.4104498423441885,min,1.010633051979687,1.010633051979687,0.5460196298619828,0.3085403232168651,0.4104498423441885,,0.18434287234188582,0.07831796865828088,3.2560562759763068,0.19278269775287668,0.508032110457294,0.058236439660664684,2.6907629326630786,1.1165331183271086,0.018228935114736375,0.020225234590661972,92,49907,0.011573410721472239,0.013578378070724744,39,49797,0.07851505106996406,0.0803882555155587,1625,49907,0.018681873995582823,0.020682244183230877,96,49797,0.030879853080813605,0.032867442401168095,253,49800,0.009854507617834608,0.01186028148666686,29,49797,0.07156589376506838,0.07346582496917282,1340,49800,0.046114585270232156,0.04807785555721207,556,49797,0.88923,0.9719031808422405,0.29214,0.39043189051863963,0.29649,False,/data/suehara/part/march/datasets/20250711_ilc_nnqq_sgv_10m_3cat_parquet,val50k_tail,150000,proxy
62,62,7560000,,lr_9e-6,1.3934591999999998e-05,validation_total_reference_mistag_geomean_percent,0.4087416812377706,min,1.0049112654832075,1.0049112654832075,0.5574941478289529,0.29967984889473426,0.4087416812377706,,0.18876639478883084,0.0721312803390311,3.178906372970953,0.1863391477122161,0.5020281905191467,0.062113044527895366,2.70291978727952,1.1460859057280686,0.018476622820488148,0.020477154312052086,94,49797,0.011058629036778502,0.013059345074489293,36,49909,0.07768266271142785,0.07956310343756948,1583,49797,0.018331978122715083,0.020328117608299955,93,49909,0.03069257104504697,0.03268048131658237,250,49798,0.010196490854188221,0.012197608343839865,31,49909,0.0717266158908738,0.07362613516652301,1346,49798,0.046675599277818704,0.04863327966746853,572,49909,0.88921,0.9718884173121874,0.29224,0.39043189051863963,0.29786,False,/data/suehara/part/march/datasets/20250711_ilc_nnqq_sgv_10m_3cat_parquet,val50k_tail,150000,proxy
63,63,7680000,,lr_14e-6,1.4e-05,validation_total_reference_mistag_geomean_percent,0.40957870363883614,min,0.9964648978568067,0.9964648978568067,0.5651456165254717,0.29683449640082044,0.40957870363883614,,0.1905067544783738,0.068163591955032,3.1724386645803,0.1884522827179917,0.5104809204484467,0.06615878172221516,2.6247563796857327,1.1507618072663612,0.01855345983072794,0.02055111336614346,95,49867,0.010727634227966144,0.012729672535433036,34,49880,0.07755131192058937,0.07942937245291812,1582,49867,0.018445902672474535,0.02044311795342383,94,49880,0.030969116374452658,0.03295832490625228,254,49757,0.010555220355062445,0.012557339046304626,33,49880,0.07072419621033978,0.07262842241252988,1306,49757,0.046784951123019294,0.048743582191827436,574,49880,0.88937,0.9719792716915238,0.29181,0.39043189051863963,0.29943,False,/data/suehara/part/march/datasets/20250711_ilc_nnqq_sgv_10m_3cat_parquet,val50k_tail,150000,proxy
63,63,7680000,,lr_3e-6,1.1147673599999999e-05,validation_total_reference_mistag_geomean_percent,0.4102208720639917,min,0.997216483462204,0.997216483462204,0.5649911232521331,0.29784744742236363,0.4102208720639917,,0.1925120745984289,0.068163591955032,3.182465361747093,0.1884522827179917,0.5124907098546858,0.06615878172221516,2.620736856301454,1.1467522088007318,0.018655671290361966,0.020653244400086077,96,49867,0.010727634227966144,0.012729672535433036,34,49880,0.07767136172767836,0.07954902013155019,1587,49867,0.018445902672474535,0.02044311795342383,94,49880,0.03103163043916132,0.03302075818927891,255,49757,0.010555220355062445,0.012557339046304626,33,49880,0.07067070079402153,0.07257508855957641,1304,49757,0.046702588437471174,0.04866138027382998,572,49880,0.88931,0.9719646722211245,0.29191,0.39043189051863963,0.29871,False,/data/suehara/part/march/datasets/20250711_ilc_nnqq_sgv_10m_3cat_parquet,val50k_tail,150000,proxy
63,63,7680000,,lr_6e-6,1.25411328e-05,validation_total_reference_mistag_geomean_percent,0.40590838553083586,min,0.9820753856147227,0.9820753856147227,0.5560520421667261,0.29630610977029326,0.40590838553083586,,0.17655792649612476,0.07221085357689218,3.075719097056617,0.19657399269926304,0.49590426480997174,0.06418742728768002,2.636122676081237,1.1393268469099957,0.017831269160781822,0.01983048437964761,88,49842,0.011070825730847514,0.013073745764717776,36,49854,0.07640132956794367,0.07828421305116455,1533,49842,0.018863418399802538,0.02086134943997623,98,49854,0.030496791436762476,0.032484548497839494,247,49808,0.010385601219375429,0.012388843123806757,32,49854,0.07083941697381309,0.07274123701793388,1313,49808,0.04656155428823163,0.048521665537479795,568,49854,0.8897,0.9721538827840126,0.29085,0.39043189051863963,0.29871,False,/data/suehara/part/march/datasets/20250711_ilc_nnqq_sgv_10m_3cat_parquet,val50k_tail,150000,proxy
63,63,7680000,,lr_9e-6,1.3934591999999998e-05,validation_total_reference_mistag_geomean_percent,0.4097579322095382,min,0.9974669646218546,0.9974669646218546,0.5652833442362792,0.2970219531861112,0.4097579322095382,,0.1905067544783738,0.068163591955032,3.180460087163465,0.1884522827179917,0.5104809204484467,0.06615878172221516,2.622746652382217,1.1527666461070951,0.01855345983072794,0.02055111336614346,95,49867,0.010727634227966144,0.012729672535433036,34,49880,0.07764736844061773,0.07952510727018067,1586,49867,0.018445902672474535,0.02044311795342383,94,49880,0.030969116374452658,0.03295832490625228,254,49757,0.010555220355062445,0.012557339046304626,33,49880,0.07069745404621255,0.0726017610300847,1305,49757,0.0468260768286502,0.04878462751368336,575,49880,0.88939,0.9719789904979267,0.29182,0.39043189051863963,0.29943,False,/data/suehara/part/march/datasets/20250711_ilc_nnqq_sgv_10m_3cat_parquet,val50k_tail,150000,proxy
64,64,7800000,,lr_14e-6,1.4e-05,validation_total_reference_mistag_geomean_percent,0.41371020155193394,min,0.9994847386661184,0.9994847386661184,0.5607725304314166,0.3052148983411635,0.41371020155193394,,0.18280801320359438,0.07410819579472175,3.198135852210168,0.2002924313507288,0.5301417831582912,0.06409357662186793,2.646692623660873,1.0996054333287024,0.018171159625012565,0.02017265387927493,91,49779,0.011219700648248846,0.013219616198722767,37,49927,0.07792653582220227,0.07980688392344587,1592,49779,0.01903638838756539,0.021031249290187452,100,49927,0.03156281035658895,0.033549591546060215,264,49798,0.01037041979338989,0.012370736506391727,32,49927,0.07098651219926005,0.07288828963903718,1318,49798,0.045701670245141754,0.047660506752755794,549,49927,0.88964,0.9719369883959003,0.29187,0.39043189051863963,0.29783,False,/data/suehara/part/march/datasets/20250711_ilc_nnqq_sgv_10m_3cat_parquet,val50k_tail,150000,proxy
64,64,7800000,,lr_3e-6,1.1147673599999999e-05,validation_total_reference_mistag_geomean_percent,0.4140291532361992,min,1.002530932587277,1.002530932587277,0.5596548021772304,0.306296200912789,0.4140291532361992,,0.18485030780554795,0.07409780584746742,3.208760244490727,0.20026435040932022,0.5200803007285616,0.06408459166099251,2.662650642793711,1.1054592169618898,0.018279073529427724,0.02028084764240791,92,49770,0.01121812826832448,0.013217763882258286,37,49934,0.07806025928958835,0.079940520473918,1597,49770,0.01903372207252398,0.021028304455664518,100,49934,0.03125350735000056,0.03324061281690764,259,49800,0.010368966371925026,0.012369003035921804,32,49934,0.07119601065522681,0.07309707085070873,1326,49800,0.04582129026089194,0.047779617718340765,552,49934,0.88948,0.9719269260691142,0.29197,0.39043189051863963,0.29786,False,/data/suehara/part/march/datasets/20250711_ilc_nnqq_sgv_10m_3cat_parquet,val50k_tail,150000,proxy
64,64,7800000,,lr_6e-6,1.25411328e-05,validation_total_reference_mistag_geomean_percent,0.41286860345227533,min,0.9982298599362617,0.9982298599362617,0.5583180580006553,0.3053107118316279,0.41286860345227533,,0.18280801320359438,0.07410819579472175,3.202153596831267,0.2002924313507288,0.5221093421371302,0.06409357662186793,2.6406682902220813,1.0996054333287024,0.018171159625012565,0.02017265387927493,91,49779,0.011219700648248846,0.013219616198722767,37,49927,0.07797449488444672,0.07985468156509953,1594,49779,0.01903638838756539,0.021031249290187452,100,49927,0.03131660939653391,0.03330371318088065,260,49798,0.01037041979338989,0.012370736506391727,32,49927,0.07090671224127265,0.07280873162720664,1315,49798,0.045701670245141754,0.047660506752755794,549,49927,0.88959,0.9719326733629706,0.29188,0.39043189051863963,0.29785,False,/data/suehara/part/march/datasets/20250711_ilc_nnqq_sgv_10m_3cat_parquet,val50k_tail,150000,proxy
64,64,7800000,,lr_9e-6,1.3934591999999998e-05,validation_total_reference_mistag_geomean_percent,0.4056544411709114,min,0.9933330951044106,0.9933330951044106,0.5428689186536457,0.3031220244654898,0.4056544411709114,,0.18655218787208103,0.07605780653259683,3.1292626958877934,0.19014451633149207,0.5172066955601401,0.05604259127478698,2.6685448874996553,1.122853379876739,0.018352921875511883,0.020351335122678747,93,49852,0.01137458116904907,0.013373017699924683,38,49962,0.0770434111707706,0.0789237689178525,1560,49852,0.01851821022133067,0.020512079904503093,95,49962,0.03119819728653996,0.03318981723053677,257,49690,0.009635444138723756,0.011634681870950798,28,49962,0.07135154559583731,0.07325657689008086,1326,49690,0.04617141108513058,0.048127944785326254,561,49962,0.88953,0.9721133846266691,0.29101,0.39043189051863963,0.29795,False,/data/suehara/part/march/datasets/20250711_ilc_nnqq_sgv_10m_3cat_parquet,val50k_tail,150000,proxy
65,65,7920000,,lr_14e-6,1.4e-05,validation_total_reference_mistag_geomean_percent,0.4018051212480786,min,0.9768343945784514,0.9768343945784514,0.5391293544224999,0.29945940456928183,0.4018051212480786,,0.1806032107555914,0.07621492422560026,3.066241215716732,0.19053730613230319,0.49787198773431096,0.058164021973958535,2.6399260823919497,1.1051164076971653,0.0180464086520331,0.020045822577676724,90,49833,0.011398072065601648,0.013400630632545403,38,49859,0.07629247848332382,0.0781760823984911,1528,49833,0.018556434346040925,0.02055440717735938,95,49859,0.030557682529037174,0.032545200968050414,248,49812,0.009842256160174746,0.011845538790638275,29,49859,0.07088704268783698,0.0727885573076268,1315,49812,0.045847834154337,0.047809121100653336,551,49859,0.88996,0.9722627159260081,0.2902,0.39043189051863963,0.29806,False,/data/suehara/part/march/datasets/20250711_ilc_nnqq_sgv_10m_3cat_parquet,val50k_tail,150000,proxy
65,65,7920000,,lr_3e-6,1.1147673599999999e-05,validation_total_reference_mistag_geomean_percent,0.41036781787622895,min,0.9951638277875371,0.9951638277875371,0.5421666793464694,0.31060880788817596,0.41036781787622895,,0.18669076265865694,0.078125,3.1857874291650417,0.20032050792203787,0.5304506912589357,0.056089742492485196,2.6120676401005554,1.111778848702584,0.018366542576224748,0.020366434548450656,93,49815,0.011544903247132055,0.013544938302519582,39,49920,0.0777511551347896,0.07963064014308158,1587,49815,0.019039055449725294,0.02103419494962227,100,49920,0.031581157058099656,0.03356908349241138,264,49769,0.009643549176149731,0.01164446703662569,28,49920,0.07054678167965032,0.07245105864356303,1300,49769,0.04595974832628195,0.04791837179752064,555,49920,0.88945,0.972012611505956,0.29158,0.39043189051863963,0.29768,False,/data/suehara/part/march/datasets/20250711_ilc_nnqq_sgv_10m_3cat_parquet,val50k_tail,150000,proxy
65,65,7920000,,lr_6e-6,1.25411328e-05,validation_total_reference_mistag_geomean_percent,0.4024279111692972,min,0.9725769735197651,0.9725769735197651,0.5391907967827696,0.3003542060702676,0.4024279111692972,,0.18466479687548606,0.07621339975212038,3.034925890657968,0.19053349494878075,0.4997591416551334,0.05816285742076979,2.631261974699157,1.1050942321487047,0.01826074290845628,0.020260515502613128,92,49820,0.011397843532220996,0.013400361997654379,38,49860,0.07591869830018937,0.07780405083295146,1512,49820,0.018556062479469317,0.02055399539321824,95,49860,0.030613529612731876,0.03260049362067115,249,49824,0.009842058805644474,0.011845301305554343,29,49860,0.07076369171756039,0.0726650961513843,1311,49824,0.04584691944198756,0.04780816794226067,551,49860,0.89006,0.9722519987015327,0.29017,0.39043189051863963,0.29892,False,/data/suehara/part/march/datasets/20250711_ilc_nnqq_sgv_10m_3cat_parquet,val50k_tail,150000,proxy
65,65,7920000,,lr_9e-6,1.3934591999999998e-05,validation_total_reference_mistag_geomean_percent,0.4148483020558968,min,1.0106625144156889,1.0106625144156889,0.557293579619258,0.30881230290906714,0.4148483020558968,,0.19280592878231007,0.07414383868501848,3.2395412264690724,0.1963809757368092,0.5119454058219572,0.06212051470850297,2.6741619041896705,1.134200320932171,0.018684123367070787,0.020684733668774585,96,49791,0.011225095013091302,0.013225970941311584,37,49903,0.07840986472150147,0.08028809651445812,1613,49791,0.01884491195917194,0.020840888995918554,98,49903,0.030998688745337462,0.032985721915019216,255,49810,0.01019771652146825,0.012199074307866261,31,49903,0.07134065335156897,0.07324086969675778,1332,49810,0.046433307872071825,0.04839169997095452,566,49903,0.88921,0.9719117145345297,0.29218,0.39043189051863963,0.29869,False,/data/suehara/part/march/datasets/20250711_ilc_nnqq_sgv_10m_3cat_parquet,val50k_tail,150000,proxy
66,66,8040000,,lr_14e-6,1.4e-05,validation_total_reference_mistag_geomean_percent,0.4173864554866165,min,1.0131619822795792,1.0131619822795792,0.5670013617789987,0.30725050232169293,0.4173864554866165,,0.190747733677325,0.07824098375811922,3.2005461869591514,0.18657464261117043,0.5134994183014402,0.06419772900533643,2.7179362496390604,1.1535529142850303,0.01857690998576314,0.020577080742470097,95,49804,0.011562037230782604,0.01356503677008386,39,49846,0.07793597748882754,0.0798152849422612,1594,49804,0.018355129265225194,0.02035378215707738,93,49846,0.031033663390860316,0.033018880543872045,256,49854,0.010387267640177538,0.012390830633777746,32,49846,0.07188298081837081,0.07377976403472979,1355,49854,0.04685784188422602,0.04881769692292176,575,49846,0.88921,0.9718929395676983,0.29209,0.39043189051863963,0.29852,False,/data/suehara/part/march/datasets/20250711_ilc_nnqq_sgv_10m_3cat_parquet,val50k_tail,150000,proxy
66,66,8040000,,lr_3e-6,1.1147673599999999e-05,validation_total_reference_mistag_geomean_percent,0.41905395022689274,min,1.0136640864121862,1.0136640864121862,0.566933502096374,0.3097474616536447,0.41905395022689274,,0.1927555944005347,0.07824098375811922,3.202553989894529,0.19058699841646679,0.5134994183014402,0.06419772900533643,2.7119188327857646,1.1555591447352993,0.01867925041327378,0.020679340540692336,96,49804,0.011562037230782604,0.01356503677008386,39,49846,0.07795993316205493,0.07983915998620097,1595,49804,0.018561269968135986,0.02055976187304567,95,49846,0.031033663390860316,0.033018880543872045,256,49854,0.010387267640177538,0.012390830633777746,32,49846,0.0718044552168031,0.07370147983608265,1352,49854,0.0468989581810372,0.04885873272626167,576,49846,0.88925,0.9718834454238361,0.29213,0.39043189051863963,0.29854,False,/data/suehara/part/march/datasets/20250711_ilc_nnqq_sgv_10m_3cat_parquet,val50k_tail,150000,proxy
66,66,8040000,,lr_6e-6,1.25411328e-05,validation_total_reference_mistag_geomean_percent,0.4182885097120926,min,1.0028068673904724,1.0028068673904724,0.562182356013661,0.31122513093049076,0.4182885097120926,,0.18271625149758963,0.07808745967062,3.188498906957801,0.20623097226939852,0.510491179507568,0.06607400094529699,2.689122800682662,1.101233367592844,0.018162045414182044,0.02016253868804248,91,49804,0.011539357179987643,0.013538432664702702,39,49944,0.07779206930594619,0.07967186053511044,1588,49804,0.01932687004263,0.021320814141991516,103,49944,0.03096973734136874,0.032958985439242916,254,49756,0.01054169795619101,0.012541254508282976,33,49944,0.07157558343931399,0.07347726067388032,1338,49756,0.04572822422249413,0.047686328802276634,550,49944,0.8897,0.9720794053693741,0.2913,0.39043189051863963,0.29796,False,/data/suehara/part/march/datasets/20250711_ilc_nnqq_sgv_10m_3cat_parquet,val50k_tail,150000,proxy
66,66,8040000,,lr_9e-6,1.3934591999999998e-05,validation_total_reference_mistag_geomean_percent,0.42067024503447265,min,1.0244745316373185,1.0244745316373185,0.5751716826119362,0.3076706667020656,0.42067024503447265,,0.17052179419235075,0.07630828846619594,3.265993846983409,0.2108518432484362,0.5194648725513353,0.0662677228947864,2.7156581294048228,1.1707297553572105,0.017507112427917304,0.019506369296931225,85,49847,0.011412029953021954,0.013417037752958754,38,49798,0.07867904969747139,0.08055411012350897,1628,49847,0.019579620068759764,0.021579224404531937,105,49798,0.0312166118497219,0.03320139063467996,259,49859,0.010572596711573633,0.012578007755104807,33,49798,0.07184970667236112,0.07374639106241324,1354,49859,0.047230973413560015,0.04919202766171006,583,49798,0.88903,0.9717958544404116,0.2929,0.39043189051863963,0.29795,False,/data/suehara/part/march/datasets/20250711_ilc_nnqq_sgv_10m_3cat_parquet,val50k_tail,150000,proxy
67,67,8160000,,lr_14e-6,1.4e-05,validation_total_reference_mistag_geomean_percent,0.40916180713071354,min,0.9863644194024858,0.9863644194024858,0.5477555284895059,0.30563522540088534,0.40916180713071354,,0.17674942446400177,0.07822685539786788,3.1152083042433283,0.20258750388491586,0.5154329039448596,0.06017450459421912,2.6453540001614595,1.0971818585292346,0.01785059435957055,0.019851970188868983,88,49788,0.01155995065183986,0.013562589176475319,39,49855,0.07692227886478137,0.07880561821749094,1551,49788,0.01916350953012403,0.02116115926119916,101,49855,0.03109145432158688,0.0330763152215318,257,49861,0.010026797932547338,0.01203016063689318,30,49855,0.07092453422512038,0.07282396248373957,1319,49861,0.04568300307052787,0.04764476567373343,547,49855,0.88969,0.9721194132079157,0.29095,0.39043189051863963,0.29801,False,/data/suehara/part/march/datasets/20250711_ilc_nnqq_sgv_10m_3cat_parquet,val50k_tail,150000,proxy
67,67,8160000,,lr_3e-6,1.1147673599999999e-05,validation_total_reference_mistag_geomean_percent,0.41006498373078487,min,0.9881208933472698,0.9881208933472698,0.5483594295096804,0.30664794263223366,0.41006498373078487,,0.1787579399936741,0.07822685539786788,3.1212341772189576,0.20258750388491586,0.5154329039448596,0.06017450459421912,2.647359770036473,1.101193491707191,0.017956949246566555,0.019958244394746322,89,49788,0.01155995065183986,0.013562589176475319,39,49855,0.07699523135044316,0.07887832865979653,1554,49788,0.01916350953012403,0.02116115926119916,101,49855,0.03109145432158688,0.0330763152215318,257,49861,0.010026797932547338,0.01203016063689318,30,49855,0.07095106924810864,0.07285041706167929,1320,49861,0.04576732743657979,0.04772892911096057,549,49855,0.88964,0.9721105148019736,0.29101,0.39043189051863963,0.29802,False,/data/suehara/part/march/datasets/20250711_ilc_nnqq_sgv_10m_3cat_parquet,val50k_tail,150000,proxy
67,67,8160000,,lr_6e-6,1.25411328e-05,validation_total_reference_mistag_geomean_percent,0.40575041227598135,min,0.9942765144077692,0.9942765144077692,0.5557788882451397,0.2962210341993295,0.40575041227598135,,0.18876639478883084,0.06815403077181112,3.142759537906066,0.1904303628567809,0.5078281914075867,0.062140437692605396,2.6555599621739927,1.1385731976644795,0.018476622820488148,0.020477154312052086,94,49797,0.010726129352814959,0.01272788712910971,34,49887,0.07724831798688707,0.07913021044827148,1565,49797,0.018546027712785358,0.020542883454741652,95,49887,0.030867485290278236,0.03285428490564313,253,49820,0.0102009864085809,0.012202985268531662,31,49887,0.07108829945133115,0.0729888811331101,1323,49820,0.04653092057887633,0.04848976546440505,568,49887,0.88946,0.9721057553463591,0.29113,0.39043189051863963,0.29813,False,/data/suehara/part/march/datasets/20250711_ilc_nnqq_sgv_10m_3cat_parquet,val50k_tail,150000,proxy
67,67,8160000,,lr_9e-6,1.3934591999999998e-05,validation_total_reference_mistag_geomean_percent,0.4075471677849288,min,1.0032457123029808,1.0032457123029808,0.5666017931003613,0.29314184316408753,0.4075471677849288,,0.16862729518483852,0.07017543859649122,3.175814074636065,0.19649123311980624,0.49784203375641856,0.06616541304801006,2.685937965554452,1.1649122445277644,0.017409910474002616,0.019410567814420916,84,49814,0.0108986366070922,0.012900794942219428,35,49875,0.07763252005127015,0.07951244320581544,1582,49814,0.018855482619194133,0.020852575761063114,98,49875,0.03055584644279302,0.03254324639399503,248,49815,0.010556278253640222,0.012558597388553439,33,49875,0.07149193359741665,0.07339148643303178,1338,49815,0.0470767510049026,0.04903501099845862,581,49875,0.88911,0.9719814104182053,0.29189,0.39043189051863963,0.29697,False,/data/suehara/part/march/datasets/20250711_ilc_nnqq_sgv_10m_3cat_parquet,val50k_tail,150000,proxy
68,68,8280000,,lr_14e-6,1.4e-05,validation_total_reference_mistag_geomean_percent,0.4120630381937807,min,0.9916638413394012,0.9916638413394012,0.5617974178779231,0.3022369666397885,0.4120630381937807,,0.17848190593925123,0.07419289863829948,3.142484704386297,0.20052135061606097,0.5063392850244531,0.06617204570330013,2.6381885399458462,1.1269300004617016,0.01792924179565582,0.019927457738336915,89,49865,0.011232520740005452,0.013234718694666702,37,49870,0.07719295221714391,0.07907228945258638,1567,49865,0.019058127649009795,0.021055259394692695,100,49870,0.030836293199812403,0.03282518854690868,252,49769,0.010557336364295306,0.012559855983018675,33,49870,0.07089420654976149,0.07279743385815822,1313,49769,0.04629775648234205,0.04825773602885018,562,49870,0.88951,0.972027129129548,0.29147,0.39043189051863963,0.29892,False,/data/suehara/part/march/datasets/20250711_ilc_nnqq_sgv_10m_3cat_parquet,val50k_tail,150000,proxy
68,68,8280000,,lr_3e-6,1.1147673599999999e-05,validation_total_reference_mistag_geomean_percent,0.41530484439611814,min,0.9873276773565962,0.9873276773565962,0.5597863683999046,0.3081141726832255,0.41530484439611814,,0.18274926775924347,0.07824098375811922,3.11075416422215,0.20262408328957923,0.5013737745467431,0.06620390738823323,2.633214947279751,1.1234602906089513,0.01816532547662612,0.020166178988072235,91,49795,0.011562037230782604,0.01356503677008386,39,49846,0.07686296119725246,0.0787462147079053,1549,49795,0.019166966596772108,0.02116497554085408,101,49846,0.030652652719138484,0.032637997907486366,250,49863,0.010562418249569175,0.01256590074969812,33,49846,0.0707622933563315,0.07266213231794313,1313,49863,0.04623660440648929,0.04819766684725432,560,49846,0.88947,0.9719992460399559,0.29163,0.39043189051863963,0.29986,False,/data/suehara/part/march/datasets/20250711_ilc_nnqq_sgv_10m_3cat_parquet,val50k_tail,150000,proxy
68,68,8280000,,lr_6e-6,1.25411328e-05,validation_total_reference_mistag_geomean_percent,0.41179545144476337,min,0.9900724971329036,0.9900724971329036,0.5634707928662043,0.3009481520204758,0.41179545144476337,,0.1845499561660062,0.07422713666917503,3.1092657647474375,0.19258933087549976,0.5119865203548938,0.06620258054297107,2.6663455247903083,1.1154131629169375,0.018249396375158086,0.02024793003644041,92,49851,0.011237702059318653,0.013240822459935223,37,49847,0.07680226433510011,0.07868346205589342,1550,49851,0.018663150274319695,0.02066152175067466,96,49847,0.031001172470725407,0.032988363568055026,255,49806,0.010562206406672511,0.012565648768255973,33,49847,0.07124050987016989,0.07314119268904198,1328,49806,0.04606857391960973,0.04802991988477282,556,49847,0.8895,0.97200890333656,0.29155,0.39043189051863963,0.29855,False,/data/suehara/part/march/datasets/20250711_ilc_nnqq_sgv_10m_3cat_parquet,val50k_tail,150000,proxy
68,68,8280000,,lr_9e-6,1.3934591999999998e-05,validation_total_reference_mistag_geomean_percent,0.41315255987747274,min,0.9907055858065398,0.9907055858065398,0.5661202177577246,0.3015172968197347,0.41315255987747274,,0.18074466936158323,0.07418695238786083,3.1369241596075783,0.19649516854431848,0.49763223006986185,0.06817179425299791,2.6125692822590176,1.1589204299690994,0.018060532173357804,0.02006150638088741,90,49794,0.01123162012867607,0.013233657744671386,37,49874,0.0771802377361578,0.07906247795596358,1562,49794,0.01885586036209741,0.02085299338794914,98,49874,0.030543000014517964,0.032529570946406884,248,49836,0.010728924457083927,0.012731203282430565,34,49874,0.07050665921472833,0.0724083559770914,1302,49836,0.04695484957618519,0.048913389105824726,578,49874,0.88956,0.9720792106825895,0.29126,0.39043189051863963,0.29898,False,/data/suehara/part/march/datasets/20250711_ilc_nnqq_sgv_10m_3cat_parquet,val50k_tail,150000,proxy
69,69,8400000,,lr_14e-6,1.4e-05,validation_total_reference_mistag_geomean_percent,0.4103307054792406,min,1.0117738369617786,1.0117738369617786,0.5594483765915875,0.3009594716940378,0.4103307054792406,,0.17877588494008487,0.07411116584408882,3.25412283151786,0.19028543163167783,0.5241384737762012,0.062093139102275104,2.692987286220301,1.11767648266174,0.017958751392952256,0.019960246817693116,89,49783,0.011220149980619137,0.013220145527358292,37,49925,0.07858875625060963,0.08046670406945261,1620,49783,0.018531923080280285,0.020527264768853675,95,49925,0.03137959595292594,0.03336669804803122,261,49796,0.010193223848044167,0.012193700828386677,31,49925,0.07159790812106097,0.07349790260311635,1341,49796,0.0460804819922854,0.04803867305446623,558,49925,0.8893,0.9718585916112437,0.29216,0.39043189051863963,0.29746,False,/data/suehara/part/march/datasets/20250711_ilc_nnqq_sgv_10m_3cat_parquet,val50k_tail,150000,proxy
69,69,8400000,,lr_3e-6,1.1147673599999999e-05,validation_total_reference_mistag_geomean_percent,0.38835901475718804,min,0.9800514885881039,0.9800514885881039,0.5461673537745706,0.2761474542570802,0.38835901475718804,,0.178664625865325,0.06025306434125535,3.0915004846390244,0.17473388916001462,0.5170340535908448,0.05824462557884685,2.6412826358014585,1.1186985297280614,0.01794758391272331,0.019947838268542555,89,49814,0.010039884757728714,0.01204585961009705,30,49790,0.07661472649754912,0.07849803472272585,1540,49814,0.017742919955065856,0.019744296353117512,87,49790,0.031129178585166586,0.03311242404845849,258,49900,0.009855892763411086,0.01186194829041658,29,49790,0.0708432983347277,0.07274140528388227,1318,49900,0.04616291633279274,0.048126375651390794,557,49790,0.88978,0.9720618412851105,0.29082,0.38835901475718804,0.29887,False,/data/suehara/part/march/datasets/20250711_ilc_nnqq_sgv_10m_3cat_parquet,val50k_tail,150000,proxy
69,69,8400000,,lr_6e-6,1.25411328e-05,validation_total_reference_mistag_geomean_percent,0.4221421959459513,min,1.0036880867514004,1.0036880867514004,0.5692012603039461,0.31307737003764063,0.4221421959459513,,0.18517028342445677,0.08015550481040659,3.198212717551154,0.20239264073478017,0.5208646276520494,0.06813217375567297,2.664423004798002,1.1101537412846807,0.018310688432444346,0.020315914545913416,92,49684,0.011707604533570809,0.013708239532702216,40,49903,0.07800103092534122,0.07988497124115923,1589,49684,0.01914509288275558,0.021140828990413255,101,49903,0.031242129953990352,0.033224546531766125,260,49917,0.010722691223111269,0.012723808080420427,34,49903,0.07113697818734721,0.07303351158443536,1330,49917,0.04593345580335886,0.04789281161859688,554,49903,0.88956,0.9719486276459482,0.29178,0.38835901475718804,0.29747,False,/data/suehara/part/march/datasets/20250711_ilc_nnqq_sgv_10m_3cat_parquet,val50k_tail,150000,proxy
69,69,8400000,,lr_9e-6,1.3934591999999998e-05,validation_total_reference_mistag_geomean_percent,0.42253389581900364,min,1.0031178516165924,1.0031178516165924,0.5763769150120818,0.30975371925199724,0.42253389581900364,,0.18238666261907202,0.07814065680694117,3.160700745141856,0.2043678641512522,0.5191146693222288,0.07012622720897616,2.6780682895971903,1.1320376980852211,0.01812930982214246,0.020126207841594607,91,49894,0.011547215682178563,0.013547650830615774,39,49910,0.07738981004658946,0.07926732480015297,1577,49894,0.01924146016051846,0.021236837217193355,102,49910,0.03125414933391989,0.03324529177821164,258,49700,0.010890995878796484,0.012891752175917015,35,49910,0.07146997625233492,0.07337424101922299,1331,49700,0.046385392334126474,0.048343596430706556,565,49910,0.88947,0.9719511306898921,0.29189,0.38835901475718804,0.29571,False,/data/suehara/part/march/datasets/20250711_ilc_nnqq_sgv_10m_3cat_parquet,val50k_tail,150000,proxy
70,70,8520000,,lr_14e-6,1.337720832e-05,validation_total_reference_mistag_geomean_percent,0.40551230206640454,min,1.0055900755246867,1.0055900755246867,0.5675657246133603,0.2897289600058489,0.40551230206640454,,0.17654021478125617,0.06613358839542816,3.203803734756377,0.188380518529335,0.5024317756205438,0.06613358839542816,2.6729370729409885,1.168360110778138,0.01782948190686539,0.01982849730515412,88,49847,0.010551202273488373,0.012552559644636628,33,49899,0.07794159981288004,0.07981915543641069,1597,49847,0.018438884712789122,0.020435342407030904,94,49899,0.030717187886909574,0.032706679967949535,250,49758,0.010551202273488373,0.012552559644636628,33,49899,0.07136129829532246,0.07326354966632441,1330,49758,0.047135904731271036,0.04909308468768886,583,49899,0.88907,0.9719580304820745,0.29192,0.38835901475718804,0.29892,False,/data/suehara/part/march/datasets/20250711_ilc_nnqq_sgv_10m_3cat_parquet,val50k_tail,150000,proxy
70,70,8520000,,lr_3e-6,8.918138879999999e-06,validation_total_reference_mistag_geomean_percent,0.3992212124931981,min,0.9900431488684704,0.9900431488684704,0.5586132813470954,0.2853093218983271,0.3992212124931981,,0.17250717446219963,0.06821693083934055,3.1532706233310077,0.17856784749887306,0.5079301304655618,0.06420416925824121,2.648062561771021,1.1275857533215183,0.017613074611991457,0.019612011220043704,86,49853,0.010736026268511122,0.012739628975872927,34,49841,0.07733195477023988,0.07921131166775605,1572,49853,0.01793786870780058,0.01993704338595361,89,49841,0.030873667946942733,0.03286086233635424,253,49810,0.010388309424769378,0.012392073151375128,32,49841,0.07099620545982128,0.07289746973325358,1319,49810,0.046324550671519686,0.04828564429847724,562,49841,0.88939,0.9720162781945327,0.29148,0.38835901475718804,0.29823,False,/data/suehara/part/march/datasets/20250711_ilc_nnqq_sgv_10m_3cat_parquet,val50k_tail,150000,proxy
70,70,8520000,,lr_6e-6,1.0032906239999999e-05,validation_total_reference_mistag_geomean_percent,0.41430012546052564,min,0.9962274540758347,0.9962274540758347,0.5696838527873531,0.3012979797773509,0.41430012546052564,,0.17248641632624356,0.07828181357327525,3.1027497039803693,0.19670815198850342,0.5037631575225331,0.0662384561782319,2.665328633950953,1.1842632990865671,0.0176109566214876,0.019609653516325855,86,49859,0.011568069358975946,0.013572112561058117,39,49820,0.0767171745838336,0.07859833183396121,1547,49859,0.018876280978796702,0.020875570107905476,98,49820,0.030738909640055847,0.032725673049878015,251,49825,0.010567929149143063,0.012572455816273392,33,49820,0.07121370037610937,0.07311369922609577,1328,49825,0.04749538938409233,0.049455034379253075,590,49820,0.88871,0.9717630384985204,0.29261,0.38835901475718804,0.29668,False,/data/suehara/part/march/datasets/20250711_ilc_nnqq_sgv_10m_3cat_parquet,val50k_tail,150000,proxy
70,70,8520000,,lr_9e-6,1.1147673599999999e-05,validation_total_reference_mistag_geomean_percent,0.39906883414184585,min,0.989290860780692,0.989290860780692,0.5583646143483103,0.28521852977593515,0.39906883414184585,,0.17250717446219963,0.06821693083934055,3.1492587599661483,0.17856784749887306,0.5079301304655618,0.06420416925824121,2.648062561771021,1.1255793119841495,0.017613074611991457,0.019612011220043704,86,49853,0.010736026268511122,0.012739628975872927,34,49841,0.07728369537114352,0.0791632132103974,1570,49853,0.01793786870780058,0.01993704338595361,89,49841,0.030873667946942733,0.03286086233635424,253,49810,0.010388309424769378,0.012392073151375128,32,49841,0.07099620545982128,0.07289746973325358,1319,49810,0.04628290356290671,0.048244077699486146,561,49841,0.88939,0.9720233915637109,0.29145,0.38835901475718804,0.29821,False,/data/suehara/part/march/datasets/20250711_ilc_nnqq_sgv_10m_3cat_parquet,val50k_tail,150000,proxy
71,71,8640000,,lr_14e-6,1.337720832e-05,validation_total_reference_mistag_geomean_percent,0.40236738064300087,min,0.9897281125897381,0.9897281125897381,0.5497206599752635,0.2945123237914957,0.40236738064300087,,0.178711280495121,0.07217321642423473,3.1284511908674584,0.18644746344280066,0.5037834106465909,0.06014434790333587,2.6513858119140825,1.1367281790242811,0.017952265358219886,0.01995303997486754,89,49801,0.011065056669707338,0.013066934209623635,36,49880,0.07707256981173104,0.07895488573334414,1558,49801,0.018342627739537706,0.02033992340426229,93,49880,0.030740140724019958,0.03272698307336111,251,49823,0.010021773618081953,0.012024133460650016,30,49880,0.07103102055591691,0.07293165535416264,1321,49823,0.0464960281195961,0.0484552218748319,567,49880,0.88977,0.972216435921203,0.29051,0.38835901475718804,0.29829,False,/data/suehara/part/march/datasets/20250711_ilc_nnqq_sgv_10m_3cat_parquet,val50k_tail,150000,proxy
71,71,8640000,,lr_3e-6,8.918138879999999e-06,validation_total_reference_mistag_geomean_percent,0.3972006480620589,min,0.9830682095962271,0.9830682095962271,0.5478624137572543,0.2879707584591179,0.3972006480620589,,0.17860726666891233,0.0661985949768422,3.0844872332957634,0.18856569570602166,0.5017662038687051,0.06018054309854718,2.6653820210758608,1.119358118079164,0.017941825484324544,0.019941439890429173,89,49830,0.010561570928964838,0.012564892884561037,33,49850,0.07651724623705114,0.07840023123607993,1537,49830,0.018456994544681686,0.020455407186470584,94,49850,0.03067659124492781,0.032663474688296446,250,49824,0.010027803400034365,0.01203136679729321,30,49850,0.0712151108991848,0.0731151457353061,1328,49824,0.04614944248052342,0.048110512145155444,558,49850,0.88968,0.9721129681838963,0.29099,0.38835901475718804,0.2986,False,/data/suehara/part/march/datasets/20250711_ilc_nnqq_sgv_10m_3cat_parquet,val50k_tail,150000,proxy
71,71,8640000,,lr_6e-6,1.0032906239999999e-05,validation_total_reference_mistag_geomean_percent,0.39836721599819735,min,0.9863187158563325,0.9863187158563325,0.5511133195843108,0.2879560938607956,0.39836721599819735,,0.18273826101300839,0.06612563968403697,3.086469392625671,0.18435025648584574,0.49998996754749564,0.06011421701232342,2.6545652580288386,1.15619673445344,0.018164231990846484,0.02016496540868287,91,49798,0.010549934041103042,0.012551051115654657,33,49905,0.0765656622759344,0.07844977764627815,1537,49798,0.018229665083939278,0.020226044266181725,92,49905,0.03062763581926321,0.03261550819547146,249,49801,0.01001675433634795,0.012018112320677997,30,49905,0.07108853275296229,0.07298987947922386,1322,49801,0.04688484778886653,0.04884227989026251,577,49905,0.88951,0.9720584855528841,0.29123,0.38835901475718804,0.29777,False,/data/suehara/part/march/datasets/20250711_ilc_nnqq_sgv_10m_3cat_parquet,val50k_tail,150000,proxy
71,71,8640000,,lr_9e-6,1.1147673599999999e-05,validation_total_reference_mistag_geomean_percent,0.39972196949848754,min,0.9883159119842813,0.9883159119842813,0.5579572368530341,0.2863618255064146,0.39972196949848754,,0.17860368415883213,0.06612696344693254,3.088438818823897,0.1843539695233093,0.5083485876952121,0.062119271123774925,2.6683275854996413,1.1502084156026502,0.017941465705237553,0.019941040128080643,89,49831,0.010550145391994777,0.012551302511971918,33,49904,0.07656458033216546,0.07844736894496059,1539,49831,0.01823003009046461,0.020226449128252288,92,49904,0.0308990427545547,0.03288785735891904,253,49769,0.010197512223125997,0.012198829956058713,31,49904,0.07129277578786508,0.07319479195528056,1328,49769,0.046762574093545985,0.04872028540904034,574,49904,0.88941,0.9720254665015151,0.29142,0.38835901475718804,0.29817,False,/data/suehara/part/march/datasets/20250711_ilc_nnqq_sgv_10m_3cat_parquet,val50k_tail,150000,proxy
72,72,8760000,,lr_14e-6,1.337720832e-05,validation_total_reference_mistag_geomean_percent,0.3996640345642058,min,0.9862005287246478,0.9862005287246478,0.5362144044283028,0.29788707503007106,0.3996640345642058,,0.17229635688481373,0.07416315677214999,3.169451471038784,0.19442774174385213,0.49094567947051343,0.05812788062781233,2.6277666108923845,1.102425332366872,0.0175915654181232,0.01958806761787389,86,49914,0.01122801912709615,0.013229415645147506,37,49890,0.07747943911036378,0.07935585095223477,1582,49914,0.018748710102421576,0.0207452855272064,97,49890,0.03037169776224629,0.032363973745665534,244,49700,0.009836141847817458,0.011838181178304343,29,49890,0.07080425843210905,0.07271054737600993,1306,49700,0.0457774608532361,0.04773763702385844,550,49890,0.88954,0.9722433296012966,0.29061,0.38835901475718804,0.29884,False,/data/suehara/part/march/datasets/20250711_ilc_nnqq_sgv_10m_3cat_parquet,val50k_tail,150000,proxy
72,72,8760000,,lr_3e-6,8.918138879999999e-06,validation_total_reference_mistag_geomean_percent,0.40614414269625326,min,0.9904329463099407,0.9904329463099407,0.556175622168792,0.2965844925083995,0.40614414269625326,,0.17624674889076639,0.07226013507493902,3.1203685154454934,0.19470091235155304,0.49644250043519017,0.06423123243677238,2.679181450707503,1.120032075137308,0.017799865742129987,0.019795569944110972,88,49930,0.011078378970868217,0.013082663905474468,36,49820,0.07687653153682326,0.07875430812788152,1558,49930,0.018775031092513415,0.020774400799130222,97,49820,0.030529815799193883,0.03251970857390653,247,49754,0.010392687202972019,0.012397294447610363,32,49820,0.07144633887205022,0.07334849216022836,1333,49754,0.04617708450035899,0.04813930797577647,558,49820,0.88964,0.9720721144355169,0.29142,0.38835901475718804,0.29838,False,/data/suehara/part/march/datasets/20250711_ilc_nnqq_sgv_10m_3cat_parquet,val50k_tail,150000,proxy
72,72,8760000,,lr_6e-6,1.0032906239999999e-05,validation_total_reference_mistag_geomean_percent,0.404926485876429,min,0.9904124038010019,0.9904124038010019,0.5544944393480545,0.2957026208540807,0.404926485876429,,0.17429281043220765,0.07226884291865909,3.1172368294472714,0.19472437658249211,0.5042793259326813,0.062231502251903735,2.670068624829711,1.1281969180130884,0.017698165800589076,0.019694508016190014,87,49916,0.011079712965598499,0.013084238958167599,36,49814,0.07684931952442187,0.07872774823776199,1556,49916,0.018777290616547763,0.020776900197008577,97,49814,0.030770333114138633,0.03275911144291297,251,49774,0.010215931916939988,0.012220860894108121,31,49814,0.07131219018101514,0.0732139453307662,1329,49774,0.04634952487833164,0.04831165689108113,562,49814,0.88953,0.9720589667512808,0.29142,0.38835901475718804,0.29837,False,/data/suehara/part/march/datasets/20250711_ilc_nnqq_sgv_10m_3cat_parquet,val50k_tail,150000,proxy
72,72,8760000,,lr_9e-6,1.1147673599999999e-05,validation_total_reference_mistag_geomean_percent,0.4024803241604325,min,0.9893119057961159,0.9893119057961159,0.550132554415286,0.2944570540975529,0.4024803241604325,,0.17659690097445188,0.07206197259269952,3.106500110682339,0.19016354018028858,0.5109019200996983,0.060051646468509426,2.6872637186081922,1.1109554367627488,0.017835202380940336,0.01983485734572141,88,49831,0.011048006589393054,0.013046803099529672,36,49957,0.07678395773518289,0.0786660214705373,1548,49831,0.018520062124349757,0.020514130600243697,95,49957,0.030994596454050546,0.032985428486436916,254,49716,0.010006330318279123,0.01200560764545739,30,49957,0.07157956663580815,0.07348284866579465,1336,49716,0.045925888230101235,0.04788309406613695,555,49957,0.88988,0.9720262486765273,0.29125,0.38835901475718804,0.29895,False,/data/suehara/part/march/datasets/20250711_ilc_nnqq_sgv_10m_3cat_parquet,val50k_tail,150000,proxy
73,73,8880000,,lr_14e-6,1.337720832e-05,validation_total_reference_mistag_geomean_percent,0.4063195464976309,min,0.9915940261069877,0.9915940261069877,0.5460474015492179,0.3023465973789815,0.4063195464976309,,0.18210561169601744,0.07447215180609967,3.1238117118868076,0.19725056739335192,0.4994984893707185,0.05837006578959088,2.6439316622576596,1.1533119486556558,0.018101396229607707,0.020095228550857176,91,49971,0.011274786134517645,0.01328450869496154,37,49683,0.07688695224366791,0.07876305038619358,1561,49971,0.018928287839252347,0.02093306802729662,98,49683,0.03059759910457203,0.032583537260457304,249,49850,0.009877114274550432,0.011887485014981158,29,49683,0.07091342895252338,0.07281333339594943,1318,49850,0.046928118517495024,0.0488944130188209,573,49683,0.88906,0.9720017987777781,0.29166,0.38835901475718804,0.29822,False,/data/suehara/part/march/datasets/20250711_ilc_nnqq_sgv_10m_3cat_parquet,val50k_tail,150000,proxy
73,73,8880000,,lr_3e-6,8.918138879999999e-06,validation_total_reference_mistag_geomean_percent,0.4105036039052538,min,0.9848975403213966,0.9848975403213966,0.5555686209688382,0.3033166425514399,0.4105036039052538,,0.16916724573545522,0.0780343349168499,3.081260873990883,0.2080915663856423,0.49327263466641735,0.06402817239585418,2.6448236795984337,1.140501814881638,0.01746561860407642,0.019472660361203306,84,49655,0.011531509366788449,0.013529227034804697,39,49978,0.07661095762982635,0.07850070868916093,1530,49655,0.019411685786138527,0.02140419897926813,104,49978,0.030394963205535985,0.03238031479988078,246,49871,0.010359839900186301,0.012358118050113411,32,49978,0.07091049800243068,0.07280956667242572,1319,49871,0.04652915632788971,0.04848435743952471,570,49978,0.88962,0.9720012844114598,0.2914,0.38835901475718804,0.29714,False,/data/suehara/part/march/datasets/20250711_ilc_nnqq_sgv_10m_3cat_parquet,val50k_tail,150000,proxy
73,73,8880000,,lr_6e-6,1.0032906239999999e-05,validation_total_reference_mistag_geomean_percent,0.40461635373303134,min,0.9855955087784717,0.9855955087784717,0.5476405704803934,0.2989449696259763,0.40461635373303134,,0.18218217416811555,0.07245647437338683,3.0990992013445067,0.19522994987580664,0.49329242434529386,0.060380397981413717,2.6369086334254,1.1452148147138506,0.018109000499358936,0.020103667986208756,91,49950,0.011108471759703118,0.013118194559856177,36,49685,0.07660384524050233,0.07848172159536683,1548,49950,0.01882600226935003,0.020830783094987926,97,49685,0.030396179453067405,0.03238160987511854,246,49869,0.01006109732979599,0.012071306225803005,30,49685,0.07080707201103272,0.07270653426486133,1315,49869,0.04676057943090901,0.04872712071603627,569,49685,0.88929,0.9720451821929913,0.29138,0.38835901475718804,0.29824,False,/data/suehara/part/march/datasets/20250711_ilc_nnqq_sgv_10m_3cat_parquet,val50k_tail,150000,proxy
73,73,8880000,,lr_9e-6,1.1147673599999999e-05,validation_total_reference_mistag_geomean_percent,0.40856414591892043,min,0.9832822809845205,0.9832822809845205,0.5578706472743549,0.29921750166641253,0.40856414591892043,,0.17038506984186344,0.07804995540138657,3.1050172494377914,0.19412423477089216,0.49346410051680606,0.06604226947100159,2.6284516576419255,1.1307237107944983,0.017493085180179013,0.01949074453432198,85,49887,0.011533816438844782,0.013531933273203286,39,49968,0.07672339956261084,0.0786034100926307,1549,49887,0.01871946779635511,0.02071293877878367,97,49968,0.03046676078371051,0.03246098176586127,245,49649,0.010536635984846967,0.01253523342457755,33,49968,0.07084924883321228,0.07275746830023577,1305,49649,0.04633183984344251,0.04828782360684972,565,49968,0.8896,0.9721066432528357,0.29104,0.38835901475718804,0.29866,False,/data/suehara/part/march/datasets/20250711_ilc_nnqq_sgv_10m_3cat_parquet,val50k_tail,150000,proxy
74,74,9000000,,lr_14e-6,1.337720832e-05,validation_total_reference_mistag_geomean_percent,0.4140391257259948,min,0.994507858401576,0.994507858401576,0.5552132901124996,0.3087613367417963,0.4140391257259948,,0.18871334334874731,0.07425991186711826,3.167974913753338,0.20471651404661537,0.5113499463806636,0.06422478675363773,2.6550091390514243,1.0898143120110637,0.01847143393669422,0.020471405295547068,94,49811,0.011242662578689213,0.013246666114606826,37,49825,0.07754082876369507,0.07942117988610359,1578,49811,0.019274256542769933,0.021273023591789453,102,49825,0.03096271939769706,0.032947465433755346,255,49868,0.010391644540194287,0.01239605088279637,32,49825,0.07104725686147735,0.07294603128148412,1324,49868,0.04554113828749758,0.04750437778694664,543,49825,0.88982,0.9721167555494676,0.29127,0.38835901475718804,0.29887,False,/data/suehara/part/march/datasets/20250711_ilc_nnqq_sgv_10m_3cat_parquet,val50k_tail,150000,proxy
74,74,9000000,,lr_3e-6,8.918138879999999e-06,validation_total_reference_mistag_geomean_percent,0.4091376193018221,min,0.9987012664388532,0.9987012664388532,0.5468627702249187,0.3060979840684996,0.4091376193018221,,0.18888397515917488,0.07211827538018356,3.2170558546571706,0.20032854174295858,0.4897631461303585,0.06210184733285756,2.649538354246787,1.1098201368613339,0.018488122872649698,0.020489895775295572,94,49766,0.011056635772244973,0.013056991617755935,36,49918,0.07816217670904846,0.08004225564403611,1601,49766,0.01903981760475505,0.021035036718166592,100,49918,0.03029870580174088,0.032286230614678085,244,49820,0.010194652905593784,0.012195410058300011,31,49918,0.07100869683530735,0.07290952024960988,1320,49820,0.04591972579207487,0.047878506212156724,554,49918,0.88931,0.9720699775816845,0.29126,0.38835901475718804,0.29777,False,/data/suehara/part/march/datasets/20250711_ilc_nnqq_sgv_10m_3cat_parquet,val50k_tail,150000,proxy
74,74,9000000,,lr_6e-6,1.0032906239999999e-05,validation_total_reference_mistag_geomean_percent,0.4109067755547473,min,1.000268170479914,1.000268170479914,0.5497351830511138,0.3071376608273233,0.4109067755547473,,0.18683327183100712,0.07418397626112759,3.2022820950770337,0.20049722921248544,0.5195482650872619,0.06014917023588211,2.6599264761839048,1.0987248799506097,0.018380552464343176,0.02038196540675096,93,49777,0.011231169877166741,0.013233127333458768,37,49876,0.07797757792020674,0.079857834974386,1594,49777,0.019055836967810384,0.021052729433951527,100,49876,0.031221609523551016,0.03320670347148501,259,49851,0.010022577170000263,0.012025097402975726,30,49876,0.07112412877753604,0.07302335341922706,1326,49851,0.045706033078836764,0.047666907837238745,548,49876,0.88926,0.9719922083606788,0.29184,0.38835901475718804,0.29997,False,/data/suehara/part/march/datasets/20250711_ilc_nnqq_sgv_10m_3cat_parquet,val50k_tail,150000,proxy
74,74,9000000,,lr_9e-6,1.1147673599999999e-05,validation_total_reference_mistag_geomean_percent,0.41434644149953753,min,0.9967658512655077,0.9967658512655077,0.5554228546743113,0.3091031853271524,0.41434644149953753,,0.18871334334874731,0.07425991186711826,3.182028067064582,0.20471651404661537,0.5113499463806636,0.06422478675363773,2.6590199286516336,1.0898143120110637,0.01847143393669422,0.020471405295547068,94,49811,0.011242662578689213,0.013246666114606826,37,49825,0.07770925370413247,0.07958904058014346,1585,49811,0.019274256542769933,0.021273023591789453,102,49825,0.03096271939769706,0.032947465433755346,255,49868,0.010391644540194287,0.01239605088279637,32,49825,0.07110020038724636,0.07299881396232132,1326,49868,0.04554113828749758,0.04750437778694664,543,49825,0.88974,0.9721093565013551,0.2913,0.38835901475718804,0.29888,False,/data/suehara/part/march/datasets/20250711_ilc_nnqq_sgv_10m_3cat_parquet,val50k_tail,150000,proxy
75,75,9120000,,lr_14e-6,1.337720832e-05,validation_total_reference_mistag_geomean_percent,0.4101156048984108,min,0.9939023633265501,0.9939023633265501,0.559813480220458,0.3004479444027558,0.4101156048984108,,0.16997620914045405,0.07610045371365476,3.145559586739726,0.20026435040932022,0.49633797756512354,0.06608723628131187,2.67941805162651,1.1174750411362997,0.017451137982290123,0.019444020073022317,85,50007,0.011380957455223596,0.013380512859144812,38,49934,0.0771215739668131,0.0789954517614995,1573,50007,0.01903372207252398,0.021028304455664518,100,49934,0.030583419091797376,0.032580984341007944,246,49563,0.010543808546673928,0.012543765000658116,33,49934,0.07158517727998172,0.07349465116771071,1328,49563,0.04607222058007343,0.048030066777446714,558,49934,0.88939,0.9719885172101584,0.29184,0.38835901475718804,0.29835,False,/data/suehara/part/march/datasets/20250711_ilc_nnqq_sgv_10m_3cat_parquet,val50k_tail,150000,proxy
75,75,9120000,,lr_3e-6,8.918138879999999e-06,validation_total_reference_mistag_geomean_percent,0.404718115340541,min,1.0024399644124153,1.0024399644124153,0.5552998743915705,0.29496990804161055,0.404718115340541,,0.18445006265605612,0.07034751690525885,3.1897831153365095,0.18290354238301748,0.5173139866827328,0.060297870893366835,2.6747938453538893,1.1396297750884923,0.018239525393289633,0.020236981234098766,92,49878,0.010925354024011872,0.012932414862668756,35,49753,0.07775037323911084,0.07962732413745802,1591,49878,0.01818064811302273,0.020183184450060745,91,49753,0.03114599125283394,0.033130299149633675,258,49873,0.010047349450070731,0.01205481426208644,30,49753,0.07130448811326767,0.0732022787866965,1334,49873,0.04661407210122433,0.048578150174501816,567,49753,0.88944,0.9719592532995414,0.29179,0.38835901475718804,0.29768,False,/data/suehara/part/march/datasets/20250711_ilc_nnqq_sgv_10m_3cat_parquet,val50k_tail,150000,proxy
75,75,9120000,,lr_6e-6,1.0032906239999999e-05,validation_total_reference_mistag_geomean_percent,0.4045772808524032,min,1.0016875677438692,1.0016875677438692,0.5552628069070273,0.294784333014639,0.4045772808524032,,0.18445006265605612,0.07034751690525885,3.181763508057395,0.18290354238301748,0.5173139866827328,0.060297870893366835,2.678804180603869,1.137619873769257,0.018239525393289633,0.020236981234098766,92,49878,0.010925354024011872,0.012932414862668756,35,49753,0.07765450332732522,0.07953177578655934,1587,49878,0.01818064811302273,0.020183184450060745,91,49753,0.03114599125283394,0.033130299149633675,258,49873,0.010047349450070731,0.01205481426208644,30,49753,0.07135721136263158,0.0732548412233771,1336,49873,0.046572543222736865,0.048536702090686,566,49753,0.88943,0.971962849013614,0.29177,0.38835901475718804,0.29768,False,/data/suehara/part/march/datasets/20250711_ilc_nnqq_sgv_10m_3cat_parquet,val50k_tail,150000,proxy
75,75,9120000,,lr_9e-6,1.1147673599999999e-05,validation_total_reference_mistag_geomean_percent,0.40439229381665165,min,1.0011850525413313,1.0011850525413313,0.5546677996190758,0.29483075709569095,0.40439229381665165,,0.18445006265605612,0.07034751690525885,3.183768300406922,0.18290354238301748,0.5173139866827328,0.060297870893366835,2.6767991509200937,1.1335999894832032,0.018239525393289633,0.020236981234098766,92,49878,0.010925354024011872,0.012932414862668756,35,49753,0.0776784832663073,0.07955567533531951,1588,49878,0.01818064811302273,0.020183184450060745,91,49753,0.03114599125283394,0.033130299149633675,258,49873,0.010047349450070731,0.01205481426208644,30,49753,0.0713308550881836,0.07322856535527111,1335,49873,0.04648937155626795,0.04845369201356073,564,49753,0.88945,0.971965729135213,0.29175,0.38835901475718804,0.29767,False,/data/suehara/part/march/datasets/20250711_ilc_nnqq_sgv_10m_3cat_parquet,val50k_tail,150000,proxy
76,76,9240000,,lr_14e-6,1.337720832e-05,validation_total_reference_mistag_geomean_percent,0.40399342217871953,min,0.9938042964229818,0.9938042964229818,0.5420068466413441,0.30112292155540354,0.40399342217871953,,0.17821385641014598,0.07229496628647092,3.2098519179319487,0.1988111496117607,0.4942935180015204,0.06024580169423667,2.638241376381347,1.0984817850664237,0.017902336097660447,0.019897561909853687,89,49940,0.011083716878069376,0.013088966392560169,36,49796,0.0779418543145581,0.07981567134576692,1603,49940,0.018986152512601943,0.020986320749664857,99,49796,0.03045772678160726,0.03244714615824951,246,49768,0.010038675312126603,0.012044408757800999,30,49796,0.07089561252483327,0.0727988759442192,1313,49768,0.045736847972479254,0.04770088268116566,547,49796,0.88924,0.9719836156645769,0.29162,0.38835901475718804,0.29789,False,/data/suehara/part/march/datasets/20250711_ilc_nnqq_sgv_10m_3cat_parquet,val50k_tail,150000,proxy
76,76,9240000,,lr_3e-6,8.918138879999999e-06,validation_total_reference_mistag_geomean_percent,0.40631246503084545,min,0.9861917432405684,0.9861917432405684,0.5636683667700584,0.2928846622801318,0.40631246503084545,,0.18053437469697906,0.07217755961609151,3.095161602068227,0.18244883214484728,0.5143144148669011,0.06616276249563162,2.6659970757263216,1.112737324309548,0.018039535961272182,0.020038190630729563,90,49852,0.011065722023735104,0.013067719796027909,36,49877,0.07663037089121541,0.07851209669794412,1543,49852,0.018135484168805963,0.0201330603016057,91,49877,0.031082802349790238,0.033071137514734464,256,49775,0.0105558550687634,0.012558094021392194,33,49877,0.07125780289627542,0.07315968344166063,1327,49775,0.045999162029665766,0.04795943560383306,555,49877,0.8898,0.9721249089499371,0.29069,0.38835901475718804,0.29768,False,/data/suehara/part/march/datasets/20250711_ilc_nnqq_sgv_10m_3cat_parquet,val50k_tail,150000,proxy
76,76,9240000,,lr_6e-6,1.0032906239999999e-05,validation_total_reference_mistag_geomean_percent,0.40654630867939057,min,0.9866931094867288,0.9866931094867288,0.5645348401827328,0.2927718350338471,0.40654630867939057,,0.1785284457248572,0.07217755961609151,3.091149793720135,0.18445375894897384,0.5143144148669011,0.06616276249563162,2.668006043479876,1.1187520970413654,0.017933913676095016,0.019932648819649266,89,49852,0.011065722023735104,0.013067719796027909,36,49877,0.07658161393325966,0.07846350068818168,1541,49852,0.01823989079478472,0.020237386534139125,92,49877,0.031082802349790238,0.033071137514734464,256,49775,0.0105558550687634,0.012558094021392194,33,49877,0.07128429502591405,0.0731860948480316,1328,49775,0.046124592941131255,0.04808462533496278,558,49877,0.88983,0.9721176893689165,0.29074,0.38835901475718804,0.2969,False,/data/suehara/part/march/datasets/20250711_ilc_nnqq_sgv_10m_3cat_parquet,val50k_tail,150000,proxy
76,76,9240000,,lr_9e-6,1.1147673599999999e-05,validation_total_reference_mistag_geomean_percent,0.41446430534438633,min,1.0035428074175174,1.0035428074175174,0.5469530493829563,0.31406838411157706,0.41446430534438633,,0.18408835701815512,0.08043596449859733,3.2035376957720705,0.20511170569524875,0.5120584866802755,0.058316073545737576,2.656679794806186,1.128114381323868,0.018203786927382535,0.020197340427496054,92,49976,0.011748556054974645,0.013756179784597854,40,49729,0.07783897399593898,0.07971169393918981,1601,49976,0.019311431861012945,0.021314041484763555,102,49729,0.031005519947991094,0.03299298747911289,255,49799,0.009867979819501448,0.011876493148553675,29,49729,0.07111788447531214,0.07301922263382582,1323,49799,0.04638658413211542,0.048352073197873054,561,49729,0.88931,0.9720125997139499,0.2919,0.38835901475718804,0.29801,False,/data/suehara/part/march/datasets/20250711_ilc_nnqq_sgv_10m_3cat_parquet,val50k_tail,150000,proxy
77,77,9360000,,lr_14e-6,1.337720832e-05,validation_total_reference_mistag_geomean_percent,0.4186152716175307,min,1.0062382688398588,1.0062382688398588,0.5655221277722947,0.3098707142047998,0.4186152716175307,,0.17872921607428432,0.08021176218544153,3.207084987862285,0.20052940055490734,0.5076243966751284,0.0661747023451064,2.6685394545183025,1.1410122305034132,0.01795406656453873,0.01995504135357429,89,49796,0.011715818955301056,0.013717855821528829,40,49868,0.07802015208893953,0.07989949884049385,1597,49796,0.019058891331796703,0.021056102850070195,100,49868,0.030855127402618435,0.032841137940204865,253,49840,0.010557759667953264,0.012560359491442356,33,49868,0.07124543486566291,0.07314473306088941,1330,49840,0.04658991253860354,0.04854940592036814,569,49868,0.88927,0.9719447592027072,0.29215,0.38835901475718804,0.29865,False,/data/suehara/part/march/datasets/20250711_ilc_nnqq_sgv_10m_3cat_parquet,val50k_tail,150000,proxy
77,77,9360000,,lr_3e-6,8.918138879999999e-06,validation_total_reference_mistag_geomean_percent,0.4182407012922092,min,1.0100999364772354,1.0100999364772354,0.5614259191802169,0.3115732249640726,0.4182407012922092,,0.19458374529766836,0.07615993288405914,3.2377131131555688,0.19641246353605132,0.5245282339311405,0.0641346828339513,2.6889608833656653,1.0983064368137785,0.018763741624273175,0.020761912824399403,97,49850,0.011389850633339358,0.013390966557026023,38,49895,0.07834233653299036,0.08021841873236887,1614,49850,0.018847930938155996,0.020844226734765797,98,49895,0.03140287327997905,0.03339143725803184,261,49759,0.010377069197918077,0.012378667134312439,32,49895,0.07157132533546634,0.07347289443550634,1338,49759,0.04568871886809628,0.047648863711629436,548,49895,0.88923,0.971817070000891,0.29246,0.38835901475718804,0.29729,False,/data/suehara/part/march/datasets/20250711_ilc_nnqq_sgv_10m_3cat_parquet,val50k_tail,150000,proxy
77,77,9360000,,lr_6e-6,1.0032906239999999e-05,validation_total_reference_mistag_geomean_percent,0.4035036723066564,min,0.9839605894046329,0.9839605894046329,0.5541302716404283,0.2938211859152992,0.4035036723066564,,0.1724137931034483,0.07224998282387188,3.0733759360000974,0.19467356769255265,0.4980219630907789,0.06221526283480291,2.6507622013185457,1.1479720083729648,0.017603547664408893,0.019601406015560534,86,49880,0.011076823049618888,0.013080826823202095,36,49827,0.0763440130738733,0.0782255561021749,1533,49880,0.018772395668332553,0.020771485594857603,97,49827,0.030566866271111454,0.0325549773611474,248,49797,0.010213267183889985,0.01221767373182222,31,49827,0.07104106550034385,0.07294271769143178,1320,49797,0.046751994180827504,0.04871282054419498,572,49827,0.88975,0.972091604577669,0.2912,0.38835901475718804,0.29974,False,/data/suehara/part/march/datasets/20250711_ilc_nnqq_sgv_10m_3cat_parquet,val50k_tail,150000,proxy
77,77,9360000,,lr_9e-6,1.1147673599999999e-05,validation_total_reference_mistag_geomean_percent,0.40347076479131005,min,0.9837100134897657,0.9837100134897657,0.5541302716404283,0.29377326302598605,0.40347076479131005,,0.1724137931034483,0.07224998282387188,3.0713713286811606,0.19467356769255265,0.4980219630907789,0.06221526283480291,2.6507622013185457,1.1479720083729648,0.017603547664408893,0.019601406015560534,86,49880,0.011076823049618888,0.013080826823202095,36,49827,0.07631956484413019,0.07820118825620712,1532,49880,0.018772395668332553,0.020771485594857603,97,49827,0.030566866271111454,0.0325549773611474,248,49797,0.010213267183889985,0.01221767373182222,31,49827,0.07104106550034385,0.07294271769143178,1320,49797,0.046751994180827504,0.04871282054419498,572,49827,0.88975,0.9720961374812424,0.29117,0.38835901475718804,0.29973,False,/data/suehara/part/march/datasets/20250711_ilc_nnqq_sgv_10m_3cat_parquet,val50k_tail,150000,proxy
78,78,9480000,,lr_14e-6,1.337720832e-05,validation_total_reference_mistag_geomean_percent,0.4107268406130401,min,1.014375860202375,1.014375860202375,0.5528798218870853,0.30512333950654213,0.4107268406130401,,0.18471299305511163,0.07416018926781116,3.2545625908674127,0.19441994351806352,0.5140046180102399,0.060129881130447635,2.7226182101888594,1.1103984555810544,0.01826550533223306,0.02026579793614606,92,49807,0.01122756916424755,0.013228885573924178,37,49892,0.07857524246438208,0.08045226773696068,1621,49807,0.018747959158490254,0.02074445486141103,97,49892,0.03106412367021227,0.03305127362732549,256,49805,0.010019363735230434,0.012021242560695242,30,49892,0.07197893134185326,0.07387739264326232,1356,49805,0.04594352969747757,0.0479033076839417,554,49892,0.88945,0.9720392679937078,0.29167,0.38835901475718804,0.29804,False,/data/suehara/part/march/datasets/20250711_ilc_nnqq_sgv_10m_3cat_parquet,val50k_tail,150000,proxy
78,78,9480000,,lr_3e-6,8.918138879999999e-06,validation_total_reference_mistag_geomean_percent,0.415316658791273,min,1.0056463157736377,1.0056463157736377,0.5683888079284408,0.3034681975850281,0.415316658791273,,0.18272725559253697,0.07422564360075193,3.1806590151148764,0.1965976510996461,0.5134891184434861,0.06620125375089257,2.689800472057192,1.141470116529719,0.018163138636706315,0.020163751975348476,91,49801,0.011237476685171553,0.013240556961768346,37,49848,0.07770057045340222,0.07958078976094407,1584,49801,0.01886568699276188,0.020863857561604714,98,49848,0.03103304237448267,0.033018220121656776,256,49855,0.010561994572273248,0.01256539679691947,33,49848,0.07151430103456806,0.07341217489443587,1341,49855,0.04660850400012642,0.048568765186148,569,49848,0.88923,0.9720128133298161,0.2917,0.38835901475718804,0.29898,False,/data/suehara/part/march/datasets/20250711_ilc_nnqq_sgv_10m_3cat_parquet,val50k_tail,150000,proxy
78,78,9480000,,lr_6e-6,1.0032906239999999e-05,validation_total_reference_mistag_geomean_percent,0.41495648469139856,min,1.0046429822919503,1.0046429822919503,0.5674929788718176,0.30342028993866377,0.41495648469139856,,0.18272725559253697,0.07422564360075193,3.1786510049295984,0.1965976510996461,0.5134891184434861,0.06620125375089257,2.6918062376785308,1.1334456932401593,0.018163138636706315,0.020163751975348476,91,49801,0.011237476685171553,0.013240556961768346,37,49848,0.07767652190746183,0.07955682185400575,1583,49801,0.01886568699276188,0.020863857561604714,98,49848,0.03103304237448267,0.033018220121656776,256,49855,0.010561994572273248,0.01256539679691947,33,49848,0.07154060244974024,0.07343839584519583,1342,49855,0.04644277516095488,0.04840335829502593,565,49848,0.88923,0.9720171696239565,0.29169,0.38835901475718804,0.29897,False,/data/suehara/part/march/datasets/20250711_ilc_nnqq_sgv_10m_3cat_parquet,val50k_tail,150000,proxy
78,78,9480000,,lr_9e-6,1.1147673599999999e-05,validation_total_reference_mistag_geomean_percent,0.40925939558256197,min,1.0136233894688866,1.0136233894688866,0.5528798218870853,0.3029469447825338,0.40925939558256197,,0.18471299305511163,0.07215585523802008,3.2505471590292974,0.19441994351806352,0.5140046180102399,0.060129881130447635,2.7226182101888594,1.1103984555810544,0.01826550533223306,0.02026579793614606,92,49807,0.011062396053525063,0.013063792808314285,36,49892,0.07852775108657603,0.08040493759830583,1619,49807,0.018747959158490254,0.02074445486141103,97,49892,0.03106412367021227,0.03305127362732549,256,49805,0.010019363735230434,0.012021242560695242,30,49892,0.07197893134185326,0.07387739264326232,1356,49805,0.04594352969747757,0.0479033076839417,554,49892,0.88947,0.9720353801291187,0.29169,0.38835901475718804,0.29805,False,/data/suehara/part/march/datasets/20250711_ilc_nnqq_sgv_10m_3cat_parquet,val50k_tail,150000,proxy
79,79,9600000,,lr_14e-6,1.337720832e-05,validation_total_reference_mistag_geomean_percent,0.41629713284755077,min,0.9945940333147686,0.9945940333147686,0.5588677174435203,0.310097179364463,0.41629713284755077,,0.19242719589156662,0.07622256878430865,3.142977329101117,0.20058570683598267,0.4903438489852278,0.06619328341795225,2.656698910936273,1.1313034225657195,0.018647451328235223,0.02064414697111525,96,49889,0.01139921486998538,0.01340197396857511,38,49854,0.07718053968850877,0.07905895310162461,1568,49889,0.019064238825479765,0.021062008930372925,100,49854,0.030334549621137755,0.03232440759133315,244,49761,0.010560723744294266,0.012563885181085315,33,49854,0.0711449284101405,0.07304771772643354,1322,49761,0.04639569382759636,0.04835612694740563,564,49854,0.88947,0.9720650168340338,0.29138,0.38835901475718804,0.29807,False,/data/suehara/part/march/datasets/20250711_ilc_nnqq_sgv_10m_3cat_parquet,val50k_tail,150000,proxy
79,79,9600000,,lr_3e-6,8.918138879999999e-06,validation_total_reference_mistag_geomean_percent,0.4146350608838182,min,0.9905811332991065,0.9905811332991065,0.5565785865303825,0.3088912111870167,0.4146350608838182,,0.19042274919589858,0.07622256878430865,3.1269418959387414,0.20058570683598267,0.4843150388924131,0.06619328341795225,2.6506702663623103,1.1292975569652437,0.018545284828463765,0.020542060826119465,95,49889,0.01139921486998538,0.01340197396857511,38,49854,0.07698716012835144,0.07886621637967217,1560,49889,0.019064238825479765,0.021062008930372925,100,49854,0.030142375082525298,0.03213247535880752,241,49761,0.010560723744294266,0.012563885181085315,33,49854,0.07106520259570655,0.07296823421808658,1319,49761,0.04635413381733882,0.04831464740478828,563,49854,0.88955,0.9720571692365184,0.29139,0.38835901475718804,0.29907,False,/data/suehara/part/march/datasets/20250711_ilc_nnqq_sgv_10m_3cat_parquet,val50k_tail,150000,proxy
79,79,9600000,,lr_6e-6,1.0032906239999999e-05,validation_total_reference_mistag_geomean_percent,0.4077770549523231,min,0.9823534343387461,0.9823534343387461,0.5516851335043046,0.3014076625363559,0.4077770549523231,,0.1747724912109726,0.07622256878430865,3.1197895703458136,0.19857985827671615,0.4992881623923778,0.06418742728768002,2.6247718854313664,1.1012155109807331,0.01774683780878194,0.019748654904224894,87,49779,0.01139921486998538,0.01340197396857511,38,49854,0.07698462301298191,0.07886811881573676,1553,49779,0.01896408295554706,0.020961933528080515,99,49854,0.03058474425413531,0.03256985461010829,249,49871,0.010385601219375429,0.012388843123806757,32,49854,0.07064459782224024,0.0725444706201419,1309,49871,0.04576824067026794,0.0477298808046811,549,49854,0.88994,0.9721226640527457,0.29066,0.38835901475718804,0.29925,False,/data/suehara/part/march/datasets/20250711_ilc_nnqq_sgv_10m_3cat_parquet,val50k_tail,150000,proxy
79,79,9600000,,lr_9e-6,1.1147673599999999e-05,validation_total_reference_mistag_geomean_percent,0.41784080295007875,min,1.0052630213331843,1.0052630213331843,0.5582587362770258,0.312741969385552,0.41784080295007875,,0.17865745638627348,0.08229957386462101,3.17769388452361,0.20474526903027235,0.5033086074480857,0.062226505696095225,2.672949610050398,1.1602232636661185,0.01794686390703844,0.019947038246743792,89,49816,0.01188464616379227,0.013888608524721376,41,49818,0.07765350253329945,0.07953327474304467,1583,49816,0.01927696240466832,0.02127600914294918,102,49818,0.030711236295901615,0.03269622522323956,251,49870,0.010215111850989165,0.012219880051696686,31,49818,0.07128234174726238,0.07318032054579697,1333,49870,0.04700734011697863,0.04896802888180764,578,49818,0.88913,0.9719585822441211,0.29192,0.38835901475718804,0.29924,False,/data/suehara/part/march/datasets/20250711_ilc_nnqq_sgv_10m_3cat_parquet,val50k_tail,150000,proxy
80,80,9720000,,lr_14e-6,1.337720832e-05,validation_total_reference_mistag_geomean_percent,0.41368463977509695,min,1.0004635689971018,1.0004635689971018,0.5721595157618338,0.29910361790974405,0.41368463977509695,,0.1665195493280117,0.08030032635730783,3.171896271112529,0.18870575769093442,0.5095592509970407,0.06825527372389426,2.6601399824791043,1.1583321402879923,0.017290063028487585,0.01928960081398394,83,49844,0.011728750647233867,0.013732994421144475,40,49813,0.07756248676562827,0.07944143565452311,1581,49844,0.018470692905484563,0.020470584270982608,94,49813,0.030913331139966437,0.03289898515812951,254,49847,0.010742059425009531,0.012746786799854873,34,49813,0.07112976132721723,0.07302912980625444,1326,49847,0.04697096314680432,0.04893192463705648,577,49813,0.88928,0.9720229935625303,0.29146,0.38835901475718804,0.29783,False,/data/suehara/part/march/datasets/20250711_ilc_nnqq_sgv_10m_3cat_parquet,val50k_tail,150000,proxy
80,80,9720000,,lr_3e-6,8.918138879999999e-06,validation_total_reference_mistag_geomean_percent,0.420446396183512,min,1.018960226797184,1.018960226797184,0.5693766579054941,0.310471406948762,0.420446396183512,,0.17843896617359614,0.08232105169967045,3.3161578190756997,0.19074389186460536,0.503793518455312,0.06826624000266665,2.6654890727698732,1.1464712543360478,0.017924931450557027,0.019922668370247424,89,49877,0.011887747261803886,0.013892231819804797,41,49805,0.07924469758525121,0.08111661876300247,1654,49877,0.01857653729809398,0.020576668049360355,95,49805,0.030740756302980767,0.032727638124433606,251,49822,0.01074378442964671,0.01274883337000212,34,49805,0.07121793211292728,0.07311803892538944,1328,49822,0.04673123470563551,0.04869298745679689,571,49805,0.88913,0.9719745395652616,0.29207,0.38835901475718804,0.29852,False,/data/suehara/part/march/datasets/20250711_ilc_nnqq_sgv_10m_3cat_parquet,val50k_tail,150000,proxy
80,80,9720000,,lr_6e-6,1.0032906239999999e-05,validation_total_reference_mistag_geomean_percent,0.39982686030549014,min,0.9872213023996884,0.9872213023996884,0.536740815221568,0.29783745466749095,0.39982686030549014,,0.1784425420786879,0.07416167299029516,3.189911010823373,0.18640637431524043,0.49259102835818347,0.058126717521395026,2.60570596566751,1.1124251074428226,0.017925290566822853,0.019923067396323754,89,49876,0.011227794141163705,0.01322915060422605,37,49891,0.07775344151133533,0.07963046254390732,1591,49876,0.018338586773472793,0.020335443729863435,93,49891,0.030412976923556868,0.0324037046959315,245,49737,0.009835944738413968,0.01183794398814371,29,49891,0.07048424209533527,0.07239000002634832,1296,49737,0.04598632224177921,0.047946058268128096,555,49891,0.88957,0.9721316086079103,0.29087,0.38835901475718804,0.29837,False,/data/suehara/part/march/datasets/20250711_ilc_nnqq_sgv_10m_3cat_parquet,val50k_tail,150000,proxy
80,80,9720000,,lr_9e-6,1.1147673599999999e-05,validation_total_reference_mistag_geomean_percent,0.4090586121040691,min,1.0140752267388653,1.0140752267388653,0.5495927902384038,0.30445986757563337,0.4090586121040691,,0.18703241183569047,0.07410819579472175,3.2579841235663656,0.19027780745706904,0.5175215097641359,0.05808480253542432,2.7059553748172034,1.1216375881403118,0.018400128303166608,0.020403666466305776,93,49724,0.011219700648248846,0.013219616198722767,37,49927,0.07868049285322809,0.08056051360447736,1620,49724,0.01853118132546254,0.020526443390612492,95,49927,0.031158456793941008,0.03314355241261771,258,49853,0.009828854057407821,0.011829411467926414,29,49927,0.07172725457245989,0.07362455647364381,1349,49853,0.04616199087578415,0.04811994482583678,560,49927,0.88923,0.9719002667152784,0.292,0.38835901475718804,0.29751,False,/data/suehara/part/march/datasets/20250711_ilc_nnqq_sgv_10m_3cat_parquet,val50k_tail,150000,proxy
81,81,9840000,,lr_14e-6,1.337720832e-05,validation_total_reference_mistag_geomean_percent,0.41736617073675775,min,0.9946551411272962,0.9946551411272962,0.558830614179616,0.31171255843094503,0.41736617073675775,,0.17822455750347252,0.07848503946000147,3.1639866710012807,0.21331830661407836,0.48720829187832787,0.06641041800461663,2.6184939324765706,1.1511139120800216,0.0179034107750385,0.01989875602062504,89,49937,0.011598091321955077,0.013607328823463072,39,49691,0.07739630148319299,0.0792720679687095,1580,49937,0.019719317194019148,0.021723127935903634,106,49691,0.03020098470335646,0.032186380445821824,243,49876,0.010595356956534963,0.01260508043651672,33,49691,0.07055763082373552,0.07245756490698897,1306,49876,0.04687925072033947,0.04884531713409603,572,49691,0.88911,0.9720587788684522,0.29177,0.38835901475718804,0.29736,False,/data/suehara/part/march/datasets/20250711_ilc_nnqq_sgv_10m_3cat_parquet,val50k_tail,150000,proxy
81,81,9840000,,lr_3e-6,8.918138879999999e-06,validation_total_reference_mistag_geomean_percent,0.4243409980391611,min,1.006525605212276,1.006525605212276,0.5727086142856297,0.31440994272711686,0.4243409980391611,,0.17903122949784275,0.08202296342598864,3.1984228480109205,0.2080582573279613,0.5059631481321069,0.0700196075414673,2.6723686658494255,1.1363181219124947,0.01798438096457832,0.019988724648531127,89,49712,0.011844715503390373,0.013841953866707609,41,49986,0.07798183525986845,0.0798647060214,1590,49712,0.019408581839110803,0.021400777479724895,104,49986,0.030813438434355335,0.0328008714001243,252,49806,0.010874441416071736,0.01287216003869404,35,49986,0.07131987408234876,0.073220315032781,1331,49806,0.04643926081702287,0.04839431640471185,568,49986,0.88948,0.971911746810021,0.29201,0.38835901475718804,0.29793,False,/data/suehara/part/march/datasets/20250711_ilc_nnqq_sgv_10m_3cat_parquet,val50k_tail,150000,proxy
81,81,9840000,,lr_6e-6,1.0032906239999999e-05,validation_total_reference_mistag_geomean_percent,0.39807794946821223,min,0.9781378390524311,0.9781378390524311,0.5336581461064072,0.29694300557199715,0.39807794946821223,,0.18495437269096307,0.07420480744251029,3.1040168424742003,0.18250370487867693,0.5070140319320743,0.056154986116515974,2.6352704262510507,1.080983540633458,0.018289354761105714,0.020292251475637568,92,49742,0.011234322396028586,0.013236841105080895,37,49862,0.07682163787161057,0.0787071688316928,1544,49742,0.018140935615352724,0.020139110466034026,91,49862,0.03081811303809641,0.03280176009815318,253,49900,0.0096547642894444,0.01165800697489188,28,49862,0.07076365487123197,0.0726620027784456,1315,49900,0.04533777081418538,0.04729990772875132,539,49862,0.89012,0.9722107143719377,0.29026,0.38835901475718804,0.29843,False,/data/suehara/part/march/datasets/20250711_ilc_nnqq_sgv_10m_3cat_parquet,val50k_tail,150000,proxy
81,81,9840000,,lr_9e-6,1.1147673599999999e-05,validation_total_reference_mistag_geomean_percent,0.42426689935608686,min,1.0067788672671882,1.0067788672671882,0.5724186366179906,0.31445936657955875,0.42426689935608686,,0.17903122949784275,0.08202296342598864,3.2004344339710173,0.2080582573279613,0.5059631481321069,0.0700196075414673,2.676384296130553,1.132317002110568,0.01798438096457832,0.019988724648531127,89,49712,0.011844715503390373,0.013841953866707609,41,49986,0.07800586626997286,0.07988865610350782,1591,49712,0.019408581839110803,0.021400777479724895,104,49986,0.030813438434355335,0.0328008714001243,252,49806,0.010874441416071736,0.01287216003869404,35,49986,0.07137272972514187,0.07327300942994823,1333,49806,0.0463566214877531,0.04831183716187716,566,49986,0.88953,0.9719195038128658,0.29196,0.38835901475718804,0.29792,False,/data/suehara/part/march/datasets/20250711_ilc_nnqq_sgv_10m_3cat_parquet,val50k_tail,150000,proxy
82,82,9960000,,lr_14e-6,1.337720832e-05,validation_total_reference_mistag_geomean_percent,0.41098344685359867,min,1.0077366483940884,1.0077366483940884,0.5594491010845529,0.30191735630680144,0.41098344685359867,,0.17640573318632854,0.07418397626112759,3.2314323061379757,0.19648728607092947,0.5066039554625119,0.06415911460421846,2.6938462777930323,1.1187745376365819,0.01781591047670505,0.01981340854296861,88,49885,0.011231169877166741,0.013233127333458768,37,49876,0.07824072154413095,0.08011573929282631,1612,49885,0.018855104891425233,0.02085215815090455,98,49876,0.030852373598278318,0.03284229785269002,252,49743,0.010381021317923216,0.012383380757560552,32,49876,0.0716468107676952,0.07354879507252172,1340,49743,0.046125512817236924,0.048085583608948115,558,49876,0.88941,0.9720574899561244,0.29162,0.38835901475718804,0.2976,False,/data/suehara/part/march/datasets/20250711_ilc_nnqq_sgv_10m_3cat_parquet,val50k_tail,150000,proxy
82,82,9960000,,lr_3e-6,8.918138879999999e-06,validation_total_reference_mistag_geomean_percent,0.3934127809085126,min,0.9914989534207546,0.9914989534207546,0.5312026075817002,0.2913645640535844,0.3934127809085126,,0.16483738154451139,0.07217900322312026,3.180155279806389,0.19047238173715833,0.4911591208359658,0.0541342524173402,2.648249821896956,1.1308043859045964,0.01721384586970552,0.01921739030961707,82,49746,0.011065943826192928,0.013067981679154008,36,49876,0.07773696093858924,0.07961927926176948,1582,49746,0.018550114640648332,0.02054740909013487,95,49876,0.030324768810517135,0.03230976734165756,245,49882,0.009461865041049334,0.011464626464031978,27,49876,0.07094810230842581,0.07284661483294534,1321,49882,0.046375338826574845,0.04833492723827163,564,49876,0.88964,0.9723073262845014,0.29035,0.38835901475718804,0.29825,False,/data/suehara/part/march/datasets/20250711_ilc_nnqq_sgv_10m_3cat_parquet,val50k_tail,150000,proxy
82,82,9960000,,lr_6e-6,1.0032906239999999e-05,validation_total_reference_mistag_geomean_percent,0.4119202841359005,min,0.9935638201757726,0.9935638201757726,0.5637423001458612,0.3009856106925076,0.4119202841359005,,0.1848614453087008,0.07215296357816693,3.132597903841921,0.19641640757939077,0.5096001416454495,0.06614021467150145,2.660353523052392,1.126387961728659,0.01828017453704405,0.020282068868567146,92,49767,0.011061952741885648,0.013063269388271712,36,49894,0.07714868108705149,0.07903211631023685,1559,49767,0.018848308378542754,0.020844644027294197,98,49894,0.030915806215822943,0.03290161794263251,254,49843,0.010552259366753509,0.012553817029154141,33,49894,0.07113539476884499,0.07303490710693882,1326,49843,0.046275605408862934,0.048234663914026484,562,49894,0.88974,0.9721024954836478,0.29111,0.38835901475718804,0.29828,False,/data/suehara/part/march/datasets/20250711_ilc_nnqq_sgv_10m_3cat_parquet,val50k_tail,150000,proxy
82,82,9960000,,lr_9e-6,1.1147673599999999e-05,validation_total_reference_mistag_geomean_percent,0.3978192633416193,min,1.000939204765748,1.000939204765748,0.5356092152988573,0.2954769293828584,0.3978192633416193,,0.1722997995479444,0.07218189697056314,3.2175985989777587,0.19047999936754687,0.5068688635366803,0.05413642392044853,2.671118530884808,1.122829524920233,0.017591917604300664,0.01958845966457813,86,49913,0.0110663874577846,0.013068505476897025,36,49874,0.07805481377282514,0.07992933400275681,1606,49913,0.018550857911971468,0.020548232147174494,95,49874,0.030868470776444605,0.0328594250031693,252,49717,0.009462244395141333,0.01146508604230772,27,49874,0.07136636031749265,0.0732702535339979,1328,49717,0.04621078481322795,0.048170771598975495,560,49874,0.88944,0.9721972134071729,0.29098,0.38835901475718804,0.29865,False,/data/suehara/part/march/datasets/20250711_ilc_nnqq_sgv_10m_3cat_parquet,val50k_tail,150000,proxy
83,83,10080000,,lr_14e-6,1.337720832e-05,validation_total_reference_mistag_geomean_percent,0.39865599409243413,min,0.9937235874906306,0.9937235874906306,0.5433114577149121,0.29251472496871084,0.39865599409243413,,0.18520756326012788,0.06803538039102737,3.1908040419886072,0.18209468234402892,0.48539795470117797,0.06003121447279887,2.649631014138023,1.1285868486292534,0.018314371682852815,0.020319999964554022,92,49674,0.010707461076050931,0.012705738799776909,34,49974,0.07792017291442209,0.0798047907687803,1585,49674,0.01810031042665781,0.020094023495622716,91,49974,0.030149136383176862,0.032135401182659895,242,49856,0.010002927170429703,0.012001525220805588,30,49974,0.07098461868919777,0.07288406587065317,1321,49856,0.046284883099588676,0.048240717542203,564,49974,0.88953,0.972026580937384,0.29128,0.38835901475718804,0.29811,False,/data/suehara/part/march/datasets/20250711_ilc_nnqq_sgv_10m_3cat_parquet,val50k_tail,150000,proxy
83,83,10080000,,lr_3e-6,8.918138879999999e-06,validation_total_reference_mistag_geomean_percent,0.4025569602508368,min,0.9956036664044167,0.9956036664044167,0.5436678664014651,0.29807188590897576,0.4025569602508368,,0.18042580445802825,0.07221085357689218,3.1795036125154628,0.19055643082594537,0.5063494565334965,0.05816985783107806,2.6643626152961595,1.1132507001982705,0.018028694995797727,0.020026152013022033,90,49882,0.011070825730847514,0.013073745764717776,36,49854,0.07762438838235138,0.07950160091453329,1586,49882,0.018558293902488962,0.02055646634558351,95,49854,0.030836911366718175,0.03282584626749961,252,49768,0.009843243051559477,0.011846726358911618,29,49854,0.07124118722045651,0.07314340094214354,1326,49768,0.04602027153876812,0.0479814288673398,555,49854,0.88941,0.972123738539057,0.2911,0.38835901475718804,0.29833,False,/data/suehara/part/march/datasets/20250711_ilc_nnqq_sgv_10m_3cat_parquet,val50k_tail,150000,proxy
83,83,10080000,,lr_6e-6,1.0032906239999999e-05,validation_total_reference_mistag_geomean_percent,0.4056430250051288,min,1.0068333314808777,1.0068333314808777,0.5547342803665265,0.2966217693029387,0.4056430250051288,,0.18919952917216776,0.06808851307221322,3.192238791502642,0.18824472365573458,0.5111654425454442,0.06007810153199159,2.70617018860523,1.1394813617615989,0.018518983927693168,0.02052408820573087,94,49683,0.01071582157176962,0.012715657821566579,34,49935,0.07793036785811273,0.07981458656860577,1586,49683,0.018425602160128784,0.020420626001920905,94,49935,0.030951573463183172,0.032935610769204995,255,49886,0.010010737830832065,0.012010894907829334,30,49935,0.07170664058378518,0.07360267882750501,1350,49886,0.046527739060970436,0.04848466467272418,569,49935,0.88954,0.9720534013019811,0.29127,0.38835901475718804,0.29779,False,/data/suehara/part/march/datasets/20250711_ilc_nnqq_sgv_10m_3cat_parquet,val50k_tail,150000,proxy
83,83,10080000,,lr_9e-6,1.1147673599999999e-05,validation_total_reference_mistag_geomean_percent,0.3978909999185325,min,0.9917911897975276,0.9917911897975276,0.5433273883694251,0.29138462592746167,0.3978909999185325,,0.18105373850443027,0.06808306366472881,3.1744755425976776,0.1842247442931539,0.48539795470117797,0.060073290587823604,2.6556482011737796,1.125372982857449,0.01809139093389867,0.02009577420757703,90,49709,0.010714963484213162,0.012714639773306693,34,49939,0.07769742633753976,0.07958137421735997,1578,49709,0.018217263552979805,0.020212288592859687,92,49939,0.030149136383176862,0.032135401182659895,242,49856,0.010009936176135013,0.012009933241036391,30,49939,0.0710641335969972,0.07296333939489918,1324,49856,0.046234129222883814,0.04819146310534265,562,49939,0.8895,0.972019396211563,0.29126,0.38835901475718804,0.29864,False,/data/suehara/part/march/datasets/20250711_ilc_nnqq_sgv_10m_3cat_parquet,val50k_tail,150000,proxy
84,84,10200000,,lr_14e-6,1.337720832e-05,validation_total_reference_mistag_geomean_percent,0.4125818948098067,min,1.0038263346518355,1.0038263346518355,0.5797838216902051,0.2935987751928094,0.4125818948098067,,0.17886570279625041,0.06806397781273849,3.1110576271492185,0.19618441430738065,0.5101118687408435,0.06806397781273849,2.687124611426635,1.2111384971688788,0.01796776755346259,0.019970264962572988,89,49758,0.010711961259689056,0.012711077887781233,34,49953,0.07689486650615807,0.0787795081782821,1548,49758,0.018826065230203377,0.02082005232179368,98,49953,0.0309467781379069,0.032934563338408565,254,49793,0.010711961259689056,0.012711077887781233,34,49953,0.07152310219980633,0.07342344663101401,1338,49793,0.047973270498212484,0.04992662204282711,605,49953,0.88936,0.9718969386887023,0.29223,0.38835901475718804,0.29629,False,/data/suehara/part/march/datasets/20250711_ilc_nnqq_sgv_10m_3cat_parquet,val50k_tail,150000,proxy
84,84,10200000,,lr_3e-6,8.918138879999999e-06,validation_total_reference_mistag_geomean_percent,0.4126098145645245,min,1.001654255609565,1.001654255609565,0.5581412101625044,0.3050247069651127,0.4126098145645245,,0.184413087116049,0.07428973140344475,3.2111931169259353,0.19676738945615507,0.5119351282204708,0.06425057725127999,2.6620625419780772,1.1083224725251077,0.018235872183390674,0.020232929126391665,92,49888,0.011247175943515587,0.013251983005719073,37,49805,0.07799794524450329,0.07987366161193929,1602,49888,0.018881961224216516,0.02088185009733088,98,49805,0.0309980678761727,0.032985061567864134,255,49811,0.0103958164470906,0.012401026639547287,32,49805,0.07118049443736625,0.07308115843011435,1326,49811,0.045939348208419786,0.04790263285454344,552,49805,0.88928,0.9719351724147738,0.29193,0.38835901475718804,0.29886,False,/data/suehara/part/march/datasets/20250711_ilc_nnqq_sgv_10m_3cat_parquet,val50k_tail,150000,proxy
84,84,10200000,,lr_6e-6,1.0032906239999999e-05,validation_total_reference_mistag_geomean_percent,0.41241557199126416,min,0.9939678285794586,0.9939678285794586,0.5540567472353881,0.3069840857810566,0.41241557199126416,,0.18696848809547992,0.0761080753250689,3.116141483074798,0.2002844004257755,0.4996588556595385,0.06208816473918234,2.6748806377983825,1.1356125235174426,0.018393844719717774,0.020396700716790145,93,49741,0.01138209683009012,0.013381852164619908,38,49929,0.07696947967042143,0.07885456102567252,1550,49741,0.01903562650704502,0.02103040782473562,100,49929,0.030607400531505995,0.032593969855577914,249,49834,0.010192407423595949,0.012192724340672086,31,49929,0.07133315680235564,0.07323242917704822,1333,49834,0.046450643262872446,0.048407959002113796,567,49929,0.88929,0.9719445155503251,0.29181,0.38835901475718804,0.29818,False,/data/suehara/part/march/datasets/20250711_ilc_nnqq_sgv_10m_3cat_parquet,val50k_tail,150000,proxy
84,84,10200000,,lr_9e-6,1.1147673599999999e-05,validation_total_reference_mistag_geomean_percent,0.4073171922692441,min,0.9887116164030733,0.9887116164030733,0.5572882104004574,0.2977046562655298,0.4073171922692441,,0.18460922034266508,0.07217321642423473,3.128323509587937,0.1884522827179917,0.5061359015364255,0.06415396952686447,2.6411455872262954,1.1246992438621721,0.018255250889103465,0.020254423807861265,92,49835,0.011065056669707338,0.013066934209623635,36,49880,0.07704504811446057,0.07892608497667153,1559,49835,0.018445902672474535,0.02044311795342383,94,49880,0.030823935064196607,0.032812039667792864,252,49789,0.010380189042512311,0.012382388117529779,32,49880,0.07091936271783617,0.07282170673733462,1315,49789,0.046246909212745504,0.04820658527063294,561,49880,0.88968,0.9720808228422536,0.29123,0.38835901475718804,0.2978,False,/data/suehara/part/march/datasets/20250711_ilc_nnqq_sgv_10m_3cat_parquet,val50k_tail,150000,proxy
85,85,10320000,,lr_14e-6,1.337720832e-05,validation_total_reference_mistag_geomean_percent,0.39937279722874436,min,0.9977951789950987,0.9977951789950987,0.5496757027806294,0.2901686037048034,0.39937279722874436,,0.17648710095161277,0.06814446660193275,3.1968232739426843,0.18439090060616933,0.5085631461509105,0.06012747141376185,2.669454136832131,1.1183709354615874,0.017824122294136373,0.01982253847028271,88,49862,0.010724624899812981,0.01272610222354209,34,49894,0.07784676345469928,0.07972403424738664,1594,49862,0.01823368095980242,0.020230498640583044,92,49894,0.03091205576716922,0.03290170126121665,253,49748,0.010018962200762942,0.012020760879178142,30,49894,0.07132247434812576,0.07322524811047733,1328,49748,0.04610896065874934,0.048068340518598804,558,49894,0.88912,0.9718681620064363,0.29197,0.38835901475718804,0.29715,False,/data/suehara/part/march/datasets/20250711_ilc_nnqq_sgv_10m_3cat_parquet,val50k_tail,150000,proxy
85,85,10320000,,lr_3e-6,8.918138879999999e-06,validation_total_reference_mistag_geomean_percent,0.40782287018985314,min,0.998016535716592,0.998016535716592,0.5412824517311877,0.30726932476371427,0.40782287018985314,,0.1767139277194304,0.08010092403534219,3.2089642997457926,0.1962472739607872,0.5083485876952121,0.05807317020954121,2.664308998212133,1.0913751041544977,0.017847012459372945,0.019847987823365994,88,49798,0.011699635832037626,0.013698910896030227,40,49937,0.07804100224294216,0.07992019804143394,1598,49798,0.01883209208072161,0.020826715522927412,98,49937,0.0308990427545547,0.03288785735891904,253,49769,0.009826886237746413,0.011827043505870983,29,49937,0.07123977458522238,0.07314195223810244,1326,49769,0.04552403084315364,0.04748280471745074,545,49937,0.8898,0.9721081264831414,0.29112,0.38835901475718804,0.29794,False,/data/suehara/part/march/datasets/20250711_ilc_nnqq_sgv_10m_3cat_parquet,val50k_tail,150000,proxy
85,85,10320000,,lr_6e-6,1.0032906239999999e-05,validation_total_reference_mistag_geomean_percent,0.3997810418749062,min,1.0005532033702638,1.0005532033702638,0.5500253034102167,0.29057732517332174,0.3997810418749062,,0.17648710095161277,0.06814446660193275,3.214873104956635,0.18439090060616933,0.5085631461509105,0.06012747141376185,2.671464236412519,1.1203751998685694,0.017824122294136373,0.01982253847028271,88,49862,0.010724624899812981,0.01272610222354209,34,49894,0.07806182946569415,0.07993837628198566,1603,49862,0.01823368095980242,0.020230498640583044,92,49894,0.03091205576716922,0.03290170126121665,253,49748,0.010018962200762942,0.012020760879178142,30,49894,0.07134896945396527,0.07325166240540332,1329,49748,0.04615067954218278,0.048109979063360765,559,49894,0.88906,0.9718560119404787,0.29204,0.38835901475718804,0.29717,False,/data/suehara/part/march/datasets/20250711_ilc_nnqq_sgv_10m_3cat_parquet,val50k_tail,150000,proxy
85,85,10320000,,lr_9e-6,1.1147673599999999e-05,validation_total_reference_mistag_geomean_percent,0.42206525676334083,min,1.0052545853812909,1.0052545853812909,0.5647376590878492,0.31543687250188135,0.42206525676334083,,0.18659710275653257,0.08029065373469643,3.196227889253747,0.2067484229817327,0.5115859351337512,0.06623978981804192,2.670277778400274,1.1240691109715515,0.018357337185987494,0.02035622978000624,93,49840,0.011727338530105288,0.013731341314041025,40,49819,0.07785663170632937,0.07973475502129693,1593,49840,0.01937531947872706,0.021374245675864205,103,49819,0.030976973112398134,0.0329626254850523,255,49845,0.010568141221662742,0.012572708070798322,33,49819,0.0712648063074181,0.07316384422976427,1331,49845,0.04626152921026784,0.04822363000792952,560,49819,0.88932,0.9719486320116149,0.29203,0.38835901475718804,0.29885,False,/data/suehara/part/march/datasets/20250711_ilc_nnqq_sgv_10m_3cat_parquet,val50k_tail,150000,proxy
86,86,10440000,,lr_14e-6,1.337720832e-05,validation_total_reference_mistag_geomean_percent,0.40959942303417035,min,1.0068799207409171,1.0068799207409171,0.5633972751062594,0.297785762840764,0.40959942303417035,,0.17216527572241586,0.07245355856908821,3.2290999375413847,0.19522208716766282,0.5173969759403617,0.06440316380542194,2.6732178233420956,1.1310805438389067,0.01757819278454481,0.01957318146275568,86,49952,0.011108024747596154,0.013117666771453772,36,49687,0.07816120502600957,0.08003380126904089,1613,49952,0.018825245121206997,0.02082994556838601,97,49687,0.031150976272196953,0.033135599182724115,258,49865,0.010420499044219517,0.01243046510589214,32,49687,0.07128939506524726,0.07318755342213337,1333,49865,0.046467358266873496,0.04843438931805971,562,49687,0.88901,0.9720039046998205,0.29172,0.38835901475718804,0.2971,False,/data/suehara/part/march/datasets/20250711_ilc_nnqq_sgv_10m_3cat_parquet,val50k_tail,150000,proxy
86,86,10440000,,lr_3e-6,8.918138879999999e-06,validation_total_reference_mistag_geomean_percent,0.4142098562478501,min,1.0030765891444544,1.0030765891444544,0.563723650244046,0.30435090835481005,0.4142098562478501,,0.1727566805875119,0.07817040786307278,3.169884165682265,0.20043695108532192,0.5117193938730005,0.06413982481810347,2.679001563391339,1.1485037258550206,0.017638530291936995,0.019640347949956588,86,49781,0.011551611861853998,0.013552807628249496,39,49891,0.07758682133427522,0.0794682289076025,1578,49781,0.019050112673197783,0.021046407191254543,100,49891,0.030985035366363784,0.032971200382433175,255,49832,0.010377900973090805,0.012379659177820274,32,49891,0.0713887682532853,0.07328795146742742,1335,49832,0.04673353848533776,0.04869182824168497,573,49891,0.88935,0.9719278658733961,0.29191,0.38835901475718804,0.29761,False,/data/suehara/part/march/datasets/20250711_ilc_nnqq_sgv_10m_3cat_parquet,val50k_tail,150000,proxy
86,86,10440000,,lr_6e-6,1.0032906239999999e-05,validation_total_reference_mistag_geomean_percent,0.4117377772435238,min,1.0069281546574345,1.0069281546574345,0.5685785520945359,0.2981610836091662,0.4117377772435238,,0.17216527572241586,0.0723545351022392,3.2210922167034317,0.19696513324028864,0.5181035021159425,0.06632499148672748,2.668835584257266,1.1395839986311638,0.01757819278454481,0.01957318146275568,86,49952,0.01109284771249713,0.013099747200509342,36,49755,0.07806619251320146,0.07993910936510001,1609,49952,0.018900920090235113,0.020902810711300637,98,49755,0.03119341345187935,0.03318071802233553,258,49797,0.010581731589720197,0.012588873442262092,33,49755,0.07127968625513549,0.07318061257860185,1329,49797,0.04661220849608589,0.04857620946234504,567,49755,0.88909,0.972009988226311,0.29176,0.38835901475718804,0.29824,False,/data/suehara/part/march/datasets/20250711_ilc_nnqq_sgv_10m_3cat_parquet,val50k_tail,150000,proxy
86,86,10440000,,lr_9e-6,1.1147673599999999e-05,validation_total_reference_mistag_geomean_percent,0.411776489354612,min,1.0071791645731205,1.0071791645731205,0.568685474082427,0.2981610836091662,0.411776489354612,,0.17216527572241586,0.0723545351022392,3.2210922167034317,0.19696513324028864,0.5181035021159425,0.06632499148672748,2.6708436635827555,1.1395839986311638,0.01757819278454481,0.01957318146275568,86,49952,0.01109284771249713,0.013099747200509342,36,49755,0.07806619251320146,0.07993910936510001,1609,49952,0.018900920090235113,0.020902810711300637,98,49755,0.03119341345187935,0.03318071802233553,258,49797,0.010581731589720197,0.012588873442262092,33,49755,0.07130614557321266,0.07320699124472099,1330,49797,0.04661220849608589,0.04857620946234504,567,49755,0.8891,0.972013596438074,0.29175,0.38835901475718804,0.29824,False,/data/suehara/part/march/datasets/20250711_ilc_nnqq_sgv_10m_3cat_parquet,val50k_tail,150000,proxy
87,87,10560000,,lr_14e-6,1.337720832e-05,validation_total_reference_mistag_geomean_percent,0.40901046298836147,min,1.0133605293627315,1.0133605293627315,0.5534460503503252,0.3022689541791135,0.40901046298836147,,0.17877588494008487,0.07416613122860378,3.2380530524181332,0.19443554059524285,0.5257560370368558,0.0581302111051978,2.7010215483910187,1.136545829186714,0.017958751392952256,0.019960246817693116,89,49783,0.011228469126012188,0.013229945758851634,37,49888,0.07839844429085654,0.08027703768830677,1612,49783,0.018749461106512978,0.020746116259528612,97,49888,0.031417919630163674,0.03340348145441521,262,49833,0.009836536090325471,0.011838655587141428,29,49888,0.07167691028330918,0.07357517165460133,1346,49833,0.04648861229055966,0.0484474991849556,567,49888,0.88936,0.971854099208631,0.29222,0.38835901475718804,0.29889,False,/data/suehara/part/march/datasets/20250711_ilc_nnqq_sgv_10m_3cat_parquet,val50k_tail,150000,proxy
87,87,10560000,,lr_3e-6,8.918138879999999e-06,validation_total_reference_mistag_geomean_percent,0.4107894858090969,min,1.017627777515216,1.017627777515216,0.5542418450237864,0.30446636818636474,0.4107894858090969,,0.18480203995103378,0.07416613122860378,3.258140426145687,0.19243103800830116,0.5257560370368558,0.0581302111051978,2.7070415257179476,1.140554810928101,0.018274304028595208,0.020275557361358457,92,49783,0.011228469126012188,0.013229945758851634,37,49888,0.0786362531793934,0.08051403960358458,1622,49783,0.018647824805728665,0.020644560316741355,96,49888,0.031417919630163674,0.03340348145441521,262,49833,0.009836536090325471,0.011838655587141428,29,49888,0.07175565714206411,0.07365367690693667,1349,49833,0.04657133590220755,0.048530062080609504,569,49888,0.88921,0.9718444647895019,0.29222,0.38835901475718804,0.29691,False,/data/suehara/part/march/datasets/20250711_ilc_nnqq_sgv_10m_3cat_parquet,val50k_tail,150000,proxy
87,87,10560000,,lr_6e-6,1.0032906239999999e-05,validation_total_reference_mistag_geomean_percent,0.401424890341654,min,0.9694696049481949,0.9694696049481949,0.5524886880214906,0.29166559620047977,0.401424890341654,,0.1725383119510372,0.07424053661987876,2.995345367854884,0.1886111078174262,0.49175063104596056,0.06420803403025803,2.6594677290577975,1.1095951212083168,0.017616252553123258,0.019615548838826706,86,49844,0.011239730833516879,0.013243212422659996,37,49838,0.0754127903909392,0.07729882327376023,1493,49844,0.01846143502952115,0.02046032701772454,94,49838,0.030361206588083983,0.032348571835770765,245,49822,0.010388934595836256,0.012392818781553053,32,49838,0.07113849519128426,0.07303884371686331,1325,49822,0.0459510880926774,0.047913021715418995,553,49838,0.88994,0.9721176261275586,0.29065,0.38835901475718804,0.29969,False,/data/suehara/part/march/datasets/20250711_ilc_nnqq_sgv_10m_3cat_parquet,val50k_tail,150000,proxy
87,87,10560000,,lr_9e-6,1.1147673599999999e-05,validation_total_reference_mistag_geomean_percent,0.4096456333155527,min,1.0166242229661777,1.0166242229661777,0.5542818089788178,0.3027513120152085,0.4096456333155527,,0.1807845967639513,0.07416613122860378,3.256131704008804,0.19243103800830116,0.5277627477099022,0.0581302111051978,2.7070415257179476,1.136545829186714,0.018064519728482508,0.020065934455897504,90,49783,0.011228469126012188,0.013229945758851634,37,49888,0.07861250875717887,0.08049037587869665,1621,49783,0.018647824805728665,0.020644560316741355,96,49888,0.03147936708723731,0.0334648483760156,263,49833,0.009836536090325471,0.011838655587141428,29,49888,0.07175565714206411,0.07365367690693667,1349,49833,0.04648861229055966,0.0484474991849556,567,49888,0.88916,0.9718512953492234,0.29219,0.38835901475718804,0.2969,False,/data/suehara/part/march/datasets/20250711_ilc_nnqq_sgv_10m_3cat_parquet,val50k_tail,150000,proxy
88,88,10680000,,lr_14e-6,1.337720832e-05,validation_total_reference_mistag_geomean_percent,0.41295631901147384,min,0.9920080064534061,0.9920080064534061,0.5611650633311759,0.3038908381059796,0.41295631901147384,,0.18454625601670469,0.07625774783651687,3.1132149528470445,0.19465793240579335,0.49978925055024787,0.06421705364130761,2.6274060509198236,1.1759748074098113,0.018249030592715623,0.020247524313979318,92,49852,0.011404474723117178,0.01340815678479646,38,49831,0.07684934891415869,0.07873035045401593,1552,49852,0.018770890043813354,0.02076982013115283,97,49831,0.0306153688157864,0.032602451259465884,249,49821,0.01039039362098963,0.012394558934296689,32,49831,0.0707145785068114,0.07261625222067733,1309,49821,0.04732226837856693,0.04928181345824206,586,49831,0.88945,0.9719287500943082,0.29207,0.38835901475718804,0.29825,False,/data/suehara/part/march/datasets/20250711_ilc_nnqq_sgv_10m_3cat_parquet,val50k_tail,150000,proxy
88,88,10680000,,lr_3e-6,8.918138879999999e-06,validation_total_reference_mistag_geomean_percent,0.4157677953397301,min,1.0060657007428029,1.0060657007428029,0.5681321857033839,0.30426521149764546,0.4157677953397301,,0.180842724446859,0.07408445736661949,3.194888256789339,0.20022826315302564,0.51210990358634,0.0660753279710043,2.6649796378289583,1.1553170348002766,0.018070322952937267,0.020072378782903886,90,49767,0.011216107284466394,0.01321538309512312,37,49943,0.07789702345557883,0.07977795545288865,1590,49767,0.019030295050486756,0.021024519451407146,100,49943,0.031008626035501034,0.03299629106641748,255,49794,0.010541908977214971,0.012541505512299399,33,49943,0.07123097014612965,0.07313216585989844,1327,49794,0.04684937047514069,0.04880534848805719,577,49943,0.88944,0.9719919980241617,0.29184,0.38835901475718804,0.29867,False,/data/suehara/part/march/datasets/20250711_ilc_nnqq_sgv_10m_3cat_parquet,val50k_tail,150000,proxy
88,88,10680000,,lr_6e-6,1.0032906239999999e-05,validation_total_reference_mistag_geomean_percent,0.4106192583866796,min,1.0047860179169383,1.0047860179169383,0.5609785285373126,0.3005608357197793,0.4106192583866796,,0.1785499248322689,0.07425692988385481,3.1617382202956397,0.19467356769255265,0.5037025240618332,0.06221526283480291,2.687082468925125,1.1760692448094299,0.017936070749885825,0.019935045615623155,89,49846,0.01124221144142639,0.013246134660139793,37,49827,0.07743907487133966,0.0793183559452848,1576,49846,0.018772395668332553,0.020771485594857603,97,49827,0.030735216979718184,0.032721743608611284,251,49831,0.010213267183889985,0.01221767373182222,31,49827,0.0714956280873414,0.07339452508773013,1339,49831,0.047326046059798996,0.04928574465498936,586,49827,0.88913,0.9718882232734373,0.29235,0.38835901475718804,0.29858,False,/data/suehara/part/march/datasets/20250711_ilc_nnqq_sgv_10m_3cat_parquet,val50k_tail,150000,proxy
88,88,10680000,,lr_9e-6,1.1147673599999999e-05,validation_total_reference_mistag_geomean_percent,0.411987115615182,min,0.9839186022262421,0.9839186022262421,0.5521657075434986,0.30739573485654403,0.411987115615182,,0.1885997527390937,0.076098926746887,3.075780807439395,0.2022629400938009,0.5027348712558867,0.062080707041052535,2.632319904629816,1.1314709078640042,0.018460324708014213,0.02045909683805738,94,49841,0.01138072960762274,0.013380245030219368,38,49935,0.07640283905852793,0.07828575784254443,1533,49841,0.019132834770663167,0.02112729716485474,101,49935,0.030735676447458775,0.03272635653844263,250,49728,0.010191183032111806,0.012191259902308998,31,49935,0.07084511193275328,0.07275014441602001,1309,49728,0.04636229419205107,0.048319540631005034,565,49935,0.88986,0.9721170566219497,0.29098,0.38835901475718804,0.29822,False,/data/suehara/part/march/datasets/20250711_ilc_nnqq_sgv_10m_3cat_parquet,val50k_tail,150000,proxy
89,89,10800000,,lr_14e-6,1.337720832e-05,validation_total_reference_mistag_geomean_percent,0.4154497315931224,min,0.993791521799893,0.993791521799893,0.5633764889014498,0.3063643635845614,0.4154497315931224,,0.18070111237504832,0.0801699618850158,3.096012601171894,0.19641640757939077,0.5079913135469725,0.06413596825269571,2.6644446698604822,1.1604601397276453,0.018056184120491266,0.02005667798198271,90,49806,0.011709715713072784,0.013710711004772736,40,49894,0.07667566081991928,0.0785590903567876,1542,49806,0.018848308378542754,0.020844644027294197,98,49894,0.030877378729905237,0.03286481005904899,253,49804,0.010377277129211191,0.012378915130283346,32,49894,0.07121685575909066,0.0731176912325205,1327,49804,0.046977098465606285,0.04893479121335399,579,49894,0.88974,0.9721067230816612,0.2911,0.38835901475718804,0.29775,False,/data/suehara/part/march/datasets/20250711_ilc_nnqq_sgv_10m_3cat_parquet,val50k_tail,150000,proxy
89,89,10800000,,lr_3e-6,8.918138879999999e-06,validation_total_reference_mistag_geomean_percent,0.4153825933777046,min,1.0075760282445927,1.0075760282445927,0.559145456410951,0.30858285067486096,0.4153825933777046,,0.18666451564978712,0.07416464732772789,3.267632860237657,0.20044498198760088,0.5060952522603274,0.06614684761662218,2.6630249994844495,1.0964341213925697,0.01836396413648525,0.020363576182098213,93,49822,0.01122824412204546,0.01322968069668917,37,49889,0.07871788722077638,0.08059382272154192,1628,49822,0.019050875713767682,0.021047249937545132,100,49889,0.03082146462562059,0.032809411155954905,252,49793,0.010553316671853849,0.012555074665600177,33,49889,0.07120588813362382,0.07310720054382706,1326,49793,0.045652031344692486,0.04761248698375176,547,49889,0.88929,0.971878506102235,0.29229,0.38835901475718804,0.29897,False,/data/suehara/part/march/datasets/20250711_ilc_nnqq_sgv_10m_3cat_parquet,val50k_tail,150000,proxy
89,89,10800000,,lr_6e-6,1.0032906239999999e-05,validation_total_reference_mistag_geomean_percent,0.4152365719799417,min,0.992285658097352,0.992285658097352,0.5631640902473822,0.3061654918975984,0.4152365719799417,,0.18070111237504832,0.0801699618850158,3.087981510559925,0.19641640757939077,0.5079913135469725,0.06413596825269571,2.660428850852123,1.1604601397276453,0.018056184120491266,0.02005667798198271,90,49806,0.011709715713072784,0.013710711004772736,40,49894,0.07657799160897087,0.0784617436370913,1538,49806,0.018848308378542754,0.020844644027294197,98,49894,0.030877378729905237,0.03286481005904899,253,49804,0.010377277129211191,0.012378915130283346,32,49894,0.07116386864232452,0.07306486537433099,1325,49804,0.046977098465606285,0.04893479121335399,579,49894,0.88971,0.9720953982413311,0.29116,0.38835901475718804,0.29777,False,/data/suehara/part/march/datasets/20250711_ilc_nnqq_sgv_10m_3cat_parquet,val50k_tail,150000,proxy
89,89,10800000,,lr_9e-6,1.1147673599999999e-05,validation_total_reference_mistag_geomean_percent,0.4155128844089734,min,0.989171825048235,0.989171825048235,0.5641263385177028,0.3060501616774749,0.4155128844089734,,0.18453885616320245,0.07619506121694637,3.0809965098086414,0.20251845242973318,0.5042388191258671,0.06616939461950418,2.655791602055953,1.1429259049660319,0.018248299071818293,0.020246712917833642,92,49854,0.0113951018462944,0.013397139218846625,38,49872,0.07645654895108503,0.07833876752455539,1536,49854,0.019156982916690955,0.021153954486589476,101,49872,0.030767866206274624,0.03275648635451536,251,49778,0.010556913094579894,0.01255935251496176,33,49872,0.07112094932927131,0.07302312527835732,1322,49778,0.04662751450856487,0.04858677399204158,570,49872,0.88929,0.9719385069340181,0.29189,0.38835901475718804,0.29693,False,/data/suehara/part/march/datasets/20250711_ilc_nnqq_sgv_10m_3cat_parquet,val50k_tail,150000,proxy
90,90,10920000,,lr_14e-6,1.337720832e-05,validation_total_reference_mistag_geomean_percent,0.4177403387381643,min,1.0199947534371125,1.0199947534371125,0.5764334316519354,0.30273572112043606,0.4177403387381643,,0.1725140949511935,0.074200337832544,3.23965412579365,0.20254688115323152,0.5242227028201367,0.06617868503469856,2.703462790724296,1.1771784091871504,0.01761378072203995,0.019612797247274917,86,49851,0.011233646707294497,0.013236045121407499,37,49865,0.0783645606808693,0.08024052737550871,1615,49851,0.019159669807281943,0.021156920564247915,101,49865,0.03138462596403661,0.033372043959808105,261,49788,0.010558394687091481,0.012561114829776173,33,49865,0.071740830154126,0.07364070913615933,1346,49788,0.04733088277178426,0.04928904350728989,587,49865,0.88864,0.9717981866911343,0.29294,0.38835901475718804,0.29905,False,/data/suehara/part/march/datasets/20250711_ilc_nnqq_sgv_10m_3cat_parquet,val50k_tail,150000,proxy
90,90,10920000,,lr_3e-6,8.918138879999999e-06,validation_total_reference_mistag_geomean_percent,0.40064926220308705,min,0.9917346777482678,0.9917346777482678,0.5497772116433146,0.291972507962044,0.40064926220308705,,0.17248641632624356,0.07016559319818577,3.15289117958655,0.1904494660870574,0.5224765528920611,0.060141937027016375,2.680706671517921,1.0845596053511075,0.0176109566214876,0.019609653516325855,86,49859,0.01089710760388018,0.012898985374231006,35,49882,0.0773227945658643,0.07920194052843735,1572,49859,0.018547885184000672,0.020544940314577122,95,49882,0.03133858274309885,0.033327069338276366,260,49763,0.010021371890438939,0.012023651547437642,30,49882,0.07146002155427843,0.07336176954282243,1334,49763,0.0454046073762808,0.04736581421786734,541,49882,0.88978,0.9720567320312717,0.29109,0.38835901475718804,0.29722,False,/data/suehara/part/march/datasets/20250711_ilc_nnqq_sgv_10m_3cat_parquet,val50k_tail,150000,proxy
90,90,10920000,,lr_6e-6,1.0032906239999999e-05,validation_total_reference_mistag_geomean_percent,0.4080515733495613,min,0.998778859539247,0.998778859539247,0.556401335499419,0.2992553681841878,0.4080515733495613,,0.1766252482040746,0.07416910592365979,3.1812617392488884,0.19243876790796954,0.5141078421528266,0.062141682124966374,2.662917875114572,1.1265686156370185,0.017838063994730164,0.019838038896247634,88,49823,0.011228919160999946,0.013230475915041643,37,49886,0.07769083338288879,0.07957019828067763,1585,49823,0.01864857180559798,0.020645387057652634,96,49886,0.03107034740189767,0.03305789227127888,256,49795,0.01020119084615285,0.012203229786837308,31,49886,0.07120306571735992,0.07310430605941033,1326,49795,0.04628298674461233,0.04824235216741371,562,49886,0.88929,0.9720150137397209,0.29151,0.38835901475718804,0.29721,False,/data/suehara/part/march/datasets/20250711_ilc_nnqq_sgv_10m_3cat_parquet,val50k_tail,150000,proxy
90,90,10920000,,lr_9e-6,1.1147673599999999e-05,validation_total_reference_mistag_geomean_percent,0.40354728478478064,min,0.9690845677833505,0.9690845677833505,0.5504351043076882,0.2958576038895531,0.40354728478478064,,0.18471669989365036,0.07210671582692241,2.9916074446454366,0.19228458118014663,0.4962629587891838,0.062091896613353945,2.6139194922289084,1.139686753089202,0.018265871775416928,0.020266204391282166,92,49806,0.01105486458468116,0.013054900368207395,36,49926,0.07539492402139289,0.0772825459445424,1490,49806,0.018633643170038145,0.02062886481038577,96,49926,0.030518799734335217,0.03250798009480811,247,49772,0.010193019729670499,0.012193456691794951,31,49926,0.07056937416147005,0.07247346194107773,1301,49772,0.04653608107282013,0.048493351217776884,569,49926,0.88995,0.9721334415631778,0.29062,0.38835901475718804,0.29964,False,/data/suehara/part/march/datasets/20250711_ilc_nnqq_sgv_10m_3cat_parquet,val50k_tail,150000,proxy
91,91,11040000,,lr_14e-6,1.337720832e-05,validation_total_reference_mistag_geomean_percent,0.4194438497620671,min,1.014581019663127,1.014581019663127,0.574148338066284,0.30642454473657726,0.4194438497620671,,0.18040772542349404,0.07624857033930614,3.259366261001079,0.19664105536140625,0.5182804250127245,0.06822240737987897,2.6637204353542474,1.1537612774328811,0.018026889434884816,0.020024146982934435,90,49887,0.011403102119605274,0.013406543326301416,38,49837,0.07856968285964439,0.08044350557582791,1626,49887,0.018869847497367233,0.020868457351301117,98,49837,0.03120404081918063,0.03319201693722119,258,49780,0.010736887733064882,0.012740651029945172,34,49837,0.07122423929328478,0.07312602027921833,1326,49780,0.04686625749604871,0.048826458095522704,575,49837,0.8889,0.9719781627063676,0.29223,0.38835901475718804,0.29905,False,/data/suehara/part/march/datasets/20250711_ilc_nnqq_sgv_10m_3cat_parquet,val50k_tail,150000,proxy
91,91,11040000,,lr_3e-6,8.918138879999999e-06,validation_total_reference_mistag_geomean_percent,0.4181756837852743,min,1.0113655011548082,1.0113655011548082,0.5602961546614281,0.3121044130937352,0.4181756837852743,,0.18082092966944335,0.08008008008008008,3.2407128396297504,0.20220220714372106,0.5001908458267196,0.06406406406406406,2.6717019268390447,1.1511511159856416,0.018068146306877995,0.020069961675262697,90,49773,0.011696591841576825,0.01369534741883934,40,49950,0.07843776351016268,0.08031662746177254,1613,49773,0.01912709418253771,0.021120960083032124,101,49950,0.03063991265691325,0.03262857559388384,249,49781,0.01036564579504325,0.012365042641390125,32,49950,0.07132876201746373,0.07323018413569922,1330,49781,0.046760813598987,0.04871668430623394,575,49950,0.8894,0.9718786393315956,0.29238,0.38835901475718804,0.29842,False,/data/suehara/part/march/datasets/20250711_ilc_nnqq_sgv_10m_3cat_parquet,val50k_tail,150000,proxy
91,91,11040000,,lr_6e-6,1.0032906239999999e-05,validation_total_reference_mistag_geomean_percent,0.41800321321294,min,1.0048364790413138,1.0048364790413138,0.5729632659311457,0.30495268483292237,0.41800321321294,,0.18669076265865694,0.07432852992467341,3.165713147097627,0.19687016806540936,0.5169304666367038,0.0683018933681713,2.6988578159949412,1.1309990485843269,0.018366542576224748,0.020366434548450656,93,49815,0.011253048738167432,0.013258901348367838,37,49779,0.07751060813049049,0.07939089907562369,1577,49815,0.018891815085434197,0.020892744367630514,98,49779,0.03112295627647971,0.033105808534504996,258,49910,0.010749394522893902,0.012755489263979769,34,49779,0.07159402069697833,0.07348944022596872,1347,49910,0.04642359876590018,0.04838699776085215,563,49779,0.88931,0.9718805251463346,0.29223,0.38835901475718804,0.29913,False,/data/suehara/part/march/datasets/20250711_ilc_nnqq_sgv_10m_3cat_parquet,val50k_tail,150000,proxy
91,91,11040000,,lr_9e-6,1.1147673599999999e-05,validation_total_reference_mistag_geomean_percent,0.41516105371821943,min,0.9952976248887766,0.9952976248887766,0.5693317971180707,0.3027385812577015,0.41516105371821943,,0.1688883601964853,0.07799064416920923,3.1264451493104044,0.20397551820693768,0.5285263585746821,0.0659920791782504,2.656698910936273,1.13386397853797,0.01743684417885999,0.01944058826375541,84,49737,0.011525054472387854,0.01352165532262392,39,50006,0.07709728004404309,0.07898209868969636,1555,49737,0.01920455349337187,0.021196115653751915,102,50006,0.03152480482326711,0.0335131281882453,263,49761,0.010528631131510608,0.012525711856971041,33,50006,0.0711449284101405,0.07304771772643354,1322,49761,0.04637950292903613,0.048333874759527024,567,50006,0.88959,0.9720696245412394,0.29133,0.38835901475718804,0.29754,False,/data/suehara/part/march/datasets/20250711_ilc_nnqq_sgv_10m_3cat_parquet,val50k_tail,150000,proxy
92,92,11160000,,lr_14e-6,1.337720832e-05,validation_total_reference_mistag_geomean_percent,0.41010046654288035,min,0.9942972655548536,0.9942972655548536,0.5581897151751711,0.3012996980890433,0.41010046654288035,,0.19112765902097703,0.07426139958262411,3.144552880588524,0.18464995793420605,0.5022511097675717,0.06422607578676943,2.6633315418213073,1.1299774999368508,0.018613880234180365,0.02061801946674172,95,49705,0.011242888160898582,0.013246931857832722,37,49824,0.0773405456961411,0.07922584916606953,1563,49705,0.018259278046881378,0.020258890692425344,92,49824,0.03064685852340555,0.032627719291551754,251,49975,0.01039185305601241,0.012396299575800202,32,49824,0.0710818594784321,0.07297623551229468,1331,49975,0.046381894836796875,0.04834356156952664,563,49824,0.88949,0.9720437105312193,0.2914,0.38835901475718804,0.29775,False,/data/suehara/part/march/datasets/20250711_ilc_nnqq_sgv_10m_3cat_parquet,val50k_tail,150000,proxy
92,92,11160000,,lr_3e-6,8.918138879999999e-06,validation_total_reference_mistag_geomean_percent,0.4077653548515057,min,0.9975423495209303,0.9975423495209303,0.5645945984932161,0.294499070768514,0.4077653548515057,,0.18247077727828975,0.07031218886513106,3.1380963379917843,0.18682952216616425,0.5154949348390836,0.06428542729719956,2.6777654575161227,1.145084150213668,0.01813766435421263,0.020135479931105524,91,49871,0.010919868477763349,0.012925922750203267,35,49778,0.07713548267654219,0.07901476980004124,1565,49871,0.0183801835092556,0.020381556396493833,93,49778,0.03109518732246552,0.03308028460522741,257,49855,0.010401453837853396,0.01240775025090719,32,49778,0.07135626880862694,0.07325462545496875,1335,49855,0.04671508632780423,0.04867795885743556,570,49778,0.88958,0.9720278109053044,0.29151,0.38835901475718804,0.29887,False,/data/suehara/part/march/datasets/20250711_ilc_nnqq_sgv_10m_3cat_parquet,val50k_tail,150000,proxy
92,92,11160000,,lr_6e-6,1.0032906239999999e-05,validation_total_reference_mistag_geomean_percent,0.41016722076103973,min,0.9953051821591696,0.9953051821591696,0.5578368631184925,0.30158843939845464,0.41016722076103973,,0.19112765902097703,0.07426139958262411,3.1566241615457904,0.18464995793420605,0.5022511097675717,0.06422607578676943,2.6613306856471652,1.1279704079882529,0.018613880234180365,0.02061801946674172,95,49705,0.011242888160898582,0.013246931857832722,37,49824,0.07748598855130857,0.07937080631648455,1569,49705,0.018259278046881378,0.020258890692425344,92,49824,0.03064685852340555,0.032627719291551754,251,49975,0.01039185305601241,0.012396299575800202,32,49824,0.07105550127704148,0.07294995738936182,1330,49975,0.0463402720331357,0.048302019330436104,562,49824,0.88941,0.9720313925666696,0.29146,0.38835901475718804,0.29777,False,/data/suehara/part/march/datasets/20250711_ilc_nnqq_sgv_10m_3cat_parquet,val50k_tail,150000,proxy
92,92,11160000,,lr_9e-6,1.1147673599999999e-05,validation_total_reference_mistag_geomean_percent,0.40771941954822405,min,0.9962888770706302,0.9962888770706302,0.5631401313839919,0.29519317806066453,0.40771941954822405,,0.18247077727828975,0.07031218886513106,3.134085873885993,0.18883845333653596,0.5114832820062795,0.06428542729719956,2.6757597969091127,1.1430752169864995,0.01813766435421263,0.020135479931105524,91,49871,0.010919868477763349,0.012925922750203267,35,49778,0.07708712123185926,0.07896656918094033,1563,49871,0.01848366954176725,0.020484961715467546,94,49778,0.030970774232955307,0.03295603244454163,255,49855,0.010401453837853396,0.01240775025090719,32,49778,0.07132989270661229,0.07322832981736631,1334,49855,0.046673691119895194,0.04863664436306446,569,49778,0.88959,0.9720410844444775,0.29143,0.38835901475718804,0.29777,False,/data/suehara/part/march/datasets/20250711_ilc_nnqq_sgv_10m_3cat_parquet,val50k_tail,150000,proxy
93,93,11280000,,lr_14e-6,1.337720832e-05,validation_total_reference_mistag_geomean_percent,0.4021873679332476,min,0.9752919649542671,0.9752919649542671,0.5612486530451148,0.2882050193750241,0.4021873679332476,,0.1763951164478003,0.06619460989056719,3.036802275377486,0.19457205252257845,0.5064003202091869,0.06619460989056719,2.6304682932761825,1.1253084420197685,0.017814839927889112,0.019812218302878354,88,49888,0.010560935527719893,0.012564137091800629,33,49853,0.07589061008769042,0.07777331760087068,1515,49888,0.018762613424125416,0.020760664852624566,97,49853,0.0308400025730478,0.032829135265853834,252,49763,0.010560935527719893,0.012564137091800629,33,49853,0.07079592995004914,0.07269969699368224,1309,49763,0.046271822412313236,0.048232535357845864,561,49853,0.88985,0.9722171126595786,0.29041,0.38835901475718804,0.2991,False,/data/suehara/part/march/datasets/20250711_ilc_nnqq_sgv_10m_3cat_parquet,val50k_tail,150000,proxy
93,93,11280000,,lr_3e-6,8.918138879999999e-06,validation_total_reference_mistag_geomean_percent,0.41399807399307076,min,0.999567288148842,0.999567288148842,0.5550561337610287,0.3087875168743986,0.41399807399307076,,0.17465671757303064,0.07807807464347809,3.202039580387019,0.20820821227884548,0.5086245213115739,0.06406406406406406,2.6697760280095095,1.0910911069232159,0.017735089434852684,0.019735585019971982,87,49812,0.011537971495689065,0.013536807231587126,39,49950,0.07794761197322739,0.07982655764326788,1595,49812,0.019422557423457994,0.02141618284804579,104,49950,0.030915775784198882,0.032905658802817164,253,49742,0.01036564579504325,0.012365042641390125,32,49950,0.07133096419500995,0.07323395452352305,1328,49742,0.04551224402272406,0.04747051948903753,545,49950,0.88957,0.9721058300247544,0.2912,0.38835901475718804,0.29814,False,/data/suehara/part/march/datasets/20250711_ilc_nnqq_sgv_10m_3cat_parquet,val50k_tail,150000,proxy
93,93,11280000,,lr_6e-6,1.0032906239999999e-05,validation_total_reference_mistag_geomean_percent,0.4101646506453233,min,0.9911358422505646,0.9911358422505646,0.5550665871394983,0.3030898355924991,0.4101646506453233,,0.18710392158810848,0.07613247049866768,3.0801729260291557,0.19233466983859218,0.5031471649412314,0.06010457991469581,2.642023742777606,1.1880672624164594,0.018407156214092522,0.020411457348237794,93,49705,0.01138574436319494,0.013386139744430705,38,49913,0.07655961761716297,0.07844751151243438,1531,49705,0.01863849235422309,0.020634231639300966,96,49913,0.03070140888839579,0.03268576765217959,251,49886,0.01001514922787111,0.012016186829266588,30,49913,0.0708629209253471,0.07276153083116202,1318,49886,0.047528842573533146,0.04948468393118858,593,49913,0.88947,0.9720064625627961,0.29145,0.38835901475718804,0.29883,False,/data/suehara/part/march/datasets/20250711_ilc_nnqq_sgv_10m_3cat_parquet,val50k_tail,150000,proxy
93,93,11280000,,lr_9e-6,1.1147673599999999e-05,validation_total_reference_mistag_geomean_percent,0.4124035212347138,min,0.9944319257592396,0.9944319257592396,0.5577176936078485,0.3049511720285821,0.4124035212347138,,0.18505853391036114,0.07612026742075785,3.0957073135707387,0.1983133320385997,0.5013134464312665,0.06209811426250113,2.6750086532872697,1.1618357451524213,0.018299647564825272,0.020303668140715117,92,49714,0.011383920304465153,0.013383995611142525,38,49921,0.07674200178360291,0.07862892897070595,1539,49714,0.01893865259370894,0.02093383254102403,99,49921,0.03064897318464984,0.032634081929738476,250,49869,0.010194040403296042,0.012194677472523173,31,49921,0.07131013201491128,0.07320806630316777,1334,49869,0.04699273951359814,0.04894931834856439,580,49921,0.88951,0.9720078630399426,0.29158,0.38835901475718804,0.29813,False,/data/suehara/part/march/datasets/20250711_ilc_nnqq_sgv_10m_3cat_parquet,val50k_tail,150000,proxy
94,94,11400000,,lr_14e-6,1.337720832e-05,validation_total_reference_mistag_geomean_percent,0.41466433322207524,min,0.9950014401348546,0.9950014401348546,0.5655206014984878,0.30404994758969545,0.41466433322207524,,0.1846388458990263,0.0761767315049182,3.124811884164631,0.19445111709698154,0.5081035602137918,0.06615347655011881,2.6630249994844495,1.1426509061649204,0.01825817955492259,0.020257672255796756,92,49827,0.011392361479044072,0.013393917989818295,38,49884,0.0770087213537489,0.07889020117035836,1557,49827,0.018750963295204624,0.0207477779237858,97,49884,0.030884184149258462,0.032872050014676364,253,49793,0.010554374188853079,0.012556332554050458,33,49884,0.07120588813362382,0.07310720054382706,1326,49793,0.0466163587527605,0.04857515795291256,570,49884,0.88939,0.9720046967464406,0.29166,0.38835901475718804,0.29836,False,/data/suehara/part/march/datasets/20250711_ilc_nnqq_sgv_10m_3cat_parquet,val50k_tail,150000,proxy
94,94,11400000,,lr_3e-6,8.918138879999999e-06,validation_total_reference_mistag_geomean_percent,0.41336473280422775,min,0.9953387218588423,0.9953387218588423,0.5649531380056757,0.30245057657258995,0.41336473280422775,,0.17661462406600625,0.07623633001731976,3.16100030977668,0.19660949423215615,0.4976621965966151,0.06821145517798802,2.65687393054956,1.1295014344544128,0.017836990781954897,0.01983684569519975,88,49826,0.011401272495468226,0.01340439265224584,38,49845,0.07744556562812137,0.07932563064182996,1575,49826,0.018866821493876397,0.02086511184859227,98,49845,0.03054483455718184,0.03253152387805826,248,49833,0.010735164942183933,0.012738607085765671,34,49845,0.07109650308859405,0.07299653624029678,1324,49833,0.0463624586333828,0.04832331802211952,563,49845,0.88961,0.9721283493592489,0.29104,0.38835901475718804,0.29839,False,/data/suehara/part/march/datasets/20250711_ilc_nnqq_sgv_10m_3cat_parquet,val50k_tail,150000,proxy
94,94,11400000,,lr_6e-6,1.0032906239999999e-05,validation_total_reference_mistag_geomean_percent,0.41369784040264335,min,0.9968436677724467,0.9968436677724467,0.5657742510276342,0.3024985722537798,0.41369784040264335,,0.17661462406600625,0.07623633001731976,3.1630072555967446,0.19660949423215615,0.4976621965966151,0.06821145517798802,2.662894070869446,1.133513915623297,0.017836990781954897,0.01983684569519975,88,49826,0.011401272495468226,0.01340439265224584,38,49845,0.07746966980047357,0.07934965425607857,1576,49826,0.018866821493876397,0.02086511184859227,98,49845,0.03054483455718184,0.03253152387805826,248,49833,0.010735164942183933,0.012738607085765671,34,49845,0.07117595564120581,0.07307574718648895,1327,49833,0.04644555535048868,0.048406253745823455,565,49845,0.88972,0.9721342075381125,0.29103,0.38835901475718804,0.29768,False,/data/suehara/part/march/datasets/20250711_ilc_nnqq_sgv_10m_3cat_parquet,val50k_tail,150000,proxy
94,94,11400000,,lr_9e-6,1.1147673599999999e-05,validation_total_reference_mistag_geomean_percent,0.40566465176743377,min,0.9759970578820303,0.9759970578820303,0.5442312297267442,0.30237847573763815,0.40566465176743377,,0.1766677956411664,0.07807026171072985,3.0896789984001427,0.19617655674581122,0.4966021895628217,0.062055848445558566,2.623748373819286,1.0849764387307252,0.017842358137598276,0.019842813136221066,88,49811,0.011536817012966624,0.013535453002107593,39,49955,0.07659485065305734,0.07847834543397089,1539,49811,0.018825312145111826,0.020819219721422873,98,49955,0.030539614535287935,0.032530140995590526,247,49738,0.010187103850852853,0.012186380980716517,31,49955,0.07072411153018904,0.07262910566188246,1305,49738,0.04538093645325963,0.04733926071946049,542,49955,0.8898,0.9720770338517474,0.29094,0.38835901475718804,0.29747,False,/data/suehara/part/march/datasets/20250711_ilc_nnqq_sgv_10m_3cat_parquet,val50k_tail,150000,proxy
95,95,11520000,,lr_14e-6,1.337720832e-05,validation_total_reference_mistag_geomean_percent,0.4017528022563632,min,0.9936445750928531,0.9936445750928531,0.5459873853002808,0.2956209584074386,0.4017528022563632,,0.1746637185057084,0.07220651274186692,3.178076624981163,0.19054495111703257,0.5036418664904863,0.06017209129968999,2.672713060073137,1.0971377755337406,0.01773580101470716,0.019736376641691398,87,49810,0.011070159762950615,0.013072959453647387,36,49857,0.0776627086461975,0.07954269191529778,1583,49810,0.01855717812389939,0.020555230795142466,95,49857,0.030731525206463724,0.0327178151108538,251,49837,0.010026395802007327,0.012029678240445166,30,49857,0.07130251276060498,0.07320175779272839,1332,49837,0.04568118004109577,0.0476428657158464,547,49857,0.88961,0.9720070266871103,0.29134,0.38835901475718804,0.29639,False,/data/suehara/part/march/datasets/20250711_ilc_nnqq_sgv_10m_3cat_parquet,val50k_tail,150000,proxy
95,95,11520000,,lr_3e-6,8.918138879999999e-06,validation_total_reference_mistag_geomean_percent,0.40375668296432465,min,0.97854685885509,0.97854685885509,0.5481290721815213,0.2974107145777661,0.40375668296432465,,0.1844759398178773,0.07221374987879162,3.0819513319178253,0.19056407734547404,0.4981820263289383,0.06218406498416971,2.6315261132870065,1.1072775672806372,0.01824208351124293,0.020239818675345266,92,49871,0.0110712697539626,0.013074270024650097,36,49852,0.07645530256662272,0.07833684124826067,1537,49871,0.018559037829426986,0.020557290128400123,95,49852,0.03057666834896224,0.03256541198974296,248,49781,0.010208146602502181,0.012211549243673962,31,49852,0.07079734851718339,0.07270038471162144,1310,49781,0.045896264470997664,0.04785774010770891,552,49852,0.88978,0.9722086047336763,0.2906,0.38835901475718804,0.29642,False,/data/suehara/part/march/datasets/20250711_ilc_nnqq_sgv_10m_3cat_parquet,val50k_tail,150000,proxy
95,95,11520000,,lr_6e-6,1.0032906239999999e-05,validation_total_reference_mistag_geomean_percent,0.4011098568108997,min,0.9940731838803334,0.9940731838803334,0.5455041098015114,0.2949365813016552,0.4011098568108997,,0.17062449042543962,0.07222969324599465,3.1876668577810827,0.19261251532265242,0.4975324180678302,0.060191407500237326,2.6601934318965252,1.1115346568029048,0.017517647635701045,0.019518104318602094,85,49817,0.011073712517895419,0.013077154206013257,36,49841,0.07777209096507323,0.07965142506677417,1588,49817,0.01866539513898128,0.02066400624978046,96,49841,0.03053688646351754,0.03252306286732161,248,49846,0.010029613749767192,0.01203353849561691,30,49841,0.07113116960399575,0.07303057404576159,1326,49846,0.045990293725449265,0.0479520314293826,554,49841,0.8894,0.9719823977746344,0.29157,0.38835901475718804,0.29765,False,/data/suehara/part/march/datasets/20250711_ilc_nnqq_sgv_10m_3cat_parquet,val50k_tail,150000,proxy
95,95,11520000,,lr_9e-6,1.1147673599999999e-05,validation_total_reference_mistag_geomean_percent,0.4126081492368991,min,0.992179693318657,0.992179693318657,0.5451859660191916,0.31227048278551295,0.4126081492368991,,0.1944160446397465,0.07810622160104215,3.1266910788327054,0.20027236748610383,0.4971919910939999,0.06008171024583115,2.675174627640641,1.1055035050091861,0.01874758370908234,0.020744039553458462,97,49893,0.011542129547329805,0.01354168470225881,39,49932,0.07698108385230627,0.07885999950873815,1560,49893,0.01903448380060329,0.02102914575280229,100,49932,0.03057580179982042,0.03256866846759561,247,49679,0.010011339156124023,0.012011616258996794,30,49932,0.07144676012392978,0.07335194633081091,1329,49679,0.04582311598584424,0.047781520107978426,552,49932,0.88967,0.9720134364228747,0.29152,0.38835901475718804,0.29866,False,/data/suehara/part/march/datasets/20250711_ilc_nnqq_sgv_10m_3cat_parquet,val50k_tail,150000,proxy
96,96,11640000,,lr_14e-6,1.337720832e-05,validation_total_reference_mistag_geomean_percent,0.41260072595429437,min,1.0057853533315257,1.0057853533315257,0.5710988228619085,0.29809089468071714,0.41260072595429437,,0.18661208627619819,0.06815812485283852,3.192471270449973,0.19445111709698154,0.5061867223150751,0.06815812485283852,2.6795758087899255,1.1506695720183764,0.01835880942828417,0.020357861855691623,93,49836,0.010726774247606227,0.01272865224191896,34,49884,0.07781485783064021,0.07969328264329431,1591,49836,0.018750963295204624,0.0207477779237858,97,49884,0.030827023669380543,0.03281532589990552,252,49784,0.010726774247606227,0.01272865224191896,34,49884,0.07143027643998663,0.07333126767159019,1334,49784,0.04678122013108063,0.04873969784769429,574,49884,0.88929,0.9719860155453302,0.29195,0.38835901475718804,0.29788,False,/data/suehara/part/march/datasets/20250711_ilc_nnqq_sgv_10m_3cat_parquet,val50k_tail,150000,proxy
96,96,11640000,,lr_3e-6,8.918138879999999e-06,validation_total_reference_mistag_geomean_percent,0.413104315906493,min,1.0034857857393107,1.0034857857393107,0.5625843439452529,0.3033414947593682,0.413104315906493,,0.18253300417083013,0.07618742217457615,3.1632366413392785,0.19247349230957736,0.5143350812689611,0.06215289840618634,2.6580676404721784,1.1789001057728976,0.018143844393801255,0.020142338707456842,91,49854,0.01139395986640558,0.013395796851807723,38,49877,0.0774509265572293,0.07932984595744735,1577,49854,0.018651934045750097,0.020649108211323184,96,49877,0.031084048393796495,0.0330724626228609,256,49773,0.010203031153108133,0.012205430892627586,31,49877,0.07115454767848348,0.07305682325902604,1323,49773,0.04736021395237815,0.04931783454284952,588,49877,0.88889,0.9719233113311053,0.29215,0.38835901475718804,0.29867,False,/data/suehara/part/march/datasets/20250711_ilc_nnqq_sgv_10m_3cat_parquet,val50k_tail,150000,proxy
96,96,11640000,,lr_6e-6,1.0032906239999999e-05,validation_total_reference_mistag_geomean_percent,0.40153922849028184,min,0.9924574509099968,0.9924574509099968,0.5410543075929236,0.29799920221294907,0.40153922849028184,,0.18061408126200562,0.07218045324778116,3.1426851265530664,0.1924812030075188,0.510050411995524,0.056140350877192984,2.660695907418046,1.1248120729188398,0.01804749429246222,0.020047028153396186,90,49830,0.011066165637542577,0.013068243572776833,36,49875,0.07722214568811787,0.07910279487719774,1566,49830,0.0186526813748801,0.02064993531653511,96,49875,0.030943058231108073,0.03293060640770975,254,49799,0.009652248289603114,0.011654969423981275,28,49875,0.07117092003484336,0.07307209690239728,1325,49799,0.04625152074412501,0.048211388735540546,561,49875,0.88955,0.9720551573587498,0.29114,0.38835901475718804,0.29919,False,/data/suehara/part/march/datasets/20250711_ilc_nnqq_sgv_10m_3cat_parquet,val50k_tail,150000,proxy
96,96,11640000,,lr_9e-6,1.1147673599999999e-05,validation_total_reference_mistag_geomean_percent,0.405575077215102,min,0.972354647987719,0.972354647987719,0.5594730528678812,0.29401084183563053,0.405575077215102,,0.17857859114745464,0.07018387970866836,3.03382968223856,0.19651487160234765,0.4859730669656738,0.06817862533515054,2.61461533106286,1.1309631358410357,0.017938947655582394,0.019938242240359443,89,49838,0.010899947522825467,0.01290234640464739,35,49869,0.0758916914870518,0.07777640708696576,1512,49838,0.01885774930366277,0.020855081773325703,98,49869,0.030184778222424637,0.03217337322420841,242,49797,0.010729999885116404,0.012732479186178952,34,49869,0.07056116747363589,0.07246427139996764,1302,49797,0.046381813480275355,0.048341670583809324,564,49869,0.88976,0.9722126261149704,0.29056,0.38835901475718804,0.2988,False,/data/suehara/part/march/datasets/20250711_ilc_nnqq_sgv_10m_3cat_parquet,val50k_tail,150000,proxy
97,97,11760000,,lr_14e-6,1.337720832e-05,validation_total_reference_mistag_geomean_percent,0.40969171336319693,min,1.0030648734240446,1.0030648734240446,0.5642148944440492,0.29748824721095096,0.40969171336319693,,0.180842724446859,0.07216598105167293,3.184841290678121,0.18843340465142064,0.5235497111393398,0.06414753934048312,2.6879564388309545,1.1225818972535062,0.018070322952937267,0.020072378782903886,90,49767,0.011063947924114628,0.013065625108825429,36,49885,0.07777686964848124,0.07965820539189983,1585,49767,0.018444055323092692,0.02044107118338158,94,49885,0.03134443096906728,0.033329324567962865,261,49852,0.010379148885896285,0.012381147541256883,32,49885,0.0714922339638796,0.07339029601226982,1340,49852,0.04620064928908627,0.04816021381867531,560,49885,0.88966,0.9720580173536817,0.29126,0.38835901475718804,0.2974,False,/data/suehara/part/march/datasets/20250711_ilc_nnqq_sgv_10m_3cat_parquet,val50k_tail,150000,proxy
97,97,11760000,,lr_3e-6,8.918138879999999e-06,validation_total_reference_mistag_geomean_percent,0.40254158808634083,min,0.9965628765371226,0.9965628765371226,0.5359544872170545,0.3023386015116043,0.40254158808634083,,0.18505109291848637,0.07417654034712122,3.1961542367783298,0.19045327390968,0.4889093827914431,0.056133599611614696,2.644919479200761,1.1367054067395446,0.018298911980376427,0.02030285223863044,92,49716,0.011230044406311698,0.013231801491425936,37,49881,0.07795162340529377,0.07983443394673356,1589,49716,0.01854825672289286,0.020545351735971516,95,49881,0.030246005632604024,0.03223009999136703,244,49907,0.009651087501134302,0.01165356801121958,28,49881,0.0708865251169536,0.07278422009369644,1320,49907,0.0464951010115882,0.04845425640396389,567,49881,0.88945,0.9720364803628351,0.29133,0.38835901475718804,0.29804,False,/data/suehara/part/march/datasets/20250711_ilc_nnqq_sgv_10m_3cat_parquet,val50k_tail,150000,proxy
97,97,11760000,,lr_6e-6,1.0032906239999999e-05,validation_total_reference_mistag_geomean_percent,0.4086609753478927,min,1.0010852303658502,1.0010852303658502,0.5589376689277392,0.2987878650094732,0.4086609753478927,,0.19029685798794987,0.07431211177659196,3.152918482833581,0.17875074352192205,0.5101221129716232,0.06226149844547661,2.7032456189197496,1.1367744164699074,0.01853303582385287,0.020528496959477494,95,49922,0.011250563345956198,0.013255973475864593,37,49790,0.07727490549437402,0.07915167898343081,1574,49922,0.01795622848928069,0.019957443538058086,89,49790,0.03094739820932984,0.03293522291931035,254,49792,0.010220855079031777,0.012226749256762981,31,49790,0.07173514377301834,0.07363487885621162,1346,49792,0.04653812098075784,0.0485008542276219,566,49790,0.88945,0.9719906153361794,0.29161,0.38835901475718804,0.29899,False,/data/suehara/part/march/datasets/20250711_ilc_nnqq_sgv_10m_3cat_parquet,val50k_tail,150000,proxy
97,97,11760000,,lr_9e-6,1.1147673599999999e-05,validation_total_reference_mistag_geomean_percent,0.4101565465390352,min,1.0035565118554282,1.0035565118554282,0.5643630653734351,0.298085404574646,0.4101565465390352,,0.17896642085727799,0.07209083304160835,3.1831891707647952,0.1922422327226928,0.5217007399543592,0.06408074173458558,2.6867588695819546,1.1294230861861523,0.017977876407105905,0.019981497230388712,89,49730,0.011052430128134338,0.013052025993629467,36,49937,0.07778566564723179,0.07966846755261062,1583,49730,0.018629541984558903,0.02062432582751602,96,49937,0.03129216107890424,0.03327772628037998,260,49837,0.010368343601717097,0.012368260268714775,32,49937,0.07148713461255299,0.0733858159868539,1339,49837,0.046318993259600316,0.0482762433267607,564,49937,0.88961,0.9720103362266865,0.29148,0.38835901475718804,0.29949,False,/data/suehara/part/march/datasets/20250711_ilc_nnqq_sgv_10m_3cat_parquet,val50k_tail,150000,proxy
98,98,11880000,,lr_14e-6,1.337720832e-05,validation_total_reference_mistag_geomean_percent,0.4024962186948703,min,0.9875479439918595,0.9875479439918595,0.550155104538117,0.29446824127839133,0.4024962186948703,,0.1832276266643167,0.070164186938224,3.13701800676386,0.18643626130662416,0.4964368595884216,0.06214542043554139,2.640323594346768,1.1246315958911204,0.018212836653529966,0.020218908105827813,91,49665,0.010896889209870976,0.012898726905958256,35,49883,0.07728033098363396,0.07916745625964755,1558,49665,0.01834152548127828,0.020338701479159393,93,49883,0.03046979857485822,0.03245164548862653,248,49956,0.010201804208037147,0.01220396340055245,31,49883,0.07079141398151807,0.07268743161729825,1319,49956,0.04624414273527496,0.04820370365107834,561,49883,0.88988,0.97200145936591,0.29119,0.38835901475718804,0.29812,False,/data/suehara/part/march/datasets/20250711_ilc_nnqq_sgv_10m_3cat_parquet,val50k_tail,150000,proxy
98,98,11880000,,lr_3e-6,8.918138879999999e-06,validation_total_reference_mistag_geomean_percent,0.41465607181133474,min,1.0094322293860007,1.0094322293860007,0.5613814825960932,0.30627953222624404,0.41465607181133474,,0.19036168487751626,0.0741988525625686,3.236148713417813,0.19251594272650704,0.5127380222908349,0.06417198090883568,2.6783022311795026,1.127020407124428,0.018539343895717927,0.020535482168181962,95,49905,0.011233421495778027,0.013235779814789569,37,49866,0.07828113201362175,0.08015520933167958,1615,49905,0.018656045097195217,0.0206536581101005,96,49866,0.03104657047372913,0.03303664816621177,255,49733,0.010383102590465373,0.012385863054062191,32,49866,0.07144964905944004,0.07335264089064625,1332,49733,0.04630145038972827,0.048261583527285656,562,49866,0.88915,0.9719124610061899,0.29221,0.38835901475718804,0.29761,False,/data/suehara/part/march/datasets/20250711_ilc_nnqq_sgv_10m_3cat_parquet,val50k_tail,150000,proxy
98,98,11880000,,lr_6e-6,1.0032906239999999e-05,validation_total_reference_mistag_geomean_percent,0.4060498016456019,min,0.9952966681371967,0.9952966681371967,0.559479318533255,0.2946962219241219,0.4060498016456019,,0.17635978084197157,0.0703051226876742,3.1544351241845843,0.19283690463341743,0.5178331476742626,0.0622702539664031,2.6353289742932176,1.153004036816044,0.017811272360841693,0.019808251868489585,88,49898,0.010918772029468529,0.012924625109806017,35,49783,0.0773114903639488,0.07918910574511856,1574,49898,0.018687123371781217,0.020688053915241044,96,49783,0.03117717382570464,0.033163452200412474,258,49823,0.010222291895248876,0.012228467764889832,31,49783,0.07081836659695237,0.07271964593763627,1313,49823,0.04687561022264381,0.04883796744434062,574,49783,0.88926,0.9719412132014004,0.29193,0.38835901475718804,0.29832,False,/data/suehara/part/march/datasets/20250711_ilc_nnqq_sgv_10m_3cat_parquet,val50k_tail,150000,proxy
98,98,11880000,,lr_9e-6,1.1147673599999999e-05,validation_total_reference_mistag_geomean_percent,0.41221790414944415,min,0.9961471211712887,0.9961471211712887,0.557249719474549,0.3049325904759314,0.41221790414944415,,0.18639888815975694,0.07411116584408882,3.124686734492337,0.200300450676014,0.5031598354749642,0.062093139102275104,2.6566841026424757,1.161742652978397,0.018337852243654182,0.02033462945559819,93,49893,0.011220149980619137,0.013220145527358292,37,49925,0.07695687496154235,0.07883587095986605,1559,49893,0.01903715032907506,0.021032090822978952,100,49925,0.030761597854177865,0.03275394354444626,250,49686,0.010193223848044167,0.012193700828386677,31,49925,0.07119769516203064,0.07310335724767247,1320,49686,0.046988995235827495,0.048945421041462524,580,49925,0.88955,0.9719870098372093,0.2918,0.38835901475718804,0.29738,False,/data/suehara/part/march/datasets/20250711_ilc_nnqq_sgv_10m_3cat_parquet,val50k_tail,150000,proxy
99,99,12000000,,lr_14e-6,1.337720832e-05,validation_total_reference_mistag_geomean_percent,0.41889188024984675,min,0.9944700073041032,0.9944700073041032,0.5806337387489323,0.30220497988513517,0.41889188024984675,,0.18255863097071964,0.07618742217457615,3.021244972736141,0.19848828347916378,0.522298127701159,0.06816769285727897,2.70791482274089,1.1789001057728976,0.01814639034024314,0.02014516426780675,91,49847,0.01139395986640558,0.013395796851807723,38,49877,0.07573016448762133,0.07761504472314877,1506,49847,0.018955345435238198,0.020952278420475298,99,49877,0.03132790612485354,0.0333157208287891,260,49780,0.010728279303732916,0.012730437862916378,34,49877,0.07180476766152667,0.07370477309230454,1348,49780,0.04736021395237815,0.04931783454284952,588,49877,0.88933,0.9719345645953839,0.29187,0.38835901475718804,0.29811,False,/data/suehara/part/march/datasets/20250711_ilc_nnqq_sgv_10m_3cat_parquet,val50k_tail,150000,proxy
99,99,12000000,,lr_3e-6,8.918138879999999e-06,validation_total_reference_mistag_geomean_percent,0.4185771569316419,min,0.9942188621965763,0.9942188621965763,0.5794732099359902,0.3023553691538735,0.4185771569316419,,0.18255863097071964,0.07618742217457615,3.0272634321072567,0.19848828347916378,0.5202892648262514,0.06816769285727897,2.705905936159596,1.1748902349977672,0.01814639034024314,0.02014516426780675,91,49847,0.01139395986640558,0.013395796851807723,38,49877,0.07580422019311216,0.07768885895791423,1509,49847,0.018955345435238198,0.020952278420475298,99,49877,0.03126603410011225,0.03325392951110031,259,49780,0.010728279303732916,0.012730437862916378,34,49877,0.07177849193217567,0.07367857807000569,1347,49780,0.04727886834941155,0.04923664972677367,586,49877,0.88931,0.9719193560093435,0.29195,0.38835901475718804,0.29814,False,/data/suehara/part/march/datasets/20250711_ilc_nnqq_sgv_10m_3cat_parquet,val50k_tail,150000,proxy
99,99,12000000,,lr_6e-6,1.0032906239999999e-05,validation_total_reference_mistag_geomean_percent,0.40369112201058144,min,1.002200119533812,1.002200119533812,0.5513252676853813,0.2955905189586929,0.40369112201058144,,0.1746041354239223,0.07219348064316707,3.1789992792971526,0.19051056459219762,0.5119351282204708,0.058155858695177615,2.668085335494856,1.1631171739035522,0.01772975440541705,0.019729649880640243,87,49827,0.011068162339910474,0.01307060108783906,36,49866,0.07766066694607152,0.07953997178119579,1584,49827,0.018553831592990882,0.020551525034813185,95,49866,0.0309980678761727,0.032985061567864134,255,49811,0.009840874844649697,0.011843876594997685,29,49866,0.0712599157559047,0.07316033792876785,1329,49811,0.0470442839074223,0.04900296932447267,580,49866,0.8891,0.9718883263932631,0.29219,0.38835901475718804,0.29824,False,/data/suehara/part/march/datasets/20250711_ilc_nnqq_sgv_10m_3cat_parquet,val50k_tail,150000,proxy
99,99,12000000,,lr_9e-6,1.1147673599999999e-05,validation_total_reference_mistag_geomean_percent,0.3975878122781505,min,1.001537471345887,1.001537471345887,0.5432896419421255,0.29096094655337656,0.3975878122781505,,0.18856569570602166,0.06607003617399002,3.1574724080701615,0.18219313428570316,0.5130062135936314,0.05405729994608787,2.6776913329069085,1.1732436500845926,0.018456994544681686,0.020455407186470584,94,49850,0.010541064943805044,0.012540501556512805,33,49947,0.07738476408471855,0.07926406550626541,1574,49850,0.018110087345190956,0.020104874198529927,91,49947,0.031062771753277273,0.033053879574294814,255,49707,0.00944841764959667,0.011448335271894289,27,49947,0.07146004436868782,0.07336405614663706,1331,49707,0.04721297734708689,0.049168080909261364,586,49947,0.88934,0.9719602868481134,0.29177,0.38835901475718804,0.29729,False,/data/suehara/part/march/datasets/20250711_ilc_nnqq_sgv_10m_3cat_parquet,val50k_tail,150000,proxy
