generation,training_chunk,samples_seen,epoch_fraction,trial,LR,optimization_metric_name,optimization_metric_value,optimization_metric_mode,controller_objective_mistag_percent,validation_working_point_mistag_percent,ctag_score,btag_score,total_mistag_score,group_score_warning,btag_c_mistag_percent_at_0p80,btag_d_mistag_percent_at_0p80,btag_c_mistag_percent_at_0p90,btag_d_mistag_percent_at_0p90,ctag_b_mistag_percent_at_0p50,ctag_d_mistag_percent_at_0p50,ctag_b_mistag_percent_at_0p80,ctag_d_mistag_percent_at_0p80,btag_c_mistag_percent_at_0p80_err_low,btag_c_mistag_percent_at_0p80_err_high,btag_c_mistag_percent_at_0p80_passed,btag_c_mistag_percent_at_0p80_total,btag_d_mistag_percent_at_0p80_err_low,btag_d_mistag_percent_at_0p80_err_high,btag_d_mistag_percent_at_0p80_passed,btag_d_mistag_percent_at_0p80_total,btag_c_mistag_percent_at_0p90_err_low,btag_c_mistag_percent_at_0p90_err_high,btag_c_mistag_percent_at_0p90_passed,btag_c_mistag_percent_at_0p90_total,btag_d_mistag_percent_at_0p90_err_low,btag_d_mistag_percent_at_0p90_err_high,btag_d_mistag_percent_at_0p90_passed,btag_d_mistag_percent_at_0p90_total,ctag_b_mistag_percent_at_0p50_err_low,ctag_b_mistag_percent_at_0p50_err_high,ctag_b_mistag_percent_at_0p50_passed,ctag_b_mistag_percent_at_0p50_total,ctag_d_mistag_percent_at_0p50_err_low,ctag_d_mistag_percent_at_0p50_err_high,ctag_d_mistag_percent_at_0p50_passed,ctag_d_mistag_percent_at_0p50_total,ctag_b_mistag_percent_at_0p80_err_low,ctag_b_mistag_percent_at_0p80_err_high,ctag_b_mistag_percent_at_0p80_passed,ctag_b_mistag_percent_at_0p80_total,ctag_d_mistag_percent_at_0p80_err_low,ctag_d_mistag_percent_at_0p80_err_high,ctag_d_mistag_percent_at_0p80_passed,ctag_d_mistag_percent_at_0p80_total,validation_accuracy,validation_auc,validation_loss,best_so_far,training_loss,validation_shutdown_warning,validation_dataset,validation_suffix,validation_sample_count,evaluation_type
0,0,120000,,lr_11_25e-6,1.125e-05,validation_total_reference_mistag_geomean_percent,0.4543765452941074,min,1.0804445446230846,1.0804445446230846,0.6319000314355494,0.326725802567816,0.4543765452941074,,0.1829255970454122,0.08624839284458402,3.3971898253553054,0.21261232010793604,0.5871625916075243,0.07822528672499122,2.903749494892208,1.195442848406716,0.018182839171502825,0.020185616143298488,91,49747,0.012183876768081853,0.014186153343271755,43,49856,0.08028937010267287,0.08216292522929894,1690,49747,0.01965411552799106,0.02165132304856022,106,49856,0.03322534152746335,0.03520573659852623,293,49901,0.011559718856223197,0.013562317276150907,39,49856,0.07422821612929967,0.07611576574960213,1449,49901,0.04770414398039841,0.049661925520584106,596,49856,0.88766,0.9706755857063891,0.30075,0.4543765452941074,0.31658,False,/data/suehara/part/march/datasets/20250711_ilc_nnqq_sgv_10m_3cat_parquet,val50k_tail,150000,proxy
0,0,120000,,lr_14e-6,1.4e-05,validation_total_reference_mistag_geomean_percent,0.4606180156912346,min,1.0861310690384924,1.0861310690384924,0.6444390969924086,0.3292304228119011,0.4606180156912346,,0.1846425497621476,0.08827719383697599,3.357684736607203,0.21467408198954027,0.601986548260792,0.07824569185448212,2.901575187937052,1.2619625620597472,0.018258545704222813,0.020258078385054647,92,49826,0.012338556171228405,0.01434127356187212,44,49843,0.0797689195367414,0.08164108985633037,1673,49826,0.019756055500284732,0.02175370119177817,107,49843,0.03367355498561965,0.03565597787045672,300,49835,0.011562732924497512,0.013565852830946787,39,49843,0.07424937054477769,0.07613950718503189,1446,49835,0.049030486352288384,0.05098610939367979,629,49843,0.88743,0.970667105545787,0.30035,0.4543765452941074,0.31458,False,/data/suehara/part/march/datasets/20250711_ilc_nnqq_sgv_10m_3cat_parquet,val50k_tail,150000,proxy
0,0,120000,,lr_3e-6,3e-06,validation_total_reference_mistag_geomean_percent,0.4635047191089691,min,1.108455065124486,1.108455065124486,0.6569790456793558,0.32700681406684806,0.4635047191089691,,0.1846425497621476,0.08426459494260194,3.3918035511436875,0.2166803822192216,0.6340924749799258,0.07623939505082362,2.991873080960238,1.2880444919372416,0.018258545704222813,0.020258078385054647,92,49826,0.012033784770657701,0.014036663167623656,42,49843,0.08016422485207716,0.082035025683911,1690,49826,0.019852420970833083,0.021849986159165353,108,49843,0.03458008980349193,0.036561224224181295,316,49835,0.011401729846457294,0.013404930256067694,38,49843,0.07537654527551077,0.0772630581103495,1491,49835,0.049538269197651336,0.051492845697947986,642,49843,0.88711,0.9703410259776692,0.30759,0.4543765452941074,0.32024,False,/data/suehara/part/march/datasets/20250711_ilc_nnqq_sgv_10m_3cat_parquet,val50k_tail,150000,proxy
0,0,120000,,lr_5_75e-6,5.75e-06,validation_total_reference_mistag_geomean_percent,0.4446395487387044,min,1.092764583549154,1.092764583549154,0.6202934541845411,0.3187270911353845,0.4446395487387044,,0.1788800953095508,0.08013944576608008,3.4549986830110804,0.20836255695347083,0.5658446740137716,0.07212550118947207,2.9536287142322757,1.2281369979175305,0.01796921097933818,0.019971868799053084,89,49754,0.011705259671227397,0.013705494497423238,40,49913,0.08094847139751907,0.08281943919600729,1719,49754,0.019436942207236036,0.021432039272154067,104,49913,0.03262249500470549,0.03460628871016849,282,49837,0.011057743052711205,0.013058298988986894,36,49913,0.07489996493991978,0.07678793681559735,1472,49837,0.048330511961569914,0.05028474776882577,613,49913,0.88774,0.9705052571878099,0.3042,0.4446395487387044,0.31868,False,/data/suehara/part/march/datasets/20250711_ilc_nnqq_sgv_10m_3cat_parquet,val50k_tail,150000,proxy
0,0,120000,,lr_8_5e-6,8.5e-06,validation_total_reference_mistag_geomean_percent,0.4482797375731339,min,1.0826358892865806,1.0826358892865806,0.6240883024260153,0.32199725958244607,0.4482797375731339,,0.16655630007540984,0.08635578583765112,3.3833001567014267,0.22091014873412174,0.5694007069722828,0.07430613966270709,2.941235540183762,1.2190223361252832,0.017293876893049856,0.019293854567005983,83,49833,0.012199042076151134,0.014203807382473553,43,49794,0.08006035305618414,0.08193123236658467,1686,49833,0.020063522912479575,0.022062883886480276,110,49794,0.03271459050198837,0.03469665069983979,284,49877,0.01124965983914679,0.013254909115527857,37,49794,0.07471568499959301,0.0766026397516207,1467,49877,0.048205716444775504,0.05016498856558402,607,49794,0.88775,0.9707845408585903,0.30171,0.4446395487387044,0.31603,False,/data/suehara/part/march/datasets/20250711_ilc_nnqq_sgv_10m_3cat_parquet,val50k_tail,150000,proxy
1,1,240000,,lr_11_25e-6,7.1875e-06,validation_total_reference_mistag_geomean_percent,0.4516290308757834,min,1.075176650920968,1.075176650920968,0.6332647645071148,0.32209084250653536,0.4516290308757834,,0.1765295818498628,0.08633151449103768,3.382146463905259,0.20880180402515688,0.5737672050928844,0.08030838734444906,2.8828793954469587,1.2106488552121346,0.017828409726478513,0.019827305251592726,88,49850,0.012195614352760408,0.014199817146913691,43,49808,0.08003351141169651,0.08190379901117095,1686,49850,0.01947788016626775,0.021477165363765864,104,49808,0.03285272344902314,0.034835841100918676,286,49846,0.011729927671311582,0.0137343723144807,40,49808,0.07400554454109962,0.07589601420755349,1437,49846,0.04803186030668399,0.04999091795121653,603,49808,0.88771,0.9707097138427644,0.30022,0.4446395487387044,0.31068,False,/data/suehara/part/march/datasets/20250711_ilc_nnqq_sgv_10m_3cat_parquet,val50k_tail,150000,proxy
1,1,240000,,lr_14e-6,8.625e-06,validation_total_reference_mistag_geomean_percent,0.45079517773907246,min,1.0802797119741256,1.0802797119741256,0.6097225812569168,0.33329303935878557,0.45079517773907246,,0.19093174434864063,0.08613091457426127,3.436771398275531,0.2183318680374152,0.5599711059830934,0.07210960378096568,2.8961947560163845,1.1817963047767122,0.018594816596633097,0.020596909498258046,95,49756,0.012167287146154851,0.014166841240536568,43,49924,0.08073796262115795,0.08260958786204392,1710,49756,0.019916004771815224,0.021910262884406805,109,49924,0.032452710976785086,0.034437258047602566,279,49824,0.011055307328370505,0.013055423117790576,36,49924,0.07418968973605944,0.07608045964654642,1443,49824,0.04739700474049053,0.04935266637973255,590,49924,0.88748,0.9707820063190145,0.29971,0.4446395487387044,0.30999,False,/data/suehara/part/march/datasets/20250711_ilc_nnqq_sgv_10m_3cat_parquet,val50k_tail,150000,proxy
1,1,240000,,lr_3e-6,3e-06,validation_total_reference_mistag_geomean_percent,0.4457185760283266,min,1.081281345415819,1.081281345415819,0.6112903749006846,0.32499292835912225,0.4457185760283266,,0.18892193767213442,0.08212482753234843,3.4186832610381233,0.21031968232280016,0.5740205428512695,0.07010656077426672,2.916265390563232,1.1898085605723776,0.018491835621283467,0.020494009307837662,94,49756,0.011859420540142631,0.01385913511882101,41,49924,0.08053004508633069,0.08240239739157953,1701,49756,0.01953024924906152,0.02152482833024639,105,49924,0.03286719140230109,0.0348511745211234,286,49824,0.010887942586388928,0.01288813861795732,35,49924,0.07444214927001223,0.07633211353479212,1453,49824,0.04755883372062463,0.04951417439127328,594,49924,0.88747,0.9706612296409581,0.30202,0.4446395487387044,0.31252,False,/data/suehara/part/march/datasets/20250711_ilc_nnqq_sgv_10m_3cat_parquet,val50k_tail,150000,proxy
1,1,240000,,lr_5_75e-6,4.3125e-06,validation_total_reference_mistag_geomean_percent,0.45161555368955,min,1.0759289803953238,1.0759289803953238,0.6348525273964829,0.32126612013460926,0.45161555368955,,0.1765295818498628,0.08633151449103768,3.3801403986310214,0.2067940895563305,0.5777795723676497,0.08030838734444906,2.886891713919057,1.2126565850031816,0.017828409726478513,0.019827305251592726,88,49850,0.012195614352760408,0.014199817146913691,43,49808,0.08001029940777823,0.08188066748780684,1685,49850,0.01937959466025553,0.02137896047409221,103,49808,0.03297014616073443,0.03495310282568744,288,49846,0.011729927671311582,0.0137343723144807,40,49808,0.07405620628053652,0.07594651496004787,1439,49846,0.048072008132869076,0.05003098516106301,604,49808,0.88772,0.9706451307414556,0.30141,0.4446395487387044,0.31169,False,/data/suehara/part/march/datasets/20250711_ilc_nnqq_sgv_10m_3cat_parquet,val50k_tail,150000,proxy
1,1,240000,,lr_8_5e-6,5.75e-06,validation_total_reference_mistag_geomean_percent,0.45165843058781413,min,1.075678040027852,1.075678040027852,0.6333699023051187,0.3220793049663653,0.45165843058781413,,0.1785356048531086,0.08633151449103768,3.376128441863998,0.2067940895563305,0.5717610451320091,0.08030838734444906,2.894916381769748,1.2106488552121346,0.01793463264304091,0.019933447687600896,89,49850,0.012195614352760408,0.014199817146913691,43,49808,0.07996385249542728,0.08183438153656422,1683,49850,0.01937959466025553,0.02137896047409221,103,49808,0.032793855678308476,0.034777053823675276,285,49846,0.011729927671311582,0.0137343723144807,40,49808,0.07415741465967643,0.07604740136530272,1443,49846,0.04803186030668399,0.04999091795121653,603,49808,0.88776,0.9706804525955519,0.30075,0.4446395487387044,0.31116,False,/data/suehara/part/march/datasets/20250711_ilc_nnqq_sgv_10m_3cat_parquet,val50k_tail,150000,proxy
2,2,360000,,lr_11_25e-6,7.1875e-06,validation_total_reference_mistag_geomean_percent,0.4559679683775483,min,1.0909735119708353,1.0909735119708353,0.6289390922948727,0.3305674440234566,0.4559679683775483,,0.1751137159656382,0.09216036172941978,3.357352754811649,0.2203834664245103,0.5890721260105239,0.07012201333037278,2.931335186365731,1.2922484711288373,0.017781461201181372,0.01978717286419368,87,49682,0.012618782890139646,0.014618536051215686,46,49913,0.07987923139283482,0.08175684132928907,1668,49682,0.020015734234876247,0.02201034963467451,110,49913,0.033278004540388414,0.0352580056579504,294,49909,0.010890341457699343,0.012890977671495014,35,49913,0.07456829838633008,0.07645444004011695,1463,49909,0.04958548180536305,0.05153714873198014,645,49913,0.88739,0.970631667378702,0.30061,0.4446395487387044,0.3104,False,/data/suehara/part/march/datasets/20250711_ilc_nnqq_sgv_10m_3cat_parquet,val50k_tail,150000,proxy
2,2,360000,,lr_14e-6,8.625e-06,validation_total_reference_mistag_geomean_percent,0.4539609794378169,min,1.0878607201049282,1.0878607201049282,0.6282634100755691,0.3280161912140548,0.4539609794378169,,0.19528498329517188,0.0820196867272483,3.4084275055148487,0.2120508948032647,0.5797973840995769,0.07401776697468551,2.898986984616273,1.2523005548083566,0.018831304012161813,0.02083664766753556,97,49671,0.011844241754490802,0.013841400341991075,41,49988,0.08047986820823722,0.08235583746847852,1693,49671,0.01960226382308871,0.021594220017762903,106,49988,0.03302936304057377,0.035012278525392834,289,49845,0.011206013277957302,0.013203492012708406,37,49988,0.07420942886254937,0.07609929016097784,1445,49845,0.04877150127312324,0.050721838325189575,626,49988,0.88736,0.9706006443538904,0.30039,0.4446395487387044,0.31021,False,/data/suehara/part/march/datasets/20250711_ilc_nnqq_sgv_10m_3cat_parquet,val50k_tail,150000,proxy
2,2,360000,,lr_3e-6,3e-06,validation_total_reference_mistag_geomean_percent,0.4579876456912949,min,1.095451805832941,1.095451805832941,0.6300069799708725,0.33293707891228874,0.4579876456912949,,0.17253485975013616,0.09036326318598231,3.4426722524640327,0.22892025411210093,0.5836341628319366,0.0742986792393963,2.9322103096704195,1.2389806654095243,0.017615899391922322,0.019615155707050483,86,49845,0.012499382500185872,0.014503785582101289,45,49799,0.08073431299366121,0.08260235968611043,1716,49845,0.020439465396176117,0.02243830393997364,114,49799,0.03313622442112926,0.03511838947294543,291,49860,0.011248530659685408,0.013253578905440582,37,49799,0.07461542377297237,0.0765033838945689,1462,49860,0.048599558123167165,0.050557831990539516,617,49799,0.88748,0.9706312850754181,0.30254,0.4446395487387044,0.31285,False,/data/suehara/part/march/datasets/20250711_ilc_nnqq_sgv_10m_3cat_parquet,val50k_tail,150000,proxy
2,2,360000,,lr_5_75e-6,4.3125e-06,validation_total_reference_mistag_geomean_percent,0.4527428492092594,min,1.0897592560985911,1.0897592560985911,0.6283887877459291,0.3261931013208886,0.4527428492092594,,0.17316714614222725,0.09014061694166046,3.3525965505001287,0.21633748065998512,0.5809411484171845,0.07010936873240259,2.926741258316534,1.3080404790786075,0.017680408813286388,0.019686966193015493,86,49663,0.012468597057416816,0.014468070621931523,45,49922,0.07983895512581468,0.08171747491880765,1665,49663,0.019821034584362532,0.02181545248847571,108,49922,0.033038899127553395,0.035018829370957794,290,49919,0.010888378666199168,0.01288865471649191,35,49922,0.07450344137285951,0.07638938923660403,1461,49919,0.04988520513820975,0.051835887567421024,653,49922,0.88754,0.9706137584038276,0.30159,0.4446395487387044,0.31161,False,/data/suehara/part/march/datasets/20250711_ilc_nnqq_sgv_10m_3cat_parquet,val50k_tail,150000,proxy
2,2,360000,,lr_8_5e-6,5.75e-06,validation_total_reference_mistag_geomean_percent,0.4533007833747622,min,1.098909690926622,1.098909690926622,0.6317944255812582,0.32523490535569005,0.4533007833747622,,0.18924522526580845,0.0820196867272483,3.4647984479356686,0.20804993503201416,0.5777911355928632,0.07401776697468551,2.9190490152006707,1.2763063146840175,0.018523454293691163,0.020529041134018187,94,49671,0.011844241754490802,0.013841400341991075,41,49988,0.08112745900468454,0.08300115853869527,1721,49671,0.019407806007448757,0.02139992227574842,104,49988,0.032970805855353676,0.034953801836873875,288,49845,0.011206013277957302,0.013203492012708406,37,49988,0.07446159678562159,0.07635065311703965,1455,49845,0.04924022997182913,0.051189606582142944,638,49988,0.88747,0.9705421671822853,0.30135,0.4446395487387044,0.31143,False,/data/suehara/part/march/datasets/20250711_ilc_nnqq_sgv_10m_3cat_parquet,val50k_tail,150000,proxy
3,3,480000,,lr_11_25e-6,7.1875e-06,validation_total_reference_mistag_geomean_percent,0.4464434499972454,min,1.078545790244196,1.078545790244196,0.6210499869354204,0.32092707227794903,0.4464434499972454,,0.1866682799618597,0.08210180623973727,3.422251685577493,0.20225079308197114,0.5689013829904425,0.07409187482923008,2.8565684325345693,1.235532066738263,0.01836433244069434,0.020363984471025665,93,49821,0.011856096857377813,0.01385525175410222,41,49938,0.08051913962388788,0.08238890592548384,1705,49821,0.019131686377388574,0.021126029444291018,101,49938,0.032741974510767935,0.034729314140200494,283,49745,0.011217229963369406,0.013216705648748633,37,49938,0.07374617944902531,0.07564154516689833,1421,49745,0.04846508011287498,0.050418041443307804,617,49938,0.88756,0.9706275195993276,0.30059,0.4446395487387044,0.31033,False,/data/suehara/part/march/datasets/20250711_ilc_nnqq_sgv_10m_3cat_parquet,val50k_tail,150000,proxy
3,3,480000,,lr_14e-6,8.625e-06,validation_total_reference_mistag_geomean_percent,0.44795933165340945,min,1.0823116434732436,1.0823116434732436,0.6171901012028318,0.32513088337659907,0.44795933165340945,,0.18439830935202406,0.08619307332597942,3.4053555784417546,0.2064624745568457,0.579197191119872,0.07015715047552623,2.891963522144685,1.2347658483692616,0.01823441130915232,0.020231308737636133,92,49892,0.012176064255530741,0.01417705874038782,43,49888,0.08026809836883322,0.08213588120137352,1699,49892,0.019348545396174296,0.021344718401207538,103,49888,0.033050824229325246,0.03503858904909908,288,49724,0.010895797371119936,0.01289743471995352,35,49888,0.07420991833571623,0.07610466087410554,1438,49724,0.04847372334755122,0.050428672700091395,616,49888,0.88724,0.9706646708831936,0.3003,0.4446395487387044,0.31177,False,/data/suehara/part/march/datasets/20250711_ilc_nnqq_sgv_10m_3cat_parquet,val50k_tail,150000,proxy
3,3,480000,,lr_3e-6,3e-06,validation_total_reference_mistag_geomean_percent,0.4497502816675666,min,1.0925680560627478,1.0925680560627478,0.6210821113246543,0.32568208320899683,0.4497502816675666,,0.18239397209296526,0.08419871183782292,3.447446444340844,0.21250150614852303,0.5851598372274196,0.07016559319818577,2.915745105879618,1.242933277776603,0.018130035997648255,0.02012701377124466,91,49892,0.012024379350982547,0.01402569448002637,42,49882,0.08075136168799388,0.08261745727317013,1720,49892,0.019643880630139603,0.02164005161009075,106,49882,0.03322261297486924,0.03520989817471388,291,49730,0.01089710760388018,0.012898985374231006,35,49882,0.07450504994948003,0.07639860748811199,1450,49730,0.04863791637084603,0.05059277340339601,620,49882,0.88743,0.9706305044650388,0.30223,0.4446395487387044,0.31249,False,/data/suehara/part/march/datasets/20250711_ilc_nnqq_sgv_10m_3cat_parquet,val50k_tail,150000,proxy
3,3,480000,,lr_5_75e-6,4.3125e-06,validation_total_reference_mistag_geomean_percent,0.4635477713712821,min,1.0775471068007187,1.0775471068007187,0.6401265541175327,0.3356782107555395,0.4635477713712821,,0.19076687842675077,0.09221208599677527,3.3032790851465346,0.21850255467548324,0.5780810805995121,0.08018442417560388,2.9144921896714657,1.2428585557136247,0.01857877364844012,0.02057914445635701,95,49799,0.012625863085452528,0.01462673659353886,46,49885,0.07915513896505216,0.08103050927901478,1645,49799,0.019931560316272273,0.0219273706616245,109,49885,0.032987306804851346,0.034971286207435406,288,49820,0.011711827654110918,0.013713183368171945,40,49885,0.07442283471751007,0.07631302190075351,1452,49820,0.04863500869642084,0.050589751166263235,620,49885,0.88781,0.9706991018125608,0.30131,0.4446395487387044,0.31196,False,/data/suehara/part/march/datasets/20250711_ilc_nnqq_sgv_10m_3cat_parquet,val50k_tail,150000,proxy
3,3,480000,,lr_8_5e-6,5.75e-06,validation_total_reference_mistag_geomean_percent,0.45504638286363724,min,1.0915563526638288,1.0915563526638288,0.6223801024523162,0.332702169849886,0.45504638286363724,,0.18239397209296526,0.08820817560145927,3.4534595656695997,0.2205204330674589,0.5791272759792081,0.07217032337273628,2.897647209153127,1.2389238663740758,0.018130035997648255,0.02012701377124466,91,49892,0.012328912718615696,0.014330067093000368,44,49882,0.08082013146357009,0.08268598601340743,1723,49892,0.020028161444894145,0.02202401091552699,110,49882,0.03304684722501916,0.0350343750331327,288,49730,0.0110646131448049,0.013066410537826152,36,49882,0.07427721156256575,0.07617149692600439,1441,49730,0.048558784442655906,0.050513802229865123,618,49882,0.88756,0.970695069549404,0.30088,0.4446395487387044,0.31144,False,/data/suehara/part/march/datasets/20250711_ilc_nnqq_sgv_10m_3cat_parquet,val50k_tail,150000,proxy
4,4,600000,,lr_11_25e-6,7.1875e-06,validation_total_reference_mistag_geomean_percent,0.44959837498977107,min,1.0926467449641304,1.0926467449641304,0.63149879759098,0.32009356085008334,0.44959837498977107,,0.17876870652919313,0.0822615912576976,3.388570953988901,0.21066993592529962,0.5874333226069863,0.07222969324599465,2.951201002496898,1.2700387536620732,0.01795803049099286,0.019959445800299336,89,49785,0.011879163567407798,0.01388220270741575,41,49841,0.08015947152062233,0.08203194286378404,1687,49785,0.01956274326436725,0.021560629788568632,105,49841,0.033240621113646895,0.035221918519876425,293,49878,0.011073712517895419,0.013077154206013257,36,49841,0.07483929707866911,0.07672581441340899,1472,49878,0.04918926433517476,0.05114464177897182,633,49841,0.8873,0.970599999067098,0.3008,0.4446395487387044,0.31141,False,/data/suehara/part/march/datasets/20250711_ilc_nnqq_sgv_10m_3cat_parquet,val50k_tail,150000,proxy
4,4,600000,,lr_14e-6,8.625e-06,validation_total_reference_mistag_geomean_percent,0.45273569918068673,min,1.0765397225083733,1.0765397225083733,0.633607658236159,0.3234961109580351,0.45273569918068673,,0.19269755763137725,0.08210180623973727,3.3561492264004595,0.20625575310541805,0.5769192340361925,0.07809683950899282,2.8765553670849573,1.2435419960598526,0.018673630931776635,0.020673121194113624,96,49819,0.011856096857377813,0.01385525175410222,41,49938,0.0797566145329949,0.0816291095446238,1672,49819,0.019329190078769286,0.021323372751344334,103,49938,0.03297680905490624,0.034963746450933884,287,49747,0.011540743197161222,0.01354005848821305,39,49938,0.07399820949000983,0.07589269548461501,1431,49747,0.04862316987044677,0.05057581041222493,621,49938,0.88759,0.9707429976206772,0.29975,0.4446395487387044,0.31161,False,/data/suehara/part/march/datasets/20250711_ilc_nnqq_sgv_10m_3cat_parquet,val50k_tail,150000,proxy
4,4,600000,,lr_3e-6,3e-06,validation_total_reference_mistag_geomean_percent,0.4494107441037343,min,1.076850258757424,1.076850258757424,0.6380543573290833,0.31654045552063204,0.4494107441037343,,0.1865072946049145,0.08033903228536597,3.3029842008154517,0.20285605577451976,0.5837395368722958,0.07632208067109766,2.8986379020258974,1.283415967009849,0.018348508688466,0.020346442818623234,93,49864,0.01173440251811495,0.013739610831804054,40,49789,0.07910067764886411,0.08097361521562305,1647,49864,0.019188890350349846,0.02118917731349329,101,49789,0.033142190689679135,0.035124709363199086,291,49851,0.01141409220791911,0.013419461877363793,38,49789,0.07420062528220098,0.07609027312216535,1445,49851,0.04947483888514594,0.05143172115003505,639,49789,0.8873,0.970532561962541,0.30241,0.4446395487387044,0.31452,False,/data/suehara/part/march/datasets/20250711_ilc_nnqq_sgv_10m_3cat_parquet,val50k_tail,150000,proxy
4,4,600000,,lr_5_75e-6,4.3125e-06,validation_total_reference_mistag_geomean_percent,0.4492975607920111,min,1.076965949540398,1.076965949540398,0.6278478002515673,0.32152425803318246,0.4492975607920111,,0.18480203995103378,0.08404370026191842,3.338489017374167,0.20610717031925918,0.5789293940410625,0.07403849821148945,2.898667389682255,1.250650386481999,0.018274304028595208,0.020275557361358457,92,49783,0.012002250348328285,0.013999887418754462,42,49974,0.07957948259127226,0.08145404112243002,1662,49783,0.019315278210962492,0.02130803029997768,103,49974,0.03303558424193574,0.03502244082380125,288,49747,0.011209151688065756,0.013207189166804311,37,49974,0.07427753821437309,0.07617113525319567,1442,49747,0.04874580168928826,0.050696751150491534,625,49974,0.88778,0.9706585493248913,0.30125,0.4446395487387044,0.31397,False,/data/suehara/part/march/datasets/20250711_ilc_nnqq_sgv_10m_3cat_parquet,val50k_tail,150000,proxy
4,4,600000,,lr_8_5e-6,5.75e-06,validation_total_reference_mistag_geomean_percent,0.45070128679228216,min,1.0802288393574488,1.0802288393574488,0.6252704166762917,0.3248700794065908,0.45070128679228216,,0.18681075479914025,0.08404370026191842,3.376654642117617,0.21010925065479605,0.572898882682834,0.07403849821148945,2.89062672294779,1.2466482631840055,0.01837833895597745,0.020379511591414882,93,49783,0.012002250348328285,0.013999887418754462,42,49974,0.08002311908153828,0.08189614436350454,1681,49783,0.019510726589462395,0.02150331851515268,105,49974,0.03285894576610746,0.0348460447904592,285,49747,0.011209151688065756,0.013207189166804311,37,49974,0.07417609905891395,0.07607001935438507,1438,49747,0.048667141595571534,0.050618251220099775,623,49974,0.88781,0.9706924513278183,0.3006,0.4446395487387044,0.31255,False,/data/suehara/part/march/datasets/20250711_ilc_nnqq_sgv_10m_3cat_parquet,val50k_tail,150000,proxy
5,5,720000,,lr_11_25e-6,7.1875e-06,validation_total_reference_mistag_geomean_percent,0.4499034546478467,min,1.094705921730454,1.094705921730454,0.6233920833681703,0.324696325000527,0.4499034546478467,,0.18457588215983523,0.08215773985180919,3.4507662844453497,0.2124078243191272,0.6009325751743397,0.07013465648572632,2.936329312809286,1.2203430985981585,0.018251957262888995,0.020250770549006588,92,49844,0.011864171892259686,0.01386468656041453,41,49904,0.08082778517344708,0.08269554457193684,1720,49844,0.01963522865417015,0.02163052340126881,106,49904,0.03366931538677084,0.0356549281628287,299,49756,0.010892304956971468,0.012893301463993034,35,49904,0.07474396387887744,0.07663570456714619,1461,49756,0.048179911466983937,0.05013481205575574,609,49904,0.88743,0.9706038039049744,0.30095,0.4446395487387044,0.31076,False,/data/suehara/part/march/datasets/20250711_ilc_nnqq_sgv_10m_3cat_parquet,val50k_tail,150000,proxy
5,5,720000,,lr_14e-6,8.625e-06,validation_total_reference_mistag_geomean_percent,0.45217952821060214,min,1.0779444942563225,1.0779444942563225,0.6167919726956066,0.33149965431484146,0.45217952821060214,,0.19273237549828506,0.08614817844240687,3.3928929206183374,0.21436870907684138,0.5584572278226159,0.07412750201810134,2.8987545740884,1.2060744664855911,0.01867700221486544,0.020676852353065607,96,49810,0.012169723962538207,0.01416967795733492,43,49914,0.08018953922526856,0.08206089723882398,1690,49810,0.019727979649192914,0.02172279608857234,107,49914,0.03242162873973034,0.034407990716720224,278,49780,0.011222621952121977,0.013223057592739052,37,49914,0.07425432421590793,0.07614666247669453,1443,49780,0.047890345491947636,0.049845426151146066,602,49914,0.8878,0.9707701730401831,0.2997,0.4446395487387044,0.30915,False,/data/suehara/part/march/datasets/20250711_ilc_nnqq_sgv_10m_3cat_parquet,val50k_tail,150000,proxy
5,5,720000,,lr_3e-6,3e-06,validation_total_reference_mistag_geomean_percent,0.4432716658619606,min,1.0865666486101324,1.0865666486101324,0.62844535223076,0.31266007308124416,0.4432716658619606,,0.17468826344150165,0.07818764997817197,3.4214807343319613,0.20449077161130402,0.5820838505926755,0.0741780247239558,2.920455184776076,1.2369687094254125,0.017738291993931093,0.019739147817889414,87,49803,0.011554158548806096,0.013555794937396509,39,49880,0.08052465490473518,0.08239512793366197,1704,49803,0.019253022602185053,0.02124959481293199,102,49880,0.0331037138804835,0.0350874927789532,290,49821,0.011230269482437067,0.013232066638578076,37,49880,0.07449694798895568,0.07638685785890387,1455,49821,0.04852110265966998,0.050476277226140995,617,49880,0.88776,0.9707677925650259,0.30136,0.4432716658619606,0.31353,False,/data/suehara/part/march/datasets/20250711_ilc_nnqq_sgv_10m_3cat_parquet,val50k_tail,150000,proxy
5,5,720000,,lr_5_75e-6,4.3125e-06,validation_total_reference_mistag_geomean_percent,0.44569475368094247,min,1.0853131257969721,1.0853131257969721,0.6255455947075016,0.31755289324929176,0.44569475368094247,,0.17468826344150165,0.08219727607137156,3.429512325660286,0.2064955868878327,0.5780695057662734,0.0741780247239558,2.9104193175884725,1.2269447062360828,0.017738291993931093,0.019739147817889414,87,49803,0.011869878542665642,0.013871354163705482,41,49880,0.0806169651170939,0.08248711561591529,1708,49803,0.01935164584473334,0.021348137671704966,103,49880,0.032986646449764505,0.03497058649678097,288,49821,0.011230269482437067,0.013232066638578076,37,49880,0.07437092474993634,0.07626123749125135,1450,49821,0.04832251502051906,0.050278091505866034,612,49880,0.88781,0.9707993973084662,0.30071,0.4432716658619606,0.31051,False,/data/suehara/part/march/datasets/20250711_ilc_nnqq_sgv_10m_3cat_parquet,val50k_tail,150000,proxy
5,5,720000,,lr_8_5e-6,5.75e-06,validation_total_reference_mistag_geomean_percent,0.4495866159336788,min,1.0890658649122598,1.0890658649122598,0.623774655116937,0.32404029815671964,0.4495866159336788,,0.18268689335273489,0.08821347574985493,3.4469604975728716,0.19848032444458308,0.5781623214360544,0.07217465985753257,2.890811607180272,1.255037139704175,0.018159130797391638,0.02015930396894309,91,49812,0.012329653987456406,0.01433092850723933,44,49879,0.08080987360443506,0.0826789856606551,1717,49812,0.018954586031351504,0.02095143926621997,99,49879,0.032991930030850346,0.034976184966125506,288,49813,0.011065278445492845,0.013067196061263345,36,49879,0.07412989787687792,0.07602130143268514,1440,49813,0.04887744323933355,0.0508319325260213,626,49879,0.88762,0.9707113691716542,0.30074,0.4432716658619606,0.31035,False,/data/suehara/part/march/datasets/20250711_ilc_nnqq_sgv_10m_3cat_parquet,val50k_tail,150000,proxy
6,6,840000,,lr_11_25e-6,3.75e-06,validation_total_reference_mistag_geomean_percent,0.43984635122014654,min,1.0838381801376902,1.0838381801376902,0.6198584764659576,0.3121112641464402,0.43984635122014654,,0.17637390579067053,0.08025843372413927,3.4092276111750315,0.19663316117930452,0.5746318151161416,0.0702261277885782,2.903297009264293,1.260057377063364,0.0178126992161828,0.01980983825164951,88,49894,0.011722633927810486,0.013725833830212093,40,49839,0.08031110108343911,0.08217865384173365,1701,49894,0.01886909090549828,0.02086762087505005,98,49839,0.03290209840005531,0.034888169612234524,286,49771,0.010906506834746223,0.012910109317565942,35,49839,0.07431817831193427,0.07621067621835856,1445,49771,0.048995109859139956,0.0509509663043731,628,49839,0.88734,0.9707450525316977,0.30023,0.43984635122014654,0.30927,False,/data/suehara/part/march/datasets/20250711_ilc_nnqq_sgv_10m_3cat_parquet,val50k_tail,150000,proxy
6,6,840000,,lr_14e-6,4.5e-06,validation_total_reference_mistag_geomean_percent,0.4388039468988127,min,1.0872914052938676,1.0872914052938676,0.6123415028912681,0.3144469269269283,0.4388039468988127,,0.16892571124797376,0.08221045776834132,3.4086794650350747,0.206528709841596,0.5750811450060754,0.06616939461950418,2.929507605718923,1.2612287531134516,0.017440698655309398,0.019444884481403607,84,49726,0.011871781979614596,0.013873578123469019,41,49872,0.08043876939325748,0.08231265361856796,1695,49726,0.019354747287094215,0.021351558037860853,103,49872,0.03287202329027303,0.03485270411049618,287,49906,0.010556913094579894,0.01255935251496176,33,49872,0.07454764626828488,0.0764339745399082,1462,49906,0.04900214718747773,0.05095666250656463,629,49872,0.8874,0.9706404799536603,0.30038,0.4388039468988127,0.30913,False,/data/suehara/part/march/datasets/20250711_ilc_nnqq_sgv_10m_3cat_parquet,val50k_tail,150000,proxy
6,6,840000,,lr_3e-6,3e-06,validation_total_reference_mistag_geomean_percent,0.45034201241415023,min,1.0757639444771645,1.0757639444771645,0.6169134062437654,0.3287461839743027,0.45034201241415023,,0.19837293991627025,0.08437632127685105,3.3723400806549964,0.20692287348985075,0.5780695057662734,0.0723225579019678,2.8983760651347397,1.1953312116763666,0.018944340031119767,0.020940117259118797,99,49906,0.012049735198659461,0.014055264696896424,42,49777,0.07987563407040668,0.08174421603288975,1683,49906,0.019391653055873814,0.021392258830471925,103,49777,0.032986646449764505,0.03497058649678097,288,49821,0.011087946370750602,0.013093960169673362,36,49777,0.07421938334542973,0.0761101795323852,1444,49821,0.047738971868431686,0.049699864986795135,595,49777,0.88797,0.9707821796337841,0.30013,0.4388039468988127,0.31119,False,/data/suehara/part/march/datasets/20250711_ilc_nnqq_sgv_10m_3cat_parquet,val50k_tail,150000,proxy
6,6,840000,,lr_5_75e-6,3e-06,validation_total_reference_mistag_geomean_percent,0.4503754121678606,min,1.0924122814052442,1.0924122814052442,0.6252877679240866,0.32439145988538826,0.4503754121678606,,0.17667135806186,0.08608436562064495,3.4310380256453548,0.2122079679532811,0.5749552658553986,0.0720706263986118,2.9250346069138846,1.2612360347929172,0.017842716076161527,0.01984321109328082,88,49810,0.01216071261378823,0.014159187775436403,43,49951,0.0806288854290231,0.08249871185514665,1709,49810,0.019616770396467597,0.021610195766270372,106,49951,0.03292056978253617,0.03490774591352322,286,49743,0.011049333279177842,0.013048369528808841,36,49951,0.0746120714991208,0.07650476068059922,1455,49743,0.04896428242879957,0.050915706355317454,630,49951,0.88747,0.970628718541055,0.30115,0.4388039468988127,0.30952,False,/data/suehara/part/march/datasets/20250711_ilc_nnqq_sgv_10m_3cat_parquet,val50k_tail,150000,proxy
6,6,840000,,lr_8_5e-6,3e-06,validation_total_reference_mistag_geomean_percent,0.4518553735152635,min,1.0927738929302735,1.0927738929302735,0.6227315548078936,0.3278672439163673,0.4518553735152635,,0.1868220232879855,0.08604818761530032,3.4210525285504234,0.2101176711539178,0.5828911278982459,0.07003921922686004,2.9265154846522154,1.2587049010572402,0.018379445643515045,0.020380738425223928,93,49780,0.012155603998669787,0.014153240795060439,43,49972,0.0805381176366457,0.08240947206377414,1703,49780,0.019511506746438655,0.02150417808232429,105,49972,0.03314950152499144,0.035135999177794267,290,49752,0.010877487139882708,0.012875764640854666,35,49972,0.07462397945832283,0.07651626673680079,1456,49752,0.048904676662799365,0.05085538184861037,629,49972,0.88744,0.9706681852986496,0.30096,0.4388039468988127,0.30952,False,/data/suehara/part/march/datasets/20250711_ilc_nnqq_sgv_10m_3cat_parquet,val50k_tail,150000,proxy
7,7,960000,,lr_11_25e-6,5.7375000000000005e-06,validation_total_reference_mistag_geomean_percent,0.45163343376582527,min,1.073474302511177,1.073474302511177,0.6236010423953822,0.32708854640718366,0.45163343376582527,,0.1889751064743928,0.08622245751896773,3.305054081075595,0.21254837116518774,0.569240958492123,0.07218624120725849,2.872261373330648,1.2813058308252434,0.01849703597524451,0.0204997710289576,94,49742,0.012180213404911237,0.014181888795754542,43,49871,0.07922077005522721,0.08109821797436939,1644,49742,0.019648209478025223,0.021644818863058655,106,49871,0.03270543443565973,0.0346869448603666,284,49891,0.011067052971870281,0.013069291252248039,36,49871,0.07383839399443294,0.07572758418403595,1433,49891,0.049393987750368656,0.05134773711799462,639,49871,0.88758,0.970690856138733,0.29964,0.4388039468988127,0.30687,False,/data/suehara/part/march/datasets/20250711_ilc_nnqq_sgv_10m_3cat_parquet,val50k_tail,150000,proxy
7,7,960000,,lr_14e-6,6.885e-06,validation_total_reference_mistag_geomean_percent,0.4409599565219619,min,1.0598703915369414,1.0598703915369414,0.6207981905989093,0.3132188305321265,0.4409599565219619,,0.1807700756676792,0.08005764306663382,3.2900153748830223,0.20214555096568793,0.5828794114853286,0.07405331621814631,2.8701785726603184,1.1988631873487152,0.01806306950472348,0.020064324020649286,90,49787,0.011693315468918112,0.01369151190076034,40,49964,0.07900882613804672,0.08088518126515148,1638,49787,0.019121739407384347,0.02111504890223905,101,49964,0.03314883703142337,0.035135295228780165,290,49753,0.011211394486062405,0.013209831259067946,37,49964,0.07391303779583393,0.075807551656722,1428,49753,0.04772231109640111,0.04967572395814489,599,49964,0.88797,0.9708681217365566,0.29816,0.4388039468988127,0.30657,False,/data/suehara/part/march/datasets/20250711_ilc_nnqq_sgv_10m_3cat_parquet,val50k_tail,150000,proxy
7,7,960000,,lr_3e-6,3e-06,validation_total_reference_mistag_geomean_percent,0.45736894167831127,min,1.0820571193328343,1.0820571193328343,0.6304933898073949,0.33178198565387246,0.45736894167831127,,0.18631672843108668,0.08628647531124012,3.353701207104201,0.22474615063575082,0.5788362808179136,0.07424649819273402,2.8720731901854473,1.280250423984301,0.018329776297467695,0.020325676740674054,93,49915,0.012189253688578861,0.014192412654322476,43,49834,0.07965234216307446,0.08152133401770276,1674,49915,0.02023712580816353,0.022234728049269493,112,49834,0.03303028667064083,0.03501682753816,288,49755,0.011240632746087224,0.013244274905277595,37,49834,0.07393557591910821,0.07582993747717315,1429,49755,0.049391465377855194,0.05134670766012966,638,49834,0.88733,0.9706385357168195,0.30028,0.4388039468988127,0.30668,False,/data/suehara/part/march/datasets/20250711_ilc_nnqq_sgv_10m_3cat_parquet,val50k_tail,150000,proxy
7,7,960000,,lr_5_75e-6,3.4425e-06,validation_total_reference_mistag_geomean_percent,0.45421131217493277,min,1.0794973684585623,1.0794973684585623,0.626384005044347,0.3293633209760328,0.45421131217493277,,0.19299586620853706,0.08622245751896773,3.327168126738625,0.21254837116518774,0.5752540348361541,0.07218624120725849,2.8842877373650397,1.285316112628727,0.018702513529030233,0.020705086921924527,96,49742,0.012180213404911237,0.014181888795754542,43,49871,0.07947970306557764,0.0813562618502163,1655,49742,0.019648209478025223,0.021644818863058655,106,49871,0.032881880283315484,0.03486314966302208,287,49891,0.011067052971870281,0.013069291252248039,36,49871,0.07399036363435023,0.07587907173395338,1439,49891,0.049471778702832835,0.05142536724487747,641,49871,0.88748,0.970652198907357,0.30011,0.4388039468988127,0.3072,False,/data/suehara/part/march/datasets/20250711_ilc_nnqq_sgv_10m_3cat_parquet,val50k_tail,150000,proxy
7,7,960000,,lr_8_5e-6,4.59e-06,validation_total_reference_mistag_geomean_percent,0.4524308214813332,min,1.0767347290668352,1.0767347290668352,0.6254249187991513,0.32728732430312585,0.4524308214813332,,0.1889751064743928,0.08622245751896773,3.3130955833207003,0.21254837116518774,0.5712453254436116,0.07218624120725849,2.8822834848687924,1.287321262535771,0.01849703597524451,0.0204997710289576,94,49742,0.012180213404911237,0.014181888795754542,43,49871,0.0793150380168299,0.08119216261433457,1648,49742,0.019648209478025223,0.021644818863058655,106,49871,0.03276435444443991,0.03474578452081342,285,49891,0.011067052971870281,0.013069291252248039,36,49871,0.0739650593903858,0.0758538478383218,1438,49891,0.04951062692912667,0.05146413505838065,642,49871,0.88755,0.9706691096628361,0.29987,0.4388039468988127,0.30704,False,/data/suehara/part/march/datasets/20250711_ilc_nnqq_sgv_10m_3cat_parquet,val50k_tail,150000,proxy
8,8,1080000,,lr_11_25e-6,5.7375000000000005e-06,validation_total_reference_mistag_geomean_percent,0.4557513875489571,min,1.080838813210616,1.080838813210616,0.6345536708408237,0.32733137762416803,0.4557513875489571,,0.18699104317011905,0.08409755480610545,3.3758921399988693,0.2162508472871599,0.5579304471795167,0.08009290464075419,2.889999249233441,1.2554563193689616,0.018396061964944563,0.020399158673462394,93,49735,0.01200993814863072,0.014008853009445587,42,49942,0.08005243821936486,0.08192730180997115,1679,49735,0.019813104400149717,0.021806727095983545,108,49942,0.032391124977201785,0.03437563447229218,278,49827,0.011698464878994884,0.01369754010844556,40,49942,0.07410936738375673,0.07600027212013374,1440,49827,0.04885542792183537,0.050807434956681545,627,49942,0.88715,0.9706516749451305,0.29984,0.4388039468988127,0.30822,False,/data/suehara/part/march/datasets/20250711_ilc_nnqq_sgv_10m_3cat_parquet,val50k_tail,150000,proxy
8,8,1080000,,lr_14e-6,6.885e-06,validation_total_reference_mistag_geomean_percent,0.4403874709240984,min,1.0586220698720497,1.0586220698720497,0.6173414283913683,0.31415536950481987,0.4403874709240984,,0.1865185265127479,0.07621034389824653,3.3172217989041846,0.20657013824653547,0.5604547742945762,0.07621034389824653,2.854502725859327,1.1912879073625322,0.018349611786239735,0.020347665674110633,93,49861,0.011397386492951436,0.013399824760182054,38,49862,0.07926970609366188,0.08114218526109121,1654,49861,0.01935862548830699,0.021355835037128013,103,49862,0.03248067090381949,0.03446691272648659,279,49781,0.011397386492951436,0.013399824760182054,38,49862,0.07369360165440826,0.075587679725923,1421,49781,0.047617634717323463,0.04957534733169688,594,49862,0.88787,0.9708898668838302,0.29847,0.4388039468988127,0.30826,False,/data/suehara/part/march/datasets/20250711_ilc_nnqq_sgv_10m_3cat_parquet,val50k_tail,150000,proxy
8,8,1080000,,lr_3e-6,3e-06,validation_total_reference_mistag_geomean_percent,0.4605096315566365,min,1.085968703346963,1.085968703346963,0.639275917229164,0.3317333174001106,0.4605096315566365,,0.19110458543695344,0.08605851979345955,3.3755104747519815,0.21814834740044436,0.5679651566688068,0.08005443545254454,2.904048013215687,1.2648600940558272,0.018611635424721627,0.02061553369538062,95,49711,0.012157063164959894,0.014154939422498148,43,49966,0.0800671083251353,0.08194289242352548,1678,49711,0.01989927977819727,0.021891868953418086,109,49966,0.03268823195241065,0.034672338673152114,283,49827,0.011692847565512855,0.013690964144974624,40,49966,0.0742863791645218,0.07617672001681008,1447,49827,0.04902789011521549,0.050978583168435725,632,49966,0.88699,0.9705187814449401,0.30072,0.4388039468988127,0.30863,False,/data/suehara/part/march/datasets/20250711_ilc_nnqq_sgv_10m_3cat_parquet,val50k_tail,150000,proxy
8,8,1080000,,lr_5_75e-6,3.4425e-06,validation_total_reference_mistag_geomean_percent,0.4407224061512445,min,1.0450197429053427,1.0450197429053427,0.6071520891695632,0.31991364725337695,0.4407224061512445,,0.1807156423264183,0.08826833833452342,3.240833633440284,0.20261595199941035,0.5556224385463067,0.07221954954642826,2.8182293460128425,1.2016530430365282,0.0180576332388086,0.020058287190019952,90,49802,0.01233731898817158,0.014339835855681844,44,49848,0.07841662590354695,0.08029439094977206,1614,49802,0.019166198251952437,0.021164127359758148,101,49848,0.032313913474747366,0.03429744080731337,277,49854,0.011072157907053267,0.013075318670662407,36,49848,0.07317809002325877,0.07507084985760408,1405,49854,0.047832729328544515,0.04979057590419542,599,49848,0.88782,0.971048576386259,0.29778,0.4388039468988127,0.30651,False,/data/suehara/part/march/datasets/20250711_ilc_nnqq_sgv_10m_3cat_parquet,val50k_tail,150000,proxy
8,8,1080000,,lr_8_5e-6,4.59e-06,validation_total_reference_mistag_geomean_percent,0.4458831254887327,min,1.069335262978753,1.069335262978753,0.6286812965824454,0.3162361639774482,0.4458831254887327,,0.18040772542349404,0.08225499167911235,3.293443209418596,0.20463436127419612,0.5866752318958823,0.07423011626001998,2.893192988280396,1.239843479598326,0.018026889434884816,0.020024146982934435,90,49887,0.011878210588705033,0.013881089255379559,41,49845,0.07897076921967727,0.08084322579514358,1643,49887,0.019266529692812645,0.021264498060724397,102,49845,0.03325298856635128,0.03523853594187259,292,49772,0.01123815283473401,0.01324135348821266,37,49845,0.07419008836011022,0.07608295425286758,1440,49772,0.048594616694104184,0.050551048764284345,618,49845,0.88778,0.9708106029838822,0.29913,0.4388039468988127,0.3071,False,/data/suehara/part/march/datasets/20250711_ilc_nnqq_sgv_10m_3cat_parquet,val50k_tail,150000,proxy
9,9,1200000,,lr_11_25e-6,5.7375000000000005e-06,validation_total_reference_mistag_geomean_percent,0.45302470842064796,min,1.078969829141123,1.078969829141123,0.6194953142673734,0.33128803675024326,0.45302470842064796,,0.19270530895833865,0.08422572123157498,3.3643133602039654,0.22059118545412246,0.5800766643679925,0.07219348064316707,2.9084121547894264,1.2092407574803967,0.01867438000061393,0.020673950224171574,96,49817,0.012028236205548095,0.014030192379974363,42,49866,0.07985302211444278,0.08172526454139628,1676,49817,0.02003458152838203,0.022031068536448567,110,49866,0.03304523161397864,0.03502909108672181,289,49821,0.011068162339910474,0.01307060108783906,36,49866,0.07434569164820881,0.07623608496379747,1449,49821,0.0479763152547984,0.049933150806756414,603,49866,0.88785,0.9706861305577114,0.29974,0.4388039468988127,0.30646,False,/data/suehara/part/march/datasets/20250711_ilc_nnqq_sgv_10m_3cat_parquet,val50k_tail,150000,proxy
9,9,1200000,,lr_14e-6,6.885e-06,validation_total_reference_mistag_geomean_percent,0.45359496738598143,min,1.0624450741721752,1.0624450741721752,0.6258355036459361,0.32875794556118837,0.45359496738598143,,0.19058699841646679,0.08822055310582223,3.3001645462062883,0.21052631578947367,0.5664584281954129,0.07819548642517955,2.8503706545259737,1.2150376107127843,0.018561269968135986,0.02055976187304567,95,49846,0.012330642484578908,0.014332077220669252,44,49875,0.07908173076556918,0.0809554577899968,1645,49846,0.019549419397559477,0.021545949740177504,105,49875,0.03265778872622278,0.03464370956707202,282,49783,0.011555316505025906,0.013557153240581184,39,49875,0.07363961035786702,0.07553377833920925,1419,49783,0.04808788922357546,0.050044139219806646,606,49875,0.88814,0.9709712914189422,0.29808,0.4388039468988127,0.30943,False,/data/suehara/part/march/datasets/20250711_ilc_nnqq_sgv_10m_3cat_parquet,val50k_tail,150000,proxy
9,9,1200000,,lr_3e-6,3e-06,validation_total_reference_mistag_geomean_percent,0.44918164488777057,min,1.058921234784411,1.058921234784411,0.6173045810037723,0.32684699954113944,0.44918164488777057,,0.18057060708600767,0.08421221436901748,3.3124674068618103,0.2265709631139734,0.5523419328293011,0.07619200683347062,2.8119224378632977,1.22709230931841,0.01804315251427921,0.020042206720362072,90,49842,0.012026307469040654,0.014027943069450413,42,49874,0.07922901128181309,0.08110239501084304,1651,49842,0.020315043845120853,0.022310970824215934,113,49874,0.03223672526682514,0.03422301372693545,275,49788,0.011394645026870315,0.013396602239748503,38,49874,0.07314520898995501,0.07504073119158107,1400,49788,0.04832829438879381,0.05028410021245197,612,49874,0.88755,0.97077684240796,0.29952,0.4388039468988127,0.30878,False,/data/suehara/part/march/datasets/20250711_ilc_nnqq_sgv_10m_3cat_parquet,val50k_tail,150000,proxy
9,9,1200000,,lr_5_75e-6,3.4425e-06,validation_total_reference_mistag_geomean_percent,0.45001193819252533,min,1.0581684977828822,1.0581684977828822,0.6163804361648182,0.3285483000982895,0.45001193819252533,,0.1845832849831178,0.08421221436901748,3.3084546739854415,0.2265709631139734,0.5503334322269702,0.07619200683347062,2.8099141485390096,1.225087258212058,0.018252689077113644,0.020251582270413647,92,49842,0.012026307469040654,0.014027943069450413,42,49874,0.07918203003635244,0.08105557477816605,1649,49842,0.020315043845120853,0.022310970824215934,113,49874,0.03217660188508621,0.034162971026315256,274,49788,0.011394645026870315,0.013396602239748503,38,49874,0.07311947220522003,0.07501507508796482,1399,49788,0.048288471374152014,0.05024435760092698,611,49874,0.88755,0.9707861883785808,0.29941,0.4388039468988127,0.30871,False,/data/suehara/part/march/datasets/20250711_ilc_nnqq_sgv_10m_3cat_parquet,val50k_tail,150000,proxy
9,9,1200000,,lr_8_5e-6,4.59e-06,validation_total_reference_mistag_geomean_percent,0.45208405474478647,min,1.0819570835626688,1.0819570835626688,0.6197792377213497,0.32976256724233083,0.45208405474478647,,0.19271303824149352,0.08222859569679049,3.3825152282798423,0.2206132993167303,0.5779882910099079,0.07220071516782613,2.9140243647581623,1.2133731360305966,0.018675129129549488,0.020674779320723313,96,49815,0.011874400202413808,0.013876637232797837,41,49861,0.08006556579900695,0.08193715262626508,1685,49815,0.02003658864864694,0.022033274970696248,110,49861,0.03298202470432398,0.034965689306074715,288,49828,0.011069271930380372,0.013071911186006034,36,49861,0.0744110583752601,0.07630096087206314,1452,49828,0.04806127599328285,0.05001814201640916,605,49861,0.88784,0.9706999716902858,0.29974,0.4388039468988127,0.30975,False,/data/suehara/part/march/datasets/20250711_ilc_nnqq_sgv_10m_3cat_parquet,val50k_tail,150000,proxy
10,10,1320000,,lr_11_25e-6,5.7375000000000005e-06,validation_total_reference_mistag_geomean_percent,0.4522783012236809,min,1.0814492867544798,1.0814492867544798,0.6217096674629357,0.3290212014758056,0.4522783012236809,,0.18244151827332644,0.08824178248400617,3.4242868153710693,0.2125824715605745,0.5867931605145579,0.07420331527224157,2.8998031208193042,1.1832421097407586,0.01813475755680471,0.020132253887660725,91,49879,0.01233360892717644,0.014335524466143073,44,49863,0.08049623046715582,0.08236374102152527,1708,49879,0.01965135892955099,0.021648287275612958,106,49863,0.03325965291421252,0.0352455945521633,292,49762,0.011234097157419225,0.013236575766552534,37,49863,0.07428079805459863,0.07617377866016538,1443,49762,0.04745466163671216,0.049412657702679365,590,49863,0.8877,0.9707955929741425,0.29911,0.4388039468988127,0.30722,False,/data/suehara/part/march/datasets/20250711_ilc_nnqq_sgv_10m_3cat_parquet,val50k_tail,150000,proxy
10,10,1320000,,lr_14e-6,6.885e-06,validation_total_reference_mistag_geomean_percent,0.4507381406754999,min,1.0553055070028072,1.0553055070028072,0.6065849941047536,0.33493224104472546,0.4507381406754999,,0.1846388458990263,0.0900810751668952,3.315471451796792,0.22820538624047157,0.5812316352984341,0.07206485696375063,2.8277220400494,1.1430287646076882,0.01825817955492259,0.020257672255796756,92,49827,0.012460363331982761,0.014458518465581681,45,49955,0.07927595411312202,0.08114978121709984,1652,49827,0.02037570018451791,0.022368325479383503,114,49955,0.03311085097086634,0.03509861391163957,289,49722,0.011048448783920967,0.013047325200832944,36,49955,0.07339535599260871,0.07529275871830596,1406,49722,0.04659167651524555,0.04854767664632664,571,49955,0.88824,0.9709624150177586,0.2981,0.4388039468988127,0.30833,False,/data/suehara/part/march/datasets/20250711_ilc_nnqq_sgv_10m_3cat_parquet,val50k_tail,150000,proxy
10,10,1320000,,lr_3e-6,3e-06,validation_total_reference_mistag_geomean_percent,0.45499480708874984,min,1.0758109808168903,1.0758109808168903,0.6203363764915387,0.3337226097372873,0.45499480708874984,,0.19267435270813657,0.09029798223911881,3.3517310907823368,0.2127019160633632,0.5798090282324248,0.0722383873838196,2.8789825509785962,1.2280525381473282,0.01867138408578172,0.020670634502822548,96,49825,0.012490356402406996,0.014493314184598784,45,49835,0.07970050206312779,0.08157294893589573,1670,49825,0.019662389965447107,0.0216604354780756,106,49835,0.03303002392685038,0.03501297872656592,289,49844,0.011075045388980038,0.01307872793225494,36,49835,0.07395776950501233,0.07584847138383012,1435,49844,0.0483658940035412,0.05032319183749731,612,49835,0.88756,0.9707949184556658,0.29936,0.4388039468988127,0.30796,False,/data/suehara/part/march/datasets/20250711_ilc_nnqq_sgv_10m_3cat_parquet,val50k_tail,150000,proxy
10,10,1320000,,lr_5_75e-6,3.4425e-06,validation_total_reference_mistag_geomean_percent,0.45002800909243373,min,1.0612121902576117,1.0612121902576117,0.6066477854042465,0.3338431522217537,0.45002800909243373,,0.18420262378559102,0.0924177299443824,3.301631778961556,0.22099891672222888,0.5644270246653473,0.07031783800116052,2.8643165730647993,1.1913850369158296,0.018215076798865495,0.02020986306311551,92,49945,0.012654009356679891,0.01465933662024067,46,49774,0.07902142251568281,0.08089137679450423,1649,49945,0.020071577030996532,0.022071737797843508,110,49774,0.03259711700444971,0.03458303967201672,281,49785,0.01092074579496147,0.01292696105014493,35,49774,0.07381526954793396,0.07570880120095977,1426,49785,0.04766082039360242,0.04962199025556231,593,49774,0.88759,0.9707103390684292,0.29965,0.4388039468988127,0.3073,False,/data/suehara/part/march/datasets/20250711_ilc_nnqq_sgv_10m_3cat_parquet,val50k_tail,150000,proxy
10,10,1320000,,lr_8_5e-6,4.59e-06,validation_total_reference_mistag_geomean_percent,0.454348107987556,min,1.0735533215207422,1.0735533215207422,0.6190380947543982,0.3334725358279821,0.454348107987556,,0.19267435270813657,0.09029798223911881,3.3416959440902287,0.2127019160633632,0.5778027502233016,0.0722383873838196,2.8789825509785962,1.2220326884793733,0.01867138408578172,0.020670634502822548,96,49825,0.012490356402406996,0.014493314184598784,45,49835,0.07958369451429165,0.08145654419374482,1665,49825,0.019662389965447107,0.0216604354780756,106,49835,0.03297146557637237,0.03495450087601894,288,49844,0.011075045388980038,0.01307872793225494,36,49835,0.07395776950501233,0.07584847138383012,1435,49844,0.048246231615090875,0.05020377103607445,609,49835,0.88763,0.9708201167378152,0.29903,0.4388039468988127,0.30772,False,/data/suehara/part/march/datasets/20250711_ilc_nnqq_sgv_10m_3cat_parquet,val50k_tail,150000,proxy
11,11,1440000,,lr_11_25e-6,5.7375000000000005e-06,validation_total_reference_mistag_geomean_percent,0.45115870520707263,min,1.0487892290843512,1.0487892290843512,0.6331250768604125,0.3214912577676945,0.45115870520707263,,0.18910436162331043,0.0841548412096149,3.190633356738744,0.2103871057256201,0.5712796844502631,0.08014747448381093,2.8203175094998945,1.244289498943552,0.01850967759186974,0.020513777277257943,94,49708,0.01201811723486625,0.014018391540305566,42,49908,0.07789179585837545,0.07977513154010518,1586,49708,0.01953650475417963,0.021531720562459247,105,49908,0.032766319541955705,0.034747867391523524,285,49888,0.011706431984976945,0.013706866877627661,40,49908,0.07318015705607,0.07507154323293311,1407,49888,0.048652224193773685,0.05060600850150705,621,49908,0.88805,0.9708072529307662,0.29857,0.4388039468988127,0.30822,False,/data/suehara/part/march/datasets/20250711_ilc_nnqq_sgv_10m_3cat_parquet,val50k_tail,150000,proxy
11,11,1440000,,lr_14e-6,6.885e-06,validation_total_reference_mistag_geomean_percent,0.45033202965061003,min,1.0780642749797757,1.0780642749797757,0.6206314608381748,0.3267622570331095,0.45033202965061003,,0.19469702533271635,0.08409755480610545,3.376086483367741,0.20623924054010914,0.558895097413072,0.07408593806028509,2.890975153807479,1.239437706510698,0.018774654558041712,0.020773984291279423,97,49821,0.01200993814863072,0.014008853009445587,42,49942,0.07998636590390573,0.08185798541378991,1682,49821,0.01932764332612555,0.021321666943548798,103,49942,0.032446984022342466,0.03443488579241618,278,49741,0.011216331802268456,0.013215647584672814,37,49942,0.07418491850782159,0.07607905323293133,1438,49741,0.04854032611496181,0.05049297462435126,619,49942,0.88759,0.9708986041807951,0.29863,0.4388039468988127,0.30699,False,/data/suehara/part/march/datasets/20250711_ilc_nnqq_sgv_10m_3cat_parquet,val50k_tail,150000,proxy
11,11,1440000,,lr_3e-6,3e-06,validation_total_reference_mistag_geomean_percent,0.44844429370963795,min,1.0577848390939044,1.0577848390939044,0.6292789137034859,0.31957575596676474,0.44844429370963795,,0.1848354598887648,0.08426459494260194,3.240647738905735,0.20664887456518,0.5833183207666877,0.07623939505082362,2.8484373874357947,1.2378869411956481,0.018277605725563813,0.02027921956961154,92,49774,0.012033784770657701,0.014036663167623656,42,49843,0.07843621305684556,0.08031504187742955,1613,49774,0.01936599835402049,0.021363966058158365,103,49843,0.033118338496968686,0.0350994434400672,291,49887,0.011401729846457294,0.013404930256067694,38,49843,0.07353922357576682,0.07542952034177604,1421,49887,0.048556908892401565,0.0505134979717263,617,49843,0.88789,0.970745673325454,0.29924,0.4388039468988127,0.30796,False,/data/suehara/part/march/datasets/20250711_ilc_nnqq_sgv_10m_3cat_parquet,val50k_tail,150000,proxy
11,11,1440000,,lr_5_75e-6,3.4425e-06,validation_total_reference_mistag_geomean_percent,0.45327901631299716,min,1.08604584975233,1.08604584975233,0.6325621859968957,0.3248089613606569,0.45327901631299716,,0.18229167246156286,0.08630032851433647,3.357371889285006,0.2107333556791636,0.6029181215001084,0.07225143570182277,2.916113892010433,1.2603861028662071,0.018119874831465245,0.020115736626434653,91,49920,0.01219121010923545,0.01419469013712668,43,49826,0.07969102068159303,0.08155967828881797,1676,49920,0.019568627216355126,0.02156711264184471,105,49826,0.03372551958827569,0.035710972747554554,300,49758,0.011077045297324523,0.013081089231938502,36,49826,0.07448898327193816,0.07638146045227841,1451,49758,0.04900781623278835,0.05096416977027635,628,49826,0.88756,0.9706925784513046,0.29987,0.4388039468988127,0.30823,False,/data/suehara/part/march/datasets/20250711_ilc_nnqq_sgv_10m_3cat_parquet,val50k_tail,150000,proxy
11,11,1440000,,lr_8_5e-6,4.59e-06,validation_total_reference_mistag_geomean_percent,0.4536028100420974,min,1.0738994850585408,1.0738994850585408,0.6190564197813067,0.33236955906341153,0.4536028100420974,,0.19442774174385213,0.08623974902885537,3.423531713351309,0.2125910087134546,0.5788595435333539,0.07621186824947702,2.8520893188415086,1.1672449370065143,0.018748710102421576,0.0207452855272064,97,49890,0.012182655402203854,0.014184731542491218,43,49861,0.08047878565336716,0.08234591472394484,1708,49890,0.019652146450198534,0.021649154552441218,106,49861,0.033031610904175716,0.03501823069087598,288,49753,0.011397615008004455,0.013400093373533472,38,49861,0.07368338707473866,0.07557862808767225,1419,49753,0.047130780278982834,0.04908949653822069,582,49861,0.88804,0.9708489901915044,0.29898,0.4388039468988127,0.30797,False,/data/suehara/part/march/datasets/20250711_ilc_nnqq_sgv_10m_3cat_parquet,val50k_tail,150000,proxy
12,12,1560000,,lr_11_25e-6,5.7375000000000005e-06,validation_total_reference_mistag_geomean_percent,0.43960404516447804,min,1.0717008897236082,1.0717008897236082,0.6097275331550076,0.3169476627125565,0.43960404516447804,,0.1809154316424226,0.0822187005390584,3.316782989745636,0.2045440897756794,0.5953096834837535,0.0641706940461628,2.8683103049921232,1.261355223564031,0.01807758222890836,0.020080440014866113,90,49747,0.011872971937740437,0.013874968460490626,41,49867,0.07935427987193419,0.08123106756504281,1650,49747,0.01925803731018499,0.021255127865760746,102,49867,0.033464033474597726,0.03544453858849396,297,49890,0.010382894425657553,0.012385614779630199,32,49867,0.07378911838817268,0.07567850483933061,1431,49890,0.04900703091309244,0.05096173712930939,629,49867,0.88743,0.9708809590304806,0.29862,0.4388039468988127,0.30893,False,/data/suehara/part/march/datasets/20250711_ilc_nnqq_sgv_10m_3cat_parquet,val50k_tail,150000,proxy
12,12,1560000,,lr_14e-6,6.885e-06,validation_total_reference_mistag_geomean_percent,0.44667120045888165,min,1.07413164129418,1.07413164129418,0.6087350526508689,0.32775369259671566,0.44667120045888165,,0.1888991539775989,0.08626223382119794,3.362003032733372,0.21064034588008748,0.5912534616692084,0.06620125375089257,2.862067463361914,1.2257261851591672,0.01848960779318415,0.020491540990137603,94,49762,0.012185831462949485,0.014188428817472117,43,49848,0.07986979162943608,0.08174419618161705,1673,49762,0.019559998630856418,0.02155760579061277,105,49848,0.03334587348499413,0.035326382415454965,295,49894,0.010561994572273248,0.01256539679691947,33,49848,0.07370711808186992,0.07559660329749182,1428,49894,0.04831351088685192,0.050270391618354414,611,49848,0.88751,0.9709166051960523,0.29837,0.4388039468988127,0.30878,False,/data/suehara/part/march/datasets/20250711_ilc_nnqq_sgv_10m_3cat_parquet,val50k_tail,150000,proxy
12,12,1560000,,lr_3e-6,3e-06,validation_total_reference_mistag_geomean_percent,0.4396495800136468,min,1.077223036993694,1.077223036993694,0.611903816738895,0.3158858433606656,0.4396495800136468,,0.17689508741482793,0.0822187005390584,3.346935450737128,0.2045440897756794,0.5973140917309513,0.0641706940461628,2.8723189660773722,1.273387215628372,0.017865295194700936,0.019868314608982824,88,49747,0.011872971937740437,0.013874968460490626,41,49867,0.079706393798748,0.08158196927942618,1665,49747,0.01925803731018499,0.021255127865760746,102,49867,0.033521632100282084,0.03550205686262374,298,49890,0.010382894425657553,0.012385614779630199,32,49867,0.07383985298260037,0.07572907873064985,1433,49890,0.04924195134812723,0.0511961750101958,635,49867,0.88731,0.9708344739466082,0.29919,0.4388039468988127,0.30932,False,/data/suehara/part/march/datasets/20250711_ilc_nnqq_sgv_10m_3cat_parquet,val50k_tail,150000,proxy
12,12,1560000,,lr_5_75e-6,3.4425e-06,validation_total_reference_mistag_geomean_percent,0.4504638787887978,min,1.0959892876201356,1.0959892876201356,0.6130218258577197,0.3310122046789003,0.4504638787887978,,0.19444724004549763,0.0842324849487901,3.4479302606439775,0.2125867331553819,0.5848423421715002,0.06618266285685478,2.9342606473340935,1.243431929804989,0.01875058772546584,0.020747362482767408,97,49885,0.012029200805813309,0.014031317305757195,42,49862,0.08076249778161126,0.08262883582276226,1720,49885,0.01965175268198501,0.021648720905341045,106,49862,0.033204633695717564,0.03519085330527813,291,49757,0.010559029782623462,0.012561870258962524,33,49862,0.07471732354669205,0.07660910936983303,1460,49757,0.04865730975506695,0.05061293088207651,620,49862,0.88699,0.9706874239650537,0.30039,0.4388039468988127,0.30674,False,/data/suehara/part/march/datasets/20250711_ilc_nnqq_sgv_10m_3cat_parquet,val50k_tail,150000,proxy
12,12,1560000,,lr_8_5e-6,4.59e-06,validation_total_reference_mistag_geomean_percent,0.45038108588538944,min,1.0830776786399838,1.0830776786399838,0.6144441955695937,0.33012456458355127,0.45038108588538944,,0.19038457940683537,0.08435936926542678,3.440950771619533,0.21491553703961194,0.5921554581560704,0.07029947559440257,2.8844994247374345,1.1870568133005572,0.018541571299390956,0.020537948671060485,95,49899,0.01204731574973322,0.01405244311492483,42,49787,0.08067140139838627,0.08253749555788628,1717,49899,0.019778256268137423,0.021778139149948323,107,49787,0.033396605586865066,0.035380099617422694,295,49818,0.01091789502935354,0.012923587185063087,35,49787,0.07404654525452158,0.07593801238238614,1437,49818,0.04756731289288132,0.04952814454459529,591,49787,0.88745,0.9707342652226791,0.2996,0.4388039468988127,0.30909,False,/data/suehara/part/march/datasets/20250711_ilc_nnqq_sgv_10m_3cat_parquet,val50k_tail,150000,proxy
13,13,1680000,,lr_11_25e-6,5.7375000000000005e-06,validation_total_reference_mistag_geomean_percent,0.4538486544428294,min,1.0711382235869995,1.0711382235869995,0.6254668536991992,0.32931977117787675,0.4538486544428294,,0.1868220232879855,0.08816398501212255,3.3306548148630015,0.21439878081630792,0.558042423690236,0.07814535283647503,2.9046310729397646,1.2082473352501035,0.018379445643515045,0.020380738425223928,93,49780,0.012322738942759981,0.014322892666210677,44,49907,0.07949043899644209,0.08136542524093404,1658,49780,0.019730744144454377,0.021725839168028425,107,49907,0.03239761033148768,0.034382513682271965,278,49817,0.011547909593343116,0.013548464800910976,39,49907,0.07430107657737661,0.07619177347611694,1447,49817,0.04793712808582526,0.04989239588497375,603,49907,0.88777,0.970813708532472,0.29891,0.4388039468988127,0.30773,False,/data/suehara/part/march/datasets/20250711_ilc_nnqq_sgv_10m_3cat_parquet,val50k_tail,150000,proxy
13,13,1680000,,lr_14e-6,6.885e-06,validation_total_reference_mistag_geomean_percent,0.44851743014029294,min,1.0761673504597922,1.0761673504597922,0.6286904878253444,0.3199792092218496,0.44851743014029294,,0.18829751190765698,0.08022462896109106,3.3593077476328768,0.2065784207127649,0.5832311088866565,0.07621339975212038,2.90609973421577,1.2093862516093994,0.018430765322725126,0.020426346529004314,94,49921,0.011717698156153743,0.01372005572503679,40,49860,0.07971270064545816,0.08158124326369531,1677,49921,0.019359401315059158,0.021356690642606757,103,49860,0.03316878343371365,0.03515642597653815,290,49723,0.011397843532220996,0.013400361997654379,38,49860,0.07438888902602352,0.07628310108487475,1445,49723,0.04798205533680638,0.049939120526770915,603,49860,0.8876,0.9707966602077298,0.29898,0.4388039468988127,0.30732,False,/data/suehara/part/march/datasets/20250711_ilc_nnqq_sgv_10m_3cat_parquet,val50k_tail,150000,proxy
13,13,1680000,,lr_3e-6,3e-06,validation_total_reference_mistag_geomean_percent,0.4556692333601427,min,1.0842775239701496,1.0842775239701496,0.6305702010199127,0.32928046694116353,0.4556692333601427,,0.1987353184950603,0.08229461330924502,3.378500465641868,0.21276168866344713,0.5875511348166095,0.0742658698195091,2.883612893801196,1.2564982072142623,0.018978917174871997,0.02097832558499379,99,49815,0.011883930755541812,0.013887772648090466,41,49821,0.08001908798949339,0.08189083600411914,1683,49815,0.01966791012878923,0.021666514693566327,106,49821,0.03324726879622153,0.03522895877857545,293,49868,0.011243564961845282,0.01324772915148757,37,49821,0.07399868652004996,0.0758882927789438,1438,49868,0.048934003847414705,0.05089070979001926,626,49821,0.88747,0.9706720770504469,0.30014,0.4388039468988127,0.30863,False,/data/suehara/part/march/datasets/20250711_ilc_nnqq_sgv_10m_3cat_parquet,val50k_tail,150000,proxy
13,13,1680000,,lr_5_75e-6,3.4425e-06,validation_total_reference_mistag_geomean_percent,0.44265573898893,min,1.0627344511419836,1.0627344511419836,0.6180411208589874,0.31704056032307665,0.44265573898893,,0.18649608527824899,0.08228140461348381,3.2807268249640553,0.20068634386632456,0.5782203718746821,0.07024022379468178,2.836893554806921,1.2663307999374718,0.018347405723310964,0.02034522011010924,93,49867,0.01188202342121687,0.013885544135549772,41,49829,0.07883698469767011,0.08071070224266383,1636,49867,0.019073795388727846,0.021072563747254497,100,49829,0.032995233128617435,0.03497968491981149,288,49808,0.010908695026728216,0.012912699031482084,35,49829,0.07344978984988038,0.07534354826014,1413,49808,0.0491226732594793,0.051078670415750406,631,49829,0.88733,0.9708696750436222,0.29894,0.4388039468988127,0.30742,False,/data/suehara/part/march/datasets/20250711_ilc_nnqq_sgv_10m_3cat_parquet,val50k_tail,150000,proxy
13,13,1680000,,lr_8_5e-6,4.59e-06,validation_total_reference_mistag_geomean_percent,0.4500178787079787,min,1.079431633705429,1.079431633705429,0.6329982904877193,0.3199314977624857,0.4500178787079787,,0.18829751190765698,0.08022462896109106,3.3573045971023805,0.2065784207127649,0.5912756526804087,0.07621339975212038,2.912133214453221,1.2234256440737894,0.018430765322725126,0.020426346529004314,94,49921,0.011717698156153743,0.01372005572503679,40,49860,0.079689451072492,0.08155807394252187,1676,49921,0.019359401315059158,0.021356690642606757,103,49860,0.03340214927829302,0.03538946825234193,294,49723,0.011397843532220996,0.013400361997654379,38,49860,0.0744648166121558,0.07635878599442543,1448,49723,0.04826208316911461,0.050218585221152925,610,49860,0.88749,0.970760501663141,0.29939,0.4388039468988127,0.30763,False,/data/suehara/part/march/datasets/20250711_ilc_nnqq_sgv_10m_3cat_parquet,val50k_tail,150000,proxy
14,14,1800000,,lr_11_25e-6,5.7375000000000005e-06,validation_total_reference_mistag_geomean_percent,0.44835729840805094,min,1.0743198906591178,1.0743198906591178,0.6211309363254441,0.3236423357448719,0.44835729840805094,,0.19246191611672372,0.08008488685174696,3.3540496326262392,0.21222495534390054,0.5696801112656468,0.0740785217862473,2.8926866484917406,1.2192924527906972,0.0186508131643311,0.02064786767772978,96,49880,0.011697294160317348,0.013696169595170253,40,49947,0.07968400659620206,0.08155429589596364,1673,49880,0.01961833996083954,0.021611924290203817,106,49947,0.032786675726728234,0.03477670430542838,283,49677,0.011215209303134535,0.01321432524278238,37,49947,0.07425370525053487,0.07615021127910099,1437,49677,0.04813867365377634,0.050091933345856356,609,49947,0.8878,0.9708074315687328,0.29916,0.4388039468988127,0.30951,False,/data/suehara/part/march/datasets/20250711_ilc_nnqq_sgv_10m_3cat_parquet,val50k_tail,150000,proxy
14,14,1800000,,lr_14e-6,6.885e-06,validation_total_reference_mistag_geomean_percent,0.4444993595433688,min,1.0527744585959966,1.0527744585959966,0.6063848300701045,0.3258321627399926,0.4444993595433688,,0.1843835132059177,0.08645301697495279,3.286836560865889,0.21512726503051421,0.5574493697222382,0.07237926878207566,2.839382481101942,1.180184193084444,0.018232950668956048,0.020229688608402584,92,49896,0.012212772259450125,0.014219790775552476,43,49738,0.07888615781738231,0.08075854146288516,1640,49896,0.019797722910548522,0.021799567448360688,107,49738,0.032363267514866,0.03434608520978457,278,49870,0.011096638081835992,0.013104222501813818,36,49738,0.07343639697552466,0.07532770124477027,1416,49870,0.047451058229546275,0.04941409793018277,587,49738,0.8879,0.9709721418244796,0.29801,0.4388039468988127,0.30762,False,/data/suehara/part/march/datasets/20250711_ilc_nnqq_sgv_10m_3cat_parquet,val50k_tail,150000,proxy
14,14,1800000,,lr_3e-6,3e-06,validation_total_reference_mistag_geomean_percent,0.4437600061417079,min,1.0633573321847023,1.0633573321847023,0.6256785144364007,0.3147350252681652,0.4437600061417079,,0.16840754955914308,0.08241537408903697,3.318029628790499,0.21307389921464112,0.5814303207182283,0.07638498367448136,2.861038217753402,1.2060786836781867,0.017387238910871426,0.01938529795071655,84,49879,0.011901363510023993,0.013908140917671117,41,49748,0.07926501141736209,0.08113678248264922,1655,49879,0.019696744128520644,0.021698268826809367,106,49748,0.03306664577484532,0.03504822361202484,290,49877,0.011423496364156223,0.013430516204542962,38,49748,0.07370646726793939,0.07559663775777992,1427,49877,0.04796866243839456,0.04993026654555987,600,49748,0.88764,0.9708568681890078,0.29885,0.4388039468988127,0.30994,False,/data/suehara/part/march/datasets/20250711_ilc_nnqq_sgv_10m_3cat_parquet,val50k_tail,150000,proxy
14,14,1800000,,lr_5_75e-6,3.4425e-06,validation_total_reference_mistag_geomean_percent,0.4422060791650602,min,1.0605303995779796,1.0605303995779796,0.6204580614667454,0.3151642771604414,0.4422060791650602,,0.18301020965526302,0.07808433355850572,3.284128327103912,0.2102270507322244,0.5718987043967156,0.07408000894168858,2.859493397216994,1.2233211650185325,0.018191243123665424,0.02019494306468527,91,49724,0.011538895248241251,0.013537890810293923,39,49946,0.07898899379346278,0.08086796298848661,1633,49724,0.01952165446763741,0.021515358712328406,105,49946,0.03280173164848599,0.03478540181187746,285,49834,0.011215433784987107,0.013214589689990132,37,49946,0.07371825953966897,0.07561012294817863,1425,49834,0.04821926643869684,0.05017240391694856,611,49946,0.8879,0.970843035306879,0.29888,0.4388039468988127,0.30889,False,/data/suehara/part/march/datasets/20250711_ilc_nnqq_sgv_10m_3cat_parquet,val50k_tail,150000,proxy
14,14,1800000,,lr_8_5e-6,4.59e-06,validation_total_reference_mistag_geomean_percent,0.4448396729483411,min,1.0690854893363229,1.0690854893363229,0.6203690088658946,0.318975209594268,0.4448396729483411,,0.18888018627939465,0.08216762034065861,3.2953563576094713,0.2024129191429325,0.5738477905861853,0.07214718095370788,2.907361565829984,1.230510293948248,0.018487751679782713,0.020489484512862307,94,49767,0.011865598040379803,0.013866352860237966,41,49898,0.07908727953247138,0.08096417406869214,1640,49767,0.01914700963177049,0.0211429449041262,101,49898,0.032857325506882584,0.03484071845271386,286,49839,0.011061066225189245,0.01306222267400595,36,49898,0.07431922725891216,0.07620897999949458,1449,49839,0.04838469262479564,0.05033942076600531,614,49898,0.88759,0.9707536716602808,0.29921,0.4388039468988127,0.30664,False,/data/suehara/part/march/datasets/20250711_ilc_nnqq_sgv_10m_3cat_parquet,val50k_tail,150000,proxy
15,15,1920000,,lr_11_25e-6,4.7334375e-06,validation_total_reference_mistag_geomean_percent,0.4490419672718882,min,1.0709476555807977,1.0709476555807977,0.624512824586294,0.32287357510229237,0.4490419672718882,,0.18860353037628844,0.08221540818314285,3.328651655075481,0.21055163912600508,0.5763630974943297,0.07419439038965278,2.865749438233569,1.241252085767913,0.018460694800343458,0.020459506881509503,94,49840,0.011872495925865392,0.01387441229224359,41,49869,0.07941975628417489,0.081292565750863,1659,49840,0.019551769349205793,0.021548538884184336,105,49869,0.032945105288983804,0.03493014974682539,287,49795,0.011232745915405674,0.013234983958746371,37,49869,0.07382612264844358,0.07571921648838152,1427,49795,0.04861096079426513,0.05056639483956519,619,49869,0.8877,0.9708093432630015,0.29873,0.4388039468988127,0.30687,False,/data/suehara/part/march/datasets/20250711_ilc_nnqq_sgv_10m_3cat_parquet,val50k_tail,150000,proxy
15,15,1920000,,lr_14e-6,6.024375e-06,validation_total_reference_mistag_geomean_percent,0.4477322141280448,min,1.0724985611638165,1.0724985611638165,0.6004015385424761,0.3338834474918976,0.4477322141280448,,0.1863242079884912,0.09030341705616814,3.4079299007290134,0.21672820571295232,0.5566832226467868,0.06822924860957504,2.8557649371145404,1.1980253494530042,0.018330510180446128,0.020326490298083862,93,49913,0.012491108079292542,0.014494186223514666,45,49832,0.08028104978152206,0.0821479436470568,1701,49913,0.01985679911273544,0.021854803318511723,108,49832,0.03237544953505278,0.03436272111008955,277,49759,0.010737964758188894,0.012741928828171408,34,49832,0.07372572361921334,0.07562058837860819,1421,49759,0.047767360421975026,0.04972598120076711,597,49832,0.88743,0.970762610066579,0.29914,0.4388039468988127,0.30623,False,/data/suehara/part/march/datasets/20250711_ilc_nnqq_sgv_10m_3cat_parquet,val50k_tail,150000,proxy
15,15,1920000,,lr_3e-6,3e-06,validation_total_reference_mistag_geomean_percent,0.45186313403561756,min,1.0719107907092051,1.0719107907092051,0.6290567976737449,0.3245816477233061,0.45186313403561756,,0.19045327390968,0.08222694496285184,3.3339346804738685,0.2125867331553819,0.5807760950233916,0.07621034389824653,2.863688580858259,1.2354096733919608,0.01854825672289286,0.020545351735971516,95,49881,0.011874162134439033,0.013876359076204593,41,49862,0.0794491077275361,0.08132016603455,1663,49881,0.01965175268198501,0.021648720905341045,106,49862,0.03308496983581641,0.035071193214707835,289,49761,0.011397386492951436,0.013399824760182054,38,49862,0.07382487302200445,0.07571934316264635,1425,49761,0.048498850645864455,0.05045479354016079,616,49862,0.88753,0.9707814465039949,0.29908,0.4388039468988127,0.30707,False,/data/suehara/part/march/datasets/20250711_ilc_nnqq_sgv_10m_3cat_parquet,val50k_tail,150000,proxy
15,15,1920000,,lr_5_75e-6,3e-06,validation_total_reference_mistag_geomean_percent,0.4529247618772481,min,1.07646731574864,1.07646731574864,0.6333791236531461,0.3238831724329172,0.4529247618772481,,0.18860353037628844,0.08221540818314285,3.3386837554129882,0.21255690557933984,0.5884124867062647,0.07619963970741646,2.8777989334719773,1.2472678665517019,0.018460694800343458,0.020459506881509503,94,49840,0.011872495925865392,0.01387441229224359,41,49869,0.07953676365096973,0.08140917055339536,1664,49840,0.019648996746262172,0.021645685862000136,106,49869,0.03329587754709387,0.035280438054314904,293,49795,0.01139578714411298,0.01339794476821305,38,49869,0.07397872018345755,0.07587133007277494,1433,49795,0.04872954022191213,0.050684733009490404,622,49869,0.8876,0.9707814053518167,0.29902,0.4388039468988127,0.30707,False,/data/suehara/part/march/datasets/20250711_ilc_nnqq_sgv_10m_3cat_parquet,val50k_tail,150000,proxy
15,15,1920000,,lr_8_5e-6,3.4425e-06,validation_total_reference_mistag_geomean_percent,0.43698883008291173,min,1.0492832297721426,1.0492832297721426,0.6185781124802158,0.30870674820932886,0.43698883008291173,,0.1806829781283608,0.07623174711681241,3.2543011853611814,0.20261595199941035,0.569766289407473,0.07623174711681241,2.8528438656086617,1.1815920734384282,0.01805437304963045,0.020054666834996633,90,49811,0.011400586537775906,0.013403586327360334,38,49848,0.0785690348489465,0.08044591988633776,1621,49811,0.019166198251952437,0.021164127359758148,101,49848,0.03273553791654938,0.03471885588487364,284,49845,0.011400586537775906,0.013403586327360334,38,49848,0.07362580606351532,0.07551751878606752,1422,49845,0.04742825441085199,0.04938690585662656,589,49848,0.88797,0.9709451822095376,0.2977,0.43698883008291173,0.30659,False,/data/suehara/part/march/datasets/20250711_ilc_nnqq_sgv_10m_3cat_parquet,val50k_tail,150000,proxy
16,16,2040000,,lr_11_25e-6,4.303125e-06,validation_total_reference_mistag_geomean_percent,0.4439354336247931,min,1.064263617954702,1.064263617954702,0.6061333446038762,0.3251407812853937,0.4439354336247931,,0.18878155471473407,0.08410260558947641,3.3478602162615223,0.210256511275461,0.5444828243983073,0.07208794659085699,2.8670739831388348,1.1994633016684246,0.01847810589421326,0.02047879748132656,94,49793,0.012010659384868911,0.01400969412234677,42,49939,0.07968076171769867,0.08155456739143557,1667,49793,0.019524388350152574,0.021518370868656937,105,49939,0.03200582021843611,0.03399306298693481,271,49772,0.011051987614862945,0.013051503516052564,36,49939,0.07385975429961625,0.07575366972135955,1427,49772,0.04774606501547658,0.049700431721712984,599,49939,0.88792,0.9708556294495002,0.29828,0.43698883008291173,0.30635,False,/data/suehara/part/march/datasets/20250711_ilc_nnqq_sgv_10m_3cat_parquet,val50k_tail,150000,proxy
16,16,2040000,,lr_14e-6,5.16375e-06,validation_total_reference_mistag_geomean_percent,0.4423867806128936,min,1.0515529668098018,1.0515529668098018,0.5992387458392029,0.3265911375389524,0.4423867806128936,,0.18473896487997718,0.09026899764608602,3.2389558375592182,0.21062767277890587,0.5536276524577407,0.06820324333396968,2.8804684277391885,1.1855329380833282,0.018268070743323844,0.02026864346452127,92,49800,0.01248634898641832,0.014488665081996237,45,49851,0.0783959227650545,0.08027383863729518,1613,49800,0.019558822595094005,0.0215563100511457,105,49851,0.03225473526872469,0.03423838241176907,276,49853,0.010733873211795166,0.012737074557952912,34,49851,0.07396995956269088,0.07586026049831822,1436,49853,0.04750658913371588,0.049464964609604624,591,49851,0.8879,0.9709455437329599,0.29772,0.43698883008291173,0.30666,False,/data/suehara/part/march/datasets/20250711_ilc_nnqq_sgv_10m_3cat_parquet,val50k_tail,150000,proxy
16,16,2040000,,lr_3e-6,3e-06,validation_total_reference_mistag_geomean_percent,0.44345363574528524,min,1.0570724326998493,1.0570724326998493,0.6010901491099728,0.32715746106784677,0.44345363574528524,,0.18469446109382545,0.09026899764608602,3.262266196312155,0.21062767277890587,0.5557673284014524,0.06820324333396968,2.8952066914545767,1.189544870577823,0.01826367333683488,0.02026376590499436,92,49812,0.01248634898641832,0.014488665081996237,45,49851,0.0786623599107042,0.08053888747898558,1625,49812,0.019558822595094005,0.0215563100511457,105,49851,0.03232232038025539,0.034306359249476615,277,49841,0.010733873211795166,0.012737074557952912,34,49851,0.07416474743903341,0.07605491208902797,1443,49841,0.04758761996996978,0.04954583449120753,593,49851,0.88788,0.9709585284977718,0.29779,0.43698883008291173,0.30685,False,/data/suehara/part/march/datasets/20250711_ilc_nnqq_sgv_10m_3cat_parquet,val50k_tail,150000,proxy
16,16,2040000,,lr_5_75e-6,3e-06,validation_total_reference_mistag_geomean_percent,0.44520363355249476,min,1.0555118246842867,1.0555118246842867,0.5967062521022297,0.33216725085425564,0.44520363355249476,,0.18636155119147296,0.09028530354300383,3.278360089607642,0.22069739920157488,0.5406057298466067,0.06821556184158702,2.8557649371145404,1.203804025127866,0.01833418047700458,0.02033055906223262,93,49903,0.012488602841441702,0.014491279835139809,45,49842,0.07878104061583083,0.08065350133968294,1636,49903,0.020044219374723865,0.02204166345297774,110,49842,0.03189283111836132,0.03388074889490618,269,49759,0.010735810923971894,0.012739373487975922,34,49842,0.07372572361921334,0.07562058837860819,1421,49759,0.04787871385614189,0.04983670980258561,600,49842,0.88776,0.9709093017494178,0.29835,0.43698883008291173,0.30622,False,/data/suehara/part/march/datasets/20250711_ilc_nnqq_sgv_10m_3cat_parquet,val50k_tail,150000,proxy
16,16,2040000,,lr_8_5e-6,3.4425e-06,validation_total_reference_mistag_geomean_percent,0.4431268428307076,min,1.0521451368615675,1.0521451368615675,0.6025993152162855,0.32585732157135355,0.4431268428307076,,0.18269424728330955,0.09023461440343597,3.248343697127241,0.210547418146864,0.5519428538366286,0.07018247271562134,2.8821450026430804,1.1810707887363592,0.01815985936388586,0.0201601125514105,91,49810,0.012481593518576174,0.014483148145113188,45,49870,0.07849934152817581,0.08037650345200445,1618,49810,0.01955137765136594,0.02154810731697116,105,49870,0.03221349186080169,0.03419836118990208,275,49824,0.01089972901497032,0.01290208780166264,35,49870,0.0740123995823766,0.0759037334448591,1436,49824,0.04740744910794285,0.04936525742203178,589,49870,0.88804,0.9709967604149498,0.29759,0.43698883008291173,0.30681,False,/data/suehara/part/march/datasets/20250711_ilc_nnqq_sgv_10m_3cat_parquet,val50k_tail,150000,proxy
17,17,2160000,,lr_11_25e-6,4.303125e-06,validation_total_reference_mistag_geomean_percent,0.4498216769430025,min,1.0762300565702219,1.0762300565702219,0.6155055580778073,0.3287371468743695,0.4498216769430025,,0.19056788975256764,0.08238721791278339,3.3961203537979476,0.21902943916619086,0.5532392769158598,0.07434944237918216,2.8844613377604933,1.2096854948767504,0.018559409815262176,0.02055770204456818,95,49851,0.01189729926064462,0.013903392287211618,41,49765,0.08019420083253057,0.08206389029578529,1693,49851,0.019979576308290503,0.021980177946422617,109,49765,0.03223216375435722,0.03421443482589867,276,49888,0.011256213553239202,0.013262629602655316,37,49765,0.07399474950257022,0.07588356422352678,1439,49888,0.048032906916027976,0.04999369598800707,602,49765,0.88749,0.9708617975405293,0.29855,0.43698883008291173,0.30502,False,/data/suehara/part/march/datasets/20250711_ilc_nnqq_sgv_10m_3cat_parquet,val50k_tail,150000,proxy
17,17,2160000,,lr_14e-6,5.16375e-06,validation_total_reference_mistag_geomean_percent,0.4353873577073496,min,1.0528254215986657,1.0528254215986657,0.6044651950647378,0.31360308715721114,0.4353873577073496,,0.190747733677325,0.07613856996671726,3.290900273584708,0.2023683045089632,0.5362415096389853,0.0721312803390311,2.8378621807751467,1.216213520298449,0.01857690998576314,0.020577080742470097,95,49804,0.011386656611780618,0.013387212068715064,38,49909,0.07900589800101526,0.08088157713647265,1639,49804,0.019142793290439164,0.02113829045291859,101,49909,0.03175067387567515,0.03373748936854838,267,49791,0.011058629036778502,0.013059345074489293,36,49909,0.07347451567249544,0.07536888174478548,1413,49791,0.048095284479160276,0.0500501547052239,607,49909,0.88785,0.9710252804670346,0.2974,0.4353873577073496,0.30584,False,/data/suehara/part/march/datasets/20250711_ilc_nnqq_sgv_10m_3cat_parquet,val50k_tail,150000,proxy
17,17,2160000,,lr_3e-6,3e-06,validation_total_reference_mistag_geomean_percent,0.44079804664080313,min,1.0578122549168116,1.0578122549168116,0.6068432911426058,0.3201863162341317,0.44079804664080313,,0.19289116471579812,0.08015871268551747,3.2932146166046388,0.2064086847865121,0.535778783271367,0.07214284141696573,2.8514669863486497,1.230436249505045,0.018692375698825297,0.020693866912120575,96,49769,0.01170807361878058,0.01370878867171418,40,49901,0.07906054711988506,0.08093745229763513,1639,49769,0.019343509285627804,0.021339164422127167,103,49901,0.03172334462977645,0.03370846437350805,267,49834,0.011060401430909703,0.013061437748378807,36,49901,0.07361633170566081,0.07550851724313495,1421,49834,0.0483818008366204,0.05033641442870919,614,49901,0.8878,0.9709544955922106,0.29782,0.4353873577073496,0.30602,False,/data/suehara/part/march/datasets/20250711_ilc_nnqq_sgv_10m_3cat_parquet,val50k_tail,150000,proxy
17,17,2160000,,lr_5_75e-6,3e-06,validation_total_reference_mistag_geomean_percent,0.4444166915315218,min,1.0532866657286561,1.0532866657286561,0.6045692566129648,0.32668911551727153,0.4444166915315218,,0.19246962588716468,0.08434581950735946,3.2960422949177297,0.21287277421661677,0.5639060059138885,0.07229641459381497,2.857658946541314,1.1467014442513621,0.018651560403641153,0.020648694683563125,96,49878,0.012045380890028353,0.014050186664875614,42,49795,0.07900831063941613,0.08088100085600833,1644,49878,0.019678170088263496,0.021677813723158194,106,49795,0.0325671039417089,0.03455121431246294,281,49831,0.011083939402502262,0.013089229127970073,36,49795,0.07369716605817173,0.07558921699383353,1424,49831,0.046740568315754676,0.04870270577755683,571,49795,0.88811,0.9710751476283835,0.29729,0.4353873577073496,0.3066,False,/data/suehara/part/march/datasets/20250711_ilc_nnqq_sgv_10m_3cat_parquet,val50k_tail,150000,proxy
17,17,2160000,,lr_8_5e-6,3.4425e-06,validation_total_reference_mistag_geomean_percent,0.4436876109251727,min,1.0515319654901605,1.0515319654901605,0.6045692566129648,0.32561810567637434,0.4436876109251727,,0.19246962588716468,0.08434581950735946,3.2840129238856997,0.21086454334068175,0.5639060059138885,0.07229641459381497,2.857658946541314,1.1467014442513621,0.018651560403641153,0.020648694683563125,96,49878,0.012045380890028353,0.014050186664875614,42,49795,0.0788670369727601,0.08074020953068306,1638,49878,0.019580798606950785,0.02158052290028227,105,49795,0.0325671039417089,0.03455121431246294,281,49831,0.011083939402502262,0.013089229127970073,36,49795,0.07369716605817173,0.07558921699383353,1424,49831,0.046740568315754676,0.04870270577755683,571,49795,0.8881,0.9710828798832839,0.29723,0.4353873577073496,0.30656,False,/data/suehara/part/march/datasets/20250711_ilc_nnqq_sgv_10m_3cat_parquet,val50k_tail,150000,proxy
18,18,2280000,,lr_11_25e-6,6.583781250000001e-06,validation_total_reference_mistag_geomean_percent,0.4385066995979364,min,1.0532880102542737,1.0532880102542737,0.5975674854809899,0.3217847862614205,0.4385066995979364,,0.19035025073510353,0.08032773559231556,3.294061085969297,0.21286850114603262,0.5481927564712066,0.06827857558822552,2.8273090983411624,1.2049160781908461,0.018538230394553108,0.020534249138889772,95,49908,0.011732753493179371,0.013737680386881074,40,49796,0.0789615978489977,0.08083324179808948,1644,49908,0.019677775276505077,0.021677378927187047,106,49796,0.03210864761243916,0.034094624087968595,273,49800,0.01074572572220639,0.012751136547091717,34,49796,0.07333331626910022,0.07522776380079893,1408,49800,0.047922689063203266,0.04988244904643446,600,49796,0.88784,0.9709410015517402,0.29764,0.4353873577073496,0.30582,False,/data/suehara/part/march/datasets/20250711_ilc_nnqq_sgv_10m_3cat_parquet,val50k_tail,150000,proxy
18,18,2280000,,lr_14e-6,7.900537500000001e-06,validation_total_reference_mistag_geomean_percent,0.44933499577242125,min,1.0656636088531304,1.0656636088531304,0.6110962956899454,0.3303930000064044,0.44933499577242125,,0.1887777699427629,0.08414304235028609,3.404024567192685,0.22037463284064907,0.5542725016950999,0.07612942113109994,2.829601318776591,1.16798561689587,0.018477735103461967,0.020478386664285735,94,49794,0.0120164323947804,0.014016426663424768,42,49915,0.08033078666237203,0.08220229887920955,1695,49794,0.02001493300894325,0.022009468843670315,110,49915,0.03229220917227256,0.03427814087291854,276,49795,0.011385288293713876,0.013385603646706344,38,49915,0.07336622053860618,0.07526076623040577,1409,49795,0.04712087944953539,0.04907744706010211,583,49915,0.88785,0.9709445964706523,0.29766,0.4353873577073496,0.30431,False,/data/suehara/part/march/datasets/20250711_ilc_nnqq_sgv_10m_3cat_parquet,val50k_tail,150000,proxy
18,18,2280000,,lr_3e-6,3e-06,validation_total_reference_mistag_geomean_percent,0.4443744797320304,min,1.04865093916176,1.04865093916176,0.6060405676486965,0.3258340922675318,0.4443744797320304,,0.18472782130199064,0.08421559067851017,3.315061402753897,0.21855950954306935,0.5518874498574091,0.07619506121694637,2.8216501891727526,1.1369104887695047,0.01826697119319278,0.020267423854519587,92,49803,0.012026789595176252,0.014028505329464754,42,49872,0.07929002916933978,0.08116477572215966,1651,49803,0.019936750899055736,0.021933079192426812,109,49872,0.032210267647206185,0.034194940035121336,275,49829,0.0113951018462944,0.013397139218846625,38,49872,0.07323994958229399,0.07513352172585641,1406,49829,0.046503446314836126,0.048462947027010615,567,49872,0.88837,0.9710668759192895,0.29697,0.4353873577073496,0.30551,False,/data/suehara/part/march/datasets/20250711_ilc_nnqq_sgv_10m_3cat_parquet,val50k_tail,150000,proxy
18,18,2280000,,lr_5_75e-6,3.9502687500000005e-06,validation_total_reference_mistag_geomean_percent,0.45567428645279023,min,1.081294879169029,1.081294879169029,0.6179669437222344,0.33600349896319015,0.45567428645279023,,0.18678449533642985,0.08611884484689306,3.4705763784239463,0.22831506782597694,0.5664584281954129,0.07610502791137035,2.8483618692157453,1.187638921596459,0.018375757203273488,0.02037664955350238,93,49790,0.012165581955251562,0.014164856214483922,43,49931,0.08109752795659314,0.08296651727510568,1728,49790,0.020385484308606996,0.022379062972597903,114,49931,0.03265778872622278,0.03464370956707202,282,49783,0.011381641052768886,0.01338131641025769,38,49931,0.07361405939734361,0.07550830807601175,1418,49783,0.047511805353035556,0.04946695880405933,593,49931,0.88768,0.9708365781589201,0.29847,0.4353873577073496,0.30454,False,/data/suehara/part/march/datasets/20250711_ilc_nnqq_sgv_10m_3cat_parquet,val50k_tail,150000,proxy
18,18,2280000,,lr_8_5e-6,5.267025000000001e-06,validation_total_reference_mistag_geomean_percent,0.43888489476157627,min,1.056796651465487,1.056796651465487,0.5976918577394075,0.32227300465227654,0.43888489476157627,,0.19035025073510353,0.08032773559231556,3.3140978933473226,0.21286850114603262,0.5461847202124267,0.06827857558822552,2.8353412638178055,1.2069242712846646,0.018538230394553108,0.020534249138889772,95,49908,0.011732753493179371,0.013737680386881074,40,49796,0.07919628845753368,0.08106712947056754,1654,49908,0.019677775276505077,0.021677378927187047,106,49796,0.032048315095731424,0.03403437221350201,272,49800,0.01074572572220639,0.012751136547091717,34,49796,0.07343582179280515,0.07532994675553857,1412,49800,0.04796295017540728,0.04992262950344103,601,49796,0.88774,0.9709108190767973,0.29789,0.4353873577073496,0.30447,False,/data/suehara/part/march/datasets/20250711_ilc_nnqq_sgv_10m_3cat_parquet,val50k_tail,150000,proxy
19,19,2400000,,lr_11_25e-6,6.583781250000001e-06,validation_total_reference_mistag_geomean_percent,0.43730045993435135,min,1.042440302159927,1.042440302159927,0.612636717308381,0.312145333206556,0.43730045993435135,,0.1786108493227145,0.08026809858474565,3.267173681145216,0.20267694631998898,0.5497371812363601,0.07826138960204962,2.822920289847269,1.159873981221071,0.01794218527784105,0.01994183966880622,89,49829,0.011724044912113341,0.013727485611417461,40,49833,0.07870700885155082,0.08058269924953801,1628,49829,0.019171962340078123,0.02117049037551645,101,49833,0.03214182896636875,0.034126069996424924,274,49842,0.011565052508316458,0.01356857374309379,39,49833,0.07324675363542116,0.07513978092396484,1407,49842,0.0469932686472033,0.048953381261920316,578,49833,0.88839,0.9711430780430659,0.29645,0.4353873577073496,0.30582,False,/data/suehara/part/march/datasets/20250711_ilc_nnqq_sgv_10m_3cat_parquet,val50k_tail,150000,proxy
19,19,2400000,,lr_14e-6,7.900537500000001e-06,validation_total_reference_mistag_geomean_percent,0.42714272288268595,min,1.0560824958203934,1.0560824958203934,0.5881788249287354,0.3101963178183796,0.42714272288268595,,0.1707238769491818,0.07814691830508569,3.330119796862489,0.20839177552044047,0.5440674638341996,0.06412054662766,2.8488255647492613,1.204264023714828,0.017527843729453225,0.01952946160210761,85,49788,0.011548140915598108,0.013548736146078709,39,49906,0.07947787843685453,0.08135258490986827,1658,49788,0.019439666050035047,0.021435041777827193,104,49906,0.03198146395683929,0.03396720736868267,271,49810,0.010374782503531476,0.01237593983430161,32,49906,0.07360025574955804,0.07549345903650091,1419,49810,0.047857838967056004,0.049813305574291505,601,49906,0.88785,0.970973371486017,0.29731,0.42714272288268595,0.3054,False,/data/suehara/part/march/datasets/20250711_ilc_nnqq_sgv_10m_3cat_parquet,val50k_tail,150000,proxy
19,19,2400000,,lr_3e-6,3e-06,validation_total_reference_mistag_geomean_percent,0.42903692893399226,min,1.06587070444478,1.06587070444478,0.5906176853408229,0.3116613182398868,0.42903692893399226,,0.16670684087178805,0.08015068171618342,3.3883666303069737,0.20839177552044047,0.5480827265710649,0.06412054662766,2.8608711718534034,1.2102752620907258,0.017309496602674813,0.019311275837566526,83,49788,0.011706900976229213,0.013707415906668456,40,49906,0.08015472314509622,0.08202708986566956,1687,49788,0.019439666050035047,0.021435041777827193,104,49906,0.03210221760236018,0.034087799794473794,273,49810,0.010374782503531476,0.01237593983430161,32,49906,0.07375327656540427,0.07564599619315736,1425,49810,0.04797815348989241,0.049933379197003754,604,49906,0.88766,0.9708996030527665,0.29785,0.42714272288268595,0.30571,False,/data/suehara/part/march/datasets/20250711_ilc_nnqq_sgv_10m_3cat_parquet,val50k_tail,150000,proxy
19,19,2400000,,lr_5_75e-6,3.9502687500000005e-06,validation_total_reference_mistag_geomean_percent,0.4396144830791613,min,1.0496040984788608,1.0496040984788608,0.6043266833076099,0.31979540051946703,0.4396144830791613,,0.18028484433211364,0.08239549616884076,3.30522222564751,0.21302250908375098,0.5419183824741796,0.07435691300086873,2.830018291091883,1.16961412603174,0.018014621205131764,0.020010523418582234,90,49921,0.011898494339931086,0.013904788606590012,41,49760,0.0790822467123975,0.08095295612904202,1650,49921,0.019691998487822306,0.021693042578253004,106,49760,0.031912609317132856,0.03389792087818361,270,49823,0.011257344275793321,0.013263961630220138,37,49760,0.07335118603797007,0.0752446503015914,1410,49823,0.04722591176045017,0.04918850840650163,582,49760,0.88795,0.9710527281205703,0.29713,0.42714272288268595,0.30426,False,/data/suehara/part/march/datasets/20250711_ilc_nnqq_sgv_10m_3cat_parquet,val50k_tail,150000,proxy
19,19,2400000,,lr_8_5e-6,5.267025000000001e-06,validation_total_reference_mistag_geomean_percent,0.43704097010536325,min,1.0449487211118837,1.0449487211118837,0.6127762952860578,0.3117039791192831,0.43704097010536325,,0.1786108493227145,0.08026809858474565,3.281221856604507,0.20067024400406705,0.5477308359606489,0.07826138960204962,2.8309458458928045,1.1618806489235327,0.01794218527784105,0.01994183966880622,89,49829,0.011724044912113341,0.013727485611417461,40,49833,0.07887251170740073,0.08074763826656367,1635,49829,0.01907226569481267,0.021070874265724255,100,49833,0.03208165886500122,0.03406598040144888,273,49842,0.011565052508316458,0.01356857374309379,39,49833,0.0733492161355407,0.07524192139851844,1411,49842,0.04703428506040094,0.048994317139644875,579,49833,0.88834,0.9711221161219457,0.2966,0.42714272288268595,0.3059,False,/data/suehara/part/march/datasets/20250711_ilc_nnqq_sgv_10m_3cat_parquet,val50k_tail,150000,proxy
20,20,2520000,,lr_11_25e-6,1.0073185312500001e-05,validation_total_reference_mistag_geomean_percent,0.43192776767449437,min,1.04766713072799,1.04766713072799,0.6037277275287258,0.3090161143532955,0.43192776767449437,,0.18676573701391636,0.07217900322312026,3.307560936880666,0.20450718405752663,0.557863244851197,0.07217900322312026,2.803363128905041,1.1769188076693313,0.018373913538251577,0.020374605732824163,93,49795,0.011065943826192928,0.013067981679154008,36,49876,0.07920847917285354,0.08108382815670348,1647,49795,0.0192545653110798,0.02125129698388284,102,49876,0.03238723501077633,0.034371508267456476,278,49833,0.011065943826192928,0.013067981679154008,36,49876,0.073002901229164,0.07489705529132237,1397,49833,0.047320502511235055,0.04927824179954375,587,49876,0.88812,0.9712043455922403,0.29602,0.42714272288268595,0.30387,False,/data/suehara/part/march/datasets/20250711_ilc_nnqq_sgv_10m_3cat_parquet,val50k_tail,150000,proxy
20,20,2520000,,lr_14e-6,1.2087822375000002e-05,validation_total_reference_mistag_geomean_percent,0.4461589590675499,min,1.0584793421974599,1.0584793421974599,0.6124735273096488,0.32500640089804533,0.4461589590675499,,0.19083202600272714,0.08410260558947641,3.306415981246018,0.210256511275461,0.5644497269736275,0.07208794659085699,2.808187561870721,1.2315023780307912,0.018585112899494636,0.02058616418095058,95,49782,0.012010659384868911,0.01400969412234677,42,49939,0.07920527741341263,0.08108116211406821,1646,49782,0.019524388350152574,0.021518370868656937,105,49939,0.032598423175122807,0.03458442471329795,281,49783,0.011051987614862945,0.013051503516052564,36,49939,0.07310096474758936,0.0749968273727742,1398,49783,0.048384872782334006,0.050337956385339104,615,49939,0.88799,0.9710536324242508,0.29697,0.42714272288268595,0.3034,False,/data/suehara/part/march/datasets/20250711_ilc_nnqq_sgv_10m_3cat_parquet,val50k_tail,150000,proxy
20,20,2520000,,lr_3e-6,4.029274125000001e-06,validation_total_reference_mistag_geomean_percent,0.4501016645227767,min,1.0650006829678893,1.0650006829678893,0.6145089983501638,0.32968029589492215,0.4501016645227767,,0.19284078582620223,0.08610504984254716,3.320477351552487,0.2142613948476961,0.5624409815013937,0.07208794659085699,2.828274850952492,1.2435171026294383,0.0186874984401095,0.020688469020997538,96,49782,0.012163633750798559,0.014162588294324449,43,49939,0.07936992731434056,0.08124524711102116,1653,49782,0.01971811277251701,0.02171193490311746,107,49939,0.03253895024831442,0.03452503248381547,280,49783,0.011051987614862945,0.013051503516052564,36,49939,0.07335800809645764,0.07525306374838413,1408,49783,0.04862220199059481,0.05057480442988826,621,49939,0.88781,0.9709408111762334,0.2977,0.42714272288268595,0.30376,False,/data/suehara/part/march/datasets/20250711_ilc_nnqq_sgv_10m_3cat_parquet,val50k_tail,150000,proxy
20,20,2520000,,lr_5_75e-6,6.043911187500001e-06,validation_total_reference_mistag_geomean_percent,0.43291251502647793,min,1.0499220392564006,1.0499220392564006,0.6056508443019619,0.30944107059332526,0.43291251502647793,,0.18676573701391636,0.07217900322312026,3.2935034142533124,0.20651215354400454,0.5558565615942607,0.07217900322312026,2.8254368210214293,1.1869436201780414,0.018373913538251577,0.020374605732824163,93,49795,0.011065943826192928,0.013067981679154008,36,49876,0.07904353815241447,0.08091945174532253,1640,49795,0.019353196441658678,0.021349847717792685,103,49876,0.03232749603512275,0.03431184982727615,277,49833,0.011065943826192928,0.013067981679154008,36,49876,0.07328543248007469,0.07517870065202742,1408,49833,0.04752342416595029,0.04948076147091342,592,49876,0.88804,0.9711437130265698,0.29643,0.42714272288268595,0.30405,False,/data/suehara/part/march/datasets/20250711_ilc_nnqq_sgv_10m_3cat_parquet,val50k_tail,150000,proxy
20,20,2520000,,lr_8_5e-6,8.058548250000001e-06,validation_total_reference_mistag_geomean_percent,0.4289709598231561,min,1.0248578707613296,1.0248578707613296,0.5931204127805358,0.3102508030518395,0.4289709598231561,,0.1825622925295541,0.07809371264583348,3.181800002997988,0.20424509161671384,0.545074208722934,0.07008409920801204,2.7655978965994024,1.1714056617701996,0.018146754105204957,0.020145567983999736,91,49846,0.011540281154443183,0.013539516503657052,39,49940,0.07767956338080688,0.07955803952003973,1586,49846,0.019229911598193927,0.021224094930761845,102,49940,0.03204049563370415,0.03402987296556538,271,49718,0.010884455204984517,0.012884011317160042,35,49940,0.07259944124897999,0.07449949563573047,1375,49718,0.047178882010321006,0.04913433321526977,585,49940,0.88852,0.9712102903822292,0.29573,0.42714272288268595,0.30303,False,/data/suehara/part/march/datasets/20250711_ilc_nnqq_sgv_10m_3cat_parquet,val50k_tail,150000,proxy
21,21,2640000,,lr_11_25e-6,1.0073185312500001e-05,validation_total_reference_mistag_geomean_percent,0.43662269460831604,min,1.044527271320958,1.044527271320958,0.5916384255465542,0.3222227786691079,0.43662269460831604,,0.200457047942073,0.07822685539786788,3.2955137809748773,0.20860495436766624,0.5546289547864337,0.0681977755470682,2.7892208378238705,1.1613679637278076,0.019052020389241035,0.021048514183533845,100,49886,0.01155995065183986,0.013562589176475319,39,49855,0.07899584849435093,0.08086825959257721,1644,49886,0.019459534256905546,0.021456942594743872,104,49855,0.032312921726480176,0.034300116126400465,276,49763,0.010733012230888848,0.01273605307758563,34,49855,0.07287179147908406,0.0747691783086351,1388,49763,0.047013644342662995,0.04897283208467589,579,49855,0.88805,0.9711953398277607,0.29632,0.42714272288268595,0.30315,False,/data/suehara/part/march/datasets/20250711_ilc_nnqq_sgv_10m_3cat_parquet,val50k_tail,150000,proxy
21,21,2640000,,lr_14e-6,1.2087822375000002e-05,validation_total_reference_mistag_geomean_percent,0.43177519814081516,min,1.038008309098997,1.038008309098997,0.5870893856306798,0.31754929707895885,0.43177519814081516,,0.19470091235155304,0.07814691830508569,3.2697712180454093,0.20438424412540315,0.5544618117980499,0.06612431597413984,2.7642733195490847,1.1722037326432517,0.018775031092513415,0.020774400799130222,97,49820,0.011548140915598108,0.013548736146078709,39,49906,0.07874466722146006,0.08062059218578305,1629,49820,0.019243001016943966,0.021238537344818842,102,49906,0.032303209409387246,0.03428981171917887,276,49778,0.010549722698679109,0.012550799729407888,33,49906,0.07253911216529886,0.07443692958333491,1376,49778,0.047210844939210225,0.04916759634710742,585,49906,0.8883,0.9712865478011349,0.29576,0.42714272288268595,0.30297,False,/data/suehara/part/march/datasets/20250711_ilc_nnqq_sgv_10m_3cat_parquet,val50k_tail,150000,proxy
21,21,2640000,,lr_3e-6,4.029274125000001e-06,validation_total_reference_mistag_geomean_percent,0.4322528425894323,min,1.041384545621327,1.041384545621327,0.5846223474164249,0.3195952408462366,0.4322528425894323,,0.18670573994798587,0.08019889168499418,3.27839227414765,0.2125270725881002,0.531946929332779,0.06616408774527537,2.7821828392860213,1.1929585302378107,0.018368016295477692,0.0203680682609589,93,49811,0.011713940357097292,0.013715656623382137,40,49876,0.07885328472863745,0.0807292024864889,1633,49811,0.019646241583407387,0.02164265166953419,106,49876,0.031612032515374554,0.03359798349992834,265,49817,0.010556066656960517,0.012558345699928777,33,49876,0.07274219166668802,0.07463780438542386,1386,49817,0.04764475158155496,0.04960184769651089,595,49876,0.88806,0.9710626890490097,0.29679,0.42714272288268595,0.30441,False,/data/suehara/part/march/datasets/20250711_ilc_nnqq_sgv_10m_3cat_parquet,val50k_tail,150000,proxy
21,21,2640000,,lr_5_75e-6,6.043911187500001e-06,validation_total_reference_mistag_geomean_percent,0.43522687388102843,min,1.0435277176944415,1.0435277176944415,0.5933517039709924,0.31924140519113275,0.43522687388102843,,0.19470091235155304,0.07814691830508569,3.2757928984207916,0.20839177552044047,0.5524528879564073,0.06812808279158811,2.790389429765041,1.180218836444623,0.018775031092513415,0.020774400799130222,97,49820,0.011548140915598108,0.013548736146078709,39,49906,0.07881563315548235,0.08069131638728105,1632,49820,0.019439666050035047,0.021435041777827193,104,49906,0.03224318493943723,0.034229867962766794,275,49778,0.010722046819155475,0.012723043549842897,34,49906,0.07287598744132526,0.07477275558336743,1389,49778,0.047373443409383376,0.04932987361711515,589,49906,0.88822,0.9712046606246384,0.29628,0.42714272288268595,0.30323,False,/data/suehara/part/march/datasets/20250711_ilc_nnqq_sgv_10m_3cat_parquet,val50k_tail,150000,proxy
21,21,2640000,,lr_8_5e-6,8.058548250000001e-06,validation_total_reference_mistag_geomean_percent,0.43825188051219316,min,1.0431414288926812,1.0431414288926812,0.5969981227681845,0.3217174450765446,0.43825188051219316,,0.18880431004839032,0.0802938724366387,3.2900153748830223,0.21478611810994772,0.5330661495430472,0.07226448873447608,2.7795591114368405,1.1863420059490881,0.018480330951264435,0.020481262729751468,94,49787,0.01172780919803199,0.013731892305519857,40,49817,0.07900882613804672,0.08088518126515148,1638,49787,0.01976635679820846,0.02176504056242254,107,49817,0.03162059220245027,0.03360319511091858,266,49900,0.011079045928077784,0.013083451384417816,36,49817,0.07264867012739505,0.07454123504119538,1387,49900,0.04753882931457995,0.04949850886768262,591,49817,0.88822,0.9711463102926609,0.29633,0.42714272288268595,0.30438,False,/data/suehara/part/march/datasets/20250711_ilc_nnqq_sgv_10m_3cat_parquet,val50k_tail,150000,proxy
22,22,2760000,,lr_11_25e-6,1.0073185312500001e-05,validation_total_reference_mistag_geomean_percent,0.429078278281986,min,1.0323713745274652,1.0323713745274652,0.594183995860285,0.3098504338321562,0.429078278281986,,0.19029305641729186,0.07424798537082664,3.2510065143154216,0.20067024400406705,0.5447455033725744,0.0702345811002789,2.7377986321032957,1.1899744795359652,0.018532664894481368,0.020528086212833287,95,49923,0.01124085824684665,0.013244540552570409,37,49833,0.07844297318990029,0.08031577959363018,1623,49923,0.01907226569481267,0.021070874265724255,100,49833,0.03202122224381376,0.03400941314142345,271,49748,0.010907819644578886,0.012911663021249067,35,49833,0.07221731945134327,0.07411734564264569,1362,49748,0.04760471161345953,0.049563616196078575,593,49833,0.88826,0.9712867775127935,0.29571,0.42714272288268595,0.30239,False,/data/suehara/part/march/datasets/20250711_ilc_nnqq_sgv_10m_3cat_parquet,val50k_tail,150000,proxy
22,22,2760000,,lr_14e-6,1.2087822375000002e-05,validation_total_reference_mistag_geomean_percent,0.4314857045040051,min,1.042395889457625,1.042395889457625,0.6023447555017931,0.3090919469137195,0.4314857045040051,,0.17482517482517482,0.07828495551795694,3.2895265614801366,0.20273796483082845,0.5688874567937285,0.070255729310987,2.762309206366133,1.1923400665360544,0.017752183125784936,0.01975460148508066,87,49764,0.011568533629551632,0.013572657158436433,39,49818,0.07902111907633416,0.0808983610509996,1637,49764,0.019177729896253482,0.02117685721851224,101,49818,0.03268517851601768,0.03466547267043782,284,49922,0.010911103052270367,0.012915548917066517,35,49818,0.07241039972841999,0.07430282169014722,1379,49922,0.047659452738951086,0.0496188521601347,594,49818,0.88817,0.9711259355780765,0.29623,0.42714272288268595,0.30307,False,/data/suehara/part/march/datasets/20250711_ilc_nnqq_sgv_10m_3cat_parquet,val50k_tail,150000,proxy
22,22,2760000,,lr_3e-6,4.029274125000001e-06,validation_total_reference_mistag_geomean_percent,0.4341741268935469,min,1.042562998928225,1.042562998928225,0.602620438374125,0.3128124445502839,0.4341741268935469,,0.18451663938259003,0.07821744430420513,3.24308067674121,0.20456869673171416,0.5423538052529766,0.07220071516782613,2.8222486348681377,1.1933173789771403,0.018246104860963876,0.020244279119538324,92,49860,0.011558560017562055,0.013560957938042729,39,49861,0.07839815177222709,0.08027364241117302,1617,49860,0.01926035267197526,0.02125768255441126,102,49861,0.03193818689932902,0.03392507610808859,270,49783,0.011069271930380372,0.013071911186006034,36,49861,0.07328099972425152,0.07517629746815573,1405,49783,0.04765900347017595,0.04961667394378557,595,49861,0.88846,0.9711636344992539,0.29625,0.42714272288268595,0.30461,False,/data/suehara/part/march/datasets/20250711_ilc_nnqq_sgv_10m_3cat_parquet,val50k_tail,150000,proxy
22,22,2760000,,lr_5_75e-6,6.043911187500001e-06,validation_total_reference_mistag_geomean_percent,0.43231905518553515,min,1.038959066142649,1.038959066142649,0.6056551422313314,0.3085910651859486,0.43231905518553515,,0.19276720594971086,0.0721544125567703,3.252946751399503,0.20042892082653932,0.5520979697577756,0.0741586988914216,2.7885965650384428,1.1785220047210294,0.018680374715455972,0.02068058485908439,96,49801,0.011062174393263987,0.013063531093049991,36,49893,0.07856081136660142,0.08043812767004332,1620,49801,0.019049349693749173,0.021045564512449464,100,49893,0.0322225230937538,0.03420794406613767,275,49810,0.011227344196347164,0.013228620554241198,37,49893,0.0728298139879676,0.0747254355708573,1389,49810,0.04734511130440374,0.049302119279825106,588,49893,0.88833,0.9711700509199236,0.29603,0.42714272288268595,0.30424,False,/data/suehara/part/march/datasets/20250711_ilc_nnqq_sgv_10m_3cat_parquet,val50k_tail,150000,proxy
22,22,2760000,,lr_8_5e-6,8.058548250000001e-06,validation_total_reference_mistag_geomean_percent,0.43243931592004814,min,1.036793364898949,1.036793364898949,0.6020411612591811,0.310616240195732,0.43243931592004814,,0.18050541516245489,0.07821744430420513,3.2230244415104803,0.20456869673171416,0.5463712324741398,0.07220071516782613,2.8001527488109894,1.1893062250297821,0.018036643762552106,0.020034978917676846,90,49860,0.011558560017562055,0.013560957938042729,39,49861,0.0781602855420449,0.08003658066374209,1607,49860,0.01926035267197526,0.02125768255441126,102,49861,0.03205923158181552,0.03404595939592346,272,49783,0.011069271930380372,0.013071911186006034,36,49861,0.0729978673222241,0.07489405273671257,1394,49783,0.04757812991425924,0.04953596127796559,593,49861,0.88857,0.9712251391985345,0.29586,0.42714272288268595,0.30441,False,/data/suehara/part/march/datasets/20250711_ilc_nnqq_sgv_10m_3cat_parquet,val50k_tail,150000,proxy
23,23,2880000,,lr_11_25e-6,1.0073185312500001e-05,validation_total_reference_mistag_geomean_percent,0.43199463220155637,min,1.0354911061290883,1.0354911061290883,0.6004004872266769,0.3108248014803845,0.43199463220155637,,0.19244261048683023,0.07422117820503076,3.2254184788657043,0.20260376255120974,0.5706477918222242,0.070209221251008,2.7829126631634677,1.1654731426872322,0.018648945327975723,0.020645800452939733,96,49885,0.011236800616966011,0.013239760531147437,37,49851,0.07816935908900868,0.08004461794069162,1609,49885,0.01916504585021798,0.021162855215571368,101,49851,0.032786052736419935,0.03477240376594344,284,49768,0.010903882162871418,0.01290700303170373,35,49851,0.0727869380677832,0.07468438777683863,1385,49768,0.04709928983003108,0.04905847007917411,581,49851,0.88857,0.9712895964889406,0.29556,0.42714272288268595,0.30363,False,/data/suehara/part/march/datasets/20250711_ilc_nnqq_sgv_10m_3cat_parquet,val50k_tail,150000,proxy
23,23,2880000,,lr_14e-6,1.2087822375000002e-05,validation_total_reference_mistag_geomean_percent,0.431630342381682,min,1.045122047028193,1.045122047028193,0.5966656984902524,0.31224310855465015,0.431630342381682,,0.20068634386632456,0.07210960378096568,3.2792149368500567,0.20030446670158303,0.5668227902962387,0.06810351901158117,2.801953620433534,1.17178109528526,0.019073795388727846,0.021072563747254497,100,49829,0.011055307328370505,0.013055423117790576,36,49924,0.0788488924284618,0.08072409953602741,1634,49829,0.019037531322703135,0.02103251161462969,100,49924,0.03267873958305301,0.03466592310221086,282,49751,0.010718182021363511,0.012718458295080245,34,49924,0.0730441696285989,0.07494150224921399,1394,49751,0.047193917995962814,0.049149980845946545,585,49924,0.88825,0.9711166060158707,0.29631,0.42714272288268595,0.3043,False,/data/suehara/part/march/datasets/20250711_ilc_nnqq_sgv_10m_3cat_parquet,val50k_tail,150000,proxy
23,23,2880000,,lr_3e-6,4.029274125000001e-06,validation_total_reference_mistag_geomean_percent,0.43778827513627777,min,1.0517762157007033,1.0517762157007033,0.6046128754961493,0.3169938676703188,0.43778827513627777,,0.1967792412313043,0.07607607905077261,3.2709529671366826,0.20620621036368703,0.568821341354603,0.0700700717824776,2.848126674188689,1.17717714049741,0.01888309768355611,0.02088310654865212,98,49802,0.011377312988047027,0.01337622888258063,38,49950,0.07877266430456956,0.08064921981432785,1629,49802,0.01932455056335987,0.021318256146583184,103,49950,0.032737379833588154,0.03472444307182848,283,49752,0.0108822767258324,0.01288143309627264,35,49950,0.07363370501383935,0.07552914341118384,1417,49752,0.04729138630817243,0.04924621495315754,588,49950,0.88818,0.97108065129278,0.29675,0.42714272288268595,0.30391,False,/data/suehara/part/march/datasets/20250711_ilc_nnqq_sgv_10m_3cat_parquet,val50k_tail,150000,proxy
23,23,2880000,,lr_5_75e-6,6.043911187500001e-06,validation_total_reference_mistag_geomean_percent,0.43118864804274337,min,1.0323714402639543,1.0323714402639543,0.5998851161191681,0.3099320940044707,0.43118864804274337,,0.19244261048683023,0.07425841747988034,3.1853261914291804,0.20270541956149363,0.5603197420285719,0.07024445189305453,2.797581911850301,1.176092777382323,0.018648945327975723,0.020645800452939733,96,49885,0.01124243700553199,0.013246400382042726,37,49826,0.077691724234661,0.07956859043959305,1589,49885,0.01917465343452341,0.02117346109242594,101,49826,0.03247286328821337,0.03445863186580696,279,49793,0.010909351655551255,0.0129134761482685,35,49826,0.07295761534644105,0.07485352320725086,1393,49793,0.04732699057434439,0.04928672755216898,586,49826,0.88854,0.9712426164932628,0.29581,0.42714272288268595,0.30381,False,/data/suehara/part/march/datasets/20250711_ilc_nnqq_sgv_10m_3cat_parquet,val50k_tail,150000,proxy
23,23,2880000,,lr_8_5e-6,8.058548250000001e-06,validation_total_reference_mistag_geomean_percent,0.4333459074008837,min,1.045618526256517,1.045618526256517,0.6000208870342383,0.3129702307352839,0.4333459074008837,,0.1866458026794791,0.07611569846327497,3.3054368588161576,0.20431054854214872,0.5667999947416016,0.07010656077426672,2.783751650749947,1.17178109528526,0.01836212283701207,0.020361534983016426,93,49827,0.011383236433110535,0.013383191738233921,38,49924,0.07915844776588479,0.0810326776442126,1647,49827,0.019236069105747593,0.021230888913377488,102,49924,0.032677429367009625,0.03466453392174046,282,49753,0.010887942586388928,0.01288813861795732,35,49924,0.07280858075702293,0.0747065687887967,1385,49753,0.047193917995962814,0.049149980845946545,585,49924,0.88842,0.9711080073244887,0.2964,0.42714272288268595,0.30319,False,/data/suehara/part/march/datasets/20250711_ilc_nnqq_sgv_10m_3cat_parquet,val50k_tail,150000,proxy
24,24,3000000,,lr_11_25e-6,1.0073185312500001e-05,validation_total_reference_mistag_geomean_percent,0.43076966124577803,min,1.0290802850877587,1.0290802850877587,0.5990405056025123,0.3097661999720109,0.43076966124577803,,0.1885467949116302,0.07426736450670904,3.2434058929264293,0.2027298243981582,0.5458668593281712,0.07426736450670904,2.747396018925239,1.1561621611990243,0.018455144973052975,0.020453357955013924,94,49855,0.011243790580268823,0.01324799493736704,37,49820,0.07840588741791985,0.0802815531000041,1617,49855,0.0191769606882747,0.021176008084859393,101,49820,0.032029710002785296,0.03401462403591106,272,49829,0.011243790580268823,0.01324799493736704,37,49820,0.07228394833796656,0.0741805007724583,1369,49829,0.046923299295054295,0.048884072375327166,576,49820,0.88823,0.9712755847812516,0.29546,0.42714272288268595,0.30365,False,/data/suehara/part/march/datasets/20250711_ilc_nnqq_sgv_10m_3cat_parquet,val50k_tail,150000,proxy
24,24,3000000,,lr_14e-6,1.2087822375000002e-05,validation_total_reference_mistag_geomean_percent,0.41933413398695213,min,1.0192816652035992,1.0192816652035992,0.575040791000547,0.3057889434602212,0.41933413398695213,,0.18499528365905857,0.07412007742073712,3.2152983755410953,0.19832127768579985,0.5475989820086795,0.06410384823413931,2.7279656964640737,1.1418497806152113,0.018293396981401505,0.020296735062533287,92,49731,0.011221498193697034,0.0132217337676345,37,49919,0.07816841765085764,0.08004989041266591,1599,49731,0.018939410721381472,0.020934670285464994,99,49919,0.032073956125573504,0.03405780532870061,273,49854,0.010372081345494681,0.01237271821054939,32,49919,0.07201364746851034,0.07391002834666767,1360,49854,0.04658385159909649,0.048541309539934865,570,49919,0.88903,0.971416066865602,0.29454,0.41933413398695213,0.30307,False,/data/suehara/part/march/datasets/20250711_ilc_nnqq_sgv_10m_3cat_parquet,val50k_tail,150000,proxy
24,24,3000000,,lr_3e-6,4.029274125000001e-06,validation_total_reference_mistag_geomean_percent,0.4338426706510014,min,1.0506555494277283,1.0506555494277283,0.6081398217562398,0.30950030921184624,0.4338426706510014,,0.18302494977258726,0.07411710665706787,3.3105389438286617,0.20432282957188855,0.5535166457445325,0.07411710665706787,2.825742603073517,1.1798642101165038,0.01819270547362684,0.020196566017877247,91,49720,0.011221048753338894,0.013221204311809084,37,49921,0.07930241544713904,0.08118047345005361,1646,49720,0.0192372240774427,0.021232163269379288,102,49921,0.032248283039510404,0.03423153682438219,276,49863,0.011221048753338894,0.013221204311809084,37,49921,0.07326756622793064,0.07515968308439945,1409,49863,0.04735928876166088,0.04931514533049169,589,49921,0.88782,0.971021828584368,0.29674,0.41933413398695213,0.30466,False,/data/suehara/part/march/datasets/20250711_ilc_nnqq_sgv_10m_3cat_parquet,val50k_tail,150000,proxy
24,24,3000000,,lr_5_75e-6,6.043911187500001e-06,validation_total_reference_mistag_geomean_percent,0.4378549015052106,min,1.0408018206109069,1.0408018206109069,0.6024137558134678,0.3182479034086021,0.4378549015052106,,0.19053349494878075,0.07839353727965813,3.2851986102470967,0.2090494260774103,0.5431405834567712,0.07437335095342605,2.7678124394873618,1.1779131224367503,0.018556062479469317,0.02055399539321824,95,49860,0.011584573816746503,0.013591472569086277,39,49749,0.07889504280822468,0.08076884403339091,1638,49860,0.01950095916307905,0.021502605417224624,104,49749,0.03192711681493567,0.03390951457847378,271,49895,0.01125983266522518,0.013266893032894014,37,49749,0.07250081014393527,0.07439403555655165,1381,49895,0.047399831577504305,0.04936252853734845,586,49749,0.88804,0.9711871292142598,0.29615,0.41933413398695213,0.30394,False,/data/suehara/part/march/datasets/20250711_ilc_nnqq_sgv_10m_3cat_parquet,val50k_tail,150000,proxy
24,24,3000000,,lr_8_5e-6,8.058548250000001e-06,validation_total_reference_mistag_geomean_percent,0.43218777850121753,min,1.0481459403874767,1.0481459403874767,0.6071483121515874,0.30764521970569575,0.43218777850121753,,0.17900241769073552,0.07411710665706787,3.3045051779434513,0.20432282957188855,0.5535166457445325,0.07411710665706787,2.821731587174503,1.1738546516605666,0.017981489469151873,0.019985511817313978,89,49720,0.011221048753338894,0.013221204311809084,37,49921,0.07923164917243083,0.08110994988121331,1643,49720,0.0192372240774427,0.021232163269379288,102,49921,0.032248283039510404,0.03423153682438219,276,49863,0.011221048753338894,0.013221204311809084,37,49921,0.0732163358233378,0.07510861355699665,1407,49863,0.047237429698387956,0.049193527022597244,586,49921,0.88793,0.971078090540039,0.29637,0.41933413398695213,0.30447,False,/data/suehara/part/march/datasets/20250711_ilc_nnqq_sgv_10m_3cat_parquet,val50k_tail,150000,proxy
25,25,3120000,,lr_11_25e-6,1.4e-05,validation_total_reference_mistag_geomean_percent,0.4253262341219092,min,1.0286011116650537,1.0286011116650537,0.5892293727171519,0.30701525383590095,0.4253262341219092,,0.18050903459616943,0.07618283806738871,3.2551797067340673,0.1984763451666455,0.5465688576180453,0.07016840588722519,2.7649955262266066,1.1367281790242811,0.018037005236674723,0.02003538032550418,90,49859,0.011393274788333324,0.013394991560699046,38,49880,0.0785420319490776,0.08041707488503774,1623,49859,0.018954206352225538,0.020951019714298337,99,49880,0.032070798322919244,0.03405823677994999,272,49765,0.010897544418161724,0.01289950234185333,35,49880,0.0725578026309983,0.07445608678167369,1376,49765,0.0464960281195961,0.0484552218748319,567,49880,0.88876,0.9716449703631702,0.2939,0.41933413398695213,0.30402,False,/data/suehara/part/march/datasets/20250711_ilc_nnqq_sgv_10m_3cat_parquet,val50k_tail,150000,proxy
25,25,3120000,,lr_14e-6,1.4e-05,validation_total_reference_mistag_geomean_percent,0.42502685651408856,min,1.0305112555469667,1.0305112555469667,0.5868374900056487,0.3078328018145343,0.42502685651408856,,0.17864311915421904,0.07621798044681302,3.2236050764057387,0.2045851089162221,0.5519096194100792,0.06618929897113292,2.7715897669908207,1.171350074080707,0.017945424068962112,0.019945438395643018,89,49820,0.011398529159857368,0.01340116793464045,38,49857,0.07819818254470867,0.08007596079171592,1606,49820,0.0192618965558289,0.021259386021374015,102,49857,0.03221155725519212,0.03419630841489203,275,49827,0.01056008844497814,0.012563129509545433,33,49857,0.07259839906648552,0.07449405654018082,1381,49827,0.04721620663818132,0.049174915368528464,584,49857,0.88837,0.9711577656592674,0.29586,0.41933413398695213,0.30346,False,/data/suehara/part/march/datasets/20250711_ilc_nnqq_sgv_10m_3cat_parquet,val50k_tail,150000,proxy
25,25,3120000,,lr_3e-6,6.164789411250001e-06,validation_total_reference_mistag_geomean_percent,0.42795190813849493,min,1.0246765387494956,1.0246765387494956,0.5888460787851203,0.3110198781610816,0.42795190813849493,,0.18657840329928557,0.07423160278190906,3.238037853609176,0.2086509931361923,0.533975729427745,0.0722253437779127,2.750175725721,1.1335366582427449,0.01835549721513534,0.02035419005335631,93,49845,0.011238378236003349,0.013241619018324546,37,49844,0.07835006844364792,0.08022632579960179,1614,49845,0.019463824882016565,0.02146167216896242,104,49844,0.03167441479312609,0.0336603640580157,266,49815,0.011073046202653168,0.013076367484905347,36,49844,0.07233001561622807,0.07422698945395434,1370,49815,0.046446482154299806,0.04840721897306603,565,49844,0.88883,0.9715259092510569,0.29433,0.41933413398695213,0.30371,False,/data/suehara/part/march/datasets/20250711_ilc_nnqq_sgv_10m_3cat_parquet,val50k_tail,150000,proxy
25,25,3120000,,lr_5_75e-6,9.247184116875002e-06,validation_total_reference_mistag_geomean_percent,0.42511180921749325,min,1.0234232363444113,1.0234232363444113,0.586202565206418,0.3082894225693705,0.42511180921749325,,0.18055974181191217,0.07423160278190906,3.2300130589650746,0.2086509931361923,0.5399980109326197,0.07021908491640569,2.7521830040436965,1.1315303941674801,0.018042067396127192,0.02004100172445125,90,49845,0.011238378236003349,0.013241619018324546,37,49844,0.07825489487256476,0.08013147421532252,1610,49845,0.019463824882016565,0.02146167216896242,104,49844,0.03185706728038923,0.033842774764226716,269,49815,0.01090541306792178,0.012908814850104922,35,49844,0.07235603355392577,0.07425292679796823,1371,49815,0.04640495200859719,0.048365769327294444,564,49844,0.88893,0.971567202708501,0.29407,0.41933413398695213,0.30351,False,/data/suehara/part/march/datasets/20250711_ilc_nnqq_sgv_10m_3cat_parquet,val50k_tail,150000,proxy
25,25,3120000,,lr_8_5e-6,1.2329578822500003e-05,validation_total_reference_mistag_geomean_percent,0.4241387217109484,min,1.0209144120208093,1.0209144120208093,0.5849331734443168,0.3075456537971897,0.4241387217109484,,0.18055974181191217,0.07423160278190906,3.2300130589650746,0.2066447304237888,0.5399980109326197,0.07021908491640569,2.7381312116604546,1.1275178546743103,0.018042067396127192,0.02004100172445125,90,49845,0.011238378236003349,0.013241619018324546,37,49844,0.07825489487256476,0.08013147421532252,1610,49845,0.019365610168448198,0.021363537955324974,103,49844,0.03185706728038923,0.033842774764226716,269,49815,0.01090541306792178,0.012908814850104922,35,49844,0.07217369095278252,0.07407114835261304,1364,49815,0.046321777420796004,0.04828275573935496,562,49844,0.88895,0.9716021984165361,0.29386,0.41933413398695213,0.30341,False,/data/suehara/part/march/datasets/20250711_ilc_nnqq_sgv_10m_3cat_parquet,val50k_tail,150000,proxy
26,26,3240000,,lr_11_25e-6,1.4e-05,validation_total_reference_mistag_geomean_percent,0.4190899237029134,min,1.0096259113530663,1.0096259113530663,0.586469772356597,0.2994806764610536,0.4190899237029134,,0.1725279375950949,0.07414978473752677,3.1376011111060573,0.20040482165389756,0.5386068413325522,0.070141688436819,2.7412676627060377,1.1423074432565454,0.017615193111998564,0.01961436949077075,86,49847,0.0112259945782456,0.013227030659104907,37,49899,0.07714785424958528,0.0790280660510935,1564,49847,0.01904706112205749,0.021043036880865826,100,49899,0.031832632607474605,0.03382067067668054,268,49758,0.010893396095868738,0.012894592821872518,35,49899,0.07225525027801001,0.07415475518221491,1364,49758,0.04660242156209523,0.04856064571195206,570,49899,0.88905,0.9715085668327857,0.29406,0.4190899237029134,0.3027,False,/data/suehara/part/march/datasets/20250711_ilc_nnqq_sgv_10m_3cat_parquet,val50k_tail,150000,proxy
26,26,3240000,,lr_14e-6,1.4e-05,validation_total_reference_mistag_geomean_percent,0.4207713190732459,min,1.0162515065411297,1.0162515065411297,0.5883025485884364,0.3009480468501226,0.4207713190732459,,0.1725279375950949,0.0741988525625686,3.1636808129620833,0.20254281226442222,0.5402582945096878,0.07018810703994767,2.763551781385242,1.1430634540099924,0.017615193111998564,0.01961436949077075,86,49847,0.011233421495778027,0.013235779814789569,37,49866,0.07746163186855975,0.07934079729692567,1577,49847,0.019159285919624538,0.02115649678794459,101,49866,0.031872384813338636,0.033859038963418575,269,49791,0.010900603098959407,0.012903122275805055,35,49866,0.07252043132337585,0.0744177822373425,1376,49791,0.04663309438887476,0.04859258409509581,570,49866,0.88906,0.971416034577041,0.29453,0.4190899237029134,0.30166,False,/data/suehara/part/march/datasets/20250711_ilc_nnqq_sgv_10m_3cat_parquet,val50k_tail,150000,proxy
26,26,3240000,,lr_3e-6,6.164789411250001e-06,validation_total_reference_mistag_geomean_percent,0.4293360349584344,min,1.0490569287547262,1.0490569287547262,0.5890443065474544,0.31292965378824206,0.4293360349584344,,0.196771347766635,0.07614467748983196,3.3270420783047396,0.19236549443943493,0.5522642954088143,0.06612563968403697,2.80751087125434,1.1742310256899768,0.01888234002879682,0.020882268897638636,98,49804,0.011387569006560367,0.013388284564814602,38,49905,0.07942932047977913,0.08130354828804615,1657,49804,0.018641477722242616,0.02063753569144717,96,49905,0.032232205035797726,0.0342182173948804,275,49795,0.010549934041103042,0.012551051115654657,33,49905,0.07308359274069663,0.07497902567530045,1398,49795,0.04725248989190245,0.04920919926396303,586,49905,0.88788,0.9710443341070767,0.29657,0.4190899237029134,0.30191,False,/data/suehara/part/march/datasets/20250711_ilc_nnqq_sgv_10m_3cat_parquet,val50k_tail,150000,proxy
26,26,3240000,,lr_5_75e-6,9.247184116875002e-06,validation_total_reference_mistag_geomean_percent,0.4182333511299712,min,1.0182851880939525,1.0182851880939525,0.5884933663051005,0.29723212870800664,0.4182333511299712,,0.1704329072822723,0.0721833471114942,3.196118191169063,0.19850420346341616,0.5446360380919456,0.07017825207493585,2.75533581969149,1.1388927458670042,0.017497992159283875,0.019496210353149773,85,49873,0.011066609286919545,0.013068767391515187,36,49873,0.07782986657906728,0.0797067516037267,1594,49873,0.01895686442557633,0.0209539569306623,99,49873,0.03201480293212747,0.03400259866602777,271,49758,0.010899073543966034,0.012901312054903113,35,49873,0.07243779289656249,0.07433673235172078,1371,49758,0.0465439117739011,0.048503293704859826,568,49873,0.88869,0.9714068365573287,0.29455,0.4182333511299712,0.30279,False,/data/suehara/part/march/datasets/20250711_ilc_nnqq_sgv_10m_3cat_parquet,val50k_tail,150000,proxy
26,26,3240000,,lr_8_5e-6,1.2329578822500003e-05,validation_total_reference_mistag_geomean_percent,0.40958971167548097,min,1.0062385566628238,1.0062385566628238,0.5783239037632596,0.29008611060122935,0.40958971167548097,,0.162477689564081,0.07010234925876949,3.1673119641106284,0.1962865728854372,0.5349529504080428,0.0680994258267405,2.723031117224524,1.1276463840243671,0.017066232936655143,0.01906557189904968,81,49853,0.010887288532163412,0.012887364547648493,35,49927,0.0775005972190386,0.07937939082047554,1579,49853,0.01883586082222768,0.0208308821898609,98,49927,0.03173224007812772,0.03372178445458897,266,49724,0.010717538159258418,0.012717694407249097,34,49927,0.07204215640181678,0.07394369361119445,1354,49724,0.04628672061124106,0.048244433863776914,563,49927,0.88881,0.9714998355640366,0.294,0.40958971167548097,0.30295,False,/data/suehara/part/march/datasets/20250711_ilc_nnqq_sgv_10m_3cat_parquet,val50k_tail,150000,proxy
27,27,3360000,,lr_11_25e-6,1.4e-05,validation_total_reference_mistag_geomean_percent,0.4273609956371501,min,1.0276530438426716,1.0276530438426716,0.5906904168217956,0.3091931329691367,0.4273609956371501,,0.18064309559464148,0.07416167299029516,3.2415399466342394,0.2104588031452955,0.54829186703186,0.07015293287986267,2.741459163140894,1.1545168693242844,0.01805038997229728,0.020050243731027217,90,49822,0.011227794141163705,0.01322915060422605,37,49891,0.07840943837092162,0.08028642129519481,1615,49822,0.019543155620618098,0.02153904839700773,105,49891,0.03211443682422507,0.03410076828871825,273,49791,0.010895142372886291,0.012896659532615502,35,49891,0.07223410131816065,0.07413233961749109,1365,49791,0.04685688895177693,0.04881493766312386,576,49891,0.8887,0.9715250284707334,0.29419,0.40958971167548097,0.30256,False,/data/suehara/part/march/datasets/20250711_ilc_nnqq_sgv_10m_3cat_parquet,val50k_tail,150000,proxy
27,27,3360000,,lr_14e-6,1.4e-05,validation_total_reference_mistag_geomean_percent,0.4273609956371501,min,1.0276530438426716,1.0276530438426716,0.5906904168217956,0.3091931329691367,0.4273609956371501,,0.18064309559464148,0.07416167299029516,3.2415399466342394,0.2104588031452955,0.54829186703186,0.07015293287986267,2.741459163140894,1.1545168693242844,0.01805038997229728,0.020050243731027217,90,49822,0.011227794141163705,0.01322915060422605,37,49891,0.07840943837092162,0.08028642129519481,1615,49822,0.019543155620618098,0.02153904839700773,105,49891,0.03211443682422507,0.03410076828871825,273,49791,0.010895142372886291,0.012896659532615502,35,49891,0.07223410131816065,0.07413233961749109,1365,49791,0.04685688895177693,0.04881493766312386,576,49891,0.8887,0.9715250284707334,0.29419,0.40958971167548097,0.30256,False,/data/suehara/part/march/datasets/20250711_ilc_nnqq_sgv_10m_3cat_parquet,val50k_tail,150000,proxy
27,27,3360000,,lr_3e-6,6.164789411250001e-06,validation_total_reference_mistag_geomean_percent,0.4163028109139093,min,1.0153094059604126,1.0153094059604126,0.5858272405620122,0.2958347075300893,0.4163028109139093,,0.1790600310120083,0.07017121880177504,3.1345565657818164,0.19447452115515776,0.5388405751820569,0.06616143195564858,2.7282561386907944,1.2109547651040442,0.017987273390081424,0.019991938512889624,89,49704,0.01089798126746441,0.012900019350915509,35,49878,0.07722063799704033,0.07910638162142783,1558,49704,0.01875321702962294,0.020750270919323174,97,49878,0.03178895536915839,0.03377045325224561,269,49922,0.010555643489048357,0.012557842352943039,33,49878,0.0719690003753555,0.07386278656290532,1362,49922,0.04800493168744795,0.049961227734701165,604,49878,0.88887,0.9714354459994182,0.29428,0.40958971167548097,0.30092,False,/data/suehara/part/march/datasets/20250711_ilc_nnqq_sgv_10m_3cat_parquet,val50k_tail,150000,proxy
27,27,3360000,,lr_5_75e-6,9.247184116875002e-06,validation_total_reference_mistag_geomean_percent,0.4200083287523283,min,1.0269444467776694,1.0269444467776694,0.5829492733481749,0.30261122928952044,0.4200083287523283,,0.1846685017798464,0.07214718095370788,3.237720511073807,0.19439657565875806,0.5563701263811517,0.06613491781573934,2.7718078014191896,1.1323099591391534,0.018261109160575516,0.020260921745883835,92,49819,0.011061066225189245,0.01306222267400595,36,49898,0.07836650601487222,0.08024375529032818,1613,49819,0.018745706687583998,0.020741963263106462,97,49898,0.032357288246109145,0.03434345478677027,277,49787,0.01055141367519764,0.012552811101389467,33,49898,0.07262999777811335,0.07452716947002128,1380,49787,0.046396487618984364,0.04835515172398781,565,49898,0.88884,0.9714247782330806,0.29459,0.40958971167548097,0.30224,False,/data/suehara/part/march/datasets/20250711_ilc_nnqq_sgv_10m_3cat_parquet,val50k_tail,150000,proxy
27,27,3360000,,lr_8_5e-6,1.2329578822500003e-05,validation_total_reference_mistag_geomean_percent,0.41984548654395143,min,1.026944149687952,1.026944149687952,0.5823168993537732,0.3027049923623089,0.41984548654395143,,0.1846685017798464,0.07214718095370788,3.2417351637756773,0.19439657565875806,0.5543615837302455,0.06613491781573934,2.769799314650487,1.1323099591391534,0.018261109160575516,0.020260921745883835,92,49819,0.011061066225189245,0.01306222267400595,36,49898,0.07841408382324375,0.08029117193721416,1615,49819,0.018745706687583998,0.020741963263106462,97,49898,0.032297384821065,0.03428363204608584,276,49787,0.01055141367519764,0.012552811101389467,33,49898,0.0726040582441325,0.07450131062040032,1379,49787,0.046396487618984364,0.04835515172398781,565,49898,0.88893,0.9714523477385866,0.29443,0.40958971167548097,0.30217,False,/data/suehara/part/march/datasets/20250711_ilc_nnqq_sgv_10m_3cat_parquet,val50k_tail,150000,proxy
28,28,3480000,,lr_11_25e-6,1.4e-05,validation_total_reference_mistag_geomean_percent,0.42490849688802496,min,1.0427675677348096,1.0427675677348096,0.5903242039912535,0.3058441946085541,0.42490849688802496,,0.17863953520574838,0.07021345163568544,3.376086483367741,0.2066281555202249,0.5558342623953983,0.07021345163568544,2.7550917025647794,1.129433499553214,0.017945064145540708,0.01994503847296573,89,49821,0.010904538212401938,0.012907779463023445,35,49848,0.07998636590390573,0.08185798541378991,1682,49821,0.01936405758176758,0.021361825715548663,103,49848,0.032326201966021394,0.034310477018070946,277,49835,0.010904538212401938,0.012907779463023445,35,49848,0.07237937476084026,0.07427539001876836,1373,49835,0.046359683362499036,0.04832042747059482,563,49848,0.88866,0.9714064996410245,0.29481,0.40958971167548097,0.30118,False,/data/suehara/part/march/datasets/20250711_ilc_nnqq_sgv_10m_3cat_parquet,val50k_tail,150000,proxy
28,28,3480000,,lr_14e-6,1.4e-05,validation_total_reference_mistag_geomean_percent,0.4239814025828012,min,1.0121404576501902,1.0121404576501902,0.5773253803074708,0.31136727375530066,0.4239814025828012,,0.1786287647478575,0.08016032064128256,3.211303852280807,0.2044088126348201,0.5423864823146304,0.06813627087827337,2.6978706762584004,1.1142284814454504,0.01794398446189711,0.019943838801153274,89,49824,0.011708308175481769,0.013709063257718961,40,49900,0.07804874629817674,0.07992686757105974,1600,49824,0.019245312764356454,0.02124108804671017,102,49900,0.03194010687089972,0.03392711450430994,270,49780,0.01072333570453013,0.012724572702885097,34,49900,0.0716732830770752,0.07357369204311522,1343,49780,0.0460199020230501,0.047979212319160074,556,49900,0.88905,0.9715615801536406,0.2938,0.40958971167548097,0.30104,False,/data/suehara/part/march/datasets/20250711_ilc_nnqq_sgv_10m_3cat_parquet,val50k_tail,150000,proxy
28,28,3480000,,lr_3e-6,6.164789411250001e-06,validation_total_reference_mistag_geomean_percent,0.42502810009602565,min,1.0143615647455984,1.0143615647455984,0.5862028846794985,0.3081678555198606,0.42502810009602565,,0.17665362358265496,0.08026487408447879,3.201846768308137,0.19865555873634017,0.5496048666732695,0.07023176310359923,2.7079069904852826,1.1297280729910246,0.0178409265269441,0.019841221467590122,88,49815,0.011723574546273477,0.013726934973511455,40,49835,0.07794299253103092,0.07982183278985103,1595,49815,0.018971306985051728,0.020969916200744808,99,49835,0.03213411185511153,0.03411788059059845,274,49854,0.010907382006186704,0.01291114507847085,35,49835,0.07175205228954692,0.07364923784410685,1350,49854,0.046371711936474616,0.04833295569188316,563,49835,0.88891,0.9715624382784563,0.29382,0.40958971167548097,0.30192,False,/data/suehara/part/march/datasets/20250711_ilc_nnqq_sgv_10m_3cat_parquet,val50k_tail,150000,proxy
28,28,3480000,,lr_5_75e-6,9.247184116875002e-06,validation_total_reference_mistag_geomean_percent,0.4251048510165727,min,1.0133587451823618,1.0133587451823618,0.5846687831380173,0.3090880504820162,0.4251048510165727,,0.17866104105387332,0.08026487408447879,3.203854246044283,0.19865555873634017,0.5475989820086795,0.07023176310359923,2.7038952867700528,1.1237082096575877,0.017947223902659622,0.01994743824962166,89,49815,0.011723574546273477,0.013726934973511455,40,49835,0.07796693490902049,0.07984569457415644,1596,49815,0.018971306985051728,0.020969916200744808,99,49835,0.032073956125573504,0.03405780532870061,273,49854,0.010907382006186704,0.01291114507847085,35,49835,0.07169960723540786,0.07359695372524816,1348,49854,0.04624675571349487,0.048208241055931224,560,49835,0.88897,0.971592125339491,0.29365,0.40958971167548097,0.3017,False,/data/suehara/part/march/datasets/20250711_ilc_nnqq_sgv_10m_3cat_parquet,val50k_tail,150000,proxy
28,28,3480000,,lr_8_5e-6,1.2329578822500003e-05,validation_total_reference_mistag_geomean_percent,0.42268074722013593,min,1.007434829673905,1.007434829673905,0.5829801907527218,0.3064581213984213,0.42268074722013593,,0.1785248663760335,0.07822058108381529,3.1492587599661483,0.20056559645097807,0.5342223561980708,0.07019795875784232,2.7132872141577318,1.13520130440062,0.017933554214238163,0.019932249409684986,89,49853,0.011559023525144294,0.013561501640585862,39,49859,0.07728369537114352,0.0791632132103974,1570,49853,0.01906232866186585,0.021059899235673432,100,49859,0.0316890100644355,0.03367586675653922,266,49792,0.01090213308332261,0.01290493300477295,35,49859,0.07186643929477377,0.07376577103718474,1351,49792,0.046474063882912496,0.04843414405669589,566,49859,0.88897,0.9715767439886026,0.29369,0.40958971167548097,0.30136,False,/data/suehara/part/march/datasets/20250711_ilc_nnqq_sgv_10m_3cat_parquet,val50k_tail,150000,proxy
29,29,3600000,,lr_11_25e-6,1.4e-05,validation_total_reference_mistag_geomean_percent,0.4124469705896501,min,1.025471047103889,1.025471047103889,0.5781141767028047,0.2942541636304321,0.4124469705896501,,0.17828882986311784,0.07020077404237257,3.211202164288324,0.1865334761783863,0.54496461131066,0.06217783011213413,2.7529760967103836,1.1974245943257356,0.01790986154982183,0.019905923696139898,89,49919,0.010902570300601202,0.01290545044925483,35,49857,0.07797411903808851,0.07984867023410266,1603,49919,0.018351082789608307,0.020349296376765098,93,49857,0.03203406859305204,0.03402305028954852,271,49728,0.010207123102310854,0.012210325082791837,31,49857,0.07242876499287121,0.07432894492045983,1369,49728,0.04774354472633045,0.04970120750323881,597,49857,0.88853,0.9714002070229579,0.29453,0.40958971167548097,0.30172,False,/data/suehara/part/march/datasets/20250711_ilc_nnqq_sgv_10m_3cat_parquet,val50k_tail,150000,proxy
29,29,3600000,,lr_14e-6,1.4e-05,validation_total_reference_mistag_geomean_percent,0.4243979300276297,min,1.02278675045585,1.02278675045585,0.5905230725478864,0.3050068852256932,0.4243979300276297,,0.1763138334581111,0.07627918479600905,3.2057062510440337,0.20073468355097254,0.5444390842729995,0.07025713924284038,2.7543393526718334,1.1542244746100028,0.017806636659280922,0.019803097877479633,88,49911,0.011407678750063724,0.013411923031977673,38,49817,0.07791486958144342,0.07978994146167415,1600,49911,0.019078385943097683,0.02107763381780309,100,49817,0.03200325465457657,0.03399033948945579,271,49776,0.01091132201640068,0.012915808059953744,35,49817,0.07241195420853684,0.07431024701683477,1371,49776,0.04688496968206987,0.048845938630581384,575,49817,0.88869,0.9714673801663736,0.29441,0.40958971167548097,0.30172,False,/data/suehara/part/march/datasets/20250711_ilc_nnqq_sgv_10m_3cat_parquet,val50k_tail,150000,proxy
29,29,3600000,,lr_3e-6,6.164789411250001e-06,validation_total_reference_mistag_geomean_percent,0.41954352705666653,min,1.02294156207825,1.02294156207825,0.5770556811164933,0.30502562725764837,0.41954352705666653,,0.1787148673229726,0.07406518025179268,3.2670682205380723,0.20017615599469796,0.5447455033725744,0.06605812873416514,2.71970737914014,1.132997061271584,0.017952625570570722,0.01995344021849194,89,49800,0.01121318937076772,0.013211945694111557,37,49956,0.07872840756501659,0.0806051944458791,1627,49800,0.019025347085643005,0.02101905462792873,100,49956,0.03202122224381376,0.03400941314142345,271,49748,0.01053916636270172,0.01253824324357304,33,49956,0.07198163919686397,0.07388239268638526,1353,49748,0.046384310210595935,0.04834067280092783,566,49956,0.88858,0.9713685408845949,0.29473,0.40958971167548097,0.30225,False,/data/suehara/part/march/datasets/20250711_ilc_nnqq_sgv_10m_3cat_parquet,val50k_tail,150000,proxy
29,29,3600000,,lr_5_75e-6,9.247184116875002e-06,validation_total_reference_mistag_geomean_percent,0.41328903201272543,min,1.0264755564354449,1.0264755564354449,0.578857978038328,0.2950772563606368,0.41328903201272543,,0.18029206566354997,0.07020077404237257,3.211202164288324,0.1865334761783863,0.5469755389193844,0.06217783011213413,2.756998007953672,1.1974245943257356,0.018015342403449975,0.02001132429154458,90,49919,0.010902570300601202,0.01290545044925483,35,49857,0.07797411903808851,0.07984867023410266,1603,49919,0.018351082789608307,0.020349296376765098,93,49857,0.0320946006323263,0.034083501452894946,272,49728,0.010207123102310854,0.012210325082791837,31,49857,0.07248089836665479,0.07438091654238775,1371,49728,0.04774354472633045,0.04970120750323881,597,49857,0.88848,0.9713536052933965,0.2948,0.40958971167548097,0.30185,False,/data/suehara/part/march/datasets/20250711_ilc_nnqq_sgv_10m_3cat_parquet,val50k_tail,150000,proxy
29,29,3600000,,lr_8_5e-6,1.2329578822500003e-05,validation_total_reference_mistag_geomean_percent,0.41822032218782046,min,1.0194287920097862,1.0194287920097862,0.5758398046442231,0.30374461174831363,0.41822032218782046,,0.1787148673229726,0.07406518025179268,3.2449799296213784,0.19817439818769125,0.5407252695499297,0.06605812873416514,2.721717319904157,1.130995242506203,0.017952625570570722,0.01995344021849194,89,49800,0.01121318937076772,0.013211945694111557,37,49956,0.07846730313144645,0.08034497707696264,1616,49800,0.018925395177447728,0.020919182859115322,99,49956,0.03189986559564498,0.03388821811508118,269,49748,0.01053916636270172,0.01253824324357304,33,49956,0.07200786782525642,0.0739085405038642,1354,49748,0.04634290952192921,0.04829935225164304,565,49956,0.88879,0.9714263763613987,0.29442,0.40958971167548097,0.3021,False,/data/suehara/part/march/datasets/20250711_ilc_nnqq_sgv_10m_3cat_parquet,val50k_tail,150000,proxy
30,30,3720000,,lr_11_25e-6,1.4e-05,validation_total_reference_mistag_geomean_percent,0.4229748077134396,min,1.0168219842524007,1.0168219842524007,0.5779051865808646,0.3095796544390195,0.4229748077134396,,0.18487631826214457,0.07819235165788403,3.2011734770448688,0.19848828347916378,0.5374618785955824,0.06616276249563162,2.7113749514521936,1.1568458510317368,0.018281642753535752,0.020283697398912816,92,49763,0.01155485329468705,0.013556609886643863,39,49877,0.07797518328869525,0.07985601386651456,1593,49763,0.018955345435238198,0.020952278420475298,99,49877,0.03176513012681046,0.03374898806739572,268,49864,0.0105558550687634,0.012558094021392194,33,49877,0.07179024781299934,0.07368691381360801,1352,49864,0.04691102336704788,0.04886952828541801,577,49877,0.88892,0.9714868554039707,0.29421,0.40958971167548097,0.30224,False,/data/suehara/part/march/datasets/20250711_ilc_nnqq_sgv_10m_3cat_parquet,val50k_tail,150000,proxy
30,30,3720000,,lr_14e-6,1.4e-05,validation_total_reference_mistag_geomean_percent,0.41359596252371555,min,1.0222113612306254,1.0222113612306254,0.5792129494026083,0.2953345922123274,0.41359596252371555,,0.18090088952138442,0.06813490511598987,3.242145918086295,0.19037694728519963,0.5456149990842033,0.06613094039214389,2.7501405263227467,1.1342457640370398,0.018076129907156437,0.020078827250522922,90,49751,0.01072312086878264,0.012724317818519498,34,49901,0.07847188899126195,0.08035152615614022,1613,49751,0.01854082877203332,0.020537126437603755,95,49901,0.03201496959227661,0.03399897797610671,272,49852,0.0105507794954819,0.012552056761352645,33,49901,0.07230306038330282,0.07419862773469059,1371,49852,0.046435158867261586,0.04839362763377625,566,49901,0.88892,0.9715566183845944,0.29393,0.40958971167548097,0.30224,False,/data/suehara/part/march/datasets/20250711_ilc_nnqq_sgv_10m_3cat_parquet,val50k_tail,150000,proxy
30,30,3720000,,lr_3e-6,6.164789411250001e-06,validation_total_reference_mistag_geomean_percent,0.4271456215097764,min,1.0327178728538018,1.0327178728538018,0.5816587007057975,0.3136777318960074,0.4271456215097764,,0.18853922263704279,0.07640033551983284,3.2773733354978787,0.20507459488254773,0.5469955350454487,0.06634766011920873,2.7570177251427577,1.1439945739856967,0.01845440524819056,0.02045253837739047,94,49857,0.011425792411990765,0.013433215145147021,38,49738,0.07880533339625004,0.08067956127191314,1634,49857,0.01930794058416117,0.02131018933902726,102,49738,0.03203869917764923,0.03402038639336294,273,49909,0.010585347408647597,0.012593174358857779,33,49738,0.07235130563759545,0.0742444325551539,1376,49909,0.0467110228324092,0.04867551771443948,569,49738,0.88884,0.9714417929575179,0.29469,0.40958971167548097,0.30191,False,/data/suehara/part/march/datasets/20250711_ilc_nnqq_sgv_10m_3cat_parquet,val50k_tail,150000,proxy
30,30,3720000,,lr_5_75e-6,9.247184116875002e-06,validation_total_reference_mistag_geomean_percent,0.42316097873517194,min,1.016183314856537,1.016183314856537,0.5892253400116315,0.3038993773088134,0.42316097873517194,,0.17428233525564424,0.07612484400075456,3.209198828404441,0.20032854174295858,0.5295266281129869,0.07211827538018356,2.6979684136467736,1.1699186523085525,0.01769710297708062,0.01969332563984557,87,49919,0.011384604257994676,0.013384799580627531,38,49918,0.077950281602613,0.07982491305684944,1602,49919,0.01903981760475505,0.021035036718166592,100,49918,0.031584324096980365,0.0335763702173207,263,49667,0.011056635772244973,0.013056991617755935,36,49918,0.07175498508946478,0.07365971374896398,1340,49667,0.04715882916611295,0.04911520174302308,584,49918,0.88886,0.97149631491156,0.29423,0.40958971167548097,0.3027,False,/data/suehara/part/march/datasets/20250711_ilc_nnqq_sgv_10m_3cat_parquet,val50k_tail,150000,proxy
30,30,3720000,,lr_8_5e-6,1.2329578822500003e-05,validation_total_reference_mistag_geomean_percent,0.4154551127360453,min,1.022645617415135,1.022645617415135,0.5751661566113684,0.3000923276074212,0.4154551127360453,,0.16842442873803495,0.07231093915685904,3.2501904873432155,0.2048809920171568,0.5436854349695027,0.06427638847042282,2.7304644416439574,1.1469318269819317,0.017388980780721736,0.019387239450212965,84,49874,0.011086165138360967,0.013091857062314319,36,49785,0.07847139406873607,0.08034607314723122,1621,49874,0.019289728850724462,0.021290095179079788,102,49785,0.031959063330331675,0.03394342775576925,271,49845,0.010399991705101457,0.012406006392424378,32,49785,0.07205258166833733,0.07394920468965227,1361,49845,0.04674990565483872,0.048712427978111345,571,49785,0.88866,0.9714654286926189,0.29443,0.40958971167548097,0.30207,False,/data/suehara/part/march/datasets/20250711_ilc_nnqq_sgv_10m_3cat_parquet,val50k_tail,150000,proxy
31,31,3840000,,lr_11_25e-6,1.4e-05,validation_total_reference_mistag_geomean_percent,0.4283422819435028,min,1.0221467226875218,1.0221467226875218,0.5754109440405414,0.31886274044805124,0.4283422819435028,,0.1946657497352218,0.07825353994101945,3.2210158307674077,0.21068261411294473,0.525713819994035,0.0662145347693395,2.7248831022820728,1.1557445898981333,0.018771642825882413,0.020770652829619627,97,49829,0.011563892600086544,0.013567213150600204,39,49838,0.07816043142431367,0.0800379744355803,1605,49829,0.0195639197716756,0.021561926047416982,105,49838,0.03141540404723786,0.03340080820362157,262,49837,0.01056411329870999,0.012567916965112048,33,49838,0.07198562893064135,0.0738827803765673,1358,49837,0.04690644506455399,0.04886652674305665,576,49838,0.88903,0.971476722239542,0.29445,0.40958971167548097,0.30061,False,/data/suehara/part/march/datasets/20250711_ilc_nnqq_sgv_10m_3cat_parquet,val50k_tail,150000,proxy
31,31,3840000,,lr_14e-6,1.4e-05,validation_total_reference_mistag_geomean_percent,0.4283422819435028,min,1.0221467226875218,1.0221467226875218,0.5754109440405414,0.31886274044805124,0.4283422819435028,,0.1946657497352218,0.07825353994101945,3.2210158307674077,0.21068261411294473,0.525713819994035,0.0662145347693395,2.7248831022820728,1.1557445898981333,0.018771642825882413,0.020770652829619627,97,49829,0.011563892600086544,0.013567213150600204,39,49838,0.07816043142431367,0.0800379744355803,1605,49829,0.0195639197716756,0.021561926047416982,105,49838,0.03141540404723786,0.03340080820362157,262,49837,0.01056411329870999,0.012567916965112048,33,49838,0.07198562893064135,0.0738827803765673,1358,49837,0.04690644506455399,0.04886652674305665,576,49838,0.88903,0.971476722239542,0.29445,0.40958971167548097,0.30061,False,/data/suehara/part/march/datasets/20250711_ilc_nnqq_sgv_10m_3cat_parquet,val50k_tail,150000,proxy
31,31,3840000,,lr_3e-6,6.164789411250001e-06,validation_total_reference_mistag_geomean_percent,0.4299897275016136,min,1.0251567372219492,1.0251567372219492,0.5766328849704639,0.3206393020168843,0.4299897275016136,,0.19667261482087325,0.07825353994101945,3.229043257482646,0.2126891179347139,0.5277203777722914,0.0662145347693395,2.7329093604105537,1.1577510946441558,0.018872874471679214,0.020871803927012933,98,49829,0.011563892600086544,0.013567213150600204,39,49838,0.07825579721235099,0.08013301803000417,1609,49829,0.01966120747642114,0.0216591332328478,106,49838,0.031476846608740824,0.03346217024257844,263,49837,0.01056411329870999,0.012567916965112048,33,49838,0.07209009202564995,0.0739869213813922,1362,49837,0.04694753094974802,0.04890753210893585,577,49838,0.88881,0.9714064711150603,0.29483,0.40958971167548097,0.30078,False,/data/suehara/part/march/datasets/20250711_ilc_nnqq_sgv_10m_3cat_parquet,val50k_tail,150000,proxy
31,31,3840000,,lr_5_75e-6,9.247184116875002e-06,validation_total_reference_mistag_geomean_percent,0.41308050019713394,min,1.0148871995692934,1.0148871995692934,0.5545759858752226,0.30768641987593504,0.41308050019713394,,0.1823099282132403,0.07622715767427518,3.247520758778944,0.19859180904544235,0.5348023860464365,0.058173356602675974,2.6921067246801647,1.1293654755131677,0.01812168848999041,0.020117749475370813,91,49915,0.01139990066261993,0.013402780099475924,38,49851,0.0784079802700885,0.08028122649232777,1621,49915,0.018965223226003414,0.02096319354600762,99,49851,0.03172333014201615,0.03371232057751382,266,49738,0.009843835281394209,0.011847439014179142,29,49851,0.07162753543273198,0.07352978088845871,1339,49738,0.046356908423837544,0.0483175372648385,563,49851,0.88869,0.9715016689464061,0.29423,0.40958971167548097,0.30154,False,/data/suehara/part/march/datasets/20250711_ilc_nnqq_sgv_10m_3cat_parquet,val50k_tail,150000,proxy
31,31,3840000,,lr_8_5e-6,1.2329578822500003e-05,validation_total_reference_mistag_geomean_percent,0.42882911972299464,min,1.0223974731449814,1.0223974731449814,0.5768994692212903,0.3187633612674711,0.42882911972299464,,0.1946657497352218,0.07825353994101945,3.2170021627364203,0.21068261411294473,0.5297268967506215,0.0662145347693395,2.7228766866459653,1.15975760046832,0.018771642825882413,0.020770652829619627,97,49829,0.011563892600086544,0.013567213150600204,39,49838,0.07811269939889953,0.07999040350697428,1603,49829,0.0195639197716756,0.021561926047416982,105,49838,0.03153817078948894,0.033523413900780466,264,49837,0.01056411329870999,0.012567916965112048,33,49838,0.07195948707211658,0.0738567190405888,1357,49837,0.04698858002910814,0.048948500668981494,578,49838,0.88905,0.971461002032321,0.29453,0.40958971167548097,0.30065,False,/data/suehara/part/march/datasets/20250711_ilc_nnqq_sgv_10m_3cat_parquet,val50k_tail,150000,proxy
32,32,3960000,,lr_11_25e-6,1.4e-05,validation_total_reference_mistag_geomean_percent,0.42627106679103866,min,1.0258492022398635,1.0258492022398635,0.5912664188703763,0.30731835359485526,0.42627106679103866,,0.18509576875862693,0.07419289863829948,3.2391759589938,0.20052135061606097,0.5447626650711256,0.07018247271562134,2.715802176089537,1.177060327035838,0.01830332637432351,0.02030774863498383,92,49704,0.011232520740005452,0.013234718694666702,37,49870,0.07847330834098443,0.08035484235480866,1610,49704,0.019058127649009795,0.021055259394692695,100,49870,0.03196508124002602,0.033946024434925504,272,49930,0.01089972901497032,0.01290208780166264,35,49870,0.07180114689541751,0.0736951285051194,1356,49930,0.047326163907068265,0.04928413305318822,587,49870,0.8888,0.9713095224105389,0.29487,0.40958971167548097,0.30207,False,/data/suehara/part/march/datasets/20250711_ilc_nnqq_sgv_10m_3cat_parquet,val50k_tail,150000,proxy
32,32,3960000,,lr_14e-6,1.4e-05,validation_total_reference_mistag_geomean_percent,0.42627106679103866,min,1.0258492022398635,1.0258492022398635,0.5912664188703763,0.30731835359485526,0.42627106679103866,,0.18509576875862693,0.07419289863829948,3.2391759589938,0.20052135061606097,0.5447626650711256,0.07018247271562134,2.715802176089537,1.177060327035838,0.01830332637432351,0.02030774863498383,92,49704,0.011232520740005452,0.013234718694666702,37,49870,0.07847330834098443,0.08035484235480866,1610,49704,0.019058127649009795,0.021055259394692695,100,49870,0.03196508124002602,0.033946024434925504,272,49930,0.01089972901497032,0.01290208780166264,35,49870,0.07180114689541751,0.0736951285051194,1356,49930,0.047326163907068265,0.04928413305318822,587,49870,0.8888,0.9713095224105389,0.29487,0.40958971167548097,0.30207,False,/data/suehara/part/march/datasets/20250711_ilc_nnqq_sgv_10m_3cat_parquet,val50k_tail,150000,proxy
32,32,3960000,,lr_3e-6,6.164789411250001e-06,validation_total_reference_mistag_geomean_percent,0.42062117081327316,min,1.0216110101986389,1.0216110101986389,0.5830023261142406,0.30346734723260854,0.42062117081327316,,0.17812469185048008,0.07423160278190906,3.2622836533136677,0.1966134343953267,0.5332528333328587,0.07021908491640569,2.7266323868309845,1.1315303941674801,0.017893385467698048,0.019887616557347807,89,49965,0.011238378236003349,0.013241619018324546,37,49844,0.07854345682372574,0.08041423761072017,1630,49965,0.01886719969123698,0.020865529977768648,98,49844,0.03168944963392508,0.0336802234248805,265,49695,0.01090541306792178,0.012908814850104922,35,49844,0.07210987691719621,0.07401237883050936,1355,49695,0.04640495200859719,0.048365769327294444,564,49844,0.88869,0.971479793061003,0.29463,0.40958971167548097,0.30178,False,/data/suehara/part/march/datasets/20250711_ilc_nnqq_sgv_10m_3cat_parquet,val50k_tail,150000,proxy
32,32,3960000,,lr_5_75e-6,9.247184116875002e-06,validation_total_reference_mistag_geomean_percent,0.41899141481617613,min,1.023286117475481,1.023286117475481,0.5842729250202812,0.30046541294647056,0.41899141481617613,,0.18827864319864088,0.06831973402006675,3.250811186791496,0.19491217828753996,0.5320003019777104,0.07032913899688945,2.748333872913043,1.1333038836184621,0.018428921003942663,0.020424303115729615,94,49926,0.010752201767162217,0.01275881981782366,34,49766,0.07843833593847577,0.08031103763492947,1623,49926,0.018795386406453764,0.020796917051698782,97,49766,0.03161519791389207,0.03360134609524208,265,49812,0.010922500852334805,0.012929038150529319,35,49766,0.07230828288347681,0.07420544492010052,1369,49812,0.04647729282148492,0.04844111206467553,564,49766,0.88871,0.9714065973621806,0.29486,0.40958971167548097,0.30135,False,/data/suehara/part/march/datasets/20250711_ilc_nnqq_sgv_10m_3cat_parquet,val50k_tail,150000,proxy
32,32,3960000,,lr_8_5e-6,1.2329578822500003e-05,validation_total_reference_mistag_geomean_percent,0.41588136780347307,min,1.0170433939873489,1.0170433939873489,0.5787016180212695,0.2988713124346765,0.41588136780347307,,0.1748357153596868,0.07001820712705348,3.163119654270288,0.2060535784579435,0.5426481304945545,0.06401664432752516,2.735348386389246,1.1803068354724924,0.017753252575608537,0.019755791231019646,87,49761,0.010874223929635735,0.01287190264433795,35,49987,0.07752099379679522,0.07940342940178646,1574,49761,0.019310259401069667,0.021302495394751,103,49987,0.03195547495758715,0.03394343049659323,270,49756,0.010357975100690912,0.012355893935438157,32,49987,0.07217972407739873,0.07407954325859209,1361,49756,0.04733760433326007,0.04929086083963006,590,49987,0.88905,0.9715003370797666,0.29416,0.40958971167548097,0.30326,False,/data/suehara/part/march/datasets/20250711_ilc_nnqq_sgv_10m_3cat_parquet,val50k_tail,150000,proxy
33,33,4080000,,lr_11_25e-6,1.4e-05,validation_total_reference_mistag_geomean_percent,0.4137049059490112,min,0.9993458205152195,0.9993458205152195,0.5832409955227142,0.29344944974742393,0.4137049059490112,,0.17457959551962096,0.07021908491640569,3.1083197448688726,0.19460718129481006,0.5358648236501375,0.07021908491640569,2.703407867215549,1.1375491817399541,0.017727265823303927,0.019726881370438036,87,49834,0.01090541306792178,0.012908814850104922,35,49844,0.07680373727449383,0.07868561468510407,1549,49834,0.01876599843165065,0.020764409218113348,97,49844,0.03172842557786319,0.03371386059062582,267,49826,0.01090541306792178,0.012908814850104922,35,49844,0.0717131089494779,0.07361154121072709,1347,49826,0.046529428648380694,0.04849000446728487,567,49844,0.88952,0.971747400405237,0.29296,0.40958971167548097,0.30136,False,/data/suehara/part/march/datasets/20250711_ilc_nnqq_sgv_10m_3cat_parquet,val50k_tail,150000,proxy
33,33,4080000,,lr_14e-6,1.4e-05,validation_total_reference_mistag_geomean_percent,0.41343236657696364,min,1.0051069977922669,1.0051069977922669,0.5838968004718401,0.29273378719545184,0.41343236657696364,,0.17040557337720777,0.07021908491640569,3.1535054273654026,0.19460718129481006,0.5403885081357181,0.07021908491640569,2.711987008648659,1.1295241136835272,0.017495187834187298,0.019493086652789333,85,49881,0.01090541306792178,0.012908814850104922,35,49844,0.07731332986633636,0.0791916224230603,1573,49881,0.01876599843165065,0.020764409218113348,97,49844,0.03188004910482525,0.03386717692655103,269,49779,0.01090541306792178,0.012908814850104922,35,49844,0.07185871162878957,0.07375859162145962,1350,49779,0.04636338379751439,0.04832428161614267,563,49844,0.88932,0.9717327804128865,0.29324,0.40958971167548097,0.30206,False,/data/suehara/part/march/datasets/20250711_ilc_nnqq_sgv_10m_3cat_parquet,val50k_tail,150000,proxy
33,33,4080000,,lr_3e-6,6.164789411250001e-06,validation_total_reference_mistag_geomean_percent,0.4140253381716073,min,0.9995963777366319,0.9995963777366319,0.584522563060869,0.2932598183216126,0.4140253381716073,,0.17457959551962096,0.07021908491640569,3.100292958667294,0.19460718129481006,0.5358648236501375,0.07021908491640569,2.703407867215549,1.147580425712834,0.017727265823303927,0.019726881370438036,87,49834,0.01090541306792178,0.012908814850104922,35,49844,0.07670636306758676,0.07858856260716147,1545,49834,0.01876599843165065,0.020764409218113348,97,49844,0.03172842557786319,0.03371386059062582,267,49826,0.01090541306792178,0.012908814850104922,35,49844,0.0717131089494779,0.07361154121072709,1347,49826,0.04673613567288855,0.048696308992137935,572,49844,0.88923,0.97167598871573,0.29337,0.40958971167548097,0.30154,False,/data/suehara/part/march/datasets/20250711_ilc_nnqq_sgv_10m_3cat_parquet,val50k_tail,150000,proxy
33,33,4080000,,lr_5_75e-6,9.247184116875002e-06,validation_total_reference_mistag_geomean_percent,0.4188473136949177,min,1.0307166501813951,1.0307166501813951,0.5880367166914084,0.2983369357895266,0.4188473136949177,,0.18669076265865694,0.06620390738823323,3.260062229253345,0.19660554243071962,0.5517324521912835,0.06821008639999787,2.768693810943155,1.1475344101857687,0.018366542576224748,0.020366434548450656,93,49815,0.010562418249569175,0.01256590074969812,33,49846,0.07863399384995667,0.0805104968919404,1624,49815,0.018866443311677666,0.020864693736173494,98,49846,0.03220124328175465,0.0341853644421808,275,49843,0.010734949632196126,0.012738351638853784,34,49846,0.07254951191156267,0.07444467707895669,1380,49843,0.04673427067332144,0.04869436719243097,572,49846,0.88871,0.9713193225081994,0.29502,0.40958971167548097,0.30378,False,/data/suehara/part/march/datasets/20250711_ilc_nnqq_sgv_10m_3cat_parquet,val50k_tail,150000,proxy
33,33,4080000,,lr_8_5e-6,1.2329578822500003e-05,validation_total_reference_mistag_geomean_percent,0.4294641145388123,min,1.0365062642515268,1.0365062642515268,0.5982796003114158,0.30828299273550674,0.4294641145388123,,0.1807845967639513,0.076147728079735,3.2742100998110493,0.20038875467329656,0.554016620498615,0.07213995080006042,2.7821270328219967,1.1522353305635098,0.018064519728482508,0.020065934455897504,90,49783,0.011388025258783997,0.013388820877307975,38,49903,0.07882591838464237,0.08070305923022769,1630,49783,0.01904553571306811,0.02104135213042207,100,49903,0.032277338417639315,0.0342623635437759,276,49818,0.011059958279116664,0.01306091451703323,36,49903,0.07274075157750678,0.07463632848824092,1386,49818,0.04680461311136995,0.0487622824229858,575,49903,0.88868,0.9714335242928173,0.29478,0.40958971167548097,0.3021,False,/data/suehara/part/march/datasets/20250711_ilc_nnqq_sgv_10m_3cat_parquet,val50k_tail,150000,proxy
34,34,4200000,,lr_11_25e-6,1.4e-05,validation_total_reference_mistag_geomean_percent,0.4225902024830567,min,1.0264885856746762,1.0264885856746762,0.5867571613456457,0.3043550057831707,0.4225902024830567,,0.18083909161910589,0.07221520129987362,3.2430477775645112,0.20260376255120974,0.5352310339916135,0.070209221251008,2.76836721417842,1.1393953829416676,0.018069960142175667,0.0200719758912004,90,49768,0.011071491778876907,0.013074532170383766,36,49851,0.07846933280751048,0.08034829168787685,1614,49768,0.01916504585021798,0.021162855215571368,101,49851,0.03169099180089733,0.03367410405558293,267,49885,0.010903882162871418,0.01290700303170373,35,49851,0.07251514500323658,0.07440872768195647,1381,49885,0.04656434117103411,0.048524567625407924,568,49851,0.88909,0.9715294506549054,0.29401,0.40958971167548097,0.30215,False,/data/suehara/part/march/datasets/20250711_ilc_nnqq_sgv_10m_3cat_parquet,val50k_tail,150000,proxy
34,34,4200000,,lr_14e-6,1.4e-05,validation_total_reference_mistag_geomean_percent,0.4253156026360986,min,1.0261138738067275,1.0261138738067275,0.5922020899568781,0.30545883730143486,0.4253156026360986,,0.17448156058761435,0.076083688714064,3.2429504881732587,0.2022224474075376,0.5493289169756097,0.0700770847932726,2.7184740274790453,1.175292776323417,0.017717318476967253,0.019715815094935286,87,49862,0.011378451633281356,0.013377567330551968,38,49945,0.07839505794115242,0.08027047857194075,1617,49862,0.019129007329120012,0.021123072021199875,101,49945,0.032175026925400974,0.03416507365028584,273,49697,0.010883365856394135,0.012882722077721452,35,49945,0.07200197524388947,0.07390472891799608,1351,49697,0.047255493674530635,0.04921059346942522,587,49945,0.88864,0.9713746340680928,0.29473,0.40958971167548097,0.30054,False,/data/suehara/part/march/datasets/20250711_ilc_nnqq_sgv_10m_3cat_parquet,val50k_tail,150000,proxy
34,34,4200000,,lr_3e-6,6.164789411250001e-06,validation_total_reference_mistag_geomean_percent,0.42427805623173326,min,1.0141495074755023,1.0141495074755023,0.5814740763664,0.3095784942377177,0.42427805623173326,,0.19433035496128337,0.07229351165732875,3.223480014150928,0.20282346002908408,0.5382390705914799,0.07028535579902231,2.6871785998305344,1.124565692784357,0.01873932762494349,0.020734906983801808,97,49915,0.011083494362571215,0.013088703667697656,36,49797,0.07812313142130586,0.07999734089659052,1609,49915,0.019185810307184387,0.0211857772350426,101,49797,0.03181094963721999,0.033797644993010814,268,49792,0.010915703145301003,0.012920993102385408,35,49797,0.07152451960003685,0.07342490002848097,1338,49792,0.046281858186142735,0.04824480586529088,560,49797,0.88884,0.9714014934633156,0.29458,0.40958971167548097,0.30184,False,/data/suehara/part/march/datasets/20250711_ilc_nnqq_sgv_10m_3cat_parquet,val50k_tail,150000,proxy
34,34,4200000,,lr_5_75e-6,9.247184116875002e-06,validation_total_reference_mistag_geomean_percent,0.42440115950520707,min,1.024110864942867,1.024110864942867,0.5917312896939219,0.3043887442263378,0.42440115950520707,,0.1724760300531903,0.076083688714064,3.234928500767287,0.2022224474075376,0.551341117751239,0.0700770847932726,2.7184740274790453,1.1672840225772991,0.017609897817241867,0.019608474877031594,86,49862,0.011378451633281356,0.013377567330551968,38,49945,0.0783000126787281,0.08017575507680286,1613,49862,0.019129007329120012,0.021123072021199875,101,49945,0.032235371230717166,0.03422533697874609,274,49697,0.010883365856394135,0.012882722077721452,35,49945,0.07200197524388947,0.07390472891799608,1351,49697,0.04709273284818436,0.04904815334182116,583,49945,0.88844,0.9713344750057761,0.29494,0.40958971167548097,0.30064,False,/data/suehara/part/march/datasets/20250711_ilc_nnqq_sgv_10m_3cat_parquet,val50k_tail,150000,proxy
34,34,4200000,,lr_8_5e-6,1.2329578822500003e-05,validation_total_reference_mistag_geomean_percent,0.42544199794039905,min,1.0251123769176602,1.0251123769176602,0.5929211368754199,0.3052697607735125,0.42544199794039905,,0.17448156058761435,0.076083688714064,3.234928500767287,0.2022224474075376,0.5533533027768649,0.0700770847932726,2.716461834987876,1.173290595306766,0.017717318476967253,0.019715815094935286,87,49862,0.011378451633281356,0.013377567330551968,38,49945,0.0783000126787281,0.08017575507680286,1613,49862,0.019129007329120012,0.021123072021199875,101,49945,0.03229560385228396,0.03428548862345693,275,49697,0.010883365856394135,0.012882722077721452,35,49945,0.07197568919938974,0.07387852385035212,1350,49697,0.04721485739842355,0.04917003736800377,586,49945,0.88858,0.9713605004231431,0.29479,0.40958971167548097,0.30057,False,/data/suehara/part/march/datasets/20250711_ilc_nnqq_sgv_10m_3cat_parquet,val50k_tail,150000,proxy
35,35,4320000,,lr_11_25e-6,1.4e-05,validation_total_reference_mistag_geomean_percent,0.40895892409223183,min,1.0106199920910086,1.0106199920910086,0.5695691892177016,0.29363842841356763,0.40895892409223183,,0.18097000541452005,0.06622117727705018,3.1870828217957445,0.1946501388296019,0.5206351819128846,0.06421447635101238,2.7093054862237214,1.1618806489235327,0.018083030514578765,0.020086490189273803,90,49732,0.010565172980721217,0.012569177428337823,33,49833,0.07783073910957762,0.07971330872075591,1585,49732,0.01877013732211807,0.020768987499449228,97,49833,0.031228399429147815,0.033209951885098454,260,49939,0.01038997671484425,0.012394061697934045,32,49833,0.0717100141628426,0.07360391462930098,1353,49939,0.04703428506040094,0.048994317139644875,579,49833,0.88913,0.9716795935573882,0.29312,0.40895892409223183,0.3023,False,/data/suehara/part/march/datasets/20250711_ilc_nnqq_sgv_10m_3cat_parquet,val50k_tail,150000,proxy
35,35,4320000,,lr_14e-6,1.4e-05,validation_total_reference_mistag_geomean_percent,0.4234794486755217,min,1.0188664366573275,1.0188664366573275,0.5828347013306554,0.3076941764810655,0.4234794486755217,,0.1862943357266349,0.0743195748978378,3.223092402635238,0.2008637115075328,0.5241174312231828,0.07030229902763648,2.720992687352912,1.150949050887645,0.01832757500107175,0.02032323645914376,93,49921,0.011251692933575745,0.013257304166686698,37,49785,0.07811389244542707,0.07998789218557692,1609,49921,0.019090638231065993,0.021091165941106074,100,49785,0.03137833870206054,0.03336536183768833,261,49798,0.010918333511800084,0.012924106126595834,35,49785,0.07196273088737049,0.07386152432454982,1355,49798,0.046832497421686776,0.04879485836327465,573,49785,0.88883,0.9716089686030047,0.29377,0.40895892409223183,0.30151,False,/data/suehara/part/march/datasets/20250711_ilc_nnqq_sgv_10m_3cat_parquet,val50k_tail,150000,proxy
35,35,4320000,,lr_3e-6,3.5e-06,validation_total_reference_mistag_geomean_percent,0.4248825925815474,min,1.0218741582987898,1.0218741582987898,0.5846109280640805,0.30879548912405796,0.4248825925815474,,0.1862943357266349,0.0743195748978378,3.237114593639279,0.20287234501622056,0.5321498974408069,0.07030229902763648,2.7270170089030845,1.1449232117388173,0.01832757500107175,0.02032323645914376,93,49921,0.011251692933575745,0.013257304166686698,37,49785,0.07828017709946705,0.08015361507706653,1616,49921,0.019190430742808788,0.021190877762006493,101,49785,0.031624064403108346,0.03361076494386066,265,49798,0.010918333511800084,0.012924106126595834,35,49785,0.07204124670525079,0.07393979819627326,1358,49798,0.04670855368854206,0.04867115670265723,570,49785,0.88865,0.9715249803769749,0.29425,0.40895892409223183,0.3017,False,/data/suehara/part/march/datasets/20250711_ilc_nnqq_sgv_10m_3cat_parquet,val50k_tail,150000,proxy
35,35,4320000,,lr_5_75e-6,8.75e-06,validation_total_reference_mistag_geomean_percent,0.4096126374057289,min,1.0068428663270264,1.0068428663270264,0.573773204352699,0.29241956830619276,0.4096126374057289,,0.18080277136747988,0.06622117727705018,3.170075064113409,0.19264342905303714,0.519110886365838,0.06622117727705018,2.685747539075627,1.1739208860867196,0.018066332835683496,0.020067947863535645,90,49778,0.010565172980721217,0.012569177428337823,33,49833,0.07759142359112688,0.07947293687449522,1578,49778,0.01866838913205829,0.020667319844862697,96,49833,0.031195389573261505,0.033178830031139334,259,49893,0.010565172980721217,0.012569177428337823,33,49833,0.07143426283642285,0.07333085370908668,1340,49893,0.04727961775041929,0.04923916661682404,585,49833,0.88895,0.9716147875994091,0.29344,0.40895892409223183,0.30022,False,/data/suehara/part/march/datasets/20250711_ilc_nnqq_sgv_10m_3cat_parquet,val50k_tail,150000,proxy
35,35,4320000,,lr_8_5e-6,1.4e-05,validation_total_reference_mistag_geomean_percent,0.428078707162435,min,1.019361269681307,1.019361269681307,0.5805217598337992,0.3156666850495421,0.428078707162435,,0.18290354238301748,0.08199835763055176,3.213876516029078,0.2059958833513106,0.5266331606604,0.0679986386991276,2.701507550945683,1.1739765077512885,0.01818064811302273,0.020183184450060745,91,49753,0.011841163310136215,0.013837803510126877,41,50001,0.07813440561448351,0.08001510358649835,1599,49753,0.019304857444850713,0.02129653794242744,103,50001,0.031470209036387004,0.033459048128432145,262,49750,0.010701680678603406,0.012698880844995637,34,50001,0.07174226094360803,0.07364366965749505,1344,49750,0.04720286403602052,0.049155826856688706,587,50001,0.88897,0.9715809148333333,0.2937,0.40895892409223183,0.30068,False,/data/suehara/part/march/datasets/20250711_ilc_nnqq_sgv_10m_3cat_parquet,val50k_tail,150000,proxy
36,36,4440000,,lr_11_25e-6,1.4e-05,validation_total_reference_mistag_geomean_percent,0.4192753840466346,min,1.019152273605583,1.019152273605583,0.5871959309607048,0.2993751121194621,0.4192753840466346,,0.1743731496001146,0.07632360949554398,3.196841207134869,0.18880052436395633,0.5158260185962144,0.07029806396282852,2.7296629468539173,1.2010926688372203,0.017706318357206388,0.019703577620502184,87,49893,0.011414321393361392,0.013419731278592462,38,49788,0.07782307884312382,0.07969918253333749,1595,49893,0.018479960071210576,0.02048085181379708,94,49788,0.031115111809363813,0.033101470751876506,257,49823,0.010917675801337168,0.012923327729924192,35,49788,0.07205785086265327,0.07395534351651335,1360,49823,0.04784970583939334,0.04980993429817872,598,49788,0.88885,0.9716301778419713,0.29345,0.40895892409223183,0.30029,False,/data/suehara/part/march/datasets/20250711_ilc_nnqq_sgv_10m_3cat_parquet,val50k_tail,150000,proxy
36,36,4440000,,lr_14e-6,1.4e-05,validation_total_reference_mistag_geomean_percent,0.4012144011713192,min,1.0031356026836789,1.0031356026836789,0.5666790416506664,0.2840637889807353,0.4012144011713192,,0.1669751419630117,0.06406149903907751,3.2006919464645005,0.19018256783611612,0.5156086969315082,0.0660634186238519,2.7004252790726517,1.1210762715387137,0.017337334754551112,0.019342324791172746,83,49708,0.01036523087246592,0.012364547770388418,32,49952,0.0780120434398391,0.0798949744164612,1591,49708,0.01852191439780243,0.020516181706061332,95,49952,0.031102033486068992,0.03308756428357564,257,49844,0.010540010092084391,0.012539246837789994,33,49952,0.07166130274185202,0.07355916911452633,1346,49844,0.04613901061421236,0.04809600714162105,560,49952,0.88936,0.9717401889526167,0.29247,0.4012144011713192,0.30062,False,/data/suehara/part/march/datasets/20250711_ilc_nnqq_sgv_10m_3cat_parquet,val50k_tail,150000,proxy
36,36,4440000,,lr_3e-6,7e-06,validation_total_reference_mistag_geomean_percent,0.40115025118021835,min,1.0038905436760919,1.0038905436760919,0.5678605480217007,0.28338211658226115,0.40115025118021835,,0.1649633841497212,0.06406149903907751,3.208739035231329,0.19018256783611612,0.5216274911441683,0.0660634186238519,2.6964126758879954,1.1190742774964744,0.017226996043904066,0.019232067021546943,82,49708,0.01036523087246592,0.012364547770388418,32,49952,0.07810809170913507,0.07999069892167393,1595,49708,0.01852191439780243,0.020516181706061332,95,49952,0.03128777695936367,0.03327306625707741,260,49844,0.010540010092084391,0.012539246837789994,33,49952,0.071608763059796,0.07350679043233235,1344,49844,0.04609737786967789,0.048054454549303384,559,49952,0.88931,0.9716843769450952,0.29278,0.40115025118021835,0.30056,False,/data/suehara/part/march/datasets/20250711_ilc_nnqq_sgv_10m_3cat_parquet,val50k_tail,150000,proxy
36,36,4440000,,lr_5_75e-6,1.05e-05,validation_total_reference_mistag_geomean_percent,0.41635331081684535,min,1.0128590349723101,1.0128590349723101,0.5808826904584634,0.298425279795016,0.41635331081684535,,0.18470187343209427,0.06992168975596033,3.202168265059361,0.19178519309212771,0.5318506179509159,0.06992168975596033,2.731778158905071,1.1207447918269906,0.018264406090893484,0.020264578668553225,92,49810,0.010859238345555477,0.012854167259085642,35,50056,0.07795069190544845,0.07982970785617022,1595,49810,0.018585289745473965,0.020575349669137957,96,50056,0.0316643000226549,0.03365741629823135,264,49638,0.010859238345555477,0.012854167259085642,35,50056,0.07221782936141681,0.07412230857843337,1356,49638,0.046085167122110644,0.048038110975483043,561,50056,0.88908,0.9716636583742332,0.29316,0.40115025118021835,0.30054,False,/data/suehara/part/march/datasets/20250711_ilc_nnqq_sgv_10m_3cat_parquet,val50k_tail,150000,proxy
36,36,4440000,,lr_8_5e-6,1.4e-05,validation_total_reference_mistag_geomean_percent,0.41509952502257613,min,1.0111911220973377,1.0111911220973377,0.5729486156351001,0.30073834017902173,0.41509952502257613,,0.17249333514979148,0.07839826375407674,3.2011552997611994,0.1889599154478191,0.5270435523455995,0.06633698996555853,2.723392372165929,1.1317492481887281,0.017611662561722082,0.01961043935457675,86,49857,0.011585272225261931,0.013592291813853127,39,49746,0.07790230097915289,0.0797795862571761,1596,49857,0.018495549861388964,0.020498124492366675,94,49746,0.031436573774030946,0.03341937832911013,263,49901,0.010583645539032885,0.012591150032091006,33,49746,0.07192064384911635,0.07381542192146755,1359,49901,0.04645422934033399,0.04841890060548037,563,49746,0.88917,0.9717412480094918,0.29258,0.40115025118021835,0.30049,False,/data/suehara/part/march/datasets/20250711_ilc_nnqq_sgv_10m_3cat_parquet,val50k_tail,150000,proxy
37,37,4560000,,lr_11_25e-6,8.575e-06,validation_total_reference_mistag_geomean_percent,0.4233102688771111,min,1.02410201370455,1.02410201370455,0.5800649918906009,0.30891639082161204,0.4233102688771111,,0.18460179463951723,0.07417356505570351,3.2526034761653713,0.20447848314506478,0.534308202302704,0.06815949154616795,2.7398359844278852,1.134655112353987,0.018254518869444753,0.020253611858654826,92,49837,0.011229594281125592,0.01323127122899887,37,49883,0.07852870923409291,0.0804046832504117,1621,49837,0.01925186573273499,0.02124831836365299,102,49883,0.03169408983392918,0.033681262347277745,266,49784,0.010726989229769645,0.012728907299963926,34,49883,0.07221802493313535,0.074116595342218,1364,49784,0.0464518244668935,0.04841098351216176,566,49883,0.8891,0.9716280835548297,0.29355,0.40115025118021835,0.29964,False,/data/suehara/part/march/datasets/20250711_ilc_nnqq_sgv_10m_3cat_parquet,val50k_tail,150000,proxy
37,37,4560000,,lr_14e-6,1.029e-05,validation_total_reference_mistag_geomean_percent,0.4245650688760101,min,1.0275555911975558,1.0275555911975558,0.5728056508647679,0.31468875601621327,0.4245650688760101,,0.18644372924783656,0.07828495551795694,3.249734384073842,0.20675258432843424,0.5260516196178661,0.06423381107230318,2.7507277816853266,1.1582158640368814,0.018342260305397866,0.020339516079581253,93,49881,0.011568533629551632,0.013572657158436433,39,49818,0.07846056006532431,0.08033499435553676,1621,49881,0.019375708053648473,0.021374674207951493,103,49818,0.03143553999721601,0.03342220619802546,262,49805,0.010393104326671154,0.012397791943400837,32,49818,0.0723443410105936,0.07424167354729318,1370,49805,0.04696627483641389,0.048927044185220585,577,49818,0.88902,0.9717310403091696,0.29353,0.40115025118021835,0.30075,False,/data/suehara/part/march/datasets/20250711_ilc_nnqq_sgv_10m_3cat_parquet,val50k_tail,150000,proxy
37,37,4560000,,lr_3e-6,3.4299999999999998e-06,validation_total_reference_mistag_geomean_percent,0.41271197212297395,min,1.0083145097032067,1.0083145097032067,0.5576333086585606,0.30545372611148724,0.41271197212297395,,0.1785535246448328,0.07625774783651687,3.185876285515009,0.200678293612284,0.519788090542555,0.0602034880836852,2.7012923632928265,1.1438662840979443,0.017936430312634043,0.019935445137659116,89,49845,0.011404474723117178,0.01340815678479646,38,49831,0.0777290955120892,0.07960744578226972,1588,49845,0.01907303051109919,0.021071718972624734,100,49831,0.03123598675356526,0.033221987352776046,259,49828,0.01003162601625749,0.012035952413440472,30,49831,0.07168400686736708,0.07358244783764491,1346,49828,0.04666567032488977,0.048626504075572306,570,49831,0.88941,0.9718304266383905,0.29254,0.40115025118021835,0.29964,False,/data/suehara/part/march/datasets/20250711_ilc_nnqq_sgv_10m_3cat_parquet,val50k_tail,150000,proxy
37,37,4560000,,lr_5_75e-6,5.145e-06,validation_total_reference_mistag_geomean_percent,0.42355377095560537,min,1.0246044676650237,1.0246044676650237,0.5808221273330456,0.3088687369994877,0.42355377095560537,,0.18460179463951723,0.07417356505570351,3.2505969380821202,0.20447848314506478,0.5363169016176498,0.06815949154616795,2.743853454879979,1.134655112353987,0.018254518869444753,0.020253611858654826,92,49837,0.011229594281125592,0.01323127122899887,37,49883,0.07850498115179669,0.08038103569066105,1620,49837,0.01925186573273499,0.02124831836365299,102,49883,0.031755127279902394,0.03374221909916691,267,49784,0.010726989229769645,0.012728907299963926,34,49883,0.07227020566665833,0.07416861468757287,1366,49784,0.0464518244668935,0.04841098351216176,566,49883,0.88909,0.9716056660383976,0.2937,0.40115025118021835,0.29968,False,/data/suehara/part/march/datasets/20250711_ilc_nnqq_sgv_10m_3cat_parquet,val50k_tail,150000,proxy
37,37,4560000,,lr_8_5e-6,6.8599999999999995e-06,validation_total_reference_mistag_geomean_percent,0.41902404919792546,min,1.0257271897459583,1.0257271897459583,0.5792766197487882,0.30310416098334647,0.41902404919792546,,0.16873568015031318,0.07614619921526285,3.278293262581106,0.20038473526716916,0.5319362647240041,0.0681308138239018,2.7540245240387247,1.1281660381671847,0.017421093591234258,0.01942303257893704,84,49782,0.01138779712810225,0.013388552715690453,38,49904,0.07887481284370029,0.08075182735230724,1632,49782,0.019045154398996345,0.02104093098496168,100,49904,0.03161139951173156,0.03359731106162443,265,49818,0.010722476413186363,0.012723553226685717,34,49904,0.07237774167364076,0.07427444676006457,1372,49818,0.04630793922279549,0.0482665339095455,563,49904,0.88929,0.9716903473440652,0.29321,0.40115025118021835,0.30008,False,/data/suehara/part/march/datasets/20250711_ilc_nnqq_sgv_10m_3cat_parquet,val50k_tail,150000,proxy
38,38,4680000,,lr_11_25e-6,8.575e-06,validation_total_reference_mistag_geomean_percent,0.43397668944753887,min,1.032612917169306,1.032612917169306,0.5789581601401707,0.32530117018861593,0.43397668944753887,,0.18867924528301888,0.08220056697519976,3.3038939956984748,0.21853321450767638,0.5300566274791204,0.0681663258350375,2.7305947041187353,1.1387786574571834,0.018468099764407716,0.02046771120354854,94,49820,0.011870354344678688,0.013871910086799066,41,49878,0.07914585868315643,0.08102041382984371,1646,49820,0.01993435490957058,0.02193044411660924,109,49878,0.03155775294823088,0.03354421844024265,264,49806,0.010728064269857542,0.012730182743530443,34,49878,0.0720821144737125,0.07398021736256498,1360,49806,0.046539271228767005,0.04849846132400446,568,49878,0.889,0.9716448840020422,0.29372,0.40115025118021835,0.30021,False,/data/suehara/part/march/datasets/20250711_ilc_nnqq_sgv_10m_3cat_parquet,val50k_tail,150000,proxy
38,38,4680000,,lr_14e-6,1.029e-05,validation_total_reference_mistag_geomean_percent,0.41889049044717325,min,1.020513028464822,1.020513028464822,0.5700739348445251,0.30780085224371584,0.41889049044717325,,0.18040049482411116,0.07628224617320037,3.2492131648512985,0.20074275062779587,0.5261044070315408,0.06423767941383117,2.7168675266943656,1.1502559581024323,0.01802616731177782,0.0200233450833118,90,49889,0.011408136615168821,0.013412461240016098,38,49815,0.07844818200815687,0.08032233661816254,1621,49889,0.0190791512503279,0.021078479066765625,100,49815,0.03143868857131537,0.033425552111498655,262,49800,0.010393730075005336,0.01239853826195675,32,49815,0.07190748534380391,0.07380636819877169,1353,49800,0.046804447681937644,0.048765654685831855,573,49815,0.88898,0.9716465302539584,0.29343,0.40115025118021835,0.30059,False,/data/suehara/part/march/datasets/20250711_ilc_nnqq_sgv_10m_3cat_parquet,val50k_tail,150000,proxy
38,38,4680000,,lr_3e-6,3.4299999999999998e-06,validation_total_reference_mistag_geomean_percent,0.41316077009477636,min,1.0335645086610883,1.0335645086610883,0.5628771997223552,0.3032665420264119,0.41316077009477636,,0.16848861781435998,0.07619963970741646,3.2855280051456695,0.2005253755046945,0.5524306747382327,0.056147103766934686,2.7541179812772425,1.175078671334157,0.017395603070281578,0.019394620696365168,84,49855,0.01139578714411298,0.01339794476821305,38,49869,0.07890282573563695,0.08077680166506396,1638,49855,0.019058509482752957,0.021055681113934643,100,49869,0.032241892797820436,0.034228496895967984,275,49780,0.009653409357334093,0.011656371173840364,28,49869,0.0724062147802327,0.07430436394880204,1371,49780,0.047286410461568756,0.04924449834180916,586,49869,0.8885,0.9714394982015748,0.29438,0.40115025118021835,0.30016,False,/data/suehara/part/march/datasets/20250711_ilc_nnqq_sgv_10m_3cat_parquet,val50k_tail,150000,proxy
38,38,4680000,,lr_5_75e-6,5.145e-06,validation_total_reference_mistag_geomean_percent,0.4216419888791419,min,1.024426989551389,1.024426989551389,0.5700392170072708,0.3118767296736547,0.4216419888791419,,0.17839604706415246,0.07832426609483834,3.273266713162311,0.20685638518214383,0.5278792682376745,0.06426606149458759,2.723696273952244,1.1427309012231577,0.017920623177446672,0.0199178813037563,89,49889,0.011574340157634354,0.013579468315145452,39,49793,0.0787320102074697,0.08060520056016804,1633,49889,0.019385427494621188,0.021385393097487614,103,49793,0.031486300484860445,0.033472215453845405,263,49822,0.010398321199504998,0.012404014011430358,32,49793,0.07198086082119137,0.07387863107352274,1357,49822,0.046659707106412075,0.048622082858272055,569,49793,0.88893,0.9715927862504244,0.29378,0.40115025118021835,0.30066,False,/data/suehara/part/march/datasets/20250711_ilc_nnqq_sgv_10m_3cat_parquet,val50k_tail,150000,proxy
38,38,4680000,,lr_8_5e-6,6.8599999999999995e-06,validation_total_reference_mistag_geomean_percent,0.42260007296091734,min,1.0251209150736988,1.0251209150736988,0.5843267764131979,0.30563518372857323,0.42260007296091734,,0.1645033763153292,0.07817511492944296,3.223864943592448,0.21047145593282796,0.5304506912589357,0.06815266429746308,2.754726910625219,1.1706221636379242,0.017178991487074132,0.019178489826813194,82,49847,0.01155230630149746,0.013553622218342791,39,49888,0.07818034250431996,0.08005709322543367,1607,49847,0.01954432977302892,0.021540342062068008,105,49888,0.031581157058099656,0.03356908349241138,264,49769,0.0107259144051158,0.01272763211194644,34,49888,0.07242200039716505,0.07432054462710273,1371,49769,0.04718703015874348,0.049144550967189504,584,49888,0.8889,0.9715924249882225,0.29365,0.40115025118021835,0.29914,False,/data/suehara/part/march/datasets/20250711_ilc_nnqq_sgv_10m_3cat_parquet,val50k_tail,150000,proxy
39,39,4800000,,lr_11_25e-6,8.575e-06,validation_total_reference_mistag_geomean_percent,0.4085585484301857,min,1.0121684254627306,1.0121684254627306,0.5736308046492918,0.2909887093623441,0.4085585484301857,,0.17636331186704204,0.06611901632789415,3.1965848985556446,0.19234623072883655,0.5453045612842747,0.06411540773392106,2.716461834987876,1.1400521422163556,0.0178116290532461,0.019808648440459424,88,49897,0.010548877413651285,0.012549794285113486,33,49910,0.0778169393643599,0.07969290293143444,1595,49897,0.018639611755169982,0.020635470534869825,96,49910,0.032054000816952,0.03404420949554895,271,49697,0.01037395122814609,0.012374948386779104,32,49910,0.07197568919938974,0.07387852385035212,1350,49697,0.04655091870403912,0.048508801651935864,569,49910,0.88921,0.9717650250354248,0.29268,0.40115025118021835,0.29979,False,/data/suehara/part/march/datasets/20250711_ilc_nnqq_sgv_10m_3cat_parquet,val50k_tail,150000,proxy
39,39,4800000,,lr_14e-6,1.029e-05,validation_total_reference_mistag_geomean_percent,0.42091104213206876,min,1.0239268679901956,1.0239268679901956,0.5866049595492465,0.3020194468264306,0.42091104213206876,,0.1807918781367402,0.07223259105940046,3.2401921070624025,0.19663316117930452,0.5252185191460006,0.0702261277885782,2.7303344759720902,1.175786083577048,0.018065244927690724,0.020066739770469823,90,49781,0.011074156772608926,0.013077678739345023,36,49839,0.07842536159893068,0.08030394453890297,1613,49781,0.01886909090549828,0.02086762087505005,98,49839,0.03138587609425965,0.033369429526877104,262,49884,0.010906506834746223,0.012910109317565942,35,49839,0.07202308516269067,0.0739182306222174,1362,49884,0.047314714824986566,0.0492739529457319,586,49839,0.8888,0.9715363488606541,0.29392,0.40115025118021835,0.29967,False,/data/suehara/part/march/datasets/20250711_ilc_nnqq_sgv_10m_3cat_parquet,val50k_tail,150000,proxy
39,39,4800000,,lr_3e-6,3.4299999999999998e-06,validation_total_reference_mistag_geomean_percent,0.4218202707163484,min,1.0208305583822839,1.0208305583822839,0.588653940751495,0.30226985410147633,0.4218202707163484,,0.18041857240941495,0.07224708361488706,3.223478428637883,0.19867947994093943,0.5161575279129179,0.07224708361488706,2.719366847612696,1.1840494433146447,0.018027972728031843,0.02002534995280544,90,49884,0.01107637858096136,0.013080302037311734,36,49829,0.07814709671606218,0.08002247093797099,1608,49884,0.018973589401097387,0.02097243830802755,99,49829,0.031135061845947304,0.03312268405278734,257,49791,0.01107637858096136,0.013080302037311734,36,49829,0.07194651565951941,0.07384564134421297,1354,49791,0.04748685918840659,0.04944615882922082,590,49829,0.8889,0.9715795669463243,0.2938,0.40115025118021835,0.2998,False,/data/suehara/part/march/datasets/20250711_ilc_nnqq_sgv_10m_3cat_parquet,val50k_tail,150000,proxy
39,39,4800000,,lr_5_75e-6,5.145e-06,validation_total_reference_mistag_geomean_percent,0.4092740927232704,min,1.0131662838263464,1.0131662838263464,0.5739594756906848,0.2918416544528436,0.4092740927232704,,0.17435917628485334,0.06812262138375072,3.208609821912265,0.19034262136549454,0.5453045612842747,0.06411540773392106,2.7084131032543235,1.1460629573918883,0.017704899981784546,0.01970199969800921,87,49897,0.010721187734355063,0.012722024318646429,34,49910,0.07796024579076188,0.07983572738376882,1601,49897,0.018537488134749636,0.02053342720162029,95,49910,0.032054000816952,0.03404420949554895,271,49697,0.01037395122814609,0.012374948386779104,32,49910,0.071870439243275,0.07377359780166119,1346,49697,0.04667466917347273,0.04863231125985714,572,49910,0.88917,0.9717405558313098,0.29282,0.40115025118021835,0.29983,False,/data/suehara/part/march/datasets/20250711_ilc_nnqq_sgv_10m_3cat_parquet,val50k_tail,150000,proxy
39,39,4800000,,lr_8_5e-6,6.8599999999999995e-06,validation_total_reference_mistag_geomean_percent,0.4156326809802579,min,1.003474214874609,1.003474214874609,0.5780306503762843,0.2988604936198112,0.4156326809802579,,0.18105737996135512,0.07211538673152591,3.144363157727757,0.1943109031377226,0.5192878397060116,0.07011217691548016,2.7187424322800884,1.1278044425369302,0.018091754605758202,0.020096178055231326,90,49708,0.011056192922148156,0.01305646874255979,36,49920,0.07733595095803306,0.07922114828325041,1563,49708,0.018737452256206603,0.020732832521127773,97,49920,0.031205997103364407,0.03319010649912475,259,49876,0.010888814780942228,0.012889170856361903,35,49920,0.07187784194282142,0.07377375619262196,1356,49876,0.04629317639089463,0.048251157822068805,563,49920,0.88971,0.9718183009803935,0.29212,0.40115025118021835,0.30077,False,/data/suehara/part/march/datasets/20250711_ilc_nnqq_sgv_10m_3cat_parquet,val50k_tail,150000,proxy
40,40,4920000,,lr_11_25e-6,8.575e-06,validation_total_reference_mistag_geomean_percent,0.4274335578662439,min,1.0149187041489651,1.0149187041489651,0.5894298700622277,0.3099595993852629,0.4274335578662439,,0.1807700756676792,0.07805307876138759,3.173519205859941,0.2061401817403005,0.5205925426007957,0.07204899261137229,2.693413115942915,1.194812440007329,0.01806306950472348,0.020064324020649286,90,49787,0.011534277964036891,0.013532474650806493,39,49966,0.07762580382298344,0.07950683864295094,1580,49787,0.01931836800625308,0.021311437825320904,103,49966,0.03128421573458523,0.03327325768060132,259,49751,0.011046017151965194,0.01304445416065831,36,49966,0.07163544296175141,0.073537138845425,1340,49751,0.04763998516669685,0.04959348197569151,597,49966,0.88874,0.9716358086223181,0.29349,0.40115025118021835,0.30044,False,/data/suehara/part/march/datasets/20250711_ilc_nnqq_sgv_10m_3cat_parquet,val50k_tail,150000,proxy
40,40,4920000,,lr_14e-6,1.029e-05,validation_total_reference_mistag_geomean_percent,0.4249534275462156,min,1.023753258641738,1.023753258641738,0.5958493106852522,0.3030722908374196,0.4249534275462156,,0.17685243044180401,0.07404442737951782,3.2195181321725035,0.20012006715454891,0.5303867260233208,0.07404442737951782,2.746358673537592,1.1687011850450972,0.017860990005497925,0.019863528091160862,88,49759,0.011210048699576572,0.013208245876873193,37,49970,0.07819691479111698,0.08007715924139361,1602,49759,0.019020021384792977,0.02101317260962171,100,49970,0.03157735943910772,0.03356504881791142,264,49775,0.011210048699576572,0.013208245876873193,37,49970,0.07230917538307638,0.07420782699775891,1367,49775,0.04711002721008769,0.049064412704845524,584,49970,0.88909,0.9716447158830811,0.29364,0.40115025118021835,0.29911,False,/data/suehara/part/march/datasets/20250711_ilc_nnqq_sgv_10m_3cat_parquet,val50k_tail,150000,proxy
40,40,4920000,,lr_3e-6,3.4299999999999998e-06,validation_total_reference_mistag_geomean_percent,0.4211362000351726,min,1.0171078389726533,1.0171078389726533,0.5827591787924452,0.30433789022005553,0.4211362000351726,,0.17677427304223625,0.07425692988385481,3.2241216803869723,0.20270134430061756,0.5150713543902492,0.07024304247037372,2.6875901949872603,1.1861038923196623,0.017853102545305415,0.019854758795704815,88,49781,0.01124221144142639,0.013246134660139793,37,49827,0.0782345861731433,0.0801138147435966,1605,49781,0.01917426894620705,0.02117303665325294,101,49827,0.031069696334206937,0.033053179455500625,257,49896,0.010909132770493856,0.01291321709894687,35,49827,0.07145631606094507,0.07335271904358523,1341,49896,0.04752934236708466,0.04948863818792608,591,49827,0.88898,0.9716620388190167,0.29341,0.40115025118021835,0.29933,False,/data/suehara/part/march/datasets/20250711_ilc_nnqq_sgv_10m_3cat_parquet,val50k_tail,150000,proxy
40,40,4920000,,lr_5_75e-6,5.145e-06,validation_total_reference_mistag_geomean_percent,0.4259209193649165,min,1.0270152236086842,1.0270152236086842,0.598285646532175,0.30321407609249706,0.4259209193649165,,0.17685243044180401,0.07404442737951782,3.2255470651187212,0.20012006715454891,0.5344048393906989,0.07404442737951782,2.7564037250733753,1.1747048069312889,0.017860990005497925,0.019863528091160862,88,49759,0.011210048699576572,0.013208245876873193,37,49970,0.0782686207925258,0.08014862291723726,1605,49759,0.019020021384792977,0.02101317260962171,100,49970,0.03169980652160502,0.03368733445387358,266,49775,0.011210048699576572,0.013208245876873193,37,49970,0.07243941685036379,0.07433766484870874,1372,49775,0.04723198380645818,0.04918612901776524,587,49970,0.88905,0.9716114568469892,0.2938,0.40115025118021835,0.29918,False,/data/suehara/part/march/datasets/20250711_ilc_nnqq_sgv_10m_3cat_parquet,val50k_tail,150000,proxy
40,40,4920000,,lr_8_5e-6,6.8599999999999995e-06,validation_total_reference_mistag_geomean_percent,0.427039417536693,min,1.0129128475537421,1.0129128475537421,0.5878905727894203,0.31019831337795495,0.427039417536693,,0.17637390579067053,0.08023589667042577,3.166713366137522,0.20660742760259596,0.5245493094840126,0.07221230488155005,2.7151959890204758,1.1614145808426848,0.0178126992161828,0.01980983825164951,88,49894,0.011719342951488267,0.013721981219489754,40,49853,0.07746195333958282,0.07933922707713259,1580,49894,0.019362117198465974,0.021359685801754322,103,49853,0.031404132497711394,0.03339277555773606,261,49757,0.011071047737952965,0.013074007889428321,36,49853,0.07191631420172713,0.07381690522822136,1351,49757,0.04701552002295498,0.04897478449285512,579,49853,0.88935,0.9718227469646491,0.29276,0.40115025118021835,0.29899,False,/data/suehara/part/march/datasets/20250711_ilc_nnqq_sgv_10m_3cat_parquet,val50k_tail,150000,proxy
41,41,5040000,,lr_11_25e-6,8.575e-06,validation_total_reference_mistag_geomean_percent,0.42003666806490153,min,1.015331725809898,1.015331725809898,0.5865779759434019,0.3007797935735791,0.42003666806490153,,0.17854634462212504,0.07023881454166386,3.2198526793097653,0.20268914457609838,0.5197985209663545,0.07224563728333475,2.6852911207994823,1.1739915443803592,0.01793571120155329,0.019934646109600315,89,49847,0.010908476168018948,0.012912440013337684,35,49830,0.07813265960786783,0.08000957130946465,1605,49847,0.019173115573769085,0.0211717634378261,101,49830,0.031236612150891546,0.033222652188508346,259,49827,0.011076156360008416,0.013080039660156511,36,49830,0.07147494398559093,0.07337406531868762,1338,49827,0.04728244831665972,0.04924211231813087,585,49830,0.88904,0.9716173232674783,0.29364,0.40115025118021835,0.29898,False,/data/suehara/part/march/datasets/20250711_ilc_nnqq_sgv_10m_3cat_parquet,val50k_tail,150000,proxy
41,41,5040000,,lr_14e-6,1.029e-05,validation_total_reference_mistag_geomean_percent,0.4189866997668376,min,1.0128236774717054,1.0128236774717054,0.5856508790812628,0.29975171360947866,0.4189866997668376,,0.17854634462212504,0.07023881454166386,3.2078159186690227,0.20068232480380374,0.5177915388140997,0.07224563728333475,2.6832840627498524,1.1719847782897401,0.01793571120155329,0.019934646109600315,89,49847,0.010908476168018948,0.012912440013337684,35,49830,0.07798941411193555,0.07986680875498309,1599,49847,0.019073412942245335,0.021072141351472905,100,49830,0.031174676922346954,0.03316079751483347,258,49827,0.011076156360008416,0.013080039660156511,36,49830,0.07144858577054596,0.07334778765851237,1337,49827,0.04724164782255631,0.049201392369198,584,49830,0.88905,0.9716286915184575,0.29357,0.40115025118021835,0.29896,False,/data/suehara/part/march/datasets/20250711_ilc_nnqq_sgv_10m_3cat_parquet,val50k_tail,150000,proxy
41,41,5040000,,lr_3e-6,3.4299999999999998e-06,validation_total_reference_mistag_geomean_percent,0.4213578639843201,min,1.0223608365266692,1.0223608365266692,0.5836361733158136,0.3042005579139423,0.4213578639843201,,0.18257694023379967,0.07023740534519345,3.262308824202891,0.20469185873238344,0.5277839139780512,0.07023740534519345,2.703136627994206,1.1579137163816362,0.018148209310905297,0.02014718301059672,91,49842,0.010908257318091315,0.012912181005584483,35,49831,0.07863946719750756,0.08051486358632357,1626,49842,0.019271937837102033,0.021270465214751674,102,49831,0.031480627477858784,0.03346618760349633,263,49831,0.010908257318091315,0.012912181005584483,35,49831,0.0717060092780681,0.07360426194295312,1347,49831,0.04695408960810159,0.048914359565218474,577,49831,0.88887,0.9715349856075955,0.29413,0.40115025118021835,0.29906,False,/data/suehara/part/march/datasets/20250711_ilc_nnqq_sgv_10m_3cat_parquet,val50k_tail,150000,proxy
41,41,5040000,,lr_5_75e-6,5.145e-06,validation_total_reference_mistag_geomean_percent,0.42782322835574366,min,1.0159086701090398,1.0159086701090398,0.5810562278049901,0.31500000509788684,0.42782322835574366,,0.17695555654920248,0.08217420590597012,3.217373897596187,0.21044615187895185,0.5292702537777213,0.07014871579126201,2.706495686698015,1.1344048926750083,0.017871397766688283,0.0198750994593941,88,49730,0.011866548996288417,0.013867463949316847,41,49894,0.07819391253471517,0.08007533965990257,1600,49730,0.01954198160927631,0.021537754887327072,105,49894,0.03151104863915698,0.033494598678306294,264,49880,0.01089448745339802,0.012895884438455607,35,49894,0.07171515090083104,0.07361140416001187,1350,49880,0.046441638512682674,0.04840037566315996,566,49894,0.88909,0.9716554855171204,0.29318,0.40115025118021835,0.29879,False,/data/suehara/part/march/datasets/20250711_ilc_nnqq_sgv_10m_3cat_parquet,val50k_tail,150000,proxy
41,41,5040000,,lr_8_5e-6,6.8599999999999995e-06,validation_total_reference_mistag_geomean_percent,0.4217051909853814,min,1.0140259344678364,1.0140259344678364,0.5663224170237143,0.31401770927349726,0.4217051909853814,,0.18268689335273489,0.08211660357227274,3.236168089294359,0.2002844004257755,0.5104193747518427,0.06609385327164574,2.7088399069456286,1.125598354128432,0.018159130797391638,0.02015930396894309,91,49812,0.011858233296684019,0.013857747952979648,41,49929,0.07835353691712371,0.08023111232949992,1612,49812,0.01903562650704502,0.02103040782473562,100,49929,0.03096539109582394,0.032954362264222756,254,49763,0.010544864158873674,0.012545020623793693,33,49929,0.0718289697128345,0.07372958703052851,1348,49763,0.046243339726885664,0.04820105659651703,562,49929,0.88928,0.9717111838772534,0.29293,0.40115025118021835,0.30049,False,/data/suehara/part/march/datasets/20250711_ilc_nnqq_sgv_10m_3cat_parquet,val50k_tail,150000,proxy
42,42,5160000,,lr_11_25e-6,8.575e-06,validation_total_reference_mistag_geomean_percent,0.4257712552922152,min,1.005333387295607,1.005333387295607,0.5695818229787275,0.3182706233233835,0.4257712552922152,,0.19079369197672,0.08418351801400886,3.187258940168072,0.20043695108532192,0.5098251575719608,0.06814856520316957,2.6655427373610063,1.1364775369845959,0.018581383404478978,0.02058203435132695,95,49792,0.012022210957037113,0.014023165678432353,42,49891,0.07778650066979885,0.07966679472729901,1587,49792,0.019050112673197783,0.021046407191254543,100,49891,0.030929426220560347,0.03291610579287284,254,49821,0.010725269613704923,0.012726867121767545,34,49891,0.07121934280359954,0.07311948560627043,1328,49821,0.04648583196447641,0.048444603810824174,567,49891,0.88945,0.971826230945314,0.29243,0.40115025118021835,0.30003,False,/data/suehara/part/march/datasets/20250711_ilc_nnqq_sgv_10m_3cat_parquet,val50k_tail,150000,proxy
42,42,5160000,,lr_14e-6,1.029e-05,validation_total_reference_mistag_geomean_percent,0.41803741746188067,min,1.0120824929776617,1.0120824929776617,0.5709258416988765,0.3060910360585323,0.41803741746188067,,0.1825842649673908,0.07826296720015477,3.2223113197661273,0.1906405541235794,0.5217530731292629,0.06622251022115991,2.6930487036395157,1.1418365507741015,0.01814893700127966,0.02014799062100383,91,49840,0.01156528451788548,0.013568845894340554,39,49832,0.07816730613401032,0.08004438278189155,1606,49840,0.01856648038043153,0.020565531589379214,95,49832,0.0312952933451508,0.0332810556676927,260,49832,0.01056538494263508,0.012569429551323095,33,49832,0.07157318345172477,0.07347180289492793,1342,49832,0.04662338785536516,0.048584263717911004,569,49832,0.8892,0.97166432861531,0.29319,0.40115025118021835,0.30062,False,/data/suehara/part/march/datasets/20250711_ilc_nnqq_sgv_10m_3cat_parquet,val50k_tail,150000,proxy
42,42,5160000,,lr_3e-6,3.4299999999999998e-06,validation_total_reference_mistag_geomean_percent,0.41579493851649424,min,1.0090894503410515,1.0090894503410515,0.5707616118180765,0.30290304623892683,0.41579493851649424,,0.1766429769861715,0.07817040786307278,3.201653979448367,0.19041511401372258,0.5221407899865226,0.06614419321080563,2.699066224235503,1.138481916984246,0.017839852969707977,0.019840027883678595,88,49818,0.011551611861853998,0.013552807628249496,39,49891,0.07793837363610674,0.0798171084954731,1595,49818,0.018544542003654095,0.020541238263377913,95,49891,0.031318491618786276,0.033305713854420334,260,49795,0.010552893724389428,0.012554571580785484,33,49891,0.0716782903488037,0.07357807883899246,1344,49795,0.04652721014072429,0.048485901638738865,568,49891,0.88925,0.9716468795919321,0.29324,0.40115025118021835,0.30071,False,/data/suehara/part/march/datasets/20250711_ilc_nnqq_sgv_10m_3cat_parquet,val50k_tail,150000,proxy
42,42,5160000,,lr_5_75e-6,5.145e-06,validation_total_reference_mistag_geomean_percent,0.41749410733668146,min,1.0130945800987052,1.0130945800987052,0.574887434799373,0.3031921018097761,0.41749410733668146,,0.17860726666891233,0.07826138960204962,3.2048967395068404,0.188630021508704,0.5256716518952526,0.06622117727705018,2.700587745407299,1.1618806489235327,0.017941825484324544,0.019941439890429173,89,49830,0.011565052508316458,0.01356857374309379,39,49833,0.07796776633101146,0.07984591861980236,1597,49830,0.01846328586220336,0.020462377645954176,94,49833,0.03141288886711353,0.033398135380664426,262,49841,0.010565172980721217,0.012569177428337823,33,49833,0.07166555867013126,0.07356353275345777,1346,49841,0.04703428506040094,0.048994317139644875,579,49833,0.88911,0.9716346975116896,0.29331,0.40115025118021835,0.30069,False,/data/suehara/part/march/datasets/20250711_ilc_nnqq_sgv_10m_3cat_parquet,val50k_tail,150000,proxy
42,42,5160000,,lr_8_5e-6,6.8599999999999995e-06,validation_total_reference_mistag_geomean_percent,0.4184642703344965,min,1.0143398879078112,1.0143398879078112,0.5716479486924605,0.30632900187452755,0.4184642703344965,,0.1825842649673908,0.07826296720015477,3.232343558820813,0.1906405541235794,0.5237598405767624,0.06622251022115991,2.7010755400394286,1.139829867313201,0.01814893700127966,0.02014799062100383,91,49840,0.01156528451788548,0.013568845894340554,39,49832,0.0782864271175257,0.08016310120114445,1611,49840,0.01856648038043153,0.020565531589379214,95,49832,0.03135698084080771,0.03334266262464422,261,49832,0.01056538494263508,0.012569429551323095,33,49832,0.07167832948774197,0.07357662677612356,1346,49832,0.04658199917854395,0.048542955579795356,568,49832,0.88915,0.9716435722036825,0.2933,0.40115025118021835,0.30066,False,/data/suehara/part/march/datasets/20250711_ilc_nnqq_sgv_10m_3cat_parquet,val50k_tail,150000,proxy
43,43,5280000,,lr_11_25e-6,8.575e-06,validation_total_reference_mistag_geomean_percent,0.4306927094586973,min,1.0298233077769177,1.0298233077769177,0.5789704477346228,0.3203897724083803,0.4306927094586973,,0.1846054970162731,0.08220880776255061,3.2667148346267982,0.21253985122210414,0.5201325569758088,0.06817316149458005,2.7532883722552084,1.1509233808620176,0.018254884871935634,0.02025401782512065,92,49836,0.011871544016611864,0.013873300089500405,41,49873,0.07869613348729931,0.08057157884618499,1628,49836,0.019647422272871987,0.02164395193356805,106,49873,0.03125663809640886,0.033243940990479795,259,49795,0.010729139525444291,0.012731458442722787,34,49873,0.07238470002241468,0.07428231073481062,1371,49795,0.0467914817910595,0.04875038128396968,574,49873,0.88903,0.9716783277471629,0.29358,0.40115025118021835,0.30132,False,/data/suehara/part/march/datasets/20250711_ilc_nnqq_sgv_10m_3cat_parquet,val50k_tail,150000,proxy
43,43,5280000,,lr_14e-6,1.029e-05,validation_total_reference_mistag_geomean_percent,0.43018916016114905,min,1.027063021598065,1.027063021598065,0.5782400014044827,0.32004481369441296,0.43018916016114905,,0.1846054970162731,0.08220880776255061,3.252668654543731,0.21253985122210414,0.5181243103047254,0.06817316149458005,2.7452554114657644,1.1529284789747916,0.018254884871935634,0.02025401782512065,92,49836,0.011871544016611864,0.013873300089500405,41,49873,0.07853025945415773,0.080406268493486,1621,49836,0.019647422272871987,0.02164395193356805,106,49873,0.031194663354653946,0.033182046907161575,258,49795,0.010729139525444291,0.012731458442722787,34,49873,0.0722805262777737,0.07417845962391714,1367,49795,0.046832613172076085,0.048791432258644615,575,49873,0.88902,0.9716888685805518,0.29352,0.40115025118021835,0.3013,False,/data/suehara/part/march/datasets/20250711_ilc_nnqq_sgv_10m_3cat_parquet,val50k_tail,150000,proxy
43,43,5280000,,lr_3e-6,3.4299999999999998e-06,validation_total_reference_mistag_geomean_percent,0.4277929366295247,min,1.0282107732026509,1.0282107732026509,0.577123504762159,0.3171016171062593,0.4277929366295247,,0.18071927019593548,0.0822516881576646,3.1987309722095114,0.21265070518745588,0.5435654846865503,0.06219030110673228,2.7539313624545523,1.1916464016228037,0.018057995554732545,0.02005868953237743,90,49801,0.01187773415668921,0.013880532596338886,41,49847,0.07791663224332862,0.07979612579984557,1593,49801,0.019657660862561557,0.021655227436499346,106,49847,0.03195202961285403,0.03393596103798795,271,49856,0.010209170307973203,0.012212773650040101,31,49847,0.07234930221772795,0.07424456541759161,1373,49856,0.0476318826145624,0.04959016995054015,594,49847,0.88891,0.9716131751946677,0.29376,0.40115025118021835,0.29854,False,/data/suehara/part/march/datasets/20250711_ilc_nnqq_sgv_10m_3cat_parquet,val50k_tail,150000,proxy
43,43,5280000,,lr_5_75e-6,5.145e-06,validation_total_reference_mistag_geomean_percent,0.4312732517454222,min,1.0310778588274545,1.0310778588274545,0.5804432081818762,0.3204389594869548,0.4312732517454222,,0.1846054970162731,0.08220880776255061,3.2687213551706957,0.21253985122210414,0.524148995686344,0.06817316149458005,2.755296723292297,1.1529284789747916,0.018254884871935634,0.02025401782512065,92,49836,0.011871544016611864,0.013873300089500405,41,49873,0.07871979762023307,0.08059516245334103,1629,49836,0.019647422272871987,0.02164395193356805,106,49873,0.03138022461613996,0.033367366193337314,261,49795,0.010729139525444291,0.012731458442722787,34,49873,0.0724107176558332,0.07430824770979297,1372,49795,0.046832613172076085,0.048791432258644615,575,49873,0.88895,0.9716576144981888,0.29368,0.40115025118021835,0.30137,False,/data/suehara/part/march/datasets/20250711_ilc_nnqq_sgv_10m_3cat_parquet,val50k_tail,150000,proxy
43,43,5280000,,lr_8_5e-6,6.8599999999999995e-06,validation_total_reference_mistag_geomean_percent,0.42191117332925354,min,1.0245218020512383,1.0245218020512383,0.5730874432864468,0.31061409609544177,0.42191117332925354,,0.19662920842642087,0.074200337832544,3.246388441775282,0.19653062982165181,0.5180826955984316,0.06617868503469856,2.7570835478014453,1.1410808701194335,0.01886871263231519,0.020867202662070435,98,49840,0.011233646707294497,0.013236045121407499,37,49865,0.07845285450752207,0.08032896500117168,1618,49840,0.018859260729428257,0.020856752782823014,98,49865,0.03119216364926153,0.03317938924394335,258,49799,0.010558394687091481,0.012561114829776173,33,49865,0.07243098587892717,0.07432829176344212,1373,49799,0.046592700312296856,0.04855230882637521,569,49865,0.88926,0.9717493360912607,0.29316,0.40115025118021835,0.30011,False,/data/suehara/part/march/datasets/20250711_ilc_nnqq_sgv_10m_3cat_parquet,val50k_tail,150000,proxy
44,44,5400000,,lr_11_25e-6,8.575e-06,validation_total_reference_mistag_geomean_percent,0.41778419455490506,min,1.0098778907545118,1.0098778907545118,0.560893083058077,0.3111887782039521,0.41778419455490506,,0.19070943350544983,0.07615382999289591,3.2219857657854645,0.20040482165389756,0.508123966865256,0.06412954167418185,2.6872325904038945,1.1302831761550538,0.018573183781862606,0.02057295455616297,95,49814,0.011388937872920701,0.01338989363120776,38,49899,0.07818358968417621,0.08006165910956486,1605,49814,0.01904706112205749,0.021043036880865826,100,49899,0.030885421820539723,0.03287336671296635,253,49791,0.010376237556066046,0.012377675249786526,32,49899,0.07152593705643077,0.07342635348347136,1338,49791,0.0463540776853592,0.048312783770649605,564,49899,0.88926,0.9717176669208994,0.29305,0.40115025118021835,0.30065,False,/data/suehara/part/march/datasets/20250711_ilc_nnqq_sgv_10m_3cat_parquet,val50k_tail,150000,proxy
44,44,5400000,,lr_14e-6,1.029e-05,validation_total_reference_mistag_geomean_percent,0.41725608982853646,min,1.0001284875105887,1.0001284875105887,0.56873262148597,0.3061238935866009,0.41725608982853646,,0.1786287647478575,0.07632054479751392,3.2072896149096684,0.2008435453421404,0.483062730931936,0.07230367614590338,2.653838323638815,1.1287406995708749,0.01794398446189711,0.019943838801153274,89,49824,0.011413863031680143,0.013419192486951406,38,49790,0.07800092752083543,0.07987920992285902,1598,49824,0.01908872277382326,0.02108905040159219,100,49790,0.030064607954448548,0.03204961275539344,241,49890,0.011085052158706858,0.013090542963252384,36,49790,0.07101633698424065,0.0729143210517244,1324,49890,0.04637174678920261,0.048334802734615115,562,49790,0.88925,0.9718157096432486,0.29243,0.40115025118021835,0.30026,False,/data/suehara/part/march/datasets/20250711_ilc_nnqq_sgv_10m_3cat_parquet,val50k_tail,150000,proxy
44,44,5400000,,lr_3e-6,3.4299999999999998e-06,validation_total_reference_mistag_geomean_percent,0.4191506034190398,min,1.0101300672932878,1.0101300672932878,0.5622183117931988,0.31248933850302685,0.4191506034190398,,0.19070943350544983,0.07615382999289591,3.2119483537759974,0.2044129185870406,0.5141491434194935,0.06412954167418185,2.69526630899635,1.124271008394892,0.018573183781862606,0.02057295455616297,95,49814,0.011388937872920701,0.01338989363120776,38,49899,0.07806416390004622,0.07994263631003473,1600,49814,0.019245698109594138,0.021241513223257957,102,49899,0.031072837592903413,0.0330605404711401,256,49791,0.010376237556066046,0.012377675249786526,32,49899,0.07163133626939822,0.07353143001085222,1342,49791,0.04622939377661034,0.04818834082961736,561,49899,0.88915,0.9716898872001845,0.29318,0.40115025118021835,0.30071,False,/data/suehara/part/march/datasets/20250711_ilc_nnqq_sgv_10m_3cat_parquet,val50k_tail,150000,proxy
44,44,5400000,,lr_5_75e-6,5.145e-06,validation_total_reference_mistag_geomean_percent,0.42528210961659013,min,1.010585612673588,1.010585612673588,0.5800849004041309,0.3117903476438247,0.42528210961659013,,0.1864885919155192,0.07816884145322671,3.202390260650482,0.20243726610103094,0.5246969277976484,0.07215585523802008,2.7179703476800663,1.1003768105527103,0.01834667048687276,0.020344405052738795,93,49869,0.011551380400525606,0.013552536119977046,39,49892,0.07790776330965053,0.07978454733762463,1597,49869,0.019149310237262386,0.021145484559732766,101,49892,0.03141294985022003,0.033402146660195794,261,49743,0.011062396053525063,0.013063792808314285,36,49892,0.07196253575724558,0.07386355013615752,1352,49743,0.045733563390463854,0.04769374310249087,549,49892,0.88942,0.9717356747746368,0.29289,0.40115025118021835,0.29977,False,/data/suehara/part/march/datasets/20250711_ilc_nnqq_sgv_10m_3cat_parquet,val50k_tail,150000,proxy
44,44,5400000,,lr_8_5e-6,6.8599999999999995e-06,validation_total_reference_mistag_geomean_percent,0.41914031769450466,min,1.0090910186174304,1.0090910186174304,0.5640472199357618,0.31146081339973275,0.41914031769450466,,0.19075155343645606,0.07817354833094894,3.21265787989017,0.19643608306881982,0.507909739380055,0.06614684761662218,2.708182825068667,1.112469672147705,0.018577282688386505,0.020577493452134415,95,49803,0.011552074812339346,0.013553350677431747,39,49889,0.07808113029601632,0.07995998910767799,1600,49803,0.018850195807252647,0.020846730740581385,98,49889,0.030872431217480924,0.03285954663953443,253,49812,0.010553316671853849,0.012555074665600177,33,49889,0.07178550405219607,0.07368427815665872,1349,49812,0.04598815605833858,0.04794796885919262,555,49889,0.88927,0.9717540853350707,0.29296,0.40115025118021835,0.30082,False,/data/suehara/part/march/datasets/20250711_ilc_nnqq_sgv_10m_3cat_parquet,val50k_tail,150000,proxy
45,45,5520000,,lr_11_25e-6,1.4e-05,validation_total_reference_mistag_geomean_percent,0.41663556555285686,min,1.0196097144846676,1.0196097144846676,0.5743102103836664,0.30224988402624037,0.41663556555285686,,0.18052713394223044,0.07215874712965946,3.2615236348301373,0.19643215001066744,0.5184887653779,0.0681499315131456,2.7331190716336513,1.1264782814399485,0.018038812824639296,0.02003738760593518,90,49854,0.011062839400697633,0.013064316270303414,36,49890,0.07862084592792015,0.08049582241376543,1626,49854,0.01884981829127087,0.020846313364501205,98,49890,0.031216552878783523,0.033205319634034294,258,49760,0.010725484535561308,0.012727122108275982,34,49890,0.07214785092925502,0.07404760700445157,1360,49760,0.04627929578242887,0.04823850773439768,562,49890,0.88919,0.9717021565645654,0.29304,0.40115025118021835,0.29815,False,/data/suehara/part/march/datasets/20250711_ilc_nnqq_sgv_10m_3cat_parquet,val50k_tail,150000,proxy
45,45,5520000,,lr_14e-6,1.4e-05,validation_total_reference_mistag_geomean_percent,0.41072020180972396,min,1.0040511047621692,1.0040511047621692,0.554958811201072,0.3039704582931658,0.41072020180972396,,0.18692339426597884,0.07426438192489071,3.191767328655458,0.1926859544711221,0.5027138539794831,0.062221509942567386,2.697830972467086,1.124001442390767,0.018389411832320256,0.02039178658001478,93,49753,0.011243339352476095,0.013247463376272431,37,49822,0.07787054505347044,0.07975213176687548,1588,49753,0.018672507441189028,0.020671877773685024,96,49822,0.030675028868248824,0.032657696048153925,251,49929,0.010214291916686474,0.012218899366716749,31,49822,0.0715671388817573,0.07346187828011878,1347,49929,0.04625875846073005,0.048220743831135435,560,49822,0.88943,0.9718047346524452,0.29244,0.40115025118021835,0.29903,False,/data/suehara/part/march/datasets/20250711_ilc_nnqq_sgv_10m_3cat_parquet,val50k_tail,150000,proxy
45,45,5520000,,lr_3e-6,3e-06,validation_total_reference_mistag_geomean_percent,0.4242434139294087,min,1.0086946276455822,1.0086946276455822,0.5840185917523346,0.3081793573085511,0.4242434139294087,,0.17658626121380422,0.07831325186027432,3.1845727818788014,0.2048192786145996,0.4952877529945804,0.07429719002984675,2.672949610050398,1.182730894522353,0.017834129512460103,0.019833664527353093,88,49834,0.011572713742303252,0.01357756050228752,39,49800,0.07772198085826236,0.0796007980437094,1587,49834,0.01928392382511033,0.021283690123895162,102,49800,0.03045896257245287,0.03244427316385287,247,49870,0.011248304850994402,0.013253312895461186,37,49800,0.07128234174726238,0.07318032054579697,1333,49870,0.04747371124287653,0.04943420477016725,589,49800,0.8891,0.9718057664165856,0.29282,0.40115025118021835,0.29997,False,/data/suehara/part/march/datasets/20250711_ilc_nnqq_sgv_10m_3cat_parquet,val50k_tail,150000,proxy
45,45,5520000,,lr_5_75e-6,6.43125e-06,validation_total_reference_mistag_geomean_percent,0.40557368879423056,min,0.9999665712469261,0.9999665712469261,0.567283874260275,0.28996067842868006,0.40557368879423056,,0.17055942742667216,0.06817316149458005,3.1583593528944047,0.1924889143232829,0.5000502064568861,0.06616806915726338,2.672959149234169,1.1709742889881496,0.017510973865770867,0.01951067049939866,85,49836,0.010729139525444291,0.012731458442722787,34,49873,0.07740616174668827,0.0792859554975607,1574,49836,0.01865342876389913,0.020650762488009393,96,49873,0.030631317837432042,0.0326194273158705,249,49795,0.010556701472449397,0.012559100796069308,33,49873,0.0713354214049524,0.07323625845481914,1331,49795,0.04720114330636852,0.049159238735864245,584,49873,0.88926,0.9717964001683782,0.29238,0.40115025118021835,0.29823,False,/data/suehara/part/march/datasets/20250711_ilc_nnqq_sgv_10m_3cat_parquet,val50k_tail,150000,proxy
45,45,5520000,,lr_8_5e-6,1.029e-05,validation_total_reference_mistag_geomean_percent,0.4035185154492711,min,0.9979611151945937,0.9979611151945937,0.5617277378269194,0.2898685276612675,0.4035185154492711,,0.17055942742667216,0.06817316149458005,3.1543463049744513,0.1924889143232829,0.5000502064568861,0.06416297395384277,2.672959149234169,1.1609487836928645,0.017510973865770867,0.01951067049939866,85,49836,0.010729139525444291,0.012731458442722787,34,49873,0.07735792046826041,0.07923787527068793,1572,49836,0.01865342876389913,0.020650762488009393,96,49873,0.030631317837432042,0.0326194273158705,249,49795,0.010381645612071331,0.01238412534203268,32,49873,0.0713354214049524,0.07323625845481914,1331,49795,0.046996769952002,0.04895526741320495,579,49873,0.88924,0.9718160565896165,0.2923,0.40115025118021835,0.29819,False,/data/suehara/part/march/datasets/20250711_ilc_nnqq_sgv_10m_3cat_parquet,val50k_tail,150000,proxy
46,46,5640000,,lr_11_25e-6,1.28625e-05,validation_total_reference_mistag_geomean_percent,0.4084021389123504,min,0.9986091333524032,0.9986091333524032,0.5618870023497168,0.29684314883719576,0.4084021389123504,,0.17273238404321345,0.0722253437779127,3.1654214798113576,0.1966134343953267,0.5173243588839858,0.06420030495144852,2.680862935482736,1.1194928254732448,0.01763605220552753,0.019637589397063268,86,49788,0.011073046202653168,0.013076367484905347,36,49844,0.07752786679201228,0.0794091891167567,1576,49788,0.01886719969123698,0.020865529977768648,98,49844,0.03114661429300036,0.03313096156104785,258,49872,0.010387684328939365,0.012391327610915433,32,49844,0.07138496935998502,0.07328255470639318,1337,49872,0.04615496823681068,0.048116268555093746,558,49844,0.88945,0.9719357439461804,0.29176,0.40115025118021835,0.29868,False,/data/suehara/part/march/datasets/20250711_ilc_nnqq_sgv_10m_3cat_parquet,val50k_tail,150000,proxy
46,46,5640000,,lr_14e-6,1.4e-05,validation_total_reference_mistag_geomean_percent,0.4081760641912021,min,1.009427365807762,1.009427365807762,0.5617120052061472,0.29660697623415694,0.4081760641912021,,0.1785248663760335,0.07019936637188132,3.207429906447718,0.19254682546295443,0.5081035602137918,0.06217657951243755,2.681099833494929,1.175337988582349,0.017933554214238163,0.019932249409684986,89,49853,0.010902351687578478,0.012905191721827056,35,49858,0.07798017759558448,0.07985736177965261,1599,49853,0.018659036091229455,0.02065696838698325,96,49858,0.030884184149258462,0.032872050014676364,253,49793,0.010206918426900727,0.012210080280067,31,49858,0.07144394369893482,0.07334453012489105,1335,49793,0.047296784795480655,0.049255294273817425,586,49858,0.88886,0.9717321240244603,0.29307,0.40115025118021835,0.29953,False,/data/suehara/part/march/datasets/20250711_ilc_nnqq_sgv_10m_3cat_parquet,val50k_tail,150000,proxy
46,46,5640000,,lr_3e-6,5.145e-06,validation_total_reference_mistag_geomean_percent,0.42115589974256185,min,1.0280970132253944,1.0280970132253944,0.5624737867364945,0.3153432143337579,0.42115589974256185,,0.1803715583644668,0.08026809858474565,3.3368739502815403,0.2046836373521653,0.5062884336083557,0.06421447635101238,2.7202958222086444,1.131780129052224,0.018023279397794415,0.020020138126984936,90,49897,0.011724044912113341,0.013727485611417461,40,49833,0.07947076830636252,0.08134110884264051,1665,49897,0.019271165059181732,0.02126961255914687,102,49833,0.030833202737002262,0.03282190033926553,252,49774,0.01038997671484425,0.012394061697934045,32,49833,0.07197075867044281,0.0738704956574153,1354,49774,0.046415140276057955,0.0483763803874002,564,49833,0.88871,0.9716721822433669,0.29362,0.40115025118021835,0.29987,False,/data/suehara/part/march/datasets/20250711_ilc_nnqq_sgv_10m_3cat_parquet,val50k_tail,150000,proxy
46,46,5640000,,lr_5_75e-6,7.7175e-06,validation_total_reference_mistag_geomean_percent,0.40793660675109905,min,1.0109320961238577,1.0109320961238577,0.5620262058367527,0.2960934443970346,0.40793660675109905,,0.1765189692171345,0.07019936637188132,3.221471033655035,0.19254682546295443,0.5101118687408435,0.06217657951243755,2.681099833494929,1.1733322925356455,0.017827337675035408,0.019826113341350718,88,49853,0.010902351687578478,0.012905191721827056,35,49858,0.07814724953372071,0.08002387042170961,1606,49853,0.018659036091229455,0.02065696838698325,96,49858,0.0309467781379069,0.032934563338408565,254,49793,0.010206918426900727,0.012210080280067,31,49858,0.07144394369893482,0.07334453012489105,1335,49793,0.047256042870791326,0.04921463280385743,585,49858,0.88885,0.9716998495635648,0.29324,0.40115025118021835,0.29959,False,/data/suehara/part/march/datasets/20250711_ilc_nnqq_sgv_10m_3cat_parquet,val50k_tail,150000,proxy
46,46,5640000,,lr_8_5e-6,1.029e-05,validation_total_reference_mistag_geomean_percent,0.40722558109769746,min,1.0101792288609648,1.0101792288609648,0.561846217691496,0.2951566971149646,0.40722558109769746,,0.1745130617977977,0.07019936637188132,3.2174593909958045,0.19254682546295443,0.5081035602137918,0.06217657951243755,2.679091367129254,1.1773436794037972,0.01772051462061669,0.019719370757800468,87,49853,0.010902351687578478,0.012905191721827056,35,49858,0.07809955571514496,0.07997633754487019,1604,49853,0.018659036091229455,0.02065696838698325,96,49858,0.030884184149258462,0.032872050014676364,253,49793,0.010206918426900727,0.012210080280067,31,49858,0.07141753611082692,0.07331820320169956,1334,49793,0.047337490763459805,0.04929591978706689,587,49858,0.88889,0.9717138134490352,0.29317,0.40115025118021835,0.29957,False,/data/suehara/part/march/datasets/20250711_ilc_nnqq_sgv_10m_3cat_parquet,val50k_tail,150000,proxy
47,47,5760000,,lr_11_25e-6,1.28625e-05,validation_total_reference_mistag_geomean_percent,0.4116020198709297,min,1.0013868614402501,1.0013868614402501,0.5573883139446683,0.30394649210145996,0.4116020198709297,,0.1806467205519604,0.07413343874181655,3.1492744609559717,0.20236425528898014,0.5022803648123848,0.062111801242236024,2.6902136990889907,1.1500701508396605,0.01805075199761304,0.020050645750764616,90,49821,0.011223521120928066,0.013224116843706927,37,49910,0.07730839986758754,0.07918912427036656,1569,49821,0.019142410078759976,0.021137867422605726,101,49910,0.030707951945181926,0.03269685055277598,250,49773,0.010196286604951903,0.012197364050755753,31,49910,0.07157783581894887,0.07347881972341215,1339,49773,0.04675698318025341,0.04871446469229615,574,49910,0.88926,0.9718793842464021,0.29228,0.40115025118021835,0.29822,False,/data/suehara/part/march/datasets/20250711_ilc_nnqq_sgv_10m_3cat_parquet,val50k_tail,150000,proxy
47,47,5760000,,lr_14e-6,1.4e-05,validation_total_reference_mistag_geomean_percent,0.4112306265141909,min,0.996378582897891,0.996378582897891,0.5610281634727426,0.30142983756192504,0.4112306265141909,,0.17434520520890354,0.07630828846619594,3.090118596550705,0.20081127313109254,0.5099889700566688,0.062251496501810895,2.7025399818060207,1.1546648514617295,0.017703481833583917,0.019700422028225355,87,49901,0.011412029953021954,0.013417037752958754,38,49798,0.07653192842839371,0.07841200864824524,1542,49901,0.019085658841604472,0.02108566642097104,100,49798,0.03093933921848443,0.032926650427698906,254,49805,0.010219213497858762,0.012224785838827693,31,49798,0.07171666925660826,0.07361593681852359,1346,49805,0.04690276010372602,0.048864459541627,575,49798,0.88937,0.9718630979107704,0.29243,0.40115025118021835,0.29892,False,/data/suehara/part/march/datasets/20250711_ilc_nnqq_sgv_10m_3cat_parquet,val50k_tail,150000,proxy
47,47,5760000,,lr_3e-6,5.145e-06,validation_total_reference_mistag_geomean_percent,0.425455089361776,min,1.018972177915672,1.018972177915672,0.5930319514820354,0.30523150162731183,0.425455089361776,,0.1725625539257981,0.07822214956796872,3.1743483052418573,0.2025753178592695,0.5340400411058286,0.0722050616700153,2.752514463500445,1.1653095304541936,0.01761872507807247,0.019618301202558752,86,49837,0.011559255292875971,0.013561773508206854,39,49858,0.07759725791629639,0.07947637231191101,1582,49837,0.019162357451685177,0.021159887473791873,101,49858,0.031678220958898926,0.03366440686402129,266,49809,0.011069937791456392,0.013072697370975547,36,49858,0.07236463111080921,0.07426173953860304,1371,49809,0.04709271377709365,0.04905162552907745,581,49858,0.88899,0.9716970394164974,0.29322,0.40115025118021835,0.29883,False,/data/suehara/part/march/datasets/20250711_ilc_nnqq_sgv_10m_3cat_parquet,val50k_tail,150000,proxy
47,47,5760000,,lr_5_75e-6,7.7175e-06,validation_total_reference_mistag_geomean_percent,0.4149963534493659,min,1.0098956082268424,1.0098956082268424,0.5642428524830804,0.3052266814162885,0.4149963534493659,,0.18258060252713218,0.07413641081490233,3.2001765722425115,0.20036868375911168,0.5044718998390503,0.0641179770778232,2.6871670307042126,1.1661456888499953,0.01814857314879803,0.020147586807707094,91,49841,0.011223970759365064,0.013224646532832918,37,49908,0.07790298027961495,0.07978090746706967,1595,49841,0.01904362929538389,0.021039246571692052,100,49908,0.030782056330694915,0.03277158636074687,251,49755,0.010374366849186722,0.012375444090683124,32,49908,0.07155060814228176,0.07345240221259056,1337,49755,0.04708664171772271,0.049043557476078845,582,49908,0.88903,0.9718511241932332,0.2926,0.40115025118021835,0.2988,False,/data/suehara/part/march/datasets/20250711_ilc_nnqq_sgv_10m_3cat_parquet,val50k_tail,150000,proxy
47,47,5760000,,lr_8_5e-6,1.029e-05,validation_total_reference_mistag_geomean_percent,0.41320336547424347,min,1.0016425112040679,1.0016425112040679,0.5666900794304291,0.3012881775005593,0.41320336547424347,,0.17234123100909346,0.07630828846619594,3.1201779857388594,0.20081127313109254,0.5099889700566688,0.06425960881963132,2.706555486276887,1.162697246134115,0.01759614493862271,0.019593165449398015,86,49901,0.011412029953021954,0.013417037752958754,38,49798,0.07689629297003148,0.07877516844787547,1557,49901,0.019085658841604472,0.02108566642097104,100,49798,0.03093933921848443,0.032926650427698906,254,49805,0.010397277405998497,0.012402769098248561,32,49798,0.07176920601411375,0.07366831232392783,1348,49805,0.04706715994298848,0.049028536786013995,579,49798,0.88926,0.9718432502137668,0.29254,0.40115025118021835,0.29824,False,/data/suehara/part/march/datasets/20250711_ilc_nnqq_sgv_10m_3cat_parquet,val50k_tail,150000,proxy
48,48,5880000,,lr_11_25e-6,1.28625e-05,validation_total_reference_mistag_geomean_percent,0.3975182804256237,min,0.9920949636062086,0.9920949636062086,0.5497911345992459,0.28741966417434034,0.3975182804256237,,0.16835016835016836,0.0681977755470682,3.152557321875232,0.1885467949116302,0.5044922099924191,0.06017450459421912,2.665166046745937,1.1292748868329954,0.017381319162779945,0.019378699760076355,84,49896,0.010733012230888848,0.01273605307758563,34,49855,0.0772904518145795,0.07916821771957461,1573,49896,0.018455144973052975,0.020453357955013924,94,49855,0.030783290873147816,0.03277290006270337,251,49753,0.010026797932547338,0.01203016063689318,30,49855,0.07126238347189666,0.07316513838930457,1326,49753,0.0463532090223092,0.04831368419491826,563,49855,0.88949,0.9720171878480821,0.2914,0.3975182804256237,0.29917,False,/data/suehara/part/march/datasets/20250711_ilc_nnqq_sgv_10m_3cat_parquet,val50k_tail,150000,proxy
48,48,5880000,,lr_14e-6,1.4e-05,validation_total_reference_mistag_geomean_percent,0.39760055707548764,min,0.9923449494470806,0.9923449494470806,0.5499313624895751,0.28746533434840227,0.39760055707548764,,0.16835016835016836,0.0681977755470682,3.154561529377023,0.1885467949116302,0.5044922099924191,0.06017450459421912,2.663155940975027,1.13128067182909,0.017381319162779945,0.019378699760076355,84,49896,0.010733012230888848,0.01273605307758563,34,49855,0.07731454066619951,0.07919222623896383,1574,49896,0.018455144973052975,0.020453357955013924,94,49855,0.030783290873147816,0.03277290006270337,251,49753,0.010026797932547338,0.01203016063689318,30,49855,0.07123585845378796,0.07313869416586752,1325,49753,0.04639476821266218,0.04835516292085902,564,49855,0.88951,0.9720217818580824,0.29138,0.3975182804256237,0.29916,False,/data/suehara/part/march/datasets/20250711_ilc_nnqq_sgv_10m_3cat_parquet,val50k_tail,150000,proxy
48,48,5880000,,lr_3e-6,5.145e-06,validation_total_reference_mistag_geomean_percent,0.39573976226697843,min,0.9948551094196026,0.9948551094196026,0.5458237262578649,0.28692405973780805,0.39573976226697843,,0.1663460025280856,0.0681977755470682,3.168590648968568,0.1885467949116302,0.506502117368356,0.058168688913823284,2.677225617923228,1.1252632291960616,0.017272056598587222,0.019269517528114864,83,49896,0.010733012230888848,0.01273605307758563,34,49855,0.0774829273933221,0.07936005064046667,1581,49896,0.018455144973052975,0.020453357955013924,94,49855,0.0308461868453078,0.032835715240191535,252,49753,0.009843045657449803,0.0118464888262079,29,49855,0.0714213064887323,0.07332357663810962,1332,49753,0.046269976069712206,0.04823061217114604,561,49855,0.88953,0.9719790557763557,0.2916,0.39573976226697843,0.29894,False,/data/suehara/part/march/datasets/20250711_ilc_nnqq_sgv_10m_3cat_parquet,val50k_tail,150000,proxy
48,48,5880000,,lr_5_75e-6,7.7175e-06,validation_total_reference_mistag_geomean_percent,0.4085350354004113,min,1.0188825210395906,1.0188825210395906,0.5655516796205832,0.29511162492097204,0.4085350354004113,,0.18660460484219815,0.06420803403025803,3.252538300399104,0.19463059981720118,0.5117604721102803,0.06420803403025803,2.741430493708265,1.13567962937916,0.018358073277618916,0.020357045785137067,93,49838,0.010388934595836256,0.012392818781553053,32,49838,0.07852715907520624,0.0804030980698145,1621,49838,0.018768255781967478,0.020766906212226648,97,49838,0.030987516904250594,0.032973839710007544,255,49828,0.010388934595836256,0.012392818781553053,32,49838,0.07220725207892943,0.07410408201647574,1366,49828,0.046493540846848265,0.04845442771849815,566,49838,0.88923,0.9718519927656736,0.29266,0.39573976226697843,0.29872,False,/data/suehara/part/march/datasets/20250711_ilc_nnqq_sgv_10m_3cat_parquet,val50k_tail,150000,proxy
48,48,5880000,,lr_8_5e-6,1.029e-05,validation_total_reference_mistag_geomean_percent,0.40754889173593806,min,0.9972780601334632,0.9972780601334632,0.5606149544740948,0.2962748279003792,0.40754889173593806,,0.16457932323584004,0.07216163925311293,3.173169634462222,0.20445798013510524,0.5121304732400965,0.06414368184733804,2.6550449033415946,1.132536845552396,0.017186916206718004,0.019187334497969256,82,49824,0.011063282783407607,0.013064839774244132,36,49888,0.07759313002844853,0.07947278202817543,1581,49824,0.019249937925902832,0.021246191288933156,102,49888,0.031009868644762007,0.03299761268658599,255,49792,0.010378524891981315,0.012380403314806094,32,49888,0.07110121398128215,0.07300288510022866,1322,49792,0.04640573774499432,0.04836478535538459,565,49888,0.88938,0.9718529323527355,0.29218,0.39573976226697843,0.29881,False,/data/suehara/part/march/datasets/20250711_ilc_nnqq_sgv_10m_3cat_parquet,val50k_tail,150000,proxy
49,49,6000000,,lr_11_25e-6,6.302625e-06,validation_total_reference_mistag_geomean_percent,0.4124081252458343,min,1.0034527913994393,1.0034527913994393,0.560907540236673,0.3032237036731916,0.4124081252458343,,0.1828006705071469,0.07621034389824653,3.1518049320533934,0.1925313941686631,0.5094161853903051,0.06217159177185697,2.691482328676786,1.1612048847291174,0.018170430151531247,0.020171844290500306,91,49781,0.011397386492951436,0.013399824760182054,38,49862,0.07736954535520757,0.07925167926282478,1569,49781,0.018657540474340744,0.020655313115913624,96,49862,0.030904671494447027,0.03288977372953687,254,49861,0.010206099807337488,0.012209101167319915,31,49862,0.07153210793431272,0.07342968595682037,1342,49861,0.047007080639993766,0.04896599988169232,579,49862,0.88937,0.9718085421717925,0.29247,0.39573976226697843,0.29952,False,/data/suehara/part/march/datasets/20250711_ilc_nnqq_sgv_10m_3cat_parquet,val50k_tail,150000,proxy
49,49,6000000,,lr_14e-6,7.563149999999999e-06,validation_total_reference_mistag_geomean_percent,0.4161601547172269,min,1.0140566634251582,1.0140566634251582,0.5574061273573011,0.3107057240209538,0.4161601547172269,,0.19077454184534315,0.07618894560897958,3.263248747715969,0.19648728607092947,0.5137364291304609,0.06215414333768205,2.683068747597951,1.1267944660939506,0.01857951921821557,0.020579970057821566,95,49797,0.011394188244071696,0.01339606530369467,38,49876,0.07868566972411492,0.08056272306802212,1625,49797,0.018855104891425233,0.02085215815090455,98,49876,0.031047953630592828,0.03303407754979602,256,49831,0.010203235672646407,0.012205675508952796,31,49876,0.07144292638868316,0.07334198447294729,1337,49831,0.04629221672619831,0.04825196593123346,562,49876,0.88928,0.9718109413228263,0.2927,0.39573976226697843,0.29878,False,/data/suehara/part/march/datasets/20250711_ilc_nnqq_sgv_10m_3cat_parquet,val50k_tail,150000,proxy
49,49,6000000,,lr_3e-6,3e-06,validation_total_reference_mistag_geomean_percent,0.4194954618934314,min,1.025792442539177,1.025792442539177,0.5680832047614144,0.3097723028497042,0.4194954618934314,,0.18860730816481774,0.07218768516158867,3.2745440438128157,0.2065370020039787,0.5120996193790823,0.06416683376779626,2.7251731717479513,1.1630238762753848,0.01846106490751209,0.02045991694139828,94,49839,0.011067274827687159,0.013069553198363944,36,49870,0.07878607658659831,0.08066109488387846,1632,49839,0.019355522803021927,0.021352413300658197,103,49870,0.031008004768214286,0.0329956302960322,255,49795,0.010382269981311604,0.012384870016050507,32,49870,0.07201936557403657,0.07391810550454736,1357,49795,0.04704053141198709,0.04899906347021563,580,49870,0.88901,0.9717239253267033,0.29325,0.39573976226697843,0.29855,False,/data/suehara/part/march/datasets/20250711_ilc_nnqq_sgv_10m_3cat_parquet,val50k_tail,150000,proxy
49,49,6000000,,lr_5_75e-6,3.7815749999999994e-06,validation_total_reference_mistag_geomean_percent,0.4186748727165564,min,1.0240372632810604,1.0240372632810604,0.5675928471370492,0.30882815019319665,0.4186748727165564,,0.18860730816481774,0.07218768516158867,3.2665182255702394,0.20453178213420375,0.5120996193790823,0.06416683376779626,2.7251731717479513,1.1590134803228034,0.01846106490751209,0.02045991694139828,94,49839,0.011067274827687159,0.013069553198363944,36,49870,0.07869147353648798,0.08056681389810166,1628,49839,0.019256879838030972,0.021253850751682714,102,49870,0.031008004768214286,0.0329956302960322,255,49795,0.010382269981311604,0.012384870016050507,32,49870,0.07201936557403657,0.07391810550454736,1357,49795,0.04695859501278616,0.04891728790304573,578,49870,0.88903,0.9717276751704537,0.29324,0.39573976226697843,0.29854,False,/data/suehara/part/march/datasets/20250711_ilc_nnqq_sgv_10m_3cat_parquet,val50k_tail,150000,proxy
49,49,6000000,,lr_8_5e-6,5.0420999999999995e-06,validation_total_reference_mistag_geomean_percent,0.40238051377019496,min,0.9933935527450788,0.9933935527450788,0.5604343638170376,0.28890105303183033,0.40238051377019496,,0.18082092966944335,0.06411283859592884,3.12418362968966,0.19233850826131693,0.513860173829262,0.06411283859592884,2.697766005147433,1.1099534981716574,0.018068146306877995,0.020069961675262697,90,49773,0.010373535640405588,0.012374452722584757,32,49912,0.0770423825463426,0.07892592882373928,1555,49773,0.01863886547293276,0.02063464458796141,96,49912,0.0310554146334914,0.03304201197697476,256,49819,0.010373535640405588,0.012374452722584757,32,49912,0.07164421930964913,0.07354314480492834,1344,49819,0.04592521681154194,0.04788422734914987,554,49912,0.88968,0.9717932740780687,0.29226,0.39573976226697843,0.29867,False,/data/suehara/part/march/datasets/20250711_ilc_nnqq_sgv_10m_3cat_parquet,val50k_tail,150000,proxy
50,50,6120000,,lr_11_25e-6,6.302625e-06,validation_total_reference_mistag_geomean_percent,0.41414435822563717,min,0.9989892736039919,0.9989892736039919,0.5459622471963087,0.31415276483110743,0.41414435822563717,,0.19053730613230319,0.0780921493081476,3.2050381932780687,0.20424100513401103,0.48688234825638826,0.06207324643078833,2.659745656951414,1.1053042833408133,0.018556434346040925,0.02055440717735938,95,49859,0.011540050146957548,0.01353924552764974,39,49941,0.077947045701722,0.07982409992523809,1598,49859,0.01922952688485787,0.021223670451219402,102,49941,0.030241130851762967,0.03223341000502837,242,49704,0.010189958934759213,0.012189795815683854,31,49941,0.07122544695746282,0.07313029573748457,1322,49704,0.04581490136903767,0.04777296054732372,552,49941,0.88954,0.9720034906886736,0.29167,0.39573976226697843,0.2993,False,/data/suehara/part/march/datasets/20250711_ilc_nnqq_sgv_10m_3cat_parquet,val50k_tail,150000,proxy
50,50,6120000,,lr_14e-6,7.563149999999999e-06,validation_total_reference_mistag_geomean_percent,0.4134781040089653,min,1.0083292300436968,1.0083292300436968,0.559074387468237,0.3057985597749491,0.4134781040089653,,0.17691287041132242,0.07617978466377812,3.2045353250193207,0.20247784487149534,0.5152365712301823,0.06214666506748246,2.6984763733541515,1.1306684057318415,0.017867089636137763,0.0198703096723072,88,49742,0.011392818115384768,0.013394454753746891,38,49882,0.07803157052252499,0.07991305996213685,1594,49742,0.019153145808565926,0.0211497186751649,101,49882,0.031079639062922375,0.03306375178849883,257,49880,0.010202008678389711,0.012204207958058837,31,49882,0.07161027099113412,0.07350684578541558,1346,49880,0.046369790561910304,0.04832914872491649,564,49882,0.88918,0.9718368297187299,0.29225,0.39573976226697843,0.29905,False,/data/suehara/part/march/datasets/20250711_ilc_nnqq_sgv_10m_3cat_parquet,val50k_tail,150000,proxy
50,50,6120000,,lr_3e-6,3e-06,validation_total_reference_mistag_geomean_percent,0.4136299576204336,min,1.0044205013019243,1.0044205013019243,0.5706633509933688,0.2998085325494641,0.4136299576204336,,0.1766677956411664,0.07421522742093206,3.200096291959957,0.19255841187261763,0.517677261372276,0.0681977755470682,2.688711287543202,1.1172399590581743,0.017842358137598276,0.019842813136221066,88,49811,0.01123589931922174,0.013238698772681717,37,49855,0.07792519943349008,0.07980426084984588,1594,49811,0.01866015796126205,0.0206582100143985,96,49855,0.03116781249984015,0.03315349932042754,258,49838,0.010733012230888848,0.01273605307758563,34,49855,0.071512050532593,0.07341061545464121,1340,49838,0.04610304904222595,0.04806400700130865,557,49855,0.88943,0.9719043385662384,0.29211,0.39573976226697843,0.30026,False,/data/suehara/part/march/datasets/20250711_ilc_nnqq_sgv_10m_3cat_parquet,val50k_tail,150000,proxy
50,50,6120000,,lr_5_75e-6,3.7815749999999994e-06,validation_total_reference_mistag_geomean_percent,0.41216771752675574,min,0.9963753317933898,0.9963753317933898,0.5460179199902782,0.31112939914909804,0.41216771752675574,,0.18240493740239738,0.07812343540940896,3.1870752659973958,0.20632599999131074,0.48295568644284814,0.06209811426250113,2.6562563488411657,1.1157628660000907,0.01813112536999035,0.02012822278674867,91,49889,0.011544672054565858,0.013544667109450386,39,49921,0.07770955206155526,0.07958619766960662,1590,49889,0.0193357665403611,0.02133062548050489,103,49921,0.03011851138440373,0.03211134946916813,240,49694,0.010194040403296042,0.012194677472523173,31,49921,0.07118638345262954,0.0730917559734666,1320,49694,0.04604241938231685,0.048000844008518236,557,49921,0.8895,0.9719878822409379,0.29178,0.39573976226697843,0.29903,False,/data/suehara/part/march/datasets/20250711_ilc_nnqq_sgv_10m_3cat_parquet,val50k_tail,150000,proxy
50,50,6120000,,lr_8_5e-6,5.0420999999999995e-06,validation_total_reference_mistag_geomean_percent,0.4175860945412318,min,1.0047713659092652,1.0047713659092652,0.5709489152887985,0.3054181235566308,0.4175860945412318,,0.17858217265094248,0.07617978466377812,3.1904007570970547,0.20047311361150527,0.510193834109466,0.0681608582943078,2.669478874025412,1.1447015328216563,0.01793930733368699,0.019938641890535156,89,49837,0.011392818115384768,0.013394454753746891,38,49882,0.07778934749321925,0.07966781770846476,1590,49837,0.01905354683719839,0.02105020008112699,100,49882,0.030951739405135625,0.03293984072544713,254,49785,0.010727204220550433,0.012729162368230835,34,49882,0.07129664112849772,0.0731979997932359,1329,49785,0.04665949056785468,0.048618286089554055,571,49882,0.88905,0.97182468351818,0.29269,0.39573976226697843,0.2993,False,/data/suehara/part/march/datasets/20250711_ilc_nnqq_sgv_10m_3cat_parquet,val50k_tail,150000,proxy
51,51,6240000,,lr_11_25e-6,6.302625e-06,validation_total_reference_mistag_geomean_percent,0.41306522774258536,min,1.0087376415337086,1.0087376415337086,0.5646392065967153,0.3021803664652331,0.41306522774258536,,0.17842821988664406,0.07418695238786083,3.2056937064732893,0.19649516854431848,0.5165828974612586,0.06416168745238,2.6974875695610656,1.1368649305028515,0.017923854188088888,0.01992147138791464,89,49880,0.01123162012867607,0.013233657744671386,37,49874,0.07793864032082445,0.07981487801995771,1599,49880,0.01885586036209741,0.02085299338794914,98,49874,0.031160660247906563,0.033149903362031906,257,49750,0.010381437505679056,0.012383877137259906,32,49874,0.07168958363497797,0.07359115395769687,1342,49750,0.04650159154413261,0.04846101550806045,567,49874,0.88945,0.9719079938200824,0.29217,0.39573976226697843,0.2981,False,/data/suehara/part/march/datasets/20250711_ilc_nnqq_sgv_10m_3cat_parquet,val50k_tail,150000,proxy
51,51,6240000,,lr_14e-6,7.563149999999999e-06,validation_total_reference_mistag_geomean_percent,0.4127089529272667,min,1.0059810161850335,1.0059810161850335,0.5646392065967153,0.3016593212734082,0.4127089529272667,,0.17842821988664406,0.07418695238786083,3.18364070368389,0.19649516854431848,0.5165828974612586,0.06416168745238,2.6974875695610656,1.1368649305028515,0.017923854188088888,0.01992147138791464,89,49880,0.01123162012867607,0.013233657744671386,37,49874,0.07767541797489182,0.07955253989555336,1588,49880,0.01885586036209741,0.02085299338794914,98,49874,0.031160660247906563,0.033149903362031906,257,49750,0.010381437505679056,0.012383877137259906,32,49874,0.07168958363497797,0.07359115395769687,1342,49750,0.04650159154413261,0.04846101550806045,567,49874,0.88945,0.9719144971344331,0.29213,0.39573976226697843,0.29809,False,/data/suehara/part/march/datasets/20250711_ilc_nnqq_sgv_10m_3cat_parquet,val50k_tail,150000,proxy
51,51,6240000,,lr_3e-6,3e-06,validation_total_reference_mistag_geomean_percent,0.4076243123932337,min,0.9981033777762571,0.9981033777762571,0.5580639221741674,0.2977393331694359,0.4076243123932337,,0.172916453828014,0.07415275140923719,3.1527093596059115,0.19440047375623268,0.5173243588839858,0.06212798197439117,2.688883655398159,1.122311987354125,0.017654832200602613,0.019658494881267585,86,49735,0.011226444414892461,0.013227560581685702,37,49897,0.07741577698534112,0.07929961527713761,1568,49735,0.018746082061814523,0.02074237848792536,97,49897,0.03114661429300036,0.03313096156104785,258,49872,0.010198942483445887,0.01220054062430738,31,49897,0.07149024707112511,0.07338751077926933,1341,49872,0.04618959742297424,0.048148701516819575,560,49897,0.88945,0.9718238274938642,0.29202,0.39573976226697843,0.29892,False,/data/suehara/part/march/datasets/20250711_ilc_nnqq_sgv_10m_3cat_parquet,val50k_tail,150000,proxy
51,51,6240000,,lr_5_75e-6,3.7815749999999994e-06,validation_total_reference_mistag_geomean_percent,0.4077217163904225,min,0.9988573648100567,0.9988573648100567,0.5580639221741674,0.2978816429643177,0.4077217163904225,,0.172916453828014,0.07415275140923719,3.158741255876309,0.19440047375623268,0.5173243588839858,0.06212798197439117,2.688883655398159,1.122311987354125,0.017654832200602613,0.019658494881267585,86,49735,0.011226444414892461,0.013227560581685702,37,49897,0.07748836749122447,0.07937196322352971,1571,49735,0.018746082061814523,0.02074237848792536,97,49897,0.03114661429300036,0.03313096156104785,258,49872,0.010198942483445887,0.01220054062430738,31,49897,0.07149024707112511,0.07338751077926933,1341,49872,0.04618959742297424,0.048148701516819575,560,49897,0.88946,0.9718268387547168,0.292,0.39573976226697843,0.29892,False,/data/suehara/part/march/datasets/20250711_ilc_nnqq_sgv_10m_3cat_parquet,val50k_tail,150000,proxy
51,51,6240000,,lr_8_5e-6,5.0420999999999995e-06,validation_total_reference_mistag_geomean_percent,0.4018684786236505,min,0.9957724793386025,0.9957724793386025,0.5690052820373764,0.28382561499785697,0.4018684786236505,,0.17505382552548468,0.062079460345191205,3.1388961297955773,0.1902435172756534,0.5193607209680321,0.06608458665752841,2.67099796331107,1.1434636308302821,0.017775383423619673,0.019780411438749666,87,49699,0.010190978995463444,0.012191015863448654,31,49936,0.07727689187714028,0.07916265058318245,1560,49699,0.01852784416346018,0.020522748001828694,95,49936,0.031210367006915835,0.03319475197883877,259,49869,0.010543386360969076,0.012543262821778766,33,49936,0.07125736185876509,0.073155456985503,1332,49869,0.046609307765985326,0.0485660346965797,571,49936,0.88974,0.9719265939105703,0.29166,0.39573976226697843,0.29912,False,/data/suehara/part/march/datasets/20250711_ilc_nnqq_sgv_10m_3cat_parquet,val50k_tail,150000,proxy
52,52,6360000,,lr_11_25e-6,6.302625e-06,validation_total_reference_mistag_geomean_percent,0.421046460880394,min,1.0199709820214393,1.0199709820214393,0.5717827817064812,0.3100480250398832,0.421046460880394,,0.17831741239493215,0.07830224820742143,3.231752600501608,0.2047904900416187,0.530269567991642,0.06424799726946012,2.7176313779105574,1.1544561618542748,0.017912730053202944,0.01990911098744797,89,49911,0.011571087783992552,0.013575653225420741,39,49807,0.07822437856691566,0.0800984067557492,1613,49911,0.019281216008682496,0.02128070241683793,102,49807,0.031570399509181765,0.03355765443300947,264,49786,0.010395399105667417,0.012400528884125902,32,49807,0.07192743481312311,0.07382682093951473,1353,49786,0.04689433137931038,0.04885568472813243,575,49807,0.88912,0.9718098038401252,0.29307,0.39573976226697843,0.30022,False,/data/suehara/part/march/datasets/20250711_ilc_nnqq_sgv_10m_3cat_parquet,val50k_tail,150000,proxy
52,52,6360000,,lr_14e-6,7.563149999999999e-06,validation_total_reference_mistag_geomean_percent,0.4193194870281476,min,1.0163513817189278,1.0163513817189278,0.5631035134527865,0.31224957401423004,0.4193194870281476,,0.18464995793420605,0.07826453738464412,3.2454238507281326,0.2026850699695855,0.5015145838383986,0.06421705364130761,2.696142283873512,1.1579137163816362,0.018259278046881378,0.020258890692425344,92,49824,0.011565516536763527,0.013569118056504844,39,49831,0.07845388250097077,0.08033063417615047,1617,49824,0.019172731147123645,0.021171339066711245,101,49831,0.030661241736325544,0.03264713884469023,250,49849,0.01039039362098963,0.012394558934296689,32,49831,0.07160167601951914,0.07349952386907221,1344,49849,0.04695408960810159,0.048914359565218474,577,49831,0.88906,0.9717957029112209,0.29302,0.39573976226697843,0.30021,False,/data/suehara/part/march/datasets/20250711_ilc_nnqq_sgv_10m_3cat_parquet,val50k_tail,150000,proxy
52,52,6360000,,lr_3e-6,3e-06,validation_total_reference_mistag_geomean_percent,0.41899223339699265,min,1.018107511513394,1.018107511513394,0.5587243569755793,0.314205903958243,0.41899223339699265,,0.18665703001140632,0.07826453738464412,3.2594732513470737,0.20469185873238344,0.5035206338508526,0.06221026888626912,2.696142283873512,1.1539002280210098,0.018363227572384174,0.02036275965335739,93,49824,0.011565516536763527,0.013569118056504844,39,49831,0.07862002030563364,0.08049620802881852,1624,49824,0.019271937837102033,0.021270465214751674,102,49831,0.030724144319926178,0.03270996094450751,251,49849,0.010212447545679675,0.012216693400924695,31,49831,0.07160167601951914,0.07349952386907221,1344,49849,0.04687186958342252,0.04883230062441516,575,49831,0.88905,0.9717764074444936,0.29311,0.39573976226697843,0.30025,False,/data/suehara/part/march/datasets/20250711_ilc_nnqq_sgv_10m_3cat_parquet,val50k_tail,150000,proxy
52,52,6360000,,lr_5_75e-6,3.7815749999999994e-06,validation_total_reference_mistag_geomean_percent,0.41046281860956013,min,1.004447143183396,1.004447143183396,0.5490211073524218,0.30687294751448585,0.41046281860956013,,0.18269791428430288,0.07621339975212038,3.240378149598513,0.19655033999225988,0.49362898045610065,0.06217408790150082,2.6788400413336646,1.1050942321487047,0.018160223669056612,0.02016051686696864,91,49809,0.011397843532220996,0.013400361997654379,38,49860,0.07840578326667874,0.08028330271076939,1614,49809,0.018861150352372076,0.020858841921295515,98,49860,0.03041687056348488,0.03240364201482068,246,49835,0.010206509100704633,0.012209590704064173,31,49860,0.0713845275169888,0.07328360287726828,1335,49835,0.04584691944198756,0.04780816794226067,551,49860,0.88941,0.9718887285609581,0.29217,0.39573976226697843,0.29959,False,/data/suehara/part/march/datasets/20250711_ilc_nnqq_sgv_10m_3cat_parquet,val50k_tail,150000,proxy
52,52,6360000,,lr_8_5e-6,5.0420999999999995e-06,validation_total_reference_mistag_geomean_percent,0.41850199595118814,min,1.0181077011211783,1.0181077011211783,0.5586204087570878,0.3135293982631565,0.41850199595118814,,0.18665703001140632,0.07826453738464412,3.2634874189462635,0.2026850699695855,0.5035206338508526,0.06221026888626912,2.6941364218993957,1.1539002280210098,0.018363227572384174,0.02036275965335739,93,49824,0.011565516536763527,0.013569118056504844,39,49831,0.07866741563990615,0.08054344223394905,1626,49824,0.019172731147123645,0.021171339066711245,101,49831,0.030724144319926178,0.03270996094450751,251,49849,0.010212447545679675,0.012216693400924695,31,49831,0.07157539280739297,0.07347332114072888,1343,49849,0.04687186958342252,0.04883230062441516,575,49831,0.88903,0.9717853585028053,0.29305,0.39573976226697843,0.29957,False,/data/suehara/part/march/datasets/20250711_ilc_nnqq_sgv_10m_3cat_parquet,val50k_tail,150000,proxy
53,53,6480000,,lr_11_25e-6,6.302625e-06,validation_total_reference_mistag_geomean_percent,0.40815737834819077,min,1.0078455479577233,1.0078455479577233,0.5689662416993487,0.2927984707888845,0.40815737834819077,,0.17259372959311428,0.06822240737987897,3.2070322167614362,0.19463450730586235,0.5136539657697787,0.06621586209382768,2.6986897234652196,1.1417219712926678,0.017621905058749734,0.019621841091084113,86,49828,0.010736887733064882,0.012740651029945172,34,49837,0.0779947658302263,0.07987290778809358,1598,49828,0.018768632059819736,0.02076732243629965,97,49837,0.03104298161998066,0.033028790048320565,256,49839,0.010564325218106184,0.012568169037532504,33,49837,0.07164212916567075,0.07354025557894939,1345,49839,0.04661873562960533,0.04857941936435555,569,49837,0.88901,0.9716722549224697,0.29292,0.39573976226697843,0.29706,False,/data/suehara/part/march/datasets/20250711_ilc_nnqq_sgv_10m_3cat_parquet,val50k_tail,150000,proxy
53,53,6480000,,lr_14e-6,7.563149999999999e-06,validation_total_reference_mistag_geomean_percent,0.40498004533806126,min,1.0028003947226756,1.0028003947226756,0.5598106384560005,0.29297199062591367,0.40498004533806126,,0.17277056219081172,0.06808442734946127,3.224380639374322,0.19424084893114776,0.5001104598832216,0.06608194257679242,2.693366071605621,1.103368205870028,0.017639946654009978,0.019641924613884518,86,49777,0.010715177993218371,0.012714894270088685,34,49938,0.07824077208487476,0.08012014125446318,1605,49777,0.018730704035621257,0.02072536789117841,97,49938,0.030635000740995757,0.032623347378225434,249,49789,0.0105429642090724,0.012542760683106424,33,49938,0.0716078405767838,0.07350808697145911,1341,49789,0.04577568415235298,0.047733938495590246,551,49938,0.88933,0.9719587044679154,0.29181,0.39573976226697843,0.29942,False,/data/suehara/part/march/datasets/20250711_ilc_nnqq_sgv_10m_3cat_parquet,val50k_tail,150000,proxy
53,53,6480000,,lr_3e-6,3e-06,validation_total_reference_mistag_geomean_percent,0.4105980344429123,min,1.0172745495328614,1.0172745495328614,0.5697439339139335,0.2959061709182684,0.4105980344429123,,0.17468126054108757,0.06817999285075514,3.2426462206844744,0.19852410703531922,0.5297907029233556,0.06416940723510066,2.7211977488748786,1.1390069561179217,0.017737580214185145,0.019738355973856623,87,49805,0.010730214996594687,0.01273273439761787,34,49868,0.07843576987789785,0.08031334903219056,1615,49805,0.018958763505883207,0.020956055446622608,99,49868,0.031541958987888266,0.03352743857158776,264,49831,0.010382686269196324,0.012385366515151323,32,49868,0.07194187971730284,0.07383940750474577,1356,49831,0.0465485532445244,0.04850812704875491,568,49868,0.88888,0.9716678402950775,0.29316,0.39573976226697843,0.29843,False,/data/suehara/part/march/datasets/20250711_ilc_nnqq_sgv_10m_3cat_parquet,val50k_tail,150000,proxy
53,53,6480000,,lr_5_75e-6,3.7815749999999994e-06,validation_total_reference_mistag_geomean_percent,0.4073437251815965,min,1.0096846617814454,1.0096846617814454,0.5640312138184784,0.2941839146126064,0.4073437251815965,,0.17471283390742737,0.06812125616860344,3.2050767915585037,0.19634949803186114,0.5040464230939649,0.06411412313918775,2.708998628263558,1.1560577400884577,0.017740783672964812,0.01974191977239493,87,49796,0.010720972984664734,0.012721769536362303,34,49911,0.07799620930019971,0.07987563670695183,1596,49796,0.018841893947165487,0.020837552325827416,98,49911,0.030756153793576064,0.03274402292773809,251,49797,0.010373743430113587,0.012374700549718518,32,49911,0.07180683847581339,0.07370615176012056,1349,49797,0.04687924253618369,0.04883644490103183,577,49911,0.88899,0.9717771170551089,0.29263,0.39573976226697843,0.29901,False,/data/suehara/part/march/datasets/20250711_ilc_nnqq_sgv_10m_3cat_parquet,val50k_tail,150000,proxy
53,53,6480000,,lr_8_5e-6,5.0420999999999995e-06,validation_total_reference_mistag_geomean_percent,0.40971399040418954,min,1.0098777430590484,1.0098777430590484,0.5648733230330264,0.29717380355579254,0.40971399040418954,,0.17860368415883213,0.06821419289877928,3.2228932826617096,0.19862367275586104,0.5037126286249981,0.06620789359408726,2.717238695732889,1.1235278940452302,0.017941465705237553,0.019941040128080643,89,49831,0.010735595588071287,0.012739118010326143,34,49843,0.0781811975021314,0.08005858980508415,1606,49831,0.01896826461771175,0.020966554334494104,99,49843,0.030735832361496185,0.032722398449958404,251,49830,0.010563053829248633,0.012566656754664614,33,49843,0.07189096098737142,0.07378868575262619,1354,49830,0.04623937250279146,0.048200550262299593,560,49843,0.88912,0.9718197316479719,0.29248,0.39573976226697843,0.29971,False,/data/suehara/part/march/datasets/20250711_ilc_nnqq_sgv_10m_3cat_parquet,val50k_tail,150000,proxy
54,54,6600000,,lr_11_25e-6,6.302625e-06,validation_total_reference_mistag_geomean_percent,0.4191665418110104,min,1.0253674723201944,1.0253674723201944,0.5762373418535491,0.3049101073676267,0.4191665418110104,,0.17885492457450725,0.07409632467938551,3.2897249179871566,0.1982577303301595,0.5119659622629776,0.06808851307221322,2.7184387891880504,1.1635126164671052,0.017966685136227123,0.01996906225424698,89,49761,0.01121790367859751,0.013217499307994216,37,49935,0.0790258050283571,0.08090315220552202,1637,49761,0.018933347398965013,0.02092797020675674,99,49935,0.030999930558282558,0.03298704268865074,255,49808,0.01071582157176962,0.012715657821566579,34,49935,0.0719222889707119,0.0738208037449492,1354,49808,0.047020498199565504,0.04897646132971823,581,49935,0.88891,0.9715784162096291,0.29367,0.39573976226697843,0.29878,False,/data/suehara/part/march/datasets/20250711_ilc_nnqq_sgv_10m_3cat_parquet,val50k_tail,150000,proxy
54,54,6600000,,lr_14e-6,7.563149999999999e-06,validation_total_reference_mistag_geomean_percent,0.41936945457975616,min,1.0248661925639286,1.0248661925639286,0.5767953740624177,0.3049101073676267,0.41936945457975616,,0.17885492457450725,0.07409632467938551,3.2897249179871566,0.1982577303301595,0.5159813605512661,0.06808851307221322,2.712415781520074,1.161509987796666,0.017966685136227123,0.01996906225424698,89,49761,0.01121790367859751,0.013217499307994216,37,49935,0.0790258050283571,0.08090315220552202,1637,49761,0.018933347398965013,0.02092797020675674,99,49935,0.03112446020478235,0.03311141110247332,257,49808,0.01071582157176962,0.012715657821566579,34,49935,0.07184366236388968,0.0737424189871428,1351,49808,0.04697963715119165,0.0489356804881446,580,49935,0.88895,0.9715831873246247,0.29366,0.39573976226697843,0.29878,False,/data/suehara/part/march/datasets/20250711_ilc_nnqq_sgv_10m_3cat_parquet,val50k_tail,150000,proxy
54,54,6600000,,lr_3e-6,3e-06,validation_total_reference_mistag_geomean_percent,0.4186103459748799,min,1.0149246677596102,1.0149246677596102,0.5835193690808576,0.30030643547142755,0.4186103459748799,,0.17832455460765007,0.0702797118806343,3.231882090747014,0.20079917680181228,0.51210990358634,0.07228770648367429,2.689078940403764,1.164635257565993,0.017913447322625425,0.01990990796976297,89,49909,0.010914826638084869,0.012919955760880807,35,49801,0.0782274628143037,0.08010156090986487,1613,49909,0.01908451012058701,0.02108439770820451,100,49801,0.031008626035501034,0.03299629106641748,255,49794,0.011082604389915401,0.013087652873708595,36,49801,0.07154804913292526,0.0734482769065771,1339,49794,0.04710534597245214,0.049066526838751484,580,49801,0.8889,0.9717241288591761,0.29321,0.39573976226697843,0.29919,False,/data/suehara/part/march/datasets/20250711_ilc_nnqq_sgv_10m_3cat_parquet,val50k_tail,150000,proxy
54,54,6600000,,lr_5_75e-6,3.7815749999999994e-06,validation_total_reference_mistag_geomean_percent,0.41312506780567604,min,0.9981521140983213,0.9981521140983213,0.5615053030702652,0.3039549594923184,0.41312506780567604,,0.18040411005135196,0.0762088125184138,3.127004559877007,0.19854401459899568,0.5165517490883929,0.06217034614129486,2.6611461635626696,1.163187156948444,0.018026528366099484,0.020023746025094588,90,49888,0.01139715798706139,0.013399556157599461,38,49863,0.07698867934718828,0.07886777075050005,1560,49888,0.018960662966723843,0.02095815438295243,99,49863,0.031158785766910533,0.033147910188435506,257,49753,0.010205895172963546,0.012208856413668258,31,49863,0.07120932259004828,0.07311223909679948,1324,49753,0.04704709867188982,0.049005899123809316,580,49863,0.88927,0.9718145493304279,0.29266,0.39573976226697843,0.29841,False,/data/suehara/part/march/datasets/20250711_ilc_nnqq_sgv_10m_3cat_parquet,val50k_tail,150000,proxy
54,54,6600000,,lr_8_5e-6,5.0420999999999995e-06,validation_total_reference_mistag_geomean_percent,0.4183445086193059,min,1.0134202481808616,1.0134202481808616,0.5830497705769057,0.3001667039826817,0.4183445086193059,,0.17832455460765007,0.0702797118806343,3.2258711558924533,0.20079917680181228,0.51210990358634,0.07228770648367429,2.6850625572951077,1.1626272188992208,0.017913447322625425,0.01990990796976297,89,49909,0.010914826638084869,0.012919955760880807,35,49801,0.07815615734712636,0.0800304963138522,1610,49909,0.01908451012058701,0.02108439770820451,100,49801,0.031008626035501034,0.03299629106641748,255,49794,0.011082604389915401,0.013087652873708595,36,49801,0.07149530989543143,0.07339569899243586,1337,49794,0.04706434029537292,0.04902560180067503,579,49801,0.88887,0.9717359109233158,0.29314,0.39573976226697843,0.29917,False,/data/suehara/part/march/datasets/20250711_ilc_nnqq_sgv_10m_3cat_parquet,val50k_tail,150000,proxy
55,55,6720000,,lr_11_25e-6,6.302625e-06,validation_total_reference_mistag_geomean_percent,0.4111435648978921,min,1.0167073118000225,1.0167073118000225,0.5575781235308869,0.30316654083646694,0.4111435648978921,,0.1890283052119502,0.07214862334578673,3.2878861355704934,0.18838807806101018,0.5092323618968688,0.06212798197439117,2.688506129657368,1.1363408786823121,0.018502239254957135,0.020505535990703753,94,49728,0.01106128784104189,0.01306248433684652,36,49897,0.07903008160970032,0.08090874854044944,1635,49728,0.018439623193903555,0.0204361606070486,94,49897,0.030893544790736287,0.03287793804084568,254,49879,0.010198942483445887,0.01220054062430738,31,49897,0.07148034719915985,0.07337735978195925,1341,49879,0.04648027230983558,0.04843881410060147,567,49897,0.88905,0.9717169564815163,0.29278,0.39573976226697843,0.30036,False,/data/suehara/part/march/datasets/20250711_ilc_nnqq_sgv_10m_3cat_parquet,val50k_tail,150000,proxy
55,55,6720000,,lr_14e-6,7.563149999999999e-06,validation_total_reference_mistag_geomean_percent,0.40972949142520415,min,1.0154505723127591,1.0154505723127591,0.5569902379679409,0.3014025106724027,0.40972949142520415,,0.18500643863960647,0.07214862334578673,3.2818532335163066,0.18838807806101018,0.5072275043371218,0.06212798197439117,2.692515959286871,1.1343367593409783,0.018294499715239537,0.020297958202842137,92,49728,0.01106128784104189,0.01306248433684652,36,49897,0.07895906327226657,0.08083797283080021,1632,49728,0.018439623193903555,0.0204361606070486,94,49897,0.030831057959819844,0.03281553159692769,253,49879,0.010198942483445887,0.01220054062430738,31,49897,0.07153291515038102,0.07342976695918352,1343,49879,0.04643886130037949,0.04839748342015653,566,49897,0.88905,0.9717254922531605,0.29273,0.39573976226697843,0.30035,False,/data/suehara/part/march/datasets/20250711_ilc_nnqq_sgv_10m_3cat_parquet,val50k_tail,150000,proxy
55,55,6720000,,lr_3e-6,3e-06,validation_total_reference_mistag_geomean_percent,0.41063936745415497,min,1.016705805230323,1.016705805230323,0.5577859102883401,0.3023107737088235,0.41063936745415497,,0.18701738209224097,0.07214862334578673,3.2858751765031045,0.18838807806101018,0.5092323618968688,0.06212798197439117,2.692515959286871,1.1363408786823121,0.018398649426743244,0.020402027038417845,93,49728,0.01106128784104189,0.01306248433684652,36,49897,0.0790064168335318,0.08088516464020909,1634,49728,0.018439623193903555,0.0204361606070486,94,49897,0.030893544790736287,0.03287793804084568,254,49879,0.010198942483445887,0.01220054062430738,31,49897,0.07153291515038102,0.07342976695918352,1343,49879,0.04648027230983558,0.04843881410060147,567,49897,0.88903,0.9716998853990758,0.29287,0.39573976226697843,0.30039,False,/data/suehara/part/march/datasets/20250711_ilc_nnqq_sgv_10m_3cat_parquet,val50k_tail,150000,proxy
55,55,6720000,,lr_5_75e-6,3.7815749999999994e-06,validation_total_reference_mistag_geomean_percent,0.41122016602962935,min,1.0172085405037103,1.0172085405037103,0.5577859102883401,0.30316654083646694,0.41122016602962935,,0.1890283052119502,0.07214862334578673,3.2878861355704934,0.18838807806101018,0.5092323618968688,0.06212798197439117,2.692515959286871,1.1363408786823121,0.018502239254957135,0.020505535990703753,94,49728,0.01106128784104189,0.01306248433684652,36,49897,0.07903008160970032,0.08090874854044944,1635,49728,0.018439623193903555,0.0204361606070486,94,49897,0.030893544790736287,0.03287793804084568,254,49879,0.010198942483445887,0.01220054062430738,31,49897,0.07153291515038102,0.07342976695918352,1343,49879,0.04648027230983558,0.04843881410060147,567,49897,0.88901,0.9717045651998072,0.29285,0.39573976226697843,0.30039,False,/data/suehara/part/march/datasets/20250711_ilc_nnqq_sgv_10m_3cat_parquet,val50k_tail,150000,proxy
55,55,6720000,,lr_8_5e-6,5.0420999999999995e-06,validation_total_reference_mistag_geomean_percent,0.41090168712426955,min,0.9997010897543839,0.9997010897543839,0.563415738485634,0.299672488623383,0.41090168712426955,,0.18240859279853458,0.07410374451865674,3.169098772425151,0.18826356393360077,0.5051724755925675,0.06609253083403739,2.6908988259446973,1.1215702119878255,0.018131488523196838,0.020128625824194904,91,49888,0.011219026717168274,0.013218822285242465,37,49930,0.07749515667580045,0.07937256056117434,1581,49888,0.018427445814655986,0.020422668679449526,94,49930,0.03082470534582476,0.03281697002337856,251,49686,0.010544653019524538,0.012544769479057034,33,49930,0.07164865328102739,0.07355293815052115,1337,49686,0.046159232035858366,0.048117071045760546,560,49930,0.88964,0.9719547326271041,0.29198,0.39573976226697843,0.29859,False,/data/suehara/part/march/datasets/20250711_ilc_nnqq_sgv_10m_3cat_parquet,val50k_tail,150000,proxy
56,56,6840000,,lr_11_25e-6,6.302625e-06,validation_total_reference_mistag_geomean_percent,0.40985647519551804,min,0.9996289379825233,0.9996289379825233,0.5581937419685884,0.30093911419943375,0.40985647519551804,,0.1805742291346335,0.07421819933167381,3.1781062926611283,0.19256615200902183,0.5119454058219572,0.06218281885375174,2.6440473984711477,1.1533910075768723,0.018043514249336222,0.02004260841786728,90,49841,0.011236349950019996,0.013239229630626886,37,49853,0.07763919740682301,0.07951801020011917,1584,49841,0.018660905949566917,0.020659037848934532,96,49853,0.030998688745337462,0.032985721915019216,255,49810,0.01020794188604351,0.012211304391861178,31,49853,0.07094305056564026,0.07284447605880248,1317,49810,0.046851298497480216,0.04881088485085439,575,49853,0.88921,0.9719554530135012,0.292,0.39573976226697843,0.29907,False,/data/suehara/part/march/datasets/20250711_ilc_nnqq_sgv_10m_3cat_parquet,val50k_tail,150000,proxy
56,56,6840000,,lr_14e-6,7.563149999999999e-06,validation_total_reference_mistag_geomean_percent,0.4086678185281931,min,0.991953233641601,0.991953233641601,0.5542620944798129,0.3013184332176534,0.4086678185281931,,0.1745130617977977,0.07828495551795694,3.1312057807096467,0.19270143321690955,0.49966891292505233,0.062226505696095225,2.652860479519428,1.1441647397499217,0.01772051462061669,0.019719370757800468,87,49853,0.011568533629551632,0.013572657158436433,39,49818,0.07706610862347925,0.07894635070054903,1561,49853,0.018674005458683453,0.02067353570083135,96,49818,0.03060801332918908,0.03259462211459224,249,49833,0.010215111850989165,0.012219880051696686,31,49818,0.07104348054284212,0.07294367476549102,1322,49833,0.04667778155245505,0.04863911498910658,570,49818,0.88949,0.9718633419454236,0.29198,0.39573976226697843,0.29836,False,/data/suehara/part/march/datasets/20250711_ilc_nnqq_sgv_10m_3cat_parquet,val50k_tail,150000,proxy
56,56,6840000,,lr_3e-6,3e-06,validation_total_reference_mistag_geomean_percent,0.41009524585770923,min,1.0031273804177134,1.0031273804177134,0.5598724606103865,0.300386467467507,0.41009524585770923,,0.17856068578463385,0.07422267109381223,3.1900165954022675,0.1925777407448024,0.5139427034189236,0.062186557394844785,2.656039697937087,1.1574723915653367,0.01793714948138082,0.019936244229774337,89,49843,0.011237025963995773,0.013240025997375093,37,49850,0.07778013196895264,0.07965839147251255,1590,49843,0.0186620280444669,0.020660279725147335,96,49850,0.031060390627860816,0.03304730371292393,256,49811,0.010208556060053563,0.0122120389767582,31,49850,0.07110097573355886,0.07300188154619192,1323,49811,0.04693629179700551,0.04889583233110735,577,49850,0.88925,0.9719402187640411,0.29204,0.39573976226697843,0.2991,False,/data/suehara/part/march/datasets/20250711_ilc_nnqq_sgv_10m_3cat_parquet,val50k_tail,150000,proxy
56,56,6840000,,lr_5_75e-6,3.7815749999999994e-06,validation_total_reference_mistag_geomean_percent,0.4103498542573517,min,0.9986262133247086,0.9986262133247086,0.558709003321294,0.3013858768841001,0.4103498542573517,,0.1805742291346335,0.07421819933167381,3.1640617126251667,0.19457205252257845,0.5139530214816302,0.06218281885375174,2.648062561771021,1.1513851108772126,0.018043514249336222,0.02004260841786728,90,49841,0.011236349950019996,0.013239229630626886,37,49853,0.07747081020448333,0.07935018656513304,1577,49841,0.018762613424125416,0.020760664852624566,97,49853,0.03106101273927884,0.03304796529909563,256,49810,0.01020794188604351,0.012211304391861178,31,49853,0.07099620545982128,0.07289746973325358,1319,49810,0.04681015089244532,0.04876981771668801,574,49853,0.88925,0.9719466891794856,0.29204,0.39573976226697843,0.29909,False,/data/suehara/part/march/datasets/20250711_ilc_nnqq_sgv_10m_3cat_parquet,val50k_tail,150000,proxy
56,56,6840000,,lr_8_5e-6,5.0420999999999995e-06,validation_total_reference_mistag_geomean_percent,0.41510338525638973,min,1.0098553000214348,1.0098553000214348,0.5623786125840369,0.30639646778097585,0.41510338525638973,,0.18261725389750294,0.07624703742285013,3.2188798778381646,0.1966371022911391,0.5197150480805413,0.062201534947399384,2.658773972365157,1.1637705733287247,0.018152212330255886,0.020151625669223072,91,49831,0.011402873384475239,0.013406274454303639,38,49838,0.07813348368956793,0.08001103707639609,1604,49831,0.018869469193848708,0.020868039104793203,98,49838,0.03123160967336662,0.03321733424758236,259,49835,0.010211013495323076,0.01221497820035459,31,49838,0.07112018116789166,0.07302006181826338,1325,49835,0.04707056814718738,0.04903032774843108,580,49838,0.88904,0.9718714230285221,0.29241,0.39573976226697843,0.29908,False,/data/suehara/part/march/datasets/20250711_ilc_nnqq_sgv_10m_3cat_parquet,val50k_tail,150000,proxy
57,57,6960000,,lr_11_25e-6,1.0399331249999998e-05,validation_total_reference_mistag_geomean_percent,0.4141340602166024,min,0.9978136094467966,0.9978136094467966,0.5590652678766842,0.30677459267478335,0.4141340602166024,,0.1746707386214018,0.07625162925958942,3.1561194602003204,0.2106952938266369,0.49537715514309066,0.06421189926758303,2.6433486018821193,1.161834097373632,0.017736512651664878,0.019737168326919383,87,49808,0.011403559617396248,0.013407081102652688,38,49835,0.07740072551778963,0.07928166593021077,1572,49808,0.019565096420502973,0.02156322246214073,105,49835,0.030464448035466378,0.03245011338589461,247,49861,0.010389559842153543,0.012393564501465393,32,49835,0.07089798830906754,0.07279749701273458,1318,49861,0.047032407882653324,0.04899236317391399,579,49835,0.88914,0.9718137342508949,0.29261,0.39573976226697843,0.29868,False,/data/suehara/part/march/datasets/20250711_ilc_nnqq_sgv_10m_3cat_parquet,val50k_tail,150000,proxy
57,57,6960000,,lr_14e-6,1.3235512499999998e-05,validation_total_reference_mistag_geomean_percent,0.42523644230831914,min,1.0151507884306084,1.0151507884306084,0.571352018199331,0.31648795507352273,0.42523644230831914,,0.18861488590952172,0.07815004943047865,3.204446404086334,0.2124078243191272,0.516447948302249,0.06612696344693254,2.6987922435254785,1.1562199884247446,0.018461805166371442,0.02046073711048943,94,49837,0.011548603587911602,0.013549278869022019,39,49904,0.07795698975576401,0.07983489631318771,1597,49837,0.01963522865417015,0.02163052340126881,106,49904,0.03115253912533934,0.03314126800712759,257,49763,0.010550145391994777,0.012551302511971918,33,49904,0.07169744208348518,0.07359846321219714,1343,49763,0.046885782127961684,0.048843252524022676,577,49904,0.88916,0.9717994662153084,0.2928,0.39573976226697843,0.29818,False,/data/suehara/part/march/datasets/20250711_ilc_nnqq_sgv_10m_3cat_parquet,val50k_tail,150000,proxy
57,57,6960000,,lr_3e-6,3e-06,validation_total_reference_mistag_geomean_percent,0.4124765007814148,min,0.9992686111681751,0.9992686111681751,0.5560098391245611,0.30599613842222895,0.4124765007814148,,0.17482868197698118,0.07618436840350039,3.1569640137606556,0.20850457904511163,0.49937829170501385,0.062150403977625855,2.6573342075417914,1.1588043429347212,0.017752539594742957,0.019754998051137847,87,49763,0.011393503138536947,0.013395259980310551,38,49879,0.07744545168663804,0.07932805903293691,1571,49763,0.019450179455952073,0.021446630755828304,104,49879,0.03059025215291387,0.032575717195768794,249,49862,0.010202622138627668,0.012204941689390379,31,49879,0.07108217445581412,0.07298108409853517,1325,49862,0.04695016862050899,0.04890851648312218,578,49879,0.88927,0.9717696077751407,0.29267,0.39573976226697843,0.29904,False,/data/suehara/part/march/datasets/20250711_ilc_nnqq_sgv_10m_3cat_parquet,val50k_tail,150000,proxy
57,57,6960000,,lr_5_75e-6,4.726968749999999e-06,validation_total_reference_mistag_geomean_percent,0.4144048764468863,min,1.0079071810514422,1.0079071810514422,0.5562556093051921,0.30872749640667063,0.4144048764468863,,0.17868257156763748,0.07614162006725782,3.204240181358156,0.2083876009377442,0.50614606487576,0.062115535958427476,2.699445609843074,1.1280982638034793,0.017949384179710662,0.019949838603825994,89,49809,0.011387112790894048,0.013387748295285351,38,49907,0.07797617708023563,0.07985514756015666,1596,49809,0.019439276882895908,0.02143461279694027,104,49907,0.030824552735720604,0.03281269686155998,252,49788,0.010196899377210597,0.012198096959365986,31,49907,0.07168823383852316,0.07358827418279396,1344,49788,0.04630517047467843,0.048263650146764675,563,49907,0.88933,0.9718221305403995,0.29259,0.39573976226697843,0.29773,False,/data/suehara/part/march/datasets/20250711_ilc_nnqq_sgv_10m_3cat_parquet,val50k_tail,150000,proxy
57,57,6960000,,lr_8_5e-6,7.563149999999999e-06,validation_total_reference_mistag_geomean_percent,0.41988213752171244,min,1.0160019471068624,1.0160019471068624,0.5614179673940318,0.3140280853998126,0.41988213752171244,,0.1847500889696168,0.07802965222035414,3.2110367629558776,0.21007983136169786,0.5087881555210494,0.062023570471026315,2.7128665881747356,1.1604409271805434,0.018269170425833894,0.020269863221313824,92,49797,0.011530817425136404,0.013528415374347428,39,49981,0.07806647022273114,0.0799456205175457,1599,49797,0.019507996531284044,0.021500310571124927,105,49981,0.030925700208235627,0.03291621690302482,253,49726,0.01018180579461849,0.012180044217692542,31,49981,0.07190799367527492,0.07380986322266525,1349,49726,0.04693663792471221,0.048890923828934924,580,49981,0.88924,0.9717513444258318,0.29299,0.39573976226697843,0.299,False,/data/suehara/part/march/datasets/20250711_ilc_nnqq_sgv_10m_3cat_parquet,val50k_tail,150000,proxy
58,58,7080000,,lr_11_25e-6,9.453937499999999e-06,validation_total_reference_mistag_geomean_percent,0.4087940154149646,min,1.0040871703144325,1.0040871703144325,0.5621418270020054,0.2972782650427009,0.4087940154149646,,0.1767813684694935,0.07007427942050487,3.246348842067799,0.19420585227672105,0.4921853114948131,0.06807215615313875,2.667845301528375,1.1171842511046164,0.01785381929926839,0.019855555684416194,88,49779,0.010882930178009686,0.012882206454187478,35,49947,0.07849987065743358,0.08037828171159334,1616,49779,0.018727331747757304,0.020721637591506435,97,49947,0.030387983326746366,0.03237708775621472,245,49778,0.010713247721311084,0.012712604165753871,34,49947,0.0712800554013189,0.0731817470691766,1328,49778,0.04606029265716294,0.04801764093075658,558,49947,0.88929,0.9719646687693211,0.2918,0.39573976226697843,0.29878,False,/data/suehara/part/march/datasets/20250711_ilc_nnqq_sgv_10m_3cat_parquet,val50k_tail,150000,proxy
58,58,7080000,,lr_14e-6,1.1344724999999998e-05,validation_total_reference_mistag_geomean_percent,0.40796509376524054,min,0.9976764774066453,0.9976764774066453,0.5560137404148328,0.29933705884086015,0.40796509376524054,,0.176710382640966,0.07411858865612829,3.1546818704592874,0.1943109031377226,0.5041679090848387,0.06209935700027358,2.6734959061380037,1.1418269021359424,0.01784665434841335,0.019847589674690032,88,49799,0.011221273469017664,0.013221469034421254,37,49920,0.07739034399620627,0.0792716820756871,1571,49799,0.018737452256206603,0.020732832521127773,97,49920,0.030763550069168137,0.032751893462006944,251,49785,0.010194244562550768,0.012194921658002615,31,49920,0.07134956121626311,0.07325075849931688,1331,49785,0.046582923489404265,0.04854034313552212,570,49920,0.88953,0.9719320736374475,0.29188,0.39573976226697843,0.29907,False,/data/suehara/part/march/datasets/20250711_ilc_nnqq_sgv_10m_3cat_parquet,val50k_tail,150000,proxy
58,58,7080000,,lr_3e-6,3.7815749999999994e-06,validation_total_reference_mistag_geomean_percent,0.4168235648521109,min,1.0162375576736398,1.0162375576736398,0.561122763044342,0.30963257179836096,0.4168235648521109,,0.18666451564978712,0.07812656465326091,3.243546953906862,0.19431479780005856,0.5184574687826676,0.062100604495410605,2.710849509610939,1.1358400464901328,0.01836396413648525,0.020363576182098213,93,49822,0.011545134448958131,0.013545209506448698,39,49919,0.07843321372990181,0.08031011608313487,1616,49822,0.018737827299924514,0.020733247380455004,97,49919,0.031214675430215905,0.03320332354980046,258,49763,0.010194448729983197,0.012195165853261367,31,49919,0.07185524346901354,0.07375578002450367,1349,49763,0.04645989828163926,0.04841759699714832,567,49919,0.88915,0.9718736657108913,0.29245,0.39573976226697843,0.29853,False,/data/suehara/part/march/datasets/20250711_ilc_nnqq_sgv_10m_3cat_parquet,val50k_tail,150000,proxy
58,58,7080000,,lr_5_75e-6,5.672362499999999e-06,validation_total_reference_mistag_geomean_percent,0.4090755413456264,min,0.9936330735365837,0.9936330735365837,0.548084421836612,0.3053230339341836,0.4090755413456264,,0.18247809349596575,0.07420629295090038,3.1683009402448876,0.2025631207776426,0.49624300520814363,0.06217284217091597,2.66605048963293,1.097049803811284,0.018138391199172436,0.020136286603519633,91,49869,0.01123454764366999,0.013237106454247331,37,49861,0.07750017423039518,0.07937832538545964,1580,49869,0.019161205511759892,0.02115861583924421,101,49861,0.030517576217836337,0.032506677452655286,247,49774,0.010206304449917703,0.01220934593078502,31,49861,0.07125921570613515,0.07316113230890868,1327,49774,0.04567753441867793,0.04763906625460737,547,49861,0.88958,0.9719547641416778,0.29178,0.39573976226697843,0.29882,False,/data/suehara/part/march/datasets/20250711_ilc_nnqq_sgv_10m_3cat_parquet,val50k_tail,150000,proxy
58,58,7080000,,lr_8_5e-6,7.563149999999999e-06,validation_total_reference_mistag_geomean_percent,0.39806540641917393,min,1.0101002287408931,1.0101002287408931,0.5478846084941391,0.28921430777765167,0.39806540641917393,,0.18238666261907202,0.06419901695255291,3.2729385461914715,0.1825659542352705,0.5184366338261235,0.05818035954070186,2.6926553486613964,1.1094393079005567,0.01812930982214246,0.020126207841594607,91,49894,0.010387475980379639,0.012391079117363427,32,49845,0.0787242489157243,0.08059726470368359,1633,49894,0.0181471178847512,0.020145971716374243,91,49845,0.031213423923292204,0.033201992960294954,258,49765,0.00984501995488245,0.011848864581969333,29,49845,0.07161555797665468,0.07351674933297227,1340,49765,0.045944668893311766,0.047906333249058894,553,49845,0.88921,0.9718977327435763,0.29205,0.39573976226697843,0.29768,False,/data/suehara/part/march/datasets/20250711_ilc_nnqq_sgv_10m_3cat_parquet,val50k_tail,150000,proxy
59,59,7200000,,lr_11_25e-6,9.453937499999999e-06,validation_total_reference_mistag_geomean_percent,0.40953887305170883,min,1.0090787795758744,1.0090787795758744,0.5599095768744142,0.2995520981740292,0.40953887305170883,,0.1867019954003666,0.07015855645344386,3.262266196312155,0.18842584148170058,0.49392631019802274,0.06614949689399366,2.6844694638833566,1.120532375983956,0.01836764784349299,0.02036765980826052,93,49812,0.010896015721365905,0.012897693136442021,35,49887,0.0786623599107042,0.08053888747898558,1625,49812,0.018443316486941926,0.02044025259011694,94,49887,0.030435150832811182,0.03242310705043085,246,49805,0.010553739653222096,0.012555577790735547,33,49887,0.07147972840040699,0.07337972159677832,1337,49805,0.04615712083950625,0.04811668897600277,559,49887,0.88923,0.9718022014673787,0.29258,0.39573976226697843,0.29847,False,/data/suehara/part/march/datasets/20250711_ilc_nnqq_sgv_10m_3cat_parquet,val50k_tail,150000,proxy
59,59,7200000,,lr_14e-6,1.1344724999999998e-05,validation_total_reference_mistag_geomean_percent,0.4052473269279101,min,0.9888729016058708,0.9888729016058708,0.5565940153108769,0.2950541893456956,0.4052473269279101,,0.19056024292709092,0.06818683125174275,3.161294212703351,0.18450554338706862,0.48405236682004793,0.06618133686300463,2.6070540152385124,1.1491486636561483,0.018558665858502868,0.02055687822873891,95,49853,0.010731290683373553,0.012734010608292552,34,49863,0.07742837235222289,0.0793074073662664,1576,49853,0.018245007953401678,0.020243062439796948,92,49863,0.03012606496948251,0.032115096587627054,241,49788,0.010558818075623755,0.012561618439137993,33,49863,0.07046660910455145,0.07237036078027968,1298,49788,0.046759637916289794,0.048719001438376174,573,49863,0.88968,0.9720062945532711,0.29136,0.39573976226697843,0.29964,False,/data/suehara/part/march/datasets/20250711_ilc_nnqq_sgv_10m_3cat_parquet,val50k_tail,150000,proxy
59,59,7200000,,lr_3e-6,3.7815749999999994e-06,validation_total_reference_mistag_geomean_percent,0.42320559091220905,min,1.0071412475342567,1.0071412475342567,0.573595590332954,0.31224607580296854,0.42320559091220905,,0.18058509615241541,0.07823470717757598,3.1943496431269858,0.21063189697652465,0.4978320120811772,0.07021062931676024,2.661795481291866,1.1634905141507474,0.01804459954153877,0.0200438136070011,90,49838,0.011561109769376274,0.013563948841647177,39,49850,0.07783574970516398,0.07971402375989908,1592,49838,0.019559214591301527,0.021556741946993994,105,49850,0.030555234463075943,0.03254259492148004,248,49816,0.010904100837276998,0.012907261831764756,35,49850,0.07117344384596908,0.07307392780096095,1326,49816,0.04705929987762862,0.04901859897006762,580,49850,0.88913,0.9718104920490656,0.29296,0.39573976226697843,0.29943,False,/data/suehara/part/march/datasets/20250711_ilc_nnqq_sgv_10m_3cat_parquet,val50k_tail,150000,proxy
59,59,7200000,,lr_5_75e-6,5.672362499999999e-06,validation_total_reference_mistag_geomean_percent,0.423584527780728,min,1.0086462380595642,1.0086462380595642,0.5741729438591254,0.3124909560685332,0.423584527780728,,0.18058509615241541,0.07823470717757598,3.2043821647206254,0.21063189697652465,0.4998394146899979,0.07021062931676024,2.661795481291866,1.1634905141507474,0.01804459954153877,0.0200438136070011,90,49838,0.011561109769376274,0.013563948841647177,39,49850,0.07795545048809929,0.07983332194626061,1597,49838,0.019559214591301527,0.021556741946993994,105,49850,0.030618434645348063,0.03260571451330378,249,49816,0.010904100837276998,0.012907261831764756,35,49850,0.07117344384596908,0.07307392780096095,1326,49816,0.04705929987762862,0.04901859897006762,580,49850,0.88913,0.9718184508656419,0.29293,0.39573976226697843,0.2985,False,/data/suehara/part/march/datasets/20250711_ilc_nnqq_sgv_10m_3cat_parquet,val50k_tail,150000,proxy
59,59,7200000,,lr_8_5e-6,7.563149999999999e-06,validation_total_reference_mistag_geomean_percent,0.40540015576645183,min,1.0036546425336146,1.0036546425336146,0.5617653866994544,0.2925585843959991,0.40540015576645183,,0.17070329674909407,0.07021203743899193,3.2413543718512687,0.18856947197900692,0.5074105901365717,0.06619992166234856,2.6774432778089463,1.1073441726426885,0.01752573321912136,0.019527110735033167,85,49794,0.010904319520453664,0.012907520642204438,35,49849,0.07842902115963238,0.08030706697226206,1614,49794,0.018457364503495572,0.020455817082038027,94,49849,0.03084216226553662,0.03282734494567483,253,49861,0.010561782746370868,0.012565144835688023,33,49849,0.07134779555719,0.07324593669503603,1335,49861,0.045899012082291704,0.04786060308813213,552,49849,0.88942,0.9719212362520516,0.29183,0.39573976226697843,0.29967,False,/data/suehara/part/march/datasets/20250711_ilc_nnqq_sgv_10m_3cat_parquet,val50k_tail,150000,proxy
60,60,7320000,,lr_11_25e-6,9.453937499999999e-06,validation_total_reference_mistag_geomean_percent,0.41589569161275247,min,1.0071146033506397,1.0071146033506397,0.5604332366287881,0.30863484710957395,0.41589569161275247,,0.1885997527390937,0.07405628187021401,3.182119224591504,0.20415516315746943,0.5130681437417524,0.06204715780920514,2.6739903275124046,1.1588807753834738,0.018460324708014213,0.02045909683805738,94,49841,0.011211843153366798,0.013210359804377549,37,49962,0.07768723277665063,0.07956588455070301,1586,49841,0.019221451459117373,0.0212147603013438,102,49962,0.03106651291162584,0.03305785860606364,255,49701,0.010185676908781492,0.0121846742806031,31,49962,0.07141555140163687,0.07331994195079079,1329,49701,0.04691351315772672,0.048868604695489516,579,49962,0.88919,0.9718805698951435,0.29242,0.39573976226697843,0.29965,False,/data/suehara/part/march/datasets/20250711_ilc_nnqq_sgv_10m_3cat_parquet,val50k_tail,150000,proxy
60,60,7320000,,lr_14e-6,1.1344724999999998e-05,validation_total_reference_mistag_geomean_percent,0.42769709560204533,min,1.0221553577692375,1.0221553577692375,0.578322165548358,0.316302601704671,0.42769709560204533,,0.18853165097065494,0.08034548558802852,3.257185230541678,0.20287234501622056,0.5214601010137981,0.06829366542906629,2.6915362159800105,1.1670181676144444,0.018453665582625452,0.02045171886544616,94,49859,0.011735345026213503,0.013740714186797287,40,49785,0.07856572590247066,0.08044068838692978,1624,49859,0.019190430742808788,0.021190877762006493,101,49785,0.03127776072615364,0.03326241967450006,260,49860,0.010748099366036566,0.012753952671674711,34,49785,0.07153352354683541,0.07343113746145179,1342,49860,0.04716138302113017,0.04912309843597869,581,49785,0.88915,0.9718091748590272,0.29295,0.39573976226697843,0.30066,False,/data/suehara/part/march/datasets/20250711_ilc_nnqq_sgv_10m_3cat_parquet,val50k_tail,150000,proxy
60,60,7320000,,lr_3e-6,3.7815749999999994e-06,validation_total_reference_mistag_geomean_percent,0.4214717141951244,min,1.0209216468360076,1.0209216468360076,0.5795778738589624,0.3064961826161847,0.4214717141951244,,0.18072289821111465,0.07406369369165744,3.261044264635414,0.20217387508544482,0.5146038957123042,0.07006024993344191,2.709711003714813,1.1549932937038714,0.018058357885196073,0.020059091890876055,90,49800,0.01121296497875111,0.013211681352714142,37,49957,0.07865729412729894,0.08053432293488594,1624,49800,0.019124416420131587,0.021118004078983857,101,49957,0.031100256061667754,0.03308969869671979,256,49747,0.010880752309209464,0.012879628955519692,35,49957,0.07185176301801842,0.073752956588077,1348,49747,0.04683631341566956,0.048791756255885804,577,49957,0.88907,0.9717308592962642,0.29324,0.39573976226697843,0.29921,False,/data/suehara/part/march/datasets/20250711_ilc_nnqq_sgv_10m_3cat_parquet,val50k_tail,150000,proxy
60,60,7320000,,lr_5_75e-6,5.672362499999999e-06,validation_total_reference_mistag_geomean_percent,0.4155034939897322,min,1.0081177933471404,1.0081177933471404,0.5604332366287881,0.3080530243998151,0.4155034939897322,,0.18659336256523051,0.07405628187021401,3.1921511347373723,0.20415516315746943,0.5130681437417524,0.06204715780920514,2.6739903275124046,1.1588807753834738,0.018356969162307193,0.02035582180197231,93,49841,0.011211843153366798,0.013210359804377549,37,49962,0.0778071754873988,0.07968542471334106,1591,49841,0.019221451459117373,0.0212147603013438,102,49962,0.03106651291162584,0.03305785860606364,255,49701,0.010185676908781492,0.0121846742806031,31,49962,0.07141555140163687,0.07331994195079079,1329,49701,0.04691351315772672,0.048868604695489516,579,49962,0.88914,0.9718639987336583,0.29251,0.39573976226697843,0.29967,False,/data/suehara/part/march/datasets/20250711_ilc_nnqq_sgv_10m_3cat_parquet,val50k_tail,150000,proxy
60,60,7320000,,lr_8_5e-6,7.563149999999999e-06,validation_total_reference_mistag_geomean_percent,0.41996679561035954,min,1.0127277138721622,1.0127277138721622,0.5754931929669485,0.30647123470904863,0.41996679561035954,,0.1922884401715245,0.07619200683347062,3.1947922779926543,0.18847495873659198,0.5271099357520421,0.0661667384038389,2.6858466015040676,1.170950751583109,0.018634016094622435,0.020629277544261925,96,49925,0.011394645026870315,0.013396602239748503,38,49874,0.07777399011042081,0.07964897339815535,1595,49925,0.018448119980269698,0.020445574618589788,94,49874,0.0314986315434443,0.03348925199374428,262,49705,0.010556489858803,0.012558849087266743,33,49874,0.07156875594252696,0.07347251619302733,1335,49705,0.047200202167232454,0.049158259278169435,584,49874,0.88918,0.9718439435721186,0.29243,0.39573976226697843,0.29956,False,/data/suehara/part/march/datasets/20250711_ilc_nnqq_sgv_10m_3cat_parquet,val50k_tail,150000,proxy
61,61,7440000,,lr_11_25e-6,9.453937499999999e-06,validation_total_reference_mistag_geomean_percent,0.42372869331950686,min,1.0025420103116722,1.0025420103116722,0.5664693995551993,0.31695623043934773,0.42372869331950686,,0.18274926775924347,0.08028259630702017,3.2031327514165464,0.21475593762351924,0.49714341285736546,0.0702472709081029,2.6661321058776157,1.1058927397439653,0.01816532547662612,0.020166178988072235,91,49795,0.01172616202555198,0.013729964028773918,40,49824,0.0779737991544377,0.07985334237699954,1595,49795,0.01976358231520444,0.02176198649218742,107,49824,0.03051306698110979,0.032497706221381976,248,49885,0.010909789452017869,0.01291399427809346,35,49824,0.07118201097897695,0.07307969240848214,1330,49885,0.045879872096414934,0.04784250560399342,551,49824,0.88923,0.9718937051795767,0.29232,0.39573976226697843,0.29849,False,/data/suehara/part/march/datasets/20250711_ilc_nnqq_sgv_10m_3cat_parquet,val50k_tail,150000,proxy
61,61,7440000,,lr_14e-6,1.1344724999999998e-05,validation_total_reference_mistag_geomean_percent,0.3987065777888094,min,1.0009144069039078,1.0009144069039078,0.5288747596443052,0.30057576443802536,0.3987065777888094,,0.18272725559253697,0.07404739231966201,3.2067628954055754,0.18812039889240442,0.5026641136663954,0.052033300295913985,2.6882477965913285,1.1127121024674462,0.018163138636706315,0.020163751975348476,91,49801,0.011210497259171618,0.01320877429532082,37,49968,0.07801244388833048,0.07989161488883637,1597,49801,0.01841344328647118,0.02040715457158576,94,49968,0.030731360459583263,0.03272176322137227,250,49735,0.009251086241418804,0.01125024438741679,26,49968,0.07157899940312823,0.07348151477578127,1337,49735,0.04595760547490106,0.04791431014636652,556,49968,0.88941,0.9718712695371202,0.29214,0.39573976226697843,0.2995,False,/data/suehara/part/march/datasets/20250711_ilc_nnqq_sgv_10m_3cat_parquet,val50k_tail,150000,proxy
61,61,7440000,,lr_3e-6,3.7815749999999994e-06,validation_total_reference_mistag_geomean_percent,0.4210653040813899,min,1.0145572668695468,1.0145572668695468,0.5674315860439176,0.31245350921904996,0.4210653040813899,,0.1822734000875544,0.07825824954866809,3.2328492128975816,0.20668204671740872,0.5045834511010392,0.06621852225510605,2.693792297951448,1.1518009543975682,0.01811806153593329,0.020113724180242237,91,49925,0.011564588517103092,0.01356802947335029,39,49835,0.07822654065104129,0.08009999939903173,1614,49925,0.01936910439893553,0.02136739149859175,103,49835,0.030788847539829373,0.03277881302511014,251,49744,0.010564749082406646,0.012568673212709252,33,49835,0.07164538959470376,0.07354733784211975,1340,49744,0.04682696582492454,0.04878732376123133,574,49835,0.88886,0.9717316040983887,0.29316,0.39573976226697843,0.29894,False,/data/suehara/part/march/datasets/20250711_ilc_nnqq_sgv_10m_3cat_parquet,val50k_tail,150000,proxy
61,61,7440000,,lr_5_75e-6,5.672362499999999e-06,validation_total_reference_mistag_geomean_percent,0.4090133834832949,min,1.0109455747104152,1.0109455747104152,0.5610490437864708,0.29817704837248127,0.4090133834832949,,0.17831384150311255,0.07026701637773873,3.2397019702572116,0.19474002254534148,0.5082158170851121,0.06424412768520378,2.713832424905922,1.1182493773236786,0.0179123714400313,0.019908712520217017,89,49912,0.01091285501142119,0.012917622351379996,35,49810,0.07831779141301912,0.08019146352748543,1617,49912,0.01877879726806971,0.020778566796404933,97,49810,0.030890992569095402,0.0328792931608245,253,49782,0.010394773156357184,0.012399782325910687,32,49810,0.07188068220984334,0.07378037357802722,1351,49782,0.0461444790751676,0.04810716806565082,557,49810,0.88901,0.9717978094767883,0.29278,0.39573976226697843,0.29723,False,/data/suehara/part/march/datasets/20250711_ilc_nnqq_sgv_10m_3cat_parquet,val50k_tail,150000,proxy
61,61,7440000,,lr_8_5e-6,7.563149999999999e-06,validation_total_reference_mistag_geomean_percent,0.4247421561623513,min,1.0050494469651072,1.0050494469651072,0.567771247265834,0.317743985963023,0.4247421561623513,,0.18274926775924347,0.08028259630702017,3.205141058778363,0.21676300100066342,0.49714341285736546,0.0702472709081029,2.6761550606775772,1.1119139074325224,0.01816532547662612,0.020166178988072235,91,49795,0.01172616202555198,0.013729964028773918,40,49824,0.07799775066635456,0.07987721323047953,1596,49795,0.01985998442902829,0.021858308041440525,108,49824,0.03051306698110979,0.032497706221381976,248,49885,0.010909789452017869,0.01291399427809346,35,49824,0.07131392265956431,0.07321120225075688,1335,49885,0.04600590289620676,0.04796829471007298,554,49824,0.88925,0.9718846390306215,0.29237,0.39573976226697843,0.2985,False,/data/suehara/part/march/datasets/20250711_ilc_nnqq_sgv_10m_3cat_parquet,val50k_tail,150000,proxy
62,62,7560000,,lr_11_25e-6,9.453937499999999e-06,validation_total_reference_mistag_geomean_percent,0.4129937277633923,min,1.018638792861233,1.018638792861233,0.5508966789235994,0.3096112677701539,0.4129937277633923,,0.18426904269960445,0.07831796865828088,3.3028221096967734,0.19278269775287668,0.5042185681626782,0.06024459216168731,2.705905936159596,1.1205494275983685,0.01822163863672867,0.02021714139939536,92,49927,0.011573410721472239,0.013578378070724744,39,49797,0.07904944287206589,0.08092002362353468,1649,49927,0.018681873995582823,0.020682244183230877,96,49797,0.03076663290066759,0.03275517396807582,251,49780,0.010038473766188527,0.012044166983062814,30,49797,0.07177849193217567,0.07367857807000569,1347,49780,0.046198299149953145,0.04816140813301735,558,49797,0.88902,0.9717895385110799,0.29275,0.39573976226697843,0.2968,False,/data/suehara/part/march/datasets/20250711_ilc_nnqq_sgv_10m_3cat_parquet,val50k_tail,150000,proxy
62,62,7560000,,lr_14e-6,1.1344724999999998e-05,validation_total_reference_mistag_geomean_percent,0.4121238413678095,min,1.0018747246795459,1.0018747246795459,0.5511992122914309,0.308139157016716,0.4121238413678095,,0.18254764717541944,0.07832583873998661,3.203610905920388,0.19681876534305526,0.48935059869211317,0.06225899529242348,2.6653562757486275,1.1367287705243538,0.018145299132855647,0.020143953216307194,91,49850,0.011574572540000688,0.013579740903606988,39,49792,0.07793698401436996,0.07981443438316929,1597,49850,0.0188868868695625,0.02088729581194125,98,49792,0.030273241431541618,0.03225910868350493,244,49862,0.01022044463429709,0.012226258343154585,31,49792,0.0711879872788871,0.07308657515432103,1329,49862,0.04653626176847527,0.048498918013659305,566,49792,0.88935,0.9718963777705749,0.29216,0.39573976226697843,0.29769,False,/data/suehara/part/march/datasets/20250711_ilc_nnqq_sgv_10m_3cat_parquet,val50k_tail,150000,proxy
62,62,7560000,,lr_3e-6,3.7815749999999994e-06,validation_total_reference_mistag_geomean_percent,0.4070462260365678,min,0.9968662787339677,0.9968662787339677,0.5537021517050451,0.29923421756698043,0.4070462260365678,,0.19476738587789044,0.07021485987112762,3.1765154227806747,0.1845647582470899,0.4994584043654445,0.06219030110673228,2.6417138328098995,1.1455052648128823,0.01878143449010022,0.020781483988795514,97,49803,0.010904756913122362,0.012908038294222367,35,49847,0.07764939587743408,0.07952970607457005,1582,49803,0.01825085965157403,0.02024955308889591,92,49847,0.030595149728600887,0.03258093015509446,249,49854,0.010209170307973203,0.012212773650040101,31,49847,0.07088125299684611,0.07278109398353508,1317,49854,0.04669207421306252,0.048652212824599854,571,49847,0.88909,0.9718888801947174,0.29223,0.39573976226697843,0.29902,False,/data/suehara/part/march/datasets/20250711_ilc_nnqq_sgv_10m_3cat_parquet,val50k_tail,150000,proxy
62,62,7560000,,lr_5_75e-6,5.672362499999999e-06,validation_total_reference_mistag_geomean_percent,0.4107856525358116,min,1.0079234740549898,1.0079234740549898,0.5621097967209996,0.300199095112068,0.4107856525358116,,0.18675824325511958,0.0721312803390311,3.2009960130416557,0.18834277327146592,0.5040363051345469,0.06411669238013185,2.704927869174869,1.1420786158430993,0.018373176175825904,0.020373788319347847,93,49797,0.011058629036778502,0.013059345074489293,36,49909,0.07794675852485812,0.07982631207946247,1594,49797,0.01843519319429253,0.020431252389489243,94,49909,0.030755537597807435,0.032743367220624056,251,49798,0.010374159034503628,0.01237519623376711,32,49909,0.07175289309724678,0.07365233172417704,1347,49798,0.04659313473039089,0.04855097570081717,570,49909,0.88929,0.9718026467191949,0.29265,0.39573976226697843,0.2982,False,/data/suehara/part/march/datasets/20250711_ilc_nnqq_sgv_10m_3cat_parquet,val50k_tail,150000,proxy
62,62,7560000,,lr_8_5e-6,7.563149999999999e-06,validation_total_reference_mistag_geomean_percent,0.4106352823658984,min,1.0099340376648367,1.0099340376648367,0.5624638878543332,0.2997905088039904,0.4106352823658984,,0.18678074762915906,0.0721312803390311,3.2174489262017043,0.1863391477122161,0.5039755671513069,0.06411669238013185,2.702594034177076,1.1460859057280686,0.018375388440670395,0.020376240756564218,93,49791,0.011058629036778502,0.013059345074489293,36,49909,0.07814746342855658,0.08002658260687565,1602,49791,0.018331978122715083,0.020328117608299955,93,49909,0.030751840941635987,0.03273943352935654,251,49804,0.010374159034503628,0.01237519623376711,32,49909,0.07171809003550592,0.07361739355245672,1346,49804,0.046675599277818704,0.04863327966746853,572,49909,0.88931,0.9718160098824712,0.29259,0.39573976226697843,0.29818,False,/data/suehara/part/march/datasets/20250711_ilc_nnqq_sgv_10m_3cat_parquet,val50k_tail,150000,proxy
63,63,7680000,,lr_11_25e-6,9.453937499999999e-06,validation_total_reference_mistag_geomean_percent,0.4119430097935023,min,1.002232511088291,1.002232511088291,0.5700172800241144,0.2977050859064317,0.4119430097935023,,0.1925120745984289,0.068163591955032,3.2105400713720065,0.18644746344280066,0.5124907098546858,0.068163591955032,2.630785602775299,1.1487569827530448,0.018655671290361966,0.020653244400086077,96,49867,0.010727634227966144,0.012729672535433036,34,49880,0.078006397385013,0.07988292982920517,1601,49867,0.018342627739537706,0.02033992340426229,93,49880,0.03103163043916132,0.03302075818927891,255,49757,0.010727634227966144,0.012729672535433036,34,49880,0.07080435629809728,0.07270834015524127,1309,49757,0.04674378835792074,0.04870249981050456,573,49880,0.88938,0.9719103485516777,0.29215,0.39573976226697843,0.29974,False,/data/suehara/part/march/datasets/20250711_ilc_nnqq_sgv_10m_3cat_parquet,val50k_tail,150000,proxy
63,63,7680000,,lr_14e-6,1.1344724999999998e-05,validation_total_reference_mistag_geomean_percent,0.4072101642234729,min,0.9944224202944539,0.9944224202944539,0.5578105668844376,0.2972695888015706,0.4072101642234729,,0.18276027583148172,0.07011077279582198,3.1691838267220116,0.19230383254355035,0.4860315975418679,0.06610444534642296,2.653090037603592,1.1357945739708832,0.018166419094069186,0.020167392713542755,91,49792,0.010888596719203834,0.012888912781259663,35,49921,0.07756995106058401,0.07945097113149224,1578,49792,0.018635507942242006,0.020630928644935556,96,49921,0.030188407537471134,0.032177239815261216,242,49791,0.010546553578111122,0.012547030143752611,33,49921,0.07107607426159665,0.07297786210238022,1321,49791,0.046458046982870115,0.048415669091143,567,49921,0.88946,0.9719181780569507,0.29187,0.39573976226697843,0.29899,False,/data/suehara/part/march/datasets/20250711_ilc_nnqq_sgv_10m_3cat_parquet,val50k_tail,150000,proxy
63,63,7680000,,lr_3e-6,3.7815749999999994e-06,validation_total_reference_mistag_geomean_percent,0.41215944127345294,min,1.00398886705577,1.00398886705577,0.5658556879946175,0.3002097683826071,0.41215944127345294,,0.19451742013673207,0.068163591955032,3.216556115341974,0.19045710402440605,0.5124907098546858,0.06615878172221516,2.6368150046103827,1.1467522088007318,0.018757350283452285,0.020754842967484984,97,49867,0.010727634227966144,0.012729672535433036,34,49880,0.07807798051682122,0.07995427168394006,1604,49867,0.01854862827667008,0.02054576317384411,95,49880,0.03103163043916132,0.03302075818927891,255,49757,0.010555220355062445,0.012557339046304626,33,49880,0.07088441703781874,0.07278815854991592,1312,49757,0.046702588437471174,0.04866138027382998,572,49880,0.88936,0.9718805170863153,0.29232,0.39573976226697843,0.29978,False,/data/suehara/part/march/datasets/20250711_ilc_nnqq_sgv_10m_3cat_parquet,val50k_tail,150000,proxy
63,63,7680000,,lr_5_75e-6,5.672362499999999e-06,validation_total_reference_mistag_geomean_percent,0.40776737745131003,min,1.0093393356865579,1.0093393356865579,0.5663237315573376,0.2936028014511779,0.40776737745131003,,0.17868974306260302,0.06815129787790901,3.2385006813175683,0.18841827891908353,0.5280276183195676,0.06414239611938503,2.672261605668933,1.136523064207414,0.01795010438763393,0.019950638850274205,89,49807,0.01072569946603141,0.012727377105002083,34,49889,0.07838508244701267,0.08026275267619745,1613,49807,0.0184425777099817,0.020439434062413078,94,49889,0.03149512922752361,0.03348159642718295,263,49808,0.010378316910682422,0.012380155259204405,32,49889,0.0713170480242959,0.07321741697432112,1331,49808,0.046487685478247,0.04844653402179336,567,49889,0.88933,0.9719980661181008,0.29175,0.39573976226697843,0.3,False,/data/suehara/part/march/datasets/20250711_ilc_nnqq_sgv_10m_3cat_parquet,val50k_tail,150000,proxy
63,63,7680000,,lr_8_5e-6,7.563149999999999e-06,validation_total_reference_mistag_geomean_percent,0.4093023483421233,min,0.9883463141412507,0.9883463141412507,0.5628581889127725,0.2976387581425756,0.4093023483421233,,0.17655792649612476,0.07221085357689218,3.09979547858201,0.19857985827671615,0.4999196753817479,0.06619328341795225,2.6481690292801363,1.1453444081184254,0.017831269160781822,0.01983048437964761,88,49842,0.011070825730847514,0.013073745764717776,36,49854,0.07669424071718584,0.07857615812370926,1545,49842,0.01896408295554706,0.020961933528080515,99,49854,0.03062334125001412,0.03261093707841393,249,49808,0.010560723744294266,0.012563885181085315,33,49854,0.0709990190474026,0.07290035539349107,1319,49808,0.04668555384404766,0.04864542369037526,571,49854,0.88968,0.9720709043815342,0.29127,0.39573976226697843,0.29999,False,/data/suehara/part/march/datasets/20250711_ilc_nnqq_sgv_10m_3cat_parquet,val50k_tail,150000,proxy
64,64,7800000,,lr_11_25e-6,9.453937499999999e-06,validation_total_reference_mistag_geomean_percent,0.41258958957451963,min,0.9943711738905835,0.9943711738905835,0.5528233382075095,0.3079286955887749,0.41258958957451963,,0.18642879396363957,0.07429569414189516,3.169289384686789,0.2048151691234632,0.4978120455687618,0.062247745418879,2.601469300619931,1.158611257601309,0.018340790716033124,0.02033788694398443,93,49885,0.011248079051369191,0.01325304689615964,37,49801,0.0774997436516385,0.07937725279787075,1581,49885,0.019283536947628088,0.02128326325724003,102,49801,0.03055401057717958,0.0325412920546957,248,49818,0.010218598040858253,0.012224049719665172,31,49801,0.07037110864446319,0.07227393811320287,1296,49818,0.046982218911358585,0.04894364169466623,577,49801,0.88908,0.9718995391506828,0.29211,0.39573976226697843,0.29721,False,/data/suehara/part/march/datasets/20250711_ilc_nnqq_sgv_10m_3cat_parquet,val50k_tail,150000,proxy
64,64,7800000,,lr_14e-6,1.1344724999999998e-05,validation_total_reference_mistag_geomean_percent,0.4140659767613528,min,0.9958710653611945,0.9958710653611945,0.5538773276962966,0.3095462199625247,0.4140659767613528,,0.1904074794438019,0.07429569414189516,3.168781200108912,0.2048151691234632,0.4998996173253784,0.062247745418879,2.6059023074915815,1.1606193098356448,0.018543799238349104,0.02054041576650919,95,49893,0.011248079051369191,0.01325304689615964,37,49801,0.07748751292209095,0.0793647413987908,1581,49893,0.019283536947628088,0.02128326325724003,102,49801,0.030622114451426662,0.032609631280297674,249,49810,0.010218598040858253,0.012224049719665172,31,49801,0.0704358849549648,0.07233884203556029,1298,49810,0.04702329797300203,0.04898464011730691,578,49801,0.88904,0.971892235081686,0.29219,0.39573976226697843,0.29719,False,/data/suehara/part/march/datasets/20250711_ilc_nnqq_sgv_10m_3cat_parquet,val50k_tail,150000,proxy
64,64,7800000,,lr_3e-6,3.7815749999999994e-06,validation_total_reference_mistag_geomean_percent,0.4061555820554421,min,0.9980742735178822,0.9980742735178822,0.5417160038925787,0.3045181527764255,0.4061555820554421,,0.1807156423264183,0.07433002713517813,3.1866190784084263,0.20089196079639488,0.49475201702642685,0.05825866748801526,2.6700585623501207,1.1189682326120778,0.0180576332388086,0.020058287190019952,90,49802,0.011253274737366701,0.013259167582730703,37,49778,0.07777112909958042,0.07965107131144497,1587,49802,0.019093320517109443,0.021094128409581987,100,49778,0.030426091233443347,0.03240927592956461,247,49924,0.009858268204833383,0.011864806758501078,29,49778,0.07120625472760225,0.0731022964506313,1333,49924,0.046173985760777046,0.0481379075664019,557,49778,0.88944,0.97197519716639,0.29173,0.39573976226697843,0.29828,False,/data/suehara/part/march/datasets/20250711_ilc_nnqq_sgv_10m_3cat_parquet,val50k_tail,150000,proxy
64,64,7800000,,lr_5_75e-6,5.672362499999999e-06,validation_total_reference_mistag_geomean_percent,0.4075069137011688,min,0.9917490004807424,0.9917490004807424,0.5511969396628998,0.3012750484714442,0.4075069137011688,,0.18288149303807974,0.07418100037316883,3.1552081383725543,0.19246962588716468,0.4953175501250538,0.06215164880919505,2.63300388978354,1.1387786574571834,0.018178457582529905,0.020180753342627325,91,49759,0.011230719661755175,0.013232596964762713,37,49878,0.07742740234109452,0.07931023159740286,1570,49759,0.018651560403641153,0.020648694683563125,96,49878,0.030460790840619676,0.03244621967094492,247,49867,0.010202826641768716,0.012205186286106978,31,49878,0.07075669091437947,0.07265638595769022,1313,49867,0.046539271228767005,0.04849846132400446,568,49878,0.88943,0.9719872903993682,0.29162,0.39573976226697843,0.29916,False,/data/suehara/part/march/datasets/20250711_ilc_nnqq_sgv_10m_3cat_parquet,val50k_tail,150000,proxy
64,64,7800000,,lr_8_5e-6,7.563149999999999e-06,validation_total_reference_mistag_geomean_percent,0.40816240020114425,min,0.9961015787486355,0.9961015787486355,0.545971628564265,0.3051377328453055,0.40816240020114425,,0.18470187343209427,0.07431807810837267,3.1760689870331276,0.1988510839744705,0.49290694155213943,0.06025790412387825,2.654884912687582,1.12682284907742,0.018264406090893484,0.020264578668553225,92,49810,0.011251466997906006,0.01325703800714984,37,49786,0.07763865586688061,0.07951871974584482,1582,49810,0.01898996280136618,0.020990531179350964,99,49786,0.030372480169304095,0.03235637457917841,246,49908,0.010040691216712368,0.012046827039162846,30,49786,0.07101751572712346,0.07291477333643652,1325,49908,0.046333760150438046,0.04829705085678312,561,49786,0.88945,0.9719747364471014,0.29167,0.39573976226697843,0.29825,False,/data/suehara/part/march/datasets/20250711_ilc_nnqq_sgv_10m_3cat_parquet,val50k_tail,150000,proxy
65,65,7920000,,lr_11_25e-6,9.453937499999999e-06,validation_total_reference_mistag_geomean_percent,0.4131213031144301,min,0.9950967154820556,0.9950967154820556,0.5520718951738043,0.3091430891138453,0.4131213031144301,,0.19072859277012444,0.07614619921526285,3.1701097579638664,0.19838089034079764,0.526199493327441,0.06011542131539323,2.6169388651519387,1.1221545037716212,0.01857504669694149,0.0205750174424469,95,49809,0.01138779712810225,0.013388552715690453,38,49904,0.07756798000491949,0.07944832090756859,1579,49809,0.01894509861421357,0.020940955506656717,99,49904,0.031444357594381626,0.03343157644423826,262,49791,0.01001695501108373,0.012018353050494233,30,49904,0.0705963187563944,0.07249955868231829,1303,49791,0.046183152942436655,0.04814198854862003,560,49904,0.88951,0.9719670998728035,0.29176,0.39573976226697843,0.29923,False,/data/suehara/part/march/datasets/20250711_ilc_nnqq_sgv_10m_3cat_parquet,val50k_tail,150000,proxy
65,65,7920000,,lr_14e-6,1.1344724999999998e-05,validation_total_reference_mistag_geomean_percent,0.41319362238538826,min,0.9955987413032313,0.9955987413032313,0.55217778929068,0.30919202635671916,0.41319362238538826,,0.19072859277012444,0.07614619921526285,3.172117543712,0.19838089034079764,0.526199493327441,0.06011542131539323,2.618947285973211,1.1221545037716212,0.01857504669694149,0.0205750174424469,95,49809,0.01138779712810225,0.013388552715690453,38,49904,0.07759205837717664,0.07947231866672483,1580,49809,0.01894509861421357,0.020940955506656717,99,49904,0.031444357594381626,0.03343157644423826,262,49791,0.01001695501108373,0.012018353050494233,30,49904,0.07062306556876244,0.07252622482328969,1304,49791,0.046183152942436655,0.04814198854862003,560,49904,0.88953,0.9719742733704401,0.29173,0.39573976226697843,0.29921,False,/data/suehara/part/march/datasets/20250711_ilc_nnqq_sgv_10m_3cat_parquet,val50k_tail,150000,proxy
65,65,7920000,,lr_3e-6,3.7815749999999994e-06,validation_total_reference_mistag_geomean_percent,0.41282742587159915,min,0.9959986311262781,0.9959986311262781,0.5547645962066136,0.30720504645955804,0.41282742587159915,,0.1807083670929887,0.07828181357327525,3.1684202256561496,0.1987153725516023,0.5072173367777304,0.06222400535588265,2.6323175257114975,1.140104402291099,0.018056908650576003,0.020057482553724797,90,49804,0.011568069358975946,0.013572112561058117,39,49820,0.07755155548755006,0.07943215300959816,1578,49804,0.018977014055081093,0.020976222606681853,99,49820,0.03083044128838787,0.032814875549065474,253,49880,0.010214701867383779,0.012219389689530156,31,49820,0.0707384891014972,0.07263771656036387,1313,49880,0.04659315850593388,0.04855457620627102,568,49820,0.88952,0.9718809758261243,0.29211,0.39573976226697843,0.29927,False,/data/suehara/part/march/datasets/20250711_ilc_nnqq_sgv_10m_3cat_parquet,val50k_tail,150000,proxy
65,65,7920000,,lr_5_75e-6,5.672362499999999e-06,validation_total_reference_mistag_geomean_percent,0.40377649319715014,min,0.9808472246776818,0.9808472246776818,0.5451545003580728,0.29906284613169654,0.40377649319715014,,0.17859651956980302,0.07621492422560026,3.084301422976177,0.19053730613230319,0.49787198773431096,0.06016967819872314,2.6439412621111975,1.1151446964733396,0.01794074619034861,0.019940240651465484,89,49833,0.011398072065601648,0.013400630632545403,38,49859,0.07651271037135317,0.07839558946726201,1537,49833,0.018556434346040925,0.02055440717735938,95,49859,0.030557682529037174,0.032545200968050414,248,49812,0.010025993703721389,0.01202919588268273,30,49859,0.07094023924828219,0.07284159266128798,1317,49812,0.04605754485390492,0.048018429542710274,556,49859,0.88991,0.972176162946884,0.2906,0.39573976226697843,0.29838,False,/data/suehara/part/march/datasets/20250711_ilc_nnqq_sgv_10m_3cat_parquet,val50k_tail,150000,proxy
65,65,7920000,,lr_8_5e-6,7.563149999999999e-06,validation_total_reference_mistag_geomean_percent,0.40341069022467346,min,0.9798438169722996,0.9798438169722996,0.544255718775262,0.29901419383109373,0.40341069022467346,,0.17859651956980302,0.07621492422560026,3.082294864848594,0.19053730613230319,0.4958644544344708,0.06016967819872314,2.641933744247502,1.1131390441214,0.01794074619034861,0.019940240651465484,89,49833,0.011398072065601648,0.013400630632545403,38,49859,0.07648827516754421,0.07837123479892683,1536,49833,0.018556434346040925,0.02055440717735938,95,49859,0.030494348029580162,0.03248194707198542,247,49812,0.010025993703721389,0.01202919588268273,30,49859,0.07091364643831075,0.07281508045470855,1316,49812,0.04601568086715132,0.04797664600745873,555,49859,0.88997,0.9721832452394815,0.29057,0.39573976226697843,0.29836,False,/data/suehara/part/march/datasets/20250711_ilc_nnqq_sgv_10m_3cat_parquet,val50k_tail,150000,proxy
66,66,8040000,,lr_11_25e-6,9.453937499999999e-06,validation_total_reference_mistag_geomean_percent,0.41733199573872,min,1.0079022136339266,1.0079022136339266,0.5681645276081755,0.30654147910369633,0.41733199573872,,0.19047619047619047,0.07421224902521685,3.2441103168781873,0.19255069498766472,0.512336260697353,0.06819503914388587,2.6601302646339686,1.1212066932289455,0.01855048626886466,0.02054782061041262,95,49875,0.011235448724566877,0.013238167957306816,37,49857,0.07839868916142481,0.08027357446595204,1618,49875,0.018659410032918225,0.02065738224620447,96,49857,0.031022300216978875,0.033010834713460314,255,49772,0.01073258179222909,0.01273554239883955,34,49857,0.07118249555873764,0.07308472647937041,1324,49772,0.04618474677625349,0.04814546695552195,559,49857,0.88918,0.9718138840254497,0.29273,0.39573976226697843,0.29788,False,/data/suehara/part/march/datasets/20250711_ilc_nnqq_sgv_10m_3cat_parquet,val50k_tail,150000,proxy
66,66,8040000,,lr_14e-6,1.1344724999999998e-05,validation_total_reference_mistag_geomean_percent,0.4206678635814773,min,1.006568827624399,1.006568827624399,0.5676158603093566,0.31176269696508924,0.4206678635814773,,0.18271625149758963,0.07808745967062,3.2105854869028936,0.20623097226939852,0.5125010097761976,0.06807624606039474,2.687113042765181,1.1072401520529163,0.018162045414182044,0.02016253868804248,91,49804,0.011539357179987643,0.013538432664702702,39,49944,0.07805567320568682,0.0799345775126796,1599,49804,0.01932687004263,0.021320814141991516,103,49944,0.03103225265352373,0.03302141996646864,255,49756,0.01071389106800303,0.01271336744219884,34,49944,0.07154918917027485,0.07345094718977062,1337,49756,0.04585407473510529,0.04781193878119934,553,49944,0.88972,0.9720188881800036,0.29159,0.39573976226697843,0.29825,False,/data/suehara/part/march/datasets/20250711_ilc_nnqq_sgv_10m_3cat_parquet,val50k_tail,150000,proxy
66,66,8040000,,lr_3e-6,3.7815749999999994e-06,validation_total_reference_mistag_geomean_percent,0.41752660401720504,min,1.012162583915749,1.012162583915749,0.5669505893052944,0.3074844057852573,0.41752660401720504,,0.19047619047619047,0.07421224902521685,3.284210615991822,0.19255069498766472,0.5103270840276718,0.06819503914388587,2.6621393183264384,1.1151894793471029,0.01855048626886466,0.02054782061041262,95,49875,0.011235448724566877,0.013238167957306816,37,49857,0.0788717032317636,0.08074498053843096,1638,49875,0.018659410032918225,0.02065738224620447,96,49857,0.03095980485799104,0.03294842008747141,254,49772,0.01073258179222909,0.01273554239883955,34,49857,0.07120902170779965,0.07311117189543366,1325,49772,0.046059382664799184,0.04802034421793819,556,49857,0.88916,0.971786012240797,0.29286,0.39573976226697843,0.29792,False,/data/suehara/part/march/datasets/20250711_ilc_nnqq_sgv_10m_3cat_parquet,val50k_tail,150000,proxy
66,66,8040000,,lr_5_75e-6,5.672362499999999e-06,validation_total_reference_mistag_geomean_percent,0.4246009084056653,min,1.0047651053021294,1.0047651053021294,0.5693781466134896,0.3166365489986033,0.4246009084056653,,0.19260092240136578,0.07827867188078556,3.1939651136460485,0.20874313166424616,0.5056382803730934,0.0682429465558263,2.634536015077348,1.1561157608183203,0.01866427263914972,0.02066276392554338,96,49844,0.011567605125663174,0.01357156800738153,39,49822,0.07782652906239591,0.0797045924520498,1592,49844,0.01947241181096456,0.02147113757514866,104,49822,0.03079369945337522,0.03277986938985088,252,49838,0.010740119456790001,0.012744485193703307,34,49822,0.07079732872352779,0.07269806766707354,1313,49838,0.04692142600470628,0.04888212223848783,576,49822,0.88929,0.971805657099209,0.29281,0.39573976226697843,0.29898,False,/data/suehara/part/march/datasets/20250711_ilc_nnqq_sgv_10m_3cat_parquet,val50k_tail,150000,proxy
66,66,8040000,,lr_8_5e-6,7.563149999999999e-06,validation_total_reference_mistag_geomean_percent,0.4215438637178133,min,1.0174274075935321,1.0174274075935321,0.5728842300445629,0.3101834885982456,0.4215438637178133,,0.1927555944005347,0.07824098375811922,3.2206248548366716,0.19058699841646679,0.5175111296558215,0.06620390738823323,2.715930480534367,1.1575653117580418,0.01867925041327378,0.020679340540692336,96,49804,0.011562037230782604,0.01356503677008386,39,49846,0.07817516286080933,0.0800536640213595,1604,49804,0.018561269968135986,0.02055976187304567,95,49846,0.03115783327991145,0.03314288949764262,258,49854,0.010562418249569175,0.01256590074969812,33,49846,0.07185681610800167,0.07375367979200083,1354,49854,0.0469400375833158,0.04889973163506901,577,49846,0.88919,0.9718088690969165,0.2925,0.39573976226697843,0.29884,False,/data/suehara/part/march/datasets/20250711_ilc_nnqq_sgv_10m_3cat_parquet,val50k_tail,150000,proxy
67,67,8160000,,lr_11_25e-6,1.2999164062499999e-05,validation_total_reference_mistag_geomean_percent,0.4152955814893595,min,0.9974657779191245,0.9974657779191245,0.566763259422632,0.30430769309267297,0.4152955814893595,,0.1845684799303182,0.07418546093558624,3.123620761477886,0.20050125313283207,0.5082056098653429,0.06616541304801006,2.67561204686812,1.1468671980949012,0.018251225507343927,0.02024995889266742,92,49846,0.011231394998408917,0.013233392533750183,37,49875,0.07697982326148184,0.07886063371138272,1557,49846,0.019056218709769694,0.02105315105185271,100,49875,0.0308903734977984,0.032878634561097665,253,49783,0.010556278253640222,0.012558597388553439,33,49875,0.07137883475681513,0.07328002340550761,1332,49783,0.046707244895606397,0.048666228488199355,572,49875,0.88919,0.9718373625511099,0.29234,0.39573976226697843,0.29774,False,/data/suehara/part/march/datasets/20250711_ilc_nnqq_sgv_10m_3cat_parquet,val50k_tail,150000,proxy
67,67,8160000,,lr_14e-6,1.4e-05,validation_total_reference_mistag_geomean_percent,0.40915675476152236,min,0.998016077450444,0.998016077450444,0.5674771918689715,0.29500612952499905,0.40915675476152236,,0.17064846416382254,0.0720821743827238,3.1379241082597225,0.19622369980839924,0.5065224738818552,0.0660753279710043,2.6773330762326637,1.1573192949033608,0.017520107675542455,0.019520844522256487,85,49810,0.01105110269461482,0.013050458686378483,36,49943,0.07718005391567362,0.07906164938207144,1563,49810,0.01882983155962999,0.02082421632276423,98,49943,0.030847423997397254,0.0328370315515877,252,49751,0.010541908977214971,0.012541505512299399,33,49943,0.0714241397341827,0.07332648202719831,1332,49751,0.04689033470739127,0.048846232539200875,578,49943,0.88919,0.9719881704662535,0.29178,0.39573976226697843,0.29801,False,/data/suehara/part/march/datasets/20250711_ilc_nnqq_sgv_10m_3cat_parquet,val50k_tail,150000,proxy
67,67,8160000,,lr_3e-6,3e-06,validation_total_reference_mistag_geomean_percent,0.402332886030034,min,0.9853350838840835,0.9853350838840835,0.5562296929192543,0.2910160195362936,0.402332886030034,,0.18239397209296526,0.06626639349036226,3.1107190962890163,0.19076687842675077,0.5038845457311977,0.06425831844012932,2.6479031440213494,1.116488322580898,0.018130035997648255,0.02012701377124466,91,49892,0.01057238446020007,0.012577755287875123,33,49799,0.07678868858168424,0.07866828214577633,1552,49892,0.01857877364844012,0.02057914445635701,95,49799,0.030746297623259963,0.03273353476429923,251,49813,0.010397068672443166,0.012402520145598183,32,49799,0.07099198549643006,0.07289314167108728,1319,49813,0.04611274305171553,0.048075936293365956,556,49799,0.88951,0.9719850862175766,0.29142,0.39573976226697843,0.29809,False,/data/suehara/part/march/datasets/20250711_ilc_nnqq_sgv_10m_3cat_parquet,val50k_tail,150000,proxy
67,67,8160000,,lr_5_75e-6,5.908710937499999e-06,validation_total_reference_mistag_geomean_percent,0.4126279748886067,min,0.9956253575881701,0.9956253575881701,0.5500911369367533,0.3095157042681974,0.4126279748886067,,0.18062859722005709,0.07832111350595593,3.1670211499999095,0.2048398413491424,0.5192149788957998,0.06024701127535466,2.6502015776415124,1.1045285908176286,0.018048942016237846,0.02004863581327621,90,49826,0.01157387542089378,0.013578923171051317,39,49795,0.07751785291216229,0.0793976762515608,1578,49826,0.019285858445397326,0.021285824714039087,102,49795,0.0312016284233301,0.033185462319448425,259,49883,0.010038876866157826,0.012044650542246188,30,49795,0.07097320063896677,0.07287159685934012,1322,49883,0.045864338673262846,0.047828169962236926,550,49795,0.88962,0.9720419441247431,0.29132,0.39573976226697843,0.29839,False,/data/suehara/part/march/datasets/20250711_ilc_nnqq_sgv_10m_3cat_parquet,val50k_tail,150000,proxy
67,67,8160000,,lr_8_5e-6,9.453937499999999e-06,validation_total_reference_mistag_geomean_percent,0.4101923665583515,min,1.0009867260989962,1.0009867260989962,0.5698527488669815,0.29526536095031947,0.4101923665583515,,0.1706347615211531,0.07017543859649122,3.1657766100090585,0.20050125313283207,0.49784203375641856,0.06817042706625588,2.671886009423723,1.1629072752860379,0.017518701853892545,0.019519278597391037,85,49814,0.0108986366070922,0.012900794942219428,35,49875,0.07751213963622765,0.07939246577537071,1577,49814,0.019056218709769694,0.02105315105185271,100,49875,0.03055584644279302,0.03254324639399503,248,49815,0.010728709397345593,0.012730948132365815,34,49875,0.0713071585841097,0.07320727557551289,1331,49815,0.04703584163440154,0.04899418202785055,580,49875,0.88915,0.9719511242000998,0.29202,0.39573976226697843,0.29699,False,/data/suehara/part/march/datasets/20250711_ilc_nnqq_sgv_10m_3cat_parquet,val50k_tail,150000,proxy
68,68,8280000,,lr_11_25e-6,3.75e-06,validation_total_reference_mistag_geomean_percent,0.4203926970448514,min,0.9911433278405457,0.9911433278405457,0.5651198837049134,0.3127301389043438,0.4203926970448514,,0.18477978059882227,0.08022785022854947,3.1231797664310834,0.20658670384319483,0.5034398316192877,0.0681936710246407,2.635537755005299,1.1272012639734876,0.018272103559895676,0.02027311662393934,92,49789,0.011718168050564788,0.013720605811166247,40,49858,0.07701800873574395,0.0789009900645711,1555,49789,0.019360177203998647,0.021357546316646495,103,49858,0.030719225698225012,0.03270472692820077,251,49857,0.010732366585845756,0.012735287074823758,34,49858,0.07079730129286484,0.07269727571471742,1314,49857,0.04630883997303187,0.04826928036487481,562,49858,0.88951,0.9719613228644074,0.29176,0.39573976226697843,0.29982,False,/data/suehara/part/march/datasets/20250711_ilc_nnqq_sgv_10m_3cat_parquet,val50k_tail,150000,proxy
68,68,8280000,,lr_14e-6,4.5e-06,validation_total_reference_mistag_geomean_percent,0.412459153182662,min,0.9854359387596379,0.9854359387596379,0.564024044717223,0.30162287341748106,0.412459153182662,,0.1827529369693107,0.07418695238786083,3.1068001667269316,0.19649516854431848,0.49361905332186956,0.06817179425299791,2.6085560806620025,1.1529053572118113,0.018165690001143396,0.020166583546996488,91,49794,0.01123162012867607,0.013233657744671386,37,49874,0.07681577394115999,0.0786992240861116,1547,49794,0.01885586036209741,0.02085299338794914,98,49874,0.03041626159935246,0.032402993582796455,246,49836,0.010728924457083927,0.012731203282430565,34,49874,0.07045315642701458,0.07235501424093307,1300,49836,0.04683167929701547,0.048790460036006456,575,49874,0.8897,0.9720488463069655,0.29138,0.39573976226697843,0.29895,False,/data/suehara/part/march/datasets/20250711_ilc_nnqq_sgv_10m_3cat_parquet,val50k_tail,150000,proxy
68,68,8280000,,lr_3e-6,3e-06,validation_total_reference_mistag_geomean_percent,0.4128421724301691,min,0.9862809718527413,0.9862809718527413,0.5592400753702818,0.30476832194833553,0.4128421724301691,,0.176674901574697,0.0782551097472509,3.1098799166203306,0.20065413443778018,0.4974126360995004,0.06621586209382768,2.6334789490154242,1.1276762652331191,0.01784307402908636,0.019843609066303326,88,49809,0.011564124563119007,0.013567485247269098,39,49837,0.07684169082570469,0.0787244501214035,1549,49809,0.019070736246236505,0.02106918505507837,100,49837,0.030529553432085462,0.03251525660896695,248,49858,0.010564325218106184,0.012568169037532504,33,49837,0.07076929765617544,0.07266931654622173,1313,49858,0.04632824885571485,0.048289496248287225,562,49837,0.88947,0.9719339459195937,0.29188,0.39573976226697843,0.2983,False,/data/suehara/part/march/datasets/20250711_ilc_nnqq_sgv_10m_3cat_parquet,val50k_tail,150000,proxy
68,68,8280000,,lr_5_75e-6,3e-06,validation_total_reference_mistag_geomean_percent,0.4243854796957603,min,1.0121817506642408,1.0121817506642408,0.575498669303553,0.31295126293611514,0.4243854796957603,,0.19691763328657982,0.07814691830508569,3.2069443341728383,0.1943653965058834,0.49768215109015296,0.07013184650166049,2.6810619928084733,1.1722037326432517,0.018896366491049657,0.020897776327242178,98,49767,0.011548140915598108,0.013548736146078709,39,49906,0.07804093365632175,0.07992138115830022,1596,49767,0.018742704234843983,0.020738642062925708,97,49906,0.030546057708062072,0.03253282596276898,248,49831,0.010891868562614804,0.01289278499326085,35,49906,0.07141655951542203,0.07331569814162456,1336,49831,0.047210844939210225,0.04916759634710742,585,49906,0.88935,0.9718081391065795,0.29268,0.39573976226697843,0.29896,False,/data/suehara/part/march/datasets/20250711_ilc_nnqq_sgv_10m_3cat_parquet,val50k_tail,150000,proxy
68,68,8280000,,lr_8_5e-6,3e-06,validation_total_reference_mistag_geomean_percent,0.4137871858176134,min,1.0008171645148456,1.0008171645148456,0.5692989204070228,0.3007555943096568,0.4137871858176134,,0.17657918143952772,0.07214862334578673,3.2045108418912682,0.20041284998167305,0.49627291739126256,0.07014449920963281,2.646119296228202,1.1403491066314113,0.0178334143385125,0.019832869394807676,88,49836,0.01106128784104189,0.01306248433684652,36,49897,0.07795852908419401,0.07983647074218322,1597,49836,0.019047823918186376,0.02104387935726315,100,49897,0.030519411529375366,0.0325086314550355,247,49771,0.010893832612640946,0.012895109437456944,35,49897,0.0709979158129554,0.07290074795849623,1317,49771,0.04656298124780349,0.048521362380546385,569,49897,0.88937,0.9718773525210255,0.2921,0.39573976226697843,0.29983,False,/data/suehara/part/march/datasets/20250711_ilc_nnqq_sgv_10m_3cat_parquet,val50k_tail,150000,proxy
69,69,8400000,,lr_11_25e-6,3.75e-06,validation_total_reference_mistag_geomean_percent,0.4083437413989933,min,1.000078746076804,1.000078746076804,0.5521576387769807,0.30198733012018864,0.4083437413989933,,0.17842821988664406,0.07423160278190906,3.1936647157637306,0.1966134343953267,0.5263157894736842,0.06018778559717752,2.673764501794314,1.0974239189216457,0.017923854188088888,0.01992147138791464,89,49880,0.011238378236003349,0.013241619018324546,37,49844,0.07779518857230876,0.07967190857409365,1593,49880,0.01886719969123698,0.020865529977768648,98,49844,0.03145128917738625,0.03343894246721664,262,49780,0.010029010227232207,0.012032814509070221,30,49844,0.07135663322359632,0.07325801067426703,1331,49780,0.04569303233377779,0.04765521815130146,547,49844,0.88954,0.9719942794935958,0.29155,0.39573976226697843,0.29938,False,/data/suehara/part/march/datasets/20250711_ilc_nnqq_sgv_10m_3cat_parquet,val50k_tail,150000,proxy
69,69,8400000,,lr_14e-6,4.5e-06,validation_total_reference_mistag_geomean_percent,0.42382942836525667,min,0.9993523135604498,0.9993523135604498,0.5773838233759643,0.31111260322139817,0.42382942836525667,,0.18439090060616933,0.07814065680694117,3.1506794818464905,0.206371467129323,0.5150905432595574,0.07212983228933502,2.6659959912021645,1.1220196353436185,0.01823368095980242,0.020230498640583044,92,49894,0.011547215682178563,0.013547650830615774,39,49910,0.07726940324502968,0.07914731969195093,1572,49894,0.01934002428302891,0.02133532105253297,103,49910,0.031129597470403326,0.03312090184885612,256,49700,0.011058407527451682,0.013059083537401376,36,49910,0.07131082584546505,0.07321557641483609,1325,49700,0.04617763053303848,0.04813623606547291,560,49910,0.88953,0.9719183620693802,0.29204,0.39573976226697843,0.29568,False,/data/suehara/part/march/datasets/20250711_ilc_nnqq_sgv_10m_3cat_parquet,val50k_tail,150000,proxy
69,69,8400000,,lr_3e-6,3e-06,validation_total_reference_mistag_geomean_percent,0.41034616682579156,min,1.0145340549421809,1.0145340549421809,0.5583736949482839,0.3015614420092192,0.41034616682579156,,0.17877588494008487,0.07411116584408882,3.280236252489248,0.19028543163167783,0.5181139060014123,0.062093139102275104,2.688971088821779,1.1236855707068807,0.017958751392952256,0.019960246817693116,89,49783,0.011220149980619137,0.013220145527358292,37,49925,0.07889691031395182,0.08077380906755874,1633,49783,0.018531923080280285,0.020527264768853675,95,49925,0.03119403839074641,0.03318138245144353,258,49796,0.010193223848044167,0.012193700828386677,31,49925,0.07154521359823175,0.07344536939068204,1339,49796,0.04620544677291696,0.048163397118296085,561,49925,0.8893,0.9718237528600575,0.2923,0.39573976226697843,0.29745,False,/data/suehara/part/march/datasets/20250711_ilc_nnqq_sgv_10m_3cat_parquet,val50k_tail,150000,proxy
69,69,8400000,,lr_5_75e-6,3e-06,validation_total_reference_mistag_geomean_percent,0.4238224764017453,min,1.0061950148877352,1.0061950148877352,0.5706955825621456,0.31474834744098923,0.4238224764017453,,0.18718299193915822,0.08015550481040659,3.20022540650141,0.20439653401663455,0.5208646276520494,0.06813217375567297,2.6684297130316303,1.1201731673949205,0.018414930153772165,0.0204200752480043,93,49684,0.011707604533570809,0.013708239532702216,40,49903,0.07802508313092052,0.07990894242750138,1590,49684,0.019244156821224375,0.02123981261918577,102,49903,0.031242129953990352,0.033224546531766125,260,49917,0.010722691223111269,0.012723808080420427,34,49903,0.07118974259070592,0.07308611545848408,1332,49917,0.04614240051524759,0.04810135478200434,559,49903,0.88961,0.9719210146971777,0.29188,0.39573976226697843,0.29903,False,/data/suehara/part/march/datasets/20250711_ilc_nnqq_sgv_10m_3cat_parquet,val50k_tail,150000,proxy
69,69,8400000,,lr_8_5e-6,3e-06,validation_total_reference_mistag_geomean_percent,0.41034616682579156,min,1.0145340549421809,1.0145340549421809,0.5583736949482839,0.3015614420092192,0.41034616682579156,,0.17877588494008487,0.07411116584408882,3.280236252489248,0.19028543163167783,0.5181139060014123,0.062093139102275104,2.688971088821779,1.1236855707068807,0.017958751392952256,0.019960246817693116,89,49783,0.011220149980619137,0.013220145527358292,37,49925,0.07889691031395182,0.08077380906755874,1633,49783,0.018531923080280285,0.020527264768853675,95,49925,0.03119403839074641,0.03318138245144353,258,49796,0.010193223848044167,0.012193700828386677,31,49925,0.07154521359823175,0.07344536939068204,1339,49796,0.04620544677291696,0.048163397118296085,561,49925,0.8893,0.9718237528600575,0.2923,0.39573976226697843,0.29745,False,/data/suehara/part/march/datasets/20250711_ilc_nnqq_sgv_10m_3cat_parquet,val50k_tail,150000,proxy
70,70,8520000,,lr_11_25e-6,3.75e-06,validation_total_reference_mistag_geomean_percent,0.40195821113697405,min,0.9895408986357092,0.9895408986357092,0.5633408303669207,0.2868075502270989,0.40195821113697405,,0.17250717446219963,0.06821693083934055,3.1492587599661483,0.18258060252713218,0.5099377797475895,0.0662105477637735,2.636016909910112,1.1315984838693776,0.017613074611991457,0.019612011220043704,86,49853,0.010736026268511122,0.012739628975872927,34,49841,0.07728369537114352,0.0791632132103974,1570,49853,0.01814857314879803,0.020147586807707094,91,49841,0.03093624072411606,0.0329233545036626,254,49810,0.010563477591531275,0.012567160808515054,33,49841,0.07083660953407789,0.07273835746669927,1313,49810,0.04640773018341447,0.048368662791127906,564,49841,0.8893,0.9719551419858031,0.29177,0.39573976226697843,0.29846,False,/data/suehara/part/march/datasets/20250711_ilc_nnqq_sgv_10m_3cat_parquet,val50k_tail,150000,proxy
70,70,8520000,,lr_14e-6,4.5e-06,validation_total_reference_mistag_geomean_percent,0.4008683818733467,min,0.9924832966254311,0.9924832966254311,0.5640052147970113,0.284918393252074,0.4008683818733467,,0.16853595090732088,0.06824020652658598,3.172087220055988,0.18063584611642852,0.5116475228237297,0.06623313822100799,2.642508988415536,1.1299774999368508,0.01740048588054538,0.019400063106808314,84,49841,0.010739688447894077,0.012743973838540396,34,49824,0.0775670817126043,0.07944613603476508,1581,49841,0.018049665965228598,0.020049439739913993,90,49824,0.03098069363128902,0.032966582575712486,255,49839,0.010567080944171393,0.01257144689938846,33,49824,0.07090230825420804,0.07280268911782767,1317,49839,0.046381894836796875,0.04834356156952664,563,49824,0.88922,0.97195402158575,0.29175,0.39573976226697843,0.29846,False,/data/suehara/part/march/datasets/20250711_ilc_nnqq_sgv_10m_3cat_parquet,val50k_tail,150000,proxy
70,70,8520000,,lr_3e-6,3e-06,validation_total_reference_mistag_geomean_percent,0.4103680728492052,min,1.0009972663098283,1.0009972663098283,0.5708268461525267,0.29501407712168654,0.4103680728492052,,0.1767707255421938,0.07017543859649122,3.139688996596387,0.19448622529705029,0.5135715288783678,0.06616541304801006,2.6822075579923634,1.1649122445277644,0.017852744189904377,0.01985436037533555,88,49782,0.0108986366070922,0.012900794942219428,35,49875,0.07722278658491531,0.0791053694327061,1563,49782,0.018754344100006468,0.02075151764176844,97,49875,0.031038011201532135,0.03302350423921175,256,49847,0.010556278253640222,0.012558597388553439,33,49875,0.07142029782139167,0.07331878090777039,1337,49847,0.0470767510049026,0.04903501099845862,581,49875,0.88929,0.971833672282728,0.2923,0.39573976226697843,0.29786,False,/data/suehara/part/march/datasets/20250711_ilc_nnqq_sgv_10m_3cat_parquet,val50k_tail,150000,proxy
70,70,8520000,,lr_5_75e-6,3e-06,validation_total_reference_mistag_geomean_percent,0.4044856232916299,min,1.0033215870811738,1.0033215870811738,0.5533214312107854,0.29568458805509806,0.4044856232916299,,0.18250370487867693,0.0702261277885782,3.230917339004135,0.18459439033150826,0.5280806328587409,0.06019382234445827,2.6624902750608888,1.1075664043824045,0.018140935615352724,0.020139110466034026,91,49862,0.010906506834746223,0.012910109317565942,35,49839,0.07825244130274106,0.08012834458445972,1611,49862,0.018253786908490277,0.02025279997454371,92,49839,0.031498283549908065,0.03348494804923706,263,49803,0.010030016138479463,0.012034021201717274,30,49839,0.07119177828880281,0.07309273041267196,1326,49803,0.04590817316290664,0.04787014883049501,552,49839,0.88935,0.9719088758950692,0.29204,0.39573976226697843,0.29874,False,/data/suehara/part/march/datasets/20250711_ilc_nnqq_sgv_10m_3cat_parquet,val50k_tail,150000,proxy
70,70,8520000,,lr_8_5e-6,3e-06,validation_total_reference_mistag_geomean_percent,0.40810337007290365,min,1.0013992731721058,1.0013992731721058,0.5665830264704358,0.2939522592167731,0.40810337007290365,,0.18271258376046007,0.06820051216986191,3.144262647835603,0.19056024292709092,0.5135818320426915,0.06418871482157543,2.682261348992955,1.165426302826607,0.01816168103591779,0.02016213429138669,91,49805,0.010733442704076165,0.012736563797288433,34,49853,0.07726030210321207,0.07914183193398691,1566,49805,0.018558665858502868,0.02055687822873891,95,49853,0.031038632416792878,0.03302416487282683,256,49846,0.010385809492734504,0.012389091527683705,32,49853,0.07142171168699786,0.07332023070058015,1337,49846,0.047097410770374944,0.049056514298538405,581,49853,0.88929,0.9718665155974886,0.29215,0.39573976226697843,0.29786,False,/data/suehara/part/march/datasets/20250711_ilc_nnqq_sgv_10m_3cat_parquet,val50k_tail,150000,proxy
71,71,8640000,,lr_11_25e-6,5.7375000000000005e-06,validation_total_reference_mistag_geomean_percent,0.4044931210800269,min,0.9829814238244129,0.9829814238244129,0.5519069871417649,0.2964533677103722,0.4044931210800269,,0.1807047396612051,0.07425543561663057,3.0840278290029484,0.18664203927388684,0.497282987680075,0.06221401545371234,2.6448236795984337,1.1339006643084106,0.018056546378265564,0.020057080259785143,90,49805,0.011241985886371908,0.013245868948897363,37,49828,0.07653061775472376,0.07841456636701744,1536,49805,0.018361754621425683,0.02036112679230423,93,49828,0.03052161328795707,0.03250680405672071,248,49871,0.01021306226200332,0.012217428634348111,31,49828,0.07091049800243068,0.07280956667242572,1319,49871,0.04646131604703063,0.04842266784545607,565,49828,0.88989,0.9722126919364031,0.29052,0.39573976226697843,0.29789,False,/data/suehara/part/march/datasets/20250711_ilc_nnqq_sgv_10m_3cat_parquet,val50k_tail,150000,proxy
71,71,8640000,,lr_14e-6,6.885e-06,validation_total_reference_mistag_geomean_percent,0.4030390372878531,min,0.9808906122585184,0.9808906122585184,0.5467488383343123,0.2971025344521983,0.4030390372878531,,0.18662333080955956,0.07218913553510196,3.0682481078606068,0.18849384513063128,0.4999799354975836,0.060157611178858594,2.650496063091642,1.120936868964163,0.01835991376498607,0.020359086084210075,93,49833,0.01106749669239908,0.01306981515498038,36,49869,0.07631698377656149,0.07820050715625602,1529,49833,0.018449968144010127,0.020447622290635514,94,49869,0.030627022235626012,0.03261485510029352,249,49802,0.010023983695966727,0.012026784673991752,30,49869,0.07103402632466539,0.07293549828563152,1320,49802,0.046173692434364234,0.04813395163410141,559,49869,0.88976,0.972060877857345,0.2912,0.39573976226697843,0.29871,False,/data/suehara/part/march/datasets/20250711_ilc_nnqq_sgv_10m_3cat_parquet,val50k_tail,150000,proxy
71,71,8640000,,lr_3e-6,3e-06,validation_total_reference_mistag_geomean_percent,0.40857495423974577,min,1.0039630175607774,1.0039630175607774,0.567571451103792,0.29411890416151876,0.40857495423974577,,0.18668701871177298,0.07018810703994767,3.1295165410046186,0.18248906892259273,0.5158363718165192,0.06417198090883568,2.7377463075087403,1.1450687445731935,0.01836617418336094,0.0203660261612725,93,49816,0.010900603098959407,0.012903122275805055,35,49866,0.0770739763580365,0.07895568273854417,1559,49816,0.018139481575846498,0.020137496733337014,91,49866,0.03111573486101315,0.03310213325623205,257,49822,0.010383102590465373,0.012385863054062191,32,49866,0.07216368758407518,0.07406089383913406,1364,49822,0.046674380304199264,0.04863378958150297,571,49866,0.88934,0.9719415816263114,0.29192,0.39573976226697843,0.29826,False,/data/suehara/part/march/datasets/20250711_ilc_nnqq_sgv_10m_3cat_parquet,val50k_tail,150000,proxy
71,71,8640000,,lr_5_75e-6,3.4425e-06,validation_total_reference_mistag_geomean_percent,0.40579606878350727,min,0.9833988555492785,0.9833988555492785,0.5525038169017337,0.29804400332212844,0.40579606878350727,,0.188630021508704,0.07218913553510196,3.0742679931765284,0.18849384513063128,0.5019878907370534,0.062162868688907545,2.6545117657357724,1.1249473238815284,0.01846328586220336,0.020462377645954176,94,49833,0.01106749669239908,0.01306981515498038,36,49869,0.07639044694793609,0.07827372872121069,1532,49833,0.018449968144010127,0.020447622290635514,94,49869,0.030690111530749103,0.03267786375965205,250,49802,0.010204667539023458,0.012207388097807857,31,49869,0.07108712400674087,0.07298843469617823,1322,49802,0.04625705579585013,0.04821715415710623,561,49869,0.88973,0.9720454606594374,0.29129,0.39573976226697843,0.29873,False,/data/suehara/part/march/datasets/20250711_ilc_nnqq_sgv_10m_3cat_parquet,val50k_tail,150000,proxy
71,71,8640000,,lr_8_5e-6,4.59e-06,validation_total_reference_mistag_geomean_percent,0.39749871493026745,min,0.9840712882020584,0.9840712882020584,0.5476192097224806,0.2885312011813593,0.39749871493026745,,0.17860726666891233,0.0661985949768422,3.1085692818892374,0.18856569570602166,0.5037732645185532,0.06018054309854718,2.6453115560126133,1.1213641027457388,0.017941825484324544,0.019941439890429173,89,49830,0.010561570928964838,0.012564892884561037,33,49850,0.07680980732398847,0.07869182578096948,1549,49830,0.018456994544681686,0.020455407186470584,94,49850,0.030739525169711998,0.03272632804850982,251,49824,0.010027803400034365,0.01203136679729321,30,49850,0.0709499517608101,0.0728507922426385,1318,49824,0.04619119758691951,0.04815218677099702,559,49850,0.88972,0.9720654346448883,0.29123,0.39573976226697843,0.2979,False,/data/suehara/part/march/datasets/20250711_ilc_nnqq_sgv_10m_3cat_parquet,val50k_tail,150000,proxy
72,72,8760000,,lr_11_25e-6,5.7375000000000005e-06,validation_total_reference_mistag_geomean_percent,0.40703806719397523,min,0.9904296393044539,0.9904296393044539,0.5571402020226697,0.29737575487016404,0.40703806719397523,,0.17824955111227545,0.07226013507493902,3.118365589300127,0.19470091235155304,0.49443261601523797,0.06423123243677238,2.6610926758536273,1.140104402291099,0.017905918857424007,0.01990154283654038,89,49930,0.011078378970868217,0.013082663905474468,36,49820,0.07685232264573773,0.07873017945966079,1557,49930,0.018775031092513415,0.020774400799130222,97,49820,0.030466277768845338,0.03245625133498206,246,49754,0.010392687202972019,0.012397294447610363,32,49820,0.07120791013705621,0.07311079054805047,1324,49754,0.04659315850593388,0.04855457620627102,568,49820,0.88965,0.9720500547205703,0.29153,0.39573976226697843,0.29835,False,/data/suehara/part/march/datasets/20250711_ilc_nnqq_sgv_10m_3cat_parquet,val50k_tail,150000,proxy
72,72,8760000,,lr_14e-6,6.885e-06,validation_total_reference_mistag_geomean_percent,0.3975103056916673,min,0.9808137740587343,0.9808137740587343,0.5360342081987199,0.29478425203882375,0.3975103056916673,,0.17221353890203359,0.07219927069218142,3.1218712840217626,0.19453691333181033,0.48688234825638826,0.05816052432507843,2.6335908615168666,1.1070554514237527,0.017583117178240664,0.019578663202598545,86,49938,0.011069049994488787,0.013071649145362792,36,49862,0.07688860361430745,0.07876601921653452,1559,49938,0.018759229637552645,0.020756921837303828,97,49862,0.030241130851762967,0.03223341000502837,242,49704,0.00984166412032682,0.011844826363952617,29,49862,0.07087887622312418,0.07278477740578666,1309,49704,0.04588710814189701,0.047848199312781024,552,49862,0.8897,0.9721959595900634,0.29073,0.39573976226697843,0.29842,False,/data/suehara/part/march/datasets/20250711_ilc_nnqq_sgv_10m_3cat_parquet,val50k_tail,150000,proxy
72,72,8760000,,lr_3e-6,3e-06,validation_total_reference_mistag_geomean_percent,0.4074448830278803,min,0.9937266848417766,0.9937266848417766,0.5463064435837447,0.30387950692394633,0.4074448830278803,,0.18496180590638228,0.07419141366612722,3.1302773890465008,0.1985121644132414,0.49906801697909564,0.058150025646489585,2.6436572959148688,1.1609953671615074,0.018290089577373422,0.02029306652591219,92,49740,0.011232295573632905,0.01323445344122002,37,49871,0.0771413216947521,0.079025872570581,1557,49740,0.018957624012042366,0.020954796286610157,99,49871,0.030571288847854993,0.032555532724652586,249,49893,0.009839888428060608,0.011842689597972805,29,49871,0.07087963785457757,0.07277791590697275,1319,49893,0.04699864428611526,0.04895721842117923,579,49871,0.88945,0.9719523583652953,0.29191,0.39573976226697843,0.29885,False,/data/suehara/part/march/datasets/20250711_ilc_nnqq_sgv_10m_3cat_parquet,val50k_tail,150000,proxy
72,72,8760000,,lr_5_75e-6,3.4425e-06,validation_total_reference_mistag_geomean_percent,0.40762218948893914,min,0.9937251712786134,0.9937251712786134,0.5469577449709953,0.30378187509268695,0.40762218948893914,,0.18496180590638228,0.07419141366612722,3.126256486623842,0.1985121644132414,0.5010722790798883,0.058150025646489585,2.6456618277314297,1.1609953671615074,0.018290089577373422,0.02029306652591219,92,49740,0.011232295573632905,0.01323445344122002,37,49871,0.07709270226572175,0.07897741481537116,1555,49740,0.018957624012042366,0.020954796286610157,99,49871,0.030634263876183013,0.03261842741108861,250,49893,0.009839888428060608,0.011842689597972805,29,49871,0.07090615655156486,0.07280435426206787,1320,49893,0.04699864428611526,0.04895721842117923,579,49871,0.88947,0.9719543834240355,0.2919,0.39573976226697843,0.29884,False,/data/suehara/part/march/datasets/20250711_ilc_nnqq_sgv_10m_3cat_parquet,val50k_tail,150000,proxy
72,72,8760000,,lr_8_5e-6,4.59e-06,validation_total_reference_mistag_geomean_percent,0.402019520491329,min,0.9875480938156422,0.9875480938156422,0.5508894349983119,0.29337955057456017,0.402019520491329,,0.17459010646117662,0.07206197259269952,3.0964660735190987,0.19016354018028858,0.5109019200996983,0.060051646468509426,2.6731837485471273,1.1229657426565398,0.017728332272946845,0.019728067779665882,87,49831,0.011048006589393054,0.013046803099529672,36,49957,0.07666216812393378,0.07854463456897741,1543,49831,0.018520062124349757,0.020514130600243697,95,49957,0.030994596454050546,0.032985428486436916,254,49716,0.010006330318279123,0.01200560764545739,30,49957,0.0713942883504657,0.07329813678527385,1329,49716,0.04617600757207251,0.04813273259106649,561,49957,0.88992,0.9719927801799467,0.2914,0.39573976226697843,0.29894,False,/data/suehara/part/march/datasets/20250711_ilc_nnqq_sgv_10m_3cat_parquet,val50k_tail,150000,proxy
73,73,8880000,,lr_11_25e-6,5.7375000000000005e-06,validation_total_reference_mistag_geomean_percent,0.41651493908569776,min,0.9919839154527703,0.9919839154527703,0.5614840734882289,0.30897527227047783,0.41651493908569776,,0.18439090060616933,0.07817198179524171,3.0925563184913973,0.20444979028734966,0.5008045150657061,0.06414111044297455,2.6387770289579566,1.1725796779753677,0.01823368095980242,0.020230498640583044,92,49894,0.01155184333245838,0.013553079147400842,39,49890,0.07656685546185808,0.07844710173025501,1543,49894,0.019249166911269596,0.021245340578282187,102,49890,0.030677417873155224,0.03266849590838243,249,49720,0.010378108937719092,0.01237990721354266,32,49890,0.0709364810243876,0.07284156028055447,1312,49720,0.04722590130727001,0.04918326517348668,585,49890,0.88923,0.9719073899244502,0.29214,0.39573976226697843,0.29726,False,/data/suehara/part/march/datasets/20250711_ilc_nnqq_sgv_10m_3cat_parquet,val50k_tail,150000,proxy
73,73,8880000,,lr_14e-6,6.885e-06,validation_total_reference_mistag_geomean_percent,0.41362974074554915,min,0.9879926478308791,0.9879926478308791,0.561542450259351,0.3046778784938016,0.41362974074554915,,0.1803860353639864,0.07615993288405914,3.098631039218231,0.20242509814231976,0.4968219346398966,0.06613889037801864,2.634966601046472,1.1484116509740496,0.018024723239111147,0.020021741476731025,90,49893,0.011389850633339358,0.013390966557026023,38,49895,0.07664137978882664,0.07852142023174608,1546,49893,0.019148159865413458,0.021144214655669392,101,49895,0.030553098072145027,0.03254449650935288,247,49716,0.010552047931155703,0.012553565532098777,33,49895,0.07088870911762558,0.07279409493694856,1310,49716,0.04672981237329888,0.0486879488305501,573,49895,0.88947,0.9719775119230377,0.29165,0.39573976226697843,0.29725,False,/data/suehara/part/march/datasets/20250711_ilc_nnqq_sgv_10m_3cat_parquet,val50k_tail,150000,proxy
73,73,8880000,,lr_3e-6,3e-06,validation_total_reference_mistag_geomean_percent,0.4106168860753504,min,0.9833952976559113,0.9833952976559113,0.5542330903981474,0.3042153744539048,0.4106168860753504,,0.17118115519487895,0.0780343349168499,3.081260873990883,0.2080915663856423,0.491267476235528,0.06402817239585418,2.6347978983852336,1.1385009037424205,0.017574757573372977,0.019581718216600975,85,49655,0.011531509366788449,0.013529227034804697,39,49978,0.07661095762982635,0.07850070868916093,1530,49655,0.019411685786138527,0.02140419897926813,104,49978,0.030331442520918194,0.03231687452805365,245,49871,0.010359839900186301,0.012358118050113411,32,49978,0.07077768480426953,0.07267715553821823,1314,49871,0.046487924024782995,0.048443205205262255,569,49978,0.88965,0.9719684177291735,0.29155,0.39573976226697843,0.29714,False,/data/suehara/part/march/datasets/20250711_ilc_nnqq_sgv_10m_3cat_parquet,val50k_tail,150000,proxy
73,73,8880000,,lr_5_75e-6,3.4425e-06,validation_total_reference_mistag_geomean_percent,0.41098489495216484,min,0.9843578149016095,0.9843578149016095,0.5614258685876969,0.3008564323972859,0.41098489495216484,,0.18695346862356194,0.07412898443291327,3.073675753613015,0.19233466983859218,0.4975324180678302,0.06611504081667571,2.640131603728074,1.1439905800922143,0.018392366853143195,0.02039506240805581,93,49745,0.011222846730816366,0.01322332238957209,37,49913,0.07644993001229526,0.07833656709884326,1529,49745,0.01863849235422309,0.020634231639300966,96,49913,0.03053688646351754,0.03252306286732161,248,49846,0.010548243538767486,0.01254904030760308,33,49913,0.07086590550305916,0.07276611487953763,1316,49846,0.04663066872001246,0.04858827618310687,571,49913,0.88982,0.972100982947859,0.29105,0.39573976226697843,0.29736,False,/data/suehara/part/march/datasets/20250711_ilc_nnqq_sgv_10m_3cat_parquet,val50k_tail,150000,proxy
73,73,8880000,,lr_8_5e-6,4.59e-06,validation_total_reference_mistag_geomean_percent,0.4107434356745941,min,0.9843602016420554,0.9843602016420554,0.5604002092822622,0.3010530102510964,0.4107434356745941,,0.18695346862356194,0.07412898443291327,3.0817169182783792,0.19233466983859218,0.4955262304680884,0.06611504081667571,2.6361192299318756,1.1419870707463569,0.018392366853143195,0.02039506240805581,93,49745,0.011222846730816366,0.01322332238957209,37,49913,0.07654802829585965,0.07843434209976567,1533,49745,0.01863849235422309,0.020634231639300966,96,49913,0.030473594865755484,0.03245985176303082,247,49846,0.010548243538767486,0.01254904030760308,33,49913,0.0708127218760176,0.0727130922394393,1314,49846,0.04658942103394799,0.04854710877456245,570,49913,0.88981,0.9721039716388935,0.29105,0.39573976226697843,0.29736,False,/data/suehara/part/march/datasets/20250711_ilc_nnqq_sgv_10m_3cat_parquet,val50k_tail,150000,proxy
74,74,9000000,,lr_11_25e-6,5.7375000000000005e-06,validation_total_reference_mistag_geomean_percent,0.40627401045638306,min,0.9921809737835261,0.9921809737835261,0.5469865209969818,0.30175985190908217,0.40627401045638306,,0.1723239745414046,0.07618894560897958,3.149921932057218,0.20049722921248544,0.5027955419859135,0.06014917023588211,2.664816280524611,1.1107547161017146,0.01759438330244424,0.01959120443098092,86,49906,0.011394188244071696,0.01339606530369467,38,49876,0.07725111461237451,0.07912860987944886,1572,49906,0.019055836967810384,0.021052729433951527,100,49876,0.030739376830634345,0.03273029469386766,250,49722,0.010022577170000263,0.012025097402975726,30,49876,0.07127968816429062,0.07318364342125128,1325,49722,0.04595819052449369,0.047918582902881264,554,49876,0.88945,0.9720164563142658,0.29162,0.39573976226697843,0.2982,False,/data/suehara/part/march/datasets/20250711_ilc_nnqq_sgv_10m_3cat_parquet,val50k_tail,150000,proxy
74,74,9000000,,lr_14e-6,6.885e-06,validation_total_reference_mistag_geomean_percent,0.4154151606715862,min,0.9986340885592019,0.9986340885592019,0.5524853808922665,0.3123517140618251,0.4154151606715862,,0.18886879877991494,0.07614619921526285,3.2067511271134963,0.20639628174276617,0.49367851055168516,0.06412311638345623,2.63696566273247,1.1161430119545634,0.018486638190607047,0.020488250824612312,94,49770,0.01138779712810225,0.013388552715690453,38,49904,0.07803630462134212,0.07991664654515909,1596,49770,0.019342347478551243,0.02133788314508324,103,49904,0.03041991574994369,0.03240688456425892,246,49830,0.010375198191184395,0.012376435617639323,32,49904,0.0708351638075002,0.07273611037958046,1314,49830,0.046058020860945646,0.04801709738656238,557,49904,0.88927,0.9720121030805391,0.29158,0.39573976226697843,0.29773,False,/data/suehara/part/march/datasets/20250711_ilc_nnqq_sgv_10m_3cat_parquet,val50k_tail,150000,proxy
74,74,9000000,,lr_3e-6,3e-06,validation_total_reference_mistag_geomean_percent,0.4165661792081943,min,1.001144357637008,1.001144357637008,0.553604913926267,0.3134498580032926,0.4165661792081943,,0.18886879877991494,0.07614619921526285,3.220815780110126,0.20840012518762402,0.49769216673264743,0.06412311638345623,2.63696566273247,1.1161430119545634,0.018486638190607047,0.020488250824612312,94,49770,0.01138779712810225,0.013388552715690453,38,49904,0.07820381403092075,0.08008359077832511,1603,49770,0.01944044443106109,0.0214358997911153,104,49904,0.030546669320237994,0.032533477044211986,248,49830,0.010375198191184395,0.012376435617639323,32,49904,0.0708351638075002,0.07273611037958046,1314,49830,0.046058020860945646,0.04801709738656238,557,49904,0.88924,0.9719944206335634,0.29167,0.39573976226697843,0.29775,False,/data/suehara/part/march/datasets/20250711_ilc_nnqq_sgv_10m_3cat_parquet,val50k_tail,150000,proxy
74,74,9000000,,lr_5_75e-6,3.4425e-06,validation_total_reference_mistag_geomean_percent,0.419521146406671,min,1.005538186504006,1.005538186504006,0.5673401006436938,0.31021602753389604,0.419521146406671,,0.1783996212492416,0.07826138960204962,3.2091886137120267,0.2066903511976125,0.5001707278317504,0.06822787911738844,2.663559938735195,1.139806970586785,0.01792098212110391,0.019918280138096094,89,49888,0.011565052508316458,0.01356857374309379,39,49833,0.07797408553628787,0.07984988226172052,1601,49888,0.01936988106584778,0.021368248030339664,103,49833,0.03063868453027337,0.03262726838287608,249,49783,0.01073774933587849,0.012741673248021883,34,49833,0.0712200035710181,0.07312167640366532,1326,49783,0.04658106947586626,0.04854198744531548,568,49833,0.88948,0.9719933485959311,0.29195,0.39573976226697843,0.29793,False,/data/suehara/part/march/datasets/20250711_ilc_nnqq_sgv_10m_3cat_parquet,val50k_tail,150000,proxy
74,74,9000000,,lr_8_5e-6,4.59e-06,validation_total_reference_mistag_geomean_percent,0.4100084661294315,min,0.997195568432005,0.997195568432005,0.5465521633387191,0.30757712360133305,0.4100084661294315,,0.19089337025367706,0.07211827538018356,3.2130370783650286,0.20233182988170922,0.49177037259094536,0.06210184733285756,2.6374949593163506,1.1078168143352876,0.018591083206493178,0.020592775356672102,95,49766,0.011056635772244973,0.013056991617755935,36,49918,0.07811432149607556,0.07999456193599763,1599,49766,0.01913934493757562,0.02113448378954813,101,49918,0.030362422688801245,0.03234986692423041,245,49820,0.010194652905593784,0.012195410058300011,31,49918,0.07084919723758208,0.07275050411693317,1314,49820,0.045877832530662015,0.04783669321218268,553,49918,0.88937,0.9720423736394173,0.2914,0.39573976226697843,0.29774,False,/data/suehara/part/march/datasets/20250711_ilc_nnqq_sgv_10m_3cat_parquet,val50k_tail,150000,proxy
75,75,9120000,,lr_11_25e-6,5.7375000000000005e-06,validation_total_reference_mistag_geomean_percent,0.40564783630272283,min,0.981465957197912,0.981465957197912,0.554872262785506,0.2965550418235447,0.40564783630272283,,0.17225148801357154,0.07442571728330143,3.0604681321680833,0.1971275730869367,0.5093957540041968,0.06235668220128527,2.6492590747663995,1.1264432360595216,0.017586988280706112,0.019582972438406315,86,49927,0.011267757591936173,0.013276228849500677,37,49714,0.07615102128212918,0.07803131016677553,1528,49927,0.018916494793197566,0.020920029840177476,98,49714,0.03090343479825895,0.03288845823222587,254,49863,0.010236476444275819,0.012245433230750283,31,49714,0.07097478365965977,0.07287397911250916,1321,49863,0.046358714982075964,0.04832486430298832,560,49714,0.88947,0.971941618504792,0.29171,0.39573976226697843,0.29821,False,/data/suehara/part/march/datasets/20250711_ilc_nnqq_sgv_10m_3cat_parquet,val50k_tail,150000,proxy
75,75,9120000,,lr_14e-6,6.885e-06,validation_total_reference_mistag_geomean_percent,0.40545105854663277,min,1.0006874320084924,1.0006874320084924,0.5547285578122627,0.2963441462702194,0.40545105854663277,,0.1864549535006337,0.07034751690525885,3.179758539026713,0.18491347981346132,0.5153088869317034,0.060297870893366835,2.6647686045563654,1.1436496044404374,0.01834336265198204,0.020340738102569415,93,49878,0.010925354024011872,0.012932414862668756,35,49753,0.07763051506833249,0.07950786791778783,1586,49878,0.01828531432680055,0.02028776986916685,92,49753,0.03108399100805754,0.03306837931119858,257,49873,0.010047349450070731,0.01205481426208644,30,49753,0.07117249232136656,0.07307068502650262,1329,49873,0.04669701644430483,0.04866093292823868,569,49753,0.88941,0.9719431882188106,0.29187,0.39573976226697843,0.29764,False,/data/suehara/part/march/datasets/20250711_ilc_nnqq_sgv_10m_3cat_parquet,val50k_tail,150000,proxy
75,75,9120000,,lr_3e-6,3e-06,validation_total_reference_mistag_geomean_percent,0.4066475143885714,min,0.981710238364359,0.981710238364359,0.5526260416209291,0.2992298380897379,0.4066475143885714,,0.17627145632133392,0.07442571728330143,3.068725813403621,0.19913907355602295,0.5073495468528435,0.06235668220128527,2.6550623824805424,1.1103512348159223,0.017802359691390157,0.019798342727282897,88,49923,0.011267757591936173,0.013276228849500677,37,49714,0.07625483034519528,0.07813493907695632,1532,49923,0.01901744209235315,0.021020896217848004,99,49714,0.03083845994165755,0.032823406217834424,253,49867,0.010236476444275819,0.012245433230750283,31,49714,0.07104866295001566,0.07294747331072146,1324,49867,0.04602299598457059,0.047989792677363,552,49714,0.88957,0.9719765477673526,0.29158,0.39573976226697843,0.29822,False,/data/suehara/part/march/datasets/20250711_ilc_nnqq_sgv_10m_3cat_parquet,val50k_tail,150000,proxy
75,75,9120000,,lr_5_75e-6,3.4425e-06,validation_total_reference_mistag_geomean_percent,0.4184296152324389,min,1.0075800682375176,1.0075800682375176,0.5690052889973083,0.30770073018494404,0.4184296152324389,,0.18253300417083013,0.07606693816274201,3.193324501697806,0.2021779166900869,0.49502957404388087,0.06805989503389577,2.6844287790868844,1.159019937014015,0.018143844393801255,0.020142338707456842,91,49854,0.011375946914543371,0.013374623098505336,38,49956,0.0778111661762202,0.07968887856183438,1592,49854,0.01912479891171329,0.021118426314617206,101,49956,0.030502979304916546,0.032495331469881414,246,49694,0.010711318144731133,0.012710314886220582,34,49956,0.071557930113832,0.07346216882180324,1334,49694,0.04691911670164934,0.04887443748001676,579,49956,0.88947,0.971945707084268,0.29213,0.39573976226697843,0.29833,False,/data/suehara/part/march/datasets/20250711_ilc_nnqq_sgv_10m_3cat_parquet,val50k_tail,150000,proxy
75,75,9120000,,lr_8_5e-6,4.59e-06,validation_total_reference_mistag_geomean_percent,0.4094390123329129,min,1.006102571837679,1.006102571837679,0.560381806522513,0.2991537249584429,0.4094390123329129,,0.1905831852447855,0.07030371082930316,3.1997914198464112,0.18680700603804848,0.5153088869317034,0.06226900437927753,2.6747938453538893,1.1489635160780118,0.018560897907731886,0.020559349874328538,95,49847,0.010918552766231307,0.012924365612990932,35,49784,0.07789375251404662,0.07977146911806038,1595,49847,0.01837797008974757,0.020379102679633408,93,49784,0.03108399100805754,0.03306837931119858,257,49873,0.010222086611057158,0.012228222234152913,31,49784,0.07130448811326767,0.0732022787866965,1334,49873,0.04679215495533781,0.048754635078972555,572,49784,0.88933,0.9719399878693163,0.29194,0.39573976226697843,0.29765,False,/data/suehara/part/march/datasets/20250711_ilc_nnqq_sgv_10m_3cat_parquet,val50k_tail,150000,proxy
76,76,9240000,,lr_11_25e-6,5.7375000000000005e-06,validation_total_reference_mistag_geomean_percent,0.41429688779186213,min,1.0039885972846148,1.0039885972846148,0.5462486072223905,0.3142194029689185,0.41429688779186213,,0.18429486909091358,0.0803729335512455,3.211137850449545,0.20495097200975668,0.5098763252711577,0.058270374252006,2.6537657864209727,1.129239667231321,0.018224191739512913,0.020219973279474255,92,49920,0.011739352375316946,0.01374540542318219,40,49768,0.07797258201721405,0.07984709824002609,1603,49920,0.019296312106214835,0.021297358903517867,102,49768,0.030932523349976558,0.03291940026569004,254,49816,0.009860248614215002,0.01186718986782516,29,49768,0.07106740741895483,0.07296821373574021,1322,49816,0.046392135600235515,0.04835603924820582,562,49768,0.88934,0.9719556710472199,0.29201,0.39573976226697843,0.29798,False,/data/suehara/part/march/datasets/20250711_ilc_nnqq_sgv_10m_3cat_parquet,val50k_tail,150000,proxy
76,76,9240000,,lr_14e-6,6.885e-06,validation_total_reference_mistag_geomean_percent,0.399245488949005,min,0.9832200825204005,0.9832200825204005,0.5419140718330493,0.29413696512246407,0.399245488949005,,0.17711940327711975,0.07009392774558437,3.1036148024562866,0.1942603097636199,0.49912803392632715,0.05807782258075951,2.633952856439803,1.1295135039737034,0.01788793153121805,0.019893481721634732,88,49684,0.010885980659423812,0.012885816685944382,35,49933,0.07686103692683272,0.07874878514678475,1542,49684,0.01873257805372192,0.020727440860273966,97,49933,0.030574957329856326,0.032559437444138695,249,49887,0.009827673271049607,0.011827990576921993,29,49933,0.07075527926339344,0.07265417467979922,1314,49887,0.04632268385597084,0.0482800870863085,564,49933,0.88975,0.9719803729187224,0.29117,0.39573976226697843,0.29861,False,/data/suehara/part/march/datasets/20250711_ilc_nnqq_sgv_10m_3cat_parquet,val50k_tail,150000,proxy
76,76,9240000,,lr_3e-6,3e-06,validation_total_reference_mistag_geomean_percent,0.4055614858692691,min,0.9959740558896335,0.9959740558896335,0.5596409887340333,0.29390291656899664,0.4055614858692691,,0.17294775751128347,0.07010515687954347,3.167357121617819,0.19429143216763614,0.5054861397406623,0.06409614421632448,2.6517961714935554,1.1417125234902439,0.017658025229659202,0.019662049290885893,86,49726,0.010887724559582304,0.012887880584189259,35,49925,0.07759885740250723,0.07948244751986855,1575,49726,0.01873557726279288,0.020730758473498492,97,49925,0.030784455508946727,0.032770033952834315,252,49853,0.010370835131506882,0.012371231872915516,32,49925,0.0710153518900282,0.07291482650466086,1322,49853,0.04657828349559651,0.04853551169057054,570,49925,0.88953,0.9719155343001534,0.29172,0.39573976226697843,0.29763,False,/data/suehara/part/march/datasets/20250711_ilc_nnqq_sgv_10m_3cat_parquet,val50k_tail,150000,proxy
76,76,9240000,,lr_5_75e-6,3.4425e-06,validation_total_reference_mistag_geomean_percent,0.40520322157962707,min,0.9969799154703012,0.9969799154703012,0.5597467902368237,0.2933284364329114,0.40520322157962707,,0.17294775751128347,0.07010515687954347,3.1754011072186037,0.1922884401715245,0.5054861397406623,0.06409614421632448,2.653802054534223,1.1417125234902439,0.017658025229659202,0.019662049290885893,86,49726,0.010887724559582304,0.012887880584189259,35,49925,0.0776954078232691,0.07957867441089478,1579,49726,0.018634016094622435,0.020629277544261925,96,49925,0.030784455508946727,0.032770033952834315,252,49853,0.010370835131506882,0.012371231872915516,32,49925,0.0710418583851468,0.07294125252891061,1323,49853,0.04657828349559651,0.04853551169057054,570,49925,0.88947,0.9719164651181531,0.29173,0.39573976226697843,0.29863,False,/data/suehara/part/march/datasets/20250711_ilc_nnqq_sgv_10m_3cat_parquet,val50k_tail,150000,proxy
76,76,9240000,,lr_8_5e-6,4.59e-06,validation_total_reference_mistag_geomean_percent,0.39930709744017095,min,0.9832178116355641,0.9832178116355641,0.5422572417301333,0.29404154669721533,0.39930709744017095,,0.17711940327711975,0.07009392774558437,3.0995894945218248,0.1942603097636199,0.49912803392632715,0.05807782258075951,2.635957271074717,1.1315162301945596,0.01788793153121805,0.019893481721634732,88,49684,0.010885980659423812,0.012885816685944382,35,49933,0.07681210566080031,0.0787000159192263,1540,49684,0.01873257805372192,0.020727440860273966,97,49933,0.030574957329856326,0.032559437444138695,249,49887,0.009827673271049607,0.011827990576921993,29,49933,0.07078185557652591,0.07268067063171332,1315,49887,0.04636414119687585,0.04832146421398821,565,49933,0.88973,0.9719723882084373,0.29119,0.39573976226697843,0.29863,False,/data/suehara/part/march/datasets/20250711_ilc_nnqq_sgv_10m_3cat_parquet,val50k_tail,150000,proxy
77,77,9360000,,lr_11_25e-6,5.7375000000000005e-06,validation_total_reference_mistag_geomean_percent,0.4114949326928952,min,0.9791388597604036,0.9791388597604036,0.5536415148281003,0.3058442604046861,0.4114949326928952,,0.18088271515730692,0.07811717767366816,3.0609373420016923,0.20230344899968822,0.501776269311507,0.06409614421632448,2.637336280698281,1.1076615000247607,0.018074314833087378,0.020076811659358554,90,49756,0.011543747376888602,0.01354358244575998,39,49925,0.07628590565723903,0.07817263767989427,1523,49756,0.019136663744143807,0.021131523999113777,101,49925,0.030677205544938756,0.03266412846208476,250,49823,0.010370835131506882,0.012371231872915516,32,49925,0.07084498662490342,0.07274618539778212,1314,49823,0.04587143377972787,0.047830026036578197,553,49925,0.89019,0.9720945567862843,0.29094,0.39573976226697843,0.29864,False,/data/suehara/part/march/datasets/20250711_ilc_nnqq_sgv_10m_3cat_parquet,val50k_tail,150000,proxy
77,77,9360000,,lr_14e-6,6.885e-06,validation_total_reference_mistag_geomean_percent,0.4045381356422442,min,0.9844608220042436,0.9844608220042436,0.553602712590544,0.29561109341951963,0.4045381356422442,,0.17642341792590713,0.07224998282387188,3.07738578575622,0.19467356769255265,0.4960138232367975,0.06221526283480291,2.646745801280624,1.149978934483172,0.01781769501068252,0.019815392594283582,88,49880,0.011076823049618888,0.013080826823202095,36,49827,0.07639288329658947,0.0782742655573404,1535,49880,0.018772395668332553,0.020771485594857603,97,49827,0.03050351282594191,0.03249170456793588,247,49797,0.010213267183889985,0.01221767373182222,31,49827,0.07098791912224824,0.07288973261725222,1318,49797,0.046793237191361005,0.04875398299985876,573,49827,0.88978,0.9720715624036128,0.29129,0.39573976226697843,0.29972,False,/data/suehara/part/march/datasets/20250711_ilc_nnqq_sgv_10m_3cat_parquet,val50k_tail,150000,proxy
77,77,9360000,,lr_3e-6,3e-06,validation_total_reference_mistag_geomean_percent,0.40380728034340607,min,0.9827060512827491,0.9827060512827491,0.5536338709175135,0.2945273550335808,0.40380728034340607,,0.17441861084050417,0.07224998282387188,3.0673616938074617,0.19467356769255265,0.4960138232367975,0.06221526283480291,2.6427295651035174,1.1519859039224842,0.017710929647234207,0.019708707614610556,87,49880,0.011076823049618888,0.013080826823202095,36,49827,0.07627064210640397,0.07815242628603121,1530,49880,0.018772395668332553,0.020771485594857603,97,49827,0.03050351282594191,0.03249170456793588,247,49797,0.010213267183889985,0.01221767373182222,31,49827,0.07093472906528342,0.07283670386420346,1316,49797,0.046834443006332424,0.04879510825996046,574,49827,0.88976,0.9720566733512559,0.29136,0.39573976226697843,0.29975,False,/data/suehara/part/march/datasets/20250711_ilc_nnqq_sgv_10m_3cat_parquet,val50k_tail,150000,proxy
77,77,9360000,,lr_5_75e-6,3.4425e-06,validation_total_reference_mistag_geomean_percent,0.40448359089735175,min,0.9837084324425039,0.9837084324425039,0.5536338709175135,0.2955147506312745,0.40448359089735175,,0.17642341792590713,0.07224998282387188,3.0733759360000974,0.19467356769255265,0.4960138232367975,0.06221526283480291,2.6427295651035174,1.1519859039224842,0.01781769501068252,0.019815392594283582,88,49880,0.011076823049618888,0.013080826823202095,36,49827,0.0763440130738733,0.0782255561021749,1533,49880,0.018772395668332553,0.020771485594857603,97,49827,0.03050351282594191,0.03249170456793588,247,49797,0.010213267183889985,0.01221767373182222,31,49827,0.07093472906528342,0.07283670386420346,1316,49797,0.046834443006332424,0.04879510825996046,574,49827,0.88975,0.9720581678321122,0.29136,0.39573976226697843,0.29974,False,/data/suehara/part/march/datasets/20250711_ilc_nnqq_sgv_10m_3cat_parquet,val50k_tail,150000,proxy
77,77,9360000,,lr_8_5e-6,4.59e-06,validation_total_reference_mistag_geomean_percent,0.4181146968006318,min,1.0053801993564893,1.0053801993564893,0.5587192743290474,0.312893983996921,0.4181146968006318,,0.1946618409920245,0.07614619921526285,3.226971724544116,0.20038473526716916,0.5203938305189669,0.06412311638345623,2.664255654063055,1.0961044938678626,0.018771266427300707,0.02077023647204029,97,49830,0.01138779712810225,0.013388552715690453,38,49904,0.07823042327021676,0.08010768956213041,1608,49830,0.019045154398996345,0.02104093098496168,100,49904,0.03127230124153274,0.03326059186010448,259,49770,0.010375198191184395,0.012376435617639323,32,49904,0.07123836200599379,0.07314050359142968,1326,49770,0.04563838069418444,0.047598260284579044,547,49904,0.88945,0.9718531086851042,0.29229,0.39573976226697843,0.29727,False,/data/suehara/part/march/datasets/20250711_ilc_nnqq_sgv_10m_3cat_parquet,val50k_tail,150000,proxy
78,78,9480000,,lr_11_25e-6,5.7375000000000005e-06,validation_total_reference_mistag_geomean_percent,0.40968174319781064,min,0.9996134597084361,0.9996134597084361,0.551893375498111,0.3041151391935331,0.40968174319781064,,0.1846685017798464,0.07413938312630357,3.149400831249403,0.19837293991627025,0.5002109272609689,0.06011301275750468,2.677836030145677,1.152166051431514,0.018261109160575516,0.020260921745883835,92,49819,0.011224420433830458,0.013225176264393792,37,49906,0.07731145484740631,0.07919224967554706,1569,49819,0.018944340031119767,0.020940117259118797,99,49906,0.030641140882012915,0.03262988290964183,249,49779,0.01001655366965245,0.012017871600505318,30,49906,0.07141093092292126,0.0733121829906088,1333,49779,0.04680181494656106,0.04875936935487199,575,49906,0.88923,0.9720493799708773,0.29168,0.39573976226697843,0.29783,False,/data/suehara/part/march/datasets/20250711_ilc_nnqq_sgv_10m_3cat_parquet,val50k_tail,150000,proxy
78,78,9480000,,lr_14e-6,6.885e-06,validation_total_reference_mistag_geomean_percent,0.41424128125707027,min,1.008649297896555,1.008649297896555,0.5587523089089084,0.30710537811034605,0.41424128125707027,,0.19289502538281433,0.07406072744594548,3.2068799946173585,0.19415920201326406,0.508266859334882,0.06205088005523983,2.6759346054598074,1.1549470888631297,0.01869275097802349,0.02069428225118734,96,49768,0.011212516221659263,0.013211152701651342,37,49959,0.07803939058366738,0.07991980289161621,1596,49768,0.01872283725239069,0.020716665946924263,97,49959,0.030894088297817295,0.03288258655527064,253,49777,0.010186288406431198,0.012185405664969114,31,49959,0.07138732506280603,0.07328872991359918,1332,49777,0.04683444871553637,0.04878981512640157,577,49959,0.88919,0.971946533171541,0.29207,0.39573976226697843,0.29905,False,/data/suehara/part/march/datasets/20250711_ilc_nnqq_sgv_10m_3cat_parquet,val50k_tail,150000,proxy
78,78,9480000,,lr_3e-6,3e-06,validation_total_reference_mistag_geomean_percent,0.4108162541881548,min,1.0158781516266409,1.0158781516266409,0.553400326005365,0.3049690915858811,0.4108162541881548,,0.1867207409202994,0.07215585523802008,3.268616813518805,0.19642427259238798,0.5119968000199999,0.060129881130447635,2.7045477782222127,1.1264330713709547,0.01836949025124995,0.020369702235587223,93,49807,0.011062396053525063,0.013063792808314285,36,49892,0.07874120813655405,0.08061766907210277,1628,49807,0.018849063304668814,0.02084547866247695,98,49892,0.031001793464262035,0.032989024047425874,255,49805,0.010019363735230434,0.012021242560695242,30,49892,0.0717429429237415,0.07364212985960586,1347,49805,0.04627745052207741,0.04823658574764078,562,49892,0.88952,0.9720016406514658,0.29183,0.39573976226697843,0.29806,False,/data/suehara/part/march/datasets/20250711_ilc_nnqq_sgv_10m_3cat_parquet,val50k_tail,150000,proxy
78,78,9480000,,lr_5_75e-6,3.4425e-06,validation_total_reference_mistag_geomean_percent,0.4149767199254427,min,1.0018839301005387,1.0018839301005387,0.566447574813184,0.30400991325079507,0.4149767199254427,,0.18473523631824387,0.07422564360075193,3.168611139298005,0.1965976510996461,0.5114832820062795,0.06620125375089257,2.6777654575161227,1.135451777214368,0.01826770421190589,0.020268236911545265,92,49801,0.011237476685171553,0.013240556961768346,37,49848,0.07755615356312001,0.07943685670467743,1578,49801,0.01886568699276188,0.020863857561604714,98,49848,0.030970774232955307,0.03295603244454163,255,49855,0.010561994572273248,0.01256539679691947,33,49848,0.07135626880862694,0.07325462545496875,1335,49855,0.04648426406657878,0.048444766713637635,566,49848,0.88931,0.9719857045190207,0.29181,0.39573976226697843,0.29898,False,/data/suehara/part/march/datasets/20250711_ilc_nnqq_sgv_10m_3cat_parquet,val50k_tail,150000,proxy
78,78,9480000,,lr_8_5e-6,4.59e-06,validation_total_reference_mistag_geomean_percent,0.41746123024749604,min,1.0086058214700413,1.0086058214700413,0.5734852449419846,0.30388554944841334,0.41746123024749604,,0.18029206566354997,0.07431211177659196,3.2011859862632215,0.1988351083043937,0.5100913815135772,0.06828680558374674,2.6749674358755886,1.160875676779661,0.018015342403449975,0.02001132429154458,90,49919,0.011250563345956198,0.013255973475864593,37,49790,0.07785484978440373,0.07972980227153523,1598,49919,0.018988438502352607,0.020988846804758647,99,49790,0.03094553806960122,0.03293324425585582,254,49795,0.010747020307039537,0.012752672460859349,34,49790,0.07136186020038036,0.07326261659181023,1332,49795,0.0470336294189971,0.048995394570215504,578,49790,0.88899,0.9718948048459822,0.29243,0.39573976226697843,0.29906,False,/data/suehara/part/march/datasets/20250711_ilc_nnqq_sgv_10m_3cat_parquet,val50k_tail,150000,proxy
79,79,9600000,,lr_11_25e-6,5.7375000000000005e-06,validation_total_reference_mistag_geomean_percent,0.41189436228710835,min,0.9866438984844712,0.9866438984844712,0.549110628697946,0.3089668216515771,0.41189436228710835,,0.18036794444174117,0.08231113427898029,3.088300193183695,0.1987512781330287,0.498041984294837,0.06022765937612026,2.634802665196812,1.1503483289705545,0.018022918473607135,0.02001973732967163,90,49898,0.01188631578472498,0.013890559294879383,41,49811,0.07651209768456853,0.07839236381686487,1541,49898,0.018980439945558127,0.02098000827126926,99,49811,0.03056809118714395,0.03255628132401911,248,49795,0.010035652972566568,0.01204078315563263,30,49811,0.07083102538643395,0.07273339494659921,1312,49795,0.046808185705836565,0.04876954648971848,573,49811,0.88946,0.9720464704053234,0.29152,0.39573976226697843,0.29905,False,/data/suehara/part/march/datasets/20250711_ilc_nnqq_sgv_10m_3cat_parquet,val50k_tail,150000,proxy
79,79,9600000,,lr_14e-6,6.885e-06,validation_total_reference_mistag_geomean_percent,0.41477470900538776,min,0.9883223149849848,0.9883223149849848,0.5561053057820833,0.30936237694865537,0.41477470900538776,,0.19042274919589858,0.07622256878430865,3.114915134889072,0.20259156204412956,0.4823054341050642,0.06619328341795225,2.6386126186446632,1.1353151687987895,0.018545284828463765,0.020542060826119465,95,49889,0.01139921486998538,0.01340197396857511,38,49854,0.07684176751128168,0.07872130589125573,1554,49889,0.019163893587055517,0.021161583224308396,101,49854,0.030078047897974698,0.032068228942952644,240,49761,0.010560723744294266,0.012563885181085315,33,49854,0.07090545591159729,0.07280897214615063,1313,49761,0.04647869977506408,0.04843897195959297,566,49854,0.88945,0.9720376449731915,0.29148,0.39573976226697843,0.29904,False,/data/suehara/part/march/datasets/20250711_ilc_nnqq_sgv_10m_3cat_parquet,val50k_tail,150000,proxy
79,79,9600000,,lr_3e-6,3e-06,validation_total_reference_mistag_geomean_percent,0.41522355196325994,min,0.990327415520769,0.990327415520769,0.556683678875216,0.30971017230708664,0.41522355196325994,,0.19042274919589858,0.07622256878430865,3.128946334387997,0.20259156204412956,0.4843150388924131,0.06619328341795225,2.6386126186446632,1.1353151687987895,0.018545284828463765,0.020542060826119465,95,49889,0.01139921486998538,0.01340197396857511,38,49854,0.07701136233756803,0.07889033823411315,1561,49889,0.019163893587055517,0.021161583224308396,101,49854,0.030142375082525298,0.03213247535880752,241,49761,0.010560723744294266,0.012563885181085315,33,49854,0.07090545591159729,0.07280897214615063,1313,49761,0.04647869977506408,0.04843897195959297,566,49854,0.88948,0.972022330453294,0.29157,0.39573976226697843,0.29907,False,/data/suehara/part/march/datasets/20250711_ilc_nnqq_sgv_10m_3cat_parquet,val50k_tail,150000,proxy
79,79,9600000,,lr_5_75e-6,3.4425e-06,validation_total_reference_mistag_geomean_percent,0.40637260771979977,min,0.9965425207314691,0.9965425207314691,0.5371343276729194,0.30744394427449295,0.40637260771979977,,0.18276027583148172,0.076080643252923,3.2093508778598876,0.20021222446913792,0.48427610122269077,0.05806154665697462,2.6404100258305796,1.121188470728078,0.018166419094069186,0.020167392713542755,91,49792,0.011377996147839284,0.013377031919222154,38,49947,0.07805025610189559,0.079929662809676,1598,49792,0.01902877232567062,0.021022837664624785,100,49947,0.03013995765520387,0.03212989953931536,241,49765,0.00982491920587546,0.011824676491643142,29,49947,0.07092648057745177,0.07282977158228898,1314,49765,0.04614360483602975,0.04810079277309358,560,49947,0.88915,0.9720696687585594,0.29138,0.39573976226697843,0.29778,False,/data/suehara/part/march/datasets/20250711_ilc_nnqq_sgv_10m_3cat_parquet,val50k_tail,150000,proxy
79,79,9600000,,lr_8_5e-6,4.59e-06,validation_total_reference_mistag_geomean_percent,0.40663905922556004,min,0.9972974788751408,0.9972974788751408,0.53755267727191,0.3076076661491668,0.40663905922556004,,0.18476863209637742,0.076080643252923,3.2133675225975145,0.19821010852197007,0.48628552534804853,0.05806154665697462,2.6424194895371804,1.1191863629901382,0.018271003524257947,0.020271896475575115,92,49792,0.011377996147839284,0.013377031919222154,38,49947,0.07809810406550557,0.07997734943697224,1600,49792,0.018928802454272496,0.020922947961491637,99,49947,0.03020414465966176,0.03219400578806089,242,49765,0.00982491920587546,0.011824676491643142,29,49947,0.07095311939474234,0.07285632964386703,1315,49765,0.04610196799171972,0.04805923609704863,559,49947,0.88915,0.9720700724266086,0.29138,0.39573976226697843,0.29923,False,/data/suehara/part/march/datasets/20250711_ilc_nnqq_sgv_10m_3cat_parquet,val50k_tail,150000,proxy
80,80,9720000,,lr_11_25e-6,4.7334375e-06,validation_total_reference_mistag_geomean_percent,0.41875796960742717,min,1.0109407715541012,1.0109407715541012,0.5695876059278415,0.30786877257288886,0.41875796960742717,,0.18044388711640116,0.08031322156409999,3.2499950563982822,0.19074389186460536,0.5017863735781788,0.06826624000266665,2.6614749711053554,1.1545025308032202,0.01803050091843401,0.020028157444679055,90,49877,0.011730633999159062,0.01373519918321062,40,49805,0.07846675055822802,0.0803413247196745,1621,49877,0.01857653729809398,0.020576668049360355,95,49805,0.030677819869552765,0.03266478226204451,250,49822,0.01074378442964671,0.01274883337000212,34,49805,0.07116498497928524,0.07306525293382556,1326,49822,0.04689620416738344,0.04885763441434231,575,49805,0.88913,0.9719680310651988,0.29209,0.39573976226697843,0.2984,False,/data/suehara/part/march/datasets/20250711_ilc_nnqq_sgv_10m_3cat_parquet,val50k_tail,150000,proxy
80,80,9720000,,lr_14e-6,6.024375e-06,validation_total_reference_mistag_geomean_percent,0.4005225796715717,min,0.9875886350112575,0.9875886350112575,0.5409689515115808,0.29653889817248846,0.4005225796715717,,0.18072289821111465,0.07204755420012968,3.1907630680957166,0.18612285107854465,0.4905804525817268,0.06003962673997286,2.6036955544270244,1.116737074755831,0.018058357885196073,0.020059091890876055,90,49800,0.011045796147588622,0.013044193219659392,36,49967,0.07782222585029294,0.07970207713632396,1589,49800,0.018310715944613497,0.02030454708289897,93,49967,0.030349154434857785,0.032339963053894076,244,49737,0.010004328186222515,0.012003205882902254,30,49967,0.07045737812333766,0.07236321690101272,1295,49737,0.04604195406120223,0.04799853679229218,558,49967,0.88962,0.9721123244862473,0.2908,0.39573976226697843,0.29824,False,/data/suehara/part/march/datasets/20250711_ilc_nnqq_sgv_10m_3cat_parquet,val50k_tail,150000,proxy
80,80,9720000,,lr_3e-6,3e-06,validation_total_reference_mistag_geomean_percent,0.40947969918342425,min,1.014413175351113,1.014413175351113,0.5481521076611507,0.30588886132131377,0.40947969918342425,,0.18892572822715736,0.0741557250310785,3.2479148720798374,0.1924040560334537,0.5255345679952849,0.05611784912724482,2.6938662093583243,1.1363863949565225,0.018492206978162982,0.02049442075193475,94,49755,0.011226894287591514,0.01322809054672947,37,49895,0.07853712379192468,0.08041637796097345,1616,49755,0.018645210777396136,0.020641667244908478,96,49895,0.031404717312388114,0.03338945165955818,262,49854,0.009648380080160848,0.01165029935836033,28,49895,0.07156830969587795,0.0734660585239199,1343,49854,0.04648212538028804,0.04844074385024714,567,49895,0.88915,0.9718411971151638,0.29241,0.39573976226697843,0.29742,False,/data/suehara/part/march/datasets/20250711_ilc_nnqq_sgv_10m_3cat_parquet,val50k_tail,150000,proxy
80,80,9720000,,lr_5_75e-6,3e-06,validation_total_reference_mistag_geomean_percent,0.4063008872691665,min,0.997226071235161,0.997226071235161,0.5453673703189761,0.302695797328614,0.4063008872691665,,0.18467220683287167,0.07418546093558624,3.183588314657939,0.1924812030075188,0.4858364543842967,0.06015037593984962,2.6580474265729914,1.1388471275502354,0.01826147542738671,0.020261328005446024,92,49818,0.011231394998408917,0.013233392533750183,37,49875,0.07772253150428905,0.07960199161945458,1586,49818,0.0186526813748801,0.02064993531653511,96,49875,0.030176313213301983,0.032164354791161705,242,49811,0.01002277807811441,0.012025338412706584,30,49875,0.07112749280860434,0.07302831801460907,1324,49811,0.046542055444804414,0.048501360636969,568,49875,0.88925,0.9720453458117353,0.29151,0.39573976226697843,0.29763,False,/data/suehara/part/march/datasets/20250711_ilc_nnqq_sgv_10m_3cat_parquet,val50k_tail,150000,proxy
80,80,9720000,,lr_8_5e-6,3.4425e-06,validation_total_reference_mistag_geomean_percent,0.40677982064961105,min,0.9969751094580348,0.9969751094580348,0.5452643567347045,0.30346715394829704,0.40677982064961105,,0.1866795099981895,0.07418546093558624,3.181581045911514,0.1924812030075188,0.4858364543842967,0.06015037593984962,2.656039697937087,1.1388471275502354,0.01836543744196651,0.02036520943604792,93,49818,0.011231394998408917,0.013233392533750183,37,49875,0.07769850745578608,0.07957804815493033,1585,49818,0.0186526813748801,0.02064993531653511,96,49875,0.030176313213301983,0.032164354791161705,242,49811,0.01002277807811441,0.012025338412706584,30,49875,0.07110097573355886,0.07300188154619192,1323,49811,0.046542055444804414,0.048501360636969,568,49875,0.88926,0.9720466999905364,0.2915,0.39573976226697843,0.29763,False,/data/suehara/part/march/datasets/20250711_ilc_nnqq_sgv_10m_3cat_parquet,val50k_tail,150000,proxy
81,81,9840000,,lr_11_25e-6,7.681078125e-06,validation_total_reference_mistag_geomean_percent,0.4177553054779489,min,0.9929109995656938,0.9929109995656938,0.5604059527206373,0.3114162053556424,0.4177553054779489,,0.17822455750347252,0.07848503946000147,3.1519714881631833,0.21331830661407836,0.4892132494558346,0.06641041800461663,2.5964391470965222,1.1692257902278407,0.0179034107750385,0.01989875602062504,89,49937,0.011598091321955077,0.013607328823463072,39,49691,0.07725205752178686,0.07912830520955746,1574,49937,0.019719317194019148,0.021723127935903634,106,49691,0.030264762817125857,0.03225007816292222,244,49876,0.010595356956534963,0.01260508043651672,33,49691,0.07026353023134972,0.0721643486779628,1295,49876,0.04725010193588567,0.04921543938193173,581,49691,0.88919,0.9720612929049905,0.29174,0.39573976226697843,0.29708,False,/data/suehara/part/march/datasets/20250711_ilc_nnqq_sgv_10m_3cat_parquet,val50k_tail,150000,proxy
81,81,9840000,,lr_14e-6,9.21729375e-06,validation_total_reference_mistag_geomean_percent,0.3964603027093536,min,0.9771211304066314,0.9771211304066314,0.5440167078892283,0.2889263681519082,0.3964603027093536,,0.17633857868135036,0.0721833471114942,3.0678904648507554,0.17845327065394562,0.5047559632462241,0.05814769358010991,2.620306979262167,1.1388927458670042,0.017809132506387233,0.01980587277008606,88,49904,0.011066609286919545,0.013068767391515187,36,49873,0.07625897463214536,0.07813983264839744,1531,49904,0.017926368001961922,0.019924264570462116,89,49873,0.030799348940923656,0.03278998777749131,251,49727,0.009839493916792823,0.01184221486577844,29,49873,0.07068600540887995,0.0725915593472827,1303,49727,0.0465439117739011,0.048503293704859826,568,49873,0.88987,0.972180537599947,0.29048,0.39573976226697843,0.29903,False,/data/suehara/part/march/datasets/20250711_ilc_nnqq_sgv_10m_3cat_parquet,val50k_tail,150000,proxy
81,81,9840000,,lr_3e-6,3.07243125e-06,validation_total_reference_mistag_geomean_percent,0.4110647795310673,min,0.9916110075539843,0.9916110075539843,0.5637876460868841,0.29971258530358913,0.4110647795310673,,0.1764552631950228,0.07439428864003209,3.0879669604120994,0.1990549869354978,0.5030261703172191,0.06434100733889615,2.6494047318855247,1.1782446517075837,0.017820908072894492,0.01981896488815933,88,49871,0.01126300129781632,0.013270625783511363,37,49735,0.07652850273769524,0.0784098001809605,1540,49871,0.019009419087551813,0.021012030677086464,99,49735,0.03069404245917293,0.03267792886277243,251,49898,0.010410444537778733,0.012418473289293162,32,49735,0.07095214376697905,0.07285000124765996,1322,49898,0.047413099491474056,0.04937633559019966,586,49735,0.88919,0.972086709530838,0.29154,0.39573976226697843,0.29727,False,/data/suehara/part/march/datasets/20250711_ilc_nnqq_sgv_10m_3cat_parquet,val50k_tail,150000,proxy
81,81,9840000,,lr_5_75e-6,4.608646875e-06,validation_total_reference_mistag_geomean_percent,0.4174957073785715,min,0.9929097670701131,0.9929097670701131,0.5598876197211422,0.3113172349950282,0.4174957073785715,,0.17822455750347252,0.07848503946000147,3.147966518991655,0.21331830661407836,0.48720829187832787,0.06641041800461663,2.606464039567855,1.1652009645408985,0.0179034107750385,0.01989875602062504,89,49937,0.011598091321955077,0.013607328823463072,39,49691,0.07720390900819822,0.07908031709672053,1572,49937,0.019719317194019148,0.021723127935903634,106,49691,0.03020098470335646,0.032186380445821824,243,49876,0.010595356956534963,0.01260508043651672,33,49691,0.07039737909752299,0.07229779556079084,1300,49876,0.0471679487551422,0.04913344819401297,579,49691,0.88918,0.9720477096621248,0.29182,0.39573976226697843,0.2971,False,/data/suehara/part/march/datasets/20250711_ilc_nnqq_sgv_10m_3cat_parquet,val50k_tail,150000,proxy
81,81,9840000,,lr_8_5e-6,6.1448625e-06,validation_total_reference_mistag_geomean_percent,0.3958837366438274,min,0.9753660970300443,0.9753660970300443,0.5424701949247723,0.2889079149515545,0.3958837366438274,,0.17433472373362327,0.0721833471114942,3.0678904648507554,0.1804583558529956,0.5047559632462241,0.05814769358010991,2.618295950222972,1.1268622776421797,0.017702418371514577,0.019699238941691212,87,49904,0.011066609286919545,0.013068767391515187,36,49873,0.07625897463214536,0.07813983264839744,1531,49904,0.018031945917056917,0.020029762079215717,90,49873,0.030799348940923656,0.03278998777749131,251,49727,0.009839493916792823,0.01184221486577844,29,49873,0.07065921444052471,0.07256484925810859,1302,49727,0.046294986438553086,0.04825485080756035,562,49873,0.88986,0.9721695380926922,0.29052,0.39573976226697843,0.29905,False,/data/suehara/part/march/datasets/20250711_ilc_nnqq_sgv_10m_3cat_parquet,val50k_tail,150000,proxy
82,82,9960000,,lr_11_25e-6,7.681078125e-06,validation_total_reference_mistag_geomean_percent,0.3910140860814819,min,0.985677886095356,0.985677886095356,0.5286478961542826,0.2892133244572981,0.3910140860814819,,0.16079109532947208,0.07219492488713815,3.163564747487992,0.19051439701158446,0.48712036539379067,0.05414619605126703,2.6320537567741917,1.1250376058274119,0.016988567738445003,0.01899195268097644,80,49754,0.011068384240207929,0.013070863086463862,36,49865,0.07753172883397039,0.07941441138894847,1574,49754,0.018554203370152348,0.02055193671997586,95,49865,0.0301955481012685,0.032180589179852795,243,49885,0.009463951865056476,0.011467154600598706,27,49865,0.07073149089686925,0.07263053857663598,1313,49885,0.0462607465663541,0.04822099853757592,561,49865,0.8899,0.9724020268835005,0.28993,0.3910140860814819,0.29778,False,/data/suehara/part/march/datasets/20250711_ilc_nnqq_sgv_10m_3cat_parquet,val50k_tail,150000,proxy
82,82,9960000,,lr_14e-6,9.21729375e-06,validation_total_reference_mistag_geomean_percent,0.41565716036982453,min,0.9960733440008382,0.9960733440008382,0.5690659919400091,0.30360428740032586,0.41565716036982453,,0.19088954481278866,0.07215296357816693,3.140635396891233,0.19641640757939077,0.5116064627162574,0.06814446660193275,2.656340865732601,1.1324006440943362,0.018590709949930694,0.02059236203378848,95,49767,0.011061952741885648,0.013063269388271712,36,49894,0.07724569854969839,0.07912881077599618,1563,49767,0.018848308378542754,0.020844644027294197,98,49894,0.030978213186069053,0.03296394440971753,255,49843,0.010724624899812981,0.01272610222354209,34,49894,0.07108242577496156,0.07298209911937754,1324,49843,0.0464001872268513,0.04835900471600041,565,49894,0.88985,0.9721406545509872,0.29094,0.3910140860814819,0.2978,False,/data/suehara/part/march/datasets/20250711_ilc_nnqq_sgv_10m_3cat_parquet,val50k_tail,150000,proxy
82,82,9960000,,lr_3e-6,3.07243125e-06,validation_total_reference_mistag_geomean_percent,0.39280227694429115,min,0.9871847413723209,0.9871847413723209,0.5284389311652531,0.29198005611053096,0.39280227694429115,,0.1668207532185083,0.07219492488713815,3.1675844594737472,0.19051439701158446,0.4851157564688701,0.05414619605126703,2.6340584570384427,1.1270429868290093,0.0173213168864376,0.01932445945469687,83,49754,0.011068384240207929,0.013070863086463862,36,49865,0.07758001192124005,0.07946253289336999,1576,49754,0.018554203370152348,0.02055193671997586,95,49865,0.030131648348711345,0.03211676979495816,242,49885,0.009463951865056476,0.011467154600598706,27,49865,0.07075807918041112,0.07265704649251532,1314,49885,0.04630237395867286,0.04826254549775179,562,49865,0.88986,0.97238711306643,0.29001,0.3910140860814819,0.2978,False,/data/suehara/part/march/datasets/20250711_ilc_nnqq_sgv_10m_3cat_parquet,val50k_tail,150000,proxy
82,82,9960000,,lr_5_75e-6,4.608646875e-06,validation_total_reference_mistag_geomean_percent,0.4129657625432135,min,0.9960715586620139,0.9960715586620139,0.5647190293344861,0.30199216278204355,0.4129657625432135,,0.1848614453087008,0.07215296357816693,3.1426448140258554,0.19842065202450465,0.50759384746935,0.06614021467150145,2.656340865732601,1.140417666485431,0.01828017453704405,0.020282068868567146,92,49767,0.011061952741885648,0.013063269388271712,36,49894,0.0772699315807937,0.07915296305786995,1564,49767,0.01894889244113563,0.020945147751215594,99,49894,0.030853274572857203,0.03283916680282785,253,49843,0.010552259366753509,0.012553817029154141,33,49894,0.07108242577496156,0.07298209911937754,1324,49843,0.046565765799537646,0.048524261934000494,569,49894,0.88981,0.9721253825715795,0.291,0.3910140860814819,0.29783,False,/data/suehara/part/march/datasets/20250711_ilc_nnqq_sgv_10m_3cat_parquet,val50k_tail,150000,proxy
82,82,9960000,,lr_8_5e-6,6.1448625e-06,validation_total_reference_mistag_geomean_percent,0.4141555497052297,min,0.9945655651551613,0.9945655651551613,0.5683414565850506,0.3017988875600751,0.4141555497052297,,0.1848614453087008,0.07215296357816693,3.1346073534920165,0.19842065202450465,0.50759384746935,0.06814446660193275,2.6543346383055937,1.136409154461025,0.01828017453704405,0.020282068868567146,92,49767,0.011061952741885648,0.013063269388271712,36,49894,0.07717294826932244,0.07905630274328487,1560,49767,0.01894889244113563,0.020945147751215594,99,49894,0.030853274572857203,0.03283916680282785,253,49843,0.010724624899812981,0.01272610222354209,34,49894,0.07105592502822215,0.07295567887579922,1323,49843,0.04648305197092143,0.04844170878272724,567,49894,0.88979,0.9721293567785213,0.29099,0.3910140860814819,0.29782,False,/data/suehara/part/march/datasets/20250711_ilc_nnqq_sgv_10m_3cat_parquet,val50k_tail,150000,proxy
83,83,10080000,,lr_11_25e-6,9.793374609375e-06,validation_total_reference_mistag_geomean_percent,0.4033834672452312,min,0.9943462335572205,0.9943462335572205,0.5448265757133103,0.2986605810000124,0.4033834672452312,,0.1824305282524026,0.07221085357689218,3.1694800198793756,0.19055643082594537,0.5063494565334965,0.05816985783107806,2.644269298992855,1.1313034225657195,0.018133667747967094,0.020131044387861844,91,49882,0.011070825730847514,0.013073745764717776,36,49854,0.07750433117030588,0.07938194558913605,1581,49882,0.018558293902488962,0.02055646634558351,95,49854,0.030836911366718175,0.03282584626749961,252,49768,0.009843243051559477,0.011846726358911618,29,49854,0.07097552436736432,0.07287854554881984,1316,49768,0.04639569382759636,0.04835612694740563,564,49854,0.88965,0.9721951426031189,0.29076,0.3910140860814819,0.29766,False,/data/suehara/part/march/datasets/20250711_ilc_nnqq_sgv_10m_3cat_parquet,val50k_tail,150000,proxy
83,83,10080000,,lr_14e-6,1.1752049531249999e-05,validation_total_reference_mistag_geomean_percent,0.3986861663666066,min,0.9885209091473101,0.9885209091473101,0.5467013577006179,0.29074495062649053,0.3986861663666066,,0.18306544109061595,0.06808306366472881,3.146311451995658,0.18222231366950964,0.4974326083408919,0.060073290587823604,2.6375963325755585,1.133382771253694,0.01819672814857103,0.020201030484484694,91,49709,0.010714963484213162,0.012714639773306693,34,49939,0.07735867941597377,0.07924376042449874,1564,49709,0.018112986238640157,0.020108091472471976,91,49939,0.030530775359409283,0.03251655739178565,248,49856,0.010009936176135013,0.012009933241036391,30,49939,0.07082529505419051,0.07272522500275276,1315,49856,0.04640001517361124,0.04835702828026242,566,49939,0.88968,0.972091893776506,0.2909,0.3910140860814819,0.29796,False,/data/suehara/part/march/datasets/20250711_ilc_nnqq_sgv_10m_3cat_parquet,val50k_tail,150000,proxy
83,83,10080000,,lr_3e-6,3.91734984375e-06,validation_total_reference_mistag_geomean_percent,0.4067070864518694,min,1.004565593226036,1.004565593226036,0.5556475843554223,0.29768986463254876,0.4067070864518694,,0.19105845497800333,0.06808442734946127,3.1735816374288546,0.19023589645937602,0.5136127440162109,0.06007449325162948,2.69245428962515,1.147422802699602,0.018607147429736907,0.020610563950375207,95,49723,0.010715177993218371,0.012714894270088685,34,49938,0.07767589512829645,0.07955934852535637,1578,49723,0.018527102735123313,0.02052192698500789,95,49938,0.03104049621178379,0.03302614693227118,256,49843,0.010010136577772269,0.012010173643297402,30,49938,0.07155759753273323,0.07345582182024975,1342,49843,0.046689794160733114,0.04864628416636867,573,49938,0.88965,0.9720609348817181,0.29124,0.3910140860814819,0.29682,False,/data/suehara/part/march/datasets/20250711_ilc_nnqq_sgv_10m_3cat_parquet,val50k_tail,150000,proxy
83,83,10080000,,lr_5_75e-6,5.8760247656249995e-06,validation_total_reference_mistag_geomean_percent,0.399625018661931,min,0.9890216204849233,0.9890216204849233,0.5465642531729757,0.2921891700992876,0.399625018661931,,0.18708885898634015,0.06808306366472881,3.140276480030667,0.18222231366950964,0.4954268119825917,0.060073290587823604,2.6456193737040308,1.133382771253694,0.018405676207789313,0.02040981666817359,93,49709,0.010714963484213162,0.012714639773306693,34,49939,0.07728587405093114,0.07917119787275023,1561,49709,0.018112986238640157,0.020108091472471976,91,49939,0.030467496368734477,0.03245335886229526,247,49856,0.010009936176135013,0.012009933241036391,30,49939,0.07093155441988477,0.07283116252370866,1319,49856,0.04640001517361124,0.04835702828026242,566,49939,0.88967,0.9720700510197723,0.29102,0.3910140860814819,0.29799,False,/data/suehara/part/march/datasets/20250711_ilc_nnqq_sgv_10m_3cat_parquet,val50k_tail,150000,proxy
83,83,10080000,,lr_8_5e-6,7.8346996875e-06,validation_total_reference_mistag_geomean_percent,0.40508662386853034,min,0.9852401664397589,0.9852401664397589,0.5504182425055477,0.2981281508589356,0.40508662386853034,,0.1804294206997609,0.07424649819273402,3.0933620818644,0.19063290146557188,0.5081443751559457,0.06019986472667116,2.6371288066968006,1.1377773827161866,0.018029056151383657,0.020026553067224034,90,49881,0.011240632746087224,0.013244274905277595,37,49834,0.07658650374962397,0.07846720772291885,1543,49881,0.018565735856726884,0.02056470714593202,95,49834,0.03088665959102236,0.0328746835167407,253,49789,0.010031022251533031,0.012035228136411278,30,49834,0.07086609875130746,0.07276860412656107,1313,49789,0.04653871509050361,0.04849967516189803,567,49834,0.88966,0.9721996948386952,0.29069,0.3910140860814819,0.29767,False,/data/suehara/part/march/datasets/20250711_ilc_nnqq_sgv_10m_3cat_parquet,val50k_tail,150000,proxy
84,84,10200000,,lr_11_25e-6,9.793374609375e-06,validation_total_reference_mistag_geomean_percent,0.4106718873028108,min,1.0015744444867019,1.0015744444867019,0.57688104478649,0.29235039102952715,0.4106718873028108,,0.17685598122200533,0.06806397781273849,3.1251255473267374,0.19418253585040549,0.5081035602137918,0.06806397781273849,2.6750747129803125,1.1971252626748852,0.017861348692012377,0.01986392687955804,88,49758,0.010711961259689056,0.012711077887781233,34,49953,0.0770652470035011,0.07894932322657783,1555,49758,0.018725084230376096,0.02071915147097425,97,49953,0.030884184149258462,0.032872050014676364,253,49793,0.010711961259689056,0.012711077887781233,34,49953,0.07136468873259819,0.07326551715330365,1332,49793,0.047692553720225274,0.04964646630789497,598,49953,0.88954,0.9719531361588386,0.29195,0.3910140860814819,0.29818,False,/data/suehara/part/march/datasets/20250711_ilc_nnqq_sgv_10m_3cat_parquet,val50k_tail,150000,proxy
84,84,10200000,,lr_14e-6,1.1752049531249999e-05,validation_total_reference_mistag_geomean_percent,0.4118157267188722,min,0.9936347377318117,0.9936347377318117,0.5584512678505035,0.30368306517730453,0.4118157267188722,,0.184413087116049,0.07428973140344475,3.1550674413357958,0.19676738945615507,0.5159502846756641,0.06425057725127999,2.6520247405225503,1.1063146500935546,0.018235872183390674,0.020232929126391665,92,49888,0.011247175943515587,0.013251983005719073,37,49805,0.0773267442816146,0.07920471067296778,1574,49888,0.018881961224216516,0.02088185009733088,98,49805,0.0311225900763404,0.0331094225547752,257,49811,0.0103958164470906,0.012401026639547287,32,49805,0.07104790900234158,0.07294897602823126,1321,49811,0.045897282879288695,0.04786064815146297,551,49805,0.88947,0.9720206866417556,0.29148,0.3910140860814819,0.2973,False,/data/suehara/part/march/datasets/20250711_ilc_nnqq_sgv_10m_3cat_parquet,val50k_tail,150000,proxy
84,84,10200000,,lr_3e-6,3.91734984375e-06,validation_total_reference_mistag_geomean_percent,0.41395200574287017,min,1.0029074230107033,1.0029074230107033,0.5600000407040786,0.3059933046488745,0.41395200574287017,,0.18641757286004085,0.07428973140344475,3.2172064779563847,0.19676738945615507,0.5199654646961254,0.06425057725127999,2.656039697937087,1.1083224725251077,0.018339688678539204,0.02033666526354311,93,49888,0.011247175943515587,0.013251983005719073,37,49805,0.07806947516554794,0.07994495045899261,1605,49888,0.018881961224216516,0.02088185009733088,98,49805,0.031246621915025346,0.033233293180203335,259,49811,0.0103958164470906,0.012401026639547287,32,49805,0.07110097573355886,0.07300188154619192,1323,49811,0.045939348208419786,0.04790263285454344,552,49805,0.88949,0.9719902041326768,0.29165,0.3910140860814819,0.29791,False,/data/suehara/part/march/datasets/20250711_ilc_nnqq_sgv_10m_3cat_parquet,val50k_tail,150000,proxy
84,84,10200000,,lr_5_75e-6,5.8760247656249995e-06,validation_total_reference_mistag_geomean_percent,0.41375351824987777,min,1.0043355123466693,1.0043355123466693,0.5773385865722213,0.2965191966131246,0.41375351824987777,,0.18489488673777552,0.06806397781273849,3.131154729167132,0.19618441430738065,0.5081035602137918,0.06806397781273849,2.679091367129254,1.1991271855925425,0.018283478355842778,0.020285733429647533,92,49758,0.010711961259689056,0.012711077887781233,34,49953,0.07713813818683614,0.07902197207460687,1558,49758,0.018826065230203377,0.02082005232179368,98,49953,0.030884184149258462,0.032872050014676364,253,49793,0.010711961259689056,0.012711077887781233,34,49953,0.07141753611082692,0.07331820320169956,1334,49793,0.047732759908426445,0.04968659234708822,599,49953,0.88953,0.9719431287198713,0.292,0.3910140860814819,0.29563,False,/data/suehara/part/march/datasets/20250711_ilc_nnqq_sgv_10m_3cat_parquet,val50k_tail,150000,proxy
84,84,10200000,,lr_8_5e-6,7.8346996875e-06,validation_total_reference_mistag_geomean_percent,0.4082512221744527,min,0.9887093403928664,0.9887093403928664,0.5602806168447491,0.29747425735614463,0.4082512221744527,,0.18661582721816442,0.07217321642423473,3.1182902884832475,0.18644746344280066,0.512161330819208,0.06415396952686447,2.629094872631153,1.1407377545972588,0.0183591775257567,0.020358269915505253,93,49835,0.011065056669707338,0.013066934209623635,36,49880,0.07692374133046291,0.07880518083771965,1554,49835,0.018342627739537706,0.02033992340426229,93,49880,0.031011732745394368,0.03299959531535722,255,49789,0.010380189042512311,0.012382388117529779,32,49880,0.07075943893311148,0.07266226701987677,1309,49789,0.046578764778885604,0.048537797766570745,569,49880,0.8898,0.9721386339910758,0.29096,0.3910140860814819,0.29715,False,/data/suehara/part/march/datasets/20250711_ilc_nnqq_sgv_10m_3cat_parquet,val50k_tail,150000,proxy
85,85,10320000,,lr_11_25e-6,9.793374609375e-06,validation_total_reference_mistag_geomean_percent,0.42174492387028734,min,0.9975671102261738,0.9975671102261738,0.5653095513544015,0.31463961715171107,0.42174492387028734,,0.1886565200840203,0.0803567872744355,3.154979345936088,0.2049097932285843,0.5150300667348071,0.06629434901368947,2.6352704262510507,1.135039593286716,0.018465877651504703,0.020465249216130025,94,49826,0.011736994779754572,0.0137426454845047,40,49778,0.07737320255198459,0.07925350924000221,1572,49826,0.019292439058898946,0.021293085524295596,102,49778,0.031067211645937048,0.033050537428581855,257,49900,0.010576843529451506,0.012583059228967342,33,49778,0.07076365487123197,0.0726620027784456,1315,49900,0.04650773309049193,0.04847100918781294,565,49778,0.88944,0.9720140415478337,0.29167,0.3910140860814819,0.29818,False,/data/suehara/part/march/datasets/20250711_ilc_nnqq_sgv_10m_3cat_parquet,val50k_tail,150000,proxy
85,85,10320000,,lr_14e-6,1.1752049531249999e-05,validation_total_reference_mistag_geomean_percent,0.39621207615455817,min,0.9764775191311498,0.9764775191311498,0.5423798970874343,0.2894355232074518,0.39621207615455817,,0.17683820965991673,0.06815949154616795,3.1569640137606556,0.18443156265224833,0.4974126360995004,0.06214542043554139,2.5813310204708224,1.0845377984243454,0.017859555403489255,0.019861933097680556,88,49763,0.010726989229769645,0.012728907299963926,34,49883,0.07744545168663804,0.07932805903293691,1571,49763,0.01823769860539591,0.020234954977383986,92,49883,0.030529553432085462,0.03251525660896695,248,49858,0.010201804208037147,0.01220396340055245,31,49883,0.07007375777871791,0.07197586849172904,1287,49858,0.04540370183196592,0.0473648702299094,541,49883,0.88987,0.9721323171824351,0.29053,0.3910140860814819,0.29681,False,/data/suehara/part/march/datasets/20250711_ilc_nnqq_sgv_10m_3cat_parquet,val50k_tail,150000,proxy
85,85,10320000,,lr_3e-6,3.91734984375e-06,validation_total_reference_mistag_geomean_percent,0.3974826429886794,min,0.9767295666914084,0.9767295666914084,0.5413946408090755,0.2918249268983482,0.3974826429886794,,0.18286679642798107,0.06815949154616795,3.1549544750650593,0.18443156265224833,0.49540696303194864,0.06214542043554139,2.587348066930892,1.0785237574414288,0.01817699752210008,0.020179132929680682,91,49763,0.010726989229769645,0.012728907299963926,34,49883,0.07742127626885545,0.07930396437735646,1570,49763,0.01823769860539591,0.020234954977383986,92,49883,0.030466276962225376,0.032452060593836374,247,49858,0.010201804208037147,0.01220396340055245,31,49883,0.0701543977118392,0.07205626706066198,1290,49858,0.04527626111763532,0.047237670637899874,538,49883,0.88992,0.972107096145631,0.29065,0.3910140860814819,0.29684,False,/data/suehara/part/march/datasets/20250711_ilc_nnqq_sgv_10m_3cat_parquet,val50k_tail,150000,proxy
85,85,10320000,,lr_5_75e-6,5.8760247656249995e-06,validation_total_reference_mistag_geomean_percent,0.4070353019054007,min,0.9839729087701964,0.9839729087701964,0.538934131478434,0.30741741396620087,0.4070353019054007,,0.18076644575809536,0.0800977207837648,3.1433276292891694,0.19623941136321293,0.5122847983300717,0.05807084841991575,2.61767473665879,1.0833216795585516,0.018062706985165555,0.020063921452226678,90,49788,0.0116991674226922,0.01369836254807397,40,49939,0.07726206371164446,0.07914427352869319,1565,49788,0.018831338513387863,0.020825882389555964,98,49939,0.031019191389582233,0.03300752821347375,255,49777,0.00982649276836411,0.011826570027217445,29,49939,0.07061591826402376,0.07251966390146476,1303,49777,0.04535304893136232,0.04731206688681263,541,49939,0.89027,0.972197447284171,0.2904,0.3910140860814819,0.29707,False,/data/suehara/part/march/datasets/20250711_ilc_nnqq_sgv_10m_3cat_parquet,val50k_tail,150000,proxy
85,85,10320000,,lr_8_5e-6,7.8346996875e-06,validation_total_reference_mistag_geomean_percent,0.39702588475356465,min,0.9759764642791371,0.9759764642791371,0.5417315916556877,0.29097352931290105,0.39702588475356465,,0.18085725721756674,0.06815949154616795,3.152945028110444,0.18443156265224833,0.4974126360995004,0.06214542043554139,2.583336560730198,1.0785237574414288,0.01807177434168621,0.0200739905114704,90,49763,0.010726989229769645,0.012728907299963926,34,49883,0.07739709237956222,0.07927986125026709,1569,49763,0.01823769860539591,0.020234954977383986,92,49883,0.030529553432085462,0.03251525660896695,248,49858,0.010201804208037147,0.01220396340055245,31,49883,0.07010064903067888,0.07200267928896102,1288,49858,0.04527626111763532,0.047237670637899874,538,49883,0.8899,0.9721203692170759,0.29058,0.3910140860814819,0.29683,False,/data/suehara/part/march/datasets/20250711_ilc_nnqq_sgv_10m_3cat_parquet,val50k_tail,150000,proxy
86,86,10440000,,lr_11_25e-6,9.793374609375e-06,validation_total_reference_mistag_geomean_percent,0.4165176384534576,min,0.9994461339605787,0.9994461339605787,0.5564017055746624,0.31180160198046936,0.4165176384534576,,0.19258545979778527,0.07820176417910533,3.193708876935168,0.19650698754812077,0.5162197333531621,0.062160373460009376,2.6132370489034917,1.142948827507787,0.018662776182705842,0.02066110772557339,96,49848,0.011556243037127425,0.013558240079133282,39,49871,0.07782038318030274,0.07969830615268056,1592,49848,0.018856993681623243,0.020854246368981737,98,49871,0.031138805326195052,0.033126664573979434,257,49785,0.010204258393337712,0.01220689873766863,31,49871,0.07055118406959354,0.07245480207791893,1301,49785,0.04662844439588844,0.048587742246068016,570,49871,0.8895,0.9720582277249221,0.29147,0.3910140860814819,0.29779,False,/data/suehara/part/march/datasets/20250711_ilc_nnqq_sgv_10m_3cat_parquet,val50k_tail,150000,proxy
86,86,10440000,,lr_14e-6,1.1752049531249999e-05,validation_total_reference_mistag_geomean_percent,0.41353571148894935,min,0.9915305926240628,0.9915305926240628,0.5641144240304788,0.3031508810833596,0.41353571148894935,,0.1809154316424226,0.07617214868409172,3.1197862287591724,0.1964439614344438,0.5113294393773915,0.06614949689399366,2.652897528311209,1.128550505889778,0.01807758222890836,0.020080440014866113,90,49747,0.011391676593163175,0.013393112924583278,38,49887,0.07700903904352789,0.07889374652452208,1552,49747,0.018850950884582433,0.020847565542882758,98,49887,0.030961480564128518,0.03294614782740424,255,49870,0.010553739653222096,0.012555577790735547,33,49887,0.0710179578659844,0.07291674082467413,1323,49870,0.04632363505152129,0.04828288174314327,563,49887,0.88977,0.9720067768952912,0.29136,0.3910140860814819,0.29778,False,/data/suehara/part/march/datasets/20250711_ilc_nnqq_sgv_10m_3cat_parquet,val50k_tail,150000,proxy
86,86,10440000,,lr_3e-6,3.91734984375e-06,validation_total_reference_mistag_geomean_percent,0.4141907889121944,min,1.009936959880962,1.009936959880962,0.5702719277106941,0.3008284316368058,0.4141907889121944,,0.17616912580157273,0.0723545351022392,3.2290999375413847,0.19897498251500054,0.52011166972782,0.06632499148672748,2.6668272666159907,1.1496331702569607,0.017792032162943512,0.019786860536720595,88,49952,0.01109284771249713,0.013099747200509342,36,49755,0.07816120502600957,0.08003380126904089,1613,49952,0.019001784421635633,0.021003594254524575,99,49755,0.03125538572258165,0.03324260964107997,259,49797,0.010581731589720197,0.012588873442262092,33,49755,0.0712532161489407,0.07315422312436509,1328,49797,0.04681927910766201,0.04878287613303868,572,49755,0.88924,0.9720544181373381,0.29156,0.3910140860814819,0.29759,False,/data/suehara/part/march/datasets/20250711_ilc_nnqq_sgv_10m_3cat_parquet,val50k_tail,150000,proxy
86,86,10440000,,lr_5_75e-6,5.8760247656249995e-06,validation_total_reference_mistag_geomean_percent,0.4159848710435105,min,0.9996963381733135,0.9996963381733135,0.5563466203996007,0.31103525498689316,0.4159848710435105,,0.19057937222568533,0.07820176417910533,3.1957149254640185,0.19650698754812077,0.5142111077633825,0.062160373460009376,2.6132370489034917,1.146959125842694,0.01856052586224333,0.020558937892123267,95,49848,0.011556243037127425,0.013558240079133282,39,49871,0.0778443353193721,0.07972217780473703,1593,49848,0.018856993681623243,0.020854246368981737,98,49871,0.031076573627923914,0.03306451356655067,256,49785,0.010204258393337712,0.01220689873766863,31,49871,0.07055118406959354,0.07245480207791893,1301,49785,0.04671097073068505,0.048670107755283305,572,49871,0.88958,0.9720446311179639,0.29153,0.3910140860814819,0.29781,False,/data/suehara/part/march/datasets/20250711_ilc_nnqq_sgv_10m_3cat_parquet,val50k_tail,150000,proxy
86,86,10440000,,lr_8_5e-6,7.8346996875e-06,validation_total_reference_mistag_geomean_percent,0.42087327110613804,min,1.0013965673624057,1.0013965673624057,0.5746125214301752,0.3082674040772804,0.42087327110613804,,0.18292927333958803,0.07805464053513164,3.16005302597523,0.2001401005134759,0.5101118687408435,0.07004903517971656,2.6650332819088236,1.144801312706437,0.018183204399261688,0.02018602148247282,91,49746,0.011534508740484159,0.013532745355852752,39,49965,0.07749567684681574,0.0793788033441073,1572,49746,0.019021923078500303,0.021015272952491913,100,49965,0.0309467781379069,0.032934563338408565,254,49793,0.01087901064166461,0.012877567699090705,35,49965,0.07123238189245922,0.07313361363774605,1327,49793,0.04662357045455336,0.048579108165759145,572,49965,0.88959,0.9719411451055294,0.29175,0.3910140860814819,0.29646,False,/data/suehara/part/march/datasets/20250711_ilc_nnqq_sgv_10m_3cat_parquet,val50k_tail,150000,proxy
87,87,10560000,,lr_11_25e-6,9.793374609375e-06,validation_total_reference_mistag_geomean_percent,0.4120299952562849,min,0.9750878710765974,0.9750878710765974,0.5664954610965376,0.2996823957993965,0.4120299952562849,,0.17473388916001462,0.07821744430420513,3.002610951104371,0.19654640235750115,0.5074920433338238,0.06818956699624958,2.6497903721708935,1.1231222991857208,0.017742919955065856,0.019744296353117512,87,49790,0.011558560017562055,0.013560957938042729,39,49861,0.0755430319948916,0.0774308185038576,1495,49790,0.01886077239749073,0.020858424060119993,98,49861,0.030847100080423802,0.03283259805344288,253,49853,0.01073172101847561,0.012734521164197939,34,49861,0.07098883453607666,0.07288838962157748,1321,49853,0.046222768894585604,0.04818325494488681,560,49861,0.89007,0.9721739651229715,0.29046,0.3910140860814819,0.29823,False,/data/suehara/part/march/datasets/20250711_ilc_nnqq_sgv_10m_3cat_parquet,val50k_tail,150000,proxy
87,87,10560000,,lr_14e-6,1.1752049531249999e-05,validation_total_reference_mistag_geomean_percent,0.4026041938115554,min,0.9809358204824455,0.9809358204824455,0.5495258973275451,0.29496359982837816,0.4026041938115554,,0.17464619860973782,0.07618436840350039,3.0512898469280145,0.18645121900564282,0.5019072337027767,0.060145553413979674,2.6621160686830496,1.1347460751128626,0.017734022172124553,0.019734397706454625,87,49815,0.011393503138536947,0.013395259980310551,38,49879,0.07612319861472726,0.07800808339984977,1520,49815,0.018342995188398846,0.020340330745257946,93,49879,0.030685193684496046,0.03267262990350227,250,49810,0.010021974493981775,0.012024374431742932,30,49879,0.07118190472323038,0.07308260472760827,1326,49810,0.046455529558081174,0.04841484206467572,566,49879,0.8899,0.9721368224660366,0.2907,0.3910140860814819,0.29766,False,/data/suehara/part/march/datasets/20250711_ilc_nnqq_sgv_10m_3cat_parquet,val50k_tail,150000,proxy
87,87,10560000,,lr_3e-6,3.91734984375e-06,validation_total_reference_mistag_geomean_percent,0.4096577622432544,min,0.9838641422108685,0.9838641422108685,0.5717675147804635,0.2935099980812777,0.4096577622432544,,0.17282262896297984,0.07411858865612829,3.0444919449481938,0.19030448368932376,0.503793518455312,0.06810897169420402,2.6353819611892795,1.1818910400915272,0.017645260038259704,0.01964783935880926,86,49762,0.011221273469017664,0.013221469034421254,37,49920,0.07607986605386689,0.07796703154706909,1515,49762,0.018533777727142327,0.02052931850207954,95,49920,0.030740756302980767,0.032727638124433606,251,49822,0.01071904062451888,0.0127194769549466,34,49920,0.07081976956629099,0.07272108494433827,1313,49822,0.047400781228057985,0.04935659577401507,590,49920,0.88964,0.9720652870870401,0.2912,0.3910140860814819,0.29826,False,/data/suehara/part/march/datasets/20250711_ilc_nnqq_sgv_10m_3cat_parquet,val50k_tail,150000,proxy
87,87,10560000,,lr_5_75e-6,5.8760247656249995e-06,validation_total_reference_mistag_geomean_percent,0.4101246317734591,min,1.0113527966380416,1.0113527966380416,0.5539456155746618,0.30364391170931615,0.4101246317734591,,0.18681075479914025,0.07416613122860378,3.2219833897208696,0.1904265559502371,0.5277627477099022,0.0581302111051978,2.69098777166228,1.140554810928101,0.01837833895597745,0.020379511591414882,93,49783,0.011228469126012188,0.013229945758851634,37,49888,0.0782076107362785,0.08008684971233596,1604,49783,0.018545656263185155,0.02054247213219497,95,49888,0.03147936708723731,0.0334648483760156,263,49833,0.009836536090325471,0.011838655587141428,29,49888,0.0715454537247813,0.0734441177734392,1341,49833,0.04657133590220755,0.048530062080609504,569,49888,0.88941,0.9719018316285984,0.29196,0.3910140860814819,0.29626,False,/data/suehara/part/march/datasets/20250711_ilc_nnqq_sgv_10m_3cat_parquet,val50k_tail,150000,proxy
87,87,10560000,,lr_8_5e-6,7.8346996875e-06,validation_total_reference_mistag_geomean_percent,0.40319452760644797,min,0.9819385918095492,0.9819385918095492,0.5496669391672093,0.2957533289851621,0.40319452760644797,,0.17464619860973782,0.07618436840350039,3.0512898469280145,0.18845605444981275,0.4998996173253784,0.060145553413979674,2.666131292402018,1.138755802943952,0.017734022172124553,0.019734397706454625,87,49815,0.011393503138536947,0.013395259980310551,38,49879,0.07612319861472726,0.07800808339984977,1520,49815,0.018446272186758962,0.020443527356619594,94,49879,0.030622114451426662,0.032609631280297674,249,49810,0.010021974493981775,0.012024374431742932,30,49879,0.07123486408926946,0.07313540287391743,1328,49810,0.04653834323077484,0.048497494963372495,568,49879,0.88991,0.9721230277220428,0.29078,0.3910140860814819,0.29768,False,/data/suehara/part/march/datasets/20250711_ilc_nnqq_sgv_10m_3cat_parquet,val50k_tail,150000,proxy
88,88,10680000,,lr_11_25e-6,9.793374609375e-06,validation_total_reference_mistag_geomean_percent,0.41158853657636607,min,0.9822967518392205,0.9822967518392205,0.5631448825232857,0.3008197866986207,0.41158853657636607,,0.1749587697869783,0.07606541960357771,3.1050154105388637,0.1981704311670417,0.5038036266696433,0.06805853233170758,2.60733432132165,1.1249675032943012,0.017765739017808396,0.01976968219660135,87,49726,0.011375719267519093,0.013374355505308516,38,49957,0.07684597499762608,0.07873207247043428,1544,49726,0.018925016666851598,0.020918764598051084,99,49957,0.03074137190659616,0.032728293201728875,251,49821,0.01071110379023848,0.012710060572722316,34,49957,0.07044731989200928,0.07234979934860886,1299,49821,0.046217559557825034,0.04817420444064562,562,49957,0.88985,0.9720813666178026,0.29104,0.3910140860814819,0.29809,False,/data/suehara/part/march/datasets/20250711_ilc_nnqq_sgv_10m_3cat_parquet,val50k_tail,150000,proxy
88,88,10680000,,lr_14e-6,1.1752049531249999e-05,validation_total_reference_mistag_geomean_percent,0.4132423569682312,min,0.9844195439520411,0.9844195439520411,0.5537248889946139,0.30840088460303994,0.4132423569682312,,0.19261251532265242,0.076098926746887,3.0818002451624387,0.2002603359922057,0.5107786404805322,0.062080707041052535,2.6202540730065573,1.1314709078640042,0.01866539513898128,0.02066400624978046,96,49841,0.01138072960762274,0.013380245030219368,38,49935,0.07647618588681598,0.07835886314196648,1536,49841,0.019033341231346243,0.021027883832337856,100,49935,0.030987134530915603,0.03297749111818762,254,49728,0.010191183032111806,0.012191259902308998,31,49935,0.07068460230294886,0.07259012004178327,1303,49728,0.04636229419205107,0.048319540631005034,565,49935,0.89002,0.9721884342081261,0.29063,0.3910140860814819,0.29754,False,/data/suehara/part/march/datasets/20250711_ilc_nnqq_sgv_10m_3cat_parquet,val50k_tail,150000,proxy
88,88,10680000,,lr_3e-6,3.91734984375e-06,validation_total_reference_mistag_geomean_percent,0.4185403615641395,min,1.00802818449887,1.00802818449887,0.5671349657245472,0.30887891744506224,0.4185403615641395,,0.19047619047619047,0.07417059000295977,3.2140351169725903,0.20046105798633418,0.5186555254707141,0.06615215172551572,2.671679054443471,1.128595788913186,0.01855048626886466,0.02054782061041262,95,49875,0.011229144192022084,0.013230741009070447,37,49885,0.07804180797468183,0.07991789927760326,1603,49875,0.01905240197830069,0.021048935632614948,100,49885,0.031226569753242412,0.033215969471154114,258,49744,0.010554162668498268,0.012556080956196406,33,49885,0.07135463117025169,0.07325746848067631,1329,49744,0.04632548231912042,0.04828480574572223,563,49885,0.88925,0.972018050119907,0.29181,0.3910140860814819,0.29721,False,/data/suehara/part/march/datasets/20250711_ilc_nnqq_sgv_10m_3cat_parquet,val50k_tail,150000,proxy
88,88,10680000,,lr_5_75e-6,5.8760247656249995e-06,validation_total_reference_mistag_geomean_percent,0.41089789220065287,min,0.982411442238788,0.982411442238788,0.553405897359795,0.3050872399814173,0.41089789220065287,,0.18458698661744347,0.076098926746887,3.0797936825835475,0.2002603359922057,0.5107786404805322,0.062080707041052535,2.614221350584631,1.1314709078640042,0.018253055006233008,0.02025198815552012,92,49841,0.01138072960762274,0.013380245030219368,38,49935,0.07645174568577176,0.07833450345054449,1535,49841,0.019033341231346243,0.021027883832337856,100,49935,0.030987134530915603,0.03297749111818762,254,49728,0.010191183032111806,0.012191259902308998,31,49935,0.07060419754018644,0.07250995790680469,1300,49728,0.04636229419205107,0.048319540631005034,565,49935,0.89002,0.9721641630564278,0.29076,0.3910140860814819,0.29721,False,/data/suehara/part/march/datasets/20250711_ilc_nnqq_sgv_10m_3cat_parquet,val50k_tail,150000,proxy
88,88,10680000,,lr_8_5e-6,7.8346996875e-06,validation_total_reference_mistag_geomean_percent,0.4115721802818763,min,0.9825458292436908,0.9825458292436908,0.5631913286232859,0.3007710718772128,0.4115721802818763,,0.1749587697869783,0.07606541960357771,3.1030045915812723,0.1981704311670417,0.5017964398302149,0.06805853233170758,2.6093415270755616,1.1289709225731737,0.017765739017808396,0.01976968219660135,87,49726,0.011375719267519093,0.013374355505308516,38,49957,0.07682155078145361,0.0787077291366952,1543,49726,0.018925016666851598,0.020918764598051084,99,49957,0.03067843421877131,0.032665436088177326,250,49821,0.01071110379023848,0.012710060572722316,34,49957,0.0704740957136657,0.07237649459599232,1300,49821,0.04630054909489055,0.04825703370536366,564,49957,0.88981,0.9720747803542862,0.29107,0.3910140860814819,0.2981,False,/data/suehara/part/march/datasets/20250711_ilc_nnqq_sgv_10m_3cat_parquet,val50k_tail,150000,proxy
89,89,10800000,,lr_11_25e-6,9.793374609375e-06,validation_total_reference_mistag_geomean_percent,0.40505463412543985,min,0.9841635117076927,0.9841635117076927,0.5514573974641898,0.2975193684606401,0.40505463412543985,,0.1846425497621476,0.07218624120725849,3.118853463475921,0.18848629879242912,0.5119762411025613,0.062160373460009376,2.630152379757948,1.1048505461032676,0.018258545704222813,0.020258078385054647,92,49826,0.011067052971870281,0.013069291252248039,36,49871,0.07693742063407567,0.07881917736795169,1554,49826,0.018449228834079272,0.020446803172600288,94,49871,0.031000551502066015,0.032987703115130475,255,49807,0.010204258393337712,0.01220689873766863,31,49871,0.07076087016238859,0.07266296812302835,1310,49807,0.04583686001444105,0.04779768570764287,551,49871,0.88986,0.9720988682418499,0.29097,0.3910140860814819,0.29763,False,/data/suehara/part/march/datasets/20250711_ilc_nnqq_sgv_10m_3cat_parquet,val50k_tail,150000,proxy
89,89,10800000,,lr_14e-6,1.1752049531249999e-05,validation_total_reference_mistag_geomean_percent,0.406112033079505,min,0.987419533942146,0.987419533942146,0.5525554493683411,0.2984804214681201,0.406112033079505,,0.1867132507718275,0.07219058596689737,3.1239334409981945,0.18849764021295262,0.5137776707407631,0.06216411401985169,2.651173172244034,1.1009063965826478,0.018368753243795385,0.02036888521550408,93,49809,0.011067718566006577,0.013070077122097963,36,49868,0.07701184511205578,0.07889404011604366,1556,49809,0.018450337821195602,0.020448031874264548,94,49868,0.031050440233199115,0.03303672193542524,256,49827,0.010204872124170263,0.012207632792591173,31,49868,0.07102539285735836,0.07292588362324166,1321,49827,0.04575545871406579,0.04771656054514822,549,49868,0.88989,0.9721518488940655,0.2908,0.3910140860814819,0.29762,False,/data/suehara/part/march/datasets/20250711_ilc_nnqq_sgv_10m_3cat_parquet,val50k_tail,150000,proxy
89,89,10800000,,lr_3e-6,3.91734984375e-06,validation_total_reference_mistag_geomean_percent,0.41455047518226334,min,1.0013027079034793,1.0013027079034793,0.5581942556743315,0.30787148869210934,0.41455047518226334,,0.1886716623661642,0.07416464732772789,3.235518424857052,0.19844053884406326,0.5060952522603274,0.06614684761662218,2.644950168563309,1.0964341213925697,0.01846735900068682,0.020466890475260797,94,49822,0.01122824412204546,0.01322968069668917,37,49889,0.0783380635373386,0.08021528817472798,1612,49822,0.018950789924449093,0.020947244503002158,99,49889,0.03082146462562059,0.032809411155954905,252,49793,0.010553316671853849,0.012555074665600177,33,49889,0.0709669557601985,0.07286899415464877,1317,49793,0.045652031344692486,0.04761248698375176,547,49889,0.88941,0.9719314739444797,0.29204,0.3910140860814819,0.29793,False,/data/suehara/part/march/datasets/20250711_ilc_nnqq_sgv_10m_3cat_parquet,val50k_tail,150000,proxy
89,89,10800000,,lr_5_75e-6,5.8760247656249995e-06,validation_total_reference_mistag_geomean_percent,0.41355354395810334,min,0.9841543053395534,0.9841543053395534,0.5625691068309985,0.30400982144880745,0.41355354395810334,,0.18253300417083013,0.07619506121694637,3.06294373682314,0.2005133135932643,0.5022299019909872,0.06616939461950418,2.6417292733380178,1.1409207569637365,0.018143844393801255,0.020142338707456842,91,49854,0.0113951018462944,0.013397139218846625,38,49872,0.07623632653012379,0.0781192693123569,1527,49854,0.01905736402742137,0.02105441600688579,100,49872,0.03070487453204155,0.03269357539382022,250,49778,0.010556913094579894,0.01255935251496176,33,49872,0.07093483054115036,0.07283757148500193,1315,49778,0.046586196025881835,0.0485455359189247,569,49872,0.88947,0.9719913633654622,0.29165,0.3910140860814819,0.29627,False,/data/suehara/part/march/datasets/20250711_ilc_nnqq_sgv_10m_3cat_parquet,val50k_tail,150000,proxy
89,89,10800000,,lr_8_5e-6,7.8346996875e-06,validation_total_reference_mistag_geomean_percent,0.40659662306875616,min,0.9881720829000419,0.9881720829000419,0.5520571055489856,0.29946324796692037,0.40659662306875616,,0.1867132507718275,0.07219058596689737,3.131964082724215,0.19050292236645464,0.511770742700106,0.06216411401985169,2.647159270035814,1.1029116946151687,0.018368753243795385,0.02036888521550408,93,49809,0.011067718566006577,0.013070077122097963,36,49868,0.07710888732734358,0.07899075987892398,1560,49809,0.018553088083362625,0.020550701713965683,95,49868,0.03098813735082995,0.0329744996079258,255,49827,0.010204872124170263,0.012207632792591173,31,49868,0.07097229896340547,0.07287295083902891,1319,49827,0.045797550631055534,0.047758572039672056,550,49868,0.8899,0.9721378079548924,0.29086,0.3910140860814819,0.29763,False,/data/suehara/part/march/datasets/20250711_ilc_nnqq_sgv_10m_3cat_parquet,val50k_tail,150000,proxy
90,90,10920000,,lr_11_25e-6,9.793374609375e-06,validation_total_reference_mistag_geomean_percent,0.40770191606122136,min,0.9970458225356854,0.9970458225356854,0.5586948740800363,0.2975163368622192,0.40770191606122136,,0.1746742395796219,0.07416315677214999,3.176260438719277,0.1904189204627933,0.5240227187388656,0.06213669998145456,2.642198964605214,1.132491441426107,0.017736868491559647,0.019737564193351445,87,49807,0.01122801912709615,0.013229415645147506,37,49890,0.07764325836487514,0.07952342780090868,1582,49807,0.0185449134086204,0.02054164953651412,95,49890,0.03137268231965833,0.03335935021526833,261,49807,0.010200373145026639,0.012202251772404653,31,49890,0.07092067258842802,0.07282228683161279,1316,49807,0.04640388742474435,0.04836285832204978,565,49890,0.88943,0.9720725995657827,0.29121,0.3910140860814819,0.29813,False,/data/suehara/part/march/datasets/20250711_ilc_nnqq_sgv_10m_3cat_parquet,val50k_tail,150000,proxy
90,90,10920000,,lr_14e-6,1.1752049531249999e-05,validation_total_reference_mistag_geomean_percent,0.4072823589502548,min,0.9942855771895305,0.9942855771895305,0.55834138937487,0.297092286312153,0.4072823589502548,,0.1746742395796219,0.07416315677214999,3.158190599086869,0.1904189204627933,0.5240227187388656,0.06213669998145456,2.640191165697013,1.1304871171974766,0.017736868491559647,0.019737564193351445,87,49807,0.01122801912709615,0.013229415645147506,37,49890,0.07742639335535269,0.07930728836756801,1573,49807,0.0185449134086204,0.02054164953651412,95,49890,0.03137268231965833,0.03335935021526833,261,49807,0.010200373145026639,0.012202251772404653,31,49890,0.07089406627583152,0.07279576113859189,1315,49807,0.046362394940374294,0.0483214461892343,564,49890,0.88946,0.9720792672200812,0.29118,0.3910140860814819,0.29812,False,/data/suehara/part/march/datasets/20250711_ilc_nnqq_sgv_10m_3cat_parquet,val50k_tail,150000,proxy
90,90,10920000,,lr_3e-6,3.91734984375e-06,validation_total_reference_mistag_geomean_percent,0.4191713700147094,min,1.0192423103494732,1.0192423103494732,0.5753767490261054,0.3053731971919438,0.4191713700147094,,0.1765260441638339,0.074200337832544,3.245672178121217,0.20455228718022475,0.5282397403681042,0.06617868503469856,2.695428709445671,1.1631405006494924,0.017828052361671516,0.01982690793225564,88,49851,0.011233646707294497,0.013236045121407499,37,49865,0.07843582305318633,0.08031154831584855,1618,49851,0.01925880903559294,0.021255979360416045,102,49865,0.031507750309132075,0.033495006942666286,263,49788,0.010558394687091481,0.012561114829776173,33,49865,0.0716355950629969,0.07353579676950446,1342,49788,0.04704522212482295,0.04900394588532916,580,49865,0.88886,0.9718362066048432,0.29275,0.3910140860814819,0.29843,False,/data/suehara/part/march/datasets/20250711_ilc_nnqq_sgv_10m_3cat_parquet,val50k_tail,150000,proxy
90,90,10920000,,lr_5_75e-6,5.8760247656249995e-06,validation_total_reference_mistag_geomean_percent,0.3998327114264957,min,0.9912753478441895,0.9912753478441895,0.5446310060683678,0.29353120800213,0.3998327114264957,,0.17648002912609856,0.07223693503058386,3.120487747624078,0.18661208627619819,0.5180306866151482,0.05618428335204542,2.666452382671884,1.133718632057479,0.01782340792255408,0.019821744229556224,88,49864,0.011074823221517897,0.013078465618245104,36,49836,0.07692821818606234,0.07880847537139885,1556,49864,0.01835880942828417,0.020357861855691623,93,49836,0.03118903958082434,0.03317606776352616,258,49804,0.009659800226172324,0.011664086829119827,28,49836,0.07124333309613713,0.07314408794027831,1328,49804,0.0464538979165114,0.048414942176920606,565,49836,0.88966,0.972016865447492,0.29124,0.3910140860814819,0.29786,False,/data/suehara/part/march/datasets/20250711_ilc_nnqq_sgv_10m_3cat_parquet,val50k_tail,150000,proxy
90,90,10920000,,lr_8_5e-6,7.8346996875e-06,validation_total_reference_mistag_geomean_percent,0.40276125354869813,min,0.9675757075760093,0.9675757075760093,0.5513139299459813,0.2942364024359279,0.40276125354869813,,0.18070111237504832,0.07210671582692241,2.9916074446454366,0.19228458118014663,0.5002813013603994,0.062091896613353945,2.595837000084467,1.1456956085222998,0.018056184120491266,0.02005667798198271,90,49806,0.01105486458468116,0.013054900368207395,36,49926,0.07539492402139289,0.0772825459445424,1490,49806,0.018633643170038145,0.02062886481038577,96,49926,0.030645440445405993,0.032634459339881024,249,49772,0.010193019729670499,0.012193456691794951,31,49926,0.0703278620250436,0.0722326764016415,1292,49772,0.04665979254339248,0.04861682198119017,572,49926,0.89014,0.9721924811902483,0.29033,0.3910140860814819,0.29899,False,/data/suehara/part/march/datasets/20250711_ilc_nnqq_sgv_10m_3cat_parquet,val50k_tail,150000,proxy
91,91,11040000,,lr_11_25e-6,8.079534052734375e-06,validation_total_reference_mistag_geomean_percent,0.40619946204677443,min,0.9901789664281839,0.9901789664281839,0.5610330263655906,0.29409677365333914,0.40619946204677443,,0.1788800953095508,0.07019092153431254,3.127386752365666,0.1905182074311171,0.5151746024958171,0.06417455478902614,2.640019134660171,1.1350874628398109,0.01796921097933818,0.019971868799053084,89,49754,0.010901040193527747,0.012903639575085928,35,49864,0.07709565398374384,0.07897979078435591,1556,49754,0.018554575162213267,0.0205523484216325,95,49864,0.031075909794013763,0.03305978637115469,257,49886,0.010383518945122764,0.0123863596327879,32,49864,0.07083637687194007,0.07273506714219509,1317,49886,0.04646942891541484,0.0484293171160435,566,49864,0.88972,0.972176223724616,0.29099,0.3910140860814819,0.29676,False,/data/suehara/part/march/datasets/20250711_ilc_nnqq_sgv_10m_3cat_parquet,val50k_tail,150000,proxy
91,91,11040000,,lr_14e-6,1.028304333984375e-05,validation_total_reference_mistag_geomean_percent,0.4062385201813118,min,0.9901804014855091,0.9901804014855091,0.5609607569620284,0.29419123036849615,0.4062385201813118,,0.1788800953095508,0.07019092153431254,3.13140644997292,0.1905182074311171,0.5151746024958171,0.06417455478902614,2.634005523349137,1.1370928570021928,0.01796921097933818,0.019971868799053084,89,49754,0.010901040193527747,0.012903639575085928,35,49864,0.07714424324048313,0.07902821845824637,1558,49754,0.018554575162213267,0.0205523484216325,95,49864,0.031075909794013763,0.03305978637115469,257,49886,0.010383518945122764,0.0123863596327879,32,49864,0.07075667919421089,0.0726556105577876,1314,49886,0.04651086687741078,0.04847067464267066,567,49864,0.88966,0.9721796335323102,0.29099,0.3910140860814819,0.29675,False,/data/suehara/part/march/datasets/20250711_ilc_nnqq_sgv_10m_3cat_parquet,val50k_tail,150000,proxy
91,91,11040000,,lr_3e-6,3e-06,validation_total_reference_mistag_geomean_percent,0.4156310218534796,min,0.9927751467565049,0.9927751467565049,0.5694859104245416,0.3033422656553281,0.4156310218534796,,0.17089892899235035,0.07799064416920923,3.1143815010414975,0.20397551820693768,0.5265167665334066,0.0659920791782504,2.6325837269160357,1.1498620090143525,0.01754580361130588,0.019549466849539645,85,49737,0.011525054472387854,0.01352165532262392,39,50006,0.07695120685030886,0.0788365105759331,1549,49737,0.01920455349337187,0.021196115653751915,102,50006,0.03146326911233699,0.03345167324601073,262,49761,0.010528631131510608,0.012525711856971041,33,50006,0.07082543438624682,0.07272919292688716,1310,49761,0.04670873384522711,0.0486624658420854,575,50006,0.88982,0.9721336282050156,0.291,0.3910140860814819,0.29678,False,/data/suehara/part/march/datasets/20250711_ilc_nnqq_sgv_10m_3cat_parquet,val50k_tail,150000,proxy
91,91,11040000,,lr_5_75e-6,3.6725154785156246e-06,validation_total_reference_mistag_geomean_percent,0.4207476508911385,min,1.0125972025454801,1.0125972025454801,0.5754024714949852,0.3076604542042781,0.4207476508911385,,0.19054878492003616,0.07432852992467341,3.213254084735137,0.19687016806540936,0.5213659731216812,0.0683018933681713,2.6930558968538554,1.1430522893748776,0.018557550035188112,0.02055564262878626,95,49856,0.011253048738167432,0.013258901348367838,37,49779,0.07804720757668693,0.07992404516530965,1602,49856,0.018891815085434197,0.020892744367630514,98,49779,0.031272129412671365,0.03325643396535376,260,49869,0.010749394522893902,0.012755489263979769,34,49779,0.07154706876782574,0.07344427928291722,1343,49869,0.046672758591571016,0.04863567332475203,569,49779,0.88937,0.9719119759826041,0.29223,0.3910140860814819,0.29826,False,/data/suehara/part/march/datasets/20250711_ilc_nnqq_sgv_10m_3cat_parquet,val50k_tail,150000,proxy
91,91,11040000,,lr_8_5e-6,5.8760247656249995e-06,validation_total_reference_mistag_geomean_percent,0.41969926766796806,min,1.0105683418495697,1.0105683418495697,0.5744135822098541,0.30665618073194456,0.41969926766796806,,0.18241224834118305,0.07624857033930614,3.233307368020779,0.19664105536140625,0.5182804250127245,0.06822240737987897,2.645640734050655,1.1637939262906245,0.018131851690950933,0.020129028877781917,91,49887,0.011403102119605274,0.013406543326301416,38,49837,0.07826140558793784,0.0801362729999637,1613,49887,0.018869847497367233,0.020868457351301117,98,49837,0.03120404081918063,0.03319201693722119,258,49780,0.010736887733064882,0.012740651029945172,34,49837,0.07098524707325818,0.07288775442266457,1317,49780,0.04707150741322802,0.049031305399971706,580,49837,0.88901,0.9720420677346935,0.29192,0.3910140860814819,0.29825,False,/data/suehara/part/march/datasets/20250711_ilc_nnqq_sgv_10m_3cat_parquet,val50k_tail,150000,proxy
92,92,11160000,,lr_11_25e-6,7.345030957031249e-06,validation_total_reference_mistag_geomean_percent,0.4078848476824981,min,0.992780178142005,0.992780178142005,0.5644693172051971,0.294737098896193,0.4078848476824981,,0.1844759398178773,0.07031218886513106,3.114034108214776,0.18682952216616425,0.5175007499638935,0.06428542729719956,2.6557014702376835,1.1491020185733152,0.01824208351124293,0.020239818675345266,92,49871,0.010919868477763349,0.012925922750203267,35,49778,0.07684480230404633,0.07872505438103333,1553,49871,0.0183801835092556,0.020381556396493833,93,49778,0.031157209790835458,0.03314222660918513,258,49855,0.010401453837853396,0.01240775025090719,32,49778,0.07106554035345054,0.07296478210832673,1324,49855,0.04679776427021429,0.04876047537276974,572,49778,0.88974,0.9721007943275067,0.29119,0.3910140860814819,0.29632,False,/data/suehara/part/march/datasets/20250711_ilc_nnqq_sgv_10m_3cat_parquet,val50k_tail,150000,proxy
92,92,11160000,,lr_14e-6,8.8140371484375e-06,validation_total_reference_mistag_geomean_percent,0.4179478367245784,min,0.9949651697457177,0.9949651697457177,0.5707260022191912,0.3060669980753175,0.4179478367245784,,0.18431703249577683,0.07836675718894462,3.14941691202906,0.19290279260465512,0.5218368696030501,0.06831973402006675,2.635276254446345,1.1292850055778436,0.018226380682835414,0.020222401236765743,92,49914,0.011580617758505916,0.013586832046832725,39,49766,0.07723892699760641,0.0791161415825109,1572,49914,0.018693501581627563,0.020695112979339556,96,49766,0.03130030627563479,0.03328638407329616,260,49824,0.010752201767162217,0.01275881981782366,34,49766,0.07081696368318458,0.07271820698786652,1313,49824,0.04639399001755591,0.048357970765680255,562,49766,0.88971,0.9720835889526432,0.2913,0.3910140860814819,0.29728,False,/data/suehara/part/march/datasets/20250711_ilc_nnqq_sgv_10m_3cat_parquet,val50k_tail,150000,proxy
92,92,11160000,,lr_3e-6,3e-06,validation_total_reference_mistag_geomean_percent,0.4183522773720018,min,0.9967199974024665,0.9967199974024665,0.5713772926689032,0.3063100865713938,0.4183522773720018,,0.18431703249577683,0.07836675718894462,3.159434321160746,0.19290279260465512,0.5218368696030501,0.06831973402006675,2.6332691717734407,1.1353133003730531,0.018226380682835414,0.020222401236765743,92,49914,0.011580617758505916,0.013586832046832725,39,49766,0.07735928793305043,0.07923610114643834,1577,49914,0.018693501581627563,0.020695112979339556,96,49766,0.03130030627563479,0.03328638407329616,260,49824,0.010752201767162217,0.01275881981782366,34,49766,0.07079033319359745,0.07269165706285038,1312,49824,0.04651888698414281,0.04848262547486621,565,49766,0.88971,0.9720676088257832,0.29137,0.3910140860814819,0.2973,False,/data/suehara/part/march/datasets/20250711_ilc_nnqq_sgv_10m_3cat_parquet,val50k_tail,150000,proxy
92,92,11160000,,lr_5_75e-6,4.40701857421875e-06,validation_total_reference_mistag_geomean_percent,0.4117426990188722,min,0.9937951133878196,0.9937951133878196,0.5619185441876787,0.30170218076789884,0.4117426990188722,,0.193139515597513,0.07426139958262411,3.1284579112235145,0.18464995793420605,0.5102551267848049,0.06422607578676943,2.645322767542201,1.1500481526509228,0.018716423984353553,0.020720482266122917,96,49705,0.011242888160898582,0.013246931857832722,37,49824,0.07714614351550693,0.07903209459177024,1555,49705,0.018259278046881378,0.020258890692425344,92,49824,0.030896580728181824,0.03287712118249736,255,49975,0.01039185305601241,0.012396299575800202,32,49824,0.07084424816513335,0.07273934490511502,1322,49975,0.04679603931054075,0.04875690039756308,573,49824,0.88963,0.9720954198591202,0.29115,0.3910140860814819,0.29698,False,/data/suehara/part/march/datasets/20250711_ilc_nnqq_sgv_10m_3cat_parquet,val50k_tail,150000,proxy
92,92,11160000,,lr_8_5e-6,5.8760247656249995e-06,validation_total_reference_mistag_geomean_percent,0.4107864301828211,min,0.9847915123172367,0.9847915123172367,0.5582946019280844,0.3022516976513457,0.4107864301828211,,0.17491304524209614,0.07806869931180993,3.084098944252827,0.19817439818769125,0.5079403266223093,0.06405636960525263,2.640085072809704,1.130995242506203,0.017761099146600536,0.01976452041535404,87,49739,0.011536586144145634,0.013535182188725707,39,49956,0.07658162637093624,0.07846807192796214,1534,49739,0.018925395177447728,0.020919182859115322,99,49956,0.030874286348831024,0.032861520224274854,253,49809,0.010364401126955946,0.012363558147209158,32,49956,0.07089125667366775,0.07279287943515386,1315,49809,0.04634290952192921,0.04829935225164304,565,49956,0.89012,0.9722084903858678,0.29062,0.3910140860814819,0.29632,False,/data/suehara/part/march/datasets/20250711_ilc_nnqq_sgv_10m_3cat_parquet,val50k_tail,150000,proxy
93,93,11280000,,lr_11_25e-6,7.345030957031249e-06,validation_total_reference_mistag_geomean_percent,0.41480122430650046,min,1.000299520536665,1.000299520536665,0.5594805125917599,0.3075353865125951,0.41480122430650046,,0.17256947885892224,0.07807807464347809,3.1885221764573304,0.20820821227884548,0.5148937026086606,0.06406406406406406,2.6589433321222513,1.1171171232597674,0.01761943164125786,0.019619087734071068,86,49835,0.011537971495689065,0.013536807231587126,39,49950,0.07776843685345439,0.07964705784538825,1589,49835,0.019422557423457994,0.02141618284804579,104,49950,0.03111772938570673,0.033108280725103065,256,49719,0.01036564579504325,0.012365042641390125,32,49950,0.07120424020605823,0.07310854659137098,1322,49719,0.046057540936568324,0.04801477434061962,558,49950,0.88964,0.972199943736903,0.29082,0.3910140860814819,0.29822,False,/data/suehara/part/march/datasets/20250711_ilc_nnqq_sgv_10m_3cat_parquet,val50k_tail,150000,proxy
93,93,11280000,,lr_14e-6,8.8140371484375e-06,validation_total_reference_mistag_geomean_percent,0.4157362283258806,min,0.9997984006967475,0.9997984006967475,0.5588727660404873,0.30925931991130096,0.4157362283258806,,0.17658272125570318,0.07807807464347809,3.186515461639292,0.20820821227884548,0.5148937026086606,0.06406406406406406,2.6569318267277953,1.113113142356141,0.01783377191831629,0.01983326695311103,88,49835,0.011537971495689065,0.013536807231587126,39,49950,0.07774444557482156,0.07962314709576424,1588,49835,0.019422557423457994,0.02141618284804579,104,49950,0.03111772938570673,0.033108280725103065,256,49719,0.01036564579504325,0.012365042641390125,32,49950,0.07117765430852512,0.07308204159904817,1321,49719,0.04597407931877431,0.04793147304009652,556,49950,0.88966,0.972204678386591,0.2908,0.3910140860814819,0.29821,False,/data/suehara/part/march/datasets/20250711_ilc_nnqq_sgv_10m_3cat_parquet,val50k_tail,150000,proxy
93,93,11280000,,lr_3e-6,3e-06,validation_total_reference_mistag_geomean_percent,0.40022683749040894,min,0.9690219203613746,0.9690219203613746,0.5600315904125815,0.2860222962236232,0.40022683749040894,,0.1743906333155934,0.06619460989056719,3.0107439446943025,0.19256615200902183,0.5064003202091869,0.06619460989056719,2.6123826082589057,1.1233024846228519,0.01770809164609677,0.01970555037908307,87,49888,0.010560935527719893,0.012564137091800629,33,49853,0.07557006906519226,0.07745382123233377,1502,49888,0.018660905949566917,0.020659037848934532,96,49853,0.0308400025730478,0.032829135265853834,252,49763,0.010560935527719893,0.012564137091800629,33,49853,0.07055517816864122,0.07245967207210637,1300,49763,0.04623014680373953,0.04819094022014067,560,49853,0.88998,0.9722690605802627,0.29018,0.3910140860814819,0.29833,False,/data/suehara/part/march/datasets/20250711_ilc_nnqq_sgv_10m_3cat_parquet,val50k_tail,150000,proxy
93,93,11280000,,lr_5_75e-6,4.40701857421875e-06,validation_total_reference_mistag_geomean_percent,0.4094988893942587,min,0.9904104479454853,0.9904104479454853,0.5560103712020747,0.3015939074168579,0.4094988893942587,,0.18506225463070738,0.07412304171574574,3.1038158094460933,0.19432256454547805,0.50527327322882,0.06210309022005205,2.6486747330753744,1.1499088167016114,0.01830001537922706,0.020304076116349122,92,49713,0.011221947670059771,0.013222263265866752,37,49917,0.07684132997176421,0.07872796891036198,1543,49713,0.018738577432402783,0.020734077148918794,97,49917,0.03077152330653093,0.032756274252347936,252,49874,0.010194857089383062,0.012195654273119125,31,49917,0.0709593341168064,0.07285813413043483,1321,49874,0.04675046213744923,0.048707675613602654,574,49917,0.88965,0.9720852690688861,0.29121,0.3910140860814819,0.29736,False,/data/suehara/part/march/datasets/20250711_ilc_nnqq_sgv_10m_3cat_parquet,val50k_tail,150000,proxy
93,93,11280000,,lr_8_5e-6,5.8760247656249995e-06,validation_total_reference_mistag_geomean_percent,0.40398017739412084,min,0.9852970121745911,0.9852970121745911,0.559902855087934,0.291479106142001,0.40398017739412084,,0.1787579399936741,0.0662145347693395,3.1332851606357863,0.19463059981720118,0.4972131904735604,0.0662145347693395,2.596334998366792,1.1497251385710363,0.017956949246566555,0.019958244394746322,89,49788,0.01056411329870999,0.012567916965112048,33,49838,0.07714090450377173,0.07902351772641411,1560,49788,0.018768255781967478,0.020766906212226648,97,49838,0.03051733953619521,0.03250225450240531,248,49878,0.01056411329870999,0.012567916965112048,33,49838,0.07026074883493862,0.07216149523893538,1295,49878,0.046782965624662595,0.04874328886110939,573,49838,0.88998,0.9722537692057461,0.29026,0.3910140860814819,0.29751,False,/data/suehara/part/march/datasets/20250711_ilc_nnqq_sgv_10m_3cat_parquet,val50k_tail,150000,proxy
94,94,11400000,,lr_11_25e-6,7.345030957031249e-06,validation_total_reference_mistag_geomean_percent,0.41060992873119007,min,0.9893178314660342,0.9893178314660342,0.5649160112882259,0.29845235433876083,0.41060992873119007,,0.17059366679341798,0.07623633001731976,3.134909490048034,0.1946032749032566,0.4976621965966151,0.06821145517798802,2.632793659376696,1.139532578814946,0.017514485742261283,0.019514582329815913,85,49826,0.011401272495468226,0.01340439265224584,38,49845,0.07713144220777707,0.07901255447682748,1562,49826,0.01876562225938893,0.020763993110805776,97,49845,0.03054483455718184,0.03253152387805826,248,49833,0.010735164942183933,0.012738607085765671,34,49845,0.07077771408446829,0.07267871366184939,1312,49833,0.04656991593754555,0.048530372842777066,568,49845,0.88994,0.9722109447219386,0.29066,0.3910140860814819,0.29684,False,/data/suehara/part/march/datasets/20250711_ilc_nnqq_sgv_10m_3cat_parquet,val50k_tail,150000,proxy
94,94,11400000,,lr_14e-6,8.8140371484375e-06,validation_total_reference_mistag_geomean_percent,0.4037419176705695,min,0.9707231013865708,0.9707231013865708,0.5444854264068554,0.2993790617317734,0.4037419176705695,,0.17466021796921463,0.07807026171072985,3.065587891825949,0.19217296317361263,0.49861271602417223,0.062055848445558566,2.603643058239708,1.0909818537036218,0.017735445217642434,0.019735980822893608,87,49811,0.011536817012966624,0.013535453002107593,39,49955,0.07630113698413009,0.07818559904458414,1527,49811,0.01862283484646006,0.020616902707951742,96,49955,0.030603042610354535,0.03259348822724634,248,49738,0.010187103850852853,0.012186380980716517,31,49955,0.0704559797154513,0.07236178228125258,1295,49738,0.04550771225522634,0.04746579609365611,545,49955,0.88997,0.9721586724304156,0.29053,0.3910140860814819,0.29683,False,/data/suehara/part/march/datasets/20250711_ilc_nnqq_sgv_10m_3cat_parquet,val50k_tail,150000,proxy
94,94,11400000,,lr_3e-6,3e-06,validation_total_reference_mistag_geomean_percent,0.4096789774589543,min,0.9881363814810055,0.9881363814810055,0.5535363074828199,0.30320841163074663,0.4096789774589543,,0.18443156265224833,0.07611264336738983,3.131327338702043,0.19228458118014663,0.5171546582506985,0.062091896613353945,2.630043134095941,1.1116452369862229,0.01823769860539591,0.020234954977383986,92,49883,0.011382780564519523,0.013382655876606475,38,49926,0.07704467777559856,0.07892378421029064,1562,49883,0.018633643170038145,0.02062886481038577,96,49926,0.03119506574619643,0.03318648740414368,257,49695,0.010193019729670499,0.012193456691794951,31,49926,0.07083805316992695,0.07274444228519139,1307,49695,0.0459542541086452,0.04791264755367678,555,49926,0.88996,0.9720615618099182,0.29118,0.3910140860814819,0.2976,False,/data/suehara/part/march/datasets/20250711_ilc_nnqq_sgv_10m_3cat_parquet,val50k_tail,150000,proxy
94,94,11400000,,lr_5_75e-6,4.40701857421875e-06,validation_total_reference_mistag_geomean_percent,0.41092020103522725,min,0.9781293783293759,0.9781293783293759,0.5569375019912134,0.30318556573246447,0.41092020103522725,,0.18281168477302742,0.0782111714996658,3.069629191079452,0.1925198110100322,0.4913660058937529,0.06617868503469856,2.611259222543149,1.1330592548012297,0.018171524383717857,0.020173058698032004,91,49778,0.011557633113906283,0.013559870663733438,39,49865,0.0763754898763739,0.07826103883663976,1528,49778,0.018656418919008846,0.020654071836689467,96,49865,0.03033751207987068,0.03232333832039547,245,49861,0.010558394687091481,0.012561114829776173,33,49865,0.07047176228403979,0.07237255810848067,1302,49861,0.04642702703814179,0.048386957280791704,565,49865,0.88992,0.9722066635377091,0.29055,0.3910140860814819,0.29686,False,/data/suehara/part/march/datasets/20250711_ilc_nnqq_sgv_10m_3cat_parquet,val50k_tail,150000,proxy
94,94,11400000,,lr_8_5e-6,5.8760247656249995e-06,validation_total_reference_mistag_geomean_percent,0.4110209620083057,min,0.9788827226594261,0.9788827226594261,0.5569375019912134,0.3033342710918726,0.4110209620083057,,0.18281168477302742,0.0782111714996658,3.075655945719854,0.1925198110100322,0.4913660058937529,0.06617868503469856,2.611259222543149,1.1330592548012297,0.018171524383717857,0.020173058698032004,91,49778,0.011557633113906283,0.013559870663733438,39,49865,0.07644905670164577,0.07833436352129818,1531,49778,0.018656418919008846,0.020654071836689467,96,49865,0.03033751207987068,0.03232333832039547,245,49861,0.010558394687091481,0.012561114829776173,33,49865,0.07047176228403979,0.07237255810848067,1302,49861,0.04642702703814179,0.048386957280791704,565,49865,0.88988,0.9722098418666579,0.29053,0.3910140860814819,0.29685,False,/data/suehara/part/march/datasets/20250711_ilc_nnqq_sgv_10m_3cat_parquet,val50k_tail,150000,proxy
95,95,11520000,,lr_11_25e-6,7.345030957031249e-06,validation_total_reference_mistag_geomean_percent,0.4061608388419653,min,0.9946442547173049,0.9946442547173049,0.5577227237785216,0.2957860958061288,0.4061608388419653,,0.17238614665195884,0.0721110510185686,3.169098772425151,0.1942992200873896,0.5071136823428318,0.06409871201650542,2.6583220923740156,1.1197243608220173,0.017600726844066352,0.01959826593504973,86,49888,0.011055528713514262,0.013055684508281568,36,49923,0.07749515667580045,0.07937256056117434,1581,49888,0.018736327215126816,0.0207315880427528,97,49923,0.03088334462608578,0.032875250543179003,252,49693,0.010371250502894006,0.01237172727911321,32,49923,0.07121440736505592,0.07311973508680562,1321,49693,0.046124013307554355,0.04808220077748716,559,49923,0.88963,0.9720588453937644,0.29127,0.3910140860814819,0.29687,False,/data/suehara/part/march/datasets/20250711_ilc_nnqq_sgv_10m_3cat_parquet,val50k_tail,150000,proxy
95,95,11520000,,lr_14e-6,8.8140371484375e-06,validation_total_reference_mistag_geomean_percent,0.406380286362715,min,0.9784073440104379,0.9784073440104379,0.5560382928806389,0.2970028130413184,0.406380286362715,,0.17698046312408325,0.07210527510996671,3.075035756979928,0.19828949891660277,0.5114935414730758,0.06409357662186793,2.6136317750719726,1.1156288647860062,0.017873911802406255,0.019877894568401996,88,49723,0.011054643226134487,0.013054639009113989,36,49927,0.07648323894959876,0.07837065606416081,1529,49723,0.018936378574813378,0.020931319709940974,99,49927,0.030971394009255727,0.03295669162990764,255,49854,0.01037041979338989,0.012370736506391727,32,49927,0.07050825540521923,0.07240922293887155,1303,49854,0.04603691550120522,0.04799511014877463,557,49927,0.89024,0.9722432804168246,0.29015,0.3910140860814819,0.29682,False,/data/suehara/part/march/datasets/20250711_ilc_nnqq_sgv_10m_3cat_parquet,val50k_tail,150000,proxy
95,95,11520000,,lr_3e-6,3e-06,validation_total_reference_mistag_geomean_percent,0.401715157410161,min,0.9921352138767503,0.9921352138767503,0.5458317654948106,0.2956498281971181,0.401715157410161,,0.17464268015968976,0.07220651274186692,3.1797012637767215,0.19054495111703257,0.49768215109015296,0.06017209129968999,2.638919676150888,1.1232123846779611,0.017733666446426023,0.019734001967028215,87,49816,0.011070159762950615,0.013072959453647387,36,49857,0.07767754419817849,0.07955723581747412,1584,49816,0.01855717812389939,0.020555230795142466,95,49857,0.030546057708062072,0.03253282596276898,248,49831,0.010026395802007327,0.012029678240445166,30,49857,0.07086036573735986,0.0727611957442597,1315,49831,0.04622645755479066,0.04818709727610216,560,49857,0.88958,0.9720105019078935,0.29135,0.3910140860814819,0.29807,False,/data/suehara/part/march/datasets/20250711_ilc_nnqq_sgv_10m_3cat_parquet,val50k_tail,150000,proxy
95,95,11520000,,lr_5_75e-6,4.40701857421875e-06,validation_total_reference_mistag_geomean_percent,0.4033511743798858,min,0.9757449439506876,0.9757449439506876,0.5533029613266897,0.2940381332562105,0.4033511743798858,,0.18043303708645578,0.07222824124232576,3.0412992718581204,0.18859595354397282,0.5041983188260402,0.06219654320237793,2.6133944039878827,1.1436137818583236,0.018029417321439346,0.02002695413748979,90,49880,0.011073490403904807,0.013076891955125954,36,49842,0.07595178592382859,0.07783461509253478,1517,49880,0.018459954630523686,0.020458686811040787,94,49842,0.030765399693927654,0.03275386168679244,251,49782,0.010210194218785698,0.01221399830196409,31,49842,0.07055538095095716,0.07245910734753579,1301,49782,0.04665542727068598,0.04861583840887317,570,49842,0.88992,0.9722946084284566,0.29029,0.3910140860814819,0.29689,False,/data/suehara/part/march/datasets/20250711_ilc_nnqq_sgv_10m_3cat_parquet,val50k_tail,150000,proxy
95,95,11520000,,lr_8_5e-6,5.8760247656249995e-06,validation_total_reference_mistag_geomean_percent,0.40616195307231134,min,0.993891742924699,0.993891742924699,0.5578140128785541,0.29573931151749455,0.40616195307231134,,0.17238614665195884,0.0721110510185686,3.1670942311535155,0.1942992200873896,0.509126023373527,0.06409871201650542,2.654297280606905,1.1177212784892208,0.017600726844066352,0.01959826593504973,86,49888,0.011055528713514262,0.013055684508281568,36,49923,0.07747112291618917,0.07934860715956005,1580,49888,0.018736327215126816,0.0207315880427528,97,49923,0.030946189469328866,0.032938014396529346,253,49693,0.010371250502894006,0.01237172727911321,32,49923,0.07116117615520202,0.07306666585673686,1319,49693,0.046082318264016424,0.04804058597931201,558,49923,0.88962,0.972055943724006,0.29129,0.3910140860814819,0.29683,False,/data/suehara/part/march/datasets/20250711_ilc_nnqq_sgv_10m_3cat_parquet,val50k_tail,150000,proxy
96,96,11640000,,lr_11_25e-6,7.345030957031249e-06,validation_total_reference_mistag_geomean_percent,0.41407652941478135,min,1.0005189755358228,1.0005189755358228,0.574742493399053,0.29832381315356,0.41407652941478135,,0.18861866415297912,0.06815812485283852,3.168392270323771,0.19445111709698154,0.5142214366061385,0.07016277472533355,2.665515091695716,1.1346323248328245,0.01846217531806392,0.020461147219693884,94,49836,0.010726774247606227,0.01272865224191896,34,49884,0.07752661760018487,0.07940600872217013,1579,49836,0.018750963295204624,0.0207477779237858,97,49884,0.031077196387772985,0.03306517584196174,256,49784,0.01089667082461547,0.012898468448043605,35,49884,0.07124509012736875,0.07314664621756069,1327,49784,0.046450898286434956,0.04841001897012542,566,49884,0.88941,0.9720559295583588,0.29162,0.3910140860814819,0.29706,False,/data/suehara/part/march/datasets/20250711_ilc_nnqq_sgv_10m_3cat_parquet,val50k_tail,150000,proxy
96,96,11640000,,lr_14e-6,8.8140371484375e-06,validation_total_reference_mistag_geomean_percent,0.40458294731869815,min,0.9695936687894199,0.9695936687894199,0.5599328288836689,0.2923339243877269,0.40458294731869815,,0.17657210223291933,0.07018387970866836,3.0298165506086874,0.1945096147156781,0.48998937120223846,0.06817862533515054,2.5925255624025247,1.1349736441094926,0.017832699221921534,0.019832074326013367,88,49838,0.010899947522825467,0.01290234640464739,35,49869,0.07584237522328882,0.07772725186183244,1510,49838,0.018756598647244105,0.020754011536147535,97,49869,0.030312668737164476,0.03230110243503236,244,49797,0.010729999885116404,0.012732479186178952,34,49869,0.07026612800391067,0.07217011910178005,1291,49797,0.0464647948722946,0.048424491137347495,566,49869,0.88997,0.9722925759105291,0.29017,0.3910140860814819,0.29796,False,/data/suehara/part/march/datasets/20250711_ilc_nnqq_sgv_10m_3cat_parquet,val50k_tail,150000,proxy
96,96,11640000,,lr_3e-6,3e-06,validation_total_reference_mistag_geomean_percent,0.40636518935255583,min,0.9961955171596867,0.9961955171596867,0.557067877691613,0.29643185997695287,0.40636518935255583,,0.1745550811094092,0.07419141366612722,3.129953161265349,0.19049147125129784,0.49807196233938783,0.062160373460009376,2.6791453070244065,1.1609953671615074,0.01772477793969634,0.01972411363709331,87,49841,0.011232295573632905,0.01323445344122002,37,49871,0.07706015030259049,0.07894089532681295,1560,49841,0.01855197293064374,0.020549466856374134,95,49871,0.030569928745276774,0.032558237464195595,248,49792,0.010204258393337712,0.01220689873766863,31,49871,0.07141895147858221,0.07331965457965176,1334,49792,0.04699864428611526,0.04895721842117923,579,49871,0.88956,0.9720374885389464,0.29138,0.3910140860814819,0.29773,False,/data/suehara/part/march/datasets/20250711_ilc_nnqq_sgv_10m_3cat_parquet,val50k_tail,150000,proxy
96,96,11640000,,lr_5_75e-6,4.40701857421875e-06,validation_total_reference_mistag_geomean_percent,0.40169159274365,min,0.9673945515367453,0.9673945515367453,0.5600144778108876,0.28812850751944136,0.40169159274365,,0.1745130617977977,0.06815812485283852,3.010851833870682,0.19244647582391147,0.4882753492696843,0.06815812485283852,2.6001164450342737,1.136636996791935,0.01772051462061669,0.019719370757800468,87,49853,0.010726774247606227,0.01272865224191896,34,49884,0.07559759487880575,0.07748266520798304,1501,49853,0.01864931886531669,0.020646213864782534,96,49884,0.030266983764015015,0.03225668496305081,243,49767,0.010726774247606227,0.01272865224191896,34,49884,0.07038859037633259,0.07229342414328717,1294,49767,0.04649231990937336,0.04845136022217922,567,49884,0.88993,0.9722548105875962,0.29029,0.3910140860814819,0.29798,False,/data/suehara/part/march/datasets/20250711_ilc_nnqq_sgv_10m_3cat_parquet,val50k_tail,150000,proxy
96,96,11640000,,lr_8_5e-6,5.8760247656249995e-06,validation_total_reference_mistag_geomean_percent,0.4127909450322233,min,0.997966054865738,0.997966054865738,0.561000574756857,0.3037365235756619,0.4127909450322233,,0.18453885616320245,0.07618742217457615,3.1451838831882086,0.19247349230957736,0.5163441892251441,0.06215289840618634,2.635967343221965,1.1708803542370447,0.018248299071818293,0.020246712917833642,92,49854,0.01139395986640558,0.013395796851807723,38,49877,0.07723387714013118,0.0791135207491113,1568,49854,0.018651934045750097,0.020649108211323184,96,49877,0.0311462949878682,0.033134628487177784,257,49773,0.010203031153108133,0.012205430892627586,31,49877,0.0708619265375722,0.07276509014541924,1312,49773,0.04719737897498303,0.049155321139235895,584,49877,0.88902,0.9719984037878272,0.29179,0.3910140860814819,0.29785,False,/data/suehara/part/march/datasets/20250711_ilc_nnqq_sgv_10m_3cat_parquet,val50k_tail,150000,proxy
97,97,11760000,,lr_11_25e-6,7.345030957031249e-06,validation_total_reference_mistag_geomean_percent,0.40736142262939823,min,0.9894641003331353,0.9894641003331353,0.5589246156782577,0.2968975135318994,0.40736142262939823,,0.1863279373972703,0.07216743055316353,3.099454996574146,0.18643252756035789,0.5230546371655636,0.062144175853452624,2.655508043795461,1.130623053765667,0.01833087714397303,0.020326897101211876,93,49912,0.011064169655456986,0.013065886908000455,36,49884,0.07663696525753612,0.07851625702357465,1547,49912,0.01834115809129684,0.02033829420341653,93,49884,0.03137317465570803,0.033363838131573925,260,49708,0.01020159974588049,0.012203718852847113,31,49884,0.0711665966053255,0.07307146259869883,1320,49708,0.04636794143534524,0.04832722286080525,564,49884,0.88965,0.9721471453178335,0.29111,0.3910140860814819,0.2966,False,/data/suehara/part/march/datasets/20250711_ilc_nnqq_sgv_10m_3cat_parquet,val50k_tail,150000,proxy
97,97,11760000,,lr_14e-6,8.8140371484375e-06,validation_total_reference_mistag_geomean_percent,0.40974330129865755,min,0.9973287478805156,0.9973287478805156,0.5644022398693002,0.29746439879119013,0.40974330129865755,,0.18629060766281583,0.07431211177659196,3.128880978415061,0.1807591863762472,0.5141388174807198,0.06426993372163085,2.6871785998305344,1.1427997477805245,0.01832720816974181,0.020322829802522098,93,49922,0.011250563345956198,0.013255973475864593,37,49790,0.07698542497835623,0.07886316145034669,1562,49922,0.01806198198970174,0.02006311636384196,90,49790,0.031072215007731715,0.033059878381399344,256,49792,0.010398947576210958,0.012404761079305032,32,49790,0.07152451960003685,0.07342490002848097,1338,49792,0.04666250323873463,0.04862499446168737,569,49790,0.88964,0.9720723307181371,0.29123,0.3910140860814819,0.29814,False,/data/suehara/part/march/datasets/20250711_ilc_nnqq_sgv_10m_3cat_parquet,val50k_tail,150000,proxy
97,97,11760000,,lr_3e-6,3e-06,validation_total_reference_mistag_geomean_percent,0.41362260937132145,min,1.0077484932238803,1.0077484932238803,0.5539918871073537,0.30881979856500646,0.41362260937132145,,0.19435762633631248,0.07409335581941263,3.185861959755256,0.19824978977403046,0.5316256675842109,0.05807317020954121,2.6822931854994256,1.1374331908128528,0.018741953771932662,0.020737811929057895,97,49908,0.011217454526120515,0.013216970191240029,37,49937,0.07768043684261497,0.07955641664641536,1590,49908,0.018932589756623288,0.020927132998453408,99,49937,0.031650942309829205,0.03364322480329737,264,49659,0.009826886237746413,0.011827043505870983,29,49937,0.07155471239581289,0.07346037920048891,1332,49659,0.04648458259311136,0.04844151185876902,568,49937,0.8894,0.9719879839506366,0.2918,0.3910140860814819,0.2987,False,/data/suehara/part/march/datasets/20250711_ilc_nnqq_sgv_10m_3cat_parquet,val50k_tail,150000,proxy
97,97,11760000,,lr_5_75e-6,4.40701857421875e-06,validation_total_reference_mistag_geomean_percent,0.40038621805467567,min,0.987775398547066,0.987775398547066,0.5348655689489911,0.2997185328701063,0.40038621805467567,,0.18303967181558842,0.07417654034712122,3.1539142367145314,0.18844851113714137,0.4889093827914431,0.056133599611614696,2.618871149289662,1.138710096669426,0.018194168058716424,0.02019818923194492,91,49716,0.011230044406311698,0.013231801491425936,37,49881,0.07744489913887112,0.07932940889477588,1568,49716,0.018445533172994064,0.020442708566625063,94,49881,0.030246005632604024,0.03223009999136703,244,49907,0.009651087501134302,0.01165356801121958,28,49881,0.07054102252196937,0.07243976135741653,1307,49907,0.04653648734580674,0.048495562357630216,568,49881,0.8897,0.972107330135652,0.29098,0.3910140860814819,0.29721,False,/data/suehara/part/march/datasets/20250711_ilc_nnqq_sgv_10m_3cat_parquet,val50k_tail,150000,proxy
97,97,11760000,,lr_8_5e-6,5.8760247656249995e-06,validation_total_reference_mistag_geomean_percent,0.4138287901654354,min,1.0087449301695415,1.0087449301695415,0.5571816365000462,0.3073580612697988,0.4138287901654354,,0.19421752410115717,0.07417654034712122,3.185567922960353,0.19446281842188629,0.5414762763723469,0.05813837131087124,2.6792003443845167,1.14271964345808,0.018728455708782055,0.020722880875520412,97,49944,0.011230044406311698,0.013231801491425936,37,49881,0.07764925587513405,0.07952389526502401,1591,49944,0.0187520900946972,0.02074902434667119,97,49881,0.03194406183274984,0.03393514571851047,269,49679,0.009837916188014216,0.01184031631754714,29,49881,0.07149978847019942,0.07340481260598788,1331,49679,0.046619147191259355,0.04857806144197806,570,49881,0.88943,0.9720308940492788,0.29163,0.3910140860814819,0.2966,False,/data/suehara/part/march/datasets/20250711_ilc_nnqq_sgv_10m_3cat_parquet,val50k_tail,150000,proxy
98,98,11880000,,lr_11_25e-6,7.345030957031249e-06,validation_total_reference_mistag_geomean_percent,0.41499172877794066,min,1.001659375757265,1.001659375757265,0.5617624468374887,0.306567546342101,0.41499172877794066,,0.19637311419065429,0.0741988525625686,3.1820458346473304,0.19051056459219762,0.5147487583696941,0.06417198090883568,2.656183948520224,1.1350419522666158,0.01884415736553434,0.020840054728219926,98,49905,0.011233421495778027,0.013235779814789569,37,49866,0.07763712222603539,0.07951336773210013,1588,49905,0.018553831592990882,0.020551525034813185,95,49866,0.0311089902701016,0.03309898710291735,256,49733,0.010383102590465373,0.012385863054062191,32,49866,0.07115787990556247,0.07306176119310434,1321,49733,0.046467575187257235,0.04842738660914628,566,49866,0.88937,0.9719887752284658,0.29184,0.3910140860814819,0.29678,False,/data/suehara/part/march/datasets/20250711_ilc_nnqq_sgv_10m_3cat_parquet,val50k_tail,150000,proxy
98,98,11880000,,lr_14e-6,8.8140371484375e-06,validation_total_reference_mistag_geomean_percent,0.4136142489866521,min,0.9908027427300286,0.9908027427300286,0.5532640393850811,0.30921356673557443,0.4136142489866521,,0.18289619201063798,0.07807338669618817,3.1353633666117244,0.20419194192095214,0.5080729533097113,0.062058335289701144,2.622700732241989,1.1330650337593249,0.018179917877535916,0.02018237401583741,91,49755,0.01153727877833046,0.013535994661383423,39,49953,0.0771912709432096,0.07907504925014491,1560,49755,0.019224911525200002,0.02121857802075888,102,49953,0.030882327828313325,0.032870075164996834,253,49796,0.010187511622024803,0.012186868697140512,31,49953,0.07066952101060231,0.0725723384245619,1306,49796,0.04638708090213134,0.048343558258051936,566,49953,0.88968,0.9720840691048314,0.29123,0.3910140860814819,0.29744,False,/data/suehara/part/march/datasets/20250711_ilc_nnqq_sgv_10m_3cat_parquet,val50k_tail,150000,proxy
98,98,11880000,,lr_3e-6,3e-06,validation_total_reference_mistag_geomean_percent,0.4025487866038697,min,0.981523952574682,0.981523952574682,0.5500371398447574,0.2946083343426293,0.4025487866038697,,0.18524110909948333,0.070164186938224,3.1088291820846696,0.18643626130662416,0.5004403747010652,0.06214542043554139,2.612298782869106,1.1266363031627422,0.018317687875382314,0.02032367824644206,92,49665,0.010896889209870976,0.012898726905958256,35,49883,0.07693890186844035,0.07882716228178772,1544,49665,0.01834152548127828,0.020338701479159393,93,49883,0.03059571903109336,0.032577405666097806,250,49956,0.010201804208037147,0.01220396340055245,31,49883,0.07041945437376886,0.07231659396089545,1305,49956,0.04628575535261508,0.048245235894311435,562,49883,0.8901,0.9720608188292424,0.29091,0.3910140860814819,0.29735,False,/data/suehara/part/march/datasets/20250711_ilc_nnqq_sgv_10m_3cat_parquet,val50k_tail,150000,proxy
98,98,11880000,,lr_5_75e-6,4.40701857421875e-06,validation_total_reference_mistag_geomean_percent,0.4052911538664375,min,0.9900347208870955,0.9900347208870955,0.5601911306671344,0.2932229919577077,0.4052911538664375,,0.17635978084197157,0.0703051226876742,3.124373904164684,0.19082820302005665,0.5198402468479688,0.0622702539664031,2.6112438760372374,1.1650563795307687,0.017811272360841693,0.019808251868489585,88,49898,0.010918772029468529,0.012924625109806017,35,49783,0.07694928327203719,0.07882810354008264,1559,49898,0.018584739882624834,0.0205857511234105,95,49783,0.03123911399064514,0.03322531179754829,259,49823,0.010222291895248876,0.012228467764889832,31,49783,0.07049806674478375,0.07240031289912456,1301,49823,0.04712228350202026,0.04908415653976199,580,49783,0.88937,0.9720088267124379,0.29159,0.3910140860814819,0.2968,False,/data/suehara/part/march/datasets/20250711_ilc_nnqq_sgv_10m_3cat_parquet,val50k_tail,150000,proxy
98,98,11880000,,lr_8_5e-6,5.8760247656249995e-06,validation_total_reference_mistag_geomean_percent,0.4150045440044412,min,1.0021610118170587,1.0021610118170587,0.5616203941634766,0.3066640266881081,0.4150045440044412,,0.19637311419065429,0.0741988525625686,3.1860534322444374,0.19051056459219762,0.5147487583696941,0.06417198090883568,2.658194860333836,1.133036531334245,0.01884415736553434,0.020840054728219926,98,49905,0.011233421495778027,0.013235779814789569,37,49866,0.07768503253250264,0.07956111743204763,1590,49905,0.018553831592990882,0.020551525034813185,95,49866,0.0311089902701016,0.03309898710291735,256,49733,0.010383102590465373,0.012385863054062191,32,49866,0.07118445862529243,0.07308825905316743,1322,49733,0.04642610101054795,0.04838599286135399,565,49866,0.88933,0.9719841304731757,0.29186,0.3910140860814819,0.29679,False,/data/suehara/part/march/datasets/20250711_ilc_nnqq_sgv_10m_3cat_parquet,val50k_tail,150000,proxy
99,99,12000000,,lr_11_25e-6,4.125e-06,validation_total_reference_mistag_geomean_percent,0.41513638063158176,min,0.9970222265555966,0.9970222265555966,0.5791909050273788,0.29754993220368847,0.41513638063158176,,0.17856426656994437,0.0741676219037485,3.075719097056617,0.19243490288050996,0.5263686721969539,0.06815403077181112,2.6981416927858386,1.16262752827935,0.017937509087381134,0.01993664379985546,89,49842,0.011228694138996811,0.013230210831635593,37,49887,0.07640132956794367,0.07828421305116455,1533,49842,0.018648198298182577,0.020644973678920216,96,49887,0.03145444090727062,0.033442291732609444,262,49775,0.010726129352814959,0.01272788712910971,34,49887,0.07168038697742199,0.07358097595052612,1343,49775,0.047024589982342865,0.04898247053324763,580,49887,0.88947,0.9720036588570623,0.29156,0.3910140860814819,0.29607,False,/data/suehara/part/march/datasets/20250711_ilc_nnqq_sgv_10m_3cat_parquet,val50k_tail,150000,proxy
99,99,12000000,,lr_14e-6,5.2500000000000006e-06,validation_total_reference_mistag_geomean_percent,0.40084015331741973,min,0.995956434548435,0.995956434548435,0.556943748740277,0.28849022702014404,0.40084015331741973,,0.17680267724835294,0.0680980615411293,3.122174688808591,0.1842653330823078,0.5100094490581214,0.06008652253871719,2.670521786974992,1.1756929571352674,0.017855969906507514,0.019857946734402106,88,49773,0.010717323555746613,0.012717439798362823,34,49928,0.07701807528345782,0.07890170229060897,1554,49773,0.01822127396615414,0.020216736909850465,92,49928,0.03094057879002611,0.03292796898209174,254,49803,0.010012141035563598,0.012012578195346693,30,49928,0.0712976681027426,0.07319829769650635,1330,49803,0.04727149375717242,0.049227243201466556,587,49928,0.88972,0.9719803068531636,0.2915,0.3910140860814819,0.29736,False,/data/suehara/part/march/datasets/20250711_ilc_nnqq_sgv_10m_3cat_parquet,val50k_tail,150000,proxy
99,99,12000000,,lr_3e-6,3e-06,validation_total_reference_mistag_geomean_percent,0.41510156437208046,min,1.011242395144096,1.011242395144096,0.5561344566472087,0.3098339020080807,0.41510156437208046,,0.1785248663760335,0.07819862144383369,3.2595830858644073,0.2025143846830203,0.5062477207226853,0.06215788314773226,2.6598096155713478,1.1429029833437097,0.017933554214238163,0.019932249409684986,89,49853,0.011555779752504543,0.013557696638075916,39,49873,0.07859871679876257,0.08047380874025012,1625,49853,0.01915659913669515,0.021153530829098356,101,49873,0.030830730812727615,0.03281927024743024,252,49778,0.010203849280459221,0.012206409416761984,31,49873,0.07117402806244358,0.07307604258445302,1324,49778,0.04662658465832744,0.0485858057766032,570,49873,0.88939,0.9720872074747868,0.29166,0.3910140860814819,0.29611,False,/data/suehara/part/march/datasets/20250711_ilc_nnqq_sgv_10m_3cat_parquet,val50k_tail,150000,proxy
99,99,12000000,,lr_5_75e-6,3e-06,validation_total_reference_mistag_geomean_percent,0.4008568284003222,min,0.9964593492839109,0.9964593492839109,0.5568110205576745,0.288583003824583,0.4008568284003222,,0.17680267724835294,0.0680980615411293,3.1261929206298515,0.1842653330823078,0.5100094490581214,0.06008652253871719,2.672529680897852,1.173690149274955,0.017855969906507514,0.019857946734402106,88,49773,0.010717323555746613,0.012717439798362823,34,49928,0.07706668122068501,0.07895014676832651,1556,49773,0.01822127396615414,0.020216736909850465,92,49928,0.03094057879002611,0.03292796898209174,254,49803,0.010012141035563598,0.012012578195346693,30,49928,0.07132411358928906,0.07322466255052645,1331,49803,0.04723084388187117,0.049186673555457264,586,49928,0.88971,0.9719751888231188,0.29151,0.3910140860814819,0.29737,False,/data/suehara/part/march/datasets/20250711_ilc_nnqq_sgv_10m_3cat_parquet,val50k_tail,150000,proxy
99,99,12000000,,lr_8_5e-6,3e-06,validation_total_reference_mistag_geomean_percent,0.39637761970326035,min,0.993759067503694,0.993759067503694,0.5434292486957328,0.2891180733806833,0.39637761970326035,,0.18655968634652734,0.06607003617399002,3.1113338224860048,0.18219313428570316,0.5170298114201295,0.05405729994608787,2.6595850992865167,1.1732436500845926,0.018353657613089363,0.02035215073543247,93,49850,0.010541064943805044,0.012540501556512805,33,49947,0.07682808712783928,0.078709239602133,1551,49850,0.018110087345190956,0.020104874198529927,91,49947,0.031187552613667815,0.03317849854612949,257,49707,0.00944841764959667,0.011448335271894289,27,49947,0.07122120459695722,0.07312594487340826,1322,49707,0.04721297734708689,0.049168080909261364,586,49947,0.88957,0.9720345092240374,0.2914,0.3910140860814819,0.29644,False,/data/suehara/part/march/datasets/20250711_ilc_nnqq_sgv_10m_3cat_parquet,val50k_tail,150000,proxy
