generation,training_chunk,samples_seen,epoch_fraction,trial,LR,optimization_metric_name,optimization_metric_value,optimization_metric_mode,controller_objective_mistag_percent,validation_working_point_mistag_percent,ctag_score,btag_score,total_mistag_score,group_score_warning,btag_c_mistag_percent_at_0p80,btag_d_mistag_percent_at_0p80,btag_c_mistag_percent_at_0p90,btag_d_mistag_percent_at_0p90,ctag_b_mistag_percent_at_0p50,ctag_d_mistag_percent_at_0p50,ctag_b_mistag_percent_at_0p80,ctag_d_mistag_percent_at_0p80,btag_c_mistag_percent_at_0p80_err_low,btag_c_mistag_percent_at_0p80_err_high,btag_c_mistag_percent_at_0p80_passed,btag_c_mistag_percent_at_0p80_total,btag_d_mistag_percent_at_0p80_err_low,btag_d_mistag_percent_at_0p80_err_high,btag_d_mistag_percent_at_0p80_passed,btag_d_mistag_percent_at_0p80_total,btag_c_mistag_percent_at_0p90_err_low,btag_c_mistag_percent_at_0p90_err_high,btag_c_mistag_percent_at_0p90_passed,btag_c_mistag_percent_at_0p90_total,btag_d_mistag_percent_at_0p90_err_low,btag_d_mistag_percent_at_0p90_err_high,btag_d_mistag_percent_at_0p90_passed,btag_d_mistag_percent_at_0p90_total,ctag_b_mistag_percent_at_0p50_err_low,ctag_b_mistag_percent_at_0p50_err_high,ctag_b_mistag_percent_at_0p50_passed,ctag_b_mistag_percent_at_0p50_total,ctag_d_mistag_percent_at_0p50_err_low,ctag_d_mistag_percent_at_0p50_err_high,ctag_d_mistag_percent_at_0p50_passed,ctag_d_mistag_percent_at_0p50_total,ctag_b_mistag_percent_at_0p80_err_low,ctag_b_mistag_percent_at_0p80_err_high,ctag_b_mistag_percent_at_0p80_passed,ctag_b_mistag_percent_at_0p80_total,ctag_d_mistag_percent_at_0p80_err_low,ctag_d_mistag_percent_at_0p80_err_high,ctag_d_mistag_percent_at_0p80_passed,ctag_d_mistag_percent_at_0p80_total,validation_accuracy,validation_auc,validation_loss,best_so_far,training_loss,validation_shutdown_warning,validation_dataset,validation_suffix,validation_sample_count,evaluation_type
0,0,120000,,lr_14e-6,1.4e-05,validation_total_reference_mistag_geomean_percent,0.4461349762250741,min,1.080973925863295,1.080973925863295,0.6130013382606262,0.324691651695423,0.4461349762250741,,0.18289986712297862,0.08414641311533605,3.432889854226195,0.2103660354893819,0.5397596267606986,0.07412898443291327,2.91149151966343,1.2121091060954277,0.018180282987946616,0.020182779224813353,91,49754,0.012016913729455956,0.014016988000611864,42,49913,0.08069499931890253,0.08256685582305537,1708,49754,0.01953454947840711,0.021529566265805204,105,49913,0.0318430391363457,0.03382787963490709,269,49837,0.011222846730816366,0.01322332238957209,37,49913,0.0743726080551052,0.07626227090424958,1451,49837,0.048011494125955664,0.04996637215337156,605,49913,0.88762,0.970697353572269,0.29992,0.4461349762250741,0.31487,False,/data/suehara/part/march/datasets/20250711_ilc_nnqq_sgv_10m_3cat_parquet,val50k_tail,150000,proxy
0,0,120000,,lr_3e-6,3e-06,validation_total_reference_mistag_geomean_percent,0.4592793109002427,min,1.1089853582358649,1.1089853582358649,0.6307791199073759,0.334407843829669,0.4592793109002427,,0.18457958349725137,0.08626050799773483,3.464879735587211,0.2266845830132668,0.6022645389275122,0.07021203743899193,2.9812093649531857,1.2557925144717652,0.018252323162665944,0.02025117640157613,92,49843,0.012185587091792016,0.014188144343277266,43,49849,0.08098988738002022,0.08285711795050776,1727,49843,0.020325222095150895,0.022322145481812675,113,49849,0.03368906009994718,0.03567238716257852,300,49812,0.010904319520453664,0.012907520642204438,35,49849,0.07526156188947669,0.07714937393263274,1485,49812,0.04890668239290793,0.05086231759879236,626,49849,0.88735,0.9705348264172269,0.30695,0.4461349762250741,0.31938,False,/data/suehara/part/march/datasets/20250711_ilc_nnqq_sgv_10m_3cat_parquet,val50k_tail,150000,proxy
0,0,120000,,lr_6e-6,6e-06,validation_total_reference_mistag_geomean_percent,0.45700936171803547,min,1.0936554353947538,1.0936554353947538,0.647242137336521,0.3226884416972604,0.45700936171803547,,0.18062859722005709,0.08426459494260194,3.349656708232409,0.2126677773400562,0.6080063947547574,0.07623939505082362,2.9577607653278193,1.2800192502895062,0.018048942016237846,0.02004863581327621,90,49826,0.012033784770657701,0.014036663167623656,42,49843,0.07967558365922847,0.08154807621123042,1669,49826,0.01965923697741,0.02165696317206452,106,49843,0.03384536990814688,0.03582755120595631,303,49835,0.011401729846457294,0.013404930256067694,38,49843,0.07495293825999921,0.07684082008799498,1474,49835,0.04938260139142701,0.05133749990436833,638,49843,0.88729,0.9704732945808745,0.30448,0.4461349762250741,0.31822,False,/data/suehara/part/march/datasets/20250711_ilc_nnqq_sgv_10m_3cat_parquet,val50k_tail,150000,proxy
0,0,120000,,lr_9e-6,9e-06,validation_total_reference_mistag_geomean_percent,0.45104371073606286,min,1.0836394749745684,1.0836394749745684,0.6235382036907423,0.3262677856631508,0.45104371073606286,,0.17056970844802075,0.09037233468079162,3.389320351695772,0.21689360801934462,0.5673957809808651,0.07430613966270709,2.941235540183762,1.2190223361252832,0.017512027280832322,0.01951184388384202,85,49833,0.012500637156729808,0.01450524113969933,45,49794,0.08012996581186413,0.08200060351584507,1689,49833,0.01987193847225468,0.021871460769608234,108,49794,0.032655548598301345,0.034637689189598135,283,49877,0.01124965983914679,0.013254909115527857,37,49794,0.07471568499959301,0.0766026397516207,1467,49877,0.048205716444775504,0.05016498856558402,607,49794,0.8878,0.9708021420350338,0.30136,0.4461349762250741,0.31724,False,/data/suehara/part/march/datasets/20250711_ilc_nnqq_sgv_10m_3cat_parquet,val50k_tail,150000,proxy
1,1,240000,,lr_14e-6,1.4e-05,validation_total_reference_mistag_geomean_percent,0.45037707090544216,min,1.0621020864248707,1.0621020864248707,0.5960334562040185,0.3403156381341369,0.45037707090544216,,0.19711170714089613,0.09218067727817196,3.318717475919283,0.22243597532622428,0.5412557172282448,0.0681335394084575,2.860636716029557,1.196344883068131,0.018914974180146378,0.02091834867641363,98,49718,0.012621563448221866,0.014621756595963617,46,49902,0.07939980071017816,0.08127760526911582,1650,49718,0.02011507333120671,0.02211004613947437,111,49902,0.03187368228239036,0.03385659274793085,270,49884,0.010722906041643197,0.012724062944364806,34,49902,0.07369627074464598,0.07558619209667196,1427,49884,0.047700736262147776,0.049656676993732086,597,49902,0.88792,0.9709462832245253,0.29792,0.4461349762250741,0.3062,False,/data/suehara/part/march/datasets/20250711_ilc_nnqq_sgv_10m_3cat_parquet,val50k_tail,150000,proxy
1,1,240000,,lr_3e-6,1.1200000000000001e-05,validation_total_reference_mistag_geomean_percent,0.45081459492992076,min,1.0617769424535002,1.0617769424535002,0.6013570218340303,0.3379586362557174,0.45081459492992076,,0.19035788071634235,0.0921936034160251,3.282170451401105,0.22647559723366362,0.5512745658742235,0.06814310051107325,2.871054031155072,1.212546309320497,0.018538972713800474,0.020535071141964886,95,49906,0.012623333532379597,0.014623806772456026,46,49895,0.07882351182127434,0.08069570728561903,1638,49906,0.0203065019896264,0.022301592754467043,113,49895,0.03223148971894943,0.034221217927103614,274,49703,0.01072441001240636,0.012725847277898165,34,49895,0.07396083329728673,0.07585721773068765,1427,49703,0.04802871463666994,0.049984280359480215,605,49895,0.88808,0.9707910393835549,0.2987,0.4461349762250741,0.30589,False,/data/suehara/part/march/datasets/20250711_ilc_nnqq_sgv_10m_3cat_parquet,val50k_tail,150000,proxy
1,1,240000,,lr_6e-6,1.26e-05,validation_total_reference_mistag_geomean_percent,0.44926768445887766,min,1.0592701365589248,1.0592701365589248,0.6007023013533793,0.33600912106428404,0.44926768445887766,,0.188354097425881,0.0921936034160251,3.2701479060064504,0.2244713965089793,0.5492626197939544,0.06814310051107325,2.869042059488538,1.212546309320497,0.018436300494631255,0.020432479222837044,94,49906,0.012623333532379597,0.014623806772456026,46,49895,0.07868202739643795,0.08055470466103096,1632,49906,0.02021240868656112,0.02220757978685299,112,49895,0.032171152642074693,0.03416096180753571,273,49703,0.01072441001240636,0.012725847277898165,34,49895,0.07393532134852658,0.07583178673923434,1426,49703,0.04802871463666994,0.049984280359480215,605,49895,0.88818,0.9708143372884689,0.2985,0.4461349762250741,0.30576,False,/data/suehara/part/march/datasets/20250711_ilc_nnqq_sgv_10m_3cat_parquet,val50k_tail,150000,proxy
1,1,240000,,lr_9e-6,1.4e-05,validation_total_reference_mistag_geomean_percent,0.44118887233828563,min,1.0709348169950523,1.0709348169950523,0.6126283806203275,0.31772543883460685,0.44118887233828563,,0.1864885919155192,0.07411561801179607,3.3768473333148266,0.2183406113537118,0.5632329447270091,0.07211249831426472,2.866453557578272,1.2098873807450197,0.01834667048687276,0.020344405052738795,93,49869,0.011220824046660196,0.013220939599797334,37,49922,0.07995711831702834,0.08182690587106856,1684,49869,0.01991680190136908,0.02191113955690451,109,49922,0.03258464918012094,0.034573496066021406,280,49713,0.011055750107524754,0.013055945909239683,36,49922,0.07389514319064462,0.07579133124862615,1425,49713,0.04796286507096712,0.04991747968049066,604,49922,0.88737,0.9707758464624208,0.29867,0.44118887233828563,0.30601,False,/data/suehara/part/march/datasets/20250711_ilc_nnqq_sgv_10m_3cat_parquet,val50k_tail,150000,proxy
2,2,360000,,lr_14e-6,1.4e-05,validation_total_reference_mistag_geomean_percent,0.4213135841133416,min,1.0383717052077162,1.0383717052077162,0.5816916748884982,0.30515330341018704,0.4213135841133416,,0.18480946092691014,0.0721847909500433,3.274341583409906,0.19850818385851252,0.551643888011981,0.06416426050689766,2.8103750508028593,1.1509464231946192,0.018275037635943035,0.020276371071101966,92,49781,0.011066831124947918,0.013069029316632003,36,49872,0.07882903363881436,0.0807062446140143,1630,49781,0.018957244211200482,0.020954376600230886,99,49872,0.032196088771474334,0.03417989508220139,275,49851,0.01038185372680717,0.01238437355675498,32,49872,0.0730797494199343,0.0749729382622178,1401,49851,0.04679241489246675,0.048751352737679866,574,49872,0.88834,0.9712330535880253,0.29568,0.4213135841133416,0.30551,False,/data/suehara/part/march/datasets/20250711_ilc_nnqq_sgv_10m_3cat_parquet,val50k_tail,150000,proxy
2,2,360000,,lr_3e-6,1.1200000000000001e-05,validation_total_reference_mistag_geomean_percent,0.4218264796635453,min,1.0388731640868227,1.0388731640868227,0.5816455395093411,0.30592098943188367,0.4218264796635453,,0.18480946092691014,0.0721847909500433,3.274341583409906,0.2005133135932643,0.551643888011981,0.06416426050689766,2.8143867572315506,1.1489412580640297,0.018275037635943035,0.020276371071101966,92,49781,0.011066831124947918,0.013069029316632003,36,49872,0.07882903363881436,0.0807062446140143,1630,49781,0.01905736402742137,0.02105441600688579,100,49872,0.032196088771474334,0.03417989508220139,275,49851,0.01038185372680717,0.01238437355675498,32,49872,0.07313111086208364,0.07502413874971615,1403,49851,0.04675124563503722,0.04871026388981615,573,49872,0.88826,0.9711964430048953,0.29591,0.4213135841133416,0.30565,False,/data/suehara/part/march/datasets/20250711_ilc_nnqq_sgv_10m_3cat_parquet,val50k_tail,150000,proxy
2,2,360000,,lr_6e-6,1.26e-05,validation_total_reference_mistag_geomean_percent,0.4454669410064403,min,1.0508112699790146,1.0508112699790146,0.6038017547999721,0.3286522338699976,0.4454669410064403,,0.1825659542352705,0.08634711138239808,3.320292932154914,0.2228960377181889,0.5435218467402083,0.0742986792393963,2.801845209338914,1.1747223890228273,0.0181471178847512,0.020145971716374243,91,49845,0.012197817668058728,0.014202382040934075,43,49799,0.07931818432564686,0.08119114131685812,1655,49845,0.020156637369265866,0.022155717849503282,111,49799,0.03194947266495045,0.03393324668226998,271,49860,0.011248530659685408,0.013253578905440582,37,49799,0.07296391639210892,0.07485710565159134,1397,49860,0.04731171735834275,0.0492725718810743,585,49799,0.88817,0.9711458335217987,0.29665,0.4213135841133416,0.30499,False,/data/suehara/part/march/datasets/20250711_ilc_nnqq_sgv_10m_3cat_parquet,val50k_tail,150000,proxy
2,2,360000,,lr_9e-6,1.4e-05,validation_total_reference_mistag_geomean_percent,0.43752005272282224,min,1.052489342682969,1.052489342682969,0.6043245510835435,0.3167566106512826,0.43752005272282224,,0.19931147277541408,0.07401776697468551,3.3117915616929574,0.20604945815808837,0.5537165273179973,0.07201728485165819,2.8147255120791694,1.1882851576137798,0.019033891298813405,0.021039072830884985,99,49671,0.011206013277957302,0.013203492012708406,37,49988,0.07935575159777747,0.08123561181727079,1645,49671,0.019309873446797347,0.02130206975190967,103,49988,0.03225989891135761,0.03424386085329016,276,49845,0.011041157097679725,0.013038715869243553,36,49988,0.07313979140006789,0.07503303355993994,1403,49845,0.047498288040051,0.04945118627012381,594,49988,0.88802,0.971005513025665,0.29683,0.4213135841133416,0.30453,False,/data/suehara/part/march/datasets/20250711_ilc_nnqq_sgv_10m_3cat_parquet,val50k_tail,150000,proxy
3,3,480000,,lr_14e-6,1.4e-05,validation_total_reference_mistag_geomean_percent,0.4174131362370684,min,1.026036613159707,1.026036613159707,0.5711137719035548,0.30507708774476655,0.4174131362370684,,0.18497667412978602,0.07228335002621065,3.2592086251463117,0.1987792136683033,0.5503962902000049,0.062243994787977215,2.7519813354390874,1.1284234218799745,0.01829155938706036,0.02029469682289871,92,49736,0.01108193700421206,0.013086864888933096,36,49804,0.0786855910280923,0.08056510894748764,1621,49736,0.018983105382328447,0.020982953621881968,99,49804,0.03212345718738227,0.03410282689476438,275,49964,0.010217982657985642,0.012223313689148557,31,49804,0.07224685264959688,0.07413809726376161,1375,49964,0.04635878141916062,0.04832129829819686,562,49804,0.88873,0.9712772101995127,0.29485,0.4174131362370684,0.30446,False,/data/suehara/part/march/datasets/20250711_ilc_nnqq_sgv_10m_3cat_parquet,val50k_tail,150000,proxy
3,3,480000,,lr_3e-6,1.1200000000000001e-05,validation_total_reference_mistag_geomean_percent,0.44238686538888666,min,1.031636501048451,1.031636501048451,0.6060771857064836,0.32290629524435394,0.44238686538888666,,0.19463450730586235,0.08218903759566565,3.198426945536674,0.212488718345711,0.5483909675482348,0.07617520147559696,2.7781124871463656,1.1626741434334973,0.018768632059819736,0.02076732243629965,97,49837,0.011868689204493467,0.013869964550892035,41,49885,0.07788519273220149,0.0797633408572633,1594,49837,0.01964270036628527,0.02163875181462483,106,49885,0.03212022812396371,0.03410691470433491,273,49782,0.011392133174600307,0.01339364962398621,38,49885,0.07271495753450527,0.07461206648451679,1383,49782,0.04702646488386215,0.04898442206020207,580,49885,0.88871,0.9713303022210265,0.29535,0.4174131362370684,0.3028,False,/data/suehara/part/march/datasets/20250711_ilc_nnqq_sgv_10m_3cat_parquet,val50k_tail,150000,proxy
3,3,480000,,lr_6e-6,1.26e-05,validation_total_reference_mistag_geomean_percent,0.41635923817335074,min,1.0262615803151094,1.0262615803151094,0.5715909700485932,0.3032850837331378,0.41635923817335074,,0.18101731199014304,0.07229060895395789,3.252277825198007,0.19879917243049583,0.5501540424603141,0.062250247667382456,2.76677480713402,1.1265286266865548,0.018087755019280415,0.020091736623571527,90,49719,0.011083049358377044,0.013088178249612184,36,49799,0.07861688378177703,0.08049732313007776,1617,49719,0.018985009724119088,0.02098505795011616,99,49799,0.03210935461861715,0.03408786286903691,275,49986,0.010219008337288005,0.012224540455922986,31,49799,0.07242225335146076,0.07431207371687877,1383,49986,0.046321729419040135,0.048284519433290825,561,49799,0.88872,0.9712712234559938,0.29492,0.41635923817335074,0.30261,False,/data/suehara/part/march/datasets/20250711_ilc_nnqq_sgv_10m_3cat_parquet,val50k_tail,150000,proxy
3,3,480000,,lr_9e-6,1.4e-05,validation_total_reference_mistag_geomean_percent,0.4402834025686082,min,1.0278742858102872,1.0278742858102872,0.6021681482361544,0.3219191768033677,0.4402834025686082,,0.19262795962384405,0.08218903759566565,3.1924073159253137,0.212488718345711,0.5403559377066963,0.07617520147559696,2.77610367605205,1.150646439757419,0.01866689201546789,0.020665662914493836,96,49837,0.011868689204493467,0.013869964550892035,41,49885,0.07781332124067973,0.07969171093337932,1591,49837,0.01964270036628527,0.02163875181462483,106,49885,0.03187813268641197,0.03386514206905472,269,49782,0.011392133174600307,0.01339364962398621,38,49885,0.07268904611967449,0.07458623577025376,1382,49782,0.046780287476070465,0.04873872685838519,574,49885,0.88876,0.9713567046187683,0.29518,0.41635923817335074,0.3027,False,/data/suehara/part/march/datasets/20250711_ilc_nnqq_sgv_10m_3cat_parquet,val50k_tail,150000,proxy
4,4,600000,,lr_14e-6,1.4e-05,validation_total_reference_mistag_geomean_percent,0.42648257420888797,min,1.0174079608486666,1.0174079608486666,0.5883855222114112,0.30912960845845927,0.42648257420888797,,0.1905182074311171,0.07632208067109766,3.190678599173009,0.1968306233081865,0.5355960610610239,0.07029665238794519,2.7000461742668125,1.1789752884901403,0.018554575162213267,0.0205523484216325,95,49864,0.01141409220791911,0.013419461877363793,38,49789,0.07777185622935522,0.07964929817677671,1591,49864,0.018888023921921886,0.020888552918698743,98,49789,0.03171255301638787,0.033697003145718385,267,49851,0.01091745658212468,0.012923068285202757,35,49789,0.07165137420748063,0.07354898930266307,1346,49851,0.0474027255452111,0.049363803059745796,587,49789,0.8886,0.9713747389609422,0.29473,0.41635923817335074,0.30424,False,/data/suehara/part/march/datasets/20250711_ilc_nnqq_sgv_10m_3cat_parquet,val50k_tail,150000,proxy
4,4,600000,,lr_3e-6,1.008e-05,validation_total_reference_mistag_geomean_percent,0.4228520619456603,min,1.0207566348448978,1.0207566348448978,0.5875655999401487,0.3043130270218509,0.4228520619456603,,0.1807845967639513,0.07403849821148945,3.2018962401866777,0.200104058018452,0.552797164957606,0.06803538039102737,2.7257926087581312,1.1626045314718463,0.018064519728482508,0.020065934455897504,90,49783,0.011209151688065756,0.013207189166804311,37,49974,0.07796832954394539,0.0798483754932619,1594,49783,0.019018500303577046,0.021011492637579635,100,49974,0.03226322638647362,0.034251133552446175,275,49747,0.010707461076050931,0.012705738799776909,34,49974,0.07206172261310859,0.0739622696698701,1356,49747,0.04698400590733721,0.04893847896168934,581,49974,0.88875,0.9714533826118213,0.29426,0.41635923817335074,0.30297,False,/data/suehara/part/march/datasets/20250711_ilc_nnqq_sgv_10m_3cat_parquet,val50k_tail,150000,proxy
4,4,600000,,lr_6e-6,1.134e-05,validation_total_reference_mistag_geomean_percent,0.42792313872953935,min,1.0179101608807206,1.0179101608807206,0.59246022258191,0.3090810246502646,0.42792313872953935,,0.1905182074311171,0.07632208067109766,3.188673242551072,0.1968306233081865,0.5335900975135578,0.07230512480224655,2.704058170919368,1.180983739849119,0.018554575162213267,0.0205523484216325,95,49864,0.01141409220791911,0.013419461877363793,38,49789,0.07774789481493176,0.07962541719772342,1590,49864,0.018888023921921886,0.020888552918698743,98,49789,0.03165159699165948,0.0336361275983155,266,49851,0.01108527473675957,0.013090805761959855,36,49789,0.07170386450670377,0.07360131864723521,1348,49851,0.04744345103960164,0.04940444787625842,588,49789,0.88858,0.9713527810388581,0.29487,0.41635923817335074,0.3043,False,/data/suehara/part/march/datasets/20250711_ilc_nnqq_sgv_10m_3cat_parquet,val50k_tail,150000,proxy
4,4,600000,,lr_9e-6,1.26e-05,validation_total_reference_mistag_geomean_percent,0.42874986141549515,min,1.019163769202897,1.019163769202897,0.5945647498024139,0.30917817399180764,0.42874986141549515,,0.1905182074311171,0.07632208067109766,3.1926841466724536,0.1968306233081865,0.5416140157171865,0.07230512480224655,2.70205221517177,1.180983739849119,0.018554575162213267,0.0205523484216325,95,49864,0.01141409220791911,0.013419461877363793,38,49789,0.07779580935164607,0.07967317086369982,1592,49864,0.018888023921921886,0.020888552918698743,98,49789,0.031894729371315794,0.03387893806867,270,49851,0.01108527473675957,0.013090805761959855,36,49789,0.07167762464038926,0.0735751592582462,1347,49851,0.04744345103960164,0.04940444787625842,588,49789,0.8886,0.9713626154818727,0.29481,0.41635923817335074,0.30427,False,/data/suehara/part/march/datasets/20250711_ilc_nnqq_sgv_10m_3cat_parquet,val50k_tail,150000,proxy
5,5,720000,,lr_14e-6,1.4e-05,validation_total_reference_mistag_geomean_percent,0.42451409733374257,min,1.0224952262561677,1.0224952262561677,0.5746402948467361,0.3136087400260491,0.42451409733374257,,0.19072475172838485,0.07613094224679956,3.2282674379383245,0.2063549360317331,0.5283246113606398,0.06611371753107878,2.7480915710438554,1.1359538421685251,0.018574674084029894,0.02057460483209496,95,49810,0.011385516323887224,0.013385871690200904,38,49914,0.07826133005116101,0.08013929807363859,1608,49810,0.019338475796030367,0.02133361333262339,103,49914,0.0315128015744931,0.03350037415727099,263,49780,0.0105480322640677,0.012548789001898372,33,49914,0.07232807743739085,0.07422646872711804,1368,49780,0.04646452717410269,0.048422417433919944,567,49914,0.88908,0.9714568190118252,0.2944,0.41635923817335074,0.3013,False,/data/suehara/part/march/datasets/20250711_ilc_nnqq_sgv_10m_3cat_parquet,val50k_tail,150000,proxy
5,5,720000,,lr_3e-6,1.008e-05,validation_total_reference_mistag_geomean_percent,0.43052613118100047,min,1.0344364573751896,1.0344364573751896,0.5858106846534956,0.31640383913331205,0.43052613118100047,,0.18870575769093442,0.08017477945329451,3.2722380910712854,0.20244131824339898,0.5461847202124267,0.06814856520316957,2.779116510142762,1.138481916984246,0.018470692905484563,0.020470584270982608,94,49813,0.011710419608783372,0.013711535026845459,40,49891,0.0787792190889619,0.08065530861516984,1630,49813,0.019149693725262075,0.021145907894985383,101,49891,0.032048315095731424,0.03403437221350201,272,49800,0.010725269613704923,0.012726867121767545,34,49891,0.072714927856991,0.07461131080248005,1384,49800,0.04652721014072429,0.048485901638738865,568,49891,0.88875,0.9711969873732048,0.29562,0.41635923817335074,0.30263,False,/data/suehara/part/march/datasets/20250711_ilc_nnqq_sgv_10m_3cat_parquet,val50k_tail,150000,proxy
5,5,720000,,lr_6e-6,1.134e-05,validation_total_reference_mistag_geomean_percent,0.42434935013569214,min,1.039761353074974,1.039761353074974,0.586912732507585,0.30681285476841663,0.42434935013569214,,0.18457588215983523,0.07213850875471955,3.288259378417574,0.20238859054085337,0.560736404606362,0.06612696344693254,2.8016721283512624,1.1421929683222534,0.018251957262888995,0.020250770549006588,92,49844,0.011059736716536542,0.013060652917080322,36,49904,0.07894353426319417,0.08081781415609363,1639,49844,0.0191447095790028,0.021140405858490353,101,49904,0.032496948834140255,0.0344841773087831,279,49756,0.010550145391994777,0.012551302511971918,33,49904,0.07303693102284972,0.0749340843013778,1394,49756,0.04659777768355362,0.048555810224959126,570,49904,0.8887,0.9713054450796811,0.29526,0.41635923817335074,0.3026,False,/data/suehara/part/march/datasets/20250711_ilc_nnqq_sgv_10m_3cat_parquet,val50k_tail,150000,proxy
5,5,720000,,lr_9e-6,1.26e-05,validation_total_reference_mistag_geomean_percent,0.42054917580819723,min,1.017828481254591,1.017828481254591,0.5843742679119035,0.3026512613310628,0.42054917580819723,,0.17870408777965732,0.07217321642423473,3.21265787989017,0.20248596508031652,0.535918591009053,0.07016840588722519,2.7378012054956127,1.1327184984704601,0.017951544976881582,0.01995223953578727,89,49803,0.011065056669707338,0.013066934209623635,36,49880,0.07808113029601632,0.07995998910767799,1600,49803,0.01915391310721565,0.021150565701737872,101,49880,0.031731601996994124,0.033717234103752214,267,49821,0.010897544418161724,0.01289950234185333,35,49880,0.07216511646702083,0.07406235859584893,1364,49821,0.046413140501764746,0.04837249502455086,565,49880,0.88897,0.9715685927865945,0.29384,0.41635923817335074,0.30347,False,/data/suehara/part/march/datasets/20250711_ilc_nnqq_sgv_10m_3cat_parquet,val50k_tail,150000,proxy
6,6,840000,,lr_14e-6,1.4e-05,validation_total_reference_mistag_geomean_percent,0.41398266561844904,min,1.0276484813084412,1.0276484813084412,0.5798721326645944,0.2955507564142351,0.41398266561844904,,0.17036117004766974,0.07223259105940046,3.2528960930601474,0.1906137835963483,0.544493771837369,0.06420674572122234,2.7505976115683244,1.175786083577048,0.01749063272253274,0.019488012774014022,85,49894,0.011074156772608926,0.013077678739345023,36,49839,0.07848782822621261,0.080361647400886,1623,49894,0.0185638748086763,0.020562646326478872,95,49839,0.032006461673673645,0.0339937439294993,271,49771,0.010388726197120144,0.01239257022819071,32,49839,0.07236703952557232,0.07426567338647237,1369,49771,0.047314714824986566,0.0492739529457319,586,49839,0.88856,0.9714915147697761,0.2942,0.41398266561844904,0.3019,False,/data/suehara/part/march/datasets/20250711_ilc_nnqq_sgv_10m_3cat_parquet,val50k_tail,150000,proxy
6,6,840000,,lr_3e-6,1.008e-05,validation_total_reference_mistag_geomean_percent,0.4258479797461746,min,1.0327996298249786,1.0327996298249786,0.5845238128965646,0.3102465594262946,0.4258479797461746,,0.18481317163835229,0.07804370199614488,3.242266016730921,0.19811094491024822,0.5426917630692029,0.06603698296758528,2.7777777777777777,1.1726566795095978,0.018275404461704902,0.020276777950466347,92,49780,0.011532893499254687,0.013530850647935987,39,49972,0.07845072228564245,0.08032925964044577,1614,49780,0.018919340824225972,0.02091249268854757,99,49972,0.03195803774327022,0.03394615135446617,270,49752,0.010535792795551727,0.012534230472668991,33,49972,0.0727322755129628,0.07463054183749554,1382,49752,0.04718948933140968,0.04914363830434525,586,49972,0.88869,0.9713897654647209,0.29485,0.41398266561844904,0.30199,False,/data/suehara/part/march/datasets/20250711_ilc_nnqq_sgv_10m_3cat_parquet,val50k_tail,150000,proxy
6,6,840000,,lr_6e-6,1.134e-05,validation_total_reference_mistag_geomean_percent,0.42445463778290066,min,1.0181764163114964,1.0181764163114964,0.5769174880030521,0.31228337376117166,0.42445463778290066,,0.1943653965058834,0.07438232569888469,3.208031042556243,0.20505397216039392,0.5495938049265697,0.06634099221408446,2.737939889903366,1.109703906526546,0.018742704234843983,0.020738642062925708,97,49906,0.0112611904322845,0.013268492525998266,37,49743,0.0779464109552451,0.07982157752111987,1601,49906,0.019306001531319915,0.021308049859663232,102,49743,0.03213346892977243,0.03411719831752577,274,49855,0.010584283676004915,0.012591909078356854,33,49743,0.07214262612362937,0.07403856883760329,1365,49855,0.04599630595185141,0.04796198205839954,552,49743,0.8892,0.9715066642021289,0.29402,0.41398266561844904,0.30196,False,/data/suehara/part/march/datasets/20250711_ilc_nnqq_sgv_10m_3cat_parquet,val50k_tail,150000,proxy
6,6,840000,,lr_9e-6,1.26e-05,validation_total_reference_mistag_geomean_percent,0.42529139315608167,min,1.0160770780700255,1.0160770780700255,0.5745893537015146,0.31478614758079887,0.42529139315608167,,0.1943653965058834,0.07634048040639378,3.1980121730974838,0.20692287348985075,0.5419401616558812,0.06629567954002193,2.735794000589438,1.108945859275251,0.018742704234843983,0.020738642062925708,97,49906,0.011416843040805261,0.013422695406166082,38,49777,0.07782702998296899,0.0797025980490508,1596,49906,0.019391653055873814,0.021392258830471925,103,49777,0.031913887223237056,0.03389927760717491,270,49821,0.010577055959905289,0.012583311909170947,33,49777,0.07213902908993312,0.07403635179303487,1363,49821,0.04596505358357029,0.04792941752351527,552,49777,0.88909,0.9715241997993641,0.29398,0.41398266561844904,0.30339,False,/data/suehara/part/march/datasets/20250711_ilc_nnqq_sgv_10m_3cat_parquet,val50k_tail,150000,proxy
7,7,960000,,lr_14e-6,1.4e-05,validation_total_reference_mistag_geomean_percent,0.42103259842173757,min,1.0263788102518678,1.0263788102518678,0.5787834021903722,0.30627769950364503,0.42103259842173757,,0.1801946066557623,0.07625316236068695,3.1914467512909432,0.20066621329787218,0.5550639421194065,0.062206527493736063,2.773308597442848,1.171890681353686,0.01800561109575067,0.020000517912569286,90,49946,0.011403788380058285,0.013407350007007515,38,49834,0.07771791828745066,0.07959224720560307,1594,49946,0.019071883309670433,0.02107045193766991,100,49834,0.032338201104298914,0.034326936591356785,276,49724,0.010211832903350163,0.012215958255987269,31,49834,0.07269478705047745,0.07459430203634633,1379,49724,0.04723787702843683,0.04919746805173205,584,49834,0.88874,0.9712693069595746,0.2954,0.41398266561844904,0.30136,False,/data/suehara/part/march/datasets/20250711_ilc_nnqq_sgv_10m_3cat_parquet,val50k_tail,150000,proxy
7,7,960000,,lr_3e-6,1.1200000000000001e-05,validation_total_reference_mistag_geomean_percent,0.43145012496881124,min,1.0378811870990294,1.0378811870990294,0.5969586154556432,0.31182933877840074,0.43145012496881124,,0.17263182827684903,0.07827867188078556,3.2579239956099353,0.21476456578665715,0.5474782135649556,0.07025009014942293,2.769477723603072,1.192244407920559,0.017625793261020324,0.019626169356708342,86,49817,0.011567605125663174,0.01357156800738153,39,49822,0.07860717528037423,0.08048368882961829,1623,49817,0.019764374945154116,0.02176285899622124,107,49822,0.032066898529663476,0.034050314958046765,273,49865,0.01091022728362379,0.012914512449498105,35,49822,0.07254383172923054,0.07443812934325653,1381,49865,0.0476556480659137,0.049614894020993255,594,49822,0.88852,0.9713265913474373,0.29527,0.41398266561844904,0.30177,False,/data/suehara/part/march/datasets/20250711_ilc_nnqq_sgv_10m_3cat_parquet,val50k_tail,150000,proxy
7,7,960000,,lr_6e-6,1.26e-05,validation_total_reference_mistag_geomean_percent,0.4297840854146773,min,1.0276158772517017,1.0276158772517017,0.5896417531920591,0.3132654006873986,0.4297840854146773,,0.1843133416805318,0.07625316236068695,3.221476576048096,0.21270618244852027,0.5446688549495876,0.0682265096801774,2.715305110846336,1.1979772799996782,0.018226015822432672,0.020221996536726076,92,49915,0.011403788380058285,0.013407350007007515,38,49834,0.07809934122159634,0.079973630967968,1608,49915,0.01966278416006468,0.021660869594617445,106,49834,0.0320167284553744,0.034004642721895045,271,49755,0.01073753392221141,0.012741417678125137,34,49834,0.07191916628679802,0.07381982932263449,1351,49755,0.04776545429204457,0.049723998396205074,597,49834,0.88864,0.9713083938132487,0.2953,0.41398266561844904,0.30109,False,/data/suehara/part/march/datasets/20250711_ilc_nnqq_sgv_10m_3cat_parquet,val50k_tail,150000,proxy
7,7,960000,,lr_9e-6,1.4e-05,validation_total_reference_mistag_geomean_percent,0.42998833653536495,min,1.0278678767147944,1.0278678767147944,0.5902941317179253,0.31321668236539535,0.42998833653536495,,0.1843133416805318,0.07625316236068695,3.2194730566676455,0.21270618244852027,0.546678736486101,0.0682265096801774,2.717314744395015,1.1979772799996782,0.018226015822432672,0.020221996536726076,92,49915,0.011403788380058285,0.013407350007007515,38,49834,0.07807554286533153,0.07994991288279019,1607,49915,0.01966278416006468,0.021660869594617445,106,49834,0.03207722789735218,0.03406506137569633,272,49755,0.01073753392221141,0.012741417678125137,34,49834,0.07194541243022261,0.07384599467788293,1352,49755,0.04776545429204457,0.049723998396205074,597,49834,0.88863,0.9713209047921606,0.29522,0.41398266561844904,0.30105,False,/data/suehara/part/march/datasets/20250711_ilc_nnqq_sgv_10m_3cat_parquet,val50k_tail,150000,proxy
8,8,1080000,,lr_14e-6,1.4e-05,validation_total_reference_mistag_geomean_percent,0.42519320680268247,min,1.0212354557134307,1.0212354557134307,0.5863022639331451,0.3083550486371032,0.42519320680268247,,0.19052204015800864,0.07629909169433347,3.160660159645024,0.196771347766635,0.5357465471504539,0.06826761103528599,2.779059648158649,1.1625572000990558,0.018554946969174504,0.020552760139784132,95,49863,0.01141065553037433,0.013415422156518628,38,49804,0.07741308816790748,0.07929177177897206,1576,49863,0.01888234002879682,0.020882268897638636,98,49804,0.03172143969375624,0.033706441237409644,267,49837,0.010744000094181432,0.012749089237479229,34,49804,0.07268754714548457,0.07458252448266749,1385,49837,0.04706152098555381,0.04902266716668765,579,49804,0.88891,0.9714101688584594,0.2946,0.41398266561844904,0.30344,False,/data/suehara/part/march/datasets/20250711_ilc_nnqq_sgv_10m_3cat_parquet,val50k_tail,150000,proxy
8,8,1080000,,lr_3e-6,1.1200000000000001e-05,validation_total_reference_mistag_geomean_percent,0.4315111733635313,min,1.0371880502253377,1.0371880502253377,0.599946046303835,0.31036439673988947,0.4315111733635313,,0.18296974276357125,0.07608826089654114,3.2632954635918248,0.20423691881482753,0.529833234633676,0.07408593806028509,2.779617467530801,1.187377375511175,0.018187222873188566,0.020190481288034176,91,49735,0.011379134929826253,0.013378370527912704,38,49942,0.07873467169357343,0.08061406306135652,1623,49735,0.019229142186914554,0.021223245988655735,102,49942,0.031544484959099284,0.03353012222236697,264,49827,0.011216331802268456,0.013215647584672814,37,49942,0.07270193480993954,0.07459727006415527,1385,49827,0.047501399729591755,0.049456133031246415,593,49942,0.88832,0.9712472351749885,0.29556,0.41398266561844904,0.30299,False,/data/suehara/part/march/datasets/20250711_ilc_nnqq_sgv_10m_3cat_parquet,val50k_tail,150000,proxy
8,8,1080000,,lr_6e-6,1.26e-05,validation_total_reference_mistag_geomean_percent,0.42812796700596356,min,1.0238966433384793,1.0238966433384793,0.5910598500682036,0.31010997636112286,0.42812796700596356,,0.1826355749219418,0.07607912414651287,3.2593425538636867,0.20421237887977345,0.552986121681923,0.07207495725168475,2.716670155635652,1.127172280326659,0.01815403246834004,0.02015364570727516,91,49826,0.011377768418792986,0.01337676422962853,38,49948,0.0786169157476882,0.0804930334143375,1624,49826,0.01922683432245228,0.021220699569769436,102,49948,0.03227422743852168,0.03426280654913374,275,49730,0.011049996743563172,0.013049152884508669,36,49948,0.07195483644135761,0.07385640005286298,1351,49730,0.046267364070699986,0.048224273227674176,563,49948,0.8889,0.9714338284083309,0.29478,0.41398266561844904,0.3031,False,/data/suehara/part/march/datasets/20250711_ilc_nnqq_sgv_10m_3cat_parquet,val50k_tail,150000,proxy
8,8,1080000,,lr_9e-6,1.4e-05,validation_total_reference_mistag_geomean_percent,0.43131843192702884,min,1.0361821576491173,1.0361821576491173,0.6012592330640564,0.3094099507993274,0.43131843192702884,,0.18296974276357125,0.07608826089654114,3.255252870887681,0.20223459101466923,0.5338471090422798,0.07408593806028509,2.773596743766274,1.1913820047616377,0.018187222873188566,0.020190481288034176,91,49735,0.011379134929826253,0.013378370527912704,38,49942,0.07863959082769698,0.08051930560813506,1619,49735,0.019130155400784204,0.021124339386843292,101,49942,0.031666805204779144,0.03365228135830721,266,49827,0.011216331802268456,0.013215647584672814,37,49942,0.07262429826753423,0.07451987518635982,1382,49827,0.047582144395347595,0.04953671732836652,595,49942,0.88838,0.971273349790854,0.2954,0.41398266561844904,0.30292,False,/data/suehara/part/march/datasets/20250711_ilc_nnqq_sgv_10m_3cat_parquet,val50k_tail,150000,proxy
9,9,1200000,,lr_14e-6,1.4e-05,validation_total_reference_mistag_geomean_percent,0.4161536061320076,min,1.016256188312818,1.016256188312818,0.581343415542425,0.297902787348308,0.4161536061320076,,0.17875074352192205,0.07027124770237382,3.2195220862243734,0.19475173551801417,0.5349950921775907,0.06826349810262973,2.7090389414013663,1.1544561618542748,0.01795622848928069,0.019957443538058086,89,49790,0.010913512141159975,0.012918400060891186,35,49807,0.0781729039194358,0.0800519775675905,1603,49790,0.018779927415389468,0.020779816921423673,97,49807,0.03167705604227951,0.03365930357410339,267,49907,0.010743353126550444,0.012748321665857407,34,49807,0.07172921996922571,0.07362434544761834,1352,49907,0.04689433137931038,0.04885568472813243,575,49807,0.88893,0.9713934106286616,0.29452,0.41398266561844904,0.30126,False,/data/suehara/part/march/datasets/20250711_ilc_nnqq_sgv_10m_3cat_parquet,val50k_tail,150000,proxy
9,9,1200000,,lr_3e-6,1.1200000000000001e-05,validation_total_reference_mistag_geomean_percent,0.42208256317941245,min,1.017147794989096,1.017147794989096,0.5765287648767573,0.3090109305789556,0.42208256317941245,,0.18880431004839032,0.07607302713444644,3.2357844102350146,0.19618833745112504,0.5244649754613196,0.0680653407330019,2.7027027027027026,1.145099256146766,0.018480330951264435,0.020481262729751468,94,49787,0.011376857593759709,0.013375693578380901,38,49952,0.07836842333589986,0.08024695694071673,1611,49787,0.01882644179534425,0.020820468646952535,98,49952,0.0313990962325969,0.033387423002462745,261,49765,0.010712175648503386,0.012711332241992116,34,49952,0.07174723984215217,0.07364802741990847,1345,49765,0.04663563823411477,0.04859167293492072,572,49952,0.8888,0.9713908410009017,0.29463,0.41398266561844904,0.30258,False,/data/suehara/part/march/datasets/20250711_ilc_nnqq_sgv_10m_3cat_parquet,val50k_tail,150000,proxy
9,9,1200000,,lr_6e-6,1.26e-05,validation_total_reference_mistag_geomean_percent,0.4201097238679121,min,1.0181016252783937,1.0181016252783937,0.584335124257116,0.302039314019936,0.4201097238679121,,0.18063584611642852,0.07232691908690796,3.235388643063114,0.19688994640324944,0.5370095852310565,0.07031783800116052,2.7151043109676047,1.1371399133576288,0.018049665965228598,0.020049439739913993,90,49824,0.011088614480474126,0.013094749009146433,36,49774,0.07833496959441869,0.08021212409245262,1612,49824,0.018893711237962615,0.020894840722943425,98,49774,0.031738462982872,0.033720669503881,268,49906,0.01092074579496147,0.01292696105014493,35,49774,0.07180908524755877,0.07370400562360796,1355,49906,0.046553000028574064,0.048516349506334995,566,49774,0.88889,0.97133055792838,0.29487,0.41398266561844904,0.30091,False,/data/suehara/part/march/datasets/20250711_ilc_nnqq_sgv_10m_3cat_parquet,val50k_tail,150000,proxy
9,9,1200000,,lr_9e-6,1.4e-05,validation_total_reference_mistag_geomean_percent,0.42883832932162524,min,1.0190446224021923,1.0190446224021923,0.5895868493938669,0.3119172567780745,0.42883832932162524,,0.19058699841646679,0.07819548642517955,3.199855475277606,0.19849624315208253,0.5343189622328232,0.07218045324778116,2.7318561623706987,1.1468671980949012,0.018561269968135986,0.02055976187304567,95,49846,0.011555316505025906,0.013557153240581184,39,49875,0.07789529032322107,0.07977304202121255,1595,49846,0.018956104899977386,0.020953117641953373,99,49875,0.03169472491962666,0.033681936917689684,266,49783,0.011066165637542577,0.013068243572776833,36,49875,0.072114967725289,0.07401389684885684,1360,49783,0.046707244895606397,0.048666228488199355,572,49875,0.88918,0.9715813396558256,0.2939,0.41398266561844904,0.30412,False,/data/suehara/part/march/datasets/20250711_ilc_nnqq_sgv_10m_3cat_parquet,val50k_tail,150000,proxy
10,10,1320000,,lr_14e-6,1.4e-05,validation_total_reference_mistag_geomean_percent,0.42704084659150904,min,1.0160539181075956,1.0160539181075956,0.5725091862245916,0.3185344253778534,0.42704084659150904,,0.18019821363562874,0.08438140560139262,3.2095304483546694,0.21095351400348156,0.5302802087816494,0.06629967680526203,2.7257206194592727,1.1210672582194094,0.018005971327074738,0.020000917940695882,90,49945,0.012050461222847843,0.014056111392453233,42,49774,0.07793417617113219,0.07980781848549029,1603,49945,0.01958905234852287,0.02158961674792559,105,49774,0.03157103210330338,0.03355832651519095,264,49785,0.010577693302468412,0.01258407001067418,33,49774,0.07203363704675267,0.07393273636790362,1357,49785,0.04621953330047248,0.048183528590322634,558,49774,0.88898,0.9713756987189646,0.29476,0.41398266561844904,0.3018,False,/data/suehara/part/march/datasets/20250711_ilc_nnqq_sgv_10m_3cat_parquet,val50k_tail,150000,proxy
10,10,1320000,,lr_3e-6,1.1200000000000001e-05,validation_total_reference_mistag_geomean_percent,0.4266876111663412,min,1.029768524895146,1.029768524895146,0.583144995728435,0.3122076307890044,0.4266876111663412,,0.18444636651127647,0.07821430777616539,3.283947100370569,0.20054950368159633,0.5526305182310899,0.06818683125174275,2.7571238548576398,1.1130497164810875,0.018239160006434572,0.020236575950292143,92,49879,0.011558096547150863,0.013560414279093696,39,49863,0.07886548167573629,0.08073861931999701,1638,49879,0.01906080080655544,0.02105821178418881,100,49863,0.032253525802011275,0.03424084045260366,275,49762,0.010731290683373553,0.012734010608292552,34,49863,0.07245808352562451,0.07435679847810663,1372,49762,0.046012008989201186,0.04797282040600176,555,49863,0.88879,0.9714075862836374,0.29478,0.41398266561844904,0.3021,False,/data/suehara/part/march/datasets/20250711_ilc_nnqq_sgv_10m_3cat_parquet,val50k_tail,150000,proxy
10,10,1320000,,lr_6e-6,1.26e-05,validation_total_reference_mistag_geomean_percent,0.4249637122829962,min,1.0206289298849027,1.0206289298849027,0.574799505016301,0.31418634703282083,0.4249637122829962,,0.18665328741735374,0.08026487408447879,3.2092322230449692,0.20266881078657245,0.5477088635216587,0.06421189926758303,2.742556793096738,1.1317346878598677,0.01836285931249046,0.02036235141354196,93,49825,0.011723574546273477,0.013726934973511455,40,49835,0.07802330005927186,0.07990146678696006,1599,49825,0.019171193594686733,0.021169641752361457,101,49835,0.03208037481818504,0.03406461761679613,273,49844,0.010389559842153543,0.012393564501465393,32,49835,0.07221043179192754,0.07410660766605168,1367,49844,0.046413287531066674,0.04837445075746606,564,49835,0.8889,0.9714497065360375,0.29448,0.41398266561844904,0.30226,False,/data/suehara/part/march/datasets/20250711_ilc_nnqq_sgv_10m_3cat_parquet,val50k_tail,150000,proxy
10,10,1320000,,lr_9e-6,1.4e-05,validation_total_reference_mistag_geomean_percent,0.4241419717359442,min,1.0186220172319027,1.0186220172319027,0.5745445492995672,0.31311133733209706,0.4241419717359442,,0.18665328741735374,0.08026487408447879,3.197190164722788,0.20066218275359735,0.5477088635216587,0.06421189926758303,2.742556793096738,1.1297280729910246,0.01836285931249046,0.02036235141354196,93,49825,0.011723574546273477,0.013726934973511455,40,49835,0.07787969790124666,0.07975834799695547,1593,49825,0.0190715009398609,0.021070029626544824,100,49835,0.03208037481818504,0.03406461761679613,273,49844,0.010389559842153543,0.012393564501465393,32,49835,0.07221043179192754,0.07410660766605168,1367,49844,0.046371711936474616,0.04833295569188316,563,49835,0.88893,0.9714628944324369,0.29441,0.41398266561844904,0.30223,False,/data/suehara/part/march/datasets/20250711_ilc_nnqq_sgv_10m_3cat_parquet,val50k_tail,150000,proxy
11,11,1440000,,lr_14e-6,1.4e-05,validation_total_reference_mistag_geomean_percent,0.4255518747974883,min,1.0353674752016138,1.0353674752016138,0.5916371137017223,0.3060903279217826,0.4255518747974883,,0.1782852601159529,0.07626540098871315,3.2491986665523873,0.19869144270373165,0.5727722048863231,0.06623048223989034,2.7794524263271856,1.1620439177987267,0.01790950305149469,0.019905525356480182,89,49920,0.011405618811824468,0.013409501630231961,38,49826,0.0784239364656325,0.08029692784329162,1622,49920,0.018974730815078514,0.020973699589187534,99,49826,0.0328517007773351,0.03483836561314234,285,49758,0.010566656892742592,0.012570942501666345,33,49826,0.0727495488986412,0.07464751901257692,1383,49758,0.047040856362657625,0.04900115724720527,579,49826,0.88871,0.9713463067528552,0.29503,0.41398266561844904,0.30261,False,/data/suehara/part/march/datasets/20250711_ilc_nnqq_sgv_10m_3cat_parquet,val50k_tail,150000,proxy
11,11,1440000,,lr_3e-6,1.1200000000000001e-05,validation_total_reference_mistag_geomean_percent,0.43543027667272416,min,1.0442401335660279,1.0442401335660279,0.6014609724924865,0.31523163515925984,0.43543027667272416,,0.18498039155914062,0.07999520341260788,3.2713380921379143,0.20398775899140106,0.5827271409682895,0.0679959182528369,2.7709680883719634,1.1919284748340697,0.018291926876393853,0.020295104438075542,92,49735,0.011684198101829482,0.013680838562581111,40,50003,0.07882962330954743,0.08070869126467414,1627,49735,0.019205704683539257,0.021197385838617494,102,50003,0.033140201038620205,0.03512614645774844,290,49766,0.010701252749277653,0.012698373142836384,34,50003,0.07263427601290201,0.07453228199554782,1379,49766,0.047564697621106135,0.04951686430839947,596,50003,0.88855,0.9713535975355146,0.29516,0.41398266561844904,0.30269,False,/data/suehara/part/march/datasets/20250711_ilc_nnqq_sgv_10m_3cat_parquet,val50k_tail,150000,proxy
11,11,1440000,,lr_6e-6,1.26e-05,validation_total_reference_mistag_geomean_percent,0.4241809484910976,min,1.009131835056335,1.009131835056335,0.5853390791797303,0.30739358341656065,0.4241809484910976,,0.18282637252569545,0.07623939505082362,3.1301482505097726,0.20464257869633784,0.5512458167233829,0.06821419289877928,2.7061157137408065,1.1536223603050826,0.018172983564990156,0.020174678135549032,91,49774,0.011401729846457294,0.013404930256067694,38,49843,0.07711372762831785,0.07899699640701585,1558,49774,0.019267302099012302,0.0212653503063113,102,49843,0.032172913881319945,0.034155304603916956,275,49887,0.010735595588071287,0.012739118010326143,34,49843,0.07170522239392102,0.07360122480645492,1350,49887,0.04686064675234903,0.04882061696444059,575,49843,0.88918,0.9714189448436503,0.29428,0.41398266561844904,0.30222,False,/data/suehara/part/march/datasets/20250711_ilc_nnqq_sgv_10m_3cat_parquet,val50k_tail,150000,proxy
11,11,1440000,,lr_9e-6,1.4e-05,validation_total_reference_mistag_geomean_percent,0.42303754175855907,min,1.0272927039019222,1.0272927039019222,0.5799799753313405,0.3085636907289514,0.42303754175855907,,0.19258933087549976,0.07611417088467579,3.249944892864041,0.19028543163167783,0.5348668970146174,0.06609914888470193,2.740690169986273,1.1677515890738892,0.018663150274319695,0.02066152175067466,96,49847,0.011383008494250852,0.01338292380205613,38,49925,0.07848948683281953,0.08036519118079094,1620,49847,0.018531923080280285,0.020527264768853675,95,49925,0.031727148073316336,0.03371637587431314,266,49732,0.010545708800831298,0.01254602530330603,33,49925,0.07226638192072976,0.07416690309986901,1363,49732,0.047111493511615456,0.049067678600448784,583,49925,0.88879,0.9715301201255317,0.29426,0.41398266561844904,0.30193,False,/data/suehara/part/march/datasets/20250711_ilc_nnqq_sgv_10m_3cat_parquet,val50k_tail,150000,proxy
12,12,1560000,,lr_14e-6,1.4e-05,validation_total_reference_mistag_geomean_percent,0.414845077938449,min,1.0088281714186467,1.0088281714186467,0.5917991667746493,0.29080209698113735,0.414845077938449,,0.17682044166905805,0.0661481722287816,3.1445909787938877,0.19443554059524285,0.5276039273710558,0.07216163925311293,2.6921841379021374,1.1966805335358965,0.017857762475023752,0.019859939716002084,88,49768,0.010553528158299762,0.01255532622312746,33,49888,0.07729262728092337,0.07917554271415286,1565,49768,0.018749461106512978,0.020746116259528612,97,49888,0.03146991737355068,0.03345480758535427,263,49848,0.011063282783407607,0.013064839774244132,36,49888,0.07155051526723036,0.07344855999269762,1342,49848,0.04771404622274326,0.049670522377227334,597,49888,0.88891,0.9715500878978546,0.29388,0.41398266561844904,0.30048,False,/data/suehara/part/march/datasets/20250711_ilc_nnqq_sgv_10m_3cat_parquet,val50k_tail,150000,proxy
12,12,1560000,,lr_3e-6,1.1200000000000001e-05,validation_total_reference_mistag_geomean_percent,0.4178288718317329,min,1.010637209495377,1.010637209495377,0.5689955309985244,0.30682308845169365,0.4178288718317329,,0.18460922034266508,0.07431360158438921,3.184508949993015,0.20285605577451976,0.5352846742335851,0.06427122456767559,2.718524490302584,1.120729459164583,0.018255250889103465,0.020254423807861265,92,49835,0.011250789245335392,0.013256239592657865,37,49789,0.07772044597624886,0.07959922802620104,1587,49835,0.019188890350349846,0.02118917731349329,101,49789,0.031694160728953494,0.03367746961677699,267,49880,0.01039915638521633,0.012405010121927797,32,49789,0.07187215521142348,0.07376792616795233,1356,49880,0.046205682728243415,0.048169099901233976,558,49789,0.88894,0.9715312390557438,0.29394,0.41398266561844904,0.30119,False,/data/suehara/part/march/datasets/20250711_ilc_nnqq_sgv_10m_3cat_parquet,val50k_tail,150000,proxy
12,12,1560000,,lr_6e-6,1.26e-05,validation_total_reference_mistag_geomean_percent,0.41827083346480676,min,1.0186609612888977,1.0186609612888977,0.5657482095736682,0.30923737303416626,0.41827083346480676,,0.18661208627619819,0.07431360158438921,3.250662237612914,0.20285605577451976,0.5453196709409834,0.06226274773136573,2.716574155259782,1.110687135131031,0.01835880942828417,0.020357861855691623,93,49836,0.011250789245335392,0.013256239592657865,37,49789,0.07850653092001392,0.0803826204851199,1620,49836,0.019188890350349846,0.02118917731349329,101,49789,0.03199768293447192,0.03398062921860928,272,49879,0.010221060313761725,0.012226994728350982,31,49789,0.07184743513389547,0.07374332229871661,1355,49879,0.045996072759567526,0.04795989332194699,553,49789,0.88898,0.9715122437520475,0.29406,0.41398266561844904,0.30116,False,/data/suehara/part/march/datasets/20250711_ilc_nnqq_sgv_10m_3cat_parquet,val50k_tail,150000,proxy
12,12,1560000,,lr_9e-6,1.4e-05,validation_total_reference_mistag_geomean_percent,0.414845077938449,min,1.0088281714186467,1.0088281714186467,0.5917991667746493,0.29080209698113735,0.414845077938449,,0.17682044166905805,0.0661481722287816,3.1445909787938877,0.19443554059524285,0.5276039273710558,0.07216163925311293,2.6921841379021374,1.1966805335358965,0.017857762475023752,0.019859939716002084,88,49768,0.010553528158299762,0.01255532622312746,33,49888,0.07729262728092337,0.07917554271415286,1565,49768,0.018749461106512978,0.020746116259528612,97,49888,0.03146991737355068,0.03345480758535427,263,49848,0.011063282783407607,0.013064839774244132,36,49888,0.07155051526723036,0.07344855999269762,1342,49848,0.04771404622274326,0.049670522377227334,597,49888,0.88891,0.9715500878978546,0.29388,0.41398266561844904,0.30048,False,/data/suehara/part/march/datasets/20250711_ilc_nnqq_sgv_10m_3cat_parquet,val50k_tail,150000,proxy
13,13,1680000,,lr_14e-6,1.4e-05,validation_total_reference_mistag_geomean_percent,0.4171748721953324,min,1.0069029898679662,1.0069029898679662,0.5818886047056531,0.29908623847209903,0.4171748721953324,,0.17667135806186,0.07221665277930091,3.158000368391614,0.19859579295467364,0.5517213510842315,0.06820461183733001,2.7024316049574133,1.1273821788773073,0.017842716076161527,0.01984321109328082,88,49810,0.011071713812696405,0.013074794326629956,36,49850,0.07742180327188555,0.07930259263963443,1573,49810,0.018965603346628127,0.020963613585645934,99,49850,0.0322005988777135,0.034184680676462714,275,49844,0.010734088478605339,0.012737329953647328,34,49850,0.07168755670775885,0.07358534258050213,1347,49844,0.04631623191531861,0.04827697965773363,562,49850,0.88897,0.971522779754594,0.29406,0.41398266561844904,0.30126,False,/data/suehara/part/march/datasets/20250711_ilc_nnqq_sgv_10m_3cat_parquet,val50k_tail,150000,proxy
13,13,1680000,,lr_3e-6,1.1200000000000001e-05,validation_total_reference_mistag_geomean_percent,0.41798732172546293,min,1.0076556899036024,1.0076556899036024,0.5824168757711756,0.2999799772145826,0.41798732172546293,,0.17867898603601476,0.07221665277930091,3.160008076497693,0.19859579295467364,0.5537276152890873,0.06820461183733001,2.7024316049574133,1.1273821788773073,0.01794902409742111,0.01994943850467557,89,49810,0.011071713812696405,0.013074794326629956,36,49850,0.07744593166010942,0.07932664041799334,1574,49810,0.018965603346628127,0.020963613585645934,99,49850,0.032260544482934625,0.0342445457817528,276,49844,0.010734088478605339,0.012737329953647328,34,49850,0.07168755670775885,0.07358534258050213,1347,49844,0.04631623191531861,0.04827697965773363,562,49850,0.88891,0.971498281476555,0.2942,0.41398266561844904,0.30133,False,/data/suehara/part/march/datasets/20250711_ilc_nnqq_sgv_10m_3cat_parquet,val50k_tail,150000,proxy
13,13,1680000,,lr_6e-6,1.26e-05,validation_total_reference_mistag_geomean_percent,0.4289604783477471,min,1.0311058429832196,1.0311058429832196,0.5905785076772467,0.31157092510533513,0.4289604783477471,,0.19271303824149352,0.0742658698195091,3.2480176912291725,0.20272576069797846,0.5574717038622116,0.06824431665296282,2.7372263154806196,1.16818204788181,0.018675129129549488,0.020674779320723313,96,49815,0.011243564961845282,0.01324772915148757,37,49821,0.0784915898675749,0.08036857647166287,1618,49815,0.01917657610742418,0.02117558354356834,101,49821,0.03236456214824497,0.034347458467587355,278,49868,0.010740334974211261,0.012744740886673782,34,49821,0.07212407351915445,0.07401955061805895,1365,49868,0.0471684102419807,0.049128661452615095,582,49821,0.8888,0.9713176151667016,0.29525,0.41398266561844904,0.30291,False,/data/suehara/part/march/datasets/20250711_ilc_nnqq_sgv_10m_3cat_parquet,val50k_tail,150000,proxy
13,13,1680000,,lr_9e-6,1.4e-05,validation_total_reference_mistag_geomean_percent,0.4171748721953324,min,1.0069029898679662,1.0069029898679662,0.5818886047056531,0.29908623847209903,0.4171748721953324,,0.17667135806186,0.07221665277930091,3.158000368391614,0.19859579295467364,0.5517213510842315,0.06820461183733001,2.7024316049574133,1.1273821788773073,0.017842716076161527,0.01984321109328082,88,49810,0.011071713812696405,0.013074794326629956,36,49850,0.07742180327188555,0.07930259263963443,1573,49810,0.018965603346628127,0.020963613585645934,99,49850,0.0322005988777135,0.034184680676462714,275,49844,0.010734088478605339,0.012737329953647328,34,49850,0.07168755670775885,0.07358534258050213,1347,49844,0.04631623191531861,0.04827697965773363,562,49850,0.88897,0.971522779754594,0.29406,0.41398266561844904,0.30126,False,/data/suehara/part/march/datasets/20250711_ilc_nnqq_sgv_10m_3cat_parquet,val50k_tail,150000,proxy
14,14,1800000,,lr_14e-6,1.4e-05,validation_total_reference_mistag_geomean_percent,0.41676036886421797,min,1.0109394229286062,1.0109394229286062,0.579631760899175,0.299654395725999,0.41676036886421797,,0.17241725860557752,0.07437484997016654,3.191723998375063,0.19699284127485775,0.5433365987473809,0.06834445404611349,2.724702689831102,1.115622692578588,0.017603900330527424,0.019601798596375654,86,49879,0.011260058936997592,0.013267159588297524,37,49748,0.07777278547245296,0.07964962091864258,1592,49879,0.018903577370060157,0.020905748555654583,98,49748,0.03193861020031625,0.033921715512956994,271,49877,0.010756091142244645,0.012763434226284193,34,49748,0.07195478550864158,0.0738504227527647,1359,49877,0.04611780976799731,0.04808305036625663,555,49748,0.88895,0.971531009589885,0.29388,0.41398266561844904,0.30419,False,/data/suehara/part/march/datasets/20250711_ilc_nnqq_sgv_10m_3cat_parquet,val50k_tail,150000,proxy
14,14,1800000,,lr_3e-6,1.1200000000000001e-05,validation_total_reference_mistag_geomean_percent,0.42001834125565,min,1.0142000052683957,1.0142000052683957,0.5851719479230594,0.3014761859608886,0.42001834125565,,0.17642695149970986,0.07437484997016654,3.195733625391346,0.19699284127485775,0.5433365987473809,0.07035458556537236,2.734727452065541,1.1216531376327925,0.01781805196037845,0.01981578945222978,88,49879,0.011260058936997592,0.013267159588297524,37,49748,0.07782065319146582,0.07969732786365855,1594,49879,0.018903577370060157,0.020905748555654583,98,49748,0.03193861020031625,0.033921715512956994,271,49877,0.010926451794681335,0.012933714067807692,35,49748,0.0720851860418887,0.07398042131878495,1364,49877,0.046243560638810355,0.04820855880433017,558,49748,0.88887,0.9715046650595833,0.29403,0.41398266561844904,0.30427,False,/data/suehara/part/march/datasets/20250711_ilc_nnqq_sgv_10m_3cat_parquet,val50k_tail,150000,proxy
14,14,1800000,,lr_6e-6,1.26e-05,validation_total_reference_mistag_geomean_percent,0.4186853010793691,min,1.0129449834066324,1.0129449834066324,0.5848149480390203,0.29974846218914647,0.4186853010793691,,0.17241725860557752,0.07437484997016654,3.195733625391346,0.19699284127485775,0.5453415428582318,0.07035458556537236,2.7327224710089193,1.115622692578588,0.017603900330527424,0.019601798596375654,86,49879,0.011260058936997592,0.013267159588297524,37,49748,0.07782065319146582,0.07969732786365855,1594,49879,0.018903577370060157,0.020905748555654583,98,49748,0.031998962787429565,0.03398198770662494,272,49877,0.010926451794681335,0.012933714067807692,35,49748,0.07205912671870776,0.07395444238904939,1363,49877,0.04611780976799731,0.04808305036625663,555,49748,0.88893,0.971518418681183,0.29395,0.41398266561844904,0.30423,False,/data/suehara/part/march/datasets/20250711_ilc_nnqq_sgv_10m_3cat_parquet,val50k_tail,150000,proxy
14,14,1800000,,lr_9e-6,1.4e-05,validation_total_reference_mistag_geomean_percent,0.41676036886421797,min,1.0109394229286062,1.0109394229286062,0.579631760899175,0.299654395725999,0.41676036886421797,,0.17241725860557752,0.07437484997016654,3.191723998375063,0.19699284127485775,0.5433365987473809,0.06834445404611349,2.724702689831102,1.115622692578588,0.017603900330527424,0.019601798596375654,86,49879,0.011260058936997592,0.013267159588297524,37,49748,0.07777278547245296,0.07964962091864258,1592,49879,0.018903577370060157,0.020905748555654583,98,49748,0.03193861020031625,0.033921715512956994,271,49877,0.010756091142244645,0.012763434226284193,34,49748,0.07195478550864158,0.0738504227527647,1359,49877,0.04611780976799731,0.04808305036625663,555,49748,0.88895,0.971531009589885,0.29388,0.41398266561844904,0.30419,False,/data/suehara/part/march/datasets/20250711_ilc_nnqq_sgv_10m_3cat_parquet,val50k_tail,150000,proxy
15,15,1920000,,lr_14e-6,1.4e-05,validation_total_reference_mistag_geomean_percent,0.42881443062938135,min,1.0317676652455279,1.0317676652455279,0.5952425128736335,0.30891915805589903,0.42881443062938135,,0.18644372924783656,0.07420480744251029,3.249734384073842,0.2025590637577649,0.5566608570739103,0.07019373625440499,2.7431121091577464,1.1712326349562079,0.018342260305397866,0.020339516079581253,93,49881,0.011234322396028586,0.013236841105080895,37,49862,0.07846056006532431,0.08033499435553676,1621,49881,0.019160821562561287,0.02115819199502568,101,49862,0.03237415162406629,0.03436134422730537,277,49761,0.010901477323150882,0.012904156915846557,35,49862,0.07227706019511289,0.07417637645749271,1365,49761,0.047211498314353104,0.04917001534694328,584,49862,0.88861,0.9713862594234147,0.29484,0.41398266561844904,0.30248,False,/data/suehara/part/march/datasets/20250711_ilc_nnqq_sgv_10m_3cat_parquet,val50k_tail,150000,proxy
15,15,1920000,,lr_3e-6,1.1200000000000001e-05,validation_total_reference_mistag_geomean_percent,0.41886163746068694,min,1.026206767827319,1.026206767827319,0.582867538568893,0.3010033321927928,0.41886163746068694,,0.18277864595651333,0.07206341791900167,3.209673293939707,0.19417086823081825,0.5606800367159187,0.06405636960525263,2.763208046764058,1.1630234634872816,0.018168242082457403,0.020169415914023537,91,49787,0.011048227682232403,0.01304706414495811,36,49956,0.07805796932692788,0.07993755182841983,1598,49787,0.018723960673971064,0.0207179086344024,97,49956,0.03249369194297195,0.034480723008819755,279,49761,0.010364401126955946,0.012363558147209158,32,49956,0.0725375619876685,0.07443607056309212,1375,49761,0.04700084146311047,0.04895600196271402,581,49956,0.88875,0.9713548904535184,0.29494,0.41398266561844904,0.30333,False,/data/suehara/part/march/datasets/20250711_ilc_nnqq_sgv_10m_3cat_parquet,val50k_tail,150000,proxy
15,15,1920000,,lr_6e-6,1.26e-05,validation_total_reference_mistag_geomean_percent,0.41909218823893596,min,1.0161181731460296,1.0161181731460296,0.5892814562553511,0.29805496232481316,0.41909218823893596,,0.1766677956411664,0.0722383873838196,3.2101343376759,0.19263570535249547,0.5395322906404204,0.0722383873838196,2.7337637932307475,1.1317346878598677,0.017842358137598276,0.019842813136221066,88,49811,0.011075045388980038,0.01307872793225494,36,49835,0.07804487917358674,0.07992353755680096,1599,49811,0.018667640543746505,0.020666491346467333,96,49835,0.03182966015515326,0.033813673782716935,269,49858,0.011075045388980038,0.01307872793225494,36,49835,0.07208621661070128,0.07398221276427655,1363,49858,0.046413287531066674,0.04837445075746606,564,49835,0.88895,0.9715069161594666,0.29387,0.41398266561844904,0.30268,False,/data/suehara/part/march/datasets/20250711_ilc_nnqq_sgv_10m_3cat_parquet,val50k_tail,150000,proxy
15,15,1920000,,lr_9e-6,1.4e-05,validation_total_reference_mistag_geomean_percent,0.42247835602335604,min,1.0313557842075052,1.0313557842075052,0.566927104961703,0.31483405846375045,0.42247835602335604,,0.18430224938960565,0.08026970306676907,3.3094274382747355,0.20067426258271354,0.536640256633529,0.06220902170542023,2.7535474990725013,1.1237758429347668,0.01822492132886554,0.020220782533789505,92,49918,0.01172428010918731,0.013727760946936906,40,49832,0.07913381886752238,0.08100447222752286,1652,49918,0.019072648095288646,0.021071296610708848,100,49832,0.03177422745644859,0.033762504402679985,267,49754,0.01021224265668225,0.012216448342781246,31,49832,0.07241748885136942,0.07431665285685674,1370,49754,0.04624952502539047,0.048211125736285707,560,49832,0.88865,0.9714191436001665,0.29494,0.41398266561844904,0.30191,False,/data/suehara/part/march/datasets/20250711_ilc_nnqq_sgv_10m_3cat_parquet,val50k_tail,150000,proxy
16,16,2040000,,lr_14e-6,1.3440000000000002e-05,validation_total_reference_mistag_geomean_percent,0.4242615421332262,min,1.0236188725701896,1.0236188725701896,0.5821640932453606,0.3091874923611973,0.4242615421332262,,0.18290721779076347,0.076098926746887,3.246100612104883,0.2022629400938009,0.5279322529905233,0.0700911210241449,2.758094769947642,1.125463139862872,0.01818101325276511,0.02018358969158051,91,49752,0.01138072960762274,0.013380245030219368,38,49935,0.07851797581135689,0.08039741622060809,1615,49752,0.019132834770663167,0.02112729716485474,101,49935,0.03148945303897621,0.03347556519795605,263,49817,0.010885544771668983,0.012885300814665865,35,49935,0.07243115717960012,0.07432773694489199,1374,49817,0.04623781298418988,0.048195300043544186,562,49935,0.88904,0.9715453037482119,0.29403,0.41398266561844904,0.30227,False,/data/suehara/part/march/datasets/20250711_ilc_nnqq_sgv_10m_3cat_parquet,val50k_tail,150000,proxy
16,16,2040000,,lr_3e-6,8.96e-06,validation_total_reference_mistag_geomean_percent,0.424735873254084,min,1.0272321242836575,1.0272321242836575,0.5835024603320288,0.30916846850355434,0.424735873254084,,0.18285208177273665,0.07606541960357771,3.2491410773649787,0.20217387508544482,0.5303334620539999,0.07006024993344191,2.7882685184781395,1.1189623099769415,0.018175537696189924,0.02017751277693478,91,49767,0.011375719267519093,0.013374355505308516,38,49957,0.07854228498166277,0.08042103674998496,1617,49767,0.019124416420131587,0.021118004078983857,101,49957,0.03157419545421567,0.03356168732994106,264,49780,0.010880752309209464,0.012879628955519692,35,49957,0.07284724841363811,0.07474402556231462,1388,49780,0.046092788661531055,0.04804967395287251,559,49957,0.88909,0.9715079540466346,0.29426,0.41398266561844904,0.30238,False,/data/suehara/part/march/datasets/20250711_ilc_nnqq_sgv_10m_3cat_parquet,val50k_tail,150000,proxy
16,16,2040000,,lr_6e-6,1.0080000000000002e-05,validation_total_reference_mistag_geomean_percent,0.4233233467204909,min,1.0204511264392597,1.0204511264392597,0.5771075476595418,0.31051864874301655,0.4233233467204909,,0.1787148673229726,0.08023911098356087,3.168674718455629,0.2046097385193943,0.5435981726554592,0.0641912900443321,2.7801737417689223,1.1434073717638082,0.017952625570570722,0.01995344021849194,89,49800,0.011719812977827915,0.01372253146003302,40,49851,0.07755768637609586,0.07943842472678056,1578,49800,0.019264212845748144,0.021261941733776053,102,49851,0.03195394759237863,0.03393799708976539,271,49853,0.010386226064514049,0.012389588365322661,32,49851,0.0726903843427145,0.07458470882176528,1386,49853,0.04664704993385012,0.048607115433572934,570,49851,0.88879,0.9714357036879546,0.29451,0.41398266561844904,0.30304,False,/data/suehara/part/march/datasets/20250711_ilc_nnqq_sgv_10m_3cat_parquet,val50k_tail,150000,proxy
16,16,2040000,,lr_9e-6,1.1200000000000001e-05,validation_total_reference_mistag_geomean_percent,0.42466970043617214,min,1.0226467226301852,1.0226467226301852,0.5732342138179799,0.31460849705285254,0.42466970043617214,,0.18235375693927056,0.08025359823551806,3.208224011245624,0.20865936358894105,0.5305572770080378,0.06420288110428955,2.757290025165909,1.149632867753891,0.018126042752115337,0.020122581956735927,91,49903,0.011721928563009923,0.013725008088665263,40,49842,0.07795102202168905,0.07982629358491075,1601,49903,0.019464605198961957,0.0214625323155645,104,49842,0.031587488453325985,0.03357581010581326,264,49759,0.010388101051133736,0.012391824627920666,32,49842,0.07246239258579118,0.07436121532942222,1372,49759,0.04677923162739392,0.04873940124640666,573,49842,0.88877,0.9714487726999131,0.2948,0.41398266561844904,0.3014,False,/data/suehara/part/march/datasets/20250711_ilc_nnqq_sgv_10m_3cat_parquet,val50k_tail,150000,proxy
17,17,2160000,,lr_14e-6,1.3440000000000002e-05,validation_total_reference_mistag_geomean_percent,0.4197494105283697,min,1.0302752465283942,1.0302752465283942,0.5665051142041903,0.31101143347385274,0.4197494105283697,,0.1852150168410688,0.07615077891407986,3.277500360858361,0.2024007541108175,0.5227213414132236,0.06212300202733928,2.771825093251871,1.1442656248103942,0.01831510851075678,0.02032081724546301,92,49672,0.011388481547569301,0.013389357232770654,38,49901,0.07895171958962055,0.08083292264147307,1628,49672,0.019145859536308547,0.021141675305075703,101,49901,0.0312949570277183,0.03327674340296988,261,49931,0.010198125142711352,0.012199563040849848,31,49901,0.07252676374330282,0.07441846345015816,1384,49931,0.04664182133961234,0.04859988852545759,571,49901,0.88888,0.9713939998706089,0.2947,0.41398266561844904,0.30173,False,/data/suehara/part/march/datasets/20250711_ilc_nnqq_sgv_10m_3cat_parquet,val50k_tail,150000,proxy
17,17,2160000,,lr_3e-6,8.96e-06,validation_total_reference_mistag_geomean_percent,0.4223885725835479,min,1.0340408642958463,1.0340408642958463,0.5714896275452406,0.31218782922712546,0.4223885725835479,,0.18722821112266305,0.07615077891407986,3.2915928296254404,0.2024007541108175,0.5227213414132236,0.0641269714033787,2.7858443772477757,1.1422616505293914,0.018419375353894155,0.02042500303021306,93,49672,0.011388481547569301,0.013389357232770654,38,49901,0.07911771859441599,0.08099835423755822,1635,49672,0.019145859536308547,0.021141675305075703,101,49901,0.0312949570277183,0.03327674340296988,261,49931,0.010375821785125267,0.012377179367129877,32,49901,0.07270727115609166,0.07459840932538819,1391,49931,0.04660056389961531,0.04855871140159451,570,49901,0.88883,0.9713539873513742,0.29494,0.41398266561844904,0.30183,False,/data/suehara/part/march/datasets/20250711_ilc_nnqq_sgv_10m_3cat_parquet,val50k_tail,150000,proxy
17,17,2160000,,lr_6e-6,1.0080000000000002e-05,validation_total_reference_mistag_geomean_percent,0.4234446926606547,min,1.0314454655410459,1.0314454655410459,0.5769514488191441,0.31078075652546433,0.4234446926606547,,0.1903159344408999,0.07413938312630357,3.2994770998902268,0.20037670919168227,0.5394416495772689,0.06612431597413984,2.7535677454092675,1.1281208867185781,0.01853489069345588,0.020530550939281682,95,49917,0.011224420433830458,0.013225176264393792,37,49906,0.07901807254370452,0.08088916204520569,1647,49917,0.01904439181665699,0.021040088744614556,100,49906,0.03188184759960293,0.03387293323876203,268,49681,0.010549722698679109,0.012550799729407888,33,49906,0.07247024706045109,0.07437220077558572,1368,49681,0.04630609335393096,0.04826461136273816,563,49906,0.8884,0.9713357128421348,0.29524,0.41398266561844904,0.30255,False,/data/suehara/part/march/datasets/20250711_ilc_nnqq_sgv_10m_3cat_parquet,val50k_tail,150000,proxy
17,17,2160000,,lr_9e-6,1.1200000000000001e-05,validation_total_reference_mistag_geomean_percent,0.41821461992205033,min,1.022660202779332,1.022660202779332,0.5721625487101285,0.3056884249254758,0.41821461992205033,,0.17857500978761956,0.07423606943211129,3.2504665484121977,0.2026444081046137,0.5519428538366286,0.06420416925824121,2.7657353263120137,1.0934772370912298,0.017938587991900356,0.01993784260620464,89,49839,0.01123905449406452,0.013242415672560386,37,49841,0.07850188179883699,0.08037786628912053,1620,49839,0.01916888772836387,0.021167096291053143,101,49841,0.03221349186080169,0.03419836118990208,275,49824,0.010388309424769378,0.012392073151375128,32,49841,0.07252494721355189,0.07442095382113635,1378,49824,0.045611261338917436,0.047573723629448436,545,49841,0.88903,0.971599969129152,0.2937,0.41398266561844904,0.3028,False,/data/suehara/part/march/datasets/20250711_ilc_nnqq_sgv_10m_3cat_parquet,val50k_tail,150000,proxy
18,18,2280000,,lr_14e-6,1.3440000000000002e-05,validation_total_reference_mistag_geomean_percent,0.4259460141268544,min,1.0195557846200196,1.0195557846200196,0.5792062686965478,0.31323902512113094,0.4259460141268544,,0.18071201460255434,0.07820018904742967,3.266871568943036,0.2085338507307976,0.5418531450318691,0.07017965889875848,2.7233137196236825,1.0867821300820302,0.018057270937423334,0.020057884863802777,90,49803,0.01155601139017266,0.013557968353158943,39,49872,0.0787237423410414,0.08060042407449369,1627,49803,0.019452907010337313,0.021449637351538074,104,49872,0.031908776212784526,0.03389385134271719,270,49829,0.01089929202554113,0.012901570626791136,35,49872,0.07197088482554966,0.07386840384088385,1357,49829,0.04545607318684631,0.047417584138169204,542,49872,0.88916,0.9715229903823132,0.29406,0.41398266561844904,0.30258,False,/data/suehara/part/march/datasets/20250711_ilc_nnqq_sgv_10m_3cat_parquet,val50k_tail,150000,proxy
18,18,2280000,,lr_3e-6,8.96e-06,validation_total_reference_mistag_geomean_percent,0.4226804563626202,min,1.028203933492337,1.028203933492337,0.5807048902789917,0.30765845299680306,0.4226804563626202,,0.18033181317782648,0.07631135217996438,3.2419652856287495,0.20081934636514104,0.5321285091648775,0.06627038186366034,2.7590361686714298,1.1687686108870468,0.01801931002661796,0.0200157302389832,90,49908,0.011412488167485342,0.013417576371581579,38,49796,0.07834768740975703,0.08022141899259663,1618,49908,0.019086424732444564,0.021086512314310225,100,49796,0.031622797457324034,0.033609419070783526,265,49800,0.01057302123988874,0.012578512719971322,33,49796,0.07245554579025301,0.07435273515815494,1374,49800,0.04719195949639196,0.04915317127317381,582,49796,0.88849,0.9713177319314864,0.29527,0.41398266561844904,0.30311,False,/data/suehara/part/march/datasets/20250711_ilc_nnqq_sgv_10m_3cat_parquet,val50k_tail,150000,proxy
18,18,2280000,,lr_6e-6,1.0080000000000002e-05,validation_total_reference_mistag_geomean_percent,0.42482321989452254,min,1.0262933520080466,1.0262933520080466,0.5832683216674619,0.3094198012427696,0.42482321989452254,,0.18674698245873192,0.07629143177933001,3.236947711324335,0.1987592589132925,0.5471490243054523,0.06625308630443083,2.727728107907086,1.1704712130717145,0.01837207024314705,0.020372562322103237,93,49800,0.011409510431036236,0.013414076123335948,38,49809,0.07837211304009689,0.08025010955457906,1612,49800,0.01898120142253923,0.020980849715637954,99,49809,0.032047666317504886,0.03402990341014053,273,49895,0.010570262415088858,0.01257523117289684,33,49809,0.0719813496013487,0.07387618172299062,1361,49895,0.04722060079498155,0.04918123234687929,583,49809,0.88885,0.9713766470200133,0.29486,0.41398266561844904,0.30298,False,/data/suehara/part/march/datasets/20250711_ilc_nnqq_sgv_10m_3cat_parquet,val50k_tail,150000,proxy
18,18,2280000,,lr_9e-6,1.1200000000000001e-05,validation_total_reference_mistag_geomean_percent,0.4300703801497681,min,1.0223009602010602,1.0223009602010602,0.5910711862995829,0.3129242909642009,0.4300703801497681,,0.18872849475432926,0.07810622160104215,3.184291360521597,0.2042778148358259,0.5325027711497513,0.07009533119059984,2.7167686968020885,1.2036369907532483,0.018472916177505582,0.020473047542267104,94,49807,0.011542129547329805,0.01354168470225881,39,49932,0.07773942484164409,0.07961927179937489,1586,49807,0.019232989859134627,0.021227491378457246,102,49932,0.03164498367485436,0.03363298742187111,265,49765,0.010886198616392095,0.012886074637073882,35,49932,0.07193114921289073,0.07383137150066138,1352,49765,0.04783306177737912,0.04978753529404165,601,49932,0.88883,0.9714007225095793,0.29475,0.41398266561844904,0.30263,False,/data/suehara/part/march/datasets/20250711_ilc_nnqq_sgv_10m_3cat_parquet,val50k_tail,150000,proxy
19,19,2400000,,lr_14e-6,1.3440000000000002e-05,validation_total_reference_mistag_geomean_percent,0.4130119950937528,min,1.035764338563068,1.035764338563068,0.5717522475321086,0.2983440971637679,0.4130119950937528,,0.16670684087178805,0.07413938312630357,3.297983359365122,0.1943653965058834,0.5440674638341996,0.06011301275750468,2.7685204155991188,1.180218836444623,0.017309496602674813,0.019311275837566526,83,49788,0.011224420433830458,0.013225176264393792,37,49906,0.07910164088657246,0.08097763825748588,1642,49788,0.018742704234843983,0.020738642062925708,97,49906,0.03198146395683929,0.03396720736868267,271,49810,0.01001655366965245,0.012017871600505318,30,49906,0.07257099141953147,0.0744674191010701,1379,49810,0.047373443409383376,0.04932987361711515,589,49906,0.88838,0.9713462486047183,0.29499,0.4130119950937528,0.30272,False,/data/suehara/part/march/datasets/20250711_ilc_nnqq_sgv_10m_3cat_parquet,val50k_tail,150000,proxy
19,19,2400000,,lr_3e-6,8.96e-06,validation_total_reference_mistag_geomean_percent,0.4249840126888032,min,1.0276456647962662,1.0276456647962662,0.5870239765423707,0.3076729712215435,0.4249840126888032,,0.17624674889076639,0.07624245323495277,3.2585620319672066,0.2046507839971181,0.5408883391089935,0.07022331047018243,2.7627531668315326,1.1315984838693776,0.017799865742129987,0.019795569944110972,88,49930,0.011402187234140219,0.013405467903014112,38,49841,0.07852675350653038,0.08039899471993239,1627,49930,0.01926807456714675,0.021266202620214045,102,49841,0.031909463067042024,0.033898408724187826,269,49733,0.010906069301689454,0.012909591499429265,35,49841,0.07255182569460214,0.07445142141979735,1374,49733,0.04640773018341447,0.048368662791127906,564,49841,0.88863,0.9714217518085425,0.29482,0.4130119950937528,0.30149,False,/data/suehara/part/march/datasets/20250711_ilc_nnqq_sgv_10m_3cat_parquet,val50k_tail,150000,proxy
19,19,2400000,,lr_6e-6,1.0080000000000002e-05,validation_total_reference_mistag_geomean_percent,0.4222398997473069,min,1.0193650973741861,1.0193650973741861,0.5934114972644655,0.3004433411898639,0.4222398997473069,,0.17459712066074098,0.07424798537082664,3.229043257482646,0.1946501388296019,0.5376991193716495,0.07424798537082664,2.7346415821497208,1.1357935897574767,0.01772904331066292,0.019728858798435077,87,49829,0.01124085824684665,0.013244540552570409,37,49833,0.07825579721235099,0.08013301803000417,1609,49829,0.01877013732211807,0.020768987499449228,97,49833,0.03177911652274563,0.03376384059115053,268,49842,0.01124085824684665,0.013244540552570409,37,49833,0.07210904494990636,0.07400561451967394,1363,49842,0.046498180625569735,0.04845925966596547,566,49833,0.88899,0.971517648778322,0.2941,0.4130119950937528,0.3032,False,/data/suehara/part/march/datasets/20250711_ilc_nnqq_sgv_10m_3cat_parquet,val50k_tail,150000,proxy
19,19,2400000,,lr_9e-6,1.1200000000000001e-05,validation_total_reference_mistag_geomean_percent,0.42247425865992694,min,1.020368501061896,1.020368501061896,0.5937017614857236,0.30062989670706364,0.42247425865992694,,0.17459712066074098,0.07424798537082664,3.2370708228404994,0.1946501388296019,0.5397054859708773,0.07424798537082664,2.7346415821497208,1.1337868873020747,0.01772904331066292,0.019728858798435077,87,49829,0.01124085824684665,0.013244540552570409,37,49833,0.07835103237655641,0.08022793100059614,1613,49829,0.01877013732211807,0.020768987499449228,97,49833,0.03183985264459199,0.03382449620660541,269,49842,0.01124085824684665,0.013244540552570409,37,49833,0.07210904494990636,0.07400561451967394,1363,49842,0.046456679437859374,0.04841783901372819,565,49833,0.889,0.9715289526349457,0.29403,0.4130119950937528,0.30317,False,/data/suehara/part/march/datasets/20250711_ilc_nnqq_sgv_10m_3cat_parquet,val50k_tail,150000,proxy
20,20,2520000,,lr_14e-6,1.4e-05,validation_total_reference_mistag_geomean_percent,0.4256135299517175,min,1.0286575545737582,1.0286575545737582,0.5849307326656317,0.30968944998400666,0.4256135299517175,,0.19044563627952174,0.0722311389392233,3.2355711392050717,0.2066613210204357,0.5504108050371121,0.06621188027999737,2.731966058023014,1.1757624578056896,0.018547513659992715,0.020544528909659805,95,49883,0.01107393464079661,0.013077416467419405,36,49840,0.07829134415485647,0.08016627113598476,1614,49883,0.01936716300411745,0.021365250469609173,103,49840,0.03218111499511383,0.03416776033683157,274,49781,0.010563689485423031,0.012567412850603924,33,49840,0.07211782594470466,0.07401682694863666,1360,49781,0.047313770800327774,0.049272970557964584,586,49840,0.88856,0.9714214001111067,0.29464,0.4130119950937528,0.3016,False,/data/suehara/part/march/datasets/20250711_ilc_nnqq_sgv_10m_3cat_parquet,val50k_tail,150000,proxy
20,20,2520000,,lr_3e-6,1.0752000000000001e-05,validation_total_reference_mistag_geomean_percent,0.437140162326186,min,1.0363840043809203,1.0363840043809203,0.5903241905426331,0.3237060662259337,0.437140162326186,,0.19408150902163918,0.08034225486736565,3.307389007370101,0.21290697879162424,0.5468655863534606,0.07029947559440257,2.7162330006186917,1.1629542224300786,0.018715351218917087,0.020708385171928845,97,49979,0.011734873753239408,0.013740162487150424,40,49787,0.07906223623683276,0.08093068805342177,1653,49979,0.019681329152765152,0.021681292718935766,106,49787,0.032088164092379176,0.034076669467412134,272,49738,0.01091789502935354,0.012923587185063087,35,49787,0.07194341814393303,0.07384469347873034,1351,49738,0.04707750154192506,0.0490393014059556,579,49787,0.88828,0.9713332482813047,0.29558,0.4130119950937528,0.30159,False,/data/suehara/part/march/datasets/20250711_ilc_nnqq_sgv_10m_3cat_parquet,val50k_tail,150000,proxy
20,20,2520000,,lr_6e-6,1.2096000000000002e-05,validation_total_reference_mistag_geomean_percent,0.4217737004898337,min,1.036375922875613,1.036375922875613,0.5908622893086934,0.30107363025828254,0.4217737004898337,,0.17873280362213198,0.07017403194186246,3.267396229439409,0.20049722921248544,0.5458230329391075,0.06816905993435067,2.783296188246226,1.1769188076693313,0.01795442684917629,0.019955441677495897,89,49795,0.010898418151792386,0.012900536401422542,35,49876,0.07873618416664105,0.08061314631922709,1627,49795,0.019055836967810384,0.021052729433951527,100,49876,0.032027145478176304,0.034011901947695634,272,49833,0.010728494346228759,0.012730692992527968,34,49876,0.07274500248811225,0.07463996190500283,1387,49833,0.047320502511235055,0.04927824179954375,587,49876,0.88848,0.971431160722493,0.29467,0.4130119950937528,0.30231,False,/data/suehara/part/march/datasets/20250711_ilc_nnqq_sgv_10m_3cat_parquet,val50k_tail,150000,proxy
20,20,2520000,,lr_9e-6,1.3440000000000002e-05,validation_total_reference_mistag_geomean_percent,0.4342195205783271,min,1.0393942173723847,1.0393942173723847,0.5884022831041784,0.32043824007033883,0.4342195205783271,,0.18614892482067089,0.08034871656852915,3.310648483930769,0.21292409211930038,0.5466128038644564,0.06829640405926747,2.7370831308186534,1.173091182797431,0.01831327945210476,0.020307388900709235,93,49960,0.011735816337041802,0.013741265930749983,40,49783,0.07911521866968418,0.08098425057381647,1654,49960,0.019682909065404864,0.021683032635606055,106,49783,0.03207336984337146,0.034060966290088826,272,49761,0.010748531050310092,0.012754464827973442,34,49783,0.07219870767865184,0.07409826624711867,1362,49761,0.04728599978803382,0.04924755003647193,584,49783,0.88834,0.9713366784885936,0.29556,0.4130119950937528,0.3029,False,/data/suehara/part/march/datasets/20250711_ilc_nnqq_sgv_10m_3cat_parquet,val50k_tail,150000,proxy
21,21,2640000,,lr_14e-6,1.4e-05,validation_total_reference_mistag_geomean_percent,0.4259401484241667,min,1.02997803866374,1.02997803866374,0.575579691347586,0.31520398090286456,0.4259401484241667,,0.19444334007231098,0.07622104400499903,3.25542245459628,0.20459332238314507,0.5405622536998482,0.06418613980543576,2.757068469205633,1.1473272855422687,0.018750212170771573,0.020746947058385774,97,49886,0.011398986290776044,0.013401705279823763,38,49855,0.07852389283834402,0.08039791122537929,1624,49886,0.01926266859057599,0.021260237857238795,102,49855,0.03189027389575508,0.03387803363110037,269,49763,0.01038539295436943,0.01238859472989073,32,49855,0.07245664728608575,0.07435532631089384,1372,49763,0.04672588001680949,0.04868563100970825,572,49855,0.88854,0.9714389460621581,0.29487,0.4130119950937528,0.30158,False,/data/suehara/part/march/datasets/20250711_ilc_nnqq_sgv_10m_3cat_parquet,val50k_tail,150000,proxy
21,21,2640000,,lr_3e-6,1.0752000000000001e-05,validation_total_reference_mistag_geomean_percent,0.4243949815876552,min,1.0280646584961728,1.0280646584961728,0.5676962610944721,0.31726666659658226,0.4243949815876552,,0.1925777407448024,0.07819862144383369,3.257773381785355,0.20652457051832765,0.5303228191267088,0.06215788314773226,2.752054140752603,1.1449081104500205,0.0186620280444669,0.020660279725147335,96,49850,0.011555779752504543,0.013557696638075916,39,49873,0.07857968015979253,0.080454957553628,1624,49850,0.01935435955243421,0.021351130432154537,103,49873,0.03157356273332099,0.03356101511313983,264,49781,0.010203849280459221,0.012206409416761984,31,49873,0.0723787451130796,0.07427693907891067,1370,49781,0.046667864875443374,0.04862700558737783,571,49873,0.88858,0.9714834820899472,0.29468,0.4130119950937528,0.30255,False,/data/suehara/part/march/datasets/20250711_ilc_nnqq_sgv_10m_3cat_parquet,val50k_tail,150000,proxy
21,21,2640000,,lr_6e-6,1.2096000000000002e-05,validation_total_reference_mistag_geomean_percent,0.4364837731292013,min,1.0348367754606504,1.0348367754606504,0.5995721676335782,0.3177567180228703,0.4364837731292013,,0.19056407734547404,0.07819705390308491,3.249618968341677,0.21053053592254367,0.550443951659437,0.07218189697056314,2.740166481336651,1.1869912382057732,0.018559037829426986,0.020557290128400123,95,49852,0.011555548124122465,0.013557424933883545,39,49874,0.07848174196570246,0.08035727126697312,1620,49852,0.019549811016938153,0.021546381220970093,105,49874,0.032183049572703015,0.034169813309570515,274,49778,0.0110663874577846,0.013068505476897025,36,49874,0.07222661199350784,0.07412539797399913,1364,49778,0.047525319144438305,0.04948273303043843,592,49874,0.88853,0.971349002753589,0.29528,0.4130119950937528,0.3021,False,/data/suehara/part/march/datasets/20250711_ilc_nnqq_sgv_10m_3cat_parquet,val50k_tail,150000,proxy
21,21,2640000,,lr_9e-6,1.3440000000000002e-05,validation_total_reference_mistag_geomean_percent,0.42571715005236827,min,1.0208426477326666,1.0208426477326666,0.5807530196299869,0.3120691339051156,0.42571715005236827,,0.18669076265865694,0.07818294886384676,3.1777576360966617,0.20447848314506478,0.5541500840619363,0.06415011126034922,2.72858697178411,1.172744183990707,0.018366542576224748,0.020366434548450656,93,49815,0.011553463886464535,0.01355498008612381,39,49883,0.07765503673393924,0.07953484411696854,1583,49815,0.01925186573273499,0.02124831836365299,102,49883,0.032285095363056376,0.03427059338131097,276,49806,0.010379564923526532,0.012381643741934815,32,49883,0.07205597792096681,0.07395416143263257,1359,49806,0.04723249148841247,0.04919012342564765,585,49883,0.88877,0.9714834207912485,0.29454,0.4130119950937528,0.30267,False,/data/suehara/part/march/datasets/20250711_ilc_nnqq_sgv_10m_3cat_parquet,val50k_tail,150000,proxy
22,22,2760000,,lr_14e-6,1.4e-05,validation_total_reference_mistag_geomean_percent,0.4159456197736322,min,1.0196337650146694,1.0196337650146694,0.585507260331285,0.2954886648390663,0.4159456197736322,,0.17257987639008487,0.07015152712732665,3.238882603787621,0.19441994351806352,0.5423864823146304,0.07015152712732665,2.742065088481348,1.1264330713709547,0.017620491592299576,0.019620267649596658,86,49832,0.010894924057641416,0.012896401157543253,35,49892,0.07837017855277031,0.08024689146808109,1614,49832,0.018747959158490254,0.02074445486141103,97,49892,0.03194010687089972,0.03392711450430994,270,49780,0.010894924057641416,0.012896401157543253,35,49892,0.07224984697743464,0.07414848038831898,1365,49780,0.04627745052207741,0.04823658574764078,562,49892,0.88897,0.9714712255941164,0.29428,0.4130119950937528,0.30202,False,/data/suehara/part/march/datasets/20250711_ilc_nnqq_sgv_10m_3cat_parquet,val50k_tail,150000,proxy
22,22,2760000,,lr_3e-6,1.0752000000000001e-05,validation_total_reference_mistag_geomean_percent,0.41771776455252485,min,1.0218926008875682,1.0218926008875682,0.587385975013886,0.29705872840874964,0.41771776455252485,,0.1745866088746346,0.07015152712732665,3.2368759672109246,0.19642427259238798,0.546404167665773,0.07015152712732665,2.7521093251240947,1.1284374113780777,0.017727976775475867,0.01972767229406747,87,49832,0.010894924057641416,0.012896401157543253,35,49892,0.07834639147606681,0.08022318493008246,1613,49832,0.018849063304668814,0.02084547866247695,98,49892,0.032061158792569,0.03404800501187405,272,49780,0.010894924057641416,0.012896401157543253,35,49892,0.07238017932727804,0.07427840920290023,1370,49780,0.046319017526966384,0.04827807240741725,563,49892,0.88895,0.9714439200825167,0.29444,0.4130119950937528,0.3021,False,/data/suehara/part/march/datasets/20250711_ilc_nnqq_sgv_10m_3cat_parquet,val50k_tail,150000,proxy
22,22,2760000,,lr_6e-6,1.2096000000000002e-05,validation_total_reference_mistag_geomean_percent,0.41726935983453595,min,1.0218923226327794,1.0218923226327794,0.5875393676072264,0.2963439188182527,0.41726935983453595,,0.1745866088746346,0.07015152712732665,3.238882603787621,0.19441994351806352,0.546404167665773,0.07015152712732665,2.750100423188404,1.1304417797730855,0.017727976775475867,0.01972767229406747,87,49832,0.010894924057641416,0.012896401157543253,35,49892,0.07837017855277031,0.08024689146808109,1614,49832,0.018747959158490254,0.02074445486141103,97,49892,0.032061158792569,0.03404800501187405,272,49780,0.010894924057641416,0.012896401157543253,35,49892,0.07235413354999484,0.07425244413266918,1369,49780,0.046360546403566294,0.048319520938904306,564,49892,0.889,0.9714556507308457,0.29437,0.4130119950937528,0.30207,False,/data/suehara/part/march/datasets/20250711_ilc_nnqq_sgv_10m_3cat_parquet,val50k_tail,150000,proxy
22,22,2760000,,lr_9e-6,1.3440000000000002e-05,validation_total_reference_mistag_geomean_percent,0.4166614609117173,min,1.0206379168955515,1.0206379168955515,0.5858287009950736,0.2963439188182527,0.4166614609117173,,0.1745866088746346,0.07015152712732665,3.238882603787621,0.19441994351806352,0.5423864823146304,0.07015152712732665,2.7480915710438554,1.1264330713709547,0.017727976775475867,0.01972767229406747,87,49832,0.010894924057641416,0.012896401157543253,35,49892,0.07837017855277031,0.08024689146808109,1614,49832,0.018747959158490254,0.02074445486141103,97,49892,0.03194010687089972,0.03392711450430994,270,49780,0.010894924057641416,0.012896401157543253,35,49892,0.07232807743739085,0.07422646872711804,1368,49780,0.04627745052207741,0.04823658574764078,562,49892,0.88895,0.9714664076575955,0.29431,0.4130119950937528,0.30204,False,/data/suehara/part/march/datasets/20250711_ilc_nnqq_sgv_10m_3cat_parquet,val50k_tail,150000,proxy
23,23,2880000,,lr_14e-6,1.4e-05,validation_total_reference_mistag_geomean_percent,0.435312223649928,min,1.0319643321011964,1.0319643321011964,0.5928072403024083,0.3196599487590217,0.435312223649928,,0.18843340465142064,0.08224509016790668,3.2294277265189266,0.20862168855725827,0.5525638876700751,0.06820324333396968,2.722632914316267,1.2035867015937478,0.018444055323092692,0.02044107118338158,94,49885,0.011876781407305808,0.013879419412185479,41,49851,0.07821694220121397,0.08009204031757186,1611,49885,0.019461094265331696,0.021458662198708782,104,49851,0.03224964720135084,0.03423672494466557,275,49768,0.010733873211795166,0.012737074557952912,34,49851,0.07200552695233939,0.0739053990406989,1355,49768,0.047870119448924046,0.049827770628883654,600,49851,0.88867,0.9712958957156707,0.29548,0.4130119950937528,0.30185,False,/data/suehara/part/march/datasets/20250711_ilc_nnqq_sgv_10m_3cat_parquet,val50k_tail,150000,proxy
23,23,2880000,,lr_3e-6,1.1200000000000001e-05,validation_total_reference_mistag_geomean_percent,0.4253896238383927,min,1.022322972314796,1.022322972314796,0.5838910331508799,0.3099145590451452,0.4253896238383927,,0.18072289821111465,0.07810622160104215,3.2309237103709787,0.2022750885647969,0.5444828243983073,0.0680926049452753,2.722414348173765,1.1515660822530884,0.018058357885196073,0.020059091890876055,90,49800,0.011542129547329805,0.01354168470225881,39,49932,0.07830063495425713,0.0801788733954624,1609,49800,0.01913398330181206,0.021128565037572884,101,49932,0.03200582021843611,0.03399306298693481,271,49772,0.010716465227635152,0.01271642146475514,34,49932,0.07199981787044882,0.07389954606811452,1355,49772,0.04677757819175534,0.04873413733581123,575,49932,0.88925,0.971436935632784,0.2945,0.4130119950937528,0.30191,False,/data/suehara/part/march/datasets/20250711_ilc_nnqq_sgv_10m_3cat_parquet,val50k_tail,150000,proxy
23,23,2880000,,lr_6e-6,1.26e-05,validation_total_reference_mistag_geomean_percent,0.41825313728307534,min,1.013163543901557,1.013163543901557,0.5820330330749456,0.3005597223974218,0.41825313728307534,,0.1803787866443953,0.07221520129987362,3.1546247357723196,0.19859180904544235,0.5486555026791494,0.06619726834450991,2.7251898866164073,1.159455160810359,0.0180240012895375,0.02002093976975754,90,49895,0.011071491778876907,0.013074532170383766,36,49851,0.07731606590755252,0.07919378657807175,1574,49895,0.018965223226003414,0.02096319354600762,99,49851,0.032135681806298375,0.034123315983328184,273,49758,0.01056135912005468,0.01256464094353786,33,49851,0.07204600619249851,0.07394615732418466,1356,49758,0.046976393999259396,0.048935815680378573,578,49851,0.88892,0.9714854880364016,0.29427,0.4130119950937528,0.30207,False,/data/suehara/part/march/datasets/20250711_ilc_nnqq_sgv_10m_3cat_parquet,val50k_tail,150000,proxy
23,23,2880000,,lr_9e-6,1.4e-05,validation_total_reference_mistag_geomean_percent,0.41546207282006054,min,1.0216761722726089,1.0216761722726089,0.5781809586409018,0.2985375622844501,0.41546207282006054,,0.17068273929128328,0.07214862334578673,3.251004095255174,0.1984087218459035,0.5501234705524957,0.06613624195014077,2.7466018210025394,1.1183036649375473,0.017523623216976807,0.019524760433863052,85,49800,0.01106128784104189,0.01306248433684652,36,49897,0.0785386104382571,0.0804160424570502,1619,49800,0.01894775413352596,0.020943889901614075,99,49897,0.0321643583934131,0.034149978234538234,274,49807,0.0105516250853783,0.012553062568217036,33,49897,0.07228940063322073,0.07418682265846605,1368,49807,0.046106203120498644,0.04806546787236663,558,49897,0.88904,0.971494360893176,0.29404,0.4130119950937528,0.30348,False,/data/suehara/part/march/datasets/20250711_ilc_nnqq_sgv_10m_3cat_parquet,val50k_tail,150000,proxy
24,24,3000000,,lr_14e-6,1.4e-05,validation_total_reference_mistag_geomean_percent,0.4174271039900654,min,1.0097669180572173,1.0097669180572173,0.5790563149262016,0.30091267922315934,0.4174271039900654,,0.18052351378265735,0.07226013507493902,3.195266192852837,0.19670815198850342,0.5418531450318691,0.06824568680511466,2.695217537256079,1.1280609816657385,0.018038451278063222,0.02003698611767323,90,49855,0.011078378970868217,0.013082663905474468,36,49820,0.077833579165228,0.07971117599320718,1593,49855,0.018876280978796702,0.020875570107905476,98,49820,0.031908776212784526,0.03389385134271719,270,49829,0.01074055050028209,0.012744996589904387,34,49820,0.07160373927536691,0.07350238596834958,1343,49829,0.04634397272787975,0.04830587389326509,562,49820,0.88877,0.9715173351683252,0.29403,0.4130119950937528,0.30207,False,/data/suehara/part/march/datasets/20250711_ilc_nnqq_sgv_10m_3cat_parquet,val50k_tail,150000,proxy
24,24,3000000,,lr_3e-6,1.1200000000000001e-05,validation_total_reference_mistag_geomean_percent,0.43202938782417205,min,1.0380695645483111,1.0380695645483111,0.5868317333650136,0.31806288128530974,0.43202938782417205,,0.1943109031377226,0.08020211088587989,3.2752403714756078,0.20050527721469974,0.5290685790291346,0.06817179425299791,2.770066242184673,1.1869912382057732,0.018737452256206603,0.020732832521127773,97,49920,0.011714409950165757,0.013716206356809733,40,49874,0.07873107968134202,0.08060302774389738,1635,49920,0.019056600467023975,0.021053572686641514,100,49874,0.03155706932968386,0.033547410759231844,263,49710,0.010728924457083927,0.012731203282430565,34,49874,0.07266299308444947,0.07456317347168569,1377,49710,0.047525319144438305,0.04948273303043843,592,49874,0.8883,0.9712491410712011,0.29562,0.4130119950937528,0.30224,False,/data/suehara/part/march/datasets/20250711_ilc_nnqq_sgv_10m_3cat_parquet,val50k_tail,150000,proxy
24,24,3000000,,lr_6e-6,1.26e-05,validation_total_reference_mistag_geomean_percent,0.4336322041320283,min,1.0440161560733026,1.0440161560733026,0.5861108013231808,0.3208214010659697,0.4336322041320283,,0.19265115337296496,0.0803325800192712,3.3091851334847777,0.20685638518214383,0.5473135694363587,0.06627437607876878,2.7786687481808126,1.1708473028313222,0.018669137780410516,0.020668148409687913,96,49831,0.011733460161396673,0.013738507653991445,40,49793,0.07919922087171599,0.08107314987133574,1649,49831,0.019385427494621188,0.021385393097487614,103,49793,0.032057279539105324,0.03404010612427701,273,49880,0.010573658096289068,0.012579270243298104,33,49793,0.07265157723722881,0.07454493668049844,1386,49880,0.047235689746695855,0.04919693618972709,583,49793,0.88845,0.9713740942047485,0.29517,0.4130119950937528,0.30235,False,/data/suehara/part/march/datasets/20250711_ilc_nnqq_sgv_10m_3cat_parquet,val50k_tail,150000,proxy
24,24,3000000,,lr_9e-6,1.4e-05,validation_total_reference_mistag_geomean_percent,0.41979511240232587,min,1.0188467609395124,1.0188467609395124,0.5737724783412945,0.307139054327483,0.41979511240232587,,0.18657464261117043,0.07433599634417892,3.2259358627677748,0.198899026391451,0.5412557172282448,0.06429059348254108,2.7102878429822925,1.1491944057084464,0.018355129265225194,0.02035378215707738,93,49846,0.011254178824947576,0.01326023262710873,37,49774,0.07820571540879673,0.08008242069166144,1608,49846,0.01899453716711788,0.020995585925587517,99,49774,0.03187368228239036,0.03385659274793085,270,49884,0.010402289526883221,0.012408746961600142,32,49774,0.07176184986059479,0.07365779902896753,1352,49884,0.04680150456063282,0.048764369679327006,572,49774,0.88862,0.9714758280914477,0.29435,0.4130119950937528,0.30236,False,/data/suehara/part/march/datasets/20250711_ilc_nnqq_sgv_10m_3cat_parquet,val50k_tail,150000,proxy
25,25,3120000,,lr_14e-6,1.4e-05,validation_total_reference_mistag_geomean_percent,0.41965758032969336,min,1.0145060203014258,1.0145060203014258,0.584371284905571,0.30137087375303045,0.41965758032969336,,0.18074104047224773,0.0741988525625686,3.1950998977581198,0.19251594272650704,0.5356820427586023,0.07018810703994767,2.7325803268267976,1.1350419522666158,0.018060169755638317,0.020061103925521198,90,49795,0.011233421495778027,0.013235779814789569,37,49866,0.07787791029136293,0.07975777614767227,1591,49795,0.018656045097195217,0.0206536581101005,96,49866,0.03171763050795655,0.0337023956936717,267,49843,0.010900603098959407,0.012903122275805055,35,49866,0.07208153101852521,0.0739781452428194,1362,49843,0.046467575187257235,0.04842738660914628,566,49866,0.88889,0.9715163335075383,0.29408,0.4130119950937528,0.30337,False,/data/suehara/part/march/datasets/20250711_ilc_nnqq_sgv_10m_3cat_parquet,val50k_tail,150000,proxy
25,25,3120000,,lr_3e-6,1.1200000000000001e-05,validation_total_reference_mistag_geomean_percent,0.4214450338144522,min,1.0172653203618902,1.0172653203618902,0.5844303284011713,0.3039129009830298,0.4214450338144522,,0.18475750577367206,0.0741988525625686,3.199116454958576,0.19452132308217993,0.5316694433501405,0.07018810703994767,2.744618189900935,1.1390526862271018,0.01826990362106301,0.020270676474072387,92,49795,0.011233421495778027,0.013235779814789569,37,49866,0.07792587130105617,0.07980557584049211,1593,49795,0.01875772612414711,0.020755258708135334,97,49866,0.031595582655433246,0.03358050884747056,265,49843,0.010900603098959407,0.012903122275805055,35,49866,0.0722378958406232,0.07413402704595021,1368,49843,0.046550410091972944,0.04851006065602799,568,49866,0.88878,0.9714913575649543,0.29421,0.4130119950937528,0.30344,False,/data/suehara/part/march/datasets/20250711_ilc_nnqq_sgv_10m_3cat_parquet,val50k_tail,150000,proxy
25,25,3120000,,lr_6e-6,1.26e-05,validation_total_reference_mistag_geomean_percent,0.4252347352577873,min,1.0167598201057506,1.0167598201057506,0.5911013599067084,0.30591129091345587,0.4252347352577873,,0.1765154319564469,0.07619963970741646,3.183295277218663,0.20453588026112032,0.556437205658889,0.07018387970866836,2.715895589529115,1.1510156568056857,0.01782698035320456,0.019825716069780973,88,49854,0.01139578714411298,0.01339794476821305,38,49869,0.0776912947274104,0.07956940945122656,1587,49854,0.019257265646622404,0.021254276439322844,102,49869,0.032361178235413346,0.0343475814657007,277,49781,0.010899947522825467,0.01290234640464739,35,49869,0.07190833982126422,0.07380798645567725,1352,49781,0.046795214419982634,0.04875426733111053,574,49869,0.88891,0.971498369575713,0.29436,0.4130119950937528,0.30308,False,/data/suehara/part/march/datasets/20250711_ilc_nnqq_sgv_10m_3cat_parquet,val50k_tail,150000,proxy
25,25,3120000,,lr_9e-6,1.4e-05,validation_total_reference_mistag_geomean_percent,0.42401084537149114,min,1.0250858300704175,1.0250858300704175,0.5869882175380395,0.3062841665659084,0.42401084537149114,,0.18050903459616943,0.07618283806738871,3.257185230541678,0.19647153480135768,0.5445594204683247,0.07016840588722519,2.7428916777307357,1.1327184984704601,0.018037005236674723,0.02003538032550418,90,49859,0.011393274788333324,0.013394991560699046,38,49880,0.07856572590247066,0.08044068838692978,1624,49859,0.01885359413167629,0.020850487877524394,98,49880,0.03201031094510719,0.033997830157850295,271,49765,0.010897544418161724,0.01289950234185333,35,49880,0.07227132939368851,0.07417050185719899,1365,49765,0.046413140501764746,0.04837249502455086,565,49880,0.88896,0.9716985084933696,0.29361,0.4130119950937528,0.30361,False,/data/suehara/part/march/datasets/20250711_ilc_nnqq_sgv_10m_3cat_parquet,val50k_tail,150000,proxy
26,26,3240000,,lr_14e-6,1.4e-05,validation_total_reference_mistag_geomean_percent,0.4082782971253054,min,1.0008018545899744,1.0008018545899744,0.5731075345262995,0.29085495803386585,0.4082782971253054,,0.16035277610743637,0.07215585523802008,3.1489275623175197,0.19642427259238798,0.5349744790006844,0.0661428687579989,2.6969952429326614,1.1304417797730855,0.016942288353248958,0.01894022975445931,80,49890,0.011062396053525063,0.013063792808314285,36,49892,0.07725139291500198,0.07912953014853896,1571,49890,0.018849063304668814,0.02084547866247695,98,49892,0.03173351333472406,0.033723136870794215,266,49722,0.010552682263369868,0.012554320053496893,33,49892,0.0717030479328095,0.07360570886260666,1341,49722,0.046360546403566294,0.048319520938904306,564,49892,0.88898,0.9715235917357278,0.29384,0.4082782971253054,0.30224,False,/data/suehara/part/march/datasets/20250711_ilc_nnqq_sgv_10m_3cat_parquet,val50k_tail,150000,proxy
26,26,3240000,,lr_3e-6,1.1200000000000001e-05,validation_total_reference_mistag_geomean_percent,0.4137316938005733,min,1.009002375668312,1.009002375668312,0.5832116629701595,0.2935022142447271,0.4137316938005733,,0.16642271410011975,0.0721833471114942,3.1760672554146585,0.19449400575267303,0.5365971083887512,0.07017825207493585,2.731219169544506,1.124857152959358,0.017280016353211806,0.019278395359760538,83,49873,0.011066609286919545,0.013068767391515187,36,49873,0.07759016870387062,0.07946785779194485,1584,49873,0.018755095555528428,0.020752348873297275,97,49873,0.03177167943880935,0.03375979828645044,267,49758,0.010899073543966034,0.012901312054903113,35,49873,0.07212455105246318,0.07402445984884404,1359,49758,0.04625336561418624,0.04821331038953481,561,49873,0.88897,0.9714897113494697,0.29408,0.4082782971253054,0.30231,False,/data/suehara/part/march/datasets/20250711_ilc_nnqq_sgv_10m_3cat_parquet,val50k_tail,150000,proxy
26,26,3240000,,lr_6e-6,1.26e-05,validation_total_reference_mistag_geomean_percent,0.4283053828961072,min,1.0344894257536246,1.0344894257536246,0.5939070117528215,0.3088791635518345,0.4283053828961072,,0.18480203995103378,0.07614619921526285,3.228009642999082,0.20038473526716916,0.5299395723658702,0.07013465648572632,2.7841901113797123,1.2023084483651396,0.018274304028595208,0.020275557361358457,92,49783,0.01138779712810225,0.013388552715690453,38,49904,0.07827923468228318,0.08015823156636223,1607,49783,0.019045154398996345,0.02104093098496168,100,49904,0.03155080165747667,0.03353683322924357,264,49817,0.010892304956971468,0.012893301463993034,35,49904,0.07276804502054715,0.0746635771520697,1387,49817,0.04781957045564694,0.04977519380271883,600,49904,0.88864,0.971326945933467,0.29515,0.4082782971253054,0.30191,False,/data/suehara/part/march/datasets/20250711_ilc_nnqq_sgv_10m_3cat_parquet,val50k_tail,150000,proxy
26,26,3240000,,lr_9e-6,1.4e-05,validation_total_reference_mistag_geomean_percent,0.42350335621355173,min,1.0248189783533503,1.0248189783533503,0.5839286197769309,0.30715242693988637,0.42350335621355173,,0.1866720231571749,0.07418843718144796,3.2376555305152466,0.19850420346341616,0.5480717260103003,0.06817316149458005,2.756419376068643,1.1288673689359938,0.01836470075967699,0.02036439277632578,93,49820,0.011231845267968771,0.013233922966222996,37,49873,0.07836495837612797,0.0802421725805795,1613,49820,0.01895686442557633,0.0209539569306623,99,49873,0.03210157474299062,0.03408711751537201,273,49811,0.010729139525444291,0.012731458442722787,34,49873,0.0724137739990232,0.07431064948023973,1373,49811,0.04633656901921468,0.048296352981880286,563,49873,0.88877,0.9712875831214589,0.29502,0.4082782971253054,0.30125,False,/data/suehara/part/march/datasets/20250711_ilc_nnqq_sgv_10m_3cat_parquet,val50k_tail,150000,proxy
27,27,3360000,,lr_14e-6,1.4e-05,validation_total_reference_mistag_geomean_percent,0.42859964529190614,min,1.0433938403397611,1.0433938403397611,0.5897728911776989,0.31147185415309225,0.42859964529190614,,0.17633857868135036,0.07818138195136225,3.3063482140486626,0.2064790359001813,0.5370504673050369,0.06815812485283852,2.7898462809002633,1.1847486390783923,0.017809132506387233,0.01980587277008606,88,49904,0.011553232350912379,0.013554708490802004,39,49884,0.07910874246308819,0.0809800440084843,1650,49904,0.019350095496258435,0.02134642789953186,103,49884,0.03179845402280848,0.03378823416052643,267,49716,0.010726774247606227,0.01272865224191896,34,49884,0.07291383849778316,0.0748129938640707,1387,49716,0.04747533898320309,0.049432450394777845,591,49884,0.88837,0.9712764387693585,0.29555,0.4082782971253054,0.30039,False,/data/suehara/part/march/datasets/20250711_ilc_nnqq_sgv_10m_3cat_parquet,val50k_tail,150000,proxy
27,27,3360000,,lr_3e-6,1.1200000000000001e-05,validation_total_reference_mistag_geomean_percent,0.42258477138292766,min,1.018255502821987,1.018255502821987,0.574964925653621,0.3105891873347815,0.42258477138292766,,0.17670681864632265,0.08012339315527918,3.2168675460211875,0.20431465054762413,0.518270014438742,0.06610179434256755,2.7038428556369634,1.1798169497872095,0.01784629625182488,0.019847191541987358,88,49800,0.01170291574797913,0.013702750561294557,40,49923,0.07813356649543288,0.08001236943232723,1602,49800,0.01923645408090286,0.021231313681714006,102,49923,0.031203415479481335,0.033191352082160945,258,49781,0.010546131172553899,0.012546527703410124,33,49923,0.07175078349000649,0.07365091434727994,1346,49781,0.04735740211432669,0.04931318222337038,589,49923,0.88885,0.9716035364244711,0.29357,0.4082782971253054,0.30176,False,/data/suehara/part/march/datasets/20250711_ilc_nnqq_sgv_10m_3cat_parquet,val50k_tail,150000,proxy
27,27,3360000,,lr_6e-6,1.26e-05,validation_total_reference_mistag_geomean_percent,0.4146869970454082,min,1.0150656036283128,1.0150656036283128,0.5838836861832963,0.2945197983568152,0.4146869970454082,,0.17704812663868663,0.07017121880177504,3.1466281244412775,0.19246962588716468,0.5288249798793779,0.06616143195564858,2.7162372223059212,1.2229840991166507,0.017880739180456406,0.019885485257313953,88,49704,0.01089798126746441,0.012900019350915509,35,49878,0.07736633963328389,0.07925159753337518,1564,49704,0.018651560403641153,0.020648694683563125,96,49878,0.03148460223254459,0.03346650135852072,264,49922,0.010555643489048357,0.012557842352943039,33,49878,0.0718124987983685,0.07370676647738515,1356,49922,0.04824476778112277,0.05020058148704522,610,49878,0.8891,0.9715353218791999,0.29377,0.4082782971253054,0.30041,False,/data/suehara/part/march/datasets/20250711_ilc_nnqq_sgv_10m_3cat_parquet,val50k_tail,150000,proxy
27,27,3360000,,lr_9e-6,1.4e-05,validation_total_reference_mistag_geomean_percent,0.427760022749177,min,1.0406374825313658,1.0406374825313658,0.5898616172343026,0.31020604107165417,0.427760022749177,,0.17433472373362327,0.07818138195136225,3.2903174466502008,0.2064790359001813,0.5390618747386883,0.06815812485283852,2.7858233574344715,1.1827439149895593,0.017702418371514577,0.019699238941691212,87,49904,0.011553232350912379,0.013554708490802004,39,49884,0.07892078675418093,0.08079273075139934,1642,49904,0.019350095496258435,0.02134642789953186,103,49884,0.03185945829701116,0.033849157519754564,268,49716,0.010726774247606227,0.01272865224191896,34,49884,0.0728620211099356,0.07476133830617189,1385,49716,0.04743479671542421,0.049391988497883565,590,49884,0.88836,0.9712820297173247,0.29549,0.4082782971253054,0.30169,False,/data/suehara/part/march/datasets/20250711_ilc_nnqq_sgv_10m_3cat_parquet,val50k_tail,150000,proxy
28,28,3480000,,lr_14e-6,1.4e-05,validation_total_reference_mistag_geomean_percent,0.423664874542797,min,1.014898619895916,1.014898619895916,0.5748536839577538,0.3122393244235603,0.423664874542797,,0.1786287647478575,0.08016032064128256,3.2474310454824185,0.2044088126348201,0.5343511574863383,0.06813627087827337,2.6918441058508877,1.1142284814454504,0.01794398446189711,0.019943838801153274,89,49824,0.011708308175481769,0.013709063257718961,40,49900,0.0784776407341245,0.0803543118447339,1618,49824,0.019245312764356454,0.02124108804671017,102,49900,0.03169663032943698,0.03368396079105719,266,49780,0.01072333570453013,0.012724572702885097,34,49900,0.0715942648789606,0.07349491596615847,1340,49780,0.0460199020230501,0.047979212319160074,556,49900,0.88923,0.9716060340446931,0.29358,0.4082782971253054,0.3007,False,/data/suehara/part/march/datasets/20250711_ilc_nnqq_sgv_10m_3cat_parquet,val50k_tail,150000,proxy
28,28,3480000,,lr_3e-6,1.1200000000000001e-05,validation_total_reference_mistag_geomean_percent,0.41567551823655147,min,1.0126954724788109,1.0126954724788109,0.5627444164773391,0.30704193840399213,0.41567551823655147,,0.17669264032662255,0.08014265235590734,3.196530328652054,0.19634949803186114,0.5382715189513693,0.06010699220707563,2.7094337376095994,1.1440364116959987,0.017844864009164928,0.01984559917089048,88,49804,0.011705728568550407,0.01370604341652588,40,49911,0.07788804129494065,0.07976751000695198,1592,49804,0.018841893947165487,0.020837552325827416,98,49911,0.03181286165221649,0.03379967540976794,268,49789,0.010015550456762194,0.01201666814427449,30,49911,0.07181822201956373,0.07371782299121707,1349,49789,0.04663252711956979,0.048590211188139984,571,49911,0.889,0.9715625158627071,0.29344,0.4082782971253054,0.30102,False,/data/suehara/part/march/datasets/20250711_ilc_nnqq_sgv_10m_3cat_parquet,val50k_tail,150000,proxy
28,28,3480000,,lr_6e-6,1.26e-05,validation_total_reference_mistag_geomean_percent,0.42619264474531954,min,1.0427671544007209,1.0427671544007209,0.5899930181339389,0.30786833886528225,0.42619264474531954,,0.17863953520574838,0.07221954954642826,3.370064859967161,0.2066281555202249,0.5518209983483934,0.07021345163568544,2.759104991741967,1.1334456932401593,0.017945064145540708,0.01994503847296573,89,49821,0.011072157907053267,0.013075318670662407,36,49848,0.07991657675305922,0.08178843798576294,1679,49821,0.01936405758176758,0.021361825715548663,103,49848,0.03220639944272949,0.034190835552797526,275,49835,0.010904538212401938,0.012907779463023445,35,49848,0.07243131862782054,0.07432717282773033,1375,49835,0.04644277516095488,0.04840335829502593,565,49848,0.88873,0.9714417527370807,0.29464,0.4082782971253054,0.30086,False,/data/suehara/part/march/datasets/20250711_ilc_nnqq_sgv_10m_3cat_parquet,val50k_tail,150000,proxy
28,28,3480000,,lr_9e-6,1.4e-05,validation_total_reference_mistag_geomean_percent,0.4157427363654421,min,1.0136980419472061,1.0136980419472061,0.5623972794265513,0.3073308302928918,0.4157427363654421,,0.17669264032662255,0.08014265235590734,3.208577618389004,0.19634949803186114,0.5362630104291274,0.06010699220707563,2.7034084248034094,1.1480434990346404,0.017844864009164928,0.01984559917089048,88,49804,0.011705728568550407,0.01370604341652588,40,49911,0.07803175057716355,0.0799107355134443,1598,49804,0.018841893947165487,0.020837552325827416,98,49911,0.03175194614941906,0.03373884058484825,267,49789,0.010015550456762194,0.01201666814427449,30,49911,0.07173940847435833,0.07363925147964509,1346,49789,0.04671491386470175,0.04867243736536471,573,49911,0.88901,0.971584047281524,0.29334,0.4082782971253054,0.30098,False,/data/suehara/part/march/datasets/20250711_ilc_nnqq_sgv_10m_3cat_parquet,val50k_tail,150000,proxy
29,29,3600000,,lr_14e-6,1.4e-05,validation_total_reference_mistag_geomean_percent,0.41306798798847366,min,1.0257205155406615,1.0257205155406615,0.5756075284238232,0.29642621799625507,0.41306798798847366,,0.17828882986311784,0.07220651274186692,3.2152086591236624,0.1865334761783863,0.5349098984204993,0.06217783011213413,2.7610200556914126,1.1954188621942128,0.01790986154982183,0.019905923696139898,89,49919,0.011070159762950615,0.013072959453647387,36,49857,0.07802176933810537,0.07989616001767216,1605,49919,0.018351082789608307,0.020349296376765098,93,49857,0.0317296938714318,0.03371907994756812,266,49728,0.010207123102310854,0.012210325082791837,31,49857,0.07253299044201987,0.07443284686589648,1373,49728,0.04770319260375307,0.049660935838618386,596,49857,0.8886,0.9714456164319166,0.29434,0.4082782971253054,0.30134,False,/data/suehara/part/march/datasets/20250711_ilc_nnqq_sgv_10m_3cat_parquet,val50k_tail,150000,proxy
29,29,3600000,,lr_3e-6,1.1200000000000001e-05,validation_total_reference_mistag_geomean_percent,0.4154550549893259,min,1.0143514428242788,1.0143514428242788,0.5694835196859873,0.3030867386844783,0.4154550549893259,,0.18273092391873516,0.07408445736661949,3.176706735814586,0.19622369980839924,0.5425935884109375,0.06207075839146721,2.741102558061938,1.1392988208215482,0.01816350307346122,0.020164156436899904,91,49800,0.011216107284466394,0.01321538309512312,37,49943,0.07765399964840512,0.07953441543012488,1582,49800,0.01882983155962999,0.02082421632276423,98,49943,0.031952272053431714,0.03394003003754035,270,49761,0.010189550967652589,0.012189307864950864,31,49943,0.07225095308804816,0.07415035011912388,1364,49761,0.04652032644957178,0.04847694591134377,569,49943,0.88928,0.9715976262666128,0.29366,0.4082782971253054,0.30257,False,/data/suehara/part/march/datasets/20250711_ilc_nnqq_sgv_10m_3cat_parquet,val50k_tail,150000,proxy
29,29,3600000,,lr_6e-6,1.26e-05,validation_total_reference_mistag_geomean_percent,0.4193622164251968,min,1.0362464366645132,1.0362464366645132,0.5836551923415879,0.3013160353452791,0.4193622164251968,,0.18034987700015104,0.07421522742093206,3.266336698677873,0.1885467949116302,0.5447674198226979,0.06418613980543576,2.7761025000955746,1.195466835581811,0.018021114069478938,0.02001773358379583,90,49903,0.01123589931922174,0.013238698772681717,37,49855,0.07863945246898985,0.08051239505101893,1630,49903,0.018455144973052975,0.020453357955013924,94,49855,0.03202250641507415,0.03401077636427759,271,49746,0.01038539295436943,0.01238859472989073,32,49855,0.07271498799863683,0.07461355062145965,1381,49746,0.047705095394990314,0.049662915241994836,596,49855,0.88846,0.9713568583827076,0.29487,0.4082782971253054,0.30012,False,/data/suehara/part/march/datasets/20250711_ilc_nnqq_sgv_10m_3cat_parquet,val50k_tail,150000,proxy
29,29,3600000,,lr_9e-6,1.4e-05,validation_total_reference_mistag_geomean_percent,0.4240492404317148,min,1.0129724613442677,1.0129724613442677,0.5781731246192876,0.3110102331877147,0.4240492404317148,,0.18271991938197307,0.07831010764389626,3.1925787742543044,0.20481104699584735,0.5070241913422153,0.07027830104266164,2.7114773157466843,1.1565800343465586,0.018162409807067594,0.020162943100920754,91,49803,0.01157224913615959,0.013577015511356772,39,49802,0.07784161005697961,0.07972127519390512,1590,49803,0.019283150085668735,0.021282836407707013,102,49802,0.030818729216446333,0.03280241562170225,253,49899,0.010914607533274662,0.012919696451529537,35,49802,0.07176672919842336,0.07366206077421833,1353,49899,0.04694016564131074,0.04890163061101061,576,49802,0.88915,0.9717162003431351,0.29318,0.4082782971253054,0.30105,False,/data/suehara/part/march/datasets/20250711_ilc_nnqq_sgv_10m_3cat_parquet,val50k_tail,150000,proxy
30,30,3720000,,lr_14e-6,1.4e-05,validation_total_reference_mistag_geomean_percent,0.4217972823085461,min,1.0176794394232729,1.0176794394232729,0.5881146279050281,0.3025140660021224,0.4217972823085461,,0.17027584812109373,0.07612484400075456,3.2252248250922944,0.20032854174295858,0.521473005281808,0.07211827538018356,2.6959551211670076,1.179935054600083,0.017481879555868943,0.019478262735080812,85,49919,0.011384604257994676,0.013384799580627531,38,49918,0.07814075210246171,0.0800147414909115,1610,49919,0.01903981760475505,0.021035036718166592,100,49918,0.03133699931091409,0.03332936973008769,259,49667,0.011056635772244973,0.013056991617755935,36,49918,0.07172856689824439,0.07363337663245234,1339,49667,0.047362119014519,0.04931809028423401,589,49918,0.88896,0.9715875230716416,0.29377,0.4082782971253054,0.30224,False,/data/suehara/part/march/datasets/20250711_ilc_nnqq_sgv_10m_3cat_parquet,val50k_tail,150000,proxy
30,30,3720000,,lr_3e-6,1.1200000000000001e-05,validation_total_reference_mistag_geomean_percent,0.4273043715354019,min,1.032467945964684,1.032467945964684,0.5810858131075458,0.31422041601189754,0.4273043715354019,,0.1845277574955673,0.07841087047265043,3.2853962392600238,0.20507459488254773,0.5469955350454487,0.06634766011920873,2.7510069241118185,1.1419839863302064,0.018247201900428136,0.020245495945541758,92,49857,0.011587135059734242,0.013594476949479713,39,49738,0.07889971238049173,0.08077361842432698,1638,49857,0.01930794058416117,0.02131018933902726,102,49738,0.03203869917764923,0.03402038639336294,273,49909,0.010585347408647597,0.012593174358857779,33,49738,0.07227351581861365,0.07416688360733607,1373,49909,0.046669557236867984,0.04863413296230905,568,49738,0.88903,0.9715361521555946,0.29419,0.4082782971253054,0.30143,False,/data/suehara/part/march/datasets/20250711_ilc_nnqq_sgv_10m_3cat_parquet,val50k_tail,150000,proxy
30,30,3720000,,lr_6e-6,1.26e-05,validation_total_reference_mistag_geomean_percent,0.42240896872962486,min,1.024646168665515,1.024646168665515,0.5905493886730636,0.3021412608082576,0.42240896872962486,,0.1809554545191482,0.07208361417667877,3.2230175068629774,0.19822994116621492,0.54389276707935,0.07008129327361595,2.747561594634675,1.1613471776114606,0.018081577317319276,0.02008487645298294,90,49736,0.011051323911391348,0.013050719878113595,36,49942,0.07825641733446576,0.08013739055228869,1603,49736,0.018930695916024774,0.02092504027071968,99,49942,0.03197121977532086,0.0339563325556705,271,49826,0.010884019439380738,0.012883495590420874,35,49942,0.07228824147963303,0.07418490146261086,1369,49826,0.046973088709341936,0.0489288644071292,580,49942,0.88901,0.9715547503507311,0.29404,0.4082782971253054,0.30199,False,/data/suehara/part/march/datasets/20250711_ilc_nnqq_sgv_10m_3cat_parquet,val50k_tail,150000,proxy
30,30,3720000,,lr_9e-6,1.4e-05,validation_total_reference_mistag_geomean_percent,0.4162685362410645,min,1.022896881170176,1.022896881170176,0.5728614944698468,0.3024806099502979,0.4162685362410645,,0.16842442873803495,0.0743195748978378,3.2642257942124693,0.2048809920171568,0.5336543163291007,0.06427638847042282,2.718427231227568,1.1549663234688183,0.017388980780721736,0.019387239450212965,84,49874,0.011251692933575745,0.013257304166686698,37,49785,0.0786371481756469,0.08051126443232234,1628,49874,0.019289728850724462,0.021290095179079788,102,49785,0.03165539767531547,0.03364016458425826,266,49845,0.010399991705101457,0.012406006392424378,32,49785,0.07189578587386627,0.07379289187538773,1355,49845,0.04691494027815914,0.04887713983806226,575,49785,0.88887,0.9715255196806037,0.29413,0.4082782971253054,0.30171,False,/data/suehara/part/march/datasets/20250711_ilc_nnqq_sgv_10m_3cat_parquet,val50k_tail,150000,proxy
31,31,3840000,,lr_14e-6,1.4e-05,validation_total_reference_mistag_geomean_percent,0.4278658876347029,min,1.020892657805236,1.020892657805236,0.5733100033721562,0.3193197689289147,0.4278658876347029,,0.1906520231700856,0.08026004568317151,3.2250296075320404,0.21068261411294473,0.5217007399543592,0.0662145347693395,2.7248831022820728,1.1477185949378739,0.018567597277958512,0.020566768378502718,95,49829,0.011722869068275571,0.013726109099474512,40,49838,0.07820813067575746,0.08008551259021737,1607,49829,0.0195639197716756,0.021561926047416982,105,49838,0.03129216107890424,0.03327772628037998,260,49837,0.01056411329870999,0.012567916965112048,33,49838,0.07198562893064135,0.0738827803765673,1358,49837,0.04674173156476169,0.04870213532052331,572,49838,0.88916,0.9715243915585189,0.2942,0.4082782971253054,0.30029,False,/data/suehara/part/march/datasets/20250711_ilc_nnqq_sgv_10m_3cat_parquet,val50k_tail,150000,proxy
31,31,3840000,,lr_3e-6,1.1200000000000001e-05,validation_total_reference_mistag_geomean_percent,0.41370113315033813,min,1.0151391505969918,1.0151391505969918,0.552813797967479,0.3095954337593111,0.41370113315033813,,0.1823099282132403,0.07823313818978526,3.243514045269307,0.19859180904544235,0.5247496957723283,0.058173356602675974,2.704169746729597,1.1313714849535585,0.01812168848999041,0.020117749475370813,91,49915,0.011560877927273403,0.013563676886803962,39,49851,0.07836058641895322,0.08023399318336649,1619,49915,0.018965223226003414,0.02096319354600762,99,49851,0.03141610010472997,0.033405494757281565,261,49738,0.009843835281394209,0.011847439014179142,29,49851,0.07178566785177552,0.07368742824703754,1345,49738,0.046398470894003056,0.048359019257678514,564,49851,0.88891,0.9715664820164728,0.2939,0.4082782971253054,0.30113,False,/data/suehara/part/march/datasets/20250711_ilc_nnqq_sgv_10m_3cat_parquet,val50k_tail,150000,proxy
31,31,3840000,,lr_6e-6,1.26e-05,validation_total_reference_mistag_geomean_percent,0.41400775779000154,min,1.0173956743078674,1.0173956743078674,0.5531218105120799,0.30988187457591004,0.41400775779000154,,0.1823099282132403,0.07823313818978526,3.255534442082512,0.19859180904544235,0.5247496957723283,0.058173356602675974,2.7102015396033967,1.1313714849535585,0.01812168848999041,0.020117749475370813,91,49915,0.011560877927273403,0.013563676886803962,39,49851,0.07850267128709024,0.08037559642498152,1625,49915,0.018965223226003414,0.02096319354600762,99,49851,0.03141610010472997,0.033405494757281565,261,49738,0.009843835281394209,0.011847439014179142,29,49851,0.07186459060858942,0.07376610847361943,1348,49738,0.046398470894003056,0.048359019257678514,564,49851,0.88891,0.9715781720625807,0.29383,0.4082782971253054,0.30111,False,/data/suehara/part/march/datasets/20250711_ilc_nnqq_sgv_10m_3cat_parquet,val50k_tail,150000,proxy
31,31,3840000,,lr_9e-6,1.4e-05,validation_total_reference_mistag_geomean_percent,0.4128612652031758,min,1.017648163307135,1.017648163307135,0.5538167359920451,0.3077812807513557,0.4128612652031758,,0.1823099282132403,0.07622715767427518,3.2515275024869204,0.19859180904544235,0.5247496957723283,0.058173356602675974,2.714222436939865,1.135383419722332,0.01812168848999041,0.020117749475370813,91,49915,0.01139990066261993,0.013402780099475924,38,49851,0.07845534187360739,0.08032842755367267,1623,49915,0.018965223226003414,0.02096319354600762,99,49851,0.03141610010472997,0.033405494757281565,261,49738,0.009843835281394209,0.011847439014179142,29,49851,0.07191715285992765,0.0738185090381361,1350,49738,0.04648148175430394,0.0484418691633284,566,49851,0.88891,0.9715892515244446,0.29377,0.4082782971253054,0.30109,False,/data/suehara/part/march/datasets/20250711_ilc_nnqq_sgv_10m_3cat_parquet,val50k_tail,150000,proxy
32,32,3960000,,lr_14e-6,1.4e-05,validation_total_reference_mistag_geomean_percent,0.4158892257202375,min,1.0205544586015245,1.0205544586015245,0.5766440138823308,0.2999490914779069,0.4158892257202375,,0.1708165047694441,0.07201872205450284,3.1932638193283918,0.2060535784579435,0.5305892782687193,0.06401664432752516,2.7393681554721843,1.1883089661334847,0.01753734731968937,0.01954004751249176,85,49761,0.011041377916457148,0.013038976591144339,36,49987,0.07788224984172504,0.07976347391628197,1589,49761,0.019310259401069667,0.021302495394751,103,49987,0.031589388366953366,0.033577828615535044,264,49756,0.010357975100690912,0.012355893935438157,32,49987,0.0722319953399185,0.07413165295125368,1363,49756,0.04749923288080802,0.04945216922711774,594,49987,0.88907,0.9715602016825132,0.29385,0.4082782971253054,0.3029,False,/data/suehara/part/march/datasets/20250711_ilc_nnqq_sgv_10m_3cat_parquet,val50k_tail,150000,proxy
32,32,3960000,,lr_3e-6,1.1200000000000001e-05,validation_total_reference_mistag_geomean_percent,0.42524051292021325,min,1.0199361493864036,1.0199361493864036,0.5911052100193425,0.30591761121971645,0.42524051292021325,,0.18074466936158323,0.07431061528772187,3.183114378662555,0.20485629707113887,0.5468859395337884,0.07029382940823699,2.740439473476507,1.1588439922896983,0.018060532173357804,0.02006150638088741,90,49794,0.011250337455648296,0.013255707369755603,37,49791,0.07773536411061141,0.07961574911185751,1585,49794,0.019287406421133982,0.021287532694457816,102,49791,0.03203229714942865,0.03401359178263176,273,49919,0.010917018170109222,0.012922549427009865,35,49791,0.07212940408543311,0.07402281596395818,1368,49919,0.04699160283657064,0.04895341019647628,577,49791,0.88933,0.9714792796262014,0.29407,0.4082782971253054,0.3036,False,/data/suehara/part/march/datasets/20250711_ilc_nnqq_sgv_10m_3cat_parquet,val50k_tail,150000,proxy
32,32,3960000,,lr_6e-6,1.26e-05,validation_total_reference_mistag_geomean_percent,0.4159932099173946,min,1.0197996868249268,1.0197996868249268,0.5771140845124996,0.2998546653796481,0.4159932099173946,,0.1708165047694441,0.07201872205450284,3.189244669450613,0.2060535784579435,0.5325991024742908,0.06401664432752516,2.7333387900567376,1.1903094830083576,0.01753734731968937,0.01954004751249176,85,49761,0.011041377916457148,0.013038976591144339,36,49987,0.07783419116131861,0.0797155767732656,1587,49761,0.019310259401069667,0.021302495394751,103,49987,0.03165069373490155,0.03363905319855396,265,49756,0.010357975100690912,0.012355893935438157,32,49987,0.07215357280788669,0.07405347277400949,1360,49756,0.04753955192497786,0.04949240823127268,595,49987,0.88911,0.9715500793819395,0.29393,0.4082782971253054,0.30292,False,/data/suehara/part/march/datasets/20250711_ilc_nnqq_sgv_10m_3cat_parquet,val50k_tail,150000,proxy
32,32,3960000,,lr_9e-6,1.4e-05,validation_total_reference_mistag_geomean_percent,0.42053429847900464,min,1.022603870714087,1.022603870714087,0.5813869352958754,0.3041848474067065,0.42053429847900464,,0.17412187957682346,0.07623786250326538,3.2802961806730635,0.1966134343953267,0.5252037452502183,0.07021908491640569,2.7185834129534054,1.1395553654441868,0.01768082231996585,0.019675213630644367,87,49965,0.011401501166376303,0.013404661448766515,38,49844,0.07875548164512844,0.08062554143749359,1639,49965,0.01886719969123698,0.020865529977768648,98,49844,0.03144321839846694,0.03343431612291836,261,49695,0.01090541306792178,0.012908814850104922,35,49844,0.0720048341255549,0.07390765997236405,1351,49695,0.046570845195070126,0.04853134051404327,568,49844,0.88903,0.9715952998618208,0.29401,0.4082782971253054,0.30128,False,/data/suehara/part/march/datasets/20250711_ilc_nnqq_sgv_10m_3cat_parquet,val50k_tail,150000,proxy
33,33,4080000,,lr_14e-6,1.4e-05,validation_total_reference_mistag_geomean_percent,0.4302658792400337,min,1.040770383096909,1.040770383096909,0.5988861375132786,0.3091217432530646,0.4302658792400337,,0.17877588494008487,0.0781516150872685,3.2942972480458397,0.19838486579204498,0.5479946886256987,0.07213995080006042,2.7901562863878127,1.1662625250964618,0.017958751392952256,0.019960246817693116,89,49783,0.01154883493797124,0.013549550246798932,39,49903,0.07906227853463482,0.0809386124069611,1640,49783,0.018945477928542627,0.020941374655592936,99,49903,0.03209707544821177,0.03408234232628194,273,49818,0.011059958279116664,0.01306091451703323,36,49903,0.07284410225450143,0.07473935682932413,1390,49818,0.04709133337948389,0.04904844052322603,582,49903,0.88891,0.9714920092558136,0.29448,0.4082782971253054,0.30173,False,/data/suehara/part/march/datasets/20250711_ilc_nnqq_sgv_10m_3cat_parquet,val50k_tail,150000,proxy
33,33,4080000,,lr_3e-6,1.1200000000000001e-05,validation_total_reference_mistag_geomean_percent,0.429805618580902,min,1.037508362066389,1.037508362066389,0.5983365704538193,0.30874407296147344,0.429805618580902,,0.17877588494008487,0.0781516150872685,3.2782274631709947,0.19838486579204498,0.5500020015789394,0.07213995080006042,2.7841342243616416,1.1602508908000775,0.017958751392952256,0.019960246817693116,89,49783,0.01154883493797124,0.013549550246798932,39,49903,0.07887325434540043,0.08075023379633395,1632,49783,0.018945477928542627,0.020941374655592936,99,49903,0.0321572743138477,0.03414246060794001,274,49818,0.011059958279116664,0.01306091451703323,36,49903,0.07276660443473713,0.07466210076149359,1387,49818,0.04696867286860373,0.0489260209414347,579,49903,0.88889,0.9714734711946834,0.29459,0.4082782971253054,0.30177,False,/data/suehara/part/march/datasets/20250711_ilc_nnqq_sgv_10m_3cat_parquet,val50k_tail,150000,proxy
33,33,4080000,,lr_6e-6,1.26e-05,validation_total_reference_mistag_geomean_percent,0.42984511076527526,min,1.038511973939829,1.038511973939829,0.5982633167184023,0.3088386235383709,0.42984511076527526,,0.17877588494008487,0.0781516150872685,3.2822450393800167,0.19838486579204498,0.5479946886256987,0.07213995080006042,2.788149005326481,1.162254741566976,0.017958751392952256,0.019960246817693116,89,49783,0.01154883493797124,0.013549550246798932,39,49903,0.07892055828409086,0.08079737634037257,1634,49783,0.018945477928542627,0.020941374655592936,99,49903,0.03209707544821177,0.03408234232628194,273,49818,0.011059958279116664,0.01306091451703323,36,49903,0.07281827976261153,0.07471361492141192,1389,49818,0.04700959615025653,0.04896686391339111,580,49903,0.88889,0.9714826007778128,0.29454,0.4082782971253054,0.30175,False,/data/suehara/part/march/datasets/20250711_ilc_nnqq_sgv_10m_3cat_parquet,val50k_tail,150000,proxy
33,33,4080000,,lr_9e-6,1.4e-05,validation_total_reference_mistag_geomean_percent,0.4179595352508286,min,1.0304667637994924,1.0304667637994924,0.5850780600528942,0.2985758397628099,0.4179595352508286,,0.18066847335140018,0.06821008639999787,3.2801365138601923,0.19660554243071962,0.5396946413385046,0.06821008639999787,2.754649621879827,1.1555591447352993,0.01805292445450229,0.02005305820778028,90,49815,0.010734949632196126,0.012738351638853784,34,49846,0.07887068999955296,0.08074638710469581,1634,49815,0.018866443311677666,0.020864693736173494,98,49846,0.0318392154227673,0.03382381960216011,269,49843,0.010734949632196126,0.012738351638853784,34,49846,0.07236791560745609,0.07426364429697768,1373,49843,0.0468989581810372,0.04885873272626167,576,49846,0.88885,0.9714026674572587,0.2946,0.4082782971253054,0.30328,False,/data/suehara/part/march/datasets/20250711_ilc_nnqq_sgv_10m_3cat_parquet,val50k_tail,150000,proxy
34,34,4200000,,lr_14e-6,1.4e-05,validation_total_reference_mistag_geomean_percent,0.42322463573277525,min,1.0231506567534887,1.0231506567534887,0.5800658075141572,0.3087909853862033,0.42322463573277525,,0.17904202897980576,0.0761736785907795,3.228791502744628,0.20647074839156276,0.5349736492662275,0.06815539163059778,2.7710433663678016,1.120554888056505,0.0179854655151245,0.019989929726567573,89,49709,0.011391904879306853,0.0133933812689081,38,49886,0.07834608239241578,0.08022784495258853,1605,49709,0.019349320415171255,0.02134557311614274,103,49886,0.031675789762847066,0.03365795872088979,267,49909,0.010726344309129403,0.012728142156492471,34,49886,0.0725324576285491,0.07442502251338995,1383,49909,0.04615804117161296,0.04811764768773569,559,49886,0.8894,0.9715852767365071,0.29366,0.4082782971253054,0.30182,False,/data/suehara/part/march/datasets/20250711_ilc_nnqq_sgv_10m_3cat_parquet,val50k_tail,150000,proxy
34,34,4200000,,lr_3e-6,1.1200000000000001e-05,validation_total_reference_mistag_geomean_percent,0.42312495454422144,min,1.0246552832775297,1.0246552832775297,0.5810275367711338,0.3081346680279132,0.42312495454422144,,0.17904202897980576,0.0761736785907795,3.2328149262660233,0.20446618339733094,0.5369772888333288,0.06815539163059778,2.7790578804658663,1.120554888056505,0.0179854655151245,0.019989929726567573,89,49709,0.011391904879306853,0.0133933812689081,38,49886,0.07839389096346364,0.08027549164810674,1607,49709,0.019250709002303565,0.021247042067715476,102,49886,0.03173655990007327,0.033718648567727764,268,49909,0.010726344309129403,0.012728142156492471,34,49886,0.07263574938808082,0.07452799311136946,1387,49909,0.04615804117161296,0.04811764768773569,559,49886,0.88935,0.9715669069567107,0.29376,0.4082782971253054,0.30186,False,/data/suehara/part/march/datasets/20250711_ilc_nnqq_sgv_10m_3cat_parquet,val50k_tail,150000,proxy
34,34,4200000,,lr_6e-6,1.26e-05,validation_total_reference_mistag_geomean_percent,0.41212354294755477,min,1.009811499723412,1.009811499723412,0.569512181129291,0.29823034568787654,0.41212354294755477,,0.1745550811094092,0.07232982470700991,3.182119224591504,0.1968978493861243,0.5251448262985888,0.06429317688660291,2.7159206321759473,1.1472313826321079,0.01772477793969634,0.01972411363709331,87,49841,0.011089059931688582,0.013095274954934202,36,49772,0.07768723277665063,0.07956588455070301,1586,49841,0.01889446980555447,0.02089567938286692,98,49772,0.0313814830625158,0.033364761150557996,262,49891,0.010402707421756788,0.012409245376998113,32,49772,0.0718303856856034,0.07372584304521368,1355,49891,0.046762049774125986,0.04872507264294737,571,49772,0.88899,0.971646480662756,0.29327,0.4082782971253054,0.30279,False,/data/suehara/part/march/datasets/20250711_ilc_nnqq_sgv_10m_3cat_parquet,val50k_tail,150000,proxy
34,34,4200000,,lr_9e-6,1.4e-05,validation_total_reference_mistag_geomean_percent,0.4146619548007301,min,1.013238379657332,1.013238379657332,0.5670908306251735,0.3032045793609593,0.4146619548007301,,0.18054523691823915,0.07411265431051664,3.2177174783073745,0.1962983785674855,0.5228127479004844,0.06409742809069786,2.7125937283894253,1.1377293847744323,0.01804062077493658,0.0200393952886118,90,49849,0.011220374660300854,0.013220410207572583,37,49924,0.07810572224686771,0.07998264431279059,1604,49849,0.01883699173883995,0.020832132515063214,98,49924,0.031358699661031705,0.03334845222547718,260,49731,0.010371042813041428,0.012371479571054826,32,49924,0.07190086074484667,0.07380255004934277,1349,49731,0.04649662158906186,0.048454048555567064,568,49924,0.8892,0.9715124685183443,0.29404,0.4082782971253054,0.30167,False,/data/suehara/part/march/datasets/20250711_ilc_nnqq_sgv_10m_3cat_parquet,val50k_tail,150000,proxy
35,35,4320000,,lr_14e-6,1.4e-05,validation_total_reference_mistag_geomean_percent,0.4226653159558811,min,1.0201185173866707,1.0201185173866707,0.5841331751679815,0.30583089080792386,0.4226653159558811,,0.1862943357266349,0.07231093915685904,3.2331083795663615,0.2008637115075328,0.5281336580444163,0.07030229902763648,2.714968492595107,1.1549663234688183,0.01832757500107175,0.02032323645914376,93,49921,0.011086165138360967,0.013091857062314319,36,49785,0.07823270779287253,0.08010630627405743,1614,49921,0.019090638231065993,0.021091165941106074,100,49785,0.031501438504177776,0.03348830034236783,263,49798,0.010918333511800084,0.012924106126595834,35,49785,0.0718841206829475,0.073783156066283,1352,49798,0.04691494027815914,0.04887713983806226,575,49785,0.88888,0.9715576074239523,0.29406,0.4082782971253054,0.30038,False,/data/suehara/part/march/datasets/20250711_ilc_nnqq_sgv_10m_3cat_parquet,val50k_tail,150000,proxy
35,35,4320000,,lr_3e-6,1.008e-05,validation_total_reference_mistag_geomean_percent,0.4290256933894123,min,1.0216213165327264,1.0216213165327264,0.5825223477024596,0.31597593863005174,0.4290256933894123,,0.18089361933751025,0.08399832003359933,3.2158864870975474,0.20399592456384105,0.5306532494050029,0.0679986386991276,2.713567797582152,1.17597649554303,0.018075403833784635,0.020078020965494447,90,49753,0.011995771418289052,0.013992331623079494,42,50001,0.07815834328002771,0.0800389604573716,1600,49753,0.019206472220327748,0.02119823271310474,102,50001,0.03159318887993642,0.03358186636314951,264,49750,0.010701680678603406,0.012698880844995637,34,50001,0.07190003827504711,0.07380096216243782,1350,49750,0.04724341981744498,0.04919630264291312,588,50001,0.88894,0.9714935498087834,0.2942,0.4082782971253054,0.30115,False,/data/suehara/part/march/datasets/20250711_ilc_nnqq_sgv_10m_3cat_parquet,val50k_tail,150000,proxy
35,35,4320000,,lr_6e-6,1.134e-05,validation_total_reference_mistag_geomean_percent,0.42945159610838135,min,1.0216213044026,1.0216213044026,0.5821666598852545,0.3167970378729475,0.42945159610838135,,0.18089361933751025,0.08399832003359933,3.21789640628299,0.2059958833513106,0.5306532494050029,0.0679986386991276,2.7115578103599707,1.1739765077512885,0.018075403833784635,0.020078020965494447,90,49753,0.011995771418289052,0.013992331623079494,42,50001,0.07818227270173367,0.08006280908440522,1601,49753,0.019304857444850713,0.02129653794242744,103,50001,0.03159318887993642,0.03358186636314951,264,49750,0.010701680678603406,0.012698880844995637,34,50001,0.07187376850644502,0.07377477319825167,1349,49750,0.04720286403602052,0.049155826856688706,587,50001,0.88897,0.9715033531354175,0.29414,0.4082782971253054,0.30113,False,/data/suehara/part/march/datasets/20250711_ilc_nnqq_sgv_10m_3cat_parquet,val50k_tail,150000,proxy
35,35,4320000,,lr_9e-6,1.26e-05,validation_total_reference_mistag_geomean_percent,0.4293859085255693,min,1.020365050390185,1.020365050390185,0.58198223355523,0.3168004928845163,0.4293859085255693,,0.18290354238301748,0.08399832003359933,3.213876516029078,0.20399592456384105,0.5306532494050029,0.0679986386991276,2.703517716464784,1.17597649554303,0.01818064811302273,0.020183184450060745,91,49753,0.011995771418289052,0.013992331623079494,42,50001,0.07813440561448351,0.08001510358649835,1599,49753,0.019206472220327748,0.02119823271310474,102,50001,0.03159318887993642,0.03358186636314951,264,49750,0.010701680678603406,0.012698880844995637,34,50001,0.07176858365702359,0.07366991156649468,1345,49750,0.04724341981744498,0.04919630264291312,588,50001,0.88897,0.9715148948242565,0.29407,0.4082782971253054,0.30194,False,/data/suehara/part/march/datasets/20250711_ilc_nnqq_sgv_10m_3cat_parquet,val50k_tail,150000,proxy
36,36,4440000,,lr_14e-6,1.4e-05,validation_total_reference_mistag_geomean_percent,0.41875509321193444,min,1.020384498846976,1.020384498846976,0.5869523834532738,0.2987564801411112,0.41875509321193444,,0.18269424728330955,0.06992168975596033,3.2182292336443092,0.19378295457502348,0.5419235358261518,0.06992168975596033,2.7458802735279875,1.140722366407105,0.01815985936388586,0.0201601125514105,91,49810,0.010859238345555477,0.012854167259085642,35,50056,0.07814201822279113,0.08002038929459318,1603,49810,0.018686585794104527,0.02067656589826252,97,50056,0.031970381416441054,0.03396309184467965,269,49638,0.010859238345555477,0.012854167259085642,35,50056,0.07240137842811391,0.07430528945885743,1363,49638,0.04649817595635281,0.048450321614665164,571,50056,0.88907,0.9715301265413778,0.2939,0.4082782971253054,0.30152,False,/data/suehara/part/march/datasets/20250711_ilc_nnqq_sgv_10m_3cat_parquet,val50k_tail,150000,proxy
36,36,4440000,,lr_3e-6,1.008e-05,validation_total_reference_mistag_geomean_percent,0.4297580499499307,min,1.036531247085613,1.036531247085613,0.5915288288081935,0.3122282000505077,0.4297580499499307,,0.16991844142973342,0.08422572123157498,3.24644171194121,0.20454818839582298,0.544201237539655,0.06818272804654736,2.793566433894329,1.1811655142060313,0.017445211725512017,0.019437418884366595,85,50024,0.012028236205548095,0.014030192379974363,42,49866,0.07831077295357702,0.08017998068139409,1624,50024,0.01925842316515779,0.02125555360456073,102,49866,0.032046706270443676,0.0340402888066315,270,49614,0.010730645245427179,0.012733244851189892,34,49866,0.07303571484182578,0.07493862459363107,1386,49614,0.04741123053256784,0.049369192089364876,589,49866,0.88865,0.9714374410199778,0.29491,0.4082782971253054,0.30159,False,/data/suehara/part/march/datasets/20250711_ilc_nnqq_sgv_10m_3cat_parquet,val50k_tail,150000,proxy
36,36,4440000,,lr_6e-6,1.134e-05,validation_total_reference_mistag_geomean_percent,0.4195912448506449,min,1.0294347978694252,1.0294347978694252,0.5940188116763215,0.2963825543815379,0.4195912448506449,,0.17236886305460056,0.07431509819354075,3.2249012608957472,0.1867919912021702,0.5278686385490056,0.07029806396282852,2.7657907689158727,1.2131436981816357,0.017598964290381297,0.01959630389556904,86,49893,0.011251015153786376,0.013256505720136091,37,49788,0.0781570263647259,0.08003200526845236,1609,49893,0.018376494772884083,0.020377467196589297,93,49788,0.03148567004978313,0.033471545585467194,263,49823,0.010917675801337168,0.012923327729924192,35,49788,0.07252638298100335,0.07442242541437737,1378,49823,0.04809120727297823,0.05005095164505157,604,49788,0.88865,0.9714560351900615,0.29442,0.4082782971253054,0.30139,False,/data/suehara/part/march/datasets/20250711_ilc_nnqq_sgv_10m_3cat_parquet,val50k_tail,150000,proxy
36,36,4440000,,lr_9e-6,1.26e-05,validation_total_reference_mistag_geomean_percent,0.42588841014756845,min,1.0189623221363102,1.0189623221363102,0.5853318882705316,0.30987708261367086,0.42588841014756845,,0.16698184694112064,0.08215938780825692,3.2249627549181348,0.20840430027213144,0.5371279799042535,0.070136061562202,2.713698700189834,1.148227545494548,0.017338031855648858,0.019343102294287436,83,49706,0.01186440955980542,0.013864964249240544,41,49903,0.0783028907928876,0.08018492097852936,1603,49706,0.01944083364494977,0.021436328823518612,104,49903,0.03174544290623646,0.03372808167612851,268,49895,0.010892523167263524,0.012893559714876376,35,49903,0.07179856022308043,0.07369395469288137,1354,49895,0.046722361931372976,0.048680191862381615,573,49903,0.88902,0.9715971049388203,0.29371,0.4082782971253054,0.30225,False,/data/suehara/part/march/datasets/20250711_ilc_nnqq_sgv_10m_3cat_parquet,val50k_tail,150000,proxy
37,37,4560000,,lr_14e-6,1.4e-05,validation_total_reference_mistag_geomean_percent,0.4203002967936504,min,1.0215645990503546,1.0215645990503546,0.5661186855411606,0.31204117439784945,0.4203002967936504,,0.176522506619594,0.07827867188078556,3.2556367334144394,0.2107502704482688,0.5298013245033113,0.062221509942567386,2.7092114055915104,1.1500943700023603,0.01782769501119082,0.01982651062884188,88,49852,0.011567605125663174,0.01357156800738153,39,49822,0.07855288167507163,0.0804281695540518,1623,49852,0.019570196868043184,0.02156884206118829,105,49822,0.03154259044276485,0.03352810944400875,264,49830,0.010214291916686474,0.012218899366716749,31,49822,0.07178614882247837,0.07368419576841527,1350,49830,0.04679790757643621,0.04875884552333464,573,49822,0.88916,0.9716810622890785,0.29344,0.4082782971253054,0.30078,False,/data/suehara/part/march/datasets/20250711_ilc_nnqq_sgv_10m_3cat_parquet,val50k_tail,150000,proxy
37,37,4560000,,lr_3e-6,1.008e-05,validation_total_reference_mistag_geomean_percent,0.4262434881758339,min,1.0376503951423506,1.0376503951423506,0.5901021593754726,0.30788484387954923,0.4262434881758339,,0.18058871878234,0.07417356505570351,3.280695005144858,0.20447848314506478,0.550377616185348,0.06815949154616795,2.780009518953492,1.1627207623258318,0.018044961334619615,0.020044215368921772,90,49837,0.011229594281125592,0.01323127122899887,37,49883,0.0788600577625434,0.08073490446321718,1635,49837,0.01925186573273499,0.02124831836365299,102,49883,0.03217918065008957,0.03416570761076588,274,49784,0.010726989229769645,0.012728907299963926,34,49883,0.07273797664136619,0.07463493316876846,1384,49784,0.047028339934886663,0.048986373742656956,580,49883,0.88893,0.9714370761719947,0.29465,0.4082782971253054,0.30131,False,/data/suehara/part/march/datasets/20250711_ilc_nnqq_sgv_10m_3cat_parquet,val50k_tail,150000,proxy
37,37,4560000,,lr_6e-6,1.134e-05,validation_total_reference_mistag_geomean_percent,0.4190538482480967,min,1.0199546281408236,1.0199546281408236,0.5765853436695253,0.3045622467854282,0.4190538482480967,,0.18259159028872185,0.07413492810305623,3.2043821647206254,0.19836101547425372,0.5265590703327078,0.06612033982561567,2.7553911357516583,1.152096780629951,0.01814966475001281,0.020148798296160425,91,49838,0.011223745935643271,0.01322438168296588,37,49909,0.07795545048809929,0.07983332194626061,1597,49838,0.018943202270376727,0.020938860013632522,99,49909,0.031465792366911285,0.03345435464525391,262,49757,0.010549088722209079,0.012550045631084378,33,49909,0.07243922891976111,0.0743382043126125,1371,49757,0.04679901711628718,0.04875645663477233,575,49909,0.88932,0.97153867075095,0.29407,0.4082782971253054,0.30169,False,/data/suehara/part/march/datasets/20250711_ilc_nnqq_sgv_10m_3cat_parquet,val50k_tail,150000,proxy
37,37,4560000,,lr_9e-6,1.26e-05,validation_total_reference_mistag_geomean_percent,0.4195562701021304,min,1.0345134756623522,1.0345134756623522,0.5850472253204237,0.3008773585510188,0.4195562701021304,,0.16672692675483805,0.07414235567604895,3.308424819294534,0.20038473526716916,0.5500020015789394,0.0681308138239018,2.7861416491317645,1.1221545037716212,0.01731158136269687,0.01931360105096754,83,49782,0.011224870144328606,0.013225706038394599,37,49904,0.07922882249398883,0.08110462649407735,1647,49782,0.019045154398996345,0.02104093098496168,100,49904,0.0321572743138477,0.03414246060794001,274,49818,0.010722476413186363,0.012723553226685717,34,49904,0.07279244715956146,0.07468786290233953,1388,49818,0.046183152942436655,0.04814198854862003,560,49904,0.88911,0.9715271021648414,0.29413,0.4082782971253054,0.30127,False,/data/suehara/part/march/datasets/20250711_ilc_nnqq_sgv_10m_3cat_parquet,val50k_tail,150000,proxy
38,38,4680000,,lr_14e-6,1.4e-05,validation_total_reference_mistag_geomean_percent,0.4143355360944603,min,1.0413426195309492,1.0413426195309492,0.5686373628263456,0.3019040740084305,0.4143355360944603,,0.16447698647321346,0.07619963970741646,3.3055862849643263,0.2005253755046945,0.5644837109291457,0.056147103766934686,2.7742063910754338,1.1891154638264294,0.017176236775607583,0.019175415330515692,82,49855,0.01139578714411298,0.01339794476821305,38,49869,0.07913822658563163,0.08101139787093509,1648,49855,0.019058509482752957,0.021055681113934643,100,49869,0.032600382627411426,0.03458650248324363,281,49780,0.009653409357334093,0.011656371173840364,28,49869,0.07266600387575949,0.07456334597380314,1381,49780,0.047570540594365184,0.049528065539921305,593,49869,0.88842,0.9713077017498991,0.29511,0.4082782971253054,0.3013,False,/data/suehara/part/march/datasets/20250711_ilc_nnqq_sgv_10m_3cat_parquet,val50k_tail,150000,proxy
38,38,4680000,,lr_3e-6,1.008e-05,validation_total_reference_mistag_geomean_percent,0.41659191441022975,min,1.0080722119624508,1.0080722119624508,0.5687825118633503,0.30512334597529817,0.41659191441022975,,0.18064309559464148,0.0761736785907795,3.23953281938737,0.19444334007231098,0.5281548540748175,0.06815539163059778,2.7010201568822207,1.076454359466868,0.01805038997229728,0.020050243731027217,90,49822,0.011391904879306853,0.0133933812689081,38,49886,0.07838565489070026,0.08026271838601218,1614,49822,0.018750212170771573,0.020746947058385774,97,49886,0.03150270066285595,0.03348964144756685,263,49796,0.010726344309129403,0.012728142156492471,34,49886,0.07170316948505,0.07360284134631627,1345,49796,0.0452309930921992,0.04719236762601182,537,49886,0.88935,0.9716366764301331,0.29337,0.4082782971253054,0.30193,False,/data/suehara/part/march/datasets/20250711_ilc_nnqq_sgv_10m_3cat_parquet,val50k_tail,150000,proxy
38,38,4680000,,lr_6e-6,1.134e-05,validation_total_reference_mistag_geomean_percent,0.4244971087338186,min,1.0291400300809117,1.0291400300809117,0.5921052494743387,0.304334061357078,0.4244971087338186,,0.1645033763153292,0.07817511492944296,3.1997914198464112,0.2084669598827068,0.5465249640137962,0.06815266429746308,2.780847641704483,1.1866580996576606,0.017178991487074132,0.019178489826813194,82,49847,0.01155230630149746,0.013553622218342791,39,49888,0.07789375251404662,0.07977146911806038,1595,49847,0.019446673724012604,0.02144276637104877,104,49888,0.03206822721477914,0.03405550770723461,272,49769,0.0107259144051158,0.01272763211194644,34,49888,0.07275959814712213,0.07465709272154314,1384,49769,0.047512057467561514,0.0494689354120309,592,49888,0.88871,0.9714201498445666,0.29459,0.4082782971253054,0.30039,False,/data/suehara/part/march/datasets/20250711_ilc_nnqq_sgv_10m_3cat_parquet,val50k_tail,150000,proxy
38,38,4680000,,lr_9e-6,1.26e-05,validation_total_reference_mistag_geomean_percent,0.42429661203376423,min,1.028888436432376,1.028888436432376,0.591453380715996,0.3043817498606476,0.42429661203376423,,0.1645033763153292,0.07817511492944296,3.201797493490303,0.2084669598827068,0.5445156680362091,0.06815266429746308,2.778838114849893,1.1866580996576606,0.017178991487074132,0.019178489826813194,82,49847,0.01155230630149746,0.013553622218342791,39,49888,0.07791768029218223,0.07979531640595547,1596,49847,0.019446673724012604,0.02144276637104877,104,49888,0.032007744661286495,0.033995105896473914,271,49769,0.0107259144051158,0.01272763211194644,34,49888,0.07273369044021559,0.07463126575736924,1383,49769,0.047512057467561514,0.0494689354120309,592,49888,0.88873,0.9714305453966086,0.29453,0.4082782971253054,0.30037,False,/data/suehara/part/march/datasets/20250711_ilc_nnqq_sgv_10m_3cat_parquet,val50k_tail,150000,proxy
39,39,4800000,,lr_14e-6,1.4e-05,validation_total_reference_mistag_geomean_percent,0.4111750698889773,min,1.0212056335066417,1.0212056335066417,0.5801849891849913,0.29139833199700244,0.4111750698889773,,0.17636331186704204,0.06611901632789415,3.2146221751466557,0.19234623072883655,0.5573777323615624,0.06411540773392106,2.742620205418219,1.1560809884690024,0.0178116290532461,0.019808648440459424,88,49897,0.010548877413651285,0.012549794285113486,33,49910,0.07803178804900723,0.07990702865497967,1604,49897,0.018639611755169982,0.020635470534869825,96,49910,0.03241573645754682,0.034405459275007724,277,49697,0.01037395122814609,0.012374948386779104,32,49910,0.0723165877289423,0.07421836968077682,1363,49697,0.04688017665189347,0.04883741730242353,577,49910,0.88905,0.971600386052572,0.29358,0.4082782971253054,0.30103,False,/data/suehara/part/march/datasets/20250711_ilc_nnqq_sgv_10m_3cat_parquet,val50k_tail,150000,proxy
39,39,4800000,,lr_3e-6,1.008e-05,validation_total_reference_mistag_geomean_percent,0.41029871171897264,min,1.0142057435010063,1.0142057435010063,0.5878524785865131,0.2863729234297574,0.41029871171897264,,0.17433472373362327,0.06611106578349643,3.1660788583642163,0.1843096302794264,0.5454472062018653,0.06811443091357483,2.7332743812560336,1.1759756514758148,0.017702418371514577,0.019699238941691212,87,49904,0.010547609740057303,0.012548286420683468,33,49916,0.07744667553270385,0.07932359853154436,1580,49904,0.018225650976637364,0.020221591852884104,92,49916,0.03206236687530884,0.03405309054537141,271,49684,0.010719899365245771,0.012720495778001113,34,49916,0.07220431548599845,0.0741069712455418,1358,49684,0.047282794457782426,0.049239002737964596,587,49916,0.88889,0.9715300001821278,0.29394,0.4082782971253054,0.30107,False,/data/suehara/part/march/datasets/20250711_ilc_nnqq_sgv_10m_3cat_parquet,val50k_tail,150000,proxy
39,39,4800000,,lr_6e-6,1.134e-05,validation_total_reference_mistag_geomean_percent,0.41306121194948897,min,1.0227114820949446,1.0227114820949446,0.5812570604990679,0.2935354706413141,0.41306121194948897,,0.17636331186704204,0.06812262138375072,3.2126179176636755,0.19234623072883655,0.5573777323615624,0.06411540773392106,2.7486569124772586,1.1620917225435083,0.0178116290532461,0.019808648440459424,88,49897,0.010721187734355063,0.012722024318646429,34,49910,0.07800794882863726,0.0798832697636212,1603,49897,0.018639611755169982,0.020635470534869825,96,49910,0.03241573645754682,0.034405459275007724,277,49697,0.01037395122814609,0.012374948386779104,32,49910,0.07239500564816884,0.07429654466943533,1366,49697,0.0470030393548258,0.048960039143843524,580,49910,0.88899,0.9715781394212913,0.29369,0.4082782971253054,0.30107,False,/data/suehara/part/march/datasets/20250711_ilc_nnqq_sgv_10m_3cat_parquet,val50k_tail,150000,proxy
39,39,4800000,,lr_9e-6,1.26e-05,validation_total_reference_mistag_geomean_percent,0.4221262392764606,min,1.0265625213389196,1.0265625213389196,0.5952504026468669,0.29935395439186196,0.4221262392764606,,0.18239031728278504,0.07025290961704189,3.218888375691366,0.19470091235155304,0.5282078941675648,0.07226013507493902,2.7494929604971206,1.196306666028987,0.018129672902623746,0.02012661079835163,91,49893,0.010910665150373191,0.012915030662487455,35,49820,0.07808560139642082,0.07996082132582308,1606,49893,0.018775031092513415,0.020774400799130222,97,49820,0.03150585650208383,0.033492994680543814,263,49791,0.011078378970868217,0.013082663905474468,36,49820,0.0723383658280681,0.07423628144181196,1369,49791,0.04773841882977029,0.04969758035988283,596,49820,0.88881,0.9714377391987966,0.29446,0.4082782971253054,0.30105,False,/data/suehara/part/march/datasets/20250711_ilc_nnqq_sgv_10m_3cat_parquet,val50k_tail,150000,proxy
40,40,4920000,,lr_14e-6,1.2095999999999999e-05,validation_total_reference_mistag_geomean_percent,0.43050863923876614,min,1.0332003594457368,1.0332003594457368,0.5958505836034574,0.31104725506580616,0.43050863923876614,,0.17678848354239923,0.07825353994101945,3.2424613213378692,0.2086761065093852,0.5432059061706619,0.07022753653254968,2.740082847200954,1.2059071343310552,0.017854536110785132,0.01985635263709771,88,49777,0.011563892600086544,0.013567213150600204,39,49838,0.07845537408880873,0.08033401680736865,1614,49777,0.01946616602056784,0.02146425281562398,104,49838,0.03193094702418492,0.033913580581325375,271,49889,0.010906725614439684,0.012910368242212282,35,49838,0.07214617891880687,0.07404074364182889,1367,49889,0.04792276236333173,0.04988083105896615,601,49838,0.88885,0.9714771396872234,0.29441,0.4082782971253054,0.30054,False,/data/suehara/part/march/datasets/20250711_ilc_nnqq_sgv_10m_3cat_parquet,val50k_tail,150000,proxy
40,40,4920000,,lr_3e-6,8.064000000000001e-06,validation_total_reference_mistag_geomean_percent,0.4299492258020128,min,1.0306904104527461,1.0306904104527461,0.594856670377414,0.3107577774163074,0.4299492258020128,,0.17678848354239923,0.07825353994101945,3.2304077110604963,0.2086761065093852,0.5432059061706619,0.07022753653254968,2.740082847200954,1.1978811526645023,0.017854536110785132,0.01985635263709771,88,49777,0.011563892600086544,0.013567213150600204,39,49838,0.07831237964273652,0.0801915066619821,1608,49777,0.01946616602056784,0.02146425281562398,104,49838,0.03193094702418492,0.033913580581325375,271,49889,0.010906725614439684,0.012910368242212282,35,49838,0.07214617891880687,0.07404074364182889,1367,49889,0.04776164248850266,0.04972003326139604,597,49838,0.88881,0.9714428663218427,0.2946,0.4082782971253054,0.30061,False,/data/suehara/part/march/datasets/20250711_ilc_nnqq_sgv_10m_3cat_parquet,val50k_tail,150000,proxy
40,40,4920000,,lr_6e-6,9.072e-06,validation_total_reference_mistag_geomean_percent,0.42863460250733576,min,1.0350419135214393,1.0350419135214393,0.6056864961389004,0.3033378218564213,0.42863460250733576,,0.1748427493083232,0.07404442737951782,3.2355955002037797,0.20212127412148828,0.5484681163991683,0.07404442737951782,2.7785032306205166,1.192715582759203,0.01775396561374612,0.019756584474597567,87,49759,0.011210048699576572,0.013208245876873193,37,49970,0.07838796678151308,0.08026756503028212,1610,49759,0.019119445421458263,0.021112516551803413,101,49970,0.032124733912451256,0.03411169678184693,273,49775,0.011210048699576572,0.013208245876873193,37,49970,0.07272504328487764,0.0746224033272791,1383,49775,0.04759593089818503,0.049549355259139415,596,49970,0.88881,0.9714327446284403,0.29481,0.4082782971253054,0.30042,False,/data/suehara/part/march/datasets/20250711_ilc_nnqq_sgv_10m_3cat_parquet,val50k_tail,150000,proxy
40,40,4920000,,lr_9e-6,1.008e-05,validation_total_reference_mistag_geomean_percent,0.42812869295719025,min,1.0199386697270876,1.0199386697270876,0.593877189576315,0.30863986856272113,0.42812869295719025,,0.1743696607007353,0.07822999293237087,3.188760126582625,0.20861332112687356,0.5406274482435589,0.07221230488155005,2.729264222873809,1.1674322804751778,0.017705963742045933,0.01970318311618417,87,49894,0.011560414270962162,0.013563133009832118,39,49853,0.07772583577274235,0.0796022257849048,1591,49894,0.019460314229854687,0.02145780236227461,104,49853,0.03189410988346346,0.033882106690031125,269,49757,0.011071047737952965,0.013074007889428321,36,49853,0.07209980938919884,0.07399983494391811,1358,49757,0.04713830146778845,0.0490973245250834,582,49853,0.88925,0.9716467949163876,0.29373,0.4082782971253054,0.30024,False,/data/suehara/part/march/datasets/20250711_ilc_nnqq_sgv_10m_3cat_parquet,val50k_tail,150000,proxy
41,41,5040000,,lr_14e-6,1.2095999999999999e-05,validation_total_reference_mistag_geomean_percent,0.4218148196394573,min,1.0253657460893073,1.0253657460893073,0.5953017607021781,0.2988866383623596,0.4218148196394573,,0.17854634462212504,0.06823198775888821,3.2318896612670334,0.20268914457609838,0.5358540451845579,0.07224563728333475,2.721416119706431,1.1920530283159887,0.01793571120155329,0.019934646109600315,89,49847,0.010738395628741737,0.012742440019231116,34,49830,0.07827561024880136,0.08015203900894746,1611,49847,0.019173115573769085,0.0211717634378261,101,49830,0.03172779037034701,0.033713185969005355,267,49827,0.011076156360008416,0.013080039660156511,36,49830,0.07194757748492965,0.07384524883037001,1356,49827,0.047648040541825934,0.04960697963676125,594,49830,0.88883,0.9714427720802377,0.29459,0.4082782971253054,0.30028,False,/data/suehara/part/march/datasets/20250711_ilc_nnqq_sgv_10m_3cat_parquet,val50k_tail,150000,proxy
41,41,5040000,,lr_3e-6,8.064000000000001e-06,validation_total_reference_mistag_geomean_percent,0.42388629117834187,min,1.0263692663516264,1.0263692663516264,0.5969148330598317,0.301013775998627,0.42388629117834187,,0.17854634462212504,0.07023881454166386,3.229883519467101,0.20268914457609838,0.539867940933821,0.07224563728333475,2.721416119706431,1.1960666096824344,0.01793571120155329,0.019934646109600315,89,49847,0.010908476168018948,0.012912440013337684,35,49830,0.07825180555032923,0.08012831480071758,1610,49847,0.019173115573769085,0.0211717634378261,101,49830,0.03184941403361714,0.033834648522535885,269,49827,0.011076156360008416,0.013080039660156511,36,49830,0.07194757748492965,0.07384524883037001,1356,49827,0.04772889309910457,0.04968767110369882,596,49830,0.88875,0.9714100429169079,0.29478,0.4082782971253054,0.30035,False,/data/suehara/part/march/datasets/20250711_ilc_nnqq_sgv_10m_3cat_parquet,val50k_tail,150000,proxy
41,41,5040000,,lr_6e-6,9.072e-06,validation_total_reference_mistag_geomean_percent,0.42658405987579556,min,1.0248143536062349,1.0248143536062349,0.5766481333470206,0.315571922662596,0.42658405987579556,,0.18067935171578114,0.08211660357227274,3.2401830958566116,0.20629294202140894,0.5305146289797502,0.06609385327164574,2.7430018890156975,1.1496324644167124,0.018054010879054328,0.020054264653997754,90,49812,0.011858233296684019,0.013857747952979648,41,49929,0.07840113733975293,0.0802785515453451,1614,49812,0.019332671177546577,0.021327211817003065,103,49929,0.0315849555906262,0.033573119136989446,264,49763,0.010544864158873674,0.012545020623793693,33,49929,0.07227419468083182,0.07417343904106491,1365,49763,0.04673928743752741,0.04869604159422232,574,49929,0.8891,0.971520718723036,0.29398,0.4082782971253054,0.30179,False,/data/suehara/part/march/datasets/20250711_ilc_nnqq_sgv_10m_3cat_parquet,val50k_tail,150000,proxy
41,41,5040000,,lr_9e-6,1.008e-05,validation_total_reference_mistag_geomean_percent,0.42553889998605876,min,1.0310073369886374,1.0310073369886374,0.5850964566566974,0.3094931670515905,0.42553889998605876,,0.18051627389907,0.0742107565556534,3.2833905857532533,0.20859240548713628,0.5362630104291274,0.07019936637188132,2.771696435462878,1.123189861950101,0.018037728228387576,0.020036183189414865,90,49857,0.011235223440791878,0.013237902565581609,37,49858,0.07887612957800175,0.08075011607979396,1637,49857,0.019458364414705092,0.021455653072623496,104,49858,0.03175194614941906,0.03373884058484825,267,49789,0.010902351687578478,0.012905191721827056,35,49858,0.07262712020886658,0.07452422016630822,1380,49789,0.04622553533455021,0.04818613663585183,560,49858,0.88901,0.9716045582864318,0.29385,0.4082782971253054,0.30198,False,/data/suehara/part/march/datasets/20250711_ilc_nnqq_sgv_10m_3cat_parquet,val50k_tail,150000,proxy
42,42,5160000,,lr_14e-6,1.2095999999999999e-05,validation_total_reference_mistag_geomean_percent,0.4234679067457201,min,1.0356154908325077,1.0356154908325077,0.5903840576210939,0.30374307322284094,0.4234679067457201,,0.17052521954965896,0.07635735166009197,3.286121288417176,0.19893100084792154,0.545177591583821,0.06831973402006675,2.7559528208766286,1.1835389197046968,0.017507463397348426,0.01950676023697085,85,49846,0.011419365802657871,0.013425660843451611,38,49766,0.07891683887362166,0.08079112935234778,1638,49846,0.018997587968801403,0.020998957109112606,99,49766,0.031989366385079626,0.03397180169329586,272,49892,0.010752201767162217,0.01275881981782366,34,49766,0.0723496944139864,0.07424350906300829,1375,49892,0.04750596258490652,0.04946776301642374,589,49766,0.88868,0.9714404854226341,0.29463,0.4082782971253054,0.30289,False,/data/suehara/part/march/datasets/20250711_ilc_nnqq_sgv_10m_3cat_parquet,val50k_tail,150000,proxy
42,42,5160000,,lr_3e-6,8.064000000000001e-06,validation_total_reference_mistag_geomean_percent,0.42161387596487515,min,1.0150630960004705,1.0150630960004705,0.580163068005811,0.3063936162243693,0.42161387596487515,,0.17057311797227875,0.07809683950899282,3.1766736296971674,0.2082582453086125,0.5469095803310164,0.06608194257679242,2.722483618249522,1.1514277943593811,0.017512378447351425,0.01951223504335403,85,49832,0.011540743197161222,0.01354005848821305,39,49938,0.07762896356167913,0.07950817317685932,1583,49832,0.01942722042527821,0.0214213229006895,104,49938,0.03209073839853431,0.03407940193291244,272,49734,0.0105429642090724,0.012542760683106424,33,49938,0.0720278655283603,0.07392904242137996,1354,49734,0.04677198865874303,0.04872831827005125,575,49938,0.88912,0.9715703148022344,0.2938,0.4082782971253054,0.30297,False,/data/suehara/part/march/datasets/20250711_ilc_nnqq_sgv_10m_3cat_parquet,val50k_tail,150000,proxy
42,42,5160000,,lr_6e-6,9.072e-06,validation_total_reference_mistag_geomean_percent,0.42288153262964295,min,1.0348639914156146,1.0348639914156146,0.5906976822143907,0.3027416494488475,0.42288153262964295,,0.17052521954965896,0.07635735166009197,3.276090316935094,0.19692159764424846,0.543173265359319,0.06831973402006675,2.7579572280122706,1.1895672181441672,0.017507463397348426,0.01950676023697085,85,49846,0.011419365802657871,0.013425660843451611,38,49766,0.07879882051589626,0.08067351346197904,1633,49846,0.018896745873844368,0.020898195766622496,98,49766,0.03192903180469341,0.03391154745802233,271,49892,0.010752201767162217,0.01275881981782366,34,49766,0.07237562256370011,0.0742693568676088,1376,49892,0.04762787287338616,0.04958943104750278,592,49766,0.88863,0.9714209730996831,0.29474,0.4082782971253054,0.30295,False,/data/suehara/part/march/datasets/20250711_ilc_nnqq_sgv_10m_3cat_parquet,val50k_tail,150000,proxy
42,42,5160000,,lr_9e-6,1.008e-05,validation_total_reference_mistag_geomean_percent,0.4313139420549004,min,1.023487446342075,1.023487446342075,0.5818173446345623,0.3197424730054824,0.4313139420549004,,0.19079369197672,0.0802326747567947,3.2113593211730507,0.21261658289957422,0.5435545745430574,0.0681977755470682,2.761899142806571,1.1192458070337639,0.018581383404478978,0.02058203435132695,95,49792,0.011718872962848171,0.01372143102307137,40,49855,0.07807418420596665,0.07995351024559019,1599,49792,0.019654509390901187,0.021651756799914972,106,49855,0.03195139033751017,0.03393528240834909,271,49857,0.010733012230888848,0.01273605307758563,34,49855,0.07245167364611088,0.07434657921668239,1377,49857,0.04614483869417839,0.048105716188848874,558,49855,0.88941,0.971533649105282,0.29403,0.4082782971253054,0.29951,False,/data/suehara/part/march/datasets/20250711_ilc_nnqq_sgv_10m_3cat_parquet,val50k_tail,150000,proxy
43,43,5280000,,lr_14e-6,1.2095999999999999e-05,validation_total_reference_mistag_geomean_percent,0.419029897193466,min,1.0192422879549574,1.0192422879549574,0.5742851259927296,0.3057471746955703,0.419029897193466,,0.18864896071509746,0.07220071516782613,3.19900460659885,0.200557555881059,0.5440128618665877,0.06417841599647019,2.754190610322226,1.1311445770915434,0.01846513706602916,0.02046442868527114,94,49828,0.011069271930380372,0.013071911186006034,36,49861,0.07789903655806771,0.07977750072248116,1594,49828,0.01906156470359488,0.021059055476127478,100,49861,0.03197826194498311,0.033963808241452634,271,49815,0.010384143539720779,0.012387104575539775,32,49861,0.07238204118582073,0.07427885383617938,1372,49815,0.04638921529851944,0.04834937956862753,564,49861,0.88905,0.9715066841476435,0.29396,0.4082782971253054,0.30101,False,/data/suehara/part/march/datasets/20250711_ilc_nnqq_sgv_10m_3cat_parquet,val50k_tail,150000,proxy
43,43,5280000,,lr_3e-6,8.064000000000001e-06,validation_total_reference_mistag_geomean_percent,0.42239253729741166,min,1.0061538078525507,1.0061538078525507,0.5931969498537392,0.3007693407872985,0.42239253729741166,,0.17050128042465476,0.07622256878430865,3.1392293557415054,0.20058570683598267,0.5281442558469517,0.07421671334655137,2.6828924565858356,1.1774381252546158,0.017505006906799715,0.019504023985720383,85,49853,0.01139921486998538,0.01340197396857511,38,49854,0.07716289876559604,0.07904281895919144,1565,49853,0.019064238825479765,0.021062008930372925,100,49854,0.03150206957087459,0.03348897088154097,263,49797,0.011236124630102694,0.01323896419633268,37,49854,0.0714646755920905,0.07336503735185136,1336,49797,0.04734126758714867,0.049299849951231836,587,49854,0.88909,0.9716204153837763,0.29348,0.4082782971253054,0.30186,False,/data/suehara/part/march/datasets/20250711_ilc_nnqq_sgv_10m_3cat_parquet,val50k_tail,150000,proxy
43,43,5280000,,lr_6e-6,9.072e-06,validation_total_reference_mistag_geomean_percent,0.4189964517851105,min,1.0204974977112866,1.0204974977112866,0.5758186823537043,0.3048842144039252,0.4189964517851105,,0.18864896071509746,0.07220071516782613,3.19499086119071,0.19855197874243183,0.5480276823553416,0.06417841599647019,2.7682423850999998,1.1291389824224163,0.01846513706602916,0.02046442868527114,94,49828,0.011069271930380372,0.013071911186006034,36,49861,0.07785112229737011,0.0797297475650556,1592,49828,0.018961422857635128,0.020958994075216113,99,49861,0.03209900356295932,0.034084388672060706,273,49815,0.010384143539720779,0.012387104575539775,32,49861,0.0725638069634462,0.0744600554580168,1379,49815,0.046347661026915205,0.048307905742071486,563,49861,0.88906,0.9714843350492498,0.29409,0.4082782971253054,0.30106,False,/data/suehara/part/march/datasets/20250711_ilc_nnqq_sgv_10m_3cat_parquet,val50k_tail,150000,proxy
43,43,5280000,,lr_9e-6,1.008e-05,validation_total_reference_mistag_geomean_percent,0.4324403198894761,min,1.0403624532092985,1.0403624532092985,0.5865439746856956,0.3188245695752316,0.4324403198894761,,0.1825989161978635,0.08220880776255061,3.300826717677978,0.20852967045400958,0.538206626143492,0.06817316149458005,2.783412034787129,1.1589436911567854,0.018150392557111775,0.02014960603607433,91,49836,0.011871544016611864,0.013873300089500405,41,49873,0.07909733813117048,0.08097141455183782,1645,49836,0.019452517312875988,0.021449207786254948,104,49873,0.031809037852038785,0.033795614820178885,268,49795,0.010729139525444291,0.012731458442722787,34,49873,0.07277388805680754,0.07467028889265245,1386,49795,0.04695578587932386,0.04891436374686812,578,49873,0.88873,0.9714910958124334,0.29461,0.4082782971253054,0.3026,False,/data/suehara/part/march/datasets/20250711_ilc_nnqq_sgv_10m_3cat_parquet,val50k_tail,150000,proxy
44,44,5400000,,lr_14e-6,1.2095999999999999e-05,validation_total_reference_mistag_geomean_percent,0.4151360784185986,min,1.0080884408636772,1.0080884408636772,0.5681894796504837,0.3033107260465029,0.4151360784185986,,0.17649772876595188,0.07424053661987876,3.219077711591665,0.20065010437871336,0.5320537285287102,0.0662145347693395,2.7004236099994294,1.0955495722557287,0.017825193958887625,0.019823729950721524,88,49859,0.011239730833516879,0.013243212422659996,37,49838,0.07811415602074281,0.07999064708374345,1605,49859,0.019070353922419847,0.021068762794734838,100,49838,0.031618363946386924,0.033604709363693835,265,49807,0.01056411329870999,0.012567916965112048,33,49838,0.07168754462376532,0.07358682089925288,1345,49807,0.04565626866053548,0.04761876591848017,546,49838,0.88917,0.9717116572667486,0.29309,0.4082782971253054,0.3019,False,/data/suehara/part/march/datasets/20250711_ilc_nnqq_sgv_10m_3cat_parquet,val50k_tail,150000,proxy
44,44,5400000,,lr_3e-6,8.064000000000001e-06,validation_total_reference_mistag_geomean_percent,0.4218391134084449,min,1.0109067193985684,1.0109067193985684,0.579698021979233,0.3069671291850597,0.4218391134084449,,0.17662170668270175,0.07632054479751392,3.21531789691932,0.20486040821287177,0.5091200510611613,0.07230367614590338,2.6939265595072865,1.1387829118617891,0.01783770624278916,0.019837641146616052,88,49824,0.011413863031680143,0.013419192486951406,38,49790,0.07809653214947837,0.0799744922932194,1602,49824,0.019287793453896394,0.021287959732390997,102,49790,0.030886749081726964,0.032870709312464094,254,49890,0.011085052158706858,0.013090542963252384,36,49790,0.0715436151448548,0.0734399921812498,1344,49890,0.04657961950946948,0.04854227208169644,567,49790,0.88908,0.9716027931038428,0.2936,0.4082782971253054,0.30163,False,/data/suehara/part/march/datasets/20250711_ilc_nnqq_sgv_10m_3cat_parquet,val50k_tail,150000,proxy
44,44,5400000,,lr_6e-6,9.072e-06,validation_total_reference_mistag_geomean_percent,0.41529296359405,min,1.008088437980708,1.008088437980708,0.568619012781917,0.3033107260465029,0.41529296359405,,0.17649772876595188,0.07424053661987876,3.219077711591665,0.20065010437871336,0.5340614962816327,0.0662145347693395,2.698415819182753,1.0955495722557287,0.017825193958887625,0.019823729950721524,88,49859,0.011239730833516879,0.013243212422659996,37,49838,0.07811415602074281,0.07999064708374345,1605,49859,0.019070353922419847,0.021068762794734838,100,49838,0.031679489884104545,0.033665754681835684,266,49807,0.01056411329870999,0.012567916965112048,33,49838,0.07166125078063544,0.07356060767569929,1344,49807,0.04565626866053548,0.04761876591848017,546,49838,0.88913,0.9716884407406062,0.29323,0.4082782971253054,0.30196,False,/data/suehara/part/march/datasets/20250711_ilc_nnqq_sgv_10m_3cat_parquet,val50k_tail,150000,proxy
44,44,5400000,,lr_9e-6,1.008e-05,validation_total_reference_mistag_geomean_percent,0.4293328133078949,min,1.0196220794956672,1.0196220794956672,0.5873994260787985,0.31380123370795515,0.4293328133078949,,0.18448335539912203,0.08017317091741713,3.2384848781902167,0.20243726610103094,0.5508312815282744,0.07215585523802008,2.7320426485631044,1.096368180028152,0.018242814533888426,0.02024062951899504,92,49869,0.011710184967477215,0.01371126034181606,40,49892,0.07833673138150504,0.08021206786314738,1615,49869,0.019149310237262386,0.021145484559732766,101,49892,0.03220563684268058,0.03419378289958221,274,49743,0.011062396053525063,0.013063792808314285,36,49892,0.0721460069225105,0.07404645551130559,1359,49743,0.04564930056138224,0.04760964096363462,547,49892,0.88919,0.9715617913646707,0.29388,0.4082782971253054,0.30102,False,/data/suehara/part/march/datasets/20250711_ilc_nnqq_sgv_10m_3cat_parquet,val50k_tail,150000,proxy
45,45,5520000,,lr_14e-6,1.2095999999999999e-05,validation_total_reference_mistag_geomean_percent,0.42482436832070714,min,1.0208280865553105,1.0208280865553105,0.580300638732233,0.3110038691554231,0.42482436832070714,,0.18255496955875827,0.07827395981484463,3.229818654129698,0.20270948244621748,0.5257771270102034,0.06823883659447555,2.715177427933254,1.1640742349550341,0.018146026589864927,0.020144760567794268,91,49848,0.011566908845552068,0.013570751258795906,39,49825,0.0782502609806425,0.08012673518679805,1610,49848,0.019175037938259747,0.021173885548616145,101,49825,0.0314191775727073,0.03340481824028272,262,49831,0.010739472956418382,0.01274371817634669,34,49825,0.07186335086443452,0.07376112027769124,1353,49831,0.04708278153010767,0.049043040260091444,580,49825,0.88907,0.9715729955273137,0.29391,0.4082782971253054,0.30207,False,/data/suehara/part/march/datasets/20250711_ilc_nnqq_sgv_10m_3cat_parquet,val50k_tail,150000,proxy
45,45,5520000,,lr_3e-6,8.064000000000001e-06,validation_total_reference_mistag_geomean_percent,0.433159908563645,min,1.0316632007742905,1.0316632007742905,0.6015377524141375,0.31191310210184514,0.433159908563645,,0.1824671193894479,0.08017157029212711,3.228264257487768,0.20042892082653932,0.5609280442196449,0.0721544125567703,2.754377843094691,1.1745134383273363,0.018137300953576938,0.020135076619134808,91,49872,0.011709950335573888,0.013710985667792028,40,49893,0.07821320958441152,0.08008884311932057,1610,49872,0.019049349693749173,0.021045564512449464,100,49893,0.03250802714931328,0.034495927107319135,279,49739,0.011062174393263987,0.013063531093049991,36,49893,0.07243903107324104,0.07433873441653055,1370,49739,0.04726379134017116,0.049220959999376514,586,49893,0.88873,0.9713700063793419,0.2949,0.4082782971253054,0.30119,False,/data/suehara/part/march/datasets/20250711_ilc_nnqq_sgv_10m_3cat_parquet,val50k_tail,150000,proxy
45,45,5520000,,lr_6e-6,9.072e-06,validation_total_reference_mistag_geomean_percent,0.4207166105762892,min,1.0316586000248982,1.0316586000248982,0.5852240601314584,0.3024524767061713,0.4207166105762892,,0.1745095672974354,0.07416315677214999,3.2916114285255076,0.19643215001066744,0.5486334559922902,0.0681499315131456,2.7652731965739155,1.1344959135140749,0.017720159436600227,0.019718975620816898,87,49854,0.01122801912709615,0.013229415645147506,37,49890,0.07897508727186184,0.08084885674310358,1641,49854,0.01884981829127087,0.020846313364501205,98,49890,0.03213439343150862,0.034121948607629835,273,49760,0.010725484535561308,0.012727122108275982,34,49890,0.07256499383577093,0.07446345755989549,1376,49760,0.04644534197915436,0.04840423252490556,566,49890,0.88883,0.9714287435214163,0.29454,0.4082782971253054,0.30166,False,/data/suehara/part/march/datasets/20250711_ilc_nnqq_sgv_10m_3cat_parquet,val50k_tail,150000,proxy
45,45,5520000,,lr_9e-6,1.008e-05,validation_total_reference_mistag_geomean_percent,0.420722532153563,min,1.019895171290864,1.019895171290864,0.5735159854516054,0.30863559787670836,0.420722532153563,,0.19096628309842328,0.07625622164943176,3.234365927621093,0.1926473024615561,0.5267901690164009,0.06622251022115991,2.7401100563765852,1.1318028998822622,0.018598177930019295,0.020600631645166644,95,49747,0.011404245932918175,0.01340788784807875,38,49832,0.07838271263635871,0.08026281371011218,1609,49747,0.018668763448728892,0.020667734118971097,96,49832,0.03142149801652998,0.03340335956420939,263,49925,0.01056538494263508,0.012569429551323095,33,49832,0.07212085282044083,0.07401405034616858,1368,49925,0.04641606670402112,0.04837734526009444,564,49832,0.88925,0.9715307137184634,0.29387,0.4082782971253054,0.3007,False,/data/suehara/part/march/datasets/20250711_ilc_nnqq_sgv_10m_3cat_parquet,val50k_tail,150000,proxy
46,46,5640000,,lr_14e-6,1.2095999999999999e-05,validation_total_reference_mistag_geomean_percent,0.41990144695214515,min,1.0345153464678765,1.0345153464678765,0.5861787802486402,0.30079086977136305,0.41990144695214515,,0.1745130617977977,0.0722050616700153,3.2716185740832957,0.19856392615564653,0.5382282848096203,0.06618797271135815,2.7493825153519005,1.2054233751633785,0.01772051462061669,0.019719370757800468,87,49853,0.011069937791456392,0.013072697370975547,36,49858,0.07874067978408464,0.08061528890036182,1631,49853,0.018962562808212527,0.02096025373977809,99,49858,0.031810312349959874,0.03379696824163296,268,49793,0.010559876695524686,0.012562877639232112,33,49858,0.07233549970764065,0.0742333435264423,1369,49793,0.047903648969701076,0.0498609516270964,601,49858,0.88856,0.971430344473919,0.2947,0.4082782971253054,0.30164,False,/data/suehara/part/march/datasets/20250711_ilc_nnqq_sgv_10m_3cat_parquet,val50k_tail,150000,proxy
46,46,5640000,,lr_3e-6,8.064000000000001e-06,validation_total_reference_mistag_geomean_percent,0.41520102538693415,min,1.00903177852396,1.00903177852396,0.569821111716425,0.3025368627762487,0.41520102538693415,,0.17872204141063003,0.07819235165788403,3.1808506346224377,0.18846362004519493,0.523791361982223,0.06415782825751348,2.69321083695176,1.1648655532640355,0.017953346038640062,0.019954240753914245,89,49798,0.01155485329468705,0.013556609886643863,39,49877,0.07770517734207415,0.07958550222262953,1584,49798,0.018447011259742786,0.020444346212206557,94,49877,0.031358864188389506,0.03334466425395366,261,49829,0.010380813236558642,0.012383132582632765,32,49877,0.07157743533499003,0.07347616257637676,1342,49829,0.04707487374309739,0.04903305708768638,581,49877,0.88906,0.9715563589529626,0.29367,0.4082782971253054,0.30188,False,/data/suehara/part/march/datasets/20250711_ilc_nnqq_sgv_10m_3cat_parquet,val50k_tail,150000,proxy
46,46,5640000,,lr_6e-6,9.072e-06,validation_total_reference_mistag_geomean_percent,0.4152337811358308,min,1.009282789268262,1.009282789268262,0.569821111716425,0.302584599712347,0.4152337811358308,,0.17872204141063003,0.07819235165788403,3.182858720576854,0.18846362004519493,0.523791361982223,0.06415782825751348,2.69321083695176,1.1648655532640355,0.017953346038640062,0.019954240753914245,89,49798,0.01155485329468705,0.013556609886643863,39,49877,0.07772921890775719,0.07960946313959466,1585,49798,0.018447011259742786,0.020444346212206557,94,49877,0.031358864188389506,0.03334466425395366,261,49829,0.010380813236558642,0.012383132582632765,32,49877,0.07157743533499003,0.07347616257637676,1342,49829,0.04707487374309739,0.04903305708768638,581,49877,0.88904,0.9715644438334117,0.29362,0.4082782971253054,0.30186,False,/data/suehara/part/march/datasets/20250711_ilc_nnqq_sgv_10m_3cat_parquet,val50k_tail,150000,proxy
46,46,5640000,,lr_9e-6,1.008e-05,validation_total_reference_mistag_geomean_percent,0.4199540669071848,min,1.0330103197596539,1.0330103197596539,0.5865956327059266,0.300652457125091,0.4199540669071848,,0.1745130617977977,0.0722050616700153,3.265600826067055,0.19856392615564653,0.5422448951899264,0.06618797271135815,2.7413490757891874,1.2034177386962448,0.01772051462061669,0.019719370757800468,87,49853,0.011069937791456392,0.013072697370975547,36,49858,0.07866973439126165,0.08054458492014402,1628,49853,0.018962562808212527,0.02096025373977809,99,49858,0.03193178866081371,0.03391828322265415,270,49793,0.010559876695524686,0.012562877639232112,33,49858,0.07223123920812417,0.07412940568659078,1365,49793,0.047863437042722744,0.04982082015484741,600,49858,0.88853,0.9714132159338105,0.29479,0.4082782971253054,0.30168,False,/data/suehara/part/march/datasets/20250711_ilc_nnqq_sgv_10m_3cat_parquet,val50k_tail,150000,proxy
47,47,5760000,,lr_14e-6,1.2095999999999999e-05,validation_total_reference_mistag_geomean_percent,0.4245335172142235,min,1.028420210403604,1.028420210403604,0.5797999470884838,0.31084636717080366,0.4245335172142235,,0.18460179463951723,0.07615841060966982,3.24859045867826,0.20442519917388963,0.5324385696238011,0.06613756613756613,2.746579374817497,1.168430309548632,0.018254518869444753,0.020253611858654826,92,49837,0.011389622429518848,0.013390698309451827,38,49896,0.07848124498711917,0.0803573800485291,1619,49837,0.019246854237900814,0.021242788855035076,102,49896,0.03164117811261264,0.03362894478589687,265,49771,0.010551836504030817,0.012553314045119933,33,49896,0.0723149079288412,0.07421370326222733,1367,49771,0.04713872303836811,0.04909601785228063,583,49896,0.8888,0.9715830242294451,0.29404,0.4082782971253054,0.30132,False,/data/suehara/part/march/datasets/20250711_ilc_nnqq_sgv_10m_3cat_parquet,val50k_tail,150000,proxy
47,47,5760000,,lr_3e-6,8.064000000000001e-06,validation_total_reference_mistag_geomean_percent,0.42288958873676447,min,1.013736835347743,1.013736835347743,0.5755863046844307,0.3107016320688826,0.42288958873676447,,0.17847475111682884,0.08021336441601204,3.182465361747093,0.2045440897756794,0.5344584884960045,0.0661760280731119,2.7245327784436975,1.1390298207135152,0.0179285232608545,0.019926659350418333,89,49867,0.011716053822444335,0.013718130770885916,40,49867,0.07767136172767836,0.07954902013155019,1587,49867,0.01925803731018499,0.021255127865760746,102,49867,0.03170298335037755,0.03369070879253701,266,49770,0.010557971332511996,0.012560611260793253,33,49867,0.07202886882082364,0.07392858822163513,1356,49770,0.046549481649732494,0.048509093833123615,568,49867,0.88921,0.9715959218389495,0.29393,0.4082782971253054,0.30187,False,/data/suehara/part/march/datasets/20250711_ilc_nnqq_sgv_10m_3cat_parquet,val50k_tail,150000,proxy
47,47,5760000,,lr_6e-6,9.072e-06,validation_total_reference_mistag_geomean_percent,0.4225270834351794,min,1.016440659688846,1.016440659688846,0.5839436755328027,0.3057300621902366,0.4225270834351794,,0.17234123100909346,0.07831639632914836,3.1602572193608673,0.2048274980916188,0.5340829096565705,0.06827583269720627,2.7567512769787124,1.15667291338755,0.01759614493862271,0.019593165449398015,86,49901,0.0115731783857547,0.013578105536972635,39,49798,0.07737912456863769,0.07925639372380264,1577,49901,0.01928469762664715,0.02128454390857601,102,49798,0.031680758910971205,0.03366710260757798,266,49805,0.010745294263235006,0.012750624658047317,34,49798,0.07242237891663394,0.07431946957518198,1373,49805,0.046943915364920825,0.04890553415410285,576,49798,0.88899,0.9715353185141714,0.29421,0.4082782971253054,0.30028,False,/data/suehara/part/march/datasets/20250711_ilc_nnqq_sgv_10m_3cat_parquet,val50k_tail,150000,proxy
47,47,5760000,,lr_9e-6,1.008e-05,validation_total_reference_mistag_geomean_percent,0.4254905811237348,min,1.0294707515086479,1.0294707515086479,0.5870426673925234,0.3083970632478073,0.4254905811237348,,0.18458698661744347,0.07413641081490233,3.234285119955367,0.2043760474365987,0.5326097936779081,0.06812535197821319,2.7454526450682626,1.1921936565204867,0.018253055006233008,0.02025198815552012,92,49841,0.011223970759365064,0.013224646532832918,37,49908,0.07830868093942137,0.08018523946330194,1612,49841,0.019242230557884567,0.021237687246981277,102,49908,0.031651328313220525,0.03363972730880066,265,49755,0.010721617259546443,0.012722533913831413,34,49908,0.07231175783817684,0.07421120905136483,1366,49755,0.0476143760210896,0.04957024796257148,595,49908,0.88874,0.9715668729071968,0.29413,0.4082782971253054,0.30083,False,/data/suehara/part/march/datasets/20250711_ilc_nnqq_sgv_10m_3cat_parquet,val50k_tail,150000,proxy
