generation,training_chunk,samples_seen,epoch_fraction,trial,LR,optimization_metric_name,optimization_metric_value,optimization_metric_mode,controller_objective_mistag_percent,validation_working_point_mistag_percent,ctag_score,btag_score,total_mistag_score,group_score_warning,btag_c_mistag_percent_at_0p80,btag_d_mistag_percent_at_0p80,btag_c_mistag_percent_at_0p90,btag_d_mistag_percent_at_0p90,ctag_b_mistag_percent_at_0p50,ctag_d_mistag_percent_at_0p50,ctag_b_mistag_percent_at_0p80,ctag_d_mistag_percent_at_0p80,btag_c_mistag_percent_at_0p80_err_low,btag_c_mistag_percent_at_0p80_err_high,btag_c_mistag_percent_at_0p80_passed,btag_c_mistag_percent_at_0p80_total,btag_d_mistag_percent_at_0p80_err_low,btag_d_mistag_percent_at_0p80_err_high,btag_d_mistag_percent_at_0p80_passed,btag_d_mistag_percent_at_0p80_total,btag_c_mistag_percent_at_0p90_err_low,btag_c_mistag_percent_at_0p90_err_high,btag_c_mistag_percent_at_0p90_passed,btag_c_mistag_percent_at_0p90_total,btag_d_mistag_percent_at_0p90_err_low,btag_d_mistag_percent_at_0p90_err_high,btag_d_mistag_percent_at_0p90_passed,btag_d_mistag_percent_at_0p90_total,ctag_b_mistag_percent_at_0p50_err_low,ctag_b_mistag_percent_at_0p50_err_high,ctag_b_mistag_percent_at_0p50_passed,ctag_b_mistag_percent_at_0p50_total,ctag_d_mistag_percent_at_0p50_err_low,ctag_d_mistag_percent_at_0p50_err_high,ctag_d_mistag_percent_at_0p50_passed,ctag_d_mistag_percent_at_0p50_total,ctag_b_mistag_percent_at_0p80_err_low,ctag_b_mistag_percent_at_0p80_err_high,ctag_b_mistag_percent_at_0p80_passed,ctag_b_mistag_percent_at_0p80_total,ctag_d_mistag_percent_at_0p80_err_low,ctag_d_mistag_percent_at_0p80_err_high,ctag_d_mistag_percent_at_0p80_passed,ctag_d_mistag_percent_at_0p80_total,validation_accuracy,validation_auc,validation_loss,best_so_far,training_loss,validation_shutdown_warning,validation_dataset,validation_suffix,validation_sample_count,evaluation_type
0,0,240000,,lr_14e-6,1.4e-05,validation_total_reference_mistag_geomean_percent,0.4442748312115146,min,1.0707953090948483,1.0707953090948483,0.5916538115132021,0.33360746065880026,0.4442748312115146,,0.210839144685918,0.08226984428584111,3.2951146591649714,0.21671080509175158,0.5695149103567576,0.06220402875873273,2.961878625390214,1.1678304550246015,0.01957844167242871,0.02157792606503244,105,49801,0.011880355005842178,0.013883594773681689,41,49836,0.07905775538415913,0.08093337826854466,1641,49801,0.019855206837724165,0.021853051378468557,108,49836,0.032721133688683006,0.03470358676842707,284,49867,0.010211423182898412,0.012215468208513314,31,49836,0.07498044666066732,0.07686695189059144,1477,49867,0.047154291966662425,0.04911396728885364,582,49836,0.8884,0.9710714712882195,0.29735,0.4442748312115146,0.30601,False,/data/suehara/part/march/datasets/20250711_ilc_nnqq_sgv_10m_3cat_parquet,val50k_tail,150000,proxy
0,0,240000,,lr_3e-6,3e-06,validation_total_reference_mistag_geomean_percent,0.43541752248039844,min,1.0879257521560666,1.0879257521560666,0.6083155586990063,0.31166130172379225,0.43541752248039844,,0.18450184501845018,0.07414829477929749,3.3090005043453794,0.20841683978553316,0.5950944840527372,0.06012023901024121,2.9935666819536384,1.2785571283032546,0.0182446423468551,0.020242656912381286,92,49864,0.011225769673440416,0.013226765713736497,37,49900,0.07917115546497641,0.08104385172562831,1650,49864,0.01944200138013002,0.02143761602377784,104,49900,0.03350680278440378,0.035493289003364015,296,49740,0.010017757790439232,0.012019316066206036,30,49900,0.0754685805539744,0.07735862833966323,1489,49740,0.04932653660470222,0.0512792607138695,638,49900,0.88761,0.9707874185716427,0.30341,0.43541752248039844,0.31455,False,/data/suehara/part/march/datasets/20250711_ilc_nnqq_sgv_10m_3cat_parquet,val50k_tail,150000,proxy
0,0,240000,,lr_6e-6,6e-06,validation_total_reference_mistag_geomean_percent,0.45017820732146097,min,1.0923654570182812,1.0923654570182812,0.6058228128642758,0.33452094249967923,0.45017820732146097,,0.2088311459214005,0.08226984428584111,3.3633861727856504,0.21671080509175158,0.6036055892094448,0.06220402875873273,3.010006563261992,1.191909506831437,0.01948061549582082,0.02148018052742732,104,49801,0.011880355005842178,0.013883594773681689,41,49836,0.07985493615412301,0.08172781731241516,1675,49801,0.019855206837724165,0.021853051378468557,108,49836,0.03370933817843118,0.03569042402142174,301,49867,0.010211423182898412,0.012215468208513314,31,49836,0.0755766879545778,0.07746126296790841,1501,49867,0.04764233649242611,0.04960104550528685,594,49836,0.88811,0.9708202190337079,0.30046,0.43541752248039844,0.31012,False,/data/suehara/part/march/datasets/20250711_ilc_nnqq_sgv_10m_3cat_parquet,val50k_tail,150000,proxy
0,0,240000,,lr_9e-6,9e-06,validation_total_reference_mistag_geomean_percent,0.4345841034545612,min,1.0771290511161586,1.0771290511161586,0.601152884822286,0.3141685713297989,0.4345841034545612,,0.1865072946049145,0.07615230796246189,3.3230386286888045,0.20641281946569642,0.5749899717172596,0.062124250472662255,2.9473261467823377,1.2404809892351327,0.018348508688466,0.020346442818623234,93,49864,0.011388709705673973,0.013389625426617082,38,49900,0.07933532871882698,0.08120746193189671,1657,49864,0.019343896585669214,0.021339591548669937,103,49900,0.0329225500893952,0.034909844677452444,286,49740,0.01019832946561321,0.012199807422027045,31,49900,0.07489335723524712,0.07678526426985882,1466,49740,0.04858094014942808,0.050535190326301584,619,49900,0.88778,0.9710510566372893,0.29846,0.4345841034545612,0.30679,False,/data/suehara/part/march/datasets/20250711_ilc_nnqq_sgv_10m_3cat_parquet,val50k_tail,150000,proxy
1,1,480000,,lr_14e-6,1.08e-05,validation_total_reference_mistag_geomean_percent,0.4390086825715999,min,1.0498961637336612,1.0498961637336612,0.5819078198743743,0.3312012947598112,0.4390086825715999,,0.20698524674248378,0.08021176218544153,3.2856396026459684,0.22058233521083223,0.5513894996882365,0.06416940723510066,2.8551951091016643,1.1349963470595625,0.019397493152208664,0.021398699460116553,103,49762,0.011715818955301056,0.013717855821528829,40,49868,0.07897696805732601,0.08085444169658867,1635,49762,0.020033778792864297,0.02203018608647879,110,49868,0.03218127874213116,0.03416418041625475,275,49874,0.010382686269196324,0.012385366515151323,32,49868,0.07363452383467306,0.07552504232723883,1424,49874,0.04646572160698168,0.04842545625614401,566,49868,0.88875,0.9713103984401288,0.29558,0.4345841034545612,0.30291,False,/data/suehara/part/march/datasets/20250711_ilc_nnqq_sgv_10m_3cat_parquet,val50k_tail,150000,proxy
1,1,480000,,lr_3e-6,7.2000000000000005e-06,validation_total_reference_mistag_geomean_percent,0.44521502312934386,min,1.0631909909566788,1.0631909909566788,0.5915205384897141,0.3350964234076361,0.44521502312934386,,0.20498392182385647,0.08213305313984476,3.3380224613369776,0.22436347101409235,0.5619668909783717,0.06610709122827008,2.886101257516806,1.1418497806152113,0.019299411663892502,0.02130077884209109,102,49760,0.011860608021358073,0.013860522562401738,41,49919,0.07959221598124941,0.08146765970191219,1661,49760,0.020202700460171703,0.02219691666735038,112,49919,0.032511592364480556,0.034496019495532625,280,49825,0.010546976017507032,0.0125475326243383,33,49919,0.07406163669325012,0.07595277379617814,1438,49825,0.04658385159909649,0.048541309539934865,570,49919,0.88857,0.9711736825166232,0.2965,0.4345841034545612,0.30455,False,/data/suehara/part/march/datasets/20250711_ilc_nnqq_sgv_10m_3cat_parquet,val50k_tail,150000,proxy
1,1,480000,,lr_6e-6,8.1e-06,validation_total_reference_mistag_geomean_percent,0.44483522094733297,min,1.0692260389911896,1.0692260389911896,0.588200377148673,0.33641320455197016,0.44483522094733297,,0.21259527065055722,0.08019889168499418,3.3453670614626208,0.22455689451959332,0.5465359481484694,0.06415911460421846,2.905481305130179,1.1749138257288845,0.019652540234192446,0.02164958821691452,106,49860,0.011713940357097292,0.013715656623382137,40,49876,0.07959882094784598,0.08147020872475846,1668,49860,0.020220100985428008,0.022216028691540407,112,49876,0.032068869953165435,0.03405618993441058,272,49768,0.010381021317923216,0.012383380757560552,32,49876,0.07434789068035165,0.07624041488482163,1446,49768,0.04727981098186177,0.049237630666839304,586,49876,0.88812,0.9711188637691107,0.297,0.4345841034545612,0.30335,False,/data/suehara/part/march/datasets/20250711_ilc_nnqq_sgv_10m_3cat_parquet,val50k_tail,150000,proxy
1,1,480000,,lr_9e-6,9e-06,validation_total_reference_mistag_geomean_percent,0.44055759026017893,min,1.0654415781400683,1.0654415781400683,0.5998671186214717,0.323556641647383,0.44055759026017893,,0.21093231659081674,0.07612026742075785,3.276481976468159,0.2083291610917572,0.5581881031561187,0.06610444534642296,2.9294837073283246,1.1978926477181897,0.0195870865408866,0.02158745085101693,105,49779,0.011383920304465153,0.013383995611142525,38,49921,0.07885582293021762,0.08073302332994928,1631,49779,0.01943383017856072,0.02142860886691165,104,49921,0.032406045175538495,0.03439146077247297,278,49804,0.010546553578111122,0.012547030143752611,33,49921,0.07462268996449306,0.07651288237185763,1459,49804,0.0477229509743252,0.04967808527702056,598,49921,0.88832,0.9710762527007603,0.2972,0.4345841034545612,0.3038,False,/data/suehara/part/march/datasets/20250711_ilc_nnqq_sgv_10m_3cat_parquet,val50k_tail,150000,proxy
2,2,720000,,lr_14e-6,1.08e-05,validation_total_reference_mistag_geomean_percent,0.44295049304070516,min,1.0690518863848237,1.0690518863848237,0.581628796678755,0.33733738839167504,0.44295049304070516,,0.20893603240497882,0.08218738844958187,3.3891836347360296,0.22250731273461202,0.5457244947326961,0.062141682124966374,2.8630471054384503,1.1786874404572738,0.019490390804579108,0.021490955883493937,104,49776,0.011868451365459073,0.013869686661738951,41,49886,0.08017372002179085,0.08204650530245217,1687,49776,0.02012151863163441,0.022117128417082188,111,49886,0.03202137679902414,0.03400577884186329,272,49842,0.01020119084615285,0.012203229786837308,31,49886,0.07375749222352651,0.07564890938424121,1427,49842,0.047351717527582306,0.04930899347493165,588,49886,0.88774,0.9710242329758142,0.29746,0.4345841034545612,0.30229,False,/data/suehara/part/march/datasets/20250711_ilc_nnqq_sgv_10m_3cat_parquet,val50k_tail,150000,proxy
2,2,720000,,lr_3e-6,7.2000000000000005e-06,validation_total_reference_mistag_geomean_percent,0.44881413249216595,min,1.082092196687037,1.082092196687037,0.5898529796896608,0.34149886914308036,0.44881413249216595,,0.20893603240497882,0.08419195354314314,3.4132915560668917,0.22651645849314708,0.5537498393528928,0.062141682124966374,2.891135849217666,1.21677420229261,0.019490390804579108,0.021490955883493937,104,49776,0.012023415523779061,0.014024570455618467,42,49886,0.08045197104797966,0.08232378768835077,1699,49776,0.020310161905108322,0.0223056109616752,113,49886,0.032261835703604594,0.03424591572087797,276,49842,0.01020119084615285,0.012203229786837308,31,49886,0.0741126918576248,0.07600298192885942,1441,49842,0.048117330378638114,0.05007307940161892,607,49886,0.88762,0.9709181455170123,0.29823,0.4345841034545612,0.30285,False,/data/suehara/part/march/datasets/20250711_ilc_nnqq_sgv_10m_3cat_parquet,val50k_tail,150000,proxy
2,2,720000,,lr_6e-6,8.1e-06,validation_total_reference_mistag_geomean_percent,0.4487415450060326,min,1.08083780480537,1.08083780480537,0.5898358614990751,0.3413983234295375,0.4487415450060326,,0.20893603240497882,0.08419195354314314,3.4092735011972395,0.22651645849314708,0.5557562057223996,0.062141682124966374,2.885116891455599,1.214769713501486,0.019490390804579108,0.021490955883493937,104,49776,0.012023415523779061,0.014024570455618467,42,49886,0.08040567171459095,0.0822776497950109,1697,49776,0.020310161905108322,0.0223056109616752,113,49886,0.03232167353991898,0.03430567305080087,277,49842,0.01020119084615285,0.012203229786837308,31,49886,0.0740367366225965,0.07592726821300522,1438,49842,0.048077347048553626,0.05003317643597488,606,49886,0.88762,0.97094396558545,0.29803,0.4345841034545612,0.3027,False,/data/suehara/part/march/datasets/20250711_ilc_nnqq_sgv_10m_3cat_parquet,val50k_tail,150000,proxy
2,2,720000,,lr_9e-6,9e-06,validation_total_reference_mistag_geomean_percent,0.4433813304496082,min,1.0719283918457643,1.0719283918457643,0.591222695558421,0.33250923157742535,0.4433813304496082,,0.22059561084209117,0.07613247049866768,3.3329991569728503,0.21837998677510848,0.5570526326168358,0.06411155410414121,2.9441338517104163,1.1620218712460049,0.020034982920265038,0.022031509787944763,110,49865,0.01138574436319494,0.013386139744430705,38,49913,0.07945079378811268,0.08132248996997812,1662,49865,0.019920389774145647,0.021915085451463874,109,49913,0.03239688010107959,0.03438545561745858,277,49726,0.010373327859021661,0.012374204905377214,32,49913,0.07486386955954903,0.07675643762705721,1464,49726,0.04700022985949567,0.048957114824910684,580,49913,0.8884,0.9711646151938266,0.29684,0.4345841034545612,0.30435,False,/data/suehara/part/march/datasets/20250711_ilc_nnqq_sgv_10m_3cat_parquet,val50k_tail,150000,proxy
3,3,960000,,lr_14e-6,1.08e-05,validation_total_reference_mistag_geomean_percent,0.43964697002484043,min,1.058529355826462,1.058529355826462,0.598595736309014,0.32290483631550765,0.43964697002484043,,0.20104139294297346,0.07817040786307278,3.287026762013314,0.2104588031452955,0.5534167590632381,0.06814856520316957,2.89340726232596,1.1765648940546722,0.01910751084531839,0.02110980100677455,100,49741,0.011551611861853998,0.013552807628249496,39,49891,0.07900976505692825,0.08088797555112631,1635,49741,0.019543155620618098,0.02153904839700773,105,49891,0.03224247823989824,0.03422537813575887,276,49872,0.010725269613704923,0.012726867121767545,34,49891,0.07411930756147447,0.07600836949389414,1443,49872,0.04730635494547865,0.049263519825158,587,49891,0.88825,0.971245406633686,0.29624,0.4345841034545612,0.30332,False,/data/suehara/part/march/datasets/20250711_ilc_nnqq_sgv_10m_3cat_parquet,val50k_tail,150000,proxy
3,3,960000,,lr_3e-6,7.2000000000000005e-06,validation_total_reference_mistag_geomean_percent,0.4441996871299461,min,1.0617174277169428,1.0617174277169428,0.5954741866939548,0.33135502168753395,0.4441996871299461,,0.2084711509086067,0.08019728218146005,3.2994567508600148,0.2185376014324457,0.554885402058654,0.06816769285727897,2.929231979475352,1.1347915619617301,0.019447063187374644,0.021443195678362992,104,49887,0.011713705574681137,0.013715381773192621,40,49877,0.07904131086423558,0.08091352635604607,1646,49887,0.019934754201157832,0.021930883251941632,109,49877,0.0323278252941618,0.03431592825131605,276,49740,0.010728279303732916,0.012730437862916378,34,49877,0.07466692776656736,0.07655956233336633,1457,49740,0.04645738232531751,0.048416771571586394,566,49877,0.88832,0.9711267955726286,0.29687,0.4345841034545612,0.30481,False,/data/suehara/part/march/datasets/20250711_ilc_nnqq_sgv_10m_3cat_parquet,val50k_tail,150000,proxy
3,3,960000,,lr_6e-6,8.1e-06,validation_total_reference_mistag_geomean_percent,0.443627262701973,min,1.063454878216118,1.063454878216118,0.5901708876375168,0.33347146112249976,0.443627262701973,,0.20868447897724227,0.08028581436296754,3.3128661383778515,0.22279315082398723,0.5436745200103764,0.06623579977060033,2.918990508359149,1.1541086150467685,0.019466946525243396,0.021465113169097945,104,49836,0.011726632599045283,0.013730514909724649,40,49822,0.07923839253837911,0.08111198580438156,1651,49836,0.020147341190533817,0.022145502957444982,111,49822,0.03195842377351037,0.03394274882747503,271,49846,0.010567505029636869,0.012571951337589165,33,49822,0.074460124546653,0.07634914533062413,1455,49846,0.04688029023492673,0.048841067039747006,575,49822,0.88839,0.9712049995569658,0.29671,0.4345841034545612,0.30238,False,/data/suehara/part/march/datasets/20250711_ilc_nnqq_sgv_10m_3cat_parquet,val50k_tail,150000,proxy
3,3,960000,,lr_9e-6,9e-06,validation_total_reference_mistag_geomean_percent,0.44207718262858575,min,1.0637990442614145,1.0637990442614145,0.6000846399979298,0.3256744505266826,0.44207718262858575,,0.20506222331806798,0.07817040786307278,3.303110097705751,0.2124631749083895,0.5534167590632381,0.06814856520316957,2.9074431471776636,1.1825779788519633,0.01930677710571824,0.021308905599855526,102,49741,0.011551611861853998,0.013552807628249496,39,49891,0.07919874924463416,0.08107631306955576,1643,49741,0.01964034026400777,0.021636152692063947,106,49891,0.03224247823989824,0.03422537813575887,276,49872,0.010725269613704923,0.012726867121767545,34,49891,0.07429596655922216,0.07618446562468045,1450,49872,0.04742817877012584,0.049385102604804915,590,49891,0.88822,0.9711942425594278,0.29659,0.4345841034545612,0.3036,False,/data/suehara/part/march/datasets/20250711_ilc_nnqq_sgv_10m_3cat_parquet,val50k_tail,150000,proxy
4,4,1200000,,lr_14e-6,1.08e-05,validation_total_reference_mistag_geomean_percent,0.4463340410878211,min,1.0572581724243917,1.0572581724243917,0.589083547167565,0.33817626920943067,0.4463340410878211,,0.21246743172146276,0.0841852049846027,3.2571658045302914,0.22449387995894052,0.5570750770360131,0.06414111044297455,2.893974874666989,1.1645619960538591,0.019640733575001894,0.021636585835796678,106,49890,0.012022451851076367,0.014023446611355524,42,49890,0.07854137107182121,0.08041516932141765,1625,49890,0.020214432408240893,0.022209802559709085,112,49890,0.03239817983513643,0.034386834433253965,277,49724,0.010378108937719092,0.01237990721354266,32,49890,0.07423530375222226,0.07612996540167158,1439,49724,0.047062675189610964,0.04902036046204525,581,49890,0.88849,0.971251903794648,0.29616,0.4345841034545612,0.30383,False,/data/suehara/part/march/datasets/20250711_ilc_nnqq_sgv_10m_3cat_parquet,val50k_tail,150000,proxy
4,4,1200000,,lr_3e-6,7.2000000000000005e-06,validation_total_reference_mistag_geomean_percent,0.44016152160803323,min,1.0800927764612638,1.0800927764612638,0.6111115730437261,0.3170323941655029,0.44016152160803323,,0.19461108784319744,0.07230657989877079,3.3404891395937812,0.21491122385147304,0.5654361941284918,0.06828954935649688,2.967537688817657,1.2171607482002416,0.01876637461899406,0.02076482534209864,97,49843,0.011085497323750792,0.01309106857121917,36,49788,0.07955543289900058,0.08142765466547797,1665,49843,0.019777859388319136,0.021777702276363144,107,49788,0.03259900820650882,0.03458138635111441,282,49873,0.010747451904637509,0.012753184514343197,34,49788,0.07504636847616986,0.07693241982375046,1480,49873,0.04817143140301537,0.0501310144128516,606,49788,0.88795,0.9711499809462213,0.29697,0.4345841034545612,0.30506,False,/data/suehara/part/march/datasets/20250711_ilc_nnqq_sgv_10m_3cat_parquet,val50k_tail,150000,proxy
4,4,1200000,,lr_6e-6,8.1e-06,validation_total_reference_mistag_geomean_percent,0.43765351514927797,min,1.0700772727540224,1.0700772727540224,0.5916278030702758,0.32375185602926665,0.43765351514927797,,0.20651215354400454,0.0722238919491079,3.368353533209398,0.2186779009590916,0.5644497269736275,0.06419901695255291,2.9005885845534007,1.1656133738909968,0.019353196441658678,0.021349847717792685,103,49876,0.011072824115391079,0.013076105265570766,36,49845,0.07985317642211706,0.08172304215114182,1680,49876,0.01994753998317742,0.021944944874181936,109,49845,0.032598423175122807,0.03458442471329795,281,49783,0.010387475980379639,0.012391079117363427,32,49845,0.0742752224659124,0.0761673730141077,1444,49783,0.04710492790869613,0.04906433835681432,581,49845,0.88829,0.9711680986085368,0.2968,0.4345841034545612,0.30295,False,/data/suehara/part/march/datasets/20250711_ilc_nnqq_sgv_10m_3cat_parquet,val50k_tail,150000,proxy
4,4,1200000,,lr_9e-6,9e-06,validation_total_reference_mistag_geomean_percent,0.44633241114678013,min,1.0577667693189083,1.0577667693189083,0.5911144538308185,0.3370119271302991,0.44633241114678013,,0.21046302057210514,0.0841852049846027,3.243134841474007,0.22449387995894052,0.5610972355070715,0.06414111044297455,2.9080524111484514,1.1665664504631128,0.019543546989079456,0.02153947960142873,105,49890,0.012022451851076367,0.014023446611355524,42,49890,0.07837549832136886,0.08024985903184734,1618,49890,0.020214432408240893,0.022209802559709085,112,49890,0.03251780840771868,0.034506301227955546,279,49724,0.010378108937719092,0.01237990721354266,32,49890,0.07441273277535645,0.07630682820222306,1446,49724,0.04710353607652144,0.0490611409974015,582,49890,0.88846,0.9711962014498049,0.29656,0.4345841034545612,0.30411,False,/data/suehara/part/march/datasets/20250711_ilc_nnqq_sgv_10m_3cat_parquet,val50k_tail,150000,proxy
5,5,1440000,,lr_14e-6,1.08e-05,validation_total_reference_mistag_geomean_percent,0.4288228176212808,min,1.042582936140271,1.042582936140271,0.592402156167506,0.3104124571428101,0.4288228176212808,,0.206528709841596,0.06825801496327007,3.216233498866103,0.20477404488981021,0.5499689081603282,0.06825801496327007,2.892354718601593,1.1342875788361972,0.019354747287094215,0.021351558037860853,103,49872,0.010742490624236007,0.012747298380788738,34,49811,0.07807027797625751,0.07994639396856143,1604,49872,0.019279669026409985,0.021278995532236125,102,49811,0.03215534283368153,0.03414041092052586,274,49821,0.010742490624236007,0.012747298380788738,34,49811,0.07414348378305194,0.07603452169282765,1441,49821,0.046477087443085215,0.04843909307999366,565,49811,0.88859,0.9713139327218246,0.29561,0.4288228176212808,0.30212,False,/data/suehara/part/march/datasets/20250711_ilc_nnqq_sgv_10m_3cat_parquet,val50k_tail,150000,proxy
5,5,1440000,,lr_3e-6,7.2000000000000005e-06,validation_total_reference_mistag_geomean_percent,0.44002871485889516,min,1.0656870850492055,1.0656870850492055,0.5897830722084093,0.32829913068774935,0.44002871485889516,,0.20852967045400958,0.07419587548098934,3.284342286790221,0.2286035121558634,0.5666860934665424,0.06216411401985169,2.9278781706748003,1.173096957351367,0.019452517312875988,0.021449207786254948,104,49873,0.011232971099834156,0.013235249233459635,37,49868,0.07887481437773985,0.08074816152337655,1638,49873,0.02041121239698472,0.02240729800073557,114,49868,0.03267087986240673,0.034657589689105706,282,49763,0.010204872124170263,0.012207632792591173,31,49868,0.07463291784574819,0.07652473208325308,1457,49763,0.04724661950013757,0.04920482612244762,585,49868,0.88808,0.9709608696770236,0.29782,0.4288228176212808,0.3048,False,/data/suehara/part/march/datasets/20250711_ilc_nnqq_sgv_10m_3cat_parquet,val50k_tail,150000,proxy
5,5,1440000,,lr_6e-6,8.1e-06,validation_total_reference_mistag_geomean_percent,0.4297967111530602,min,1.0548301642302267,1.0548301642302267,0.5855540156863324,0.3154708326975935,0.4297967111530602,,0.2068023899913904,0.07421819933167381,3.2827370350990415,0.19657794323247976,0.5396729978219069,0.06418871482157543,2.9070117530685673,1.1674322804751778,0.019380372168693243,0.02137981793361439,103,49806,0.011236349950019996,0.013239229630626886,37,49853,0.07890833871067593,0.08078427032592594,1635,49806,0.018863796460739803,0.020861767418370446,98,49853,0.031837941055631785,0.033822466474471485,269,49845,0.010385809492734504,0.012389091527683705,32,49853,0.07431040998076739,0.07619994929239197,1449,49845,0.04713830146778845,0.0490973245250834,582,49853,0.88841,0.9711469134663732,0.29649,0.4288228176212808,0.3022,False,/data/suehara/part/march/datasets/20250711_ilc_nnqq_sgv_10m_3cat_parquet,val50k_tail,150000,proxy
5,5,1440000,,lr_9e-6,9e-06,validation_total_reference_mistag_geomean_percent,0.4472463763548242,min,1.0573093808789005,1.0573093808789005,0.6042050432606458,0.3310619853204886,0.4472463763548242,,0.20289680262923743,0.08016192866155902,3.2905441917710037,0.22445339146690785,0.5539276492864429,0.07214573226553188,2.874001504184747,1.1603438467657734,0.019192741795259913,0.021193428946570878,101,49779,0.011708542741581255,0.013709337854723839,40,49899,0.07902131549296781,0.08089795092063451,1638,49779,0.020210790000937864,0.022205801888879398,112,49899,0.032272169191135264,0.03425687918096852,276,49826,0.011060844618216695,0.013061961021648227,36,49899,0.07390795467096395,0.07579953949343674,1432,49826,0.04697241720524083,0.048929918451947815,579,49899,0.88848,0.9710919920740789,0.29695,0.4288228176212808,0.30206,False,/data/suehara/part/march/datasets/20250711_ilc_nnqq_sgv_10m_3cat_parquet,val50k_tail,150000,proxy
6,6,1680000,,lr_14e-6,1.296e-05,validation_total_reference_mistag_geomean_percent,0.41768478088404887,min,1.0351887606477028,1.0351887606477028,0.5606527152779819,0.3111740502240414,0.41768478088404887,,0.20858404040551926,0.07015293287986267,3.2290412687447887,0.1984325836378988,0.5446907652325121,0.05612234726510773,2.833999912432101,1.140486234583832,0.019457584598042657,0.021454793477315062,104,49860,0.010895142372886291,0.012896659532615502,35,49891,0.07823173089734972,0.08010778467422083,1610,49860,0.018950030885523675,0.020946405751913783,99,49891,0.03201801226622092,0.034006005562341096,271,49753,0.009649153473995314,0.011651233072058474,28,49891,0.07345294135002664,0.07534890951500645,1410,49753,0.046568550684319455,0.048527161834000486,569,49891,0.88869,0.9713944584380476,0.2948,0.41768478088404887,0.30121,False,/data/suehara/part/march/datasets/20250711_ilc_nnqq_sgv_10m_3cat_parquet,val50k_tail,150000,proxy
6,6,1680000,,lr_3e-6,8.64e-06,validation_total_reference_mistag_geomean_percent,0.42846098507996055,min,1.0469107720683501,1.0469107720683501,0.5874027462407244,0.3125263150548116,0.42846098507996055,,0.2107333556791636,0.06816905993435067,3.279412256825828,0.20250220745204167,0.5481707469570861,0.06616408774527537,2.8472753454851,1.1528591164679547,0.019568627216355126,0.02156711264184471,105,49826,0.010728494346228759,0.012730692992527968,34,49876,0.07885356232264287,0.08072887440825974,1634,49826,0.019155447888963242,0.02115225995843535,101,49876,0.03210736140436682,0.03409325901068804,273,49802,0.010556066656960517,0.012558345699928777,33,49876,0.0735863703470254,0.07547994000307763,1418,49802,0.046829811658617194,0.048788515706954354,575,49876,0.8887,0.971356339904356,0.29537,0.41768478088404887,0.3032,False,/data/suehara/part/march/datasets/20250711_ilc_nnqq_sgv_10m_3cat_parquet,val50k_tail,150000,proxy
6,6,1680000,,lr_6e-6,9.72e-06,validation_total_reference_mistag_geomean_percent,0.41786573389105286,min,1.0385966568794152,1.0385966568794152,0.5792297626185852,0.30145510957676336,0.41786573389105286,,0.19062908645687615,0.068249791905618,3.2266480083408577,0.19671999662848053,0.5576506312328431,0.06222775357809583,2.8805263500846485,1.1261216368079014,0.018565363617265886,0.020564294948995934,95,49835,0.010741197130397201,0.012745763761163318,34,49817,0.0782227003872947,0.08009979132805253,1608,49835,0.018877416754459198,0.020876825803590668,98,49817,0.0323749229452705,0.034358448484519445,278,49852,0.01021531685513362,0.012220125247538852,31,49817,0.07397142220166089,0.07586175873675327,1436,49852,0.04630508179324592,0.048267178962739694,561,49817,0.88884,0.9713914088809134,0.29477,0.41768478088404887,0.30205,False,/data/suehara/part/march/datasets/20250711_ilc_nnqq_sgv_10m_3cat_parquet,val50k_tail,150000,proxy
6,6,1680000,,lr_9e-6,1.08e-05,validation_total_reference_mistag_geomean_percent,0.4194838486148674,min,1.0249439474184676,1.0249439474184676,0.5704124771896978,0.30849027026142894,0.4194838486148674,,0.19667261482087325,0.07407110699685333,3.1688375080484454,0.19618833745112504,0.5490416987183945,0.0600576559361993,2.8135871841309834,1.1410954732448666,0.018872874471679214,0.020871803927012933,98,49829,0.011214087028651218,0.013213003165489305,37,49952,0.07753733695194595,0.07941697422170421,1579,49829,0.01882644179534425,0.020820468646952535,98,49952,0.03215824510007029,0.03414726281019149,273,49723,0.010007331684847368,0.012006808887203634,30,49952,0.07321372776120522,0.07511166086097629,1399,49723,0.046553243492527055,0.04850943849776697,570,49952,0.88907,0.971510537314051,0.29434,0.41768478088404887,0.30196,False,/data/suehara/part/march/datasets/20250711_ilc_nnqq_sgv_10m_3cat_parquet,val50k_tail,150000,proxy
7,7,1920000,,lr_14e-6,1.4e-05,validation_total_reference_mistag_geomean_percent,0.4197351498421823,min,1.0351510297925395,1.0351510297925395,0.5533247195090277,0.31839820236002453,0.4197351498421823,,0.20065010437871336,0.07417356505570351,3.280629314567429,0.21049254729321346,0.5343189622328232,0.056131345704475456,2.814213633923779,1.1105987651841793,0.019070353922419847,0.021068762794734838,100,49838,0.011229594281125592,0.01323127122899887,37,49883,0.07885850129584898,0.08073331302005105,1635,49838,0.019546287007269098,0.021542498515866135,105,49883,0.03169472491962666,0.033681936917689684,266,49783,0.009650700633685548,0.011653100948521861,28,49883,0.07317818252960788,0.0750738030628157,1401,49783,0.04595177526157332,0.047911898796125854,554,49883,0.88909,0.9717157066857592,0.29336,0.41768478088404887,0.3019,False,/data/suehara/part/march/datasets/20250711_ilc_nnqq_sgv_10m_3cat_parquet,val50k_tail,150000,proxy
7,7,1920000,,lr_3e-6,1.0368e-05,validation_total_reference_mistag_geomean_percent,0.42046533390683744,min,1.0460032880149017,1.0460032880149017,0.5638601317789674,0.3135371469864626,0.42046533390683744,,0.19262410963961163,0.07423160278190906,3.3027008118606145,0.20463847629268123,0.5359078103804172,0.058181524794867864,2.870217854685586,1.1295241136835272,0.01866651777383877,0.020665248723412726,96,49838,0.011238378236003349,0.013241619018324546,37,49844,0.07911774406048483,0.0809916700722238,1646,49838,0.019266915888171088,0.02126492417497887,102,49844,0.0317309666622894,0.033716559347118404,267,49822,0.009845217428186625,0.01184910220995562,29,49844,0.07386298393039677,0.07575487249688213,1430,49822,0.04636338379751439,0.04832428161614267,563,49844,0.88901,0.9717308807595635,0.2934,0.41768478088404887,0.30002,False,/data/suehara/part/march/datasets/20250711_ilc_nnqq_sgv_10m_3cat_parquet,val50k_tail,150000,proxy
7,7,1920000,,lr_6e-6,1.1664e-05,validation_total_reference_mistag_geomean_percent,0.41790113748897645,min,1.0380925781306443,1.0380925781306443,0.557835597061382,0.31306958830625425,0.41790113748897645,,0.18658588263242343,0.07611874673159556,3.278293877541322,0.20632185579860246,0.5368021023875309,0.056087495945946225,2.826755750420276,1.137774913587457,0.01835623315921322,0.0203550058949623,93,49843,0.011383692338217148,0.013383727642776472,38,49922,0.07882710689735006,0.08070182426182099,1634,49843,0.019335379565804233,0.021330198712806413,103,49922,0.031783786163556205,0.0337726562034838,267,49739,0.009643162912805951,0.011644000703143293,28,49922,0.0733706212160401,0.0752674143135644,1406,49739,0.0464984742957664,0.048455977854090955,568,49922,0.88921,0.9718207538581926,0.29304,0.41768478088404887,0.2992,False,/data/suehara/part/march/datasets/20250711_ilc_nnqq_sgv_10m_3cat_parquet,val50k_tail,150000,proxy
7,7,1920000,,lr_9e-6,1.296e-05,validation_total_reference_mistag_geomean_percent,0.4201985528077143,min,1.0338967487173354,1.0338967487173354,0.5539948946407751,0.31871561541408794,0.4201985528077143,,0.1986436002940129,0.0761782545118087,3.2705967001213385,0.2084878636369247,0.5363276548202546,0.056131345704475456,2.8122050885180987,1.112603482131769,0.018970165982937628,0.020968655374567404,99,49838,0.011392589792638696,0.013394186366404973,38,49883,0.07874034523849827,0.08061555955927308,1630,49838,0.019448621196832962,0.021444913079536998,104,49883,0.03175576358248975,0.03374289488322687,267,49783,0.009650700633685548,0.011653100948521861,28,49883,0.07315245327539285,0.07504815450592658,1400,49783,0.04599365838561763,0.04795370154606314,555,49883,0.88907,0.9717024840721523,0.29342,0.41768478088404887,0.30196,False,/data/suehara/part/march/datasets/20250711_ilc_nnqq_sgv_10m_3cat_parquet,val50k_tail,150000,proxy
8,8,2160000,,lr_14e-6,1.4e-05,validation_total_reference_mistag_geomean_percent,0.41315823505792626,min,1.0188183528889512,1.0188183528889512,0.5587305639843722,0.3055134946957281,0.41315823505792626,,0.1927594723209445,0.07017403194186246,3.180531281602059,0.20250220745204167,0.5418966498506386,0.058144197894686035,2.7997992514544285,1.104739730594949,0.018679625165630313,0.020679755296851916,96,49803,0.010898418151792386,0.012900536401422542,35,49876,0.07769749949762955,0.07957764842971282,1584,49803,0.019155447888963242,0.02115225995843535,101,49876,0.03191133151336434,0.03389656425778548,270,49825,0.009838902209201934,0.011841502838846451,29,49876,0.0729629531587922,0.0748575543992068,1395,49825,0.045832289006453135,0.047792922574847914,551,49876,0.88977,0.9719142450203995,0.29216,0.41315823505792626,0.30012,False,/data/suehara/part/march/datasets/20250711_ilc_nnqq_sgv_10m_3cat_parquet,val50k_tail,150000,proxy
8,8,2160000,,lr_3e-6,1.0368e-05,validation_total_reference_mistag_geomean_percent,0.42163936816361897,min,1.046689239655972,1.046689239655972,0.5783273627380225,0.30740332939416626,0.42163936816361897,,0.2066903511976125,0.06622516556291391,3.317079083999564,0.19666867228540005,0.5377099280734206,0.06421834236403773,2.847053625751204,1.1378687480136216,0.01936988106584778,0.021368248030339664,103,49833,0.010565808891978539,0.012569933827638536,33,49830,0.07929004183217653,0.08116357881319258,1653,49833,0.018872496046782497,0.020871385546351394,98,49830,0.031779752560664926,0.03376451601648399,268,49841,0.010390602086609104,0.012394807567439744,32,49830,0.07355512265379872,0.07544721953472062,1419,49841,0.04654243070529619,0.04850354451983868,567,49830,0.88899,0.9715717924426249,0.29417,0.41315823505792626,0.29896,False,/data/suehara/part/march/datasets/20250711_ilc_nnqq_sgv_10m_3cat_parquet,val50k_tail,150000,proxy
8,8,2160000,,lr_6e-6,1.1664e-05,validation_total_reference_mistag_geomean_percent,0.4162445181727584,min,1.0321073901817717,1.0321073901817717,0.5713190299691809,0.3032622577235316,0.4162445181727584,,0.20506222331806798,0.0641681204756462,3.270943579954066,0.19651487160234765,0.5311259706870916,0.0641681204756462,2.8139656182745463,1.1109106166667613,0.01930677710571824,0.021308905599855526,102,49741,0.010382478121081161,0.012385118260624958,32,49869,0.07882026942077347,0.0806991265842466,1627,49741,0.01885774930366277,0.020855081773325703,98,49869,0.031563365297595805,0.03354628438820241,265,49894,0.010382478121081161,0.012385118260624958,32,49869,0.07309460519070339,0.07498601853444219,1404,49894,0.04596460757883645,0.047925268874776834,554,49869,0.88941,0.9717298935115067,0.29308,0.41315823505792626,0.2989,False,/data/suehara/part/march/datasets/20250711_ilc_nnqq_sgv_10m_3cat_parquet,val50k_tail,150000,proxy
8,8,2160000,,lr_9e-6,1.296e-05,validation_total_reference_mistag_geomean_percent,0.4194988702977618,min,1.0290903977094503,1.0290903977094503,0.5629297229301335,0.31261327127141153,0.4194988702977618,,0.1966884101558399,0.07233709297250264,3.2433517191394796,0.20696446019527975,0.528930913241965,0.060280908148953004,2.798926059041128,1.1252436187804562,0.01887438832303919,0.020873477617406246,98,49825,0.011090173716318538,0.01309659000426084,36,49767,0.07842856746896748,0.08030536465392785,1616,49825,0.019395546062617848,0.021396552152701514,103,49767,0.0314908949688112,0.03347318692006988,264,49912,0.01004452366684277,0.012051424450115712,30,49767,0.0728889516426856,0.07478028551923324,1397,49912,0.04630960832605804,0.04827371202179246,560,49767,0.88925,0.9716876627201184,0.2934,0.41315823505792626,0.30019,False,/data/suehara/part/march/datasets/20250711_ilc_nnqq_sgv_10m_3cat_parquet,val50k_tail,150000,proxy
9,9,2400000,,lr_14e-6,1.4e-05,validation_total_reference_mistag_geomean_percent,0.41680366266601027,min,1.0253463656832587,1.0253463656832587,0.5544580837566788,0.3133244843951806,0.41680366266601027,,0.19499056109533663,0.0742688525208437,3.2505126975012204,0.20474116250842414,0.5266425133486793,0.05821072096237557,2.787400724155956,1.1060036933732345,0.018802936616905484,0.020805268795649735,97,49746,0.011244016207747275,0.013248260733911527,37,49819,0.07857490453674759,0.08045439425053702,1617,49746,0.019276575806454983,0.021275582584335012,102,49819,0.03141271050019828,0.03339402237429309,263,49939,0.009850156836704985,0.011855046008811923,29,49819,0.07272152655698957,0.07461229945932152,1392,49939,0.045884452600630614,0.0478472786249776,551,49819,0.88957,0.9718154251873724,0.29252,0.41315823505792626,0.30005,False,/data/suehara/part/march/datasets/20250711_ilc_nnqq_sgv_10m_3cat_parquet,val50k_tail,150000,proxy
9,9,2400000,,lr_3e-6,1.1200000000000001e-05,validation_total_reference_mistag_geomean_percent,0.419141795587249,min,1.0268269821841733,1.0268269821841733,0.5615227731418324,0.31286325900041295,0.419141795587249,,0.20438833634206505,0.07024586137229646,3.2281334668865846,0.20672353666825605,0.5364246286808902,0.05820371484925828,2.7544501964252164,1.1560461162488194,0.01924338626961102,0.021238962419258683,102,49905,0.010909570549392426,0.012913735207983836,35,49825,0.0781860995767776,0.08006049810787355,1611,49905,0.01937298835645515,0.021371674844137753,103,49825,0.03176149145348037,0.03374897815807626,267,49774,0.009848970926703622,0.011853618953316405,29,49825,0.07241482426381327,0.07431318890009572,1371,49774,0.046918616349602565,0.04887919732493411,576,49825,0.88948,0.9719260986077187,0.29255,0.41315823505792626,0.30003,False,/data/suehara/part/march/datasets/20250711_ilc_nnqq_sgv_10m_3cat_parquet,val50k_tail,150000,proxy
9,9,2400000,,lr_6e-6,1.26e-05,validation_total_reference_mistag_geomean_percent,0.41536081657551677,min,1.0171134896878078,1.0171134896878078,0.5439983187572178,0.31714180356369165,0.41536081657551677,,0.19847236604826365,0.07616756641464054,3.17956743672422,0.21046302057210514,0.5248024323362733,0.05411906034724459,2.7868818474318693,1.1064341876278454,0.01895382668831,0.020950600179179275,99,49881,0.011390991789625231,0.013392307956122142,38,49890,0.07762591996322045,0.07950316757276421,1586,49881,0.019543546989079456,0.02153947960142873,105,49890,0.0314192509911452,0.0334088435256264,261,49733,0.00945921041386001,0.011461410447455788,27,49890,0.072863362998693,0.07476198840788498,1386,49733,0.04586148984472068,0.04782150531223387,552,49890,0.88968,0.9719620312002082,0.29218,0.41315823505792626,0.30048,False,/data/suehara/part/march/datasets/20250711_ilc_nnqq_sgv_10m_3cat_parquet,val50k_tail,150000,proxy
9,9,2400000,,lr_9e-6,1.4e-05,validation_total_reference_mistag_geomean_percent,0.4169012853504965,min,1.0245417125877532,1.0245417125877532,0.5620186398188752,0.30925430121483105,0.4169012853504965,,0.20321114287663333,0.07011358109138054,3.1729105787610927,0.20232776962839621,0.5312431199249568,0.05809411175188141,2.806567357338215,1.151866039329469,0.019222449786577743,0.021226223758435143,101,49702,0.010889032851414866,0.012889428941799234,35,49919,0.07768405195281262,0.07956832813143869,1577,49702,0.019138961863944776,0.02113406091158146,101,49919,0.03157030858098814,0.033553660232464505,265,49883,0.009830428880664158,0.01183130652038923,29,49919,0.07300783958386625,0.07489996662389323,1400,49883,0.046789693430688076,0.04874675008040945,575,49919,0.8897,0.9718579998883149,0.29248,0.41315823505792626,0.30043,False,/data/suehara/part/march/datasets/20250711_ilc_nnqq_sgv_10m_3cat_parquet,val50k_tail,150000,proxy
10,10,2640000,,lr_14e-6,1.4e-05,validation_total_reference_mistag_geomean_percent,0.4110002516819699,min,1.0287316738242693,1.0287316738242693,0.5657613885444683,0.29857323299708627,0.4110002516819699,,0.18862246426315782,0.06612431597413984,3.2447076109908184,0.19636917188576908,0.5305146289797502,0.06011301275750468,2.7932398957308644,1.1501622900121509,0.018462545484599475,0.020461557345338787,94,49835,0.010549722698679109,0.012550799729407888,33,49906,0.07843684526608746,0.0803132114457622,1617,49835,0.018843780091376765,0.02083963761941713,98,49906,0.0315849555906262,0.033573119136989446,264,49763,0.01001655366965245,0.012017871600505318,30,49906,0.07292350120137216,0.07482072650651615,1390,49763,0.0467607103072332,0.0487183450155854,574,49906,0.88923,0.9718286495020507,0.29269,0.4110002516819699,0.29966,False,/data/suehara/part/march/datasets/20250711_ilc_nnqq_sgv_10m_3cat_parquet,val50k_tail,150000,proxy
10,10,2640000,,lr_3e-6,1.1200000000000001e-05,validation_total_reference_mistag_geomean_percent,0.4139151704692152,min,1.0244817351566948,1.0244817351566948,0.5744829715845108,0.2982260168165075,0.4139151704692152,,0.20667790124545385,0.062180322023022205,3.196484530349587,0.19255841187261763,0.5279746144236903,0.06418613980543576,2.7964588968738577,1.1493330646598936,0.019368716088835225,0.021366963258467313,103,49836,0.010207532477757774,0.012210814717691334,31,49855,0.07786278135610003,0.0797410451172001,1593,49836,0.01866015796126205,0.0206582100143985,96,49855,0.031491975536834374,0.03347824547600417,263,49813,0.01038539295436943,0.01238859472989073,32,49855,0.07292872754613294,0.0748239193092623,1393,49813,0.04676710025155028,0.04872677078003682,573,49855,0.88933,0.9718218104374493,0.29272,0.4110002516819699,0.29937,False,/data/suehara/part/march/datasets/20250711_ilc_nnqq_sgv_10m_3cat_parquet,val50k_tail,150000,proxy
10,10,2640000,,lr_6e-6,1.26e-05,validation_total_reference_mistag_geomean_percent,0.4169475716288127,min,1.0296810460396775,1.0296810460396775,0.5580525490208817,0.31152133932938775,0.4169475716288127,,0.20663229899683574,0.06814446660193275,3.239914184493452,0.2064376440253476,0.5305146289797502,0.05812322023357844,2.8073067251179546,1.1203751998685694,0.019364445705098342,0.02136225374976121,103,49847,0.010724624899812981,0.01272610222354209,34,49894,0.078370747653915,0.08024685445309487,1615,49847,0.01934622071165003,0.021342154667043818,103,49894,0.0315849555906262,0.033573119136989446,264,49763,0.00983535345759984,0.011837232474686585,29,49894,0.07310416724920603,0.07500082721892502,1397,49763,0.04615067954218278,0.048109979063360765,559,49894,0.88938,0.9718281454204157,0.2929,0.4110002516819699,0.29951,False,/data/suehara/part/march/datasets/20250711_ilc_nnqq_sgv_10m_3cat_parquet,val50k_tail,150000,proxy
10,10,2640000,,lr_9e-6,1.4e-05,validation_total_reference_mistag_geomean_percent,0.4055931448940614,min,1.0151701647921754,1.0151701647921754,0.5662404980012653,0.2905228427951253,0.4055931448940614,,0.18255863097071964,0.06419386547373067,3.1897606036871142,0.19057553719177456,0.5240122018978971,0.062187808395961434,2.768631526473434,1.1394411442467707,0.01814639034024314,0.02014516426780675,91,49847,0.010386642669712065,0.012390085242812422,32,49849,0.07777398949857205,0.07965210855379393,1590,49847,0.01856015383166949,0.020558525926428723,95,49849,0.03137205395860278,0.03335868239093932,261,49808,0.010208760801147293,0.012212283858030828,31,49849,0.07257386560020444,0.07447036496597663,1379,49808,0.0465661992782411,0.04852650254355065,568,49849,0.88957,0.9719417266782232,0.29188,0.4055931448940614,0.29927,False,/data/suehara/part/march/datasets/20250711_ilc_nnqq_sgv_10m_3cat_parquet,val50k_tail,150000,proxy
11,11,2880000,,lr_14e-6,1.4e-05,validation_total_reference_mistag_geomean_percent,0.4089799636728603,min,1.0278769787817046,1.0278769787817046,0.5633668118674784,0.2969017825728791,0.4089799636728603,,0.19442384255276227,0.062206527493736063,3.2671223751345546,0.196652891922168,0.5182908360049533,0.062206527493736063,2.810422053253544,1.111690776398182,0.018748334622936333,0.020744870185993372,97,49891,0.010211832903350163,0.012215958255987269,31,49834,0.0786580593695907,0.0805314209375102,1630,49891,0.018870982498941036,0.020869712191422772,98,49834,0.031204666183944595,0.03319268181891707,258,49779,0.010211832903350163,0.012215958255987269,31,49834,0.07313250850115235,0.07502843368936002,1399,49779,0.04599671974817015,0.04795872673869928,554,49834,0.88943,0.9718910217270315,0.29242,0.4055931448940614,0.29854,False,/data/suehara/part/march/datasets/20250711_ilc_nnqq_sgv_10m_3cat_parquet,val50k_tail,150000,proxy
11,11,2880000,,lr_3e-6,1.1200000000000001e-05,validation_total_reference_mistag_geomean_percent,0.4220646903921014,min,1.0296691940527751,1.0296691940527751,0.5708553553179873,0.3120555867896706,0.4220646903921014,,0.2026850699695855,0.07215585523802008,3.2349340895630174,0.20043292974553006,0.5162612119770773,0.0641385392447687,2.8022738115612396,1.1444720451229617,0.019172731147123645,0.021171339066711245,101,49831,0.011062396053525063,0.013063792808314285,36,49892,0.07832414271770338,0.08020105176902714,1612,49831,0.01904973117583383,0.0210459858434168,100,49892,0.031141301479831445,0.03312931878632118,257,49781,0.01037769301679705,0.012379411152036671,32,49892,0.07302654991700394,0.07492272628758165,1395,49781,0.04665018930568969,0.0486086014252398,571,49892,0.88915,0.971807672045269,0.29294,0.4055931448940614,0.29965,False,/data/suehara/part/march/datasets/20250711_ilc_nnqq_sgv_10m_3cat_parquet,val50k_tail,150000,proxy
11,11,2880000,,lr_6e-6,1.26e-05,validation_total_reference_mistag_geomean_percent,0.4163463894782605,min,1.02652631888337,1.02652631888337,0.5574195711314728,0.31097637221406155,0.4163463894782605,,0.19086652868141216,0.07428973140344475,3.284913531114758,0.2007830588313725,0.5327885345104066,0.06023491764941175,2.7901292620958302,1.0782049867803243,0.018588470725262658,0.020589882444872667,95,49773,0.011247175943515587,0.013251983005719073,37,49805,0.07895979953612478,0.0808368874331257,1635,49773,0.019082978707644874,0.021082706328657976,100,49805,0.03160416533491504,0.0335857469029234,266,49926,0.010036861689980033,0.012042233134537998,30,49805,0.07276594014781826,0.07465709605978949,1393,49926,0.04530417847630648,0.04726867251318989,537,49805,0.88947,0.971901016840591,0.29213,0.4055931448940614,0.29812,False,/data/suehara/part/march/datasets/20250711_ilc_nnqq_sgv_10m_3cat_parquet,val50k_tail,150000,proxy
11,11,2880000,,lr_9e-6,1.4e-05,validation_total_reference_mistag_geomean_percent,0.4172716765034903,min,1.030090358701251,1.030090358701251,0.5575094599758074,0.31230977142448674,0.4172716765034903,,0.2067816401529962,0.07017965889875848,3.3024834135068426,0.19850818385851252,0.5178539341522046,0.06015399334179298,2.761887503318766,1.1228745423801356,0.019378428514563065,0.021377674413760844,103,49811,0.01089929202554113,0.012901570626791136,35,49872,0.07913638349883179,0.08101133397714344,1645,49811,0.018957244211200482,0.020954376600230886,99,49872,0.031178422427378342,0.033164779702597125,258,49821,0.010023380850787461,0.012026061499867131,30,49872,0.07247735837727261,0.07437363361481979,1376,49821,0.046212628113581275,0.048172691692717484,560,49872,0.88934,0.9720085932244548,0.29197,0.4055931448940614,0.29684,False,/data/suehara/part/march/datasets/20250711_ilc_nnqq_sgv_10m_3cat_parquet,val50k_tail,150000,proxy
12,12,3120000,,lr_14e-6,1.4e-05,validation_total_reference_mistag_geomean_percent,0.4121556437299695,min,1.0153097277717924,1.0153097277717924,0.5462109265441988,0.31100123853842326,0.4121556437299695,,0.20054547782432638,0.07209660663661938,3.2307877269652594,0.2002683649873839,0.515018005512302,0.05807782258075951,2.772245439068056,1.0734383785996326,0.019060418880995272,0.02105778996356962,100,49864,0.011053315260992957,0.013053071074288231,36,49933,0.07824935314575815,0.08012518638580018,1611,49864,0.019034102928942732,0.021028725095818955,100,49933,0.03112522396506879,0.03311625084180831,256,49707,0.009827673271049607,0.011827990576921993,29,49933,0.07269331854454879,0.07459352594143508,1378,49707,0.045146075215391455,0.04710572441603746,536,49933,0.88992,0.9720614800031052,0.2916,0.4055931448940614,0.29825,False,/data/suehara/part/march/datasets/20250711_ilc_nnqq_sgv_10m_3cat_parquet,val50k_tail,150000,proxy
12,12,3120000,,lr_3e-6,1.1200000000000001e-05,validation_total_reference_mistag_geomean_percent,0.3966669665904262,min,1.0093626090518453,1.0093626090518453,0.5485814235678268,0.28682101803725435,0.3966669665904262,,0.1825659542352705,0.06226399706739006,3.2219881418535636,0.18478349011847053,0.5213450696432721,0.05824696542695623,2.765134062758957,1.078573191310883,0.0181471178847512,0.020145971716374243,91,49845,0.010221265556734029,0.012227240209795669,31,49788,0.0781595908392399,0.08003649216880154,1606,49845,0.01827247026787743,0.020273523372701267,92,49788,0.03127087828503462,0.03325510410031067,260,49871,0.00985628859081374,0.011862424606112688,29,49788,0.07248343810459974,0.07437768200715712,1379,49871,0.045319568449600674,0.04728471845662375,537,49788,0.88972,0.9721499186702447,0.29107,0.3966669665904262,0.29987,False,/data/suehara/part/march/datasets/20250711_ilc_nnqq_sgv_10m_3cat_parquet,val50k_tail,150000,proxy
12,12,3120000,,lr_6e-6,1.26e-05,validation_total_reference_mistag_geomean_percent,0.4058071108674491,min,0.9998431816188664,0.9998431816188664,0.5405181515282929,0.3046695300887895,0.4058071108674491,,0.1927594723209445,0.07214862334578673,3.1544284815492394,0.19640458769661437,0.5039755671513069,0.05611559648474696,2.708617672370548,1.1142954520317452,0.018679625165630313,0.020679755296851916,96,49803,0.01106128784104189,0.01306248433684652,36,49897,0.07738422575830385,0.07926542291322933,1571,49803,0.01884717610273045,0.02084339219982998,98,49897,0.030751840941635987,0.03273943352935654,251,49804,0.00964799342973326,0.011649832557628852,28,49897,0.0717968808340401,0.07369594246312561,1349,49804,0.046022654290079484,0.04798207969997047,556,49897,0.89007,0.9722034561426988,0.29078,0.3966669665904262,0.29885,False,/data/suehara/part/march/datasets/20250711_ilc_nnqq_sgv_10m_3cat_parquet,val50k_tail,150000,proxy
12,12,3120000,,lr_9e-6,1.4e-05,validation_total_reference_mistag_geomean_percent,0.4075523497966968,min,1.0098592099562191,1.0098592099562191,0.5557077167975446,0.2988961873374925,0.4075523497966968,,0.19461108784319744,0.06606738792920111,3.1639347358802334,0.19620011957142297,0.5109430265312873,0.06006126219417017,2.761908454467451,1.125147605232788,0.01876637461899406,0.02076482534209864,97,49843,0.010540642977780922,0.012539999638892579,33,49949,0.0774677505176069,0.07934705656226226,1577,49843,0.018827571581158525,0.020821717722334637,98,49949,0.03099708456043449,0.032988075125000606,254,49712,0.010007932600995752,0.012007529747642888,30,49949,0.07255601705439714,0.07445644919112197,1373,49712,0.0462249223869839,0.04818187343200494,562,49949,0.88984,0.9720302903337311,0.2916,0.3966669665904262,0.29732,False,/data/suehara/part/march/datasets/20250711_ilc_nnqq_sgv_10m_3cat_parquet,val50k_tail,150000,proxy
13,13,3360000,,lr_14e-6,1.3440000000000002e-05,validation_total_reference_mistag_geomean_percent,0.40368093545745154,min,0.9970081824895658,0.9970081824895658,0.5528586599937556,0.29475580187826617,0.40368093545745154,,0.19026638338838833,0.06429188515862014,3.1023432192041747,0.1989030226363877,0.5019979650759979,0.06027364322314779,2.7248448653091297,1.13314447592068,0.018530068804564065,0.02052521144649299,95,49930,0.010402498470123025,0.01240899616429433,32,49773,0.07665834325177659,0.0785368418486164,1549,49930,0.018994918463741756,0.020996007264332053,99,49773,0.030690726372368648,0.03267851810957413,250,49801,0.010043313103405994,0.012049972257087187,30,49773,0.0720108054037015,0.07390932976486728,1357,49801,0.04647079148663181,0.04843434095117439,564,49773,0.88959,0.9721911740797703,0.29104,0.3966669665904262,0.29756,False,/data/suehara/part/march/datasets/20250711_ilc_nnqq_sgv_10m_3cat_parquet,val50k_tail,150000,proxy
13,13,3360000,,lr_3e-6,8.96e-06,validation_total_reference_mistag_geomean_percent,0.3974600757218399,min,1.01001374275239,1.01001374275239,0.5560833898826802,0.2840842123087679,0.3974600757218399,,0.17478653085434598,0.0621616186909789,3.180311341590726,0.1884900718859994,0.513447923143264,0.06015640518481829,2.7918729556371193,1.10888309503187,0.017748262911874764,0.019750240309036923,87,49775,0.010204462962079433,0.012207143412833871,31,49870,0.07771645448935265,0.07959766987824246,1583,49775,0.01844959848163834,0.020447212723414425,94,49870,0.031030558557493693,0.03301557869695845,256,49859,0.010023782739516582,0.012026543606286555,30,49870,0.07283660038768236,0.07473022762065074,1392,49859,0.04592175781397874,0.04788246110462649,553,49870,0.88955,0.972109039303431,0.29112,0.3966669665904262,0.29781,False,/data/suehara/part/march/datasets/20250711_ilc_nnqq_sgv_10m_3cat_parquet,val50k_tail,150000,proxy
13,13,3360000,,lr_6e-6,1.0080000000000002e-05,validation_total_reference_mistag_geomean_percent,0.39704674415822594,min,1.0077560760173538,1.0077560760173538,0.5551906369111631,0.2839495239395993,0.39704674415822594,,0.17478653085434598,0.0621616186909789,3.1742843060167294,0.1884900718859994,0.5114422482544232,0.06015640518481829,2.7798391251243615,1.110888302127174,0.017748262911874764,0.019750240309036923,87,49775,0.010204462962079433,0.012207143412833871,31,49870,0.07764422279946497,0.07952568035815635,1580,49775,0.01844959848163834,0.020447212723414425,94,49870,0.030968295375781354,0.032953395966748344,255,49859,0.010023782739516582,0.012026543606286555,30,49870,0.07268175696021305,0.07457586690219446,1386,49859,0.045963690747080274,0.04792431362171251,554,49870,0.88952,0.9721180494946572,0.29108,0.3966669665904262,0.29778,False,/data/suehara/part/march/datasets/20250711_ilc_nnqq_sgv_10m_3cat_parquet,val50k_tail,150000,proxy
13,13,3360000,,lr_9e-6,1.1200000000000001e-05,validation_total_reference_mistag_geomean_percent,0.40477618295826195,min,0.9982630419619699,0.9982630419619699,0.5588862380089549,0.2931611965861918,0.40477618295826195,,0.19026638338838833,0.0622827620671521,3.1023432192041747,0.20091213668598104,0.508021910615399,0.0622827620671521,2.730868921646176,1.1291262400213364,0.018530068804564065,0.02052521144649299,95,49930,0.010224345190743424,0.012230923614669662,31,49773,0.07665834325177659,0.0785368418486164,1549,49930,0.01909523689722916,0.021096244968064504,100,49773,0.030879234455909784,0.03286678427610697,253,49801,0.010224345190743424,0.012230923614669662,31,49773,0.07208925393905816,0.07398753638321529,1360,49801,0.04638750020541614,0.04835121112946872,562,49773,0.88959,0.9721714405515155,0.29114,0.3966669665904262,0.29772,False,/data/suehara/part/march/datasets/20250711_ilc_nnqq_sgv_10m_3cat_parquet,val50k_tail,150000,proxy
14,14,3600000,,lr_14e-6,1.3440000000000002e-05,validation_total_reference_mistag_geomean_percent,0.3962176649915457,min,0.9837374874170067,0.9837374874170067,0.5473615884574186,0.286809380420317,0.3962176649915457,,0.18057060708600767,0.06815539163059778,3.047630385529708,0.18041134094054606,0.49622309080444915,0.06013711143952917,2.738267355230712,1.0985046166745043,0.01804315251427921,0.020042206720362072,90,49842,0.010726344309129403,0.012728142156492471,34,49886,0.07605800538116533,0.07794201595386664,1519,49842,0.01802725051813477,0.020024547956832162,90,49886,0.030516352799435462,0.03250537491489473,247,49776,0.010020568531765844,0.012022687836890752,30,49886,0.07220336483654312,0.07410230340503428,1363,49776,0.04569691870093297,0.04765740922590064,548,49886,0.89005,0.9721272527974228,0.29075,0.3962176649915457,0.29867,False,/data/suehara/part/march/datasets/20250711_ilc_nnqq_sgv_10m_3cat_parquet,val50k_tail,150000,proxy
14,14,3600000,,lr_3e-6,8.96e-06,validation_total_reference_mistag_geomean_percent,0.40413324422894364,min,0.9948792730590431,0.9948792730590431,0.555532009744237,0.29399508259875806,0.40413324422894364,,0.19243103800830116,0.06418356499588825,3.1089641261327845,0.19455643353737773,0.5064410576439131,0.06217783011213413,2.7170964679943275,1.113183666047618,0.018647824805728665,0.020644560316741355,96,49888,0.010384976449414794,0.012388097971938943,32,49857,0.0767704705976719,0.07865028522295765,1551,49888,0.018761109368286386,0.020759001123615773,97,49857,0.03084247598436193,0.03283176693911127,252,49759,0.010207123102310854,0.012210325082791837,31,49857,0.07193970646475756,0.07384014471215894,1352,49759,0.04601751702589408,0.0479785590369897,555,49857,0.88975,0.9721708658888675,0.29093,0.3962176649915457,0.29708,False,/data/suehara/part/march/datasets/20250711_ilc_nnqq_sgv_10m_3cat_parquet,val50k_tail,150000,proxy
14,14,3600000,,lr_6e-6,1.0080000000000002e-05,validation_total_reference_mistag_geomean_percent,0.41323956324856603,min,1.0133409327962215,1.0133409327962215,0.551722897724257,0.3095157684015725,0.41323956324856603,,0.19857587500676455,0.07231965286566625,3.181225642709663,0.20088792117846563,0.5153398855897644,0.058257499141818395,2.7631841632983822,1.1169368225792486,0.018963702895864416,0.02096151355576409,99,49855,0.011087501008994069,0.013093434329489628,36,49779,0.07766576228204099,0.07954392236090499,1586,49855,0.01909293728724272,0.0210937051488488,100,49779,0.031085856500512148,0.033070362931756844,257,49870,0.009858070207648041,0.01186456850020965,29,49779,0.07245896328756246,0.07435332336539827,1378,49870,0.04613117186271758,0.04809513582973556,556,49779,0.8896,0.9719986777558806,0.29178,0.3962176649915457,0.29902,False,/data/suehara/part/march/datasets/20250711_ilc_nnqq_sgv_10m_3cat_parquet,val50k_tail,150000,proxy
14,14,3600000,,lr_9e-6,1.1200000000000001e-05,validation_total_reference_mistag_geomean_percent,0.4050859903113313,min,1.006035215968617,1.006035215968617,0.5394547103683717,0.304186165015518,0.4050859903113313,,0.20884372354439565,0.06824020652658598,3.1507288999245384,0.19067117090067456,0.5132111783809791,0.054190750250165856,2.758510090548338,1.103885707673257,0.019481788015110253,0.021481472999601264,104,49798,0.010739688447894077,0.012743973838540396,34,49824,0.07734354671315412,0.0792250813244938,1569,49798,0.018569459072483484,0.020568830024315247,95,49824,0.03101628432208613,0.03300039870260127,256,49882,0.009471738143485774,0.011476587486127215,27,49824,0.07238993427262398,0.07428402604401675,1376,49882,0.04583778313014229,0.04780049720229142,550,49824,0.88971,0.9719520757442307,0.29202,0.3962176649915457,0.29848,False,/data/suehara/part/march/datasets/20250711_ilc_nnqq_sgv_10m_3cat_parquet,val50k_tail,150000,proxy
15,15,3840000,,lr_14e-6,1.4e-05,validation_total_reference_mistag_geomean_percent,0.39605540717145915,min,0.9867575756475171,0.9867575756475171,0.5376186145124705,0.29176795839183467,0.39605540717145915,,0.18478719978706162,0.06614949689399366,3.1132626480451733,0.1904303628567809,0.48364438322795433,0.058131378476502314,2.6951635024459053,1.1024916334467658,0.01827283699057862,0.020273930137785036,92,49787,0.010553739653222096,0.012555577790735547,33,49887,0.07689946479281402,0.07878292014357191,1550,49787,0.018546027712785358,0.020542883454741652,95,49887,0.03010072873660093,0.03208810027676935,241,49830,0.009836733223430932,0.011838892805819028,29,49887,0.07160232141888295,0.07350093218101428,1343,49830,0.04578019933051923,0.04774049071798389,550,49887,0.88999,0.9721690839645859,0.29076,0.39605540717145915,0.29741,False,/data/suehara/part/march/datasets/20250711_ilc_nnqq_sgv_10m_3cat_parquet,val50k_tail,150000,proxy
15,15,3840000,,lr_3e-6,1.0752000000000001e-05,validation_total_reference_mistag_geomean_percent,0.40193721318840087,min,1.0077867945052805,1.0077867945052805,0.5555241853110539,0.29081276318365795,0.40193721318840087,,0.19098549400827308,0.06416040100250626,3.164327919510885,0.18446115197925894,0.5312005337942864,0.05814536170077454,2.7462064765024,1.1228070175438596,0.01860004586261093,0.020602700085914576,95,49742,0.010381229407629857,0.012383628942436067,32,49875,0.07755013867089197,0.07943324471869281,1574,49742,0.01824062164169813,0.02023819718292509,92,49875,0.031567783397252414,0.03355097773203612,265,49887,0.009839099437158102,0.011841740171643269,29,49875,0.0722270399663702,0.07412143515453107,1370,49887,0.04620986321819086,0.04816981160949939,560,49875,0.88972,0.9720193219034452,0.29145,0.39605540717145915,0.29706,False,/data/suehara/part/march/datasets/20250711_ilc_nnqq_sgv_10m_3cat_parquet,val50k_tail,150000,proxy
15,15,3840000,,lr_6e-6,1.2096000000000002e-05,validation_total_reference_mistag_geomean_percent,0.4167794018779162,min,1.01008637289736,1.01008637289736,0.5612773382521596,0.30948170893668747,0.4167794018779162,,0.20703101800780663,0.07015855645344386,3.1195352589333027,0.20245755345295224,0.5073597197134829,0.062140437692605396,2.7794488899444523,1.1325595489808329,0.01940177812568694,0.021403425053872615,103,49751,0.010896015721365905,0.012897693136442021,35,49887,0.07700294345606151,0.07888750949217108,1552,49751,0.019151227830869165,0.021147601405513503,101,49887,0.03083907693391015,0.032824062606837644,253,49866,0.0102009864085809,0.012202985268531662,31,49887,0.07267169426782502,0.07456555397772902,1386,49866,0.046406662960452906,0.048365748929637443,565,49887,0.88967,0.9720676241471006,0.29162,0.39605540717145915,0.29791,False,/data/suehara/part/march/datasets/20250711_ilc_nnqq_sgv_10m_3cat_parquet,val50k_tail,150000,proxy
15,15,3840000,,lr_9e-6,1.3440000000000002e-05,validation_total_reference_mistag_geomean_percent,0.4018732909395235,min,1.007034956285632,1.007034956285632,0.5553475033300685,0.29081276318365795,0.4018732909395235,,0.19098549400827308,0.06416040100250626,3.164327919510885,0.18446115197925894,0.5332050221964002,0.05814536170077454,2.7421973207548866,1.1187969791320702,0.01860004586261093,0.020602700085914576,95,49742,0.010381229407629857,0.012383628942436067,32,49875,0.07755013867089197,0.07943324471869281,1574,49742,0.01824062164169813,0.02023819718292509,92,49875,0.03162881204145382,0.033611926015018806,266,49887,0.009839099437158102,0.011841740171643269,29,49875,0.07217504509140493,0.07406960100200324,1368,49887,0.04612643273003234,0.04808654192112686,558,49875,0.88976,0.9720355815904189,0.29137,0.39605540717145915,0.297,False,/data/suehara/part/march/datasets/20250711_ilc_nnqq_sgv_10m_3cat_parquet,val50k_tail,150000,proxy
16,16,4080000,,lr_14e-6,1.4e-05,validation_total_reference_mistag_geomean_percent,0.40251679326410206,min,0.9917473104749768,0.9917473104749768,0.5516742936851537,0.2936873635661593,0.40251679326410206,,0.19660554243071962,0.06815949154616795,3.1115838437029253,0.17841749432317872,0.5203415217623457,0.06014072724616476,2.7041686309259165,1.0945612318623943,0.018866443311677666,0.020864693736173494,98,49846,0.010726989229769645,0.012728907299963926,34,49883,0.07683415705509143,0.07871545046582024,1551,49846,0.017922777055096668,0.019920274549405766,89,49883,0.031269167356801596,0.033257260351943034,259,49775,0.010021171038694774,0.01202341060531708,30,49883,0.07175931711861198,0.07365966392191316,1346,49775,0.04561529534992132,0.04757606187732969,546,49883,0.89018,0.9722168091685713,0.29062,0.39605540717145915,0.29767,False,/data/suehara/part/march/datasets/20250711_ilc_nnqq_sgv_10m_3cat_parquet,val50k_tail,150000,proxy
16,16,4080000,,lr_3e-6,1.1200000000000001e-05,validation_total_reference_mistag_geomean_percent,0.40707532938957713,min,0.9974726517127361,0.9974726517127361,0.554579545471191,0.29880352629457185,0.40707532938957713,,0.19471264376012173,0.07009954186286965,3.135475871832352,0.186264494217547,0.5225290418382026,0.06008531939322629,2.691024511826818,1.1195897889707525,0.018776160786552944,0.020775650422897446,97,49817,0.010886852539666815,0.012886848552430736,35,49929,0.07714515971517823,0.07902658908441745,1562,49817,0.018324640761539127,0.020319983661776123,93,49929,0.03134172431000157,0.033330408606689274,260,49758,0.010011940553661152,0.012012337696815329,30,49929,0.0715991272080569,0.07350065157314227,1339,49758,0.04611850000234025,0.048076457550205905,559,49929,0.88992,0.972108806750354,0.29108,0.39605540717145915,0.29635,False,/data/suehara/part/march/datasets/20250711_ilc_nnqq_sgv_10m_3cat_parquet,val50k_tail,150000,proxy
16,16,4080000,,lr_6e-6,1.26e-05,validation_total_reference_mistag_geomean_percent,0.3973384052595807,min,0.9972547149520342,0.9972547149520342,0.5444086218692867,0.28999872880803396,0.3973384052595807,,0.1983014147614973,0.06421963113849365,3.1447799746288485,0.17660398216972392,0.5145625213563546,0.05819904228758611,2.757733534039353,1.0636376192344166,0.018937515515995117,0.02093257605007004,99,49924,0.01039081056059375,0.0123950562105581,32,49829,0.07717550374102371,0.0790525280748959,1570,49924,0.01783591769830967,0.019835652637678353,88,49829,0.031097761474282483,0.03308704582380192,256,49751,0.009848180478665147,0.011852667773839979,29,49829,0.07247388591820059,0.07437299616450607,1372,49751,0.04498306674816689,0.04694719929319094,530,49829,0.89013,0.9722058186298392,0.29069,0.39605540717145915,0.29769,False,/data/suehara/part/march/datasets/20250711_ilc_nnqq_sgv_10m_3cat_parquet,val50k_tail,150000,proxy
16,16,4080000,,lr_9e-6,1.4e-05,validation_total_reference_mistag_geomean_percent,0.40960276045820543,min,0.9991058175221142,0.9991058175221142,0.5602330726074638,0.2994725402306547,0.40960276045820543,,0.18683327183100712,0.07214284141696573,3.1018340701467166,0.1923809217399248,0.5318508337599328,0.0601190345141381,2.711435808197029,1.1362497585711993,0.018380552464343176,0.02038196540675096,93,49777,0.011060401430909703,0.013061437748378807,36,49901,0.07676845409316166,0.07865274698639034,1544,49777,0.01864297076491037,0.020639188114346896,96,49901,0.0316063363950579,0.03359193252402701,265,49826,0.010017557083537526,0.012019075297809887,30,49901,0.07181805556299957,0.07371616559183579,1351,49826,0.04647656661212456,0.048434955062505274,567,49901,0.88974,0.9721049721224739,0.29123,0.39605540717145915,0.29717,False,/data/suehara/part/march/datasets/20250711_ilc_nnqq_sgv_10m_3cat_parquet,val50k_tail,150000,proxy
17,17,4320000,,lr_14e-6,1.4e-05,validation_total_reference_mistag_geomean_percent,0.39468833380161433,min,1.0045830103146154,1.0045830103146154,0.5344456634944229,0.2914774905657367,0.39468833380161433,,0.18859595354397282,0.06600131986526127,3.186067953341723,0.18200363518491075,0.5195014384266817,0.052001040274716824,2.740470700598056,1.1020220412816017,0.018459954630523686,0.020458686811040787,94,49842,0.010530104795731826,0.012527464742930762,33,49999,0.07773369989466684,0.07961215552635889,1588,49842,0.01809126713197607,0.02008398698637316,91,49999,0.031277378989622795,0.033269989273140066,258,49663,0.009245351560302636,0.01124327151870181,26,49999,0.07231306090628234,0.07421623138095176,1361,49663,0.04572012856257947,0.04767604768096227,551,49999,0.88981,0.9722720166306532,0.2905,0.39468833380161433,0.29663,False,/data/suehara/part/march/datasets/20250711_ilc_nnqq_sgv_10m_3cat_parquet,val50k_tail,150000,proxy
17,17,4320000,,lr_3e-6,1.1200000000000001e-05,validation_total_reference_mistag_geomean_percent,0.40885358704669855,min,1.0071247108558161,1.0071247108558161,0.5564258448270499,0.30041964656208575,0.40885358704669855,,0.18393011643481375,0.07237053430868648,3.1707951650889337,0.19298809148983062,0.5267284381998676,0.06030878214247538,2.7542670051643556,1.0956095540175665,0.018188149933019943,0.020179995990334595,92,50019,0.01109530000867983,0.013102642634585935,36,49744,0.07741513134853217,0.07928755057692582,1586,50019,0.018701762201550315,0.020704255392863358,96,49744,0.03147588943360939,0.03346508454223447,262,49741,0.010049166864735793,0.012056994434101223,30,49744,0.07243615803673303,0.07433578945068506,1370,49741,0.0456997406631467,0.047665943918921184,545,49744,0.88984,0.9721302252753897,0.29125,0.39468833380161433,0.29713,False,/data/suehara/part/march/datasets/20250711_ilc_nnqq_sgv_10m_3cat_parquet,val50k_tail,150000,proxy
17,17,4320000,,lr_6e-6,1.26e-05,validation_total_reference_mistag_geomean_percent,0.4099023613938634,min,1.0062203664212195,1.0062203664212195,0.5586836466069688,0.3007425524206664,0.4099023613938634,,0.1932873009747772,0.06811443091357483,3.1328648329397293,0.1983331973504893,0.5168165689171299,0.06010096845315426,2.7323171569993168,1.1479284748215843,0.018730731953299454,0.02073631754992615,96,49667,0.010719899365245771,0.012720495778001113,34,49916,0.07722859736043822,0.07911581388294411,1556,49667,0.018940548026703394,0.020935927027854184,99,49916,0.031116114609344714,0.033098534521600574,258,49921,0.010014547444806347,0.012015464929045021,30,49916,0.07202250763594618,0.07391616906533803,1364,49921,0.04671026002871191,0.04866759205908594,573,49916,0.88979,0.972229452868601,0.29084,0.39468833380161433,0.29644,False,/data/suehara/part/march/datasets/20250711_ilc_nnqq_sgv_10m_3cat_parquet,val50k_tail,150000,proxy
17,17,4320000,,lr_9e-6,1.4e-05,validation_total_reference_mistag_geomean_percent,0.39907110447689514,min,0.9971371958698614,0.9971371958698614,0.5332921171531992,0.2986313528850809,0.39907110447689514,,0.19715136493386692,0.06799048365618161,3.1564335494121996,0.187973677260302,0.5141697965414047,0.053992441849046044,2.7335354551782207,1.0658507981276701,0.018918776171248514,0.020922552092551838,98,49708,0.010700396993287908,0.012697357860295879,34,50007,0.07748138546766377,0.0793660971467533,1569,49708,0.018399094381116244,0.020391256687799755,94,50007,0.031074082838096657,0.03306186473018176,256,49789,0.009437083420311026,0.01143460411935684,27,50007,0.07213252909341016,0.07403116193052985,1361,49789,0.04495186586040822,0.04690891870071812,533,50007,0.89048,0.9722346103631141,0.29038,0.39468833380161433,0.29656,False,/data/suehara/part/march/datasets/20250711_ilc_nnqq_sgv_10m_3cat_parquet,val50k_tail,150000,proxy
18,18,4560000,,lr_14e-6,1.4e-05,validation_total_reference_mistag_geomean_percent,0.4076759650364434,min,0.9952743221811517,0.9952743221811517,0.5435961120227828,0.3057411353623327,0.4076759650364434,,0.19889503030709155,0.07224708361488706,3.0919136145680763,0.19667261482087325,0.5130260521042084,0.05619217614491216,2.7194387837881013,1.113809222101064,0.01899415588580166,0.020995164603753107,99,49775,0.01107637858096136,0.013080302037311734,36,49829,0.0766493975675183,0.07853416478018037,1539,49775,0.018872874471679214,0.020871803927012933,98,49829,0.031005122338404,0.032988528440401885,256,49900,0.009661156953020054,0.011665724796598383,28,49829,0.07186985572447853,0.07376483021886808,1357,49900,0.04604323864250016,0.048005357477436984,555,49829,0.89025,0.9723094518434549,0.29033,0.39468833380161433,0.29749,False,/data/suehara/part/march/datasets/20250711_ilc_nnqq_sgv_10m_3cat_parquet,val50k_tail,150000,proxy
18,18,4560000,,lr_3e-6,1.1200000000000001e-05,validation_total_reference_mistag_geomean_percent,0.4074986858438895,min,1.0119251245342555,1.0119251245342555,0.5458695034928649,0.304203070334497,0.4074986858438895,,0.18691964098286143,0.07406518025179268,3.185673607356954,0.19417086823081825,0.5141181668474113,0.05604932450027361,2.7734265482718454,1.110977659832087,0.018389042521480554,0.020391377175499152,93,49754,0.01121318937076772,0.013211945694111557,37,49956,0.07779686960180145,0.07967866345111457,1585,49754,0.018723960673971064,0.0207179086344024,97,49956,0.03107096991223036,0.03305855428147034,256,49794,0.009636601166993506,0.011636078744774202,28,49956,0.07264585311395483,0.07454269309719597,1381,49794,0.045926802711860996,0.0478840468353935,555,49956,0.88964,0.9720529238121302,0.2914,0.39468833380161433,0.29754,False,/data/suehara/part/march/datasets/20250711_ilc_nnqq_sgv_10m_3cat_parquet,val50k_tail,150000,proxy
18,18,4560000,,lr_6e-6,1.26e-05,validation_total_reference_mistag_geomean_percent,0.40724129641497414,min,1.010418925552349,1.010418925552349,0.5455246519825022,0.30401096064686794,0.40724129641497414,,0.18691964098286143,0.07406518025179268,3.1776339873400845,0.19417086823081825,0.5141181668474113,0.05604932450027361,2.7714183527174954,1.108975883548056,0.018389042521480554,0.020391377175499152,93,49754,0.01121318937076772,0.013211945694111557,37,49956,0.07770057231357326,0.07958268932858337,1581,49754,0.018723960673971064,0.0207179086344024,97,49956,0.03107096991223036,0.03305855428147034,256,49794,0.009636601166993506,0.011636078744774202,28,49956,0.07261992728292213,0.07451684792783991,1380,49794,0.04588497980321793,0.047842304066132366,554,49956,0.88965,0.9720597153568663,0.29137,0.39468833380161433,0.29751,False,/data/suehara/part/march/datasets/20250711_ilc_nnqq_sgv_10m_3cat_parquet,val50k_tail,150000,proxy
18,18,4560000,,lr_9e-6,1.4e-05,validation_total_reference_mistag_geomean_percent,0.41114591123749467,min,1.0103009515226644,1.0103009515226644,0.5659387525286246,0.2986912622117355,0.41114591123749467,,0.18696473300126096,0.06816905993435067,3.1784004950246256,0.19648728607092947,0.5231928944886879,0.06415911460421846,2.7562843196269493,1.1087497094302938,0.018393475230809034,0.02039629111493149,93,49742,0.010728494346228759,0.012730692992527968,34,49876,0.07771902086247291,0.0796015610974074,1581,49742,0.018855104891425233,0.02085215815090455,98,49876,0.03132311922578908,0.03330667434516821,261,49886,0.010381021317923216,0.012383380757560552,32,49876,0.07235827777472108,0.07425230690742933,1375,49886,0.04591626255446013,0.04787673532951689,553,49876,0.88964,0.9720405916376883,0.29156,0.39468833380161433,0.29647,False,/data/suehara/part/march/datasets/20250711_ilc_nnqq_sgv_10m_3cat_parquet,val50k_tail,150000,proxy
19,19,4800000,,lr_14e-6,1.4e-05,validation_total_reference_mistag_geomean_percent,0.4016839150463101,min,1.0019082981874439,1.0019082981874439,0.5491698459673232,0.29380704128560614,0.4016839150463101,,0.17670681864632265,0.07005464210774852,3.1004014943295592,0.1941514483207452,0.528717596019451,0.05604371464472479,2.788331986202573,1.100858685228427,0.01784629625182488,0.019847191541987358,88,49800,0.010879881405734867,0.012878598244827743,35,49961,0.0767335448150594,0.07861702500194627,1544,49800,0.018722088379561103,0.020715837571422042,97,49961,0.03153618475992556,0.03352521991558223,263,49743,0.009635636957473905,0.01163491465996394,28,49961,0.07287480683961546,0.07477299226794319,1387,49743,0.045712745713543876,0.0476701990312748,550,49961,0.89012,0.9722646396937873,0.29041,0.39468833380161433,0.29712,False,/data/suehara/part/march/datasets/20250711_ilc_nnqq_sgv_10m_3cat_parquet,val50k_tail,150000,proxy
19,19,4800000,,lr_3e-6,1.1200000000000001e-05,validation_total_reference_mistag_geomean_percent,0.40939586644307924,min,1.0007889467578182,1.0007889467578182,0.5477826995926505,0.3059698226784384,0.40939586644307924,,0.1966884101558399,0.07425246072310404,3.1149021804457853,0.19265502709211318,0.5295993732987885,0.05619105066975864,2.736263465563521,1.1057596061136346,0.01887438832303919,0.020873477617406246,98,49825,0.011241534803413986,0.01324533755839146,37,49830,0.0768903488257866,0.07877230193630812,1552,49825,0.018669512127104028,0.020668562717014206,96,49830,0.031530597121791085,0.03351536745719108,264,49849,0.009660963111566358,0.011665490773079514,28,49830,0.07212512911578678,0.07402136728967557,1364,49849,0.04587437669831933,0.04783677923559208,551,49830,0.89004,0.9723582494994787,0.29008,0.39468833380161433,0.29748,False,/data/suehara/part/march/datasets/20250711_ilc_nnqq_sgv_10m_3cat_parquet,val50k_tail,150000,proxy
19,19,4800000,,lr_6e-6,1.26e-05,validation_total_reference_mistag_geomean_percent,0.4035052393460523,min,0.9865002868729924,0.9865002868729924,0.5383043905304574,0.3024617317708888,0.4035052393460523,,0.1967515932477841,0.07016136857834414,3.1179105013724353,0.19444724004549763,0.5119454058219572,0.058133709234375074,2.696245719746947,1.0464067569366002,0.018880446157869116,0.02088017506406948,98,49809,0.010896452448113162,0.012898210000486424,35,49885,0.07693897345111729,0.07882141029441,1553,49809,0.01875058772546584,0.020747362482767408,97,49885,0.030998688745337462,0.032985721915019216,255,49810,0.009837127513347192,0.011839367271695121,29,49885,0.07163068921852041,0.07353001885519496,1343,49810,0.04458852256809184,0.046551141068853705,522,49885,0.89048,0.9723591915955122,0.28987,0.39468833380161433,0.29574,False,/data/suehara/part/march/datasets/20250711_ilc_nnqq_sgv_10m_3cat_parquet,val50k_tail,150000,proxy
19,19,4800000,,lr_9e-6,1.4e-05,validation_total_reference_mistag_geomean_percent,0.40961167705725743,min,1.0007889226010573,1.0007889226010573,0.5484487386801624,0.3059205248341429,0.40961167705725743,,0.1966884101558399,0.07425246072310404,3.112895173958002,0.19265502709211318,0.5316054425962489,0.05619105066975864,2.734257373198324,1.1077664424150682,0.01887438832303919,0.020873477617406246,98,49825,0.011241534803413986,0.01324533755839146,37,49830,0.076866039909404,0.07874807358126297,1551,49825,0.018669512127104028,0.020668562717014206,96,49830,0.03159178896482576,0.03357647881644241,265,49849,0.009660963111566358,0.011665490773079514,28,49830,0.0720990557731796,0.07399537443085191,1363,49849,0.04591642126258403,0.047878743254685906,552,49830,0.89007,0.9723714076353268,0.29002,0.39468833380161433,0.29745,False,/data/suehara/part/march/datasets/20250711_ilc_nnqq_sgv_10m_3cat_parquet,val50k_tail,150000,proxy
20,20,5040000,,lr_14e-6,1.4e-05,validation_total_reference_mistag_geomean_percent,0.4088902640188251,min,1.0016012457329497,1.0016012457329497,0.5582846838370137,0.2994731054778399,0.4088902640188251,,0.1887209078784183,0.07014449920963281,3.158063712668053,0.19239632892209793,0.5221093421371302,0.06212798197439117,2.7169765013206373,1.102270691753237,0.018472175027365517,0.02047222638597258,94,49809,0.010893832612640946,0.012895109437456944,35,49897,0.07742333323926091,0.07930415782051933,1573,49809,0.018644464046760106,0.02064084080188242,96,49897,0.03131660939653391,0.03330371318088065,260,49798,0.010198942483445887,0.01220054062430738,31,49897,0.07191033459063786,0.0738092893252544,1353,49798,0.04577107234675342,0.0477309797307127,550,49897,0.88992,0.9722921603229673,0.29042,0.39468833380161433,0.29743,False,/data/suehara/part/march/datasets/20250711_ilc_nnqq_sgv_10m_3cat_parquet,val50k_tail,150000,proxy
20,20,5040000,,lr_3e-6,1.1200000000000001e-05,validation_total_reference_mistag_geomean_percent,0.40142565930707585,min,0.9912058965844655,0.9912058965844655,0.5454942383501605,0.2954065297508804,0.40142565930707585,,0.1926859544711221,0.06824705701228513,3.0368110703477775,0.19069030028368442,0.5073902407432598,0.05620345651257552,2.747528189928085,1.1300909033769346,0.018672507441189028,0.020671877773685024,96,49822,0.01074076603500302,0.012745252303395762,34,49819,0.07594034886221936,0.07782555003246865,1513,49822,0.018571321240414083,0.020570892083493865,95,49819,0.03084092805880744,0.03282603193136956,253,49863,0.009663095795467327,0.011668065548317097,28,49819,0.07226133259804167,0.07415658655972428,1370,49863,0.046386524906340786,0.0483483839617738,563,49819,0.89016,0.9723389724393967,0.2902,0.39468833380161433,0.29619,False,/data/suehara/part/march/datasets/20250711_ilc_nnqq_sgv_10m_3cat_parquet,val50k_tail,150000,proxy
20,20,5040000,,lr_6e-6,1.26e-05,validation_total_reference_mistag_geomean_percent,0.4133489044929959,min,0.9862424357384958,0.9862424357384958,0.5583357444226122,0.3060117833262624,0.4133489044929959,,0.1987113838433479,0.0741676219037485,3.0288433597487487,0.1964439614344438,0.520122113142115,0.062140437692605396,2.692987286220301,1.1165233219226567,0.018976633476922675,0.020975802061613598,99,49821,0.011228694138996811,0.013230210831635593,37,49887,0.07584318554663752,0.07772874440582153,1509,49821,0.018850950884582433,0.020847565542882758,98,49887,0.03125601189695035,0.03324327530245018,259,49796,0.0102009864085809,0.012202985268531662,31,49887,0.07159790812106097,0.07349790260311635,1341,49796,0.04607363291581068,0.04803336177474464,557,49887,0.89019,0.9722772779059449,0.29058,0.39468833380161433,0.29528,False,/data/suehara/part/march/datasets/20250711_ilc_nnqq_sgv_10m_3cat_parquet,val50k_tail,150000,proxy
20,20,5040000,,lr_9e-6,1.4e-05,validation_total_reference_mistag_geomean_percent,0.3992079632316848,min,0.9917021743124166,0.9917021743124166,0.5466266272267143,0.29154634986614447,0.3992079632316848,,0.18248175182481752,0.068249791905618,3.042030886110557,0.1906979575508488,0.5098456234192285,0.05620571235834764,2.7519619791190433,1.1321436922108719,0.018138754643498307,0.02013668996396498,91,49868,0.010741197130397201,0.012745763761163318,34,49817,0.07596978669589284,0.07785303957997987,1517,49868,0.018572066212165037,0.020571717022935688,95,49817,0.03093066499790017,0.03291742350286925,254,49819,0.00966348365734338,0.011668533811387733,28,49817,0.07235030298387499,0.07424705279909793,1371,49819,0.04642996756246617,0.048391822970321116,564,49817,0.88999,0.9722941712646525,0.29043,0.39468833380161433,0.29615,False,/data/suehara/part/march/datasets/20250711_ilc_nnqq_sgv_10m_3cat_parquet,val50k_tail,150000,proxy
21,21,5280000,,lr_14e-6,1.4e-05,validation_total_reference_mistag_geomean_percent,0.40123222866863695,min,0.9934537272748165,0.9934537272748165,0.5260036115535417,0.306057406805494,0.40123222866863695,,0.20255500690039532,0.07410968414184839,3.1045064870452723,0.18827864319864088,0.4948204897783584,0.05207707559757999,2.751684664730279,1.0795977668061576,0.019160437628749374,0.021157768167787486,101,49863,0.011219925309935323,0.013219880857741903,37,49926,0.07673544095190242,0.07861637684363314,1548,49863,0.018428921003942663,0.020424303115729615,94,49926,0.03049012371317732,0.03248164272207929,246,49715,0.009258867167568534,0.011259705308291186,26,49926,0.072421358177523,0.0743220869327637,1368,49715,0.04527994972221526,0.047239626938761284,539,49926,0.89025,0.9723982820158446,0.28996,0.39468833380161433,0.29662,False,/data/suehara/part/march/datasets/20250711_ilc_nnqq_sgv_10m_3cat_parquet,val50k_tail,150000,proxy
21,21,5280000,,lr_3e-6,1.1200000000000001e-05,validation_total_reference_mistag_geomean_percent,0.40814290723002916,min,1.0032324517493514,1.0032324517493514,0.5645593813483357,0.29506308499264705,0.40814290723002916,,0.19868745495607204,0.0681758961422779,3.100728613975114,0.18046561096927788,0.518009885945504,0.062160373460009376,2.7506726527038636,1.146959125842694,0.01897435032849283,0.020973279145278332,99,49827,0.010729569688033173,0.012731968793992191,34,49871,0.07671697326698326,0.07859941974203075,1545,49827,0.01803266850322542,0.020030564492908996,90,49871,0.031187790128660818,0.033174739357551275,258,49806,0.010204258393337712,0.01220689873766863,31,49871,0.07234290821588607,0.07424020487660776,1370,49806,0.04671097073068505,0.048670107755283305,572,49871,0.8898,0.9721912803408174,0.29093,0.39468833380161433,0.29559,False,/data/suehara/part/march/datasets/20250711_ilc_nnqq_sgv_10m_3cat_parquet,val50k_tail,150000,proxy
21,21,5280000,,lr_6e-6,1.26e-05,validation_total_reference_mistag_geomean_percent,0.4080058610664359,min,1.001226519397009,1.001226519397009,0.5627645329550687,0.29580539091623015,0.4080058610664359,,0.20069440705821062,0.0681758961422779,3.100728613975114,0.18046561096927788,0.518009885945504,0.062160373460009376,2.7446492249630485,1.1349281426626288,0.019074560327705957,0.021073408589621652,100,49827,0.010729569688033173,0.012731968793992191,34,49871,0.07671697326698326,0.07859941974203075,1545,49827,0.01803266850322542,0.020030564492908996,90,49871,0.031187790128660818,0.033174739357551275,258,49806,0.010204258393337712,0.01220689873766863,31,49871,0.07226477894153177,0.07416231747069263,1367,49806,0.046462941513810384,0.04842256101515261,566,49871,0.88982,0.9721959695669908,0.29089,0.39468833380161433,0.29664,False,/data/suehara/part/march/datasets/20250711_ilc_nnqq_sgv_10m_3cat_parquet,val50k_tail,150000,proxy
21,21,5280000,,lr_9e-6,1.4e-05,validation_total_reference_mistag_geomean_percent,0.4164611909822192,min,0.9946910693997819,0.9946910693997819,0.5645515034825701,0.3072171848350825,0.4164611909822192,,0.20480693783501916,0.07419439038965278,3.013874833781832,0.1945096147156781,0.5277733306317592,0.062162868688907545,2.7572645038167134,1.1229420753386938,0.019282763239231344,0.021282409575295105,102,49803,0.011232745915405674,0.013234983958746371,37,49869,0.07567235694993756,0.07755919838170373,1501,49803,0.018756598647244105,0.020754011536147535,97,49869,0.031479997269932225,0.033465517976357786,263,49832,0.010204667539023458,0.012207388097807857,31,49869,0.07240965144389953,0.07430569364852736,1374,49832,0.04621539333984296,0.048175572120339426,560,49869,0.8901,0.9723790200861574,0.29009,0.39468833380161433,0.29753,False,/data/suehara/part/march/datasets/20250711_ilc_nnqq_sgv_10m_3cat_parquet,val50k_tail,150000,proxy
22,22,5520000,,lr_14e-6,1.4e-05,validation_total_reference_mistag_geomean_percent,0.40914744711514606,min,0.9934275781996776,0.9934275781996776,0.5411486827769101,0.30934498929539667,0.40914744711514606,,0.20449488085683154,0.07611874673159556,3.0914815263388107,0.19029685798794987,0.5150594531517212,0.056087495945946225,2.7241816953870126,1.0896999691975526,0.019253408256232486,0.02125002033010561,102,49879,0.011383692338217148,0.013383727642776472,38,49922,0.07656516587577315,0.07844602067188476,1542,49879,0.01853303582385287,0.020528496959477494,95,49922,0.03112772296048616,0.03311890840016294,256,49703,0.009643162912805951,0.011644000703143293,28,49922,0.07207218569703008,0.07397448001382825,1354,49703,0.045495392646638204,0.047454822170829754,544,49922,0.89006,0.9721856199101669,0.29074,0.39468833380161433,0.29673,False,/data/suehara/part/march/datasets/20250711_ilc_nnqq_sgv_10m_3cat_parquet,val50k_tail,150000,proxy
22,22,5520000,,lr_3e-6,1.1200000000000001e-05,validation_total_reference_mistag_geomean_percent,0.3987448918451217,min,0.9973335281330901,0.9973335281330901,0.5417669068194425,0.2934795144760802,0.3987448918451217,,0.19048763975420305,0.07022049337782689,3.1059513237769183,0.17856068578463385,0.5201952287867607,0.0541700955548054,2.7455863545162553,1.1134964035133177,0.018551601242860084,0.020549055270154274,95,49872,0.01090563180373604,0.012909073722829772,35,49843,0.0767461196001299,0.07862665811856073,1549,49872,0.01793714948138082,0.019936244229774337,89,49843,0.0312603958201348,0.033247935678586485,259,49789,0.009468128275796201,0.01147221422017887,27,49843,0.07228911862609787,0.07418726739595073,1367,49789,0.046030374241069066,0.047991954516382954,555,49843,0.88992,0.9722016705843056,0.29073,0.39468833380161433,0.29843,False,/data/suehara/part/march/datasets/20250711_ilc_nnqq_sgv_10m_3cat_parquet,val50k_tail,150000,proxy
22,22,5520000,,lr_6e-6,1.26e-05,validation_total_reference_mistag_geomean_percent,0.40184238261125466,min,0.9734761015299876,0.9734761015299876,0.535626564472272,0.3014736593988502,0.40184238261125466,,0.19640853142365677,0.0741572152879372,3.0102613044702973,0.18839940766416702,0.5048879433196721,0.05611897167190761,2.6692682147996005,1.088307223602663,0.01884755351288553,0.0208438094589447,98,49896,0.011227119237461987,0.013228355545176505,37,49894,0.07555813355997858,0.07744160305339122,1502,49896,0.018440731026492893,0.020437388029930427,94,49894,0.03080738425890071,0.03279853831867638,251,49714,0.009648573416996353,0.01165053277275462,28,49894,0.07134408691335838,0.07324816945528008,1327,49714,0.04547848284238553,0.04743906778230788,543,49894,0.89018,0.9722175251257203,0.29038,0.39468833380161433,0.29674,False,/data/suehara/part/march/datasets/20250711_ilc_nnqq_sgv_10m_3cat_parquet,val50k_tail,150000,proxy
22,22,5520000,,lr_9e-6,1.4e-05,validation_total_reference_mistag_geomean_percent,0.4026828035324502,min,0.97686049554653,0.97686049554653,0.5397477801501597,0.30042446902818615,0.4026828035324502,,0.1888612006196086,0.07412155953860415,3.0257976070777697,0.1923153897268321,0.5078893499317012,0.05809527767372665,2.704059007703676,1.0637445721003218,0.018485895939002205,0.020487428448310294,94,49772,0.01122172292737755,0.013221998511449458,37,49918,0.07584256717029711,0.077730104685126,1506,49772,0.01863662698472833,0.020632167143896103,96,49918,0.030871194587095505,0.032858231048066025,253,49814,0.00983062576905515,0.011831543444639478,29,49918,0.0717301538966264,0.07362901732732574,1347,49814,0.04494608932150961,0.0469067157546894,531,49918,0.89056,0.9724578966024139,0.28939,0.39468833380161433,0.29607,False,/data/suehara/part/march/datasets/20250711_ilc_nnqq_sgv_10m_3cat_parquet,val50k_tail,150000,proxy
23,23,5760000,,lr_14e-6,1.4e-05,validation_total_reference_mistag_geomean_percent,0.3946326796282844,min,0.9880149583603265,0.9880149583603265,0.5307815574931971,0.2934068632039767,0.3946326796282844,,0.2005374388673845,0.06621852225510605,3.090281793232016,0.18059596447823761,0.49996986570786217,0.0541787905378647,2.7448144697491803,1.0675228220549602,0.019059655075789404,0.021056946373026457,100,49866,0.010564749082406646,0.012568673212709252,33,49835,0.07656044345054416,0.078441836678304,1541,49866,0.018045684964306582,0.02004501894108284,90,49835,0.03062640867657271,0.03261420203126992,249,49803,0.009469647884659548,0.011474055189017559,27,49835,0.07226907298927034,0.0741667191795612,1367,49803,0.04506341861478264,0.04702715876947743,532,49835,0.89017,0.9723301033444969,0.29005,0.3946326796282844,0.29555,False,/data/suehara/part/march/datasets/20250711_ilc_nnqq_sgv_10m_3cat_parquet,val50k_tail,150000,proxy
23,23,5760000,,lr_3e-6,1.1200000000000001e-05,validation_total_reference_mistag_geomean_percent,0.41088550833116544,min,1.009026289783642,1.009026289783642,0.557056071064019,0.30306985189854974,0.41088550833116544,,0.18908155573128077,0.07410968414184839,3.1640985664307832,0.1902816084184746,0.5154018940956693,0.06008893338182307,2.7474731891206168,1.1316748869486386,0.018507445462891105,0.020511304195810934,94,49714,0.011219925309935323,0.013219880857741903,37,49926,0.07756895628707149,0.07945313214368505,1573,49714,0.018531552195448952,0.020526854071516252,95,49926,0.031089588157236486,0.03307433088688061,257,49864,0.010012542023456509,0.012013059221300594,30,49926,0.0722599030884518,0.07415512125241823,1370,49864,0.04637060687278701,0.048328197960622286,565,49926,0.88975,0.9722204183458126,0.29075,0.3946326796282844,0.29652,False,/data/suehara/part/march/datasets/20250711_ilc_nnqq_sgv_10m_3cat_parquet,val50k_tail,150000,proxy
23,23,5760000,,lr_6e-6,1.26e-05,validation_total_reference_mistag_geomean_percent,0.4116181070409482,min,1.009543305051322,1.009543305051322,0.5574842198692904,0.3039179585813182,0.4116181070409482,,0.1911007292363704,0.07410523268699314,3.1662375570749575,0.19027018389339204,0.5174177274153786,0.06008531939322629,2.745522804961095,1.1316068857491626,0.018611261342450912,0.020615119458426027,95,49712,0.011219251351865859,0.013219086912473683,37,49929,0.07759620152053455,0.07948036713000609,1574,49712,0.018530439630020972,0.02052562207810187,95,49929,0.03115222277637929,0.033136924455965264,258,49863,0.010011940553661152,0.012012337696815329,30,49929,0.07223532833666203,0.07413066273694001,1369,49863,0.04636783564803213,0.048325311839429556,565,49929,0.88994,0.9722310834196053,0.29069,0.3946326796282844,0.29685,False,/data/suehara/part/march/datasets/20250711_ilc_nnqq_sgv_10m_3cat_parquet,val50k_tail,150000,proxy
23,23,5760000,,lr_9e-6,1.4e-05,validation_total_reference_mistag_geomean_percent,0.40258413094592244,min,0.9940321319352163,0.9940321319352163,0.5540053357270032,0.29254949733796193,0.40258413094592244,,0.1926163648434222,0.06830052095822163,3.0457462620930746,0.18280434178163718,0.5252185191460006,0.05825632669965962,2.766418008732858,1.1128967112268566,0.01866576933559638,0.020664420391057047,96,49840,0.010749178641742047,0.012755233139550518,34,49780,0.0760364209348486,0.07792058271376724,1518,49840,0.018170794880950678,0.020172249076764667,91,49780,0.03138587609425965,0.033369429526877104,262,49884,0.009857872218415827,0.01186433025148699,29,49780,0.07249069774446261,0.07438439652806585,1380,49884,0.04604635234542395,0.04801043917591445,554,49780,0.89004,0.9722643986989082,0.29047,0.3946326796282844,0.29645,False,/data/suehara/part/march/datasets/20250711_ilc_nnqq_sgv_10m_3cat_parquet,val50k_tail,150000,proxy
24,24,6000000,,lr_14e-6,1.4e-05,validation_total_reference_mistag_geomean_percent,0.40988368852935886,min,0.987014736287414,0.987014736287414,0.5647130043551765,0.2975044612515526,0.40988368852935886,,0.19431869261852266,0.0702345811002789,3.01093794328074,0.19063671662696813,0.5185617097217581,0.06421447635101238,2.727473817628905,1.119739952971127,0.018738202358656267,0.02073366225638503,97,49918,0.010907819644578886,0.012911663021249067,35,49833,0.07555002701139756,0.07743263932581783,1503,49918,0.018566108111115136,0.020565119359392783,95,49833,0.03122093447050266,0.03320997809735582,258,49753,0.01038997671484425,0.012394061697934045,32,49833,0.07207934378169675,0.07397959406428012,1357,49753,0.04616510222741812,0.04812682555159955,558,49833,0.89,0.9723486974112611,0.29023,0.3946326796282844,0.29461,False,/data/suehara/part/march/datasets/20250711_ilc_nnqq_sgv_10m_3cat_parquet,val50k_tail,150000,proxy
24,24,6000000,,lr_3e-6,1.1200000000000001e-05,validation_total_reference_mistag_geomean_percent,0.4004146561126771,min,0.9836500104374231,0.9836500104374231,0.5339874720246603,0.30025404195705385,0.4004146561126771,,0.18877396357229378,0.07211393931988773,3.0725974761811106,0.19430700863150538,0.4981119765391205,0.0560886211168455,2.7155138167034387,1.071693281435182,0.018477364327591242,0.020477975863727106,94,49795,0.011055971510402546,0.013056207320665555,36,49921,0.07639884993468106,0.07828363595563277,1530,49795,0.018737077227501613,0.020732417678402323,97,49921,0.03057237916647181,0.03256084601678576,248,49788,0.009643356040609907,0.011644233865215518,28,49921,0.07189836525929236,0.073797760154614,1352,49788,0.04511426058999325,0.04707445075563671,535,49921,0.89034,0.9724258391420575,0.28961,0.3946326796282844,0.29495,False,/data/suehara/part/march/datasets/20250711_ilc_nnqq_sgv_10m_3cat_parquet,val50k_tail,150000,proxy
24,24,6000000,,lr_6e-6,1.26e-05,validation_total_reference_mistag_geomean_percent,0.40359686049044524,min,0.9989933687358845,0.9989933687358845,0.5660678600550952,0.28775777127125685,0.40359686049044524,,0.19022445533678634,0.0622190100038021,3.1036622039525095,0.18665703001140632,0.514686664388106,0.06422607578676943,2.7342727737070733,1.1359987367006237,0.018525990703872657,0.020520695582937624,95,49941,0.010213881998893264,0.012218409083251783,31,49824,0.07666599103155793,0.07854402305584492,1550,49941,0.018363227572384174,0.02036275965335739,93,49824,0.03110524643727859,0.03309500571896783,256,49739,0.01039185305601241,0.012396299575800202,32,49824,0.07217790091771752,0.07407841266260894,1360,49739,0.04650653456121194,0.04846795960022944,566,49824,0.88984,0.9721702016591215,0.29115,0.3946326796282844,0.29471,False,/data/suehara/part/march/datasets/20250711_ilc_nnqq_sgv_10m_3cat_parquet,val50k_tail,150000,proxy
24,24,6000000,,lr_9e-6,1.4e-05,validation_total_reference_mistag_geomean_percent,0.4082016558844969,min,0.9907136752191216,0.9907136752191216,0.5582487491322188,0.2984844876515433,0.4082016558844969,,0.20107777392275075,0.07009673469181694,3.056382126115404,0.18425426729014424,0.4935695351554948,0.06408844205002905,2.732689995884453,1.1235505266428794,0.019110965736683486,0.021113616782191154,100,49732,0.010886416582088346,0.012886332598531025,35,49931,0.07624831685043819,0.07813614255133515,1520,49732,0.018220180042003244,0.020215523538322514,92,49931,0.030413217144404942,0.03239975181190741,246,49841,0.010369589216950331,0.012369745892346865,32,49931,0.07208438446169967,0.07398107039107461,1362,49841,0.046199924063925965,0.04815764454379097,561,49931,0.89038,0.9724573985704,0.2895,0.3946326796282844,0.29662,False,/data/suehara/part/march/datasets/20250711_ilc_nnqq_sgv_10m_3cat_parquet,val50k_tail,150000,proxy
25,25,6240000,,lr_14e-6,1.4e-05,validation_total_reference_mistag_geomean_percent,0.4118852373621278,min,1.0031153830104524,1.0031153830104524,0.5605529080029371,0.3026466303801022,0.4118852373621278,,0.1925352404475363,0.0722224465459562,3.1327089003892286,0.19259317946959528,0.5241279522884892,0.06219155225847878,2.7451453064899485,1.1033984861943864,0.018657914356084777,0.020655726908810706,96,49861,0.011072602037037423,0.013075843056752513,36,49846,0.07707814267002011,0.07895802278189562,1562,49861,0.01866352438093105,0.020661935792369426,96,49846,0.03137896731489984,0.03336602992948211,261,49797,0.010209375073706414,0.012213018560777906,31,49846,0.0722776626154241,0.07417552416448744,1367,49797,0.04581765804894354,0.04777952542442121,550,49846,0.88977,0.9721835003950848,0.29102,0.3946326796282844,0.29708,False,/data/suehara/part/march/datasets/20250711_ilc_nnqq_sgv_10m_3cat_parquet,val50k_tail,150000,proxy
25,25,6240000,,lr_3e-6,1.1200000000000001e-05,validation_total_reference_mistag_geomean_percent,0.40199973377646675,min,1.0045236910490396,1.0045236910490396,0.5416491090316324,0.29835512190773755,0.40199973377646675,,0.18059234155761114,0.07217755961609151,3.1583593528944047,0.19247349230957736,0.5342331126708851,0.05413316851968582,2.7695769143322733,1.0746435864917878,0.018045323142208584,0.02004461714694868,90,49836,0.011065722023735104,0.013067719796027909,36,49877,0.07740616174668827,0.0792859554975607,1574,49836,0.018651934045750097,0.020649108211323184,96,49877,0.03168964494657256,0.03367654111084244,266,49791,0.009461675375409729,0.011464396688710477,27,49877,0.07259830532823329,0.07449541422801,1379,49791,0.045196505501702254,0.04715830655133094,536,49877,0.89,0.9722132624896714,0.29059,0.3946326796282844,0.29485,False,/data/suehara/part/march/datasets/20250711_ilc_nnqq_sgv_10m_3cat_parquet,val50k_tail,150000,proxy
25,25,6240000,,lr_6e-6,1.26e-05,validation_total_reference_mistag_geomean_percent,0.4042444026270612,min,0.9893164492531729,0.9893164492531729,0.5473487951580213,0.2985546666054715,0.4042444026270612,,0.19082820302005665,0.07214718095370788,3.063294857905556,0.18838430904961012,0.5037834106465909,0.060122648147247056,2.7637837049107596,1.0721872793918557,0.018584739882624834,0.0205857511234105,95,49783,0.011061066225189245,0.01306222267400595,36,49898,0.07629429686325934,0.07817991092805947,1525,49783,0.018439253945952416,0.020435751498850067,94,49898,0.030740140724019958,0.03272698307336111,251,49823,0.010018159228371216,0.012019797631938162,30,49898,0.0725004409429339,0.07439656394411243,1377,49823,0.04513494997246646,0.04709602385122129,535,49898,0.89049,0.9724172413571219,0.28952,0.3946326796282844,0.29487,False,/data/suehara/part/march/datasets/20250711_ilc_nnqq_sgv_10m_3cat_parquet,val50k_tail,150000,proxy
25,25,6240000,,lr_9e-6,1.4e-05,validation_total_reference_mistag_geomean_percent,0.4049234673387911,min,0.9992385148736614,0.9992385148736614,0.5517772653886721,0.297154349565623,0.4049234673387911,,0.18057060708600767,0.07218189697056314,3.1078207909967284,0.19248506989508365,0.5282397403681042,0.0581465296806732,2.761709722336206,1.0927537616559249,0.01804315251427921,0.020042206720362072,90,49842,0.0110663874577846,0.013068505476897025,36,49874,0.07679160005214618,0.07867319543310436,1549,49842,0.018653055061903068,0.02065034889398897,96,49874,0.031507750309132075,0.033495006942666286,263,49788,0.009839296673021566,0.011841977513953744,29,49874,0.0724987614345491,0.07439630066414134,1375,49788,0.04558123817664274,0.047542431009146846,545,49874,0.8901,0.9723067367887966,0.29032,0.3946326796282844,0.29708,False,/data/suehara/part/march/datasets/20250711_ilc_nnqq_sgv_10m_3cat_parquet,val50k_tail,150000,proxy
26,26,6480000,,lr_14e-6,1.4e-05,validation_total_reference_mistag_geomean_percent,0.39198637008705056,min,1.0063043052546445,1.0063043052546445,0.5474609365057493,0.2806653481337632,0.39198637008705056,,0.18520756326012788,0.0620198468052246,3.1767121252478474,0.17005441762122475,0.5135818320426915,0.05601792683068595,2.752477759176676,1.1343629710526792,0.018314371682852815,0.020319999964554022,92,49674,0.010181194835029526,0.012179313476768034,31,49984,0.07775130659869005,0.0796364918160701,1578,49674,0.017459162270818427,0.019452958232910544,85,49984,0.031038632416792878,0.03302416487282683,256,49846,0.009631204077760084,0.011629562868367834,28,49984,0.07233763750356566,0.07423333924565269,1372,49846,0.046399806494646506,0.04835501853841344,567,49984,0.88989,0.9722739096391484,0.29023,0.39198637008705056,0.29764,False,/data/suehara/part/march/datasets/20250711_ilc_nnqq_sgv_10m_3cat_parquet,val50k_tail,150000,proxy
26,26,6480000,,lr_3e-6,1.1200000000000001e-05,validation_total_reference_mistag_geomean_percent,0.4006286149734195,min,0.9797771769625001,0.9797771769625001,0.5461985968451438,0.2938551802633534,0.4006286149734195,,0.19670025241838424,0.06821419289877928,3.010718010948859,0.18457958349725137,0.4976022671517357,0.06018899284976513,2.7327996737453515,1.087414442189875,0.01887552387094631,0.020874733061364368,98,49822,0.010735595588071287,0.012739118010326143,34,49843,0.07561916988295947,0.07750541847671572,1500,49822,0.018252323162665944,0.02025117640157613,92,49843,0.03054116569220673,0.032527618249215615,248,49839,0.010029211393340067,0.012033055828239382,30,49843,0.07208723813073234,0.07398399577058928,1362,49839,0.04548238446508094,0.04744501128148924,542,49843,0.89034,0.9725032783507772,0.28923,0.39198637008705056,0.29641,False,/data/suehara/part/march/datasets/20250711_ilc_nnqq_sgv_10m_3cat_parquet,val50k_tail,150000,proxy
26,26,6480000,,lr_6e-6,1.26e-05,validation_total_reference_mistag_geomean_percent,0.3917326268198404,min,1.0060589126838622,1.0060589126838622,0.5464928394795517,0.2807986488191016,0.3917326268198404,,0.18520756326012788,0.0620198468052246,3.1827514839470736,0.17005441762122475,0.5135818320426915,0.05601792683068595,2.752477759176676,1.1263604717871931,0.018314371682852815,0.020319999964554022,92,49674,0.010181194835029526,0.012179313476768034,31,49984,0.07782372827293133,0.07970867033473134,1581,49674,0.017459162270818427,0.019452958232910544,85,49984,0.031038632416792878,0.03302416487282683,256,49846,0.009631204077760084,0.011629562868367834,28,49984,0.07233763750356566,0.07423333924565269,1372,49846,0.046234219066065146,0.04818975130832445,563,49984,0.88994,0.972267791051635,0.29026,0.3917326268198404,0.29766,False,/data/suehara/part/march/datasets/20250711_ilc_nnqq_sgv_10m_3cat_parquet,val50k_tail,150000,proxy
26,26,6480000,,lr_9e-6,1.4e-05,validation_total_reference_mistag_geomean_percent,0.4123572590601499,min,1.0083183543170138,1.0083183543170138,0.5442496366571002,0.31242741868237733,0.4123572590601499,,0.19879917243049583,0.07617520147559696,3.1386172742481544,0.20046105798633418,0.5018065064861339,0.056129095824124085,2.7699719921578887,1.1245865339273837,0.018985009724119088,0.02098505795011616,99,49799,0.011392133174600307,0.01339364962398621,38,49885,0.07719683611070727,0.07907881935402816,1563,49799,0.01905240197830069,0.021048935632614948,100,49885,0.030679048592595695,0.03266608994048469,250,49820,0.00965031379725101,0.011652633923261383,28,49885,0.07258254701652082,0.07447853578034201,1380,49820,0.04624229860082322,0.04820178276274973,561,49885,0.88992,0.9723100622766521,0.29052,0.3917326268198404,0.29704,False,/data/suehara/part/march/datasets/20250711_ilc_nnqq_sgv_10m_3cat_parquet,val50k_tail,150000,proxy
27,27,6720000,,lr_14e-6,1.4e-05,validation_total_reference_mistag_geomean_percent,0.40972467105381605,min,0.995815402559505,0.995815402559505,0.5499953282132494,0.3052286036965535,0.40972467105381605,,0.19643608306881982,0.07423308936333708,3.1229330868127363,0.1905984831925153,0.5063087729490694,0.06018899284976513,2.7063408907167648,1.1094838215230314,0.018850195807252647,0.020846730740581385,98,49889,0.011238603646314512,0.013241884559086016,37,49843,0.07693873011863257,0.07881794707950453,1558,49889,0.01856238623885076,0.020560997968277615,95,49843,0.030834438847788474,0.03282321554326671,252,49772,0.010029211393340067,0.012033055828239382,30,49843,0.07178987505440347,0.07369024911606063,1347,49772,0.045946502767266195,0.047908244048902246,553,49843,0.89013,0.9722970494740011,0.29039,0.3917326268198404,0.29566,False,/data/suehara/part/march/datasets/20250711_ilc_nnqq_sgv_10m_3cat_parquet,val50k_tail,150000,proxy
27,27,6720000,,lr_3e-6,1.008e-05,validation_total_reference_mistag_geomean_percent,0.4043690690685928,min,0.9877764092416866,0.9877764092416866,0.548627603485563,0.2980425027478648,0.4043690690685928,,0.20077902359190292,0.07014871579126201,3.005661872441216,0.18639515591026456,0.5160228008756388,0.05611897167190761,2.7146415156941766,1.152443217957125,0.019082595892810503,0.021082283526170947,100,49806,0.01089448745339802,0.012895884438455607,35,49894,0.07556874214431145,0.07745579970776933,1497,49806,0.018337485000809933,0.020334222342919032,93,49894,0.031126954059005566,0.033114062870995886,257,49804,0.009648573416996353,0.01165053277275462,28,49894,0.07187557664530934,0.07377439638652956,1352,49804,0.04681300961360459,0.04877102371603822,575,49894,0.89016,0.9722195729067219,0.29051,0.3917326268198404,0.29799,False,/data/suehara/part/march/datasets/20250711_ilc_nnqq_sgv_10m_3cat_parquet,val50k_tail,150000,proxy
27,27,6720000,,lr_6e-6,1.134e-05,validation_total_reference_mistag_geomean_percent,0.3993773814957654,min,0.9868633863664187,0.9868633863664187,0.5382649580216508,0.29632672622169554,0.3993773814957654,,0.19869144270373165,0.07012201333037278,3.0024486293505435,0.18432072345883957,0.4943233074767004,0.05409412351077729,2.748919780354028,1.1419870707463569,0.018974730815078514,0.020973699589187534,99,49826,0.010890341457699343,0.012890977671495014,35,49913,0.07551406666858711,0.0774004957724516,1496,49826,0.018226745557846456,0.02022280595300415,92,49913,0.030459558731910953,0.032449096837460986,246,49765,0.009454852472860785,0.01145613090681617,27,49913,0.07234958243386123,0.0742485126302355,1368,49765,0.04658942103394799,0.04854710877456245,570,49913,0.89028,0.9723061110404104,0.29021,0.3917326268198404,0.29797,False,/data/suehara/part/march/datasets/20250711_ilc_nnqq_sgv_10m_3cat_parquet,val50k_tail,150000,proxy
27,27,6720000,,lr_9e-6,1.26e-05,validation_total_reference_mistag_geomean_percent,0.40397828089251825,min,0.9716231412323006,0.9716231412323006,0.5514753139543441,0.2959306560118942,0.40397828089251825,,0.19879518035742486,0.07210816294860418,2.967871643717733,0.18027040340454037,0.5142730870447377,0.062093139102275104,2.707969090327789,1.0696044229553012,0.01898462882519536,0.020984637050704004,99,49800,0.011055085952092997,0.013055161737766052,36,49925,0.07510482198644121,0.07699362456125187,1478,49800,0.01801317898170935,0.02000892186495222,90,49925,0.03108031056144678,0.03306848761700952,256,49779,0.010193223848044167,0.012193700828386677,31,49925,0.07180619086025498,0.07370623227351512,1348,49779,0.04506801499770587,0.04702813179429995,534,49925,0.89056,0.9725144990132569,0.28904,0.3917326268198404,0.29443,False,/data/suehara/part/march/datasets/20250711_ilc_nnqq_sgv_10m_3cat_parquet,val50k_tail,150000,proxy
28,28,6960000,,lr_14e-6,1.4e-05,validation_total_reference_mistag_geomean_percent,0.4060042981588209,min,0.9919327398152495,0.9919327398152495,0.5510947988305483,0.29911276693816496,0.4060042981588209,,0.1864773848367845,0.07010375304104552,3.087905123813518,0.19829347070578268,0.49088640065052036,0.062091896613353945,2.7320645730398723,1.107639315821119,0.018345567742695645,0.020343182589121656,93,49872,0.010887506541507313,0.012887622560753178,35,49926,0.0765269917717578,0.07840825397628162,1540,49872,0.018936757540038616,0.020931738473227303,99,49926,0.030368039812735288,0.03236007769826053,244,49706,0.010193019729670499,0.012193456691794951,31,49926,0.07217278862799992,0.07407465095968443,1358,49706,0.0458705198181494,0.047829073734620246,553,49926,0.89018,0.9724678366694907,0.28968,0.3917326268198404,0.297,False,/data/suehara/part/march/datasets/20250711_ilc_nnqq_sgv_10m_3cat_parquet,val50k_tail,150000,proxy
28,28,6960000,,lr_3e-6,1.008e-05,validation_total_reference_mistag_geomean_percent,0.41231415659109083,min,0.9941072793013335,0.9941072793013335,0.5598460768472858,0.30366018581888854,0.41231415659109083,,0.18864896071509746,0.07413938312630357,3.0645421493786604,0.19837293991627025,0.5183845537602497,0.06211677939360769,2.7285514708285517,1.1181019972919262,0.01846513706602916,0.02046442868527114,94,49828,0.011224420433830458,0.013225176264393792,37,49906,0.07627550108493808,0.07815936220899947,1527,49828,0.018944340031119767,0.020940117259118797,99,49906,0.03121029559498712,0.033198666953046345,258,49770,0.010197103650997675,0.012198341281809166,31,49906,0.07208123043046695,0.07398078835230311,1358,49770,0.046097932484270854,0.048056851993284744,558,49906,0.89007,0.9724335080875711,0.28993,0.3917326268198404,0.29493,False,/data/suehara/part/march/datasets/20250711_ilc_nnqq_sgv_10m_3cat_parquet,val50k_tail,150000,proxy
28,28,6960000,,lr_6e-6,1.134e-05,validation_total_reference_mistag_geomean_percent,0.40622864820772825,min,0.9930771059063821,0.9930771059063821,0.5585954766451054,0.29542257595029203,0.40622864820772825,,0.19289502538281433,0.06606077623670015,3.078283064323321,0.19417864648807937,0.5182596042829803,0.062057094193230126,2.7198586284418957,1.1130240079020357,0.01869275097802349,0.02069428225118734,96,49768,0.010539588210507213,0.01253874502059974,33,49954,0.07648869254420695,0.07837427259467095,1532,49768,0.018724709696592397,0.020718737175549354,97,49954,0.03120279016484524,0.03319068725373486,258,49782,0.010187307732358323,0.012186624834048835,31,49954,0.07195934816046183,0.07385879742694244,1354,49782,0.04597041744405991,0.0479276580012785,556,49954,0.89062,0.9724752307340668,0.28945,0.3917326268198404,0.29703,False,/data/suehara/part/march/datasets/20250711_ilc_nnqq_sgv_10m_3cat_parquet,val50k_tail,150000,proxy
28,28,6960000,,lr_9e-6,1.26e-05,validation_total_reference_mistag_geomean_percent,0.4100057582739557,min,1.0021662998354877,1.0021662998354877,0.5608869764026146,0.2997122930112979,0.4100057582739557,,0.19708396566042857,0.06805035726437564,3.1312216762184155,0.19214217770594857,0.5239280404790693,0.062045912460427934,2.726031844607533,1.1168264242877028,0.018912313695480864,0.0209154072899067,98,49725,0.01070981784342637,0.012708534905420435,34,49963,0.07716422997165323,0.0790493113488222,1557,49725,0.018619855446154465,0.020613605258610734,96,49963,0.03136702797615302,0.033353340758727514,261,49816,0.01018547309254641,0.012184430505324565,31,49963,0.07201556629067331,0.07391347135131503,1358,49816,0.04604562061213159,0.0480023564038385,558,49963,0.89038,0.9723908800850526,0.29006,0.3917326268198404,0.2957,False,/data/suehara/part/march/datasets/20250711_ilc_nnqq_sgv_10m_3cat_parquet,val50k_tail,150000,proxy
29,29,7200000,,lr_14e-6,1.4e-05,validation_total_reference_mistag_geomean_percent,0.4014006624522717,min,0.988400842715571,0.988400842715571,0.5503803558133203,0.29274753380146545,0.4014006624522717,,0.18470928636534537,0.06833346832641143,3.0477030210212033,0.19093174434864063,0.5266319757281288,0.05828442858065748,2.7392871462474253,1.091325671106755,0.018265138903751775,0.020265391497313254,92,49808,0.010754362183770847,0.012761382966080061,34,49756,0.07608453295157337,0.07796982664627916,1518,49808,0.018594816596633097,0.020596909498258046,95,49756,0.03141208300853401,0.0333933556318956,263,49940,0.009862626156025803,0.011870050862981265,29,49756,0.07209948352342212,0.07399214537862804,1368,49940,0.04560396660351039,0.047569867856831274,543,49756,0.89037,0.9725965807742605,0.28919,0.3917326268198404,0.29507,False,/data/suehara/part/march/datasets/20250711_ilc_nnqq_sgv_10m_3cat_parquet,val50k_tail,150000,proxy
29,29,7200000,,lr_3e-6,1.008e-05,validation_total_reference_mistag_geomean_percent,0.407439484673199,min,0.9915540530612157,0.9915540530612157,0.5525526827616525,0.30043639068235284,0.407439484673199,,0.19284466717522228,0.07407259385459691,3.0634176440067122,0.18618245289472576,0.5083179118384571,0.060058857974070734,2.7284415657272834,1.1190967310186561,0.018687873523494075,0.02068888414341252,96,49781,0.011214311465579071,0.013213267559783937,37,49951,0.07629731544751481,0.0781830003227773,1525,49781,0.018316576445199767,0.020311043835542122,93,49951,0.030897184647070246,0.03288588060954955,253,49772,0.010007531982211913,0.012007049164399604,30,49951,0.07207837297869626,0.0739778589773657,1358,49772,0.04609829582096596,0.048055410782738006,559,49951,0.89018,0.9723172026281292,0.29018,0.3917326268198404,0.29452,False,/data/suehara/part/march/datasets/20250711_ilc_nnqq_sgv_10m_3cat_parquet,val50k_tail,150000,proxy
29,29,7200000,,lr_6e-6,1.134e-05,validation_total_reference_mistag_geomean_percent,0.4090422563617465,min,0.9929353993551033,0.9929353993551033,0.5564037729917529,0.30070890172052933,0.4090422563617465,,0.19680690880659266,0.0722702901795068,3.046490639046689,0.18870575769093442,0.5150713543902492,0.060225241816255666,2.7336859658641726,1.1302270370464265,0.018885749954095,0.020886038856483824,98,49795,0.011079935329288157,0.013084501503821913,36,49813,0.07607947542405992,0.0779653100046896,1517,49795,0.018470692905484563,0.020470584270982608,94,49813,0.031069696334206937,0.033053179455500625,257,49896,0.010035250131454246,0.012040299906922734,30,49813,0.0720581069924224,0.07395266233374415,1364,49896,0.04639208221008228,0.048354172102515504,563,49813,0.8898,0.9723832876505482,0.29011,0.3917326268198404,0.29587,False,/data/suehara/part/march/datasets/20250711_ilc_nnqq_sgv_10m_3cat_parquet,val50k_tail,150000,proxy
29,29,7200000,,lr_9e-6,1.26e-05,validation_total_reference_mistag_geomean_percent,0.4089605070979194,min,0.9919317153887885,0.9919317153887885,0.5565486335511882,0.3005104788392312,0.4089605070979194,,0.19680690880659266,0.0722702901795068,3.0384576822927984,0.18870575769093442,0.5150713543902492,0.060225241816255666,2.7316819417883647,1.1322345461456065,0.018885749954095,0.020886038856483824,98,49795,0.011079935329288157,0.013084501503821913,36,49813,0.07598090465662857,0.07786706187100506,1513,49795,0.018470692905484563,0.020470584270982608,94,49813,0.031069696334206937,0.033053179455500625,257,49896,0.010035250131454246,0.012040299906922734,30,49813,0.07203205717386148,0.07392669284741506,1363,49896,0.0464336758642955,0.048395685156573005,564,49813,0.88986,0.9723886778294748,0.29008,0.3917326268198404,0.29585,False,/data/suehara/part/march/datasets/20250711_ilc_nnqq_sgv_10m_3cat_parquet,val50k_tail,150000,proxy
30,30,7440000,,lr_14e-6,1.4e-05,validation_total_reference_mistag_geomean_percent,0.39256355470902865,min,0.998186928829927,0.998186928829927,0.529178890772525,0.2912174827321924,0.39256355470902865,,0.18085362380591793,0.06618664650473184,3.1870429120865427,0.18853165097065494,0.5132214670916782,0.05214705571561522,2.7204748045473393,1.0770372699169353,0.01807141147264176,0.02007358755506401,90,49764,0.010559664954563019,0.012562625779017754,33,49859,0.07780553292773863,0.0796868936092529,1586,49764,0.018453665582625452,0.02045171886544616,94,49859,0.03101690466793816,0.03300105841209065,256,49881,0.009271306727744157,0.011274830712714292,26,49859,0.07189686388300795,0.07379251863903757,1357,49881,0.04525536193488028,0.047217775202227155,537,49859,0.89032,0.9725293813679468,0.28932,0.3917326268198404,0.29525,False,/data/suehara/part/march/datasets/20250711_ilc_nnqq_sgv_10m_3cat_parquet,val50k_tail,150000,proxy
30,30,7440000,,lr_3e-6,1.008e-05,validation_total_reference_mistag_geomean_percent,0.4034922847257535,min,0.9789189757746247,0.9789189757746247,0.5489769569480608,0.2965625820404184,0.4034922847257535,,0.18464995793420605,0.07210238750262836,2.990526607112585,0.19427588123748424,0.5105425207616289,0.06008531939322629,2.7376333732613305,1.081535758993909,0.018259278046881378,0.020258890692425344,92,49824,0.011054200535634474,0.013054116322320359,36,49929,0.0753680898474312,0.07725507322309429,1490,49824,0.01873407753821884,0.02072909953414368,97,49929,0.030972842549517425,0.03296228850137237,254,49751,0.010011940553661152,0.012012337696815329,30,49929,0.07221302357548615,0.07411294183346934,1362,49751,0.04531968465435916,0.047279166497707706,540,49929,0.89038,0.9724547355802923,0.28945,0.3917326268198404,0.29467,False,/data/suehara/part/march/datasets/20250711_ilc_nnqq_sgv_10m_3cat_parquet,val50k_tail,150000,proxy
30,30,7440000,,lr_6e-6,1.134e-05,validation_total_reference_mistag_geomean_percent,0.39108493078984136,min,0.9601277911499537,0.9601277911499537,0.5343849747575857,0.286212057440943,0.39108493078984136,,0.19262410963961163,0.06422607578676943,2.9375174669469897,0.18464995793420605,0.48352794787259434,0.05820488103915607,2.6784639620594533,1.0818079279208492,0.01866651777383877,0.020665248723412726,96,49838,0.01039185305601241,0.012396299575800202,32,49824,0.07469807769997713,0.07658665822699862,1464,49838,0.018259278046881378,0.020258890692425344,92,49824,0.03009349763838853,0.03208039537936262,241,49842,0.009849168558539886,0.011853856772039864,29,49824,0.07137463442414768,0.07327345817287612,1335,49842,0.04537217200758659,0.047335772290013796,539,49824,0.8905,0.9725393105907493,0.28899,0.39108493078984136,0.2961,False,/data/suehara/part/march/datasets/20250711_ilc_nnqq_sgv_10m_3cat_parquet,val50k_tail,150000,proxy
30,30,7440000,,lr_9e-6,1.26e-05,validation_total_reference_mistag_geomean_percent,0.4038313181897889,min,0.9799201524853627,0.9799201524853627,0.549164235061185,0.29695985852526074,0.4038313181897889,,0.18464995793420605,0.07210238750262836,3.0065833237756623,0.19427588123748424,0.5125525155945448,0.06008531939322629,2.7255732516526407,1.0835385827925093,0.018259278046881378,0.020258890692425344,92,49824,0.011054200535634474,0.013054116322320359,36,49929,0.07556663437622568,0.07745297323532296,1498,49824,0.01873407753821884,0.02072909953414368,97,49929,0.031035364099650173,0.033024729250337274,255,49751,0.010011940553661152,0.012012337696815329,30,49929,0.07205600675800027,0.0739564098229898,1356,49751,0.04536208580193813,0.04732148741920846,541,49929,0.89035,0.9724629374632098,0.2894,0.39108493078984136,0.29463,False,/data/suehara/part/march/datasets/20250711_ilc_nnqq_sgv_10m_3cat_parquet,val50k_tail,150000,proxy
31,31,7680000,,lr_14e-6,1.3607999999999999e-05,validation_total_reference_mistag_geomean_percent,0.40540646581763773,min,0.9854486214387489,0.9854486214387489,0.5560182975256601,0.2955917157009793,0.40540646581763773,,0.18674698245873192,0.07025009014942293,3.0200803360908495,0.1926859544711221,0.5051922580458165,0.062221509942567386,2.734453314829932,1.1119585255215487,0.01837207024314705,0.020372562322103237,93,49800,0.01091022728362379,0.012914512449498105,35,49822,0.07575110469109948,0.07763781056763751,1504,49800,0.018672507441189028,0.020671877773685024,96,49822,0.030766599610752062,0.0327510355005855,252,49882,0.010214291916686474,0.012218899366716749,31,49822,0.07207805800378969,0.07397311430313719,1364,49882,0.04600773996582732,0.04797020876246647,554,49822,0.89028,0.9725263766968472,0.28934,0.39108493078984136,0.29431,False,/data/suehara/part/march/datasets/20250711_ilc_nnqq_sgv_10m_3cat_parquet,val50k_tail,150000,proxy
31,31,7680000,,lr_3e-6,9.072e-06,validation_total_reference_mistag_geomean_percent,0.40690606202466834,min,0.9928104841201644,0.9928104841201644,0.5544782976866915,0.2986096011389433,0.40690606202466834,,0.18685204372273959,0.07214862334578673,3.033834246667769,0.19440047375623268,0.5096819426335615,0.060123857200848396,2.7731513452762995,1.112291340358078,0.01838239746199011,0.020384010704297132,93,49772,0.01106128784104189,0.01306248433684652,36,49897,0.07594143192770735,0.07782864651054051,1510,49772,0.018746082061814523,0.02074237848792536,97,49897,0.030920757556717436,0.0329068847759793,254,49835,0.010018359959402461,0.01202003842927532,30,49897,0.0726127996087348,0.07450809010557981,1382,49835,0.04598082166945676,0.04794032740835889,555,49897,0.89022,0.9723639167157364,0.29007,0.39108493078984136,0.29435,False,/data/suehara/part/march/datasets/20250711_ilc_nnqq_sgv_10m_3cat_parquet,val50k_tail,150000,proxy
31,31,7680000,,lr_6e-6,1.0206e-05,validation_total_reference_mistag_geomean_percent,0.41218251445306897,min,1.0115380443603283,1.0115380443603283,0.5530283136538771,0.30720746302907376,0.41218251445306897,,0.2080416134018213,0.07031077068827052,3.190638211015737,0.19084351809961603,0.5107067548402627,0.06026637561460006,2.760631306538818,1.1008658046835007,0.019407030237809778,0.02139906714011927,104,49990,0.010919649170488124,0.012925663201278836,35,49779,0.07767446895322709,0.07954718051620194,1595,49990,0.018586232039951918,0.020587403453033712,95,49779,0.030982783401395375,0.03297286275052887,254,49735,0.010042102831727621,0.012048520413994077,30,49779,0.0725229208930294,0.07442252555178268,1373,49735,0.045794631580650495,0.047759241230029524,548,49779,0.88988,0.9721613645070198,0.29131,0.39108493078984136,0.29514,False,/data/suehara/part/march/datasets/20250711_ilc_nnqq_sgv_10m_3cat_parquet,val50k_tail,150000,proxy
31,31,7680000,,lr_9e-6,1.134e-05,validation_total_reference_mistag_geomean_percent,0.4061058026605293,min,0.9947308146747761,0.9947308146747761,0.5591204612754997,0.2949667099972031,0.4061058026605293,,0.1825989161978635,0.070100945532712,3.043984286341493,0.19427975145852108,0.5146763168476075,0.062089407078753274,2.796542129593971,1.0935747643472868,0.018150392557111775,0.02014960603607433,91,49836,0.010887070531550073,0.012887106544874561,35,49928,0.07601783048018992,0.07790221420038226,1517,49836,0.01873445244685288,0.02072951424409064,97,49928,0.031104622552746534,0.03309434224809463,256,49740,0.01019261151744687,0.012192968447938247,31,49928,0.07298260684992508,0.07488057665276451,1391,49740,0.04557439551158889,0.04753343435684367,546,49928,0.8904,0.9723587442080531,0.29027,0.39108493078984136,0.29605,False,/data/suehara/part/march/datasets/20250711_ilc_nnqq_sgv_10m_3cat_parquet,val50k_tail,150000,proxy
32,32,7920000,,lr_14e-6,1.3607999999999999e-05,validation_total_reference_mistag_geomean_percent,0.39424337568636625,min,0.9691486407208596,0.9691486407208596,0.5414661023991653,0.28704998998811,0.39424337568636625,,0.19229613604951626,0.06423252172865775,2.9445346602070757,0.18667576650261516,0.49234356770287496,0.05821072096237557,2.7068847107129517,1.1080110419008098,0.018634761988573945,0.02063010306156295,96,49923,0.010392895760636236,0.012397543190514653,32,49819,0.07472285902277095,0.07660794296703646,1470,49923,0.01836506909343406,0.02036480109799956,93,49819,0.03039773203642772,0.03238746965050533,245,49762,0.009850156836704985,0.011855046008811923,29,49819,0.07180410903391693,0.07370484312263642,1347,49762,0.04592650629891108,0.04788925174251529,552,49819,0.8906,0.972686950465096,0.28854,0.39108493078984136,0.29504,False,/data/suehara/part/march/datasets/20250711_ilc_nnqq_sgv_10m_3cat_parquet,val50k_tail,150000,proxy
32,32,7920000,,lr_3e-6,9.072e-06,validation_total_reference_mistag_geomean_percent,0.4073729009175263,min,0.9997108906623419,0.9997108906623419,0.5658763116064738,0.29326670333811194,0.4073729009175263,,0.1926859544711221,0.06603037203665331,3.091003999708049,0.18808651474563148,0.5009556499535704,0.06603037203665331,2.776380641548717,1.1165136207983373,0.018672507441189028,0.020671877773685024,96,49822,0.010534738998689433,0.012532977008454842,33,49977,0.07660261320240787,0.07848563895460452,1540,49822,0.01841013001453876,0.02040348362933734,94,49977,0.030686654536469377,0.03267832734706513,249,49705,0.010534738998689433,0.012532977008454842,33,49977,0.07274817470752648,0.07464829217238775,1380,49705,0.04603279023792893,0.04798899042215976,558,49977,0.89014,0.9724998277247602,0.28959,0.39108493078984136,0.29609,False,/data/suehara/part/march/datasets/20250711_ilc_nnqq_sgv_10m_3cat_parquet,val50k_tail,150000,proxy
32,32,7920000,,lr_6e-6,1.0206e-05,validation_total_reference_mistag_geomean_percent,0.3927763881892525,min,0.9871071289918659,0.9871071289918659,0.5433924491437268,0.2839076828581201,0.3927763881892525,,0.18213842787322704,0.06618929897113292,3.088347128030617,0.17449906605083607,0.5031699569085483,0.058166355350278684,2.7352319397260656,1.0891148590242221,0.018104654420220134,0.020098844583933143,91,49962,0.01056008844497814,0.012563129509545433,33,49857,0.07646424380855707,0.07834209953604225,1543,49962,0.017719093969975792,0.019717790304873625,87,49857,0.03076221556343262,0.032754600944795,250,49685,0.009842650892980507,0.011846013789375179,29,49857,0.07222908983301884,0.07413162849737656,1359,49685,0.045512059237686614,0.04747406674426441,543,49857,0.89021,0.9724876760034539,0.2895,0.39108493078984136,0.29606,False,/data/suehara/part/march/datasets/20250711_ilc_nnqq_sgv_10m_3cat_parquet,val50k_tail,150000,proxy
32,32,7920000,,lr_9e-6,1.134e-05,validation_total_reference_mistag_geomean_percent,0.40759985240799224,min,0.9948791057241173,0.9948791057241173,0.5678723484387699,0.29256159441426055,0.40759985240799224,,0.19095092605488323,0.06604623091042618,3.0552148168781317,0.19013308619745664,0.5081545799160617,0.06604623091042618,2.7597010211601223,1.1227859537654301,0.018596683854052748,0.02059897719158049,95,49751,0.010537268465392791,0.012535985743847646,33,49965,0.07621963905396628,0.07810679072744464,1520,49751,0.01851709925728112,0.02051084968384461,95,49965,0.03088727851346786,0.032875341958188684,253,49788,0.010537268465392791,0.012535985743847646,33,49965,0.07247277116804798,0.07437039107875895,1374,49788,0.04616865363216427,0.048125072559028134,561,49965,0.89015,0.9723620946447652,0.2901,0.39108493078984136,0.29446,False,/data/suehara/part/march/datasets/20250711_ilc_nnqq_sgv_10m_3cat_parquet,val50k_tail,150000,proxy
33,33,8160000,,lr_14e-6,1.3607999999999999e-05,validation_total_reference_mistag_geomean_percent,0.4004996139753479,min,0.9744880806799558,0.9744880806799558,0.5475314012510661,0.2929511265069025,0.4004996139753479,,0.19639672425991017,0.06628902207832268,2.9960519554615224,0.18882326250962758,0.5057905126153196,0.06026274468406748,2.6834996871652588,1.0987907366656189,0.01884642132776273,0.02084255773171554,98,49899,0.01057599389295889,0.012582048609624107,33,49782,0.07538046659265225,0.07726439236319001,1495,49899,0.018482185574855182,0.020483317556879016,94,49782,0.030802948950958784,0.032789710732495245,252,49823,0.010041497805264869,0.012047794623633767,30,49782,0.0714542460488514,0.07335359176222078,1337,49823,0.04574964336622241,0.047714217990991147,547,49782,0.8907,0.9726204842235143,0.28891,0.39108493078984136,0.29562,False,/data/suehara/part/march/datasets/20250711_ilc_nnqq_sgv_10m_3cat_parquet,val50k_tail,150000,proxy
33,33,8160000,,lr_3e-6,9.072e-06,validation_total_reference_mistag_geomean_percent,0.4031151943177277,min,0.9928065225932633,0.9928065225932633,0.5589974589390967,0.2907023230449498,0.4031151943177277,,0.20275017043314955,0.062200283393966965,3.101475526887267,0.18258792755458442,0.5055165527436591,0.06420674572122234,2.7161485696298526,1.1075664043824045,0.019178883823930005,0.021178131046683743,101,49815,0.010210808663862809,0.012214733211016996,31,49839,0.07673516900822998,0.07861803895125238,1545,49815,0.018149300868350943,0.02014839445048794,91,49839,0.030786303853819977,0.03277200056804258,252,49850,0.010388726197120144,0.01239257022819071,32,49839,0.07186250466930076,0.07375951181277547,1354,49850,0.04590817316290664,0.04787014883049501,552,49839,0.89025,0.9723799528518896,0.29011,0.39108493078984136,0.29692,False,/data/suehara/part/march/datasets/20250711_ilc_nnqq_sgv_10m_3cat_parquet,val50k_tail,150000,proxy
33,33,8160000,,lr_6e-6,1.0206e-05,validation_total_reference_mistag_geomean_percent,0.41062014616177445,min,0.9950924395501428,0.9950924395501428,0.5579061298818364,0.30221733622039265,0.41062014616177445,,0.19869144270373165,0.07021626816305945,3.0726929162580294,0.1945993686685277,0.5137261197624017,0.06219155225847878,2.743217170975669,1.1054046776112458,0.018974730815078514,0.020973699589187534,99,49826,0.010904975622615467,0.012908297135801841,35,49846,0.07637653289788854,0.07826014246813916,1531,49826,0.01876524610220792,0.020763577020175034,97,49846,0.031047332042168606,0.0330334165195326,256,49832,0.010209375073706414,0.012213018560777906,31,49846,0.07222758521908679,0.07412419119465288,1367,49832,0.04585972873706445,0.04782151561907085,551,49846,0.89016,0.9723079270807862,0.29033,0.39108493078984136,0.29589,False,/data/suehara/part/march/datasets/20250711_ilc_nnqq_sgv_10m_3cat_parquet,val50k_tail,150000,proxy
33,33,8160000,,lr_9e-6,1.134e-05,validation_total_reference_mistag_geomean_percent,0.40485908089032013,min,0.9893491588947317,0.9893491588947317,0.5521688933119658,0.296849165834389,0.40485908089032013,,0.19623941136321293,0.06612033982561567,3.0477182571977326,0.1963573694536294,0.5074915324508141,0.06010940028252592,2.7207184729336547,1.1200384876506682,0.018831338513387863,0.020825882389555964,98,49939,0.010549088722209079,0.012550045631084378,33,49909,0.07598608143038026,0.07786642911895708,1522,49939,0.018842648359538357,0.0208383863931824,98,49909,0.030906303247735245,0.03289967813780888,252,49656,0.010015951717802778,0.012017149497842605,30,49909,0.07206062771722838,0.07396486202282115,1351,49656,0.04613688281389101,0.04809560697858709,559,49909,0.89012,0.9723701471372905,0.29014,0.39108493078984136,0.29588,False,/data/suehara/part/march/datasets/20250711_ilc_nnqq_sgv_10m_3cat_parquet,val50k_tail,150000,proxy
34,34,8400000,,lr_14e-6,1.3607999999999999e-05,validation_total_reference_mistag_geomean_percent,0.3998194028125124,min,0.9894238779590809,0.9894238779590809,0.5501093322832075,0.29058869843541785,0.3998194028125124,,0.19495919112878562,0.06409742809069786,3.0630704317842166,0.18628315198278883,0.5117810137021839,0.058088295201426055,2.6933729897874494,1.143738521995099,0.01879991580493194,0.02080192729325425,97,49754,0.010371042813041428,0.012371479571054826,32,49924,0.07631351207490443,0.07820023420108575,1524,49754,0.018326474551133565,0.0203220165380985,93,49924,0.030988757822255318,0.03297515953225687,255,49826,0.009829444556996131,0.011830122041454536,29,49924,0.07158168772332003,0.07348052277508545,1342,49826,0.046620450169420485,0.048577636409480665,571,49924,0.89008,0.97232911606327,0.29009,0.39108493078984136,0.29575,False,/data/suehara/part/march/datasets/20250711_ilc_nnqq_sgv_10m_3cat_parquet,val50k_tail,150000,proxy
34,34,8400000,,lr_3e-6,9.072e-06,validation_total_reference_mistag_geomean_percent,0.4115426061108021,min,1.011581760495096,1.011581760495096,0.5511999692080901,0.30727018524293664,0.4115426061108021,,0.2064997250493468,0.0703093586030478,3.1837045007669484,0.1928485259811716,0.515598352848304,0.05825632669965962,2.7465140527510403,1.1189232412612506,0.019352033470670136,0.021348565157544835,103,49879,0.010919429872021562,0.012925403662777512,35,49780,0.07767695059037183,0.07955410758455489,1588,49879,0.01868824862193573,0.020689299282487045,96,49780,0.031101410982992475,0.03308690236224453,257,49845,0.009857872218415827,0.01186433025148699,29,49780,0.07226106018936515,0.07415703923707231,1369,49845,0.04617214048748524,0.048135985196817895,557,49780,0.88982,0.9722569203493175,0.29096,0.39108493078984136,0.29576,False,/data/suehara/part/march/datasets/20250711_ilc_nnqq_sgv_10m_3cat_parquet,val50k_tail,150000,proxy
34,34,8400000,,lr_6e-6,1.0206e-05,validation_total_reference_mistag_geomean_percent,0.39232740646703557,min,0.9853161053552386,0.9853161053552386,0.5377369976815267,0.28623805787733747,0.39232740646703557,,0.19289502538281433,0.062058335289701144,3.078283064323321,0.18217123562443904,0.5102143295675028,0.05605268788444279,2.729847428079136,1.0710067366905522,0.01869275097802349,0.02069428225118734,96,49768,0.010187511622024803,0.012186868697140512,31,49953,0.07648869254420695,0.07837427259467095,1532,49768,0.018107913783969302,0.020102461918614502,91,49953,0.03095297997050394,0.0329411603364773,254,49783,0.009637179785336968,0.01163677730747619,28,49953,0.07208881960624365,0.0739878294271374,1359,49783,0.04508550689368684,0.04704446886885042,535,49953,0.89056,0.9725073603238524,0.28928,0.39108493078984136,0.29578,False,/data/suehara/part/march/datasets/20250711_ilc_nnqq_sgv_10m_3cat_parquet,val50k_tail,150000,proxy
34,34,8400000,,lr_9e-6,1.134e-05,validation_total_reference_mistag_geomean_percent,0.3999322237800765,min,0.9818179163771299,0.9818179163771299,0.542099757212578,0.2950486169558573,0.3999322237800765,,0.19241562526681166,0.06820187488552541,3.0626152376977953,0.18855812191322965,0.5104501457449818,0.058172191675667305,2.6949357487528376,1.0791943850801904,0.018646330985509385,0.020642907033542816,96,49892,0.010733657953618941,0.012736819172500163,34,49852,0.07620363020077077,0.07808515204756512,1528,49892,0.018456254671544752,0.02045458744461472,94,49852,0.030967253623103916,0.03295634346612269,254,49760,0.009843637863531193,0.011847201452896678,29,49852,0.07164901868793316,0.07355030943002674,1341,49760,0.04530427179432299,0.047266874068389864,538,49852,0.89024,0.9724503799539703,0.28951,0.39108493078984136,0.29667,False,/data/suehara/part/march/datasets/20250711_ilc_nnqq_sgv_10m_3cat_parquet,val50k_tail,150000,proxy
35,35,8640000,,lr_14e-6,1.3607999999999999e-05,validation_total_reference_mistag_geomean_percent,0.39660630499500604,min,0.9644428698678723,0.9644428698678723,0.5344244575924992,0.29432889705383025,0.39660630499500604,,0.1984644082901287,0.0681499315131456,2.944890915778124,0.18841450869916365,0.5047153798334415,0.05612346998973513,2.680420783036163,1.074363561803077,0.018953067406106243,0.02094976115934533,99,49883,0.010725484535561308,0.012727122108275982,34,49890,0.07475688743758396,0.07664346866422811,1469,49883,0.018442208343695813,0.020439024823143977,94,49890,0.03079687737860071,0.032787357738582865,251,49731,0.009649346841827316,0.011651466523868647,28,49890,0.07147894520250636,0.07338192836573512,1333,49731,0.04518478843246847,0.0471460895248528,536,49890,0.89069,0.9725848155244211,0.2887,0.39108493078984136,0.29527,False,/data/suehara/part/march/datasets/20250711_ilc_nnqq_sgv_10m_3cat_parquet,val50k_tail,150000,proxy
35,35,8640000,,lr_3e-6,9.072e-06,validation_total_reference_mistag_geomean_percent,0.4015013231201237,min,0.9913744435480614,0.9913744435480614,0.5504884722510828,0.292836854163376,0.4015013231201237,,0.19093174434864063,0.06827446133433566,3.087064755417973,0.18273459239222267,0.504514619076297,0.06024217324228274,2.7307852851524905,1.1064479174202488,0.018594816596633097,0.020596909498258046,95,49756,0.0107450785467419,0.012750368728936989,34,49799,0.07660483015499743,0.07849051197357203,1536,49756,0.018163867524840973,0.02016456091467776,91,49799,0.03072542543238457,0.0327072266494058,252,49949,0.010038070698590012,0.012043683462704978,30,49799,0.071982678081043,0.07387533932624452,1364,49949,0.04590278376681214,0.04786638023586264,551,49799,0.89025,0.9723789871028844,0.28985,0.39108493078984136,0.29534,False,/data/suehara/part/march/datasets/20250711_ilc_nnqq_sgv_10m_3cat_parquet,val50k_tail,150000,proxy
35,35,8640000,,lr_6e-6,1.0206e-05,validation_total_reference_mistag_geomean_percent,0.3986638804460657,min,0.9685244739940638,0.9685244739940638,0.5437975000203449,0.29226484043484735,0.3986638804460657,,0.18489860088050283,0.07005464210774852,2.9623970934733106,0.190148311969502,0.5101835869979164,0.0600468353587901,2.721648653954828,1.048818067209912,0.018283845520538734,0.0202861406848447,92,49757,0.010879881405734867,0.012878598244827743,35,49961,0.07506871099618347,0.07695936587577452,1474,49757,0.018518580572305147,0.020512490010850974,95,49961,0.03095111915974091,0.03293918095957819,254,49786,0.010005529369301028,0.012004646825106147,30,49961,0.07197984320911621,0.07387906796030644,1355,49786,0.0446072298601094,0.046566766384744177,524,49961,0.89089,0.9725022056318465,0.28881,0.39108493078984136,0.29608,False,/data/suehara/part/march/datasets/20250711_ilc_nnqq_sgv_10m_3cat_parquet,val50k_tail,150000,proxy
35,35,8640000,,lr_9e-6,1.134e-05,validation_total_reference_mistag_geomean_percent,0.3942433530659791,min,0.9782961511212835,0.9782961511212835,0.529176957078475,0.29371615554616237,0.3942433530659791,,0.1980673443477668,0.06627703558159352,3.0030209604548705,0.1887891464677221,0.5087472370986782,0.052218272634584596,2.7267242778149923,1.0825249345700594,0.01891518070290968,0.020907895677985774,99,49983,0.010574082709847088,0.012579775309541066,33,49791,0.07540390283407063,0.07728438374687667,1501,49983,0.01847884752036136,0.020479619164858517,94,49791,0.03092321850492576,0.03291357674284284,253,49730,0.009283966177554582,0.011290223477025262,26,49791,0.07208602511455317,0.07398718437894372,1356,49730,0.04540208910808058,0.047366961981059816,539,49791,0.89044,0.9725454548884803,0.28929,0.39108493078984136,0.2953,False,/data/suehara/part/march/datasets/20250711_ilc_nnqq_sgv_10m_3cat_parquet,val50k_tail,150000,proxy
36,36,8880000,,lr_14e-6,1.3607999999999999e-05,validation_total_reference_mistag_geomean_percent,0.3923127829458811,min,0.9646112618770142,0.9646112618770142,0.5433205590238126,0.28327534658226783,0.3923127829458811,,0.17682044166905805,0.06616541304801006,2.9516957973375466,0.18646615788325402,0.5074105901365717,0.06015037593984962,2.7175547480857722,1.0506265709160512,0.017857762475023752,0.019859939716002084,88,49768,0.010556278253640222,0.012558597388553439,33,49875,0.07492710356535766,0.07681777061236093,1469,49768,0.01834446513107337,0.020341960272407318,93,49875,0.03084216226553662,0.03282734494567483,253,49861,0.01002277807811441,0.012025338412706584,30,49875,0.07187302448292236,0.07376955671980177,1355,49861,0.04468376419870454,0.04664660698616083,524,49875,0.89099,0.9726329856367323,0.28837,0.39108493078984136,0.29519,False,/data/suehara/part/march/datasets/20250711_ilc_nnqq_sgv_10m_3cat_parquet,val50k_tail,150000,proxy
36,36,8880000,,lr_3e-6,9.072e-06,validation_total_reference_mistag_geomean_percent,0.40572522101045866,min,0.9903421939165312,0.9903421939165312,0.5519701404855738,0.2982280070787413,0.40572522101045866,,0.20277459859534283,0.06820598039560967,3.0657108618230327,0.1865634251878843,0.5256189091274234,0.060181750060607844,2.744452968746336,1.0692290573960122,0.019181192095924903,0.021180679162820324,101,49809,0.010734303754050021,0.012737585359583994,34,49849,0.07630415410481359,0.07818868688874887,1527,49809,0.018354025503999394,0.02035255856632505,93,49849,0.03140974545825037,0.03339479495345658,262,49846,0.01002800451773056,0.012031608058397297,30,49849,0.07223360708625733,0.07412963080222941,1368,49846,0.045093622642775576,0.04705674284049676,533,49849,0.89055,0.9725992898373095,0.28883,0.39108493078984136,0.29445,False,/data/suehara/part/march/datasets/20250711_ilc_nnqq_sgv_10m_3cat_parquet,val50k_tail,150000,proxy
36,36,8880000,,lr_6e-6,1.0206e-05,validation_total_reference_mistag_geomean_percent,0.39639589452282636,min,0.977357408010566,0.977357408010566,0.5545195690897445,0.283361875672816,0.39639589452282636,,0.18844473970725276,0.06418227766857876,2.9529689366241074,0.18051265417503823,0.5204565653122719,0.06017088472501274,2.757013085778777,1.0951101200934894,0.018445163688316488,0.020442299196222494,94,49882,0.010384768209465139,0.012387849607901989,32,49858,0.07485837137664458,0.07674466654706905,1473,49882,0.01803736672528623,0.020035781749416566,90,49858,0.031276062732491644,0.033264590551041265,259,49764,0.010026194748832838,0.012029437056728536,30,49858,0.0724552111034657,0.07435385420195562,1372,49764,0.04563804921694243,0.04759977688445615,546,49858,0.89054,0.9724433855627371,0.2895,0.39108493078984136,0.29459,False,/data/suehara/part/march/datasets/20250711_ilc_nnqq_sgv_10m_3cat_parquet,val50k_tail,150000,proxy
36,36,8880000,,lr_9e-6,1.134e-05,validation_total_reference_mistag_geomean_percent,0.38984622083952025,min,0.9607312097366005,0.9607312097366005,0.5471076000756777,0.2777882739735906,0.38984622083952025,,0.18062859722005709,0.06419644110979597,2.9422390957607103,0.17453406892455203,0.49768215109015296,0.06219030110673228,2.687082468925125,1.0772965537556778,0.018048942016237846,0.02004863581327621,90,49826,0.010387059308332577,0.012390582160157745,32,49847,0.0747659751006921,0.0766548209476546,1466,49826,0.0177226460237632,0.01972174191229366,87,49847,0.030546057708062072,0.03253282596276898,248,49831,0.010209170307973203,0.012212773650040101,31,49847,0.0714956280873414,0.07339452508773013,1339,49831,0.04526620096182918,0.04722907624158494,537,49847,0.89087,0.9726730502588777,0.28832,0.38984622083952025,0.29649,False,/data/suehara/part/march/datasets/20250711_ilc_nnqq_sgv_10m_3cat_parquet,val50k_tail,150000,proxy
37,37,9120000,,lr_14e-6,1.3607999999999999e-05,validation_total_reference_mistag_geomean_percent,0.39625052874087324,min,0.9832847067823126,0.9832847067823126,0.5335403725746152,0.29428791071562865,0.39625052874087324,,0.1863764757032032,0.06813490511598987,3.0702018930865997,0.1923809217399248,0.5049895224074845,0.054107132253960334,2.685900538565353,1.1041862653859862,0.01833564900720402,0.02033218702401807,93,49899,0.01072312086878264,0.012724317818519498,34,49901,0.07629094768552107,0.07817190152088586,1532,49899,0.01864297076491037,0.020639188114346896,96,49901,0.030813568126303054,0.03280511869312484,251,49704,0.00945712568010123,0.01145888484277523,27,49901,0.0715701767687843,0.07347397314616533,1335,49704,0.04580944763419633,0.04776912114271923,551,49901,0.89026,0.9723906343712256,0.29002,0.38984622083952025,0.29505,False,/data/suehara/part/march/datasets/20250711_ilc_nnqq_sgv_10m_3cat_parquet,val50k_tail,150000,proxy
37,37,9120000,,lr_3e-6,9.072e-06,validation_total_reference_mistag_geomean_percent,0.3979429419906759,min,0.9855382826775649,0.9855382826775649,0.5334404352773612,0.2968627321958754,0.3979429419906759,,0.1863764757032032,0.07013887788925814,3.088238343238541,0.1923809217399248,0.5049895224074845,0.054107132253960334,2.683888722802161,1.1041862653859862,0.01833564900720402,0.02033218702401807,93,49899,0.010892959614077663,0.012894076247680655,35,49901,0.07651058786283804,0.078390818795053,1541,49899,0.01864297076491037,0.020639188114346896,96,49901,0.030813568126303054,0.03280511869312484,251,49704,0.00945712568010123,0.01145888484277523,27,49901,0.07154372385158418,0.07344760118301423,1334,49704,0.04580944763419633,0.04776912114271923,551,49901,0.89026,0.9723757593332304,0.29007,0.38984622083952025,0.29508,False,/data/suehara/part/march/datasets/20250711_ilc_nnqq_sgv_10m_3cat_parquet,val50k_tail,150000,proxy
37,37,9120000,,lr_6e-6,1.0206e-05,validation_total_reference_mistag_geomean_percent,0.4016765201158304,min,0.9881001058261353,0.9881001058261353,0.5612551350615541,0.28747002340507427,0.4016765201158304,,0.1886111078174262,0.06218281885375174,3.023797013968151,0.19256615200902183,0.5179370967545632,0.06218281885375174,2.7282036103447025,1.1293202280077137,0.01846143502952115,0.02046032701772454,94,49838,0.01020794188604351,0.012211304391861178,31,49853,0.0757683336775887,0.0776534518740768,1507,49838,0.018660905949566917,0.020659037848934532,96,49853,0.031183417834318525,0.03317009077426726,258,49813,0.01020794188604351,0.012211304391861178,31,49853,0.07204598856236678,0.07394392073079258,1359,49813,0.04635505864926826,0.04831561065306387,563,49853,0.89026,0.9724404354547463,0.28968,0.38984622083952025,0.29663,False,/data/suehara/part/march/datasets/20250711_ilc_nnqq_sgv_10m_3cat_parquet,val50k_tail,150000,proxy
37,37,9120000,,lr_9e-6,1.134e-05,validation_total_reference_mistag_geomean_percent,0.3887827002373188,min,0.9720723205745974,0.9720723205745974,0.5354296242744631,0.28230038300297683,0.3887827002373188,,0.18080277136747988,0.06411026966382177,3.005343821953923,0.18231357980236157,0.4998795608785054,0.056096487053366305,2.7041677940737605,1.0838642798035596,0.018066332835683496,0.020067947863535645,90,49778,0.01037312008596125,0.012373957098095315,32,49914,0.07558579820826569,0.07747393000174657,1496,49778,0.018122051265264207,0.020118152093497953,91,49914,0.030620887751127597,0.032608325586749,249,49812,0.009644708151867808,0.011645866261215455,28,49914,0.0717329955087092,0.07363193081995588,1347,49812,0.04537564786197927,0.04733562525368468,541,49914,0.8906,0.972516114641997,0.28893,0.3887827002373188,0.29509,False,/data/suehara/part/march/datasets/20250711_ilc_nnqq_sgv_10m_3cat_parquet,val50k_tail,150000,proxy
38,38,9360000,,lr_14e-6,1.3607999999999999e-05,validation_total_reference_mistag_geomean_percent,0.39544151666045463,min,0.978882930917557,0.978882930917557,0.5398122067545096,0.28968221011318257,0.39544151666045463,,0.19308902966987834,0.06602376775043596,3.000925311252245,0.1840662692494963,0.5160228008756388,0.05401944713285124,2.6805076669488854,1.136409154461025,0.018711534169750563,0.020715070482947313,96,49718,0.010533685412608924,0.012531723794916644,33,49982,0.07557618048511412,0.07746676858148595,1492,49718,0.018201603407274107,0.020194918483845973,92,49982,0.031126954059005566,0.033114062870995886,257,49804,0.0094418027095064,0.011440321427990643,27,49982,0.07142837276261534,0.07332856320173796,1335,49804,0.04644295724101199,0.04839816564757935,568,49982,0.89056,0.9725563698970433,0.28872,0.3887827002373188,0.29614,False,/data/suehara/part/march/datasets/20250711_ilc_nnqq_sgv_10m_3cat_parquet,val50k_tail,150000,proxy
38,38,9360000,,lr_3e-6,9.072e-06,validation_total_reference_mistag_geomean_percent,0.4052902734771885,min,0.9753008248662391,0.9753008248662391,0.5540074543861374,0.296494576877528,0.4052902734771885,,0.1802631838082644,0.0703659044209063,3.0304245870569066,0.20104543873559302,0.5076549495582962,0.06433453960595094,2.6666935224058754,1.0816244733381202,0.018012457956591267,0.020008121184269135,90,49927,0.010928208686687127,0.012935793339078759,35,49740,0.07578304244721251,0.07766453481944241,1513,49927,0.019107894660448894,0.021110224913710104,100,49740,0.03085698045492656,0.03284310931422462,253,49837,0.010409398309071342,0.012417225472192072,32,49740,0.07122322818840614,0.07312271478816766,1329,49837,0.045405761100087046,0.04737268478689997,538,49740,0.89038,0.9725675877933463,0.28912,0.3887827002373188,0.29501,False,/data/suehara/part/march/datasets/20250711_ilc_nnqq_sgv_10m_3cat_parquet,val50k_tail,150000,proxy
38,38,9360000,,lr_6e-6,1.0206e-05,validation_total_reference_mistag_geomean_percent,0.3830730043959329,min,0.9769756983245239,0.9769756983245239,0.526876308599464,0.2785187420687067,0.3830730043959329,,0.18038965001170926,0.06019986472667116,3.034554545210399,0.1826062426948865,0.4941942208323345,0.05217321635204897,2.708023639836492,1.1036642069316498,0.018025084235586568,0.020022142354295593,90,49892,0.010031022251533031,0.012035228136411278,30,49834,0.07586001588235601,0.07774266256072686,1514,49892,0.01815112042258362,0.02015041384075321,91,49834,0.030451621871754788,0.03244064558768521,246,49778,0.009275956922058124,0.011280484935900868,26,49834,0.0718076141153854,0.07370769151248437,1348,49778,0.045828633174808085,0.04779096229430169,550,49834,0.89052,0.9724470229594461,0.28923,0.3830730043959329,0.2952,False,/data/suehara/part/march/datasets/20250711_ilc_nnqq_sgv_10m_3cat_parquet,val50k_tail,150000,proxy
38,38,9360000,,lr_9e-6,1.134e-05,validation_total_reference_mistag_geomean_percent,0.39409190310449393,min,0.9915695155382256,0.9915695155382256,0.5495411252980548,0.28261475063997654,0.39409190310449393,,0.18290721779076347,0.060123857200848396,3.079273098718246,0.18838807806101018,0.5255240325244976,0.05811972748999258,2.753986622136823,1.0842334903836235,0.01818101325276511,0.02018358969158051,91,49752,0.010018359959402461,0.01202003842927532,30,49897,0.07651291483179341,0.0783990614683771,1532,49752,0.018439623193903555,0.0204361606070486,94,49897,0.03140408890734345,0.03338878386804408,262,49855,0.009834762247870317,0.011836521046754546,29,49897,0.07235073367709323,0.07424603267576872,1373,49855,0.045391028002956905,0.04735165834801828,541,49897,0.89046,0.972301269868901,0.29013,0.3830730043959329,0.2936,False,/data/suehara/part/march/datasets/20250711_ilc_nnqq_sgv_10m_3cat_parquet,val50k_tail,150000,proxy
39,39,9600000,,lr_14e-6,1.22472e-05,validation_total_reference_mistag_geomean_percent,0.4042549824050093,min,0.9803524402284453,0.9803524402284453,0.5572718105797579,0.2932538264034173,0.4042549824050093,,0.18467961738495284,0.06810897169420402,2.995021626573322,0.196314102084052,0.48223757765094905,0.0641025641025641,2.6945025134532914,1.1578525488842268,0.018262208005088553,0.02026214057344862,92,49816,0.01071904062451888,0.0127194769549466,34,49920,0.07542971212181268,0.07731681806236457,1492,49816,0.01883849983892031,0.02083379984883344,98,49920,0.030073826641582955,0.03206373049408602,240,49768,0.010371873622364958,0.012372470462808762,32,49920,0.07163765448080783,0.07353865701284282,1341,49768,0.04691181995737405,0.048868597563427735,578,49920,0.89036,0.9725608446524121,0.2895,0.3830730043959329,0.29489,False,/data/suehara/part/march/datasets/20250711_ilc_nnqq_sgv_10m_3cat_parquet,val50k_tail,150000,proxy
39,39,9600000,,lr_3e-6,8.1648e-06,validation_total_reference_mistag_geomean_percent,0.39088530983428804,min,0.9801731540487544,0.9801731540487544,0.5487312265165882,0.2784447431836257,0.39088530983428804,,0.1708508296234316,0.06208194908219204,2.97883462004359,0.1902511387025323,0.5279110322982214,0.056074016606725244,2.7359039277583768,1.1194777182749664,0.017540869783745507,0.019543971132950783,85,49751,0.01019138707693049,0.012191503950939857,31,49934,0.07527762846062311,0.07716785057847592,1482,49751,0.018528585651141138,0.020523569084344606,95,49934,0.031488191941577995,0.0334742252198616,263,49819,0.009640845982386619,0.011641203486433754,28,49934,0.0721418860224976,0.07403928048366343,1363,49819,0.04611390658801565,0.04807167257537635,559,49934,0.89067,0.9725429272470532,0.28925,0.3830730043959329,0.29491,False,/data/suehara/part/march/datasets/20250711_ilc_nnqq_sgv_10m_3cat_parquet,val50k_tail,150000,proxy
39,39,9600000,,lr_6e-6,9.1854e-06,validation_total_reference_mistag_geomean_percent,0.393840402966883,min,0.9682480809398061,0.9682480809398061,0.5478941278503389,0.28310261987601776,0.393840402966883,,0.1767813684694935,0.06419901695255291,3.0012654490283244,0.18858462199683537,0.48516438297041625,0.06419901695255291,2.6904572229576433,1.0753335681906302,0.01785381929926839,0.019855555684416194,88,49779,0.010387475980379639,0.012391079117363427,32,49845,0.0755346417425147,0.07742289945268307,1494,49779,0.018458844487074664,0.02045745682859462,94,49845,0.030134662079521393,0.03211998056172728,242,49880,0.010387475980379639,0.012391079117363427,32,49845,0.0715052219348207,0.07340211826420348,1342,49880,0.045225373423116166,0.04718840622278085,536,49845,0.89087,0.9726114872886408,0.2887,0.3830730043959329,0.29449,False,/data/suehara/part/march/datasets/20250711_ilc_nnqq_sgv_10m_3cat_parquet,val50k_tail,150000,proxy
39,39,9600000,,lr_9e-6,1.0206e-05,validation_total_reference_mistag_geomean_percent,0.4007203170364333,min,0.9810910703716293,0.9810910703716293,0.5552817704212315,0.28918070255389,0.4007203170364333,,0.18848629879242912,0.06819640731802727,3.013775389899948,0.18051989376827346,0.5042489452174793,0.06217907604261149,2.714104971952399,1.1172175799818667,0.018449228834079272,0.020446803172600288,94,49871,0.010732797007243302,0.012735797733093291,34,49856,0.07562016338306075,0.07750443609957948,1503,49871,0.018038089745979632,0.02003658464550008,90,49856,0.030768482896157204,0.03275714258717255,251,49777,0.010207327785929726,0.012210569895333073,31,49856,0.0718878057840433,0.07378767701599759,1351,49777,0.046102129219747004,0.048063048746126505,557,49856,0.89083,0.9726324249987011,0.2888,0.3830730043959329,0.29631,False,/data/suehara/part/march/datasets/20250711_ilc_nnqq_sgv_10m_3cat_parquet,val50k_tail,150000,proxy
40,40,9840000,,lr_14e-6,1.22472e-05,validation_total_reference_mistag_geomean_percent,0.39669462155605717,min,0.9916415764179901,0.9916415764179901,0.5539241711496548,0.28409416120060843,0.39669462155605717,,0.19512390320215664,0.06016967819872314,3.0737045853124094,0.18050903459616943,0.5227004124911488,0.06016967819872314,2.7536898082047654,1.0870655111398255,0.018815785905462148,0.020819482165444728,97,49712,0.010025993703721389,0.01202919588268273,30,49859,0.07647534222136113,0.07836323051866219,1528,49712,0.018037005236674723,0.02003538032550418,90,49859,0.031293706549773065,0.03327541438737604,261,49933,0.010025993703721389,0.01202919588268273,30,49859,0.07229109588996648,0.07418344619458776,1375,49933,0.045467864132455946,0.04742987514229184,542,49859,0.89056,0.9724109373453261,0.28964,0.3830730043959329,0.29589,False,/data/suehara/part/march/datasets/20250711_ilc_nnqq_sgv_10m_3cat_parquet,val50k_tail,150000,proxy
40,40,9840000,,lr_3e-6,8.1648e-06,validation_total_reference_mistag_geomean_percent,0.3969985743923392,min,0.9836260850018024,0.9836260850018024,0.5453277703785182,0.2890149312589606,0.3969985743923392,,0.18023070277983638,0.06818819909655631,3.0438962764104542,0.18651478947074834,0.5049692111019565,0.05816052432507843,2.719993525406037,1.1070554514237527,0.018009214057738695,0.02000451891404603,90,49936,0.010731505846610444,0.012734265881127811,34,49862,0.07594153095732657,0.07782214468313627,1520,49936,0.018349244072244936,0.020347258039282855,93,49862,0.0308123311542295,0.03280380240701054,251,49706,0.00984166412032682,0.011844826363952617,29,49862,0.07201538401596895,0.07391773203286288,1352,49706,0.04588710814189701,0.047848199312781024,552,49862,0.89038,0.9724138300529376,0.28963,0.3830730043959329,0.29361,False,/data/suehara/part/march/datasets/20250711_ilc_nnqq_sgv_10m_3cat_parquet,val50k_tail,150000,proxy
40,40,9840000,,lr_6e-6,9.1854e-06,validation_total_reference_mistag_geomean_percent,0.39655218957739113,min,0.9830068519860217,0.9830068519860217,0.5479758832215639,0.286971824625064,0.39655218957739113,,0.19089337025367706,0.06200372234260841,3.08041651615778,0.18601115294898748,0.5026034746483804,0.06200372234260841,2.7140588879879206,1.0660639692062113,0.018591083206493178,0.020592775356672102,95,49766,0.010178548190525383,0.012176147945706668,31,49997,0.07651622103564404,0.07840179113838344,1533,49766,0.018299737607920016,0.02029237686706365,93,49997,0.030727662006033163,0.03271782711857154,250,49741,0.010178548190525383,0.012176147945706668,31,49997,0.07191287345012613,0.07381412153726723,1350,49741,0.044960811385247844,0.04691824712412373,533,49997,0.89081,0.9725910196145201,0.28882,0.3830730043959329,0.29442,False,/data/suehara/part/march/datasets/20250711_ilc_nnqq_sgv_10m_3cat_parquet,val50k_tail,150000,proxy
40,40,9840000,,lr_9e-6,1.0206e-05,validation_total_reference_mistag_geomean_percent,0.39073118248343547,min,0.9910688806878103,0.9910688806878103,0.5368513772647608,0.28438197875687027,0.39073118248343547,,0.1887474319969522,0.060254274214024475,3.112324910649951,0.18477978059882227,0.5189029086386139,0.054228847191489196,2.72674441524686,1.0825684769657689,0.018474769313078593,0.020475100721232316,94,49802,0.010040086360329246,0.012046101452796313,30,49789,0.07687666137603591,0.0787595871111841,1550,49802,0.018272103559895676,0.02027311662393934,92,49789,0.03118291935491381,0.03316557340423739,259,49913,0.009478395110467698,0.011484652236568157,27,49789,0.0719557405131091,0.07384992873543175,1361,49913,0.045403903533684786,0.0473688535863534,539,49789,0.89061,0.9726662672057701,0.28867,0.3830730043959329,0.29589,False,/data/suehara/part/march/datasets/20250711_ilc_nnqq_sgv_10m_3cat_parquet,val50k_tail,150000,proxy
41,41,10080000,,lr_14e-6,1.22472e-05,validation_total_reference_mistag_geomean_percent,0.39215581910826747,min,0.973525387978646,0.973525387978646,0.5472991371563939,0.28099109978412207,0.39215581910826747,,0.18055612034444518,0.06412183147981164,3.019299425876547,0.1783388407496414,0.5004723238102365,0.06011421701232342,2.667175932741878,1.118124411814284,0.01804170571907998,0.020040600091346027,90,49846,0.010374990343194165,0.012376187721005266,32,49905,0.07570695733670127,0.07759195344710854,1505,49846,0.017914882033811304,0.019911502125832207,89,49905,0.0306571167735626,0.032646887552461624,249,49753,0.01001675433634795,0.012018112320677997,30,49905,0.07128889765630267,0.07319157177903893,1327,49753,0.04609885129732618,0.04805780916065216,558,49905,0.89058,0.9726118667069347,0.28875,0.3830730043959329,0.29463,False,/data/suehara/part/march/datasets/20250711_ilc_nnqq_sgv_10m_3cat_parquet,val50k_tail,150000,proxy
41,41,10080000,,lr_3e-6,8.1648e-06,validation_total_reference_mistag_geomean_percent,0.39944862081980265,min,0.9786223404227634,0.9786223404227634,0.5492655818988782,0.2904955379203387,0.39944862081980265,,0.19046474257441512,0.0661773538542371,3.0293918404355122,0.18649982157075787,0.4923633568849243,0.062166604831434935,2.7009644977059564,1.1009505055248696,0.018549371428883587,0.020546586099027382,95,49878,0.010558183005557895,0.012560863040237649,33,49866,0.07580711023700004,0.07769049235308995,1511,49878,0.018347773363628715,0.020345627663285147,93,49866,0.03039895106495159,0.0323887678554481,245,49760,0.010205281319074255,0.012208122211588136,31,49866,0.0717280353929109,0.07362908381917874,1344,49760,0.045757284270705675,0.04771846298418474,549,49866,0.89046,0.9725955683662052,0.28918,0.3830730043959329,0.29467,False,/data/suehara/part/march/datasets/20250711_ilc_nnqq_sgv_10m_3cat_parquet,val50k_tail,150000,proxy
41,41,10080000,,lr_6e-6,9.1854e-06,validation_total_reference_mistag_geomean_percent,0.3931516246741904,min,0.9742778525605105,0.9742778525605105,0.5467050250468383,0.2827268689742024,0.3931516246741904,,0.1845684799303182,0.06412183147981164,3.027324262200575,0.1783388407496414,0.5004723238102365,0.06011421701232342,2.665166046745937,1.1141168185552401,0.018251225507343927,0.02024995889266742,92,49846,0.010374990343194165,0.012376187721005266,32,49905,0.07580571812046202,0.07769039225698424,1509,49846,0.017914882033811304,0.019911502125832207,89,49905,0.0306571167735626,0.032646887552461624,249,49753,0.01001675433634795,0.012018112320677997,30,49905,0.07126238347189666,0.07316513838930457,1326,49753,0.0460153156427506,0.04797443411259563,556,49905,0.89054,0.9726022035170688,0.28881,0.3830730043959329,0.29466,False,/data/suehara/part/march/datasets/20250711_ilc_nnqq_sgv_10m_3cat_parquet,val50k_tail,150000,proxy
41,41,10080000,,lr_9e-6,1.0206e-05,validation_total_reference_mistag_geomean_percent,0.3924987506142302,min,0.9727719595976156,0.9727719595976156,0.5467443157748906,0.28176839665062087,0.3924987506142302,,0.1825622925295541,0.06412183147981164,3.019299425876547,0.1783388407496414,0.5004723238102365,0.06011421701232342,2.6611461635626696,1.1161205817601414,0.018146754105204957,0.020145567983999736,91,49846,0.010374990343194165,0.012376187721005266,32,49905,0.07570695733670127,0.07759195344710854,1505,49846,0.017914882033811304,0.019911502125832207,89,49905,0.0306571167735626,0.032646887552461624,249,49753,0.01001675433634795,0.012018112320677997,30,49905,0.07120932259004828,0.07311223909679948,1324,49753,0.04605710283424585,0.048016141000831354,557,49905,0.89058,0.9726050425236918,0.2888,0.3830730043959329,0.29465,False,/data/suehara/part/march/datasets/20250711_ilc_nnqq_sgv_10m_3cat_parquet,val50k_tail,150000,proxy
42,42,10320000,,lr_14e-6,1.22472e-05,validation_total_reference_mistag_geomean_percent,0.39714439830483883,min,0.9880122122454373,0.9880122122454373,0.5349720717483445,0.294825994541089,0.39714439830483883,,0.19676738945615507,0.06622117727705018,3.073988606457482,0.188630021508704,0.4873059970254228,0.056187666807135835,2.745357474879378,1.0896393645521707,0.018881961224216516,0.02088185009733088,98,49805,0.010565172980721217,0.012569177428337823,33,49833,0.07640824513001528,0.07829259687256243,1531,49805,0.01846328586220336,0.020462377645954176,94,49833,0.030207027668831005,0.032192817630929,243,49866,0.009660381633873257,0.011664788758855897,28,49833,0.0722310414756136,0.07412626847710727,1369,49866,0.04553386504209372,0.04749679639837311,543,49833,0.89034,0.9725851204277695,0.28923,0.3830730043959329,0.29269,False,/data/suehara/part/march/datasets/20250711_ilc_nnqq_sgv_10m_3cat_parquet,val50k_tail,150000,proxy
42,42,10320000,,lr_3e-6,8.1648e-06,validation_total_reference_mistag_geomean_percent,0.3941573018817963,min,0.9807258547347284,0.9807258547347284,0.5501298387719443,0.2824060206833133,0.3941573018817963,,0.19662920842642087,0.058196706288071706,3.0437400624808273,0.18261725389750294,0.49966891292505233,0.06221026888626912,2.7190816792868553,1.0836627456868284,0.01886871263231519,0.020867202662070435,98,49840,0.009847785302223197,0.011852192241344144,29,49831,0.07601182168546113,0.07789606397723241,1517,49840,0.018152212330255886,0.020151625669223072,91,49831,0.03060801332918908,0.03259462211459224,249,49833,0.010212447545679675,0.012216693400924695,31,49831,0.07191286637748089,0.07381040292951425,1355,49833,0.045408354857012084,0.04737160486583333,540,49831,0.89058,0.972646969592026,0.28886,0.3830730043959329,0.29426,False,/data/suehara/part/march/datasets/20250711_ilc_nnqq_sgv_10m_3cat_parquet,val50k_tail,150000,proxy
42,42,10320000,,lr_6e-6,9.1854e-06,validation_total_reference_mistag_geomean_percent,0.39738338349063046,min,0.9877616868763075,0.9877616868763075,0.5355286949727265,0.2948741215118337,0.39738338349063046,,0.19676738945615507,0.06622117727705018,3.0759962718752463,0.188630021508704,0.4913167177080483,0.056187666807135835,2.7393415335376123,1.087632716840508,0.018881961224216516,0.02088185009733088,98,49805,0.010565172980721217,0.012569177428337823,33,49833,0.07643273717927376,0.0783170082957696,1532,49805,0.01846328586220336,0.020462377645954176,94,49833,0.030334476996785736,0.03232010610104974,245,49866,0.009660381633873257,0.011664788758855897,28,49833,0.07215297124134289,0.07404843952958824,1366,49866,0.04549146438329026,0.04745447627504309,542,49833,0.89031,0.9725771598806395,0.28927,0.3830730043959329,0.29271,False,/data/suehara/part/march/datasets/20250711_ilc_nnqq_sgv_10m_3cat_parquet,val50k_tail,150000,proxy
42,42,10320000,,lr_9e-6,1.0206e-05,validation_total_reference_mistag_geomean_percent,0.3990388017439672,min,0.9740869256322346,0.9740869256322346,0.5513085228207748,0.288825510047531,0.3990388017439672,,0.19832127768579985,0.062243994787977215,2.986838808532243,0.18873986534083362,0.5042084432910526,0.062243994787977215,2.6998251021198874,1.0902739185121062,0.018939410721381472,0.020934670285464994,99,49919,0.010217982657985642,0.012223313689148557,31,49804,0.0752515856041705,0.07713512572121162,1491,49919,0.018474028014235276,0.02047427940023061,94,49804,0.030766016284940016,0.03275451781429035,251,49781,0.010217982657985642,0.012223313689148557,31,49804,0.07169818008664515,0.0735984723515392,1344,49781,0.0455602416158633,0.04752429045137858,543,49804,0.89055,0.9726598930781477,0.28886,0.3830730043959329,0.295,False,/data/suehara/part/march/datasets/20250711_ilc_nnqq_sgv_10m_3cat_parquet,val50k_tail,150000,proxy
43,43,10560000,,lr_14e-6,1.22472e-05,validation_total_reference_mistag_geomean_percent,0.39970842612776286,min,0.9922283251737046,0.9922283251737046,0.5628058220556886,0.28387557423264287,0.39970842612776286,,0.18475750577367206,0.06014796458024988,3.100712843170954,0.18846362004519493,0.5217530731292629,0.06415782825751348,2.713116196272032,1.1047175701607586,0.01826990362106301,0.020270676474072387,92,49795,0.010022376269940438,0.012024856402905218,30,49877,0.0767411310885549,0.07862478789139177,1544,49795,0.018447011259742786,0.020444346212206557,94,49877,0.0312952933451508,0.0332810556676927,260,49832,0.010380813236558642,0.012383132582632765,32,49877,0.07183573130228917,0.07373354535843736,1352,49832,0.045831374914249295,0.04779197006219808,551,49877,0.8905,0.9725321206499986,0.28932,0.3830730043959329,0.29419,False,/data/suehara/part/march/datasets/20250711_ilc_nnqq_sgv_10m_3cat_parquet,val50k_tail,150000,proxy
43,43,10560000,,lr_3e-6,8.1648e-06,validation_total_reference_mistag_geomean_percent,0.4007085877082856,min,0.990973635575765,0.990973635575765,0.5633240524937534,0.28503553425840866,0.4007085877082856,,0.18877396357229378,0.06014796458024988,3.0846469319268794,0.18846362004519493,0.5257665818120351,0.06415782825751348,2.7171294184422217,1.0987027759697328,0.018477364327591242,0.020477975863727106,94,49795,0.010022376269940438,0.012024856402905218,30,49877,0.076545751466571,0.07843005353690181,1536,49795,0.018447011259742786,0.020444346212206557,94,49877,0.03141854858884413,0.03340414983397508,262,49832,0.010380813236558642,0.012383132582632765,32,49877,0.07188811434175428,0.07378576732049204,1354,49832,0.0457051214774469,0.04766595780573146,548,49877,0.89038,0.9725180470988081,0.28939,0.3830730043959329,0.29422,False,/data/suehara/part/march/datasets/20250711_ilc_nnqq_sgv_10m_3cat_parquet,val50k_tail,150000,proxy
43,43,10560000,,lr_6e-6,9.1854e-06,validation_total_reference_mistag_geomean_percent,0.3856340045995536,min,0.9643874021612362,0.9643874021612362,0.5311274773911042,0.27999603077206436,0.3856340045995536,,0.17862159814653927,0.06228776766176039,2.9562877783938966,0.1868633171934097,0.5069226155585701,0.05425063887875479,2.696908396738451,1.072957104718508,0.017943264744976588,0.019943039100118173,89,49826,0.010225166739922891,0.012231906230801136,31,49769,0.07494127306414029,0.0768295550043794,1473,49826,0.018383504638377554,0.020385238079868993,93,49769,0.030812568541507476,0.03279586156498468,253,49909,0.009482203294549414,0.01148926575635583,27,49769,0.07156921489267082,0.07346475052187398,1346,49909,0.0452085620284131,0.047174687925072636,534,49769,0.89083,0.9726556243338479,0.28839,0.3830730043959329,0.2934,False,/data/suehara/part/march/datasets/20250711_ilc_nnqq_sgv_10m_3cat_parquet,val50k_tail,150000,proxy
43,43,10560000,,lr_9e-6,1.0206e-05,validation_total_reference_mistag_geomean_percent,0.3963891938555028,min,0.9864181267185579,0.9864181267185579,0.5500984949699691,0.28562956350933677,0.3963891938555028,,0.17673876631724156,0.0641681204756462,3.0487436830015535,0.19250436142693858,0.5136024396115881,0.060157611178858594,2.762619235857732,1.0728107958789044,0.017849519638553944,0.019850775311431125,88,49791,0.010382478121081161,0.012385118260624958,32,49869,0.07611011722430568,0.07799601279994614,1518,49791,0.018654923721632823,0.02065241702977694,96,49869,0.031039874921917274,0.03302548621935495,256,49844,0.010023983695966727,0.012026784673991752,30,49869,0.07247031221900013,0.0743656830938147,1377,49844,0.04516106364717033,0.047123252908682495,535,49869,0.89043,0.9726144275861605,0.28906,0.3830730043959329,0.29235,False,/data/suehara/part/march/datasets/20250711_ilc_nnqq_sgv_10m_3cat_parquet,val50k_tail,150000,proxy
44,44,10800000,,lr_14e-6,1.22472e-05,validation_total_reference_mistag_geomean_percent,0.40027649444795227,min,0.9888627390332119,0.9888627390332119,0.5323713357818712,0.3009577361490197,0.40027649444795227,,0.19865954520374637,0.0702811227752533,3.0481197676283087,0.1927710843373494,0.5073190307184398,0.052208834573516216,2.731100797897666,1.1104417291314144,0.018971687349591704,0.0209703365098323,99,49834,0.010915045751692085,0.012920215080641404,35,49800,0.0760700304920963,0.07795432386993942,1519,49834,0.018680749512926895,0.020680999665159294,96,49800,0.030836609113017895,0.03282143720832482,253,49870,0.009282288677474923,0.011288183786595577,26,49800,0.0720430316279979,0.07393867836208191,1362,49870,0.04598596649604443,0.047949363144020665,553,49800,0.89063,0.9725603740485075,0.28921,0.3830730043959329,0.29394,False,/data/suehara/part/march/datasets/20250711_ilc_nnqq_sgv_10m_3cat_parquet,val50k_tail,150000,proxy
44,44,10800000,,lr_3e-6,8.1648e-06,validation_total_reference_mistag_geomean_percent,0.38142898791831453,min,0.9605030566507279,0.9605030566507279,0.526572168651769,0.27629275052059094,0.38142898791831453,,0.18254398620402432,0.06011301275750468,2.944775462331343,0.18033903827251405,0.4904818338883461,0.05410171148175421,2.697650237808225,1.074019170462113,0.018144935426222825,0.020143549564830606,91,49851,0.01001655366965245,0.012017871600505318,30,49906,0.0747791343653971,0.0766669312268764,1468,49851,0.018020031600417197,0.02001653152878839,90,49906,0.03034306738709377,0.03233347979209088,244,49747,0.00945617837759104,0.01145773720856798,27,49906,0.0716938493557643,0.07359552781079533,1342,49747,0.04517037576114505,0.04713106187106894,536,49906,0.89081,0.9726239805557911,0.28845,0.38142898791831453,0.29509,False,/data/suehara/part/march/datasets/20250711_ilc_nnqq_sgv_10m_3cat_parquet,val50k_tail,150000,proxy
44,44,10800000,,lr_6e-6,9.1854e-06,validation_total_reference_mistag_geomean_percent,0.3812663512013371,min,0.9592493121663627,0.9592493121663627,0.526572168651769,0.2760571849639721,0.3812663512013371,,0.18254398620402432,0.06011301275750468,2.93474550645642,0.18033903827251405,0.4904818338883461,0.05410171148175421,2.697650237808225,1.074019170462113,0.018144935426222825,0.020143549564830606,91,49851,0.01001655366965245,0.012017871600505318,30,49906,0.07465379495406668,0.07654199420217278,1463,49851,0.018020031600417197,0.02001653152878839,90,49906,0.03034306738709377,0.03233347979209088,244,49747,0.00945617837759104,0.01145773720856798,27,49906,0.0716938493557643,0.07359552781079533,1342,49747,0.04517037576114505,0.04713106187106894,536,49906,0.89086,0.972627283845747,0.28843,0.3812663512013371,0.29508,False,/data/suehara/part/march/datasets/20250711_ilc_nnqq_sgv_10m_3cat_parquet,val50k_tail,150000,proxy
44,44,10800000,,lr_9e-6,1.0206e-05,validation_total_reference_mistag_geomean_percent,0.39528902048593983,min,0.9859018260276852,0.9859018260276852,0.5300157585381425,0.29480898860007954,0.39528902048593983,,0.1925429787212039,0.0661773538542371,3.016506415530479,0.19652669297658173,0.4881576554965296,0.052139733977883636,2.7461380077237227,1.129025769940843,0.01865866216452822,0.020656554544344487,96,49859,0.010558183005557895,0.012560863040237649,33,49866,0.07566280692017126,0.07754742358489324,1504,49859,0.018858882850273793,0.020856335005344992,98,49866,0.030259703685497474,0.03224892997489717,243,49779,0.009270005508728578,0.011273248545827735,26,49866,0.07230344374583308,0.07420195166348564,1367,49779,0.046343038711773796,0.04830309142041418,563,49866,0.89014,0.9724215366381198,0.28989,0.3812663512013371,0.29429,False,/data/suehara/part/march/datasets/20250711_ilc_nnqq_sgv_10m_3cat_parquet,val50k_tail,150000,proxy
45,45,11040000,,lr_14e-6,1.102248e-05,validation_total_reference_mistag_geomean_percent,0.3937296075232283,min,0.9724604623006018,0.9724604623006018,0.5456767759048129,0.28409309445750974,0.3937296075232283,,0.18050541516245489,0.06428801028608165,3.004412455732181,0.1868370216463644,0.4912970125684205,0.06027001141687057,2.671051577795661,1.1210221937967801,0.018036643762552106,0.020034978917676846,90,49860,0.010401871665583439,0.012408248586238122,32,49776,0.07551288660241698,0.07739795058610763,1498,49860,0.018380921434243514,0.020382374433424104,93,49776,0.030333263133582814,0.03231881339430019,245,49868,0.010042707931103598,0.012049246291806611,30,49776,0.07125877195912379,0.07315690299940329,1332,49868,0.0462176860777817,0.04818160426572574,558,49776,0.89038,0.9725628457476535,0.28897,0.3812663512013371,0.29259,False,/data/suehara/part/march/datasets/20250711_ilc_nnqq_sgv_10m_3cat_parquet,val50k_tail,150000,proxy
45,45,11040000,,lr_3e-6,7.34832e-06,validation_total_reference_mistag_geomean_percent,0.3867405788816179,min,0.9694501098605469,0.9694501098605469,0.5391783427334126,0.2774003766461376,0.3867405788816179,,0.1707135773351052,0.06220402875873273,2.9563574586946304,0.18861866415297912,0.5072478406788526,0.05618428335204542,2.7267078277392676,1.0875671981727624,0.017526788410752395,0.01952828609781956,85,49791,0.010211423182898412,0.012215468208513314,31,49836,0.07496814847124458,0.07685775493113112,1472,49791,0.01846217531806392,0.020461147219693884,94,49836,0.03083229137669386,0.032816843771350454,253,49877,0.009659800226172324,0.011664086829119827,28,49836,0.07198088642102231,0.07387644327170005,1360,49877,0.04548874002720388,0.04745163638049665,542,49836,0.8906,0.9726265878282555,0.28854,0.3812663512013371,0.29651,False,/data/suehara/part/march/datasets/20250711_ilc_nnqq_sgv_10m_3cat_parquet,val50k_tail,150000,proxy
45,45,11040000,,lr_6e-6,8.266860000000001e-06,validation_total_reference_mistag_geomean_percent,0.3928746363256088,min,0.9830586899219083,0.9830586899219083,0.5528928930812573,0.2791688621783295,0.3928746363256088,,0.17033044147230206,0.06426864292743668,3.0358896344607937,0.18276394548360328,0.5039148825512167,0.06025185451707241,2.7123068917969126,1.1347432261659294,0.017487480572941354,0.019484501635739712,85,49903,0.010398738775590957,0.012404512046681603,32,49791,0.07586814229323044,0.07775032049033362,1515,49903,0.0181667836624795,0.020167797321166657,91,49791,0.03074814517398791,0.03273550078312917,251,49810,0.010039683163224277,0.01204561777710826,30,49791,0.07184081626234219,0.07373950102009773,1351,49810,0.046495655739791676,0.04845843115645742,565,49791,0.89052,0.9725288709606276,0.28943,0.3812663512013371,0.2947,False,/data/suehara/part/march/datasets/20250711_ilc_nnqq_sgv_10m_3cat_parquet,val50k_tail,150000,proxy
45,45,11040000,,lr_9e-6,9.1854e-06,validation_total_reference_mistag_geomean_percent,0.39807645505410044,min,0.9738980373509727,0.9738980373509727,0.5357356717300884,0.2957892715202213,0.39807645505410044,,0.17701962439296715,0.07226158836122679,3.011345387108321,0.19871936141998955,0.5042723027345092,0.05620345651257552,2.6914533133303244,1.0799092649478683,0.017877863859347573,0.01988228847129665,88,49712,0.011078601281015505,0.013082926387922593,36,49819,0.07570950038652165,0.07759989745170746,1497,49712,0.018977394648504904,0.0209766431686134,99,49819,0.030710703268448623,0.032691562422927124,252,49973,0.009663095795467327,0.011668065548317097,28,49819,0.07145257510164996,0.073345901495981,1345,49973,0.04533412771935523,0.0472980012933593,538,49819,0.89076,0.9726729211385988,0.28848,0.3812663512013371,0.2965,False,/data/suehara/part/march/datasets/20250711_ilc_nnqq_sgv_10m_3cat_parquet,val50k_tail,150000,proxy
46,46,11280000,,lr_14e-6,1.102248e-05,validation_total_reference_mistag_geomean_percent,0.38717209526415614,min,0.9687687411893767,0.9687687411893767,0.541765512949516,0.27669208867712725,0.38717209526415614,,0.17066216900742096,0.06211677939360769,2.9353892763514744,0.188354097425881,0.5101221129716232,0.0561054772013284,2.72132063112415,1.1060793860395284,0.01752151372283596,0.019522410698392945,85,49806,0.010197103650997675,0.012198341281809166,31,49906,0.07469514604374998,0.07658502540566596,1462,49806,0.018436300494631255,0.020432479222837044,94,49906,0.03094739820932984,0.03293522291931035,254,49792,0.009646253886233162,0.011647732417168735,28,49906,0.0719712860313533,0.07387029510113885,1355,49792,0.04584686365610227,0.04780626496536447,552,49906,0.89074,0.9725967835943615,0.28869,0.3812663512013371,0.2951,False,/data/suehara/part/march/datasets/20250711_ilc_nnqq_sgv_10m_3cat_parquet,val50k_tail,150000,proxy
46,46,11280000,,lr_3e-6,7.34832e-06,validation_total_reference_mistag_geomean_percent,0.3885762491048496,min,0.9732786783797063,0.9732786783797063,0.5412964581542266,0.2789441887043967,0.3885762491048496,,0.17463568091340942,0.06212051470850297,2.9627844730943287,0.18836542294211292,0.5102143295675028,0.05610885117127227,2.735873661215006,1.0961264934255157,0.01773295503784012,0.019733210535788574,87,49818,0.01019771652146825,0.012199074307866261,31,49903,0.07502813093007987,0.07691645528280847,1476,49818,0.01843740792799671,0.020433706203528464,94,49903,0.03095297997050394,0.0329411603364773,254,49783,0.009646833664364217,0.011648432379851104,28,49903,0.07216723267105575,0.07406600039997178,1362,49783,0.0456392904835819,0.047599208466693986,547,49903,0.89073,0.9724872648276234,0.28925,0.3812663512013371,0.29472,False,/data/suehara/part/march/datasets/20250711_ilc_nnqq_sgv_10m_3cat_parquet,val50k_tail,150000,proxy
46,46,11280000,,lr_6e-6,8.266860000000001e-06,validation_total_reference_mistag_geomean_percent,0.3870946974108155,min,0.9685772419579499,0.9685772419579499,0.5308104852388953,0.2822896474928018,0.3870946974108155,,0.18614520257435724,0.06424154822131213,3.0403715844763646,0.17465671757303064,0.4926504603789085,0.056211354693648116,2.6542800802934305,1.0800609874525477,0.018312913192803815,0.020306982878034573,93,49961,0.01039435589869417,0.012399284670371404,32,49812,0.0758795795258161,0.07775939332471359,1519,49961,0.017735089434852684,0.019735585019971982,87,49812,0.030416637972030883,0.032407603529037605,245,49731,0.009664453448268755,0.011669704633513833,28,49812,0.0711341135042523,0.07303814792770022,1320,49731,0.0453404658537113,0.04730460930905556,538,49812,0.89038,0.9725367090033773,0.28916,0.3812663512013371,0.29451,False,/data/suehara/part/march/datasets/20250711_ilc_nnqq_sgv_10m_3cat_parquet,val50k_tail,150000,proxy
46,46,11280000,,lr_9e-6,9.1854e-06,validation_total_reference_mistag_geomean_percent,0.39600311768164126,min,0.9806028900940902,0.9806028900940902,0.5460798436864284,0.28717131940806184,0.39600311768164126,,0.18853165097065494,0.062245248101109624,3.006478153935434,0.1927594723209445,0.5015850181477862,0.05822942321666527,2.7125718346128362,1.1224223194472907,0.018453665582625452,0.02045171886544616,94,49859,0.010218187777374238,0.012223559022805551,31,49803,0.07553913919943547,0.07742415812166878,1499,49859,0.018679625165630313,0.020679755296851916,96,49803,0.030665538050168948,0.03265171123361986,250,49842,0.009853320660040165,0.01185885317052407,29,49803,0.07182151152381779,0.07371896666389134,1352,49842,0.046234556883201564,0.04819735415474494,559,49803,0.89057,0.9724345512121991,0.28977,0.3812663512013371,0.29379,False,/data/suehara/part/march/datasets/20250711_ilc_nnqq_sgv_10m_3cat_parquet,val50k_tail,150000,proxy
47,47,11520000,,lr_14e-6,1.102248e-05,validation_total_reference_mistag_geomean_percent,0.3971528898689272,min,0.961016595404052,0.961016595404052,0.5444855943157906,0.2896870359434336,0.3971528898689272,,0.17859293749083682,0.07012201333037278,2.893606875495341,0.19433814600175123,0.5064614092495823,0.05810109562268672,2.666961566896893,1.1199487191449522,0.017940386454544963,0.019939840937196855,89,49834,0.010890341457699343,0.012890977671495014,35,49913,0.0741497222185368,0.07604021657894727,1442,49834,0.01874007787755398,0.02073573688511185,97,49913,0.03084371283880215,0.03283308293396603,252,49757,0.009831610329323127,0.011832728208238566,29,49913,0.07128324204578387,0.0731857718326491,1327,49757,0.0461332050793465,0.048091775872680445,559,49913,0.89104,0.9726195967768655,0.28844,0.3812663512013371,0.29398,False,/data/suehara/part/march/datasets/20250711_ilc_nnqq_sgv_10m_3cat_parquet,val50k_tail,150000,proxy
47,47,11520000,,lr_3e-6,7.34832e-06,validation_total_reference_mistag_geomean_percent,0.3997382582198742,min,0.9668731713815366,0.9668731713815366,0.545808035995117,0.2927598432905601,0.3997382582198742,,0.18447224263594442,0.07017825207493585,2.917468854486366,0.19449400575267303,0.5084507358050844,0.05814769358010991,2.6829317218931013,1.1188418648240785,0.01824171802188978,0.02023941327788173,92,49872,0.010899073543966034,0.012901312054903113,35,49873,0.07442186675057118,0.07630996376819972,1455,49872,0.018755095555528428,0.020752348873297275,97,49873,0.03090523806055347,0.032894448240114185,253,49759,0.009839493916792823,0.01184221486577844,29,49873,0.0714921149850424,0.07339392641064826,1335,49759,0.04612827266570127,0.04808845866007411,558,49873,0.891,0.9726433032120325,0.28854,0.3812663512013371,0.29336,False,/data/suehara/part/march/datasets/20250711_ilc_nnqq_sgv_10m_3cat_parquet,val50k_tail,150000,proxy
47,47,11520000,,lr_6e-6,8.266860000000001e-06,validation_total_reference_mistag_geomean_percent,0.3869672945494565,min,0.9612726446145641,0.9612726446145641,0.5341713246793243,0.28032895090506876,0.3869672945494565,,0.18415100922261163,0.06433324621539575,2.946416147561786,0.17691642361894724,0.4979519583038177,0.05629159209622619,2.6805076669488854,1.0836131129488427,0.01820997641363265,0.02020420575695441,92,49959,0.010409189088563886,0.012416975938862807,32,49741,0.07471972937765602,0.07660337965543183,1472,49959,0.01786744856768327,0.019870708733052866,88,49741,0.03056257983796327,0.03255041431354895,248,49804,0.009678245515921865,0.01168635570085861,28,49741,0.07142837276261534,0.07332856320173796,1335,49804,0.04544749329458454,0.047414297479541484,539,49741,0.89098,0.9726868857527449,0.28831,0.3812663512013371,0.29504,False,/data/suehara/part/march/datasets/20250711_ilc_nnqq_sgv_10m_3cat_parquet,val50k_tail,150000,proxy
47,47,11520000,,lr_9e-6,9.1854e-06,validation_total_reference_mistag_geomean_percent,0.39754170082680135,min,0.9630248133821144,0.9630248133821144,0.5449861905873729,0.2899879054291908,0.39754170082680135,,0.17859293749083682,0.07012201333037278,2.9056468379487606,0.19433814600175123,0.5084711703534369,0.05810109562268672,2.6709810901622197,1.1179452161468504,0.017940386454544963,0.019939840937196855,89,49834,0.010890341457699343,0.012890977671495014,35,49913,0.07430134026804626,0.07619135143500967,1448,49834,0.01874007787755398,0.02073573688511185,97,49913,0.030906477419883043,0.032895766733364876,253,49757,0.009831610329323127,0.011832728208238566,29,49913,0.07133623387586482,0.07323860209936597,1329,49757,0.046091501818232294,0.04805015288908629,558,49913,0.89105,0.9726139777839068,0.28847,0.3812663512013371,0.294,False,/data/suehara/part/march/datasets/20250711_ilc_nnqq_sgv_10m_3cat_parquet,val50k_tail,150000,proxy
48,48,11760000,,lr_14e-6,1.102248e-05,validation_total_reference_mistag_geomean_percent,0.4085926226205586,min,0.9954751938784739,0.9954751938784739,0.5659716349482093,0.29497579198509344,0.4085926226205586,,0.18022709449921256,0.07017543859649122,3.077878266570671,0.19448622529705029,0.5232230527274008,0.06416040100250626,2.736859095459633,1.1167919768748262,0.018008853696654795,0.020004118741865716,90,49937,0.0108986366070922,0.012900794942219428,35,49875,0.07635579867901025,0.07823501378067844,1537,49937,0.018754344100006468,0.02075151764176844,97,49875,0.03138325210115898,0.0333745497465409,260,49692,0.010381229407629857,0.012383628942436067,32,49875,0.07224524641753736,0.07414745159525747,1360,49692,0.046084659563374285,0.048044849154361795,557,49875,0.89023,0.9724284391940706,0.29016,0.3812663512013371,0.29272,False,/data/suehara/part/march/datasets/20250711_ilc_nnqq_sgv_10m_3cat_parquet,val50k_tail,150000,proxy
48,48,11760000,,lr_3e-6,7.34832e-06,validation_total_reference_mistag_geomean_percent,0.3983036573866395,min,0.9764360022504754,0.9764360022504754,0.5518354058553058,0.28748754031409735,0.3983036573866395,,0.192778818897925,0.06422349777224742,2.988071945619607,0.1846425497621476,0.5172413929180644,0.060209527981407954,2.702485931597036,1.101834353455367,0.01868149915298944,0.020681829327231473,96,49798,0.010391436032743865,0.012395802199770864,32,49826,0.07535710446051266,0.07724517161808164,1488,49798,0.018258545704222813,0.020258078385054647,92,49826,0.031141630669490397,0.03312566301129152,258,49880,0.010032632452327531,0.012037159735561038,30,49826,0.07166273204354291,0.07355914607027371,1348,49880,0.045793826017835604,0.047756543645480556,549,49826,0.8905,0.9724488360615545,0.28944,0.3812663512013371,0.29445,False,/data/suehara/part/march/datasets/20250711_ilc_nnqq_sgv_10m_3cat_parquet,val50k_tail,150000,proxy
48,48,11760000,,lr_6e-6,8.266860000000001e-06,validation_total_reference_mistag_geomean_percent,0.4088548505064285,min,0.9949742055260472,0.9949742055260472,0.567067648837773,0.2947836807922997,0.4088548505064285,,0.18022709449921256,0.07017543859649122,3.069867880823397,0.19448622529705029,0.5252354406973475,0.06416040100250626,2.7328341457485132,1.1228070175438596,0.018008853696654795,0.020004118741865716,90,49937,0.0108986366070922,0.012900794942219428,35,49875,0.07625819933814205,0.07813773524131297,1533,49937,0.018754344100006468,0.02075151764176844,97,49875,0.03144511211962486,0.0334363287718545,261,49692,0.010381229407629857,0.012383628942436067,32,49875,0.072192847988585,0.07409521515261003,1358,49692,0.04620986321819086,0.04816981160949939,560,49875,0.8902,0.9724209207549036,0.29019,0.3812663512013371,0.29274,False,/data/suehara/part/march/datasets/20250711_ilc_nnqq_sgv_10m_3cat_parquet,val50k_tail,150000,proxy
48,48,11760000,,lr_9e-6,9.1854e-06,validation_total_reference_mistag_geomean_percent,0.4054395321941532,min,0.9798970235102394,0.9798970235102394,0.5457362645584299,0.30120998903897117,0.4054395321941532,,0.19279043324542997,0.07210527510996671,2.986243712682491,0.19828949891660277,0.5062070534842634,0.05808480253542432,2.713832424905922,1.1116229872018162,0.018682623725898566,0.020683073945160852,96,49795,0.011054643226134487,0.013054639009113989,36,49927,0.07533668608956379,0.07722494042329622,1487,49795,0.018936378574813378,0.020931319709940974,99,49927,0.030828259284770062,0.032816640577066916,252,49782,0.009828854057407821,0.011829411467926414,29,49927,0.07188068220984334,0.07378037357802722,1351,49782,0.04595333853340891,0.04791169364598939,555,49927,0.89064,0.9724768079709484,0.28967,0.3812663512013371,0.29256,False,/data/suehara/part/march/datasets/20250711_ilc_nnqq_sgv_10m_3cat_parquet,val50k_tail,150000,proxy
49,49,12000000,,lr_14e-6,1.102248e-05,validation_total_reference_mistag_geomean_percent,0.3985607227115321,min,0.9719100335475583,0.9719100335475583,0.5482904537524987,0.2897198895241842,0.3985607227115321,,0.17439412305429847,0.06832110720225566,3.0027863608638006,0.1969255503269242,0.49145469795700897,0.06229277406102122,2.6759206745658917,1.103184980349265,0.017708446346498437,0.01970594497820405,87,49887,0.010752417769762237,0.01275907608631519,34,49765,0.07547262590292154,0.07735673485509374,1498,49887,0.018897125271873136,0.020898615222840262,98,49765,0.03034297676019317,0.03232915794463839,245,49852,0.010225988421139632,0.012232889004829408,31,49765,0.07133412856508217,0.07323267345805337,1334,49852,0.04584966468412083,0.04781473380885068,549,49765,0.89048,0.9726681974783163,0.28875,0.3812663512013371,0.29373,False,/data/suehara/part/march/datasets/20250711_ilc_nnqq_sgv_10m_3cat_parquet,val50k_tail,150000,proxy
49,49,12000000,,lr_3e-6,7.34832e-06,validation_total_reference_mistag_geomean_percent,0.3849132779429867,min,0.9732905744163493,0.9732905744163493,0.5353853393107082,0.27673195483380997,0.3849132779429867,,0.17508199755479353,0.06011301275750468,3.022680248802892,0.1843465643399214,0.5029354528821096,0.0561054772013284,2.7110426713301323,1.074019170462113,0.01777824303659881,0.01978359271031685,87,49691,0.01001655366965245,0.012017871600505318,30,49906,0.07586517480774498,0.07775591455807009,1502,49691,0.01822930009203014,0.02022563942031862,92,49906,0.030688519956642395,0.03267205223764138,251,49907,0.009646253886233162,0.011647732417168735,28,49906,0.07175537901758892,0.0736504241991582,1353,49907,0.04517037576114505,0.04713106187106894,536,49906,0.89084,0.9724976786632684,0.28891,0.3812663512013371,0.29377,False,/data/suehara/part/march/datasets/20250711_ilc_nnqq_sgv_10m_3cat_parquet,val50k_tail,150000,proxy
49,49,12000000,,lr_6e-6,8.266860000000001e-06,validation_total_reference_mistag_geomean_percent,0.38662417177783925,min,0.9647700432176466,0.9647700432176466,0.5392249124949369,0.2772094662898271,0.38662417177783925,,0.1823208834194602,0.05810924353355557,2.9592081625668025,0.188354097425881,0.49913457242637926,0.05810924353355557,2.688886137656684,1.0840380051788552,0.018122776859387554,0.020118957378099826,91,49912,0.009832989045060928,0.011834387275955151,29,49906,0.07491383667425494,0.0767987480918643,1477,49912,0.018436300494631255,0.020432479222837044,94,49906,0.03063499790891544,0.032627505624613015,248,49686,0.009832989045060928,0.011834387275955151,29,49906,0.07162221265035844,0.07352657853256679,1336,49686,0.04538288427689725,0.04734316888661445,541,49906,0.89083,0.9726000522884316,0.28869,0.3812663512013371,0.29307,False,/data/suehara/part/march/datasets/20250711_ilc_nnqq_sgv_10m_3cat_parquet,val50k_tail,150000,proxy
49,49,12000000,,lr_9e-6,9.1854e-06,validation_total_reference_mistag_geomean_percent,0.3848614462837726,min,0.9727852885672588,0.9727852885672588,0.5355981120174633,0.276547526050293,0.3848614462837726,,0.17508199755479353,0.06011301275750468,3.014630405787855,0.1843465643399214,0.5009317180140277,0.0561054772013284,2.7110426713301323,1.0800304615525076,0.01777824303659881,0.01978359271031685,87,49691,0.01001655366965245,0.012017871600505318,30,49906,0.07576586754131052,0.07765693127728505,1498,49691,0.01822930009203014,0.02022563942031862,92,49906,0.030625689964515913,0.03260930254233825,250,49907,0.009646253886233162,0.011647732417168735,28,49906,0.07175537901758892,0.0736504241991582,1353,49907,0.04529800296488359,0.04725844817468367,539,49906,0.89085,0.9725044686145101,0.28886,0.3812663512013371,0.29376,False,/data/suehara/part/march/datasets/20250711_ilc_nnqq_sgv_10m_3cat_parquet,val50k_tail,150000,proxy
