generation,training_chunk,samples_seen,epoch_fraction,trial,LR,optimization_metric_name,optimization_metric_value,optimization_metric_mode,controller_objective_mistag_percent,validation_working_point_mistag_percent,ctag_score,btag_score,total_mistag_score,group_score_warning,btag_c_mistag_percent_at_0p80,btag_d_mistag_percent_at_0p80,btag_c_mistag_percent_at_0p90,btag_d_mistag_percent_at_0p90,ctag_b_mistag_percent_at_0p50,ctag_d_mistag_percent_at_0p50,ctag_b_mistag_percent_at_0p80,ctag_d_mistag_percent_at_0p80,btag_c_mistag_percent_at_0p80_err_low,btag_c_mistag_percent_at_0p80_err_high,btag_c_mistag_percent_at_0p80_passed,btag_c_mistag_percent_at_0p80_total,btag_d_mistag_percent_at_0p80_err_low,btag_d_mistag_percent_at_0p80_err_high,btag_d_mistag_percent_at_0p80_passed,btag_d_mistag_percent_at_0p80_total,btag_c_mistag_percent_at_0p90_err_low,btag_c_mistag_percent_at_0p90_err_high,btag_c_mistag_percent_at_0p90_passed,btag_c_mistag_percent_at_0p90_total,btag_d_mistag_percent_at_0p90_err_low,btag_d_mistag_percent_at_0p90_err_high,btag_d_mistag_percent_at_0p90_passed,btag_d_mistag_percent_at_0p90_total,ctag_b_mistag_percent_at_0p50_err_low,ctag_b_mistag_percent_at_0p50_err_high,ctag_b_mistag_percent_at_0p50_passed,ctag_b_mistag_percent_at_0p50_total,ctag_d_mistag_percent_at_0p50_err_low,ctag_d_mistag_percent_at_0p50_err_high,ctag_d_mistag_percent_at_0p50_passed,ctag_d_mistag_percent_at_0p50_total,ctag_b_mistag_percent_at_0p80_err_low,ctag_b_mistag_percent_at_0p80_err_high,ctag_b_mistag_percent_at_0p80_passed,ctag_b_mistag_percent_at_0p80_total,ctag_d_mistag_percent_at_0p80_err_low,ctag_d_mistag_percent_at_0p80_err_high,ctag_d_mistag_percent_at_0p80_passed,ctag_d_mistag_percent_at_0p80_total,validation_accuracy,validation_auc,validation_loss,best_so_far,training_loss,validation_shutdown_warning,validation_dataset,validation_suffix,validation_sample_count,evaluation_type
0,0,0,,lr_11_25e-6,1.125e-05,validation_total_reference_mistag_geomean_percent,0.4056103289418057,min,0.981499985198518,0.981499985198518,0.5556660592682817,0.2960766384776578,0.4056103289418057,,0.18399999640625006,0.07000000085449219,3.0439998388263025,0.1960000040673829,0.5,0.064,2.6840000143341065,1.11000002709961,0.018195055988739096,0.02018765613673616,92,50000,0.010871397397403768,0.01286855745420266,35,50000,0.0758947789380661,0.07777298137401772,1522,50000,0.018808383644857783,0.020800503802454642,98,50000,0.030568856298993086,0.03254881669978501,250,50000,0.0103552826863133,0.012352682738312273,32,50000,0.07133588130421552,0.07322848345217327,1342,50000,0.04588659993469378,0.04784216082347609,555,50000,0.8898466666666667,0.9722661659333333,0.2903528645833333,0.4056103289418057,0.30021008090616746,False,/data/suehara/part/march/datasets/20250711_ilc_nnqq_sgv_10m_3cat_parquet,val50k_tail,,full_reference
0,0,0,,lr_14e-6,1.4e-05,validation_total_reference_mistag_geomean_percent,0.40053275216222844,min,0.9714999968333065,0.9714999968333065,0.5523681485533428,0.29043399040079976,0.40053275216222844,,0.17599999828125001,0.07000000085449219,3.0079998678125057,0.1920000075000003,0.49600000847656267,0.064,2.6660000581723033,1.100000033569337,0.017774964627493357,0.019767884769090572,88,50000,0.010871397397403768,0.01286855745420266,35,50000,0.07545262139027134,0.07733226379742358,1504,50000,0.018606088111257617,0.020598368265654594,96,50000,0.030443045883779725,0.03242316628137183,248,50000,0.0103552826863133,0.012352682738312273,32,50000,0.07109944397904328,0.07299276611260133,1333,50000,0.045677275754512324,0.047633236635294916,550,50000,0.89006,0.9723770222999999,0.2897983463541667,0.40053275216222844,0.29958768476768405,False,/data/suehara/part/march/datasets/20250711_ilc_nnqq_sgv_10m_3cat_parquet,val50k_tail,,full_reference
0,0,0,,lr_3e-6,3e-06,validation_total_reference_mistag_geomean_percent,0.42714723417271805,min,1.026999998755408,1.026999998755408,0.5841546718522205,0.3123398107608737,0.42714723417271805,,0.186000003178711,0.07600000259765634,3.2060000964940674,0.20999999359130878,0.5379999840740971,0.06799999900390627,2.791999925019533,1.1399999860839845,0.018298640498242997,0.020291160647840055,93,50000,0.011365939057076106,0.013362859118674898,38,50000,0.07784981628743762,0.07972153885298719,1603,50000,0.019500590223149507,0.021492150391946158,105,50000,0.03173948695166986,0.03371792738286125,269,50000,0.010701894656100771,0.01269913471129969,34,50000,0.07273677610516623,0.07462505833952214,1396,50000,0.04650879434023661,0.048463155253018406,570,50000,0.8887733333333333,0.9715178964,0.29435072916666666,0.40053275216222844,0.30468514803389385,False,/data/suehara/part/march/datasets/20250711_ilc_nnqq_sgv_10m_3cat_parquet,val50k_tail,,full_reference
0,0,0,,lr_5_75e-6,5.75e-06,validation_total_reference_mistag_geomean_percent,0.41320674756589015,min,1.0072499901874548,1.0072499901874548,0.566416596821658,0.3014385828241195,0.41320674756589015,,0.18199999600097666,0.07000000085449219,3.1459999402348338,0.20600000150878908,0.5220000113104251,0.064,2.7459999298164384,1.1220000417736833,0.018090905588142768,0.020083585734539902,91,50000,0.010871397397403768,0.01286855745420266,35,50000,0.0771322021242405,0.07900632464179075,1573,50000,0.019305243198633602,0.02129696336423035,103,50000,0.031251873209490244,0.03323095362788185,261,50000,0.0103552826863133,0.012352682738312273,32,50000,0.07214376156805119,0.07403388376560766,1373,50000,0.046136507665685625,0.04809158856406773,561,50000,0.8894466666666667,0.9719082595333332,0.2921647265625,0.40053275216222844,0.30231294858949054,False,/data/suehara/part/march/datasets/20250711_ilc_nnqq_sgv_10m_3cat_parquet,val50k_tail,,full_reference
0,0,0,,lr_8_5e-6,8.5e-06,validation_total_reference_mistag_geomean_percent,0.40666422027745114,min,0.9917499918335733,0.9917499918335733,0.5552410539922645,0.2978450294062212,0.40666422027745114,,0.18000000439453137,0.07000000085449219,3.0920000467083746,0.2020000022192383,0.5080000158129888,0.062000001059570334,2.703999876220709,1.115999987398682,0.017986179985518026,0.019978940130315186,90,50000,0.010871397397403768,0.01286855745420266,35,50000,0.07647988622131487,0.07835616869566568,1546,50000,0.019107983742976033,0.02109986390537279,101,50000,0.03081895606436777,0.03279859647155967,254,50000,0.010177937621807402,0.012175417672206403,31,50000,0.0715975836400002,0.07348938580395738,1352,50000,0.04601172728080586,0.047967048174388065,558,50000,0.8896866666666666,0.9721211618333333,0.291069453125,0.40053275216222844,0.30104801299796574,False,/data/suehara/part/march/datasets/20250711_ilc_nnqq_sgv_10m_3cat_parquet,val50k_tail,,full_reference
1,1,0,,lr_11_25e-6,1.125e-05,validation_total_reference_mistag_geomean_percent,0.3907633397531811,min,0.9567499870860486,0.9567499870860486,0.5400840029161262,0.28272636639966053,0.3907633397531811,,0.17000000103759766,0.06600000112792971,2.965999913331759,0.1920000075000003,0.48399999527343757,0.062000001059570334,2.6399999919433594,1.0739999854147342,0.017453579376129062,0.019446739512926376,85,50000,0.010529894247015226,0.01252721430061417,33,50000,0.07493309319926318,0.07681441557281614,1483,50000,0.018606088111257617,0.020598368265654594,96,50000,0.030062498529499684,0.03204309891749199,242,50000,0.010177937621807402,0.012175417672206403,31,50000,0.07075639167085507,0.0726507537836131,1320,50000,0.0451283910866988,0.047085391946681716,537,50000,0.89074,0.9726799288333333,0.28830046875,0.3907633397531811,0.2959629621592548,False,/data/suehara/part/march/datasets/20250711_ilc_nnqq_sgv_10m_3cat_parquet,val50k_tail,,full_reference
1,1,0,,lr_14e-6,1.4e-05,validation_total_reference_mistag_geomean_percent,0.386860022271133,min,0.951500021807443,0.951500021807443,0.5387953148584725,0.2777690761303918,0.386860022271133,,0.1639999983984375,0.064,2.9540001559576496,0.1920000075000003,0.48200001765136785,0.062000001059570334,2.6160000279418947,1.0779999659506236,0.01712646030715213,0.019119860439149504,82,50000,0.0103552826863133,0.012352682738312273,32,50000,0.07478391844655714,0.0766657208105103,1477,50000,0.018606088111257617,0.020598368265654594,96,50000,0.029998611176793727,0.031979291563185956,241,50000,0.010177937621807402,0.012175417672206403,31,50000,0.07043810112523918,0.07233342321879763,1308,50000,0.04521327765613474,0.047170118519317475,539,50000,0.89084,0.9727892493,0.28777466145833336,0.386860022271133,0.29543557165209194,False,/data/suehara/part/march/datasets/20250711_ilc_nnqq_sgv_10m_3cat_parquet,val50k_tail,,full_reference
1,1,0,,lr_3e-6,3e-06,validation_total_reference_mistag_geomean_percent,0.4104471693326184,min,1.0040000256581982,1.0040000256581982,0.5643996671137852,0.29848862185667363,0.4104471693326184,,0.18000000439453137,0.07000000085449219,3.1500000931263,0.2,0.518000018495484,0.064,2.7280000466210947,1.1220000417736833,0.017986179985518026,0.019978940130315186,90,50000,0.010871397397403768,0.01286855745420266,35,50000,0.07718027615002537,0.07905423867077682,1575,50000,0.01900861920277211,0.02100057936356898,100,50000,0.031128789714084983,0.03310803012927677,259,50000,0.0103552826863133,0.012352682738312273,32,50000,0.071910244439366,0.07380108662252277,1364,50000,0.046136507665685625,0.04809158856406773,561,50000,0.8896333333333334,0.9719980554666666,0.29167483072916667,0.386860022271133,0.29934857487820377,False,/data/suehara/part/march/datasets/20250711_ilc_nnqq_sgv_10m_3cat_parquet,val50k_tail,,full_reference
1,1,0,,lr_5_75e-6,5.75e-06,validation_total_reference_mistag_geomean_percent,0.40084792301144734,min,0.9762499920361145,0.9762499920361145,0.5533873197768371,0.29035550985770286,0.40084792301144734,,0.17599999828125001,0.06799999900390627,3.0300000566368115,0.1960000040673829,0.49600000847656267,0.064,2.6759998913855023,1.1039999784375005,0.017774964627493357,0.019767884769090572,88,50000,0.010701894656100771,0.01269913471129969,34,50000,0.07572317100037439,0.07760193342512649,1515,50000,0.018808383644857783,0.020800503802454642,98,50000,0.030443045883779725,0.03242316628137183,248,50000,0.0103552826863133,0.012352682738312273,32,50000,0.07123090446047621,0.07312382660203363,1338,50000,0.045761122843420744,0.04771692372740315,552,50000,0.89006,0.9723438812000001,0.28995872395833333,0.386860022271133,0.2975997714443697,False,/data/suehara/part/march/datasets/20250711_ilc_nnqq_sgv_10m_3cat_parquet,val50k_tail,,full_reference
1,1,0,,lr_8_5e-6,8.5e-06,validation_total_reference_mistag_geomean_percent,0.40028764026032354,min,0.9715000100048258,0.9715000100048258,0.5511990884187725,0.29069386780887346,0.40028764026032354,,0.17399999915039063,0.07000000085449219,3.0220000645568863,0.19399999597412118,0.49600000847656267,0.064,2.6579999924967956,1.0940000185293581,0.01766845491625471,0.01966145505625193,87,50000,0.010871397397403768,0.01286855745420266,35,50000,0.0756249142059958,0.07750399662434758,1511,50000,0.018707497323864092,0.02069969747986102,97,50000,0.030443045883779725,0.03242316628137183,248,50000,0.0103552826863133,0.012352682738312273,32,50000,0.07099408314384589,0.07288772527100362,1329,50000,0.045551209465195634,0.04750741034117833,547,50000,0.8903133333333333,0.9725399742333334,0.28899501302083336,0.386860022271133,0.2966406064507849,False,/data/suehara/part/march/datasets/20250711_ilc_nnqq_sgv_10m_3cat_parquet,val50k_tail,,full_reference
2,2,0,,lr_11_25e-6,1.125e-05,validation_total_reference_mistag_geomean_percent,0.385323096336799,min,0.9384999921146592,0.9384999921146592,0.535438497636712,0.2772940108451366,0.385323096336799,,0.16,0.06600000112792971,2.8859998993757663,0.19399999597412118,0.4780000087524416,0.062000001059570334,2.5920000632812514,1.0699999673461924,0.016905040537556128,0.0188986006663536,80,50000,0.010529894247015226,0.01252721430061417,33,50000,0.07393227276647207,0.07581679507602662,1443,50000,0.018707497323864092,0.02069969747986102,97,50000,0.02987043242024985,0.031851272803442264,239,50000,0.010177937621807402,0.012175417672206403,31,50000,0.07011822724509453,0.07201450931945338,1296,50000,0.045043341287912854,0.047000502144695956,535,50000,0.8909066666666666,0.9729179145333333,0.287163046875,0.385323096336799,0.2941577804800332,False,/data/suehara/part/march/datasets/20250711_ilc_nnqq_sgv_10m_3cat_parquet,val50k_tail,,full_reference
2,2,0,,lr_14e-6,1.4e-05,validation_total_reference_mistag_geomean_percent,0.38392432857002357,min,0.9307499912046825,0.9307499912046825,0.534007562033273,0.27602210258355725,0.38392432857002357,,0.15800000385742197,0.06600000112792971,2.8399998569946363,0.1960000040673829,0.4760000078442384,0.062000001059570334,2.5800000393676763,1.0680000153186038,0.01679329124440016,0.018786931371597638,79,50000,0.010529894247015226,0.01252721430061417,33,50000,0.07334993576622283,0.07523629803897793,1420,50000,0.018808383644857783,0.020800503802454642,98,50000,0.02980613933575762,0.03178705971734995,238,50000,0.010177937621807402,0.012175417672206403,31,50000,0.06995768987239775,0.07185445193715681,1290,50000,0.04500075489478703,0.046957995749970054,534,50000,0.8911133333333333,0.9730304018333333,0.28662266927083335,0.38392432857002357,0.29360538717540074,False,/data/suehara/part/march/datasets/20250711_ilc_nnqq_sgv_10m_3cat_parquet,val50k_tail,,full_reference
2,2,0,,lr_3e-6,1.68e-05,validation_total_reference_mistag_geomean_percent,0.3809180749224727,min,0.9264999709399047,0.9264999709399047,0.5299936957226873,0.27377416179411235,0.3809180749224727,,0.15400000056396485,0.06600000112792971,2.8199998558502273,0.1960000040673829,0.4800000117187503,0.060000001464843786,2.569999909805301,1.0659999829208378,0.016567647735853033,0.018561447859850606,77,50000,0.010529894247015226,0.01252721430061417,33,50000,0.07309514339128298,0.07498230564803796,1410,50000,0.018808383644857783,0.020800503802454642,98,50000,0.029934589419030114,0.031915349803822435,240,50000,0.009997726831193746,0.011995286879992793,30,50000,0.06982360029967154,0.07172076235643053,1285,50000,0.044958127353995556,0.046915448207578495,533,50000,0.8911466666666666,0.9730688977333334,0.286427265625,0.3809180749224727,0.2935170333559574,False,/data/suehara/part/march/datasets/20250711_ilc_nnqq_sgv_10m_3cat_parquet,val50k_tail,,full_reference
2,2,0,,lr_5_75e-6,5.75e-06,validation_total_reference_mistag_geomean_percent,0.3948634881586438,min,0.9650000255097206,0.9650000255097206,0.5442256206447548,0.286493631255532,0.3948634881586438,,0.17200000713867217,0.06799999900390627,3.0000001144409225,0.1920000075000003,0.4939999911053468,0.062000001059570334,2.6520000574621596,1.080000026367188,0.01756133006938351,0.019554410207780776,86,50000,0.010701894656100771,0.01269913471129969,34,50000,0.0753539711614265,0.07723393356217911,1500,50000,0.018606088111257617,0.020598368265654594,96,50000,0.030379947879903297,0.032360148275895326,247,50000,0.010177937621807402,0.012175417672206403,31,50000,0.07091494976198438,0.07280883188434221,1326,50000,0.04525566001061052,0.04721242087539334,540,50000,0.8903866666666667,0.9725787213333333,0.28879842447916665,0.3809180749224727,0.29584353475997155,False,/data/suehara/part/march/datasets/20250711_ilc_nnqq_sgv_10m_3cat_parquet,val50k_tail,,full_reference
2,2,0,,lr_8_5e-6,8.5e-06,validation_total_reference_mistag_geomean_percent,0.3871629231342908,min,0.9477500027710726,0.9477500027710726,0.537985706092329,0.27862288412577974,0.3871629231342908,,0.16599999189453166,0.064,2.9240000254315186,0.19399999597412118,0.4800000117187503,0.062000001059570334,2.6160000279418947,1.0759999681481942,0.01723615601969021,0.01922947615328758,83,50000,0.0103552826863133,0.012352682738312273,32,50000,0.07440952647155066,0.07629252881150433,1462,50000,0.018707497323864092,0.02069969747986102,97,50000,0.029934589419030114,0.031915349803822435,240,50000,0.010177937621807402,0.012175417672206403,31,50000,0.07043810112523918,0.07233342321879763,1308,50000,0.04517085471880244,0.04712777558038544,538,50000,0.8908466666666667,0.9727741971666667,0.28784885416666667,0.3809180749224727,0.2948637190075515,False,/data/suehara/part/march/datasets/20250711_ilc_nnqq_sgv_10m_3cat_parquet,val50k_tail,,full_reference
3,3,0,,lr_11_25e-6,1.125e-05,validation_total_reference_mistag_geomean_percent,0.3773425687185667,min,0.9255000081571588,0.9255000081571588,0.5240143162219606,0.2717242826373739,0.3773425687185667,,0.15400000056396485,0.064,2.8220001123873946,0.1960000040673829,0.4740000115722659,0.057999999716796875,2.5679999216308618,1.0680000153186038,0.016567647735853033,0.018561447859850606,77,50000,0.0103552826863133,0.012352682738312273,32,50000,0.07312066680913686,0.07500774906749226,1411,50000,0.018808383644857783,0.020800503802454642,98,50000,0.029741709311993398,0.03172270969198582,237,50000,0.009814507069923326,0.0118121471171224,29,50000,0.06979674858559846,0.07169399064075772,1284,50000,0.04500075489478703,0.046957995749970054,534,50000,0.8911533333333334,0.9730771636666667,0.2864210546875,0.3773425687185667,0.2929826640549668,False,/data/suehara/part/march/datasets/20250711_ilc_nnqq_sgv_10m_3cat_parquet,val50k_tail,,full_reference
3,3,0,,lr_14e-6,1.4e-05,validation_total_reference_mistag_geomean_percent,0.37306026456884217,min,0.9162499871800235,0.9162499871800235,0.517865711033257,0.26874527128373027,0.37306026456884217,,0.15200000519531268,0.064,2.7639999299890152,0.19399999597412118,0.4679999934301759,0.05600000164062505,2.56,1.0719999712109383,0.016453725795685745,0.018447605918083324,76,50000,0.0103552826863133,0.012352682738312273,32,50000,0.07237644890006091,0.07426585111201707,1382,50000,0.018707497323864092,0.02069969747986102,97,50000,0.029547588933737535,0.031528829308930056,234,50000,0.009628122740163846,0.011625842785762949,28,50000,0.06968922863662165,0.07158679068538128,1280,50000,0.045085886647388586,0.04704296750577142,536,50000,0.89134,0.9731898208333333,0.2858844401041667,0.37306026456884217,0.29241552990777053,False,/data/suehara/part/march/datasets/20250711_ilc_nnqq_sgv_10m_3cat_parquet,val50k_tail,,full_reference
3,3,0,,lr_3e-6,1.68e-05,validation_total_reference_mistag_geomean_percent,0.37018252706530225,min,0.9112500019734963,0.9112500019734963,0.512328888412539,0.26747487101314776,0.37018252706530225,,0.14599999750488285,0.06600000112792971,2.7379999431811535,0.19399999597412118,0.46600001038146993,0.05400000131835941,2.554000095089115,1.0719999712109383,0.0161073831476864,0.01810150326528408,73,50000,0.010529894247015226,0.01252721430061417,33,50000,0.07204007909362084,0.07393052128477767,1369,50000,0.018707497323864092,0.02069969747986102,97,50000,0.029482602435364127,0.03146392280895674,233,50000,0.0094384043456773,0.011436204389676428,27,50000,0.06960846956612296,0.07150627161008269,1277,50000,0.045085886647388586,0.04704296750577142,536,50000,0.8914533333333333,0.9732434327333334,0.28563908854166664,0.37018252706530225,0.29218996296345223,False,/data/suehara/part/march/datasets/20250711_ilc_nnqq_sgv_10m_3cat_parquet,val50k_tail,,full_reference
3,3,0,,lr_5_75e-6,2.0159999999999997e-05,validation_total_reference_mistag_geomean_percent,0.37191035111930665,min,0.9114999843238455,0.9114999843238455,0.5150475583625443,0.26855249971367456,0.37191035111930665,,0.14599999750488285,0.06600000112792971,2.7539999310827654,0.1960000040673829,0.4620000125482181,0.05600000164062505,2.5419999592727667,1.0699999673461924,0.0161073831476864,0.01810150326528408,73,50000,0.010529894247015226,0.01252721430061417,33,50000,0.07224728013373455,0.07413708233769065,1377,50000,0.018808383644857783,0.020800503802454642,98,50000,0.02935220449491096,0.031333684865303586,231,50000,0.009628122740163846,0.011625842785762949,28,50000,0.0694466436247855,0.07134492565914544,1271,50000,0.045043341287912854,0.047000502144695956,535,50000,0.89146,0.9732736849,0.28548994791666665,0.37018252706530225,0.29212881415571973,False,/data/suehara/part/march/datasets/20250711_ilc_nnqq_sgv_10m_3cat_parquet,val50k_tail,,full_reference
3,3,0,,lr_8_5e-6,8.5e-06,validation_total_reference_mistag_geomean_percent,0.38245866362828845,min,0.9339999783169757,0.9339999783169757,0.5339040363238092,0.27397176165122994,0.38245866362828845,,0.15800000385742197,0.064,2.8719998746655326,0.19399999597412118,0.4760000078442384,0.062000001059570334,2.577999927816317,1.0680000153186038,0.01679329124440016,0.018786931371597638,79,50000,0.0103552826863133,0.012352682738312273,32,50000,0.07375557880978205,0.07564066110813637,1436,50000,0.018707497323864092,0.02069969747986102,97,50000,0.02980613933575762,0.03178705971734995,238,50000,0.010177937621807402,0.012175417672206403,31,50000,0.06993089444829736,0.07182773651145669,1289,50000,0.04500075489478703,0.046957995749970054,534,50000,0.89106,0.9729320300666666,0.2870968359375,0.37018252706530225,0.29370081455904906,False,/data/suehara/part/march/datasets/20250711_ilc_nnqq_sgv_10m_3cat_parquet,val50k_tail,,full_reference
4,4,0,,lr_11_25e-6,1.125e-05,validation_total_reference_mistag_geomean_percent,0.37697447736059264,min,0.9129999826800164,0.9129999826800164,0.52102440625197,0.27275067132376707,0.37697447736059264,,0.15200000519531268,0.06799999900390627,2.7600000042114257,0.19399999597412118,0.46999999282836924,0.057999999716796875,2.535999881589361,1.0659999829208378,0.016453725795685745,0.018447605918083324,76,50000,0.010701894656100771,0.01269913471129969,34,50000,0.07232481191020226,0.07421437411895826,1380,50000,0.018707497323864092,0.02069969747986102,97,50000,0.029612434987299607,0.031593595364092036,235,50000,0.009814507069923326,0.0118121471171224,29,50000,0.06936557604661046,0.0712640980761705,1268,50000,0.044958127353995556,0.046915448207578495,533,50000,0.8914666666666666,0.9732092643,0.28579115885416667,0.37018252706530225,0.2923716441874386,False,/data/suehara/part/march/datasets/20250711_ilc_nnqq_sgv_10m_3cat_parquet,val50k_tail,,full_reference
4,4,0,,lr_14e-6,1.4e-05,validation_total_reference_mistag_geomean_percent,0.37323765785111546,min,0.9102499881687556,0.9102499881687556,0.5137041460409155,0.271180114686267,0.37323765785111546,,0.14599999750488285,0.07000000085449219,2.7560000487817393,0.1920000075000003,0.459999984558106,0.05600000164062505,2.535999881589361,1.0659999829208378,0.0161073831476864,0.01810150326528408,73,50000,0.010871397397403768,0.01286855745420266,35,50000,0.07227313424578302,0.07416285645133955,1378,50000,0.018606088111257617,0.020598368265654594,96,50000,0.029286791223827584,0.03126835159262013,230,50000,0.009628122740163846,0.011625842785762949,28,50000,0.06936557604661046,0.0712640980761705,1268,50000,0.044958127353995556,0.046915448207578495,533,50000,0.8916066666666667,0.9733251105999999,0.2852461848958333,0.37018252706530225,0.2917732936954861,False,/data/suehara/part/march/datasets/20250711_ilc_nnqq_sgv_10m_3cat_parquet,val50k_tail,,full_reference
4,4,0,,lr_3e-6,1.68e-05,validation_total_reference_mistag_geomean_percent,0.37009025361375175,min,0.904249984317265,0.904249984317265,0.5110649687621316,0.2680027084455489,0.37009025361375175,,0.14399999718750006,0.06799999900390627,2.7439999338452163,0.1920000075000003,0.45800000978393574,0.05600000164062505,2.5139999388148513,1.057999986762085,0.01599035816667656,0.01798455828267429,72,50000,0.010701894656100771,0.01269913471129969,34,50000,0.07211785634308569,0.07400805853904242,1372,50000,0.018606088111257617,0.020598368265654594,96,50000,0.02922123384962918,0.031202874216821816,229,50000,0.009628122740163846,0.011625842785762949,28,50000,0.06906743962429539,0.07096684163625556,1257,50000,0.04478720341511075,0.046744844262294055,529,50000,0.89174,0.9733895490333332,0.2849312109375,0.37009025361375175,0.2914648145139501,False,/data/suehara/part/march/datasets/20250711_ilc_nnqq_sgv_10m_3cat_parquet,val50k_tail,,full_reference
4,4,0,,lr_5_75e-6,2.0159999999999997e-05,validation_total_reference_mistag_geomean_percent,0.3686012408627468,min,0.9027499899600415,0.9027499899600415,0.5108232770533981,0.2659762796035507,0.3686012408627468,,0.14000000170898438,0.06799999900390627,2.7379999431811535,0.1920000075000003,0.45800000978393574,0.05600000164062505,2.5139999388148513,1.0560000180468754,0.01575384307703153,0.01774820318982931,70,50000,0.010701894656100771,0.01269913471129969,34,50000,0.07204007909362084,0.07393052128477767,1369,50000,0.018606088111257617,0.020598368265654594,96,50000,0.02922123384962918,0.031202874216821816,229,50000,0.009628122740163846,0.011625842785762949,28,50000,0.06906743962429539,0.07096684163625556,1257,50000,0.04474436840695723,0.046702089252540456,528,50000,0.8917733333333333,0.9734337860000001,0.28472080729166666,0.3686012408627468,0.29127382957061965,False,/data/suehara/part/march/datasets/20250711_ilc_nnqq_sgv_10m_3cat_parquet,val50k_tail,,full_reference
4,4,0,,lr_8_5e-6,1.344e-05,validation_total_reference_mistag_geomean_percent,0.3689169212302922,min,0.9042500019740681,0.9042500019740681,0.5121946782586395,0.26571868187453573,0.3689169212302922,,0.14399999718750006,0.06600000112792971,2.7319999395538344,0.1920000075000003,0.45800000978393574,0.05600000164062505,2.522000059648134,1.063999999350586,0.01599035816667656,0.01798455828267429,72,50000,0.010529894247015226,0.01252721430061417,33,50000,0.07196220925270759,0.07385289143906452,1366,50000,0.018606088111257617,0.020598368265654594,96,50000,0.02922123384962918,0.031202874216821816,229,50000,0.009628122740163846,0.011625842785762949,28,50000,0.06917601506197281,0.07107509708033262,1261,50000,0.044915458550988906,0.04687285940297211,532,50000,0.8917066666666666,0.9733649459999999,0.28506368489583334,0.3686012408627468,0.29151074664860427,False,/data/suehara/part/march/datasets/20250711_ilc_nnqq_sgv_10m_3cat_parquet,val50k_tail,,full_reference
5,5,0,,lr_11_25e-6,2.4191999999999995e-05,validation_total_reference_mistag_geomean_percent,0.36945105706867065,min,0.9027500020009046,0.9027500020009046,0.509382886670114,0.2679596962148324,0.36945105706867065,,0.14000000170898438,0.07000000085449219,2.740000077346804,0.1920000075000003,0.45200000137939456,0.05600000164062505,2.5139999388148513,1.057999986762085,0.01575384307703153,0.01774820318982931,70,50000,0.010871397397403768,0.01286855745420266,35,50000,0.07206601511678366,0.07395637730954023,1370,50000,0.018606088111257617,0.020598368265654594,96,50000,0.029023687661311817,0.031005568023704556,226,50000,0.009628122740163846,0.011625842785762949,28,50000,0.06906743962429539,0.07096684163625556,1257,50000,0.04478720341511075,0.046744844262294055,529,50000,0.89184,0.9735716388999999,0.28410416666666666,0.3686012408627468,0.2902307020077417,False,/data/suehara/part/march/datasets/20250711_ilc_nnqq_sgv_10m_3cat_parquet,val50k_tail,,full_reference
5,5,0,,lr_14e-6,1.4e-05,validation_total_reference_mistag_geomean_percent,0.37354776227240016,min,0.9057499875264751,0.9057499875264751,0.5168471641947756,0.2699790970433423,0.37354776227240016,,0.14599999750488285,0.07000000085449219,2.7359998714160216,0.18999999768066408,0.459999984558106,0.057999999716796875,2.5280000617187515,1.057999986762085,0.0161073831476864,0.01810150326528408,73,50000,0.010871397397403768,0.01286855745420266,35,50000,0.07201413278253264,0.07390465497208905,1368,50000,0.018504147852544686,0.02049650800534169,95,50000,0.029286791223827584,0.03126835159262013,230,50000,0.009814507069923326,0.0118121471171224,29,50000,0.06925732480776471,0.07115616683092442,1264,50000,0.04478720341511075,0.046744844262294055,529,50000,0.89168,0.9734256821666668,0.28479744791666667,0.3686012408627468,0.29088706439134904,False,/data/suehara/part/march/datasets/20250711_ilc_nnqq_sgv_10m_3cat_parquet,val50k_tail,,full_reference
5,5,0,,lr_3e-6,1.68e-05,validation_total_reference_mistag_geomean_percent,0.37133854041281966,min,0.9044999881912998,0.9044999881912998,0.5168865780608228,0.2667747963455482,0.37133854041281966,,0.14200000208007815,0.06799999900390627,2.7319999395538344,0.1920000075000003,0.459999984558106,0.057999999716796875,2.5239999715002446,1.0600000016174316,0.015872517214740804,0.01786679732913854,71,50000,0.010701894656100771,0.01269913471129969,34,50000,0.07196220925270759,0.07385289143906452,1366,50000,0.018606088111257617,0.020598368265654594,96,50000,0.029286791223827584,0.03126835159262013,230,50000,0.009814507069923326,0.0118121471171224,29,50000,0.06920312989126647,0.0711021319112267,1262,50000,0.044829996697445806,0.04678755754622885,530,50000,0.8917733333333333,0.9734947882333334,0.2844812109375,0.3686012408627468,0.2905285330555769,False,/data/suehara/part/march/datasets/20250711_ilc_nnqq_sgv_10m_3cat_parquet,val50k_tail,,full_reference
5,5,0,,lr_5_75e-6,2.0159999999999997e-05,validation_total_reference_mistag_geomean_percent,0.3714759824097256,min,0.9017500075045974,0.9017500075045974,0.5136282520143699,0.26866591735574946,0.3714759824097256,,0.14200000208007815,0.07000000085449219,2.7300000916442904,0.1920000075000003,0.45200000137939456,0.057999999716796875,2.5139999388148513,1.0560000180468754,0.015872517214740804,0.01786679732913854,71,50000,0.010871397397403768,0.01286855745420266,35,50000,0.07193623201198554,0.07382699419674205,1365,50000,0.018606088111257617,0.020598368265654594,96,50000,0.029023687661311817,0.031005568023704556,226,50000,0.009814507069923326,0.0118121471171224,29,50000,0.06906743962429539,0.07096684163625556,1257,50000,0.04474436840695723,0.046702089252540456,528,50000,0.8918066666666666,0.9735499542666667,0.2842195703125,0.3686012408627468,0.29025911596886944,False,/data/suehara/part/march/datasets/20250711_ilc_nnqq_sgv_10m_3cat_parquet,val50k_tail,,full_reference
5,5,0,,lr_8_5e-6,1.344e-05,validation_total_reference_mistag_geomean_percent,0.37064253040730494,min,0.9044999912345322,0.9044999912345322,0.5133413543632002,0.26761117953792113,0.37064253040730494,,0.14399999718750006,0.06799999900390627,2.7280000466210947,0.1920000075000003,0.463999997734375,0.05600000164062505,2.525999893426671,1.057999986762085,0.01599035816667656,0.01798455828267429,72,50000,0.010701894656100771,0.01269913471129969,34,50000,0.071910244439366,0.07380108662252277,1364,50000,0.018606088111257617,0.020598368265654594,96,50000,0.029417474592283426,0.03139887496427596,232,50000,0.009628122740163846,0.011625842785762949,28,50000,0.06923023313539813,0.0711291551569581,1263,50000,0.04478720341511075,0.046744844262294055,529,50000,0.8917,0.9734528668333334,0.2846812109375,0.3686012408627468,0.29068967036863896,False,/data/suehara/part/march/datasets/20250711_ilc_nnqq_sgv_10m_3cat_parquet,val50k_tail,,full_reference
6,6,0,,lr_11_25e-6,2.4191999999999995e-05,validation_total_reference_mistag_geomean_percent,0.36610987653802474,min,0.894249993183823,0.894249993183823,0.5052737617645934,0.2652748902507531,0.36610987653802474,,0.13599999800781254,0.06799999900390627,2.7319999395538344,0.1960000040673829,0.44999998626709026,0.05600000164062505,2.4679999977404785,1.0480000191894534,0.015513923280260607,0.017508443389858443,68,50000,0.010701894656100771,0.01269913471129969,34,50000,0.07196220925270759,0.07385289143906452,1366,50000,0.018808383644857783,0.020800503802454642,98,50000,0.02895754437551969,0.03093950473631252,225,50000,0.009628122740163846,0.011625842785762949,28,50000,0.06843948578995132,0.07034072776511205,1234,50000,0.0445726087623945,0.046530649601577746,524,50000,0.8919733333333333,0.9736907535333333,0.283520078125,0.36610987653802474,0.289960434431694,False,/data/suehara/part/march/datasets/20250711_ilc_nnqq_sgv_10m_3cat_parquet,val50k_tail,,full_reference
6,6,0,,lr_14e-6,2.9030399999999992e-05,validation_total_reference_mistag_geomean_percent,0.36428614507467316,min,0.8927499899238023,0.8927499899238023,0.5004356524197786,0.2651777403382321,0.36428614507467316,,0.13599999800781254,0.06799999900390627,2.7280000466210947,0.1960000040673829,0.45200000137939456,0.05400000131835941,2.465999889185033,1.0419999798074344,0.015513923280260607,0.017508443389858443,68,50000,0.010701894656100771,0.01269913471129969,34,50000,0.071910244439366,0.07380108662252277,1364,50000,0.018808383644857783,0.020800503802454642,98,50000,0.029023687661311817,0.031005568023704556,226,50000,0.0094384043456773,0.011436204389676428,27,50000,0.06841204102733013,0.07031336300089112,1233,50000,0.04444334510580756,0.046401625940190906,521,50000,0.8919933333333333,0.9737090005333333,0.28343346354166665,0.36428614507467316,0.2899400045285329,False,/data/suehara/part/march/datasets/20250711_ilc_nnqq_sgv_10m_3cat_parquet,val50k_tail,,full_reference
6,6,0,,lr_3e-6,1.68e-05,validation_total_reference_mistag_geomean_percent,0.36828060429017434,min,0.8977500131134041,0.8977500131134041,0.5036160606329565,0.26931349910857144,0.36828060429017434,,0.14200000208007815,0.07000000085449219,2.7280000466210947,0.19399999597412118,0.4559999944335938,0.05400000131835941,2.488000095668949,1.049999967956544,0.015872517214740804,0.01786679732913854,71,50000,0.010871397397403768,0.01286855745420266,35,50000,0.071910244439366,0.07380108662252277,1364,50000,0.018707497323864092,0.02069969747986102,97,50000,0.02915553143277485,0.031137251798367578,228,50000,0.0094384043456773,0.011436204389676428,27,50000,0.06871327732268437,0.07061371931384522,1244,50000,0.04461561185209913,0.04657357269288245,525,50000,0.8919466666666667,0.9735935253666667,0.284001640625,0.36428614507467316,0.2904157089078347,False,/data/suehara/part/march/datasets/20250711_ilc_nnqq_sgv_10m_3cat_parquet,val50k_tail,,full_reference
6,6,0,,lr_5_75e-6,2.0159999999999997e-05,validation_total_reference_mistag_geomean_percent,0.36385242299840265,min,0.8927500034031113,0.8927500034031113,0.5008020902713932,0.26435310134201895,0.36385242299840265,,0.13599999800781254,0.06799999900390627,2.721999932298891,0.19399999597412118,0.44999998626709026,0.05400000131835941,2.4700000951652563,1.0480000191894534,0.015513923280260607,0.017508443389858443,68,50000,0.010701894656100771,0.01269913471129969,34,50000,0.07183221961959314,0.07372330179795002,1361,50000,0.018707497323864092,0.02069969747986102,97,50000,0.02895754437551969,0.03093950473631252,225,50000,0.0094384043456773,0.011436204389676428,27,50000,0.06846691858127148,0.07036808055803263,1235,50000,0.0445726087623945,0.046530649601577746,524,50000,0.8919933333333333,0.9736577123333333,0.28368419270833334,0.36385242299840265,0.2900927136417347,False,/data/suehara/part/march/datasets/20250711_ilc_nnqq_sgv_10m_3cat_parquet,val50k_tail,,full_reference
6,6,0,,lr_8_5e-6,1.344e-05,validation_total_reference_mistag_geomean_percent,0.3683492313953721,min,0.9009999953976254,0.9009999953976254,0.5061612542797513,0.2680591513521331,0.3683492313953721,,0.14399999718750006,0.06799999900390627,2.7179999375825514,0.19399999597412118,0.45800000978393574,0.05400000131835941,2.5180000541745007,1.053999968156129,0.01599035816667656,0.01798455828267429,72,50000,0.010701894656100771,0.01269913471129969,34,50000,0.07178015121059762,0.07367139338575433,1359,50000,0.018707497323864092,0.02069969747986102,97,50000,0.02922123384962918,0.031202874216821816,229,50000,0.0094384043456773,0.011436204389676428,27,50000,0.06912175059417512,0.07102099260933546,1259,50000,0.04470149155571448,0.04665929239969762,527,50000,0.8919133333333333,0.9735407240333332,0.2842486848958333,0.36385242299840265,0.29066045161914417,False,/data/suehara/part/march/datasets/20250711_ilc_nnqq_sgv_10m_3cat_parquet,val50k_tail,,full_reference
7,7,0,,lr_11_25e-6,2.4191999999999995e-05,validation_total_reference_mistag_geomean_percent,0.3649031614160667,min,0.8837499744749844,0.8837499744749844,0.5085861806903474,0.2618126922573837,0.3649031614160667,,0.13599999800781254,0.06799999900390627,2.6739998741258297,0.18999999768066408,0.44999998626709026,0.057999999716796875,2.4459999218083217,1.0480000191894534,0.015513923280260607,0.017508443389858443,68,50000,0.010701894656100771,0.01269913471129969,34,50000,0.07120463368525433,0.07309763582521202,1337,50000,0.018504147852544686,0.02049650800534169,95,50000,0.02895754437551969,0.03093950473631252,225,50000,0.009814507069923326,0.0118121471171224,29,50000,0.06813693184240868,0.07003905379996955,1223,50000,0.0445726087623945,0.046530649601577746,524,50000,0.892,0.9737764262,0.2831434114583333,0.36385242299840265,0.2890531567450822,False,/data/suehara/part/march/datasets/20250711_ilc_nnqq_sgv_10m_3cat_parquet,val50k_tail,,full_reference
7,7,0,,lr_14e-6,2.9030399999999992e-05,validation_total_reference_mistag_geomean_percent,0.36140434154744466,min,0.8817500062568677,0.8817500062568677,0.5027111320382129,0.25981739763704625,0.36140434154744466,,0.13599999800781254,0.06600000112792971,2.6720001206835993,0.18999999768066408,0.4460000122497562,0.05600000164062505,2.4399998994751018,1.0480000191894534,0.015513923280260607,0.017508443389858443,68,50000,0.010529894247015226,0.01252721430061417,33,50000,0.07117835226113853,0.07307143439949648,1336,50000,0.018504147852544686,0.02049650800534169,95,50000,0.028824810095263997,0.03080693045285684,223,50000,0.009628122740163846,0.011625842785762949,28,50000,0.068054163226762,0.06995652517952297,1220,50000,0.0445726087623945,0.046530649601577746,524,50000,0.8919866666666667,0.9738064317999999,0.2829947265625,0.36140434154744466,0.2889358759862145,False,/data/suehara/part/march/datasets/20250711_ilc_nnqq_sgv_10m_3cat_parquet,val50k_tail,,full_reference
7,7,0,,lr_3e-6,1.68e-05,validation_total_reference_mistag_geomean_percent,0.3657352699032076,min,0.8902499925961509,0.8902499925961509,0.5085312834380962,0.2630364974733262,0.3657352699032076,,0.13399999640136728,0.06799999900390627,2.7079998615753245,0.19399999597412118,0.4480000131250004,0.057999999716796875,2.4700000951652563,1.0419999798074344,0.015392639991259324,0.01738724009925721,67,50000,0.010701894656100771,0.01269913471129969,34,50000,0.0716497980193357,0.07354144018649304,1354,50000,0.018707497323864092,0.02069969747986102,97,50000,0.02889125218437814,0.03087329254357089,224,50000,0.009814507069923326,0.0118121471171224,29,50000,0.06846691858127148,0.07036808055803263,1235,50000,0.04444334510580756,0.046401625940190906,521,50000,0.89212,0.9736690165666667,0.2836662630208333,0.36140434154744466,0.2896159187058513,False,/data/suehara/part/march/datasets/20250711_ilc_nnqq_sgv_10m_3cat_parquet,val50k_tail,,full_reference
7,7,0,,lr_5_75e-6,2.0159999999999997e-05,validation_total_reference_mistag_geomean_percent,0.36728729950820577,min,0.8854999855329331,0.8854999855329331,0.5124811748563889,0.2632291038160242,0.36728729950820577,,0.13599999800781254,0.06799999900390627,2.6759998913855023,0.19399999597412118,0.4480000131250004,0.060000001464843786,2.4579999626814275,1.0440000226208501,0.015513923280260607,0.017508443389858443,68,50000,0.010701894656100771,0.01269913471129969,34,50000,0.07123090446047621,0.07312382660203363,1338,50000,0.018707497323864092,0.02069969747986102,97,50000,0.02889125218437814,0.03087329254357089,224,50000,0.009997726831193746,0.011995286879992793,30,50000,0.06830214197950449,0.07020378394666585,1229,50000,0.04448647550961953,0.04644467634560296,522,50000,0.8921266666666666,0.9737348388666668,0.2833387890625,0.36140434154744466,0.2892540249580094,False,/data/suehara/part/march/datasets/20250711_ilc_nnqq_sgv_10m_3cat_parquet,val50k_tail,,full_reference
7,7,0,,lr_8_5e-6,1.6128e-05,validation_total_reference_mistag_geomean_percent,0.3682626212428125,min,0.8882499964119339,0.8882499964119339,0.5127557489317054,0.2644872504836416,0.3682626212428125,,0.13799999730468757,0.06799999900390627,2.687999986875,0.19399999597412118,0.4480000131250004,0.060000001464843786,2.4679999977404785,1.0419999798074344,0.015634317924008823,0.01762875803520661,69,50000,0.010701894656100771,0.01269913471129969,34,50000,0.07138830613345228,0.0732807482846095,1344,50000,0.018707497323864092,0.02069969747986102,97,50000,0.02889125218437814,0.03087329254357089,224,50000,0.009997726831193746,0.011995286879992793,30,50000,0.06843948578995132,0.07034072776511205,1234,50000,0.04444334510580756,0.046401625940190906,521,50000,0.8920866666666667,0.9737183874333334,0.2834354036458333,0.36140434154744466,0.2892681708245704,False,/data/suehara/part/march/datasets/20250711_ilc_nnqq_sgv_10m_3cat_parquet,val50k_tail,,full_reference
8,8,0,,lr_11_25e-6,2.4191999999999995e-05,validation_total_reference_mistag_geomean_percent,0.3648457333784091,min,0.8805000127679065,0.8805000127679065,0.5002767803035055,0.2660775282907857,0.3648457333784091,,0.14399999718750006,0.06799999900390627,2.6660000581723033,0.1920000075000003,0.44200000957702656,0.05600000164062505,2.438000003720093,1.0380000253417976,0.01599035816667656,0.01798455828267429,72,50000,0.010701894656100771,0.01269913471129969,34,50000,0.07109944397904328,0.07299276611260133,1333,50000,0.018606088111257617,0.020598368265654594,96,50000,0.028691472196859958,0.03067375255125281,221,50000,0.009628122740163846,0.011625842785762949,28,50000,0.06802654936229544,0.06992899131345667,1219,50000,0.04435695613715339,0.04631539696833692,519,50000,0.8921066666666667,0.9738439003333333,0.28280555989583334,0.36140434154744466,0.2884806117952522,False,/data/suehara/part/march/datasets/20250711_ilc_nnqq_sgv_10m_3cat_parquet,val50k_tail,,full_reference
8,8,0,,lr_14e-6,2.9030399999999992e-05,validation_total_reference_mistag_geomean_percent,0.3621576442903705,min,0.8752500252239239,0.8752500252239239,0.4973726749997831,0.2637019802465178,0.3621576442903705,,0.14399999718750006,0.06600000112792971,2.65000011119843,0.1920000075000003,0.4359999901538088,0.05600000164062505,2.4240001013452193,1.0339999916378786,0.01599035816667656,0.01798455828267429,72,50000,0.010529894247015226,0.01252721430061417,33,50000,0.07088855042782331,0.07278251254858141,1325,50000,0.018606088111257617,0.020598368265654594,96,50000,0.028490315650111717,0.03047283599970467,218,50000,0.009628122740163846,0.011625842785762949,28,50000,0.06783291024577663,0.06973591218573834,1212,50000,0.04427039547207877,0.04622899630006248,517,50000,0.8922066666666667,0.9738813215,0.28261397135416666,0.36140434154744466,0.28828939346971255,False,/data/suehara/part/march/datasets/20250711_ilc_nnqq_sgv_10m_3cat_parquet,val50k_tail,,full_reference
8,8,0,,lr_3e-6,1.68e-05,validation_total_reference_mistag_geomean_percent,0.36769091837434964,min,0.8915000260916338,0.8915000260916338,0.504725448350095,0.26786168975017804,0.36769091837434964,,0.14399999718750006,0.06799999900390627,2.7100000930404695,0.19399999597412118,0.45200000137939456,0.05600000164062505,2.4700000951652563,1.0380000253417976,0.01599035816667656,0.01798455828267429,72,50000,0.010701894656100771,0.01269913471129969,34,50000,0.07167588952163816,0.07356745169039523,1355,50000,0.018707497323864092,0.02069969747986102,97,50000,0.029023687661311817,0.031005568023704556,226,50000,0.009628122740163846,0.011625842785762949,28,50000,0.06846691858127148,0.07036808055803263,1235,50000,0.04435695613715339,0.04631539696833692,519,50000,0.89208,0.9737253897333332,0.2833971223958333,0.36140434154744466,0.2891395010596165,False,/data/suehara/part/march/datasets/20250711_ilc_nnqq_sgv_10m_3cat_parquet,val50k_tail,,full_reference
8,8,0,,lr_5_75e-6,2.0159999999999997e-05,validation_total_reference_mistag_geomean_percent,0.36601434361992485,min,0.8859999945674137,0.8859999945674137,0.5027217804004313,0.2664823863983306,0.36601434361992485,,0.14200000208007815,0.06799999900390627,2.692000012322998,0.19399999597412118,0.4480000131250004,0.05600000164062505,2.447999938740236,1.0399999936523439,0.015872517214740804,0.01786679732913854,71,50000,0.010701894656100771,0.01269913471129969,34,50000,0.07144068869025279,0.07333297084461017,1346,50000,0.018707497323864092,0.02069969747986102,97,50000,0.02889125218437814,0.03087329254357089,224,50000,0.009628122740163846,0.011625842785762949,28,50000,0.06816449710352161,0.07006653906268291,1224,50000,0.04440017202225789,0.046358532855041504,520,50000,0.8922,0.9737947069333334,0.2830467447916667,0.36140434154744466,0.28874141775705786,False,/data/suehara/part/march/datasets/20250711_ilc_nnqq_sgv_10m_3cat_parquet,val50k_tail,,full_reference
8,8,0,,lr_8_5e-6,2.3224319999999995e-05,validation_total_reference_mistag_geomean_percent,0.3617278645802443,min,0.8790000137364202,0.8790000137364202,0.4993665473820882,0.26202605821263897,0.3617278645802443,,0.14399999718750006,0.064,2.664000065039064,0.1920000075000003,0.44000001342773476,0.05600000164062505,2.435999988105469,1.036000036990968,0.01599035816667656,0.01798455828267429,72,50000,0.0103552826863133,0.012352682738312273,32,50000,0.07107311984285922,0.07296652197481684,1332,50000,0.018606088111257617,0.020598368265654594,96,50000,0.0286245743460283,0.030606934698821243,220,50000,0.009628122740163846,0.011625842785762949,28,50000,0.06799892331055546,0.06990144526011696,1218,50000,0.044313697328091095,0.046272218157674544,518,50000,0.8922266666666666,0.9738638355333333,0.2827192708333333,0.36140434154744466,0.28829204165334654,False,/data/suehara/part/march/datasets/20250711_ilc_nnqq_sgv_10m_3cat_parquet,val50k_tail,,full_reference
9,9,0,,lr_11_25e-6,2.4191999999999995e-05,validation_total_reference_mistag_geomean_percent,0.35904740300762633,min,0.8762499819359215,0.8762499819359215,0.48998619202724475,0.2630993274997283,0.35904740300762633,,0.14399999718750006,0.064,2.6799998732299866,0.19399999597412118,0.42799998693847696,0.05400000131835941,2.4120000092010496,1.0339999916378786,0.01599035816667656,0.01798455828267429,72,50000,0.0103552826863133,0.012352682738312273,32,50000,0.0712834141106386,0.07317617625539619,1340,50000,0.018707497323864092,0.02069969747986102,97,50000,0.028219916456007077,0.030202756799200224,214,50000,0.0094384043456773,0.011436204389676428,27,50000,0.06766645472550611,0.06956993665586803,1206,50000,0.04427039547207877,0.04622899630006248,517,50000,0.8925133333333334,0.9739109888,0.2824472265625,0.35904740300762633,0.28793124584472257,False,/data/suehara/part/march/datasets/20250711_ilc_nnqq_sgv_10m_3cat_parquet,val50k_tail,,full_reference
9,9,0,,lr_14e-6,2.9030399999999992e-05,validation_total_reference_mistag_geomean_percent,0.3579829672062346,min,0.8730000104235275,0.8730000104235275,0.488090032040917,0.2625577176282858,0.3579829672062346,,0.14399999718750006,0.064,2.6579999924967956,0.19399999597412118,0.42199999510620123,0.05400000131835941,2.4180001099493458,1.0299999913558961,0.01599035816667656,0.01798455828267429,72,50000,0.0103552826863133,0.012352682738312273,32,50000,0.07099408314384589,0.07288772527100362,1329,50000,0.018707497323864092,0.02069969747986102,97,50000,0.028015435948228976,0.029998516286622225,211,50000,0.0094384043456773,0.011436204389676428,27,50000,0.06774973799309122,0.06965297992825303,1209,50000,0.04418366212426278,0.04614242294904633,515,50000,0.8925066666666667,0.9739543043,0.28222311197916666,0.3579829672062346,0.2876817145368012,False,/data/suehara/part/march/datasets/20250711_ilc_nnqq_sgv_10m_3cat_parquet,val50k_tail,,full_reference
9,9,0,,lr_3e-6,1.8579455999999997e-05,validation_total_reference_mistag_geomean_percent,0.3597487190564288,min,0.8769999745557031,0.8769999745557031,0.49039197411279534,0.26390958191533037,0.3597487190564288,,0.14599999750488285,0.064,2.6759998913855023,0.19399999597412118,0.42799998693847696,0.05400000131835941,2.4199999316864034,1.0339999916378786,0.0161073831476864,0.01810150326528408,73,50000,0.0103552826863133,0.012352682738312273,32,50000,0.07123090446047621,0.07312382660203363,1338,50000,0.018707497323864092,0.02069969747986102,97,50000,0.028219916456007077,0.030202756799200224,214,50000,0.0094384043456773,0.011436204389676428,27,50000,0.06777747439242338,0.06968063632918492,1210,50000,0.04427039547207877,0.04622899630006248,517,50000,0.8924866666666667,0.973916603,0.28243677083333335,0.3579829672062346,0.28777485627230864,False,/data/suehara/part/march/datasets/20250711_ilc_nnqq_sgv_10m_3cat_parquet,val50k_tail,,full_reference
9,9,0,,lr_5_75e-6,2.0159999999999997e-05,validation_total_reference_mistag_geomean_percent,0.35955774318300227,min,0.8795000165097053,0.8795000165097053,0.49083156340812834,0.26339335185613466,0.35955774318300227,,0.14399999718750006,0.064,2.692000012322998,0.19399999597412118,0.42799998693847696,0.05400000131835941,2.4240001013452193,1.036000036990968,0.01599035816667656,0.01798455828267429,72,50000,0.0103552826863133,0.012352682738312273,32,50000,0.07144068869025279,0.07333297084461017,1346,50000,0.018707497323864092,0.02069969747986102,97,50000,0.028219916456007077,0.030202756799200224,214,50000,0.0094384043456773,0.011436204389676428,27,50000,0.06783291024577663,0.06973591218573834,1212,50000,0.044313697328091095,0.046272218157674544,518,50000,0.89244,0.9738593697,0.28272720052083333,0.3579829672062346,0.2882356160275149,False,/data/suehara/part/march/datasets/20250711_ilc_nnqq_sgv_10m_3cat_parquet,val50k_tail,,full_reference
9,9,0,,lr_8_5e-6,2.3224319999999995e-05,validation_total_reference_mistag_geomean_percent,0.35881191858114975,min,0.876499972316476,0.876499972316476,0.4893436792080687,0.2630993274997283,0.35881191858114975,,0.14399999718750006,0.064,2.6799998732299866,0.19399999597412118,0.42599998777954134,0.05400000131835941,2.4199999316864034,1.0299999913558961,0.01599035816667656,0.01798455828267429,72,50000,0.0103552826863133,0.012352682738312273,32,50000,0.0712834141106386,0.07317617625539619,1340,50000,0.018707497323864092,0.02069969747986102,97,50000,0.02815191825724459,0.03013483859883783,213,50000,0.0094384043456773,0.011436204389676428,27,50000,0.06777747439242338,0.06968063632918492,1210,50000,0.04418366212426278,0.04614242294904633,515,50000,0.89256,0.9739277322666666,0.28237305989583333,0.3579829672062346,0.28777639944988925,False,/data/suehara/part/march/datasets/20250711_ilc_nnqq_sgv_10m_3cat_parquet,val50k_tail,,full_reference
10,10,0,,lr_11_25e-6,2.4191999999999995e-05,validation_total_reference_mistag_geomean_percent,0.3599078689325661,min,0.8699999911749271,0.8699999911749271,0.4927791439456961,0.26286354792210054,0.3599078689325661,,0.14399999718750006,0.06600000112792971,2.643999929397585,0.18999999768066408,0.42799998693847696,0.05600000164062505,2.4120000092010496,1.020000006225586,0.01599035816667656,0.01798455828267429,72,50000,0.010529894247015226,0.01252721430061417,33,50000,0.07080928763855202,0.07270348975451021,1322,50000,0.018504147852544686,0.02049650800534169,95,50000,0.028219916456007077,0.030202756799200224,214,50000,0.009628122740163846,0.011625842785762949,28,50000,0.06766645472550611,0.06956993665586803,1206,50000,0.043966066708366405,0.04592522752515024,510,50000,0.8926733333333333,0.9739683818666666,0.282152578125,0.3579829672062346,0.2878991600900874,False,/data/suehara/part/march/datasets/20250711_ilc_nnqq_sgv_10m_3cat_parquet,val50k_tail,,full_reference
10,10,0,,lr_14e-6,2.9030399999999992e-05,validation_total_reference_mistag_geomean_percent,0.3595524695807019,min,0.8667499930739597,0.8667499930739597,0.4906859858835718,0.26346376725797954,0.3595524695807019,,0.14000000170898438,0.06799999900390627,2.6359999457000742,0.1920000075000003,0.42599998777954134,0.05600000164062505,2.4060000212933352,1.0099999799652104,0.01575384307703153,0.01774820318982931,70,50000,0.010701894656100771,0.01269913471129969,34,50000,0.07070345230494601,0.07259797441450389,1318,50000,0.018606088111257617,0.020598368265654594,96,50000,0.02815191825724459,0.03013483859883783,213,50000,0.009628122740163846,0.011625842785762949,28,50000,0.0675830600388904,0.06948678196445242,1203,50000,0.04374736994615762,0.045706930754941394,505,50000,0.8927466666666667,0.9740130004666666,0.2819380078125,0.3579829672062346,0.287606100392648,False,/data/suehara/part/march/datasets/20250711_ilc_nnqq_sgv_10m_3cat_parquet,val50k_tail,,full_reference
10,10,0,,lr_3e-6,1.8579455999999997e-05,validation_total_reference_mistag_geomean_percent,0.35836527403533774,min,0.8692499995952231,0.8692499995952231,0.488934276224853,0.26266448453158114,0.35836527403533774,,0.14399999718750006,0.06600000112792971,2.6359999457000742,0.18999999768066408,0.42799998693847696,0.05400000131835941,2.4100000882568393,1.0259999785519414,0.01599035816667656,0.01798455828267429,72,50000,0.010529894247015226,0.01252721430061417,33,50000,0.07070345230494601,0.07259797441450389,1318,50000,0.018504147852544686,0.02049650800534169,95,50000,0.028219916456007077,0.030202756799200224,214,50000,0.0094384043456773,0.011436204389676428,27,50000,0.06763866889655593,0.06954223082531741,1205,50000,0.0440967550978227,0.04605567591940644,513,50000,0.8926866666666666,0.973961444,0.28220421875,0.3579829672062346,0.28784011298704576,False,/data/suehara/part/march/datasets/20250711_ilc_nnqq_sgv_10m_3cat_parquet,val50k_tail,,full_reference
10,10,0,,lr_5_75e-6,2.0159999999999997e-05,validation_total_reference_mistag_geomean_percent,0.359954226417923,min,0.8722500261989986,0.8722500261989986,0.4896475345917016,0.26461288163978275,0.359954226417923,,0.14599999750488285,0.06600000112792971,2.65000011119843,0.1920000075000003,0.42799998693847696,0.05400000131835941,2.4100000882568393,1.0320000157470706,0.0161073831476864,0.01810150326528408,73,50000,0.010529894247015226,0.01252721430061417,33,50000,0.07088855042782331,0.07278251254858141,1325,50000,0.018606088111257617,0.020598368265654594,96,50000,0.028219916456007077,0.030202756799200224,214,50000,0.0094384043456773,0.011436204389676428,27,50000,0.06763866889655593,0.06954223082531741,1205,50000,0.04422705044553055,0.04618573127191418,516,50000,0.8925666666666666,0.9739144534333333,0.28242712239583334,0.3579829672062346,0.28823747755742424,False,/data/suehara/part/march/datasets/20250711_ilc_nnqq_sgv_10m_3cat_parquet,val50k_tail,,full_reference
10,10,0,,lr_8_5e-6,2.3224319999999995e-05,validation_total_reference_mistag_geomean_percent,0.36112810808180984,min,0.8677500157995802,0.8677500157995802,0.49243527820651783,0.2648338090677054,0.36112810808180984,,0.14200000208007815,0.06799999900390627,2.6260000490852367,0.19399999597412118,0.42799998693847696,0.05600000164062505,2.4100000882568393,1.0180000034173584,0.015872517214740804,0.01786679732913854,71,50000,0.010701894656100771,0.01269913471129969,34,50000,0.07057091339130912,0.07246583549286763,1313,50000,0.018707497323864092,0.02069969747986102,97,50000,0.028219916456007077,0.030202756799200224,214,50000,0.009628122740163846,0.011625842785762949,28,50000,0.06763866889655593,0.06954223082531741,1205,50000,0.0439224159769493,0.04588165679213305,509,50000,0.8927266666666667,0.9739811495,0.2821021484375,0.3579829672062346,0.28777443485308807,False,/data/suehara/part/march/datasets/20250711_ilc_nnqq_sgv_10m_3cat_parquet,val50k_tail,,full_reference
11,11,0,,lr_11_25e-6,2.4191999999999995e-05,validation_total_reference_mistag_geomean_percent,0.3567516212781219,min,0.8682500220136652,0.8682500220136652,0.4826346740573978,0.2637019802465178,0.3567516212781219,,0.14399999718750006,0.06600000112792971,2.65000011119843,0.1920000075000003,0.42599998777954134,0.052000000507812505,2.3920000708081077,1.024,0.01599035816667656,0.01798455828267429,72,50000,0.010529894247015226,0.01252721430061417,33,50000,0.07088855042782331,0.07278251254858141,1325,50000,0.018606088111257617,0.020598368265654594,96,50000,0.02815191825724459,0.03013483859883783,213,50000,0.00924516668895976,0.011243046731358937,26,50000,0.06738803685159972,0.06929231876596151,1196,50000,0.044053236141259125,0.04601223696124278,512,50000,0.8927133333333334,0.9740044415666667,0.28199290364583335,0.3567516212781219,0.2873663280503053,False,/data/suehara/part/march/datasets/20250711_ilc_nnqq_sgv_10m_3cat_parquet,val50k_tail,,full_reference
11,11,0,,lr_14e-6,2.9030399999999992e-05,validation_total_reference_mistag_geomean_percent,0.3588531433696538,min,0.8632500019072725,0.8632500019072725,0.4842301233416581,0.2659388011997369,0.3588531433696538,,0.14599999750488285,0.06799999900390627,2.623999974375,0.1920000075000003,0.41999998718261755,0.05400000131835941,2.3860000167474364,1.0160000316259776,0.0161073831476864,0.01810150326528408,73,50000,0.010701894656100771,0.01269913471129969,34,50000,0.0705443728549214,0.07243937495487948,1312,50000,0.018606088111257617,0.020598368265654594,96,50000,0.027946949547622783,0.029930109884416124,210,50000,0.0094384043456773,0.011436204389676428,27,50000,0.06730426781710735,0.06920878972666925,1193,50000,0.043878721064451176,0.04583804187803485,508,50000,0.8928333333333334,0.9740546198666666,0.28173338541666665,0.3567516212781219,0.2870273308936581,False,/data/suehara/part/march/datasets/20250711_ilc_nnqq_sgv_10m_3cat_parquet,val50k_tail,,full_reference
11,11,0,,lr_3e-6,1.8579455999999997e-05,validation_total_reference_mistag_geomean_percent,0.3573017623417927,min,0.8710000177380951,0.8710000177380951,0.4835400904675921,0.26402060943715533,0.3573017623417927,,0.14599999750488285,0.06600000112792971,2.6540000690470906,0.18999999768066408,0.42599998777954134,0.052000000507812505,2.4100000882568393,1.024,0.0161073831476864,0.01810150326528408,73,50000,0.010529894247015226,0.01252721430061417,33,50000,0.07094133831814751,0.07283514044210578,1327,50000,0.018504147852544686,0.02049650800534169,95,50000,0.02815191825724459,0.03013483859883783,213,50000,0.00924516668895976,0.011243046731358937,26,50000,0.06763866889655593,0.06954223082531741,1205,50000,0.044053236141259125,0.04601223696124278,512,50000,0.8928266666666667,0.9739889108666667,0.2820819921875,0.3567516212781219,0.2873932886815547,False,/data/suehara/part/march/datasets/20250711_ilc_nnqq_sgv_10m_3cat_parquet,val50k_tail,,full_reference
11,11,0,,lr_5_75e-6,2.0159999999999997e-05,validation_total_reference_mistag_geomean_percent,0.35876817199729494,min,0.8717499692197049,0.8717499692197049,0.488532831528316,0.26347175242165916,0.35876817199729494,,0.14599999750488285,0.06600000112792971,2.6599998904113815,0.1879999917382816,0.42599998777954134,0.05400000131835941,2.4039998925213673,1.0299999913558961,0.0161073831476864,0.01810150326528408,73,50000,0.010529894247015226,0.01252721430061417,33,50000,0.07102043943700773,0.07291400156576588,1330,50000,0.018401668178712582,0.020394108329909573,94,50000,0.02815191825724459,0.03013483859883783,213,50000,0.0094384043456773,0.011436204389676428,27,50000,0.06755523698002315,0.06945903890398474,1202,50000,0.04418366212426278,0.04614242294904633,515,50000,0.89254,0.9739497068,0.2822603515625,0.3567516212781219,0.2877451239754539,False,/data/suehara/part/march/datasets/20250711_ilc_nnqq_sgv_10m_3cat_parquet,val50k_tail,,full_reference
11,11,0,,lr_8_5e-6,1.4863564799999999e-05,validation_total_reference_mistag_geomean_percent,0.3575043864520782,min,0.8709999937914285,0.8709999937914285,0.4841799158200631,0.2639708549579223,0.3575043864520782,,0.14599999750488285,0.06600000112792971,2.6520000574621596,0.18999999768066408,0.42599998777954134,0.052000000507812505,2.4039998925213673,1.0320000157470706,0.0161073831476864,0.01810150326528408,73,50000,0.010529894247015226,0.01252721430061417,33,50000,0.07091494976198438,0.07280883188434221,1326,50000,0.018504147852544686,0.02049650800534169,95,50000,0.02815191825724459,0.03013483859883783,213,50000,0.00924516668895976,0.011243046731358937,26,50000,0.06755523698002315,0.06945903890398474,1202,50000,0.04422705044553055,0.04618573127191418,516,50000,0.89276,0.9739806902666666,0.28214234375,0.3567516212781219,0.2873899548976451,False,/data/suehara/part/march/datasets/20250711_ilc_nnqq_sgv_10m_3cat_parquet,val50k_tail,,full_reference
12,12,0,,lr_11_25e-6,2.4191999999999995e-05,validation_total_reference_mistag_geomean_percent,0.35161628327880207,min,0.8659999940658769,0.8659999940658769,0.4785855299512231,0.2583321118785171,0.35161628327880207,,0.13799999730468757,0.064,2.6540000690470906,0.18999999768066408,0.41200000301757816,0.052000000507812505,2.3959998910510305,1.0219999939181519,0.015634317924008823,0.01762875803520661,69,50000,0.0103552826863133,0.012352682738312273,32,50000,0.07094133831814751,0.07283514044210578,1327,50000,0.018504147852544686,0.02049650800534169,95,50000,0.027671341608769995,0.02965482193916331,206,50000,0.00924516668895976,0.011243046731358937,26,50000,0.06744382019108416,0.06934794210864612,1198,50000,0.04400967338718462,0.04596875420556819,511,50000,0.8928866666666667,0.9740443476,0.28179669270833335,0.35161628327880207,0.287148514946037,False,/data/suehara/part/march/datasets/20250711_ilc_nnqq_sgv_10m_3cat_parquet,val50k_tail,,full_reference
12,12,0,,lr_14e-6,1.9353599999999997e-05,validation_total_reference_mistag_geomean_percent,0.3530694058371541,min,0.8637500291452422,0.8637500291452422,0.47868538117669035,0.2604174061713988,0.3530694058371541,,0.13799999730468757,0.06600000112792971,2.630000124404913,0.1920000075000003,0.41200000301757816,0.052000000507812505,2.398000105380864,1.0219999939181519,0.015634317924008823,0.01762875803520661,69,50000,0.010529894247015226,0.01252721430061417,33,50000,0.07062396167407149,0.07251872377882947,1315,50000,0.018606088111257617,0.020598368265654594,96,50000,0.027671341608769995,0.02965482193916331,206,50000,0.00924516668895976,0.011243046731358937,26,50000,0.06747169310171094,0.06937573502087263,1199,50000,0.04400967338718462,0.04596875420556819,511,50000,0.8929,0.97403637,0.2818420963541667,0.35161628327880207,0.2871390589925574,False,/data/suehara/part/march/datasets/20250711_ilc_nnqq_sgv_10m_3cat_parquet,val50k_tail,,full_reference
12,12,0,,lr_3e-6,1.8579455999999997e-05,validation_total_reference_mistag_geomean_percent,0.3524146189907823,min,0.8652499850149923,0.8652499850149923,0.4804119654952627,0.258519921647628,0.3524146189907823,,0.13799999730468757,0.064,2.6339999654351813,0.1920000075000003,0.41600000406250004,0.052000000507812505,2.3999999267578147,1.0259999785519414,0.015634317924008823,0.01762875803520661,69,50000,0.0103552826863133,0.012352682738312273,32,50000,0.07067696631763813,0.07257156842559627,1317,50000,0.018606088111257617,0.020598368265654594,96,50000,0.02780948042589897,0.02979280075949232,208,50000,0.00924516668895976,0.011243046731358937,26,50000,0.0674995535266034,0.06940351544736552,1200,50000,0.0440967550978227,0.04605567591940644,513,50000,0.8928733333333333,0.9740210278666667,0.2819183333333333,0.35161628327880207,0.28725227788764485,False,/data/suehara/part/march/datasets/20250711_ilc_nnqq_sgv_10m_3cat_parquet,val50k_tail,,full_reference
12,12,0,,lr_5_75e-6,2.0159999999999997e-05,validation_total_reference_mistag_geomean_percent,0.35512875060309435,min,0.8687499810028465,0.8687499810028465,0.48364337201102325,0.26076327476692956,0.35512875060309435,,0.13799999730468757,0.06600000112792971,2.643999929397585,0.1920000075000003,0.4239999937890626,0.052000000507812505,2.3999999267578147,1.0339999916378786,0.015634317924008823,0.01762875803520661,69,50000,0.010529894247015226,0.01252721430061417,33,50000,0.07080928763855202,0.07270348975451021,1322,50000,0.018606088111257617,0.020598368265654594,96,50000,0.028083758467464543,0.0300667588074577,212,50000,0.00924516668895976,0.011243046731358937,26,50000,0.0674995535266034,0.06940351544736552,1200,50000,0.04427039547207877,0.04622899630006248,517,50000,0.8927666666666667,0.9739881163333334,0.28208252604166667,0.35161628327880207,0.2875581992092387,False,/data/suehara/part/march/datasets/20250711_ilc_nnqq_sgv_10m_3cat_parquet,val50k_tail,,full_reference
12,12,0,,lr_8_5e-6,1.4863564799999999e-05,validation_total_reference_mistag_geomean_percent,0.3547786950134066,min,0.8687499871155744,0.8687499871155744,0.4825991371241014,0.2608125724912943,0.3547786950134066,,0.13799999730468757,0.06600000112792971,2.6459999065324435,0.1920000075000003,0.41999998718261755,0.052000000507812505,2.402000005131226,1.0339999916378786,0.015634317924008823,0.01762875803520661,69,50000,0.010529894247015226,0.01252721430061417,33,50000,0.07083571937800959,0.07272984149556752,1323,50000,0.018606088111257617,0.020598368265654594,96,50000,0.027946949547622783,0.029930109884416124,210,50000,0.00924516668895976,0.011243046731358937,26,50000,0.06752740148097888,0.06943128340334073,1201,50000,0.04427039547207877,0.04622899630006248,517,50000,0.8927866666666666,0.9740076433333332,0.281984140625,0.35161628327880207,0.2872988195617332,False,/data/suehara/part/march/datasets/20250711_ilc_nnqq_sgv_10m_3cat_parquet,val50k_tail,,full_reference
13,13,0,,lr_11_25e-6,2.4191999999999995e-05,validation_total_reference_mistag_geomean_percent,0.3585815221441794,min,0.8625000138532833,0.8625000138532833,0.4817399451812155,0.26690896054897123,0.3585815221441794,,0.14200000208007815,0.06799999900390627,2.628000013634033,0.2,0.41200000301757816,0.05400000131835941,2.3780000883549532,1.0180000034173584,0.015872517214740804,0.01786679732913854,71,50000,0.010701894656100771,0.01269913471129969,34,50000,0.0705974429936456,0.07249228509680385,1314,50000,0.01900861920277211,0.02100057936356898,100,50000,0.027671341608769995,0.02965482193916331,206,50000,0.0094384043456773,0.011436204389676428,27,50000,0.06719239961080446,0.06909724151396672,1189,50000,0.0439224159769493,0.04588165679213305,509,50000,0.8929133333333333,0.9740779033,0.28161936197916665,0.35161628327880207,0.28658503373388333,False,/data/suehara/part/march/datasets/20250711_ilc_nnqq_sgv_10m_3cat_parquet,val50k_tail,,full_reference
13,13,0,,lr_14e-6,1.9353599999999997e-05,validation_total_reference_mistag_geomean_percent,0.3590609596704018,min,0.86325001836464,0.86325001836464,0.48282978766763207,0.2670190946217645,0.3590609596704018,,0.14399999718750006,0.06799999900390627,2.622000059212648,0.19799999939575197,0.41399999191406267,0.05400000131835941,2.3880000954675333,1.0180000034173584,0.01599035816667656,0.01798455828267429,72,50000,0.010701894656100771,0.01269913471129969,34,50000,0.07051782137231857,0.07241290347067691,1311,50000,0.01890875502183506,0.02090079518103191,99,50000,0.027740495331519045,0.02972389566351227,207,50000,0.0094384043456773,0.011436204389676428,27,50000,0.06733220338577643,0.06923664529693875,1194,50000,0.0439224159769493,0.04588165679213305,509,50000,0.89298,0.9740630140333333,0.2816993359375,0.35161628327880207,0.28663558063480993,False,/data/suehara/part/march/datasets/20250711_ilc_nnqq_sgv_10m_3cat_parquet,val50k_tail,,full_reference
13,13,0,,lr_3e-6,1.8579455999999997e-05,validation_total_reference_mistag_geomean_percent,0.3604482663728606,min,0.8652500091493234,0.8652500091493234,0.48743316162680433,0.266545165490144,0.3604482663728606,,0.14399999718750006,0.06799999900390627,2.630000124404913,0.1960000040673829,0.41200000301757816,0.05600000164062505,2.3939999499545297,1.0219999939181519,0.01599035816667656,0.01798455828267429,72,50000,0.010701894656100771,0.01269913471129969,34,50000,0.07062396167407149,0.07251872377882947,1315,50000,0.018808383644857783,0.020800503802454642,98,50000,0.027671341608769995,0.02965482193916331,206,50000,0.009628122740163846,0.011625842785762949,28,50000,0.0674159347794738,0.06932013669543602,1197,50000,0.04400967338718462,0.04596875420556819,511,50000,0.8930066666666666,0.9740470428,0.28179393229166666,0.35161628327880207,0.28675474541937024,False,/data/suehara/part/march/datasets/20250711_ilc_nnqq_sgv_10m_3cat_parquet,val50k_tail,,full_reference
13,13,0,,lr_5_75e-6,2.9030399999999992e-05,validation_total_reference_mistag_geomean_percent,0.35765720413641333,min,0.8622500300391208,0.8622500300391208,0.48150316302862023,0.26566528632143716,0.35765720413641333,,0.14200000208007815,0.06799999900390627,2.6320001108447313,0.1960000040673829,0.41200000301757816,0.05400000131835941,2.3780000883549532,1.0160000316259776,0.015872517214740804,0.01786679732913854,71,50000,0.010701894656100771,0.01269913471129969,34,50000,0.07065046944470382,0.07254515155106223,1316,50000,0.018808383644857783,0.020800503802454642,98,50000,0.027671341608769995,0.02965482193916331,206,50000,0.0094384043456773,0.011436204389676428,27,50000,0.06719239961080446,0.06909724151396672,1189,50000,0.043878721064451176,0.04583804187803485,508,50000,0.89294,0.9740850978666667,0.281561484375,0.35161628327880207,0.2865960805700803,False,/data/suehara/part/march/datasets/20250711_ilc_nnqq_sgv_10m_3cat_parquet,val50k_tail,,full_reference
13,13,0,,lr_8_5e-6,1.4863564799999999e-05,validation_total_reference_mistag_geomean_percent,0.3601351697170415,min,0.867499995564042,0.867499995564042,0.48898790943642834,0.26523629309485786,0.3601351697170415,,0.14200000208007815,0.06799999900390627,2.6420000443450937,0.19399999597412118,0.417999997321167,0.05600000164062505,2.4039998925213673,1.0160000316259776,0.015872517214740804,0.01786679732913854,71,50000,0.010701894656100771,0.01269913471129969,34,50000,0.07078284507348702,0.07267712718784479,1321,50000,0.018707497323864092,0.02069969747986102,97,50000,0.027878298100028925,0.029861538435222226,209,50000,0.009628122740163846,0.011625842785762949,28,50000,0.06755523698002315,0.06945903890398474,1202,50000,0.043878721064451176,0.04583804187803485,508,50000,0.8929666666666667,0.9740294887333333,0.28189723958333335,0.35161628327880207,0.28684875574654106,False,/data/suehara/part/march/datasets/20250711_ilc_nnqq_sgv_10m_3cat_parquet,val50k_tail,,full_reference
14,14,0,,lr_11_25e-6,2.4191999999999995e-05,validation_total_reference_mistag_geomean_percent,0.3565932635533403,min,0.8532499822680674,0.8532499822680674,0.4837973427390382,0.2628347540970515,0.3565932635533403,,0.14000000170898438,0.06799999900390627,2.583999908525394,0.19399999597412118,0.4080000024902344,0.05600000164062505,2.359999917175296,1.0160000316259776,0.01575384307703153,0.01774820318982931,70,50000,0.010701894656100771,0.01269913471129969,34,50000,0.07001124707398942,0.07190784914194864,1292,50000,0.018707497323864092,0.02069969747986102,97,50000,0.027532523372190067,0.02951616369938348,204,50000,0.009628122740163846,0.011625842785762949,28,50000,0.06693995520030069,0.06884551708906325,1180,50000,0.043878721064451176,0.04583804187803485,508,50000,0.8929266666666666,0.9741027634666666,0.2815133203125,0.35161628327880207,0.2864145859614944,False,/data/suehara/part/march/datasets/20250711_ilc_nnqq_sgv_10m_3cat_parquet,val50k_tail,,full_reference
14,14,0,,lr_14e-6,1.9353599999999997e-05,validation_total_reference_mistag_geomean_percent,0.35687152569494035,min,0.8602500019197848,0.8602500019197848,0.4824913887907206,0.26395763491454843,0.35687152569494035,,0.14399999718750006,0.06600000112792971,2.6059999713696294,0.1960000040673829,0.41399999191406267,0.05400000131835941,2.3860000167474364,1.0160000316259776,0.01599035816667656,0.01798455828267429,72,50000,0.010529894247015226,0.01252721430061417,33,50000,0.07030501398048727,0.07220073606604566,1303,50000,0.018808383644857783,0.020800503802454642,98,50000,0.027740495331519045,0.02972389566351227,207,50000,0.0094384043456773,0.011436204389676428,27,50000,0.06730426781710735,0.06920878972666925,1193,50000,0.043878721064451176,0.04583804187803485,508,50000,0.8929333333333334,0.9740811686,0.2816282421875,0.35161628327880207,0.2865180550502176,False,/data/suehara/part/march/datasets/20250711_ilc_nnqq_sgv_10m_3cat_parquet,val50k_tail,,full_reference
14,14,0,,lr_3e-6,2.3224319999999995e-05,validation_total_reference_mistag_geomean_percent,0.35677015096721854,min,0.8532500019498834,0.8532500019498834,0.484183773796796,0.2628855973901168,0.35677015096721854,,0.14000000170898438,0.06799999900390627,2.5859999056924474,0.19399999597412118,0.4100000062561036,0.05600000164062505,2.356000073696902,1.0160000316259776,0.01575384307703153,0.01774820318982931,70,50000,0.010701894656100771,0.01269913471129969,34,50000,0.07003800887682918,0.07193453094638813,1293,50000,0.018707497323864092,0.02069969747986102,97,50000,0.027602018034883144,0.029585578363676597,205,50000,0.009628122740163846,0.011625842785762949,28,50000,0.06688371625647796,0.06878943814204036,1178,50000,0.043878721064451176,0.04583804187803485,508,50000,0.89292,0.9741066379666666,0.2814895572916667,0.35161628327880207,0.2863555368300224,False,/data/suehara/part/march/datasets/20250711_ilc_nnqq_sgv_10m_3cat_parquet,val50k_tail,,full_reference
14,14,0,,lr_5_75e-6,2.9030399999999992e-05,validation_total_reference_mistag_geomean_percent,0.35531856629176006,min,0.8517499988284114,0.8517499988284114,0.48170330259832467,0.2620934564297733,0.35531856629176006,,0.13799999730468757,0.06799999900390627,2.5920000632812514,0.19399999597412118,0.40599999801757813,0.05600000164062505,2.3539999473783886,1.0059999880267336,0.015634317924008823,0.01762875803520661,69,50000,0.010701894656100771,0.01269913471129969,34,50000,0.07011822724509453,0.07201450931945338,1296,50000,0.018707497323864092,0.02069969747986102,97,50000,0.027462856367866828,0.029446576693460333,203,50000,0.009628122740163846,0.011625842785762949,28,50000,0.06685557757339644,0.0687613794573591,1177,50000,0.043659579244453156,0.045619300050037115,503,50000,0.8928533333333334,0.9741130446333335,0.28144673177083335,0.35161628327880207,0.2863746354164026,False,/data/suehara/part/march/datasets/20250711_ilc_nnqq_sgv_10m_3cat_parquet,val50k_tail,,full_reference
14,14,0,,lr_8_5e-6,1.4863564799999999e-05,validation_total_reference_mistag_geomean_percent,0.3568766250546676,min,0.8640000089324955,0.8640000089324955,0.48469610348278386,0.2627644922153446,0.3568766250546676,,0.14200000208007815,0.06600000112792971,2.622000059212648,0.19399999597412118,0.41600000406250004,0.05400000131835941,2.3900000437622078,1.0279999639221205,0.015872517214740804,0.01786679732913854,71,50000,0.010529894247015226,0.01252721430061417,33,50000,0.07051782137231857,0.07241290347067691,1311,50000,0.018707497323864092,0.02069969747986102,97,50000,0.02780948042589897,0.02979280075949232,208,50000,0.0094384043456773,0.011436204389676428,27,50000,0.06736012639214847,0.06926448830491053,1195,50000,0.04414023038349056,0.04609907120667403,514,50000,0.8929266666666666,0.9740464341333332,0.2817994010416667,0.35161628327880207,0.2867745071550258,False,/data/suehara/part/march/datasets/20250711_ilc_nnqq_sgv_10m_3cat_parquet,val50k_tail,,full_reference
15,15,0,,lr_11_25e-6,2.4191999999999995e-05,validation_total_reference_mistag_geomean_percent,0.35252056367171075,min,0.8519999799099357,0.8519999799099357,0.4739442267046335,0.26220542589047585,0.35252056367171075,,0.14000000170898438,0.06799999900390627,2.5859999056924474,0.1920000075000003,0.4080000024902344,0.052000000507812505,2.363999934349367,1.0059999880267336,0.01575384307703153,0.01774820318982931,70,50000,0.010701894656100771,0.01269913471129969,34,50000,0.07003800887682918,0.07193453094638813,1293,50000,0.018606088111257617,0.020598368265654594,96,50000,0.027532523372190067,0.02951616369938348,204,50000,0.00924516668895976,0.011243046731358937,26,50000,0.06699614302017702,0.06890154491213975,1182,50000,0.043659579244453156,0.045619300050037115,503,50000,0.8930066666666666,0.9741626350333332,0.28117115885416666,0.35161628327880207,0.2861961611288712,False,/data/suehara/part/march/datasets/20250711_ilc_nnqq_sgv_10m_3cat_parquet,val50k_tail,,full_reference
15,15,0,,lr_14e-6,1.9353599999999997e-05,validation_total_reference_mistag_geomean_percent,0.35549059960086343,min,0.8580000097719958,0.8580000097719958,0.4752960808547275,0.2658838805851778,0.35549059960086343,,0.14200000208007815,0.06799999900390627,2.6140000331057744,0.19799999939575197,0.4100000062561036,0.052000000507812505,2.3700000578613296,1.0099999799652104,0.015872517214740804,0.01786679732913854,71,50000,0.010701894656100771,0.01269913471129969,34,50000,0.07041150573567877,0.07230690782763748,1307,50000,0.01890875502183506,0.02090079518103191,99,50000,0.027602018034883144,0.029585578363676597,205,50000,0.00924516668895976,0.011243046731358937,26,50000,0.06708032916925392,0.06898549106601655,1185,50000,0.04374736994615762,0.045706930754941394,505,50000,0.893,0.9741349716333332,0.28131529947916667,0.35161628327880207,0.28635329274650306,False,/data/suehara/part/march/datasets/20250711_ilc_nnqq_sgv_10m_3cat_parquet,val50k_tail,,full_reference
15,15,0,,lr_3e-6,2.3224319999999995e-05,validation_total_reference_mistag_geomean_percent,0.35237775751387174,min,0.8509999833956534,0.8509999833956534,0.4737436144793542,0.2621039739542839,0.35237775751387174,,0.14000000170898438,0.06799999900390627,2.5819999507522593,0.1920000075000003,0.4080000024902344,0.052000000507812505,2.359999917175296,1.0059999880267336,0.01575384307703153,0.01774820318982931,70,50000,0.010701894656100771,0.01269913471129969,34,50000,0.0699844740767331,0.07188115614309189,1291,50000,0.018606088111257617,0.020598368265654594,96,50000,0.027532523372190067,0.02951616369938348,204,50000,0.00924516668895976,0.011243046731358937,26,50000,0.06693995520030069,0.06884551708906325,1180,50000,0.043659579244453156,0.045619300050037115,503,50000,0.8929933333333333,0.9741660486666667,0.2811486588541667,0.35161628327880207,0.28614825607196814,False,/data/suehara/part/march/datasets/20250711_ilc_nnqq_sgv_10m_3cat_parquet,val50k_tail,,full_reference
15,15,0,,lr_5_75e-6,2.9030399999999992e-05,validation_total_reference_mistag_geomean_percent,0.35406643092678897,min,0.8492500084880643,0.8492500084880643,0.4779858667137654,0.2622735236318323,0.35406643092678897,,0.14000000170898438,0.06799999900390627,2.562000061376039,0.19399999597412118,0.40599999801757813,0.05400000131835941,2.362000041267243,1.0079999692382822,0.01575384307703153,0.01774820318982931,70,50000,0.010701894656100771,0.01269913471129969,34,50000,0.06971612561353611,0.07161360766389548,1281,50000,0.018707497323864092,0.02069969747986102,97,50000,0.027462856367866828,0.029446576693460333,203,50000,0.0094384043456773,0.011436204389676428,27,50000,0.06696805549281093,0.06887353738317323,1181,50000,0.04370349701182767,0.04566313781901171,504,50000,0.8929866666666667,0.9741792744666667,0.281062421875,0.35161628327880207,0.2861037228742063,False,/data/suehara/part/march/datasets/20250711_ilc_nnqq_sgv_10m_3cat_parquet,val50k_tail,,full_reference
15,15,0,,lr_8_5e-6,1.4863564799999999e-05,validation_total_reference_mistag_geomean_percent,0.3560367886114661,min,0.8637499803573233,0.8637499803573233,0.48239448935533397,0.2627770375531636,0.3560367886114661,,0.13799999730468757,0.06600000112792971,2.643999929397585,0.19799999939575197,0.41600000406250004,0.05400000131835941,2.381999937120668,1.0119999731311042,0.015634317924008823,0.01762875803520661,69,50000,0.010529894247015226,0.01252721430061417,33,50000,0.07080928763855202,0.07270348975451021,1322,50000,0.01890875502183506,0.02090079518103191,99,50000,0.02780948042589897,0.02979280075949232,208,50000,0.0094384043456773,0.011436204389676428,27,50000,0.06724835893121076,0.06915304083757318,1191,50000,0.0437911981791236,0.04575067898950746,506,50000,0.89304,0.9740904235999999,0.2815494661458333,0.35161628327880207,0.28665608032956563,False,/data/suehara/part/march/datasets/20250711_ilc_nnqq_sgv_10m_3cat_parquet,val50k_tail,,full_reference
16,16,0,,lr_11_25e-6,2.4191999999999995e-05,validation_total_reference_mistag_geomean_percent,0.35668020743472995,min,0.8537499885042769,0.8537499885042769,0.48218726609434703,0.2638409997969323,0.35668020743472995,,0.13599999800781254,0.06799999900390627,2.5939998909535262,0.2020000022192383,0.4080000024902344,0.05600000164062505,2.3660000137188724,1.0,0.015513923280260607,0.017508443389858443,68,50000,0.010701894656100771,0.01269913471129969,34,50000,0.07014494439639453,0.07204114647235312,1297,50000,0.019107983742976033,0.02109986390537279,101,50000,0.027532523372190067,0.02951616369938348,204,50000,0.009628122740163846,0.011625842785762949,28,50000,0.06702421779820021,0.06892953969176267,1183,50000,0.0435275556174234,0.04548751641820746,500,50000,0.8930866666666667,0.9741789883666666,0.2811037109375,0.35161628327880207,0.28576547617375536,False,/data/suehara/part/march/datasets/20250711_ilc_nnqq_sgv_10m_3cat_parquet,val50k_tail,,full_reference
16,16,0,,lr_14e-6,1.9353599999999997e-05,validation_total_reference_mistag_geomean_percent,0.35457904607631086,min,0.8565000039396866,0.8565000039396866,0.4756032559879006,0.26435121781333026,0.35457904607631086,,0.13799999730468757,0.06799999900390627,2.6019999380627454,0.2,0.41200000301757816,0.052000000507812505,2.374000105594029,1.0059999880267336,0.015634317924008823,0.01762875803520661,69,50000,0.010701894656100771,0.01269913471129969,34,50000,0.07025170181190338,0.07214758389426229,1301,50000,0.01900861920277211,0.02100057936356898,100,50000,0.027671341608769995,0.02965482193916331,206,50000,0.00924516668895976,0.011243046731358937,26,50000,0.06713638973171662,0.06904139163167872,1187,50000,0.043659579244453156,0.045619300050037115,503,50000,0.8930533333333334,0.9741522192,0.2812516145833333,0.35161628327880207,0.2859666875533862,False,/data/suehara/part/march/datasets/20250711_ilc_nnqq_sgv_10m_3cat_parquet,val50k_tail,,full_reference
16,16,0,,lr_3e-6,2.3224319999999995e-05,validation_total_reference_mistag_geomean_percent,0.3560102274200526,min,0.8522499894410711,0.8522499894410711,0.4819459908231299,0.2629823350355275,0.3560102274200526,,0.13599999800781254,0.06799999900390627,2.5859999056924474,0.2,0.4080000024902344,0.05600000164062505,2.3660000137188724,0.9979999949746704,0.015513923280260607,0.017508443389858443,68,50000,0.010701894656100771,0.01269913471129969,34,50000,0.07003800887682918,0.07193453094638813,1293,50000,0.01900861920277211,0.02100057936356898,100,50000,0.027532523372190067,0.02951616369938348,204,50000,0.009628122740163846,0.011625842785762949,28,50000,0.06702421779820021,0.06892953969176267,1183,50000,0.04348345718792508,0.04544349798710906,499,50000,0.8931266666666666,0.9741818410333333,0.2810912109375,0.35161628327880207,0.2857285815156794,False,/data/suehara/part/march/datasets/20250711_ilc_nnqq_sgv_10m_3cat_parquet,val50k_tail,,full_reference
16,16,0,,lr_5_75e-6,2.9030399999999992e-05,validation_total_reference_mistag_geomean_percent,0.35490185375461475,min,0.8535000006148148,0.8535000006148148,0.4829744444866121,0.2607908704824928,0.35490185375461475,,0.13399999640136728,0.06799999900390627,2.589999990119934,0.1960000040673829,0.4080000024902344,0.05600000164062505,2.3720000050671386,1.0040000061279297,0.015392639991259324,0.01738724009925721,67,50000,0.010701894656100771,0.01269913471129969,34,50000,0.0700914989497807,0.07198786102253982,1295,50000,0.018808383644857783,0.020800503802454642,98,50000,0.027532523372190067,0.02951616369938348,204,50000,0.009628122740163846,0.011625842785762949,28,50000,0.0671083657937211,0.06901344769208347,1186,50000,0.04361561651169965,0.04557541731568353,502,50000,0.8930733333333334,0.9741990513333333,0.28100497395833335,0.35161628327880207,0.28562676835661555,False,/data/suehara/part/march/datasets/20250711_ilc_nnqq_sgv_10m_3cat_parquet,val50k_tail,,full_reference
16,16,0,,lr_8_5e-6,1.8579455999999997e-05,validation_total_reference_mistag_geomean_percent,0.35630097726914967,min,0.85149999114235,0.85149999114235,0.48329515887719365,0.26267671850445634,0.35630097726914967,,0.13599999800781254,0.06799999900390627,2.573999894936375,0.2,0.4100000062561036,0.05600000164062505,2.362000041267243,1.0059999880267336,0.015513923280260607,0.017508443389858443,68,50000,0.010701894656100771,0.01269913471129969,34,50000,0.06987726988993657,0.07177427194989573,1287,50000,0.01900861920277211,0.02100057936356898,100,50000,0.027602018034883144,0.029585578363676597,205,50000,0.009628122740163846,0.011625842785762949,28,50000,0.06696805549281093,0.06887353738317323,1181,50000,0.043659579244453156,0.045619300050037115,503,50000,0.8930933333333333,0.9741760966666666,0.2811362109375,0.35161628327880207,0.2857131606933334,False,/data/suehara/part/march/datasets/20250711_ilc_nnqq_sgv_10m_3cat_parquet,val50k_tail,,full_reference
17,17,0,,lr_11_25e-6,1.548288e-05,validation_total_reference_mistag_geomean_percent,0.35266763614323515,min,0.8497499963743979,0.8497499963743979,0.47533756437318814,0.2616550235133758,0.35266763614323515,,0.13200000225585942,0.07000000085449219,2.562000061376039,0.19799999939575197,0.41200000301757816,0.052000000507812505,2.363999934349367,1.0079999692382822,0.01527044818788576,0.01726512829428365,66,50000,0.010871397397403768,0.01286855745420266,35,50000,0.06971612561353611,0.07161360766389548,1281,50000,0.01890875502183506,0.02090079518103191,99,50000,0.027671341608769995,0.02965482193916331,206,50000,0.00924516668895976,0.011243046731358937,26,50000,0.06699614302017702,0.06890154491213975,1182,50000,0.04370349701182767,0.04566313781901171,504,50000,0.8931266666666666,0.9741633555,0.2812217838541667,0.35161628327880207,0.28574040425725916,False,/data/suehara/part/march/datasets/20250711_ilc_nnqq_sgv_10m_3cat_parquet,val50k_tail,,full_reference
17,17,0,,lr_14e-6,1.9353599999999997e-05,validation_total_reference_mistag_geomean_percent,0.35203188623611953,min,0.8490000006939705,0.8490000006939705,0.4758084297753947,0.26045450473725246,0.35203188623611953,,0.12999999920654298,0.07000000085449219,2.554000095089115,0.19799999939575197,0.41200000301757816,0.052000000507812505,2.363999934349367,1.0119999731311042,0.015147327248533623,0.01714208735333156,65,50000,0.010871397397403768,0.01286855745420266,35,50000,0.06960846956612296,0.07150627161008269,1277,50000,0.01890875502183506,0.02090079518103191,99,50000,0.027671341608769995,0.02965482193916331,206,50000,0.00924516668895976,0.011243046731358937,26,50000,0.06699614302017702,0.06890154491213975,1182,50000,0.0437911981791236,0.04575067898950746,506,50000,0.8931266666666666,0.9741676905,0.2811868359375,0.35161628327880207,0.2857538770701646,False,/data/suehara/part/march/datasets/20250711_ilc_nnqq_sgv_10m_3cat_parquet,val50k_tail,,full_reference
17,17,0,,lr_3e-6,2.3224319999999995e-05,validation_total_reference_mistag_geomean_percent,0.34931033926787974,min,0.8447499863363841,0.8447499863363841,0.47391213773265106,0.2574690610441282,0.34931033926787974,,0.12599999615478527,0.07000000085449219,2.5419999592727667,0.1960000040673829,0.4080000024902344,0.052000000507812505,2.3539999473783886,1.0099999799652104,0.014898211467070606,0.016893131568668597,63,50000,0.010871397397403768,0.01286855745420266,35,50000,0.0694466436247855,0.07134492565914544,1271,50000,0.018808383644857783,0.020800503802454642,98,50000,0.027532523372190067,0.02951616369938348,204,50000,0.00924516668895976,0.011243046731358937,26,50000,0.06685557757339644,0.0687613794573591,1177,50000,0.04374736994615762,0.045706930754941394,505,50000,0.89312,0.9742010646999999,0.2810185546875,0.34931033926787974,0.28548500613477445,False,/data/suehara/part/march/datasets/20250711_ilc_nnqq_sgv_10m_3cat_parquet,val50k_tail,,full_reference
17,17,0,,lr_5_75e-6,2.9030399999999992e-05,validation_total_reference_mistag_geomean_percent,0.34905124481569305,min,0.8415000010926057,0.8415000010926057,0.4713499590391358,0.25848473977966097,0.34905124481569305,,0.128,0.07000000085449219,2.5419999592727667,0.1960000040673829,0.40599999801757813,0.052000000507812505,2.338000046020814,1.0,0.015023255758590748,0.017018095861788735,64,50000,0.010871397397403768,0.01286855745420266,35,50000,0.0694466436247855,0.07134492565914544,1271,50000,0.018808383644857783,0.020800503802454642,98,50000,0.027462856367866828,0.029446576693460333,203,50000,0.00924516668895976,0.011243046731358937,26,50000,0.06663000493057764,0.06853644680174034,1169,50000,0.0435275556174234,0.04548751641820746,500,50000,0.8932266666666666,0.9742253948999999,0.280880703125,0.34905124481569305,0.2853298403503553,False,/data/suehara/part/march/datasets/20250711_ilc_nnqq_sgv_10m_3cat_parquet,val50k_tail,,full_reference
17,17,0,,lr_8_5e-6,1.8579455999999997e-05,validation_total_reference_mistag_geomean_percent,0.3517894509203615,min,0.8435000090353586,0.8435000090353586,0.47793701827922763,0.2589375023186568,0.3517894509203615,,0.128,0.07000000085449219,2.5340000214595033,0.19799999939575197,0.4100000062561036,0.05400000131835941,2.352000048808595,1.0019999941900635,0.015023255758590748,0.017018095861788735,64,50000,0.010871397397403768,0.01286855745420266,35,50000,0.06933853052785502,0.07123713255581463,1267,50000,0.01890875502183506,0.02090079518103191,99,50000,0.027602018034883144,0.029585578363676597,205,50000,0.0094384043456773,0.011436204389676428,27,50000,0.0668274260616334,0.06873330794399633,1176,50000,0.04357160868057441,0.04553148948295855,501,50000,0.8931733333333334,0.9741902572,0.28108309895833333,0.34905124481569305,0.28551564873796825,False,/data/suehara/part/march/datasets/20250711_ilc_nnqq_sgv_10m_3cat_parquet,val50k_tail,,full_reference
18,18,0,,lr_11_25e-6,3e-05,validation_total_reference_mistag_geomean_percent,0.34840052114628445,min,0.8369999956156932,0.8369999956156932,0.46868060006890777,0.2589885801058467,0.34840052114628445,,0.13200000225585942,0.07000000085449219,2.535999881589361,0.1920000075000003,0.4040000044384766,0.052000000507812505,2.3200000708007833,0.9899999969787597,0.01527044818788576,0.01726512829428365,66,50000,0.010871397397403768,0.01286855745420266,35,50000,0.06936557604661046,0.0712640980761705,1268,50000,0.018606088111257617,0.020598368265654594,96,50000,0.027393015753673228,0.029376816077666783,202,50000,0.00924516668895976,0.011243046731358937,26,50000,0.06637524403804648,0.0682824058948095,1160,50000,0.0433066070964213,0.045266967889205645,495,50000,0.8932,0.9742660063666667,0.2806855598958333,0.34840052114628445,0.2848899759235182,False,/data/suehara/part/march/datasets/20250711_ilc_nnqq_sgv_10m_3cat_parquet,val50k_tail,,full_reference
18,18,0,,lr_14e-6,1.9353599999999997e-05,validation_total_reference_mistag_geomean_percent,0.348845241075052,min,0.8454999957557303,0.8454999957557303,0.47266922557595825,0.25745911863084686,0.348845241075052,,0.12999999920654298,0.06799999900390627,2.562000061376039,0.19399999597412118,0.4080000024902344,0.052000000507812505,2.3479999132971225,1.0019999941900635,0.015147327248533623,0.01714208735333156,65,50000,0.010701894656100771,0.01269913471129969,34,50000,0.06971612561353611,0.07161360766389548,1281,50000,0.018707497323864092,0.02069969747986102,97,50000,0.027532523372190067,0.02951616369938348,204,50000,0.00924516668895976,0.011243046731358937,26,50000,0.06677108448815486,0.06867712636731763,1174,50000,0.04357160868057441,0.04553148948295855,501,50000,0.89322,0.9741966116666666,0.28106131510416665,0.34840052114628445,0.2853870514615384,False,/data/suehara/part/march/datasets/20250711_ilc_nnqq_sgv_10m_3cat_parquet,val50k_tail,,full_reference
18,18,0,,lr_3e-6,2.3224319999999995e-05,validation_total_reference_mistag_geomean_percent,0.34916167707188844,min,0.8382500091762358,0.8382500091762358,0.4712892110091453,0.25868166274081755,0.34916167707188844,,0.13200000225585942,0.07000000085449219,2.5239999715002446,0.1920000075000003,0.4080000024902344,0.052000000507812505,2.3300000933265723,0.9979999949746704,0.01527044818788576,0.01726512829428365,66,50000,0.010871397397403768,0.01286855745420266,35,50000,0.06920312989126647,0.0711021319112267,1262,50000,0.018606088111257617,0.020598368265654594,96,50000,0.027532523372190067,0.02951616369938348,204,50000,0.00924516668895976,0.011243046731358937,26,50000,0.06651690814794449,0.06842367001270756,1165,50000,0.04348345718792508,0.04544349798710906,499,50000,0.8932666666666667,0.9742346638333333,0.28085217447916666,0.34840052114628445,0.28509111477612653,False,/data/suehara/part/march/datasets/20250711_ilc_nnqq_sgv_10m_3cat_parquet,val50k_tail,,full_reference
18,18,0,,lr_5_75e-6,2.9030399999999992e-05,validation_total_reference_mistag_geomean_percent,0.3490273467688193,min,0.837999974545213,0.837999974545213,0.4682347273258903,0.26016884627118897,0.3490273467688193,,0.13399999640136728,0.07000000085449219,2.5439998804394586,0.1920000075000003,0.40199998920410185,0.052000000507812505,2.3179999045013466,0.9920000169531253,0.015392639991259324,0.01738724009925721,67,50000,0.010871397397403768,0.01286855745420266,35,50000,0.06947364320219473,0.0713718452381544,1272,50000,0.018606088111257617,0.020598368265654594,96,50000,0.027323000245685562,0.02930688056807908,201,50000,0.00924516668895976,0.011243046731358937,26,50000,0.06634687196760067,0.06825411382276395,1159,50000,0.04335088834802794,0.04531116914241202,496,50000,0.8932533333333333,0.9742650680333332,0.280696796875,0.34840052114628445,0.2848860900680659,False,/data/suehara/part/march/datasets/20250711_ilc_nnqq_sgv_10m_3cat_parquet,val50k_tail,,full_reference
18,18,0,,lr_8_5e-6,1.8579455999999997e-05,validation_total_reference_mistag_geomean_percent,0.34835110360581883,min,0.8412499783596046,0.8412499783596046,0.47253456307221947,0.25680341898047726,0.34835110360581883,,0.12999999920654298,0.06799999900390627,2.535999881589361,0.19399999597412118,0.4080000024902344,0.052000000507812505,2.3359999600781256,1.0059999880267336,0.015147327248533623,0.01714208735333156,65,50000,0.010701894656100771,0.01269913471129969,34,50000,0.06936557604661046,0.0712640980761705,1268,50000,0.018707497323864092,0.02069969747986102,97,50000,0.027532523372190067,0.02951616369938348,204,50000,0.00924516668895976,0.011243046731358937,26,50000,0.06660175021164123,0.0685082720812042,1168,50000,0.043659579244453156,0.045619300050037115,503,50000,0.8931933333333333,0.9742194561999998,0.28093712239583335,0.34835110360581883,0.28516631803587467,False,/data/suehara/part/march/datasets/20250711_ilc_nnqq_sgv_10m_3cat_parquet,val50k_tail,,full_reference
19,19,0,,lr_11_25e-6,3e-05,validation_total_reference_mistag_geomean_percent,0.34947881688085625,min,0.8412500103154376,0.8412500103154376,0.47235442015437207,0.2585673770312713,0.34947881688085625,,0.13399999640136728,0.07000000085449219,2.562000061376039,0.186000003178711,0.39599999879150394,0.05400000131835941,2.3280000206030276,1.0,0.015392639991259324,0.01738724009925721,67,50000,0.010871397397403768,0.01286855745420266,35,50000,0.06971612561353611,0.07161360766389548,1281,50000,0.018298640498242997,0.020291160647840055,93,50000,0.02711189127868993,0.029096011596283465,198,50000,0.0094384043456773,0.011436204389676428,27,50000,0.06648860143671186,0.0683954432998752,1164,50000,0.0435275556174234,0.04548751641820746,500,50000,0.89334,0.9742960678333333,0.280460859375,0.34835110360581883,0.2846696800217635,False,/data/suehara/part/march/datasets/20250711_ilc_nnqq_sgv_10m_3cat_parquet,val50k_tail,,full_reference
19,19,0,,lr_14e-6,1.9353599999999997e-05,validation_total_reference_mistag_geomean_percent,0.35149183947659773,min,0.8447500049050904,0.8447500049050904,0.4753189255783079,0.2599234042034547,0.35149183947659773,,0.13799999730468757,0.06799999900390627,2.56,0.18999999768066408,0.40199998920410185,0.05400000131835941,2.3420000486010752,1.0040000061279297,0.015634317924008823,0.01762875803520661,69,50000,0.010701894656100771,0.01269913471129969,34,50000,0.06968922863662165,0.07158679068538128,1280,50000,0.018504147852544686,0.02049650800534169,95,50000,0.027323000245685562,0.02930688056807908,201,50000,0.0094384043456773,0.011436204389676428,27,50000,0.06668647551251045,0.06859275738687332,1171,50000,0.04361561651169965,0.04557541731568353,502,50000,0.8931333333333333,0.9742255746,0.28085661458333333,0.34835110360581883,0.2852435466407425,False,/data/suehara/part/march/datasets/20250711_ilc_nnqq_sgv_10m_3cat_parquet,val50k_tail,,full_reference
19,19,0,,lr_3e-6,2.3224319999999995e-05,validation_total_reference_mistag_geomean_percent,0.3502101562142001,min,0.8412500156475836,0.8412500156475836,0.4720696125176965,0.2598073467628183,0.3502101562142001,,0.13599999800781254,0.06799999900390627,2.5660000297570806,0.1920000075000003,0.3979999917407228,0.05400000131835941,2.3200000708007833,0.9960000270520026,0.015513923280260607,0.017508443389858443,68,50000,0.010701894656100771,0.01269913471129969,34,50000,0.06976988557512824,0.07166720762868777,1283,50000,0.018606088111257617,0.020598368265654594,96,50000,0.027182439332570398,0.029166479651764055,199,50000,0.0094384043456773,0.011436204389676428,27,50000,0.06637524403804648,0.0682824058948095,1160,50000,0.04343931325708605,0.04539943405467029,498,50000,0.89324,0.9742637245333334,0.2806462369791667,0.34835110360581883,0.28492183690409273,False,/data/suehara/part/march/datasets/20250711_ilc_nnqq_sgv_10m_3cat_parquet,val50k_tail,,full_reference
19,19,0,,lr_5_75e-6,2.9030399999999992e-05,validation_total_reference_mistag_geomean_percent,0.3494747483405694,min,0.8392500170616347,0.8392500170616347,0.47154295990775874,0.25900630507047623,0.3494747483405694,,0.13399999640136728,0.07000000085449219,2.552000077880862,0.1879999917382816,0.39599999879150394,0.05400000131835941,2.3260000764851405,0.9939999930230713,0.015392639991259324,0.01738724009925721,67,50000,0.010871397397403768,0.01286855745420266,35,50000,0.06958152711942431,0.07147940916178361,1276,50000,0.018401668178712582,0.020394108329909573,94,50000,0.02711189127868993,0.029096011596283465,198,50000,0.0094384043456773,0.011436204389676428,27,50000,0.0664602816865395,0.06836720354810241,1163,50000,0.04339512368923739,0.04535532448522155,497,50000,0.8932933333333334,0.9742950482000001,0.280465859375,0.34835110360581883,0.28467394158364706,False,/data/suehara/part/march/datasets/20250711_ilc_nnqq_sgv_10m_3cat_parquet,val50k_tail,,full_reference
19,19,0,,lr_8_5e-6,1.8579455999999997e-05,validation_total_reference_mistag_geomean_percent,0.3503950497477295,min,0.8429999948130418,0.8429999948130418,0.47408430915764876,0.2589764911348005,0.3503950497477295,,0.13599999800781254,0.06799999900390627,2.56,0.18999999768066408,0.4,0.05400000131835941,2.3339999683035284,1.0019999941900635,0.015513923280260607,0.017508443389858443,68,50000,0.010701894656100771,0.01269913471129969,34,50000,0.06968922863662165,0.07158679068538128,1280,50000,0.018504147852544686,0.02049650800534169,95,50000,0.027252808544023274,0.029236768864816798,200,50000,0.0094384043456773,0.011436204389676428,27,50000,0.06657348251908023,0.06848008438704346,1167,50000,0.04357160868057441,0.04553148948295855,501,50000,0.8932066666666667,0.9742442921666666,0.2807432552083333,0.34835110360581883,0.2850366069597043,False,/data/suehara/part/march/datasets/20250711_ilc_nnqq_sgv_10m_3cat_parquet,val50k_tail,,full_reference
20,20,0,,lr_11_25e-6,3e-05,validation_total_reference_mistag_geomean_percent,0.34947649590989166,min,0.8350000033798222,0.8350000033798222,0.47064244322752985,0.2595044772330733,0.34947649590989166,,0.13799999730468757,0.07000000085449219,2.5239999715002446,0.186000003178711,0.39399998905822786,0.05400000131835941,2.3200000708007833,0.9939999930230713,0.015634317924008823,0.01762875803520661,69,50000,0.010871397397403768,0.01286855745420266,35,50000,0.06920312989126647,0.0711021319112267,1262,50000,0.018298640498242997,0.020291160647840055,93,50000,0.027041163032931338,0.02902536334892505,197,50000,0.0094384043456773,0.011436204389676428,27,50000,0.06637524403804648,0.0682824058948095,1160,50000,0.04339512368923739,0.04535532448522155,497,50000,0.8933133333333333,0.9743075151333332,0.2804156770833333,0.34835110360581883,0.2844870048001061,False,/data/suehara/part/march/datasets/20250711_ilc_nnqq_sgv_10m_3cat_parquet,val50k_tail,,full_reference
20,20,0,,lr_14e-6,1.9353599999999997e-05,validation_total_reference_mistag_geomean_percent,0.3463054772543334,min,0.8385000065129092,0.8385000065129092,0.467279865826087,0.256650226870649,0.3463054772543334,,0.13399999640136728,0.06799999900390627,2.56,0.186000003178711,0.4,0.052000000507812505,2.3200000708007833,0.9879999822106936,0.015392639991259324,0.01738724009925721,67,50000,0.010701894656100771,0.01269913471129969,34,50000,0.06968922863662165,0.07158679068538128,1280,50000,0.018298640498242997,0.020291160647840055,93,50000,0.027252808544023274,0.029236768864816798,200,50000,0.00924516668895976,0.011243046731358937,26,50000,0.06637524403804648,0.0682824058948095,1160,50000,0.04326227979669032,0.04522272058787458,494,50000,0.8933,0.9742970549333333,0.28048395833333334,0.3463054772543334,0.28445771880543613,False,/data/suehara/part/march/datasets/20250711_ilc_nnqq_sgv_10m_3cat_parquet,val50k_tail,,full_reference
20,20,0,,lr_3e-6,2.3224319999999995e-05,validation_total_reference_mistag_geomean_percent,0.3474467865241191,min,0.8407500060441592,0.8407500060441592,0.46862604007654696,0.2576025639681015,0.3474467865241191,,0.13599999800781254,0.06799999900390627,2.56,0.186000003178711,0.4,0.052000000507812505,2.3280000206030276,0.9960000270520026,0.015513923280260607,0.017508443389858443,68,50000,0.010701894656100771,0.01269913471129969,34,50000,0.06968922863662165,0.07158679068538128,1280,50000,0.018298640498242997,0.020291160647840055,93,50000,0.027252808544023274,0.029236768864816798,200,50000,0.00924516668895976,0.011243046731358937,26,50000,0.06648860143671186,0.0683954432998752,1164,50000,0.04343931325708605,0.04539943405467029,498,50000,0.89328,0.9742704211666666,0.2806210546875,0.3463054772543334,0.2847898717028138,False,/data/suehara/part/march/datasets/20250711_ilc_nnqq_sgv_10m_3cat_parquet,val50k_tail,,full_reference
20,20,0,,lr_5_75e-6,2.9030399999999992e-05,validation_total_reference_mistag_geomean_percent,0.34901201883405164,min,0.8337500064586642,0.8337500064586642,0.4696716142210561,0.25935011953541115,0.34901201883405164,,0.13799999730468757,0.07000000085449219,2.5180000541745007,0.186000003178711,0.3920000081347658,0.05400000131835941,2.3219999897250365,0.9899999969787597,0.015634317924008823,0.01762875803520661,69,50000,0.010871397397403768,0.01286855745420266,35,50000,0.06912175059417512,0.07102099260933546,1259,50000,0.018298640498242997,0.020291160647840055,93,50000,0.02697025322873285,0.028954533543126652,196,50000,0.0094384043456773,0.011436204389676428,27,50000,0.06640360300367541,0.06831068486203885,1161,50000,0.0433066070964213,0.045266967889205645,495,50000,0.89332,0.9743050172333335,0.28042401041666665,0.3463054772543334,0.2844989744468509,False,/data/suehara/part/march/datasets/20250711_ilc_nnqq_sgv_10m_3cat_parquet,val50k_tail,,full_reference
20,20,0,,lr_8_5e-6,1.8579455999999997e-05,validation_total_reference_mistag_geomean_percent,0.3466142043410697,min,0.8419999955618669,0.8419999955618669,0.47114822173051235,0.25499704999356104,0.3466142043410697,,0.13200000225585942,0.06799999900390627,2.56,0.18399999640625006,0.40599999801757813,0.052000000507812505,2.3339999683035284,1.0,0.01527044818788576,0.01726512829428365,66,50000,0.010701894656100771,0.01269913471129969,34,50000,0.06968922863662165,0.07158679068538128,1280,50000,0.018195055988739096,0.02018765613673616,92,50000,0.027462856367866828,0.029446576693460333,203,50000,0.00924516668895976,0.011243046731358937,26,50000,0.06657348251908023,0.06848008438704346,1167,50000,0.0435275556174234,0.04548751641820746,500,50000,0.89328,0.9742477379666665,0.28074686197916665,0.3463054772543334,0.2849453553975848,False,/data/suehara/part/march/datasets/20250711_ilc_nnqq_sgv_10m_3cat_parquet,val50k_tail,,full_reference
21,21,0,,lr_11_25e-6,1.548288e-05,validation_total_reference_mistag_geomean_percent,0.34760442067032055,min,0.8412499890745355,0.8412499890745355,0.4696121280978771,0.25729495905260324,0.34760442067032055,,0.13200000225585942,0.07000000085449219,2.5499999659538273,0.186000003178711,0.3979999917407228,0.052000000507812505,2.3359999600781256,1.0059999880267336,0.01527044818788576,0.01726512829428365,66,50000,0.010871397397403768,0.01286855745420266,35,50000,0.06955457327275476,0.07145253531351432,1275,50000,0.018298640498242997,0.020291160647840055,93,50000,0.027182439332570398,0.029166479651764055,199,50000,0.00924516668895976,0.011243046731358937,26,50000,0.06660175021164123,0.0685082720812042,1168,50000,0.043659579244453156,0.045619300050037115,503,50000,0.8933333333333333,0.9743239334,0.28040263020833334,0.3463054772543334,0.2841113641439649,False,/data/suehara/part/march/datasets/20250711_ilc_nnqq_sgv_10m_3cat_parquet,val50k_tail,,full_reference
21,21,0,,lr_14e-6,1.9353599999999997e-05,validation_total_reference_mistag_geomean_percent,0.3485749332960862,min,0.8417500032320979,0.8417500032320979,0.47046607943104896,0.2582640692593833,0.3485749332960862,,0.13399999640136728,0.07000000085449219,2.5499999659538273,0.186000003178711,0.4,0.052000000507812505,2.332000078995364,1.0099999799652104,0.015392639991259324,0.01738724009925721,67,50000,0.010871397397403768,0.01286855745420266,35,50000,0.06955457327275476,0.07145253531351432,1275,50000,0.018298640498242997,0.020291160647840055,93,50000,0.027252808544023274,0.029236768864816798,200,50000,0.00924516668895976,0.011243046731358937,26,50000,0.06654520183661874,0.06845188370298155,1166,50000,0.04374736994615762,0.045706930754941394,505,50000,0.8933733333333334,0.9743305522666668,0.2803606119791667,0.3463054772543334,0.2841281612562827,False,/data/suehara/part/march/datasets/20250711_ilc_nnqq_sgv_10m_3cat_parquet,val50k_tail,,full_reference
21,21,0,,lr_3e-6,2.3224319999999995e-05,validation_total_reference_mistag_geomean_percent,0.3481968084783547,min,0.8425000009390646,0.8425000009390646,0.47150523678867073,0.2571360993999997,0.3481968084783547,,0.13399999640136728,0.06799999900390627,2.552000077880862,0.1879999917382816,0.4040000044384766,0.052000000507812505,2.3339999683035284,1.0079999692382822,0.015392639991259324,0.01738724009925721,67,50000,0.010701894656100771,0.01269913471129969,34,50000,0.06958152711942431,0.07147940916178361,1276,50000,0.018401668178712582,0.020394108329909573,94,50000,0.027393015753673228,0.029376816077666783,202,50000,0.00924516668895976,0.011243046731358937,26,50000,0.06657348251908023,0.06848008438704346,1167,50000,0.04370349701182767,0.04566313781901171,504,50000,0.8933133333333333,0.9743109203000001,0.280442734375,0.3463054772543334,0.2844260036590722,False,/data/suehara/part/march/datasets/20250711_ilc_nnqq_sgv_10m_3cat_parquet,val50k_tail,,full_reference
21,21,0,,lr_5_75e-6,2.9030399999999992e-05,validation_total_reference_mistag_geomean_percent,0.34770822457507183,min,0.8385000144134906,0.8385000144134906,0.47063263541068384,0.25689040738037183,0.34770822457507183,,0.13200000225585942,0.07000000085449219,2.5340000214595033,0.186000003178711,0.4040000044384766,0.052000000507812505,2.3260000764851405,1.0040000061279297,0.01527044818788576,0.01726512829428365,66,50000,0.010871397397403768,0.01286855745420266,35,50000,0.06933853052785502,0.07123713255581463,1267,50000,0.018298640498242997,0.020291160647840055,93,50000,0.027393015753673228,0.029376816077666783,202,50000,0.00924516668895976,0.011243046731358937,26,50000,0.0664602816865395,0.06836720354810241,1163,50000,0.04361561651169965,0.04557541731568353,502,50000,0.8934333333333333,0.9743530266666666,0.2802178125,0.3463054772543334,0.2840943110309743,False,/data/suehara/part/march/datasets/20250711_ilc_nnqq_sgv_10m_3cat_parquet,val50k_tail,,full_reference
21,21,0,,lr_8_5e-6,1.8579455999999997e-05,validation_total_reference_mistag_geomean_percent,0.3479529883341155,min,0.8410000105191044,0.8410000105191044,0.47084513754835794,0.2571360993999997,0.3479529883341155,,0.13399999640136728,0.06799999900390627,2.552000077880862,0.1879999917382816,0.40599999801757813,0.052000000507812505,2.3280000206030276,1.0,0.015392639991259324,0.01738724009925721,67,50000,0.010701894656100771,0.01269913471129969,34,50000,0.06958152711942431,0.07147940916178361,1276,50000,0.018401668178712582,0.020394108329909573,94,50000,0.027462856367866828,0.029446576693460333,203,50000,0.00924516668895976,0.011243046731358937,26,50000,0.06648860143671186,0.0683954432998752,1164,50000,0.0435275556174234,0.04548751641820746,500,50000,0.89324,0.9742805378666667,0.2806155859375,0.3463054772543334,0.28461904791154957,False,/data/suehara/part/march/datasets/20250711_ilc_nnqq_sgv_10m_3cat_parquet,val50k_tail,,full_reference
22,22,0,,lr_11_25e-6,1.548288e-05,validation_total_reference_mistag_geomean_percent,0.3481242128389492,min,0.8372500024356082,0.8372500024356082,0.4705472525516329,0.2575521733631626,0.3481242128389492,,0.13399999640136728,0.07000000085449219,2.522000059648134,0.186000003178711,0.40199998920410185,0.052000000507812505,2.3219999897250365,1.0099999799652104,0.015392639991259324,0.01738724009925721,67,50000,0.010871397397403768,0.01286855745420266,35,50000,0.06917601506197281,0.07107509708033262,1261,50000,0.018298640498242997,0.020291160647840055,93,50000,0.027323000245685562,0.02930688056807908,201,50000,0.00924516668895976,0.011243046731358937,26,50000,0.06640360300367541,0.06831068486203885,1161,50000,0.04374736994615762,0.045706930754941394,505,50000,0.89348,0.9743404457333332,0.28026515625,0.3463054772543334,0.2843602671580655,False,/data/suehara/part/march/datasets/20250711_ilc_nnqq_sgv_10m_3cat_parquet,val50k_tail,,full_reference
22,22,0,,lr_14e-6,1.9353599999999997e-05,validation_total_reference_mistag_geomean_percent,0.34745257093170895,min,0.8344999885987859,0.8344999885987859,0.4692925740564533,0.2572452574809587,0.34745257093170895,,0.13399999640136728,0.07000000085449219,2.5100000153198243,0.186000003178711,0.4,0.052000000507812505,2.3179999045013466,1.0059999880267336,0.015392639991259324,0.01738724009925721,67,50000,0.010871397397403768,0.01286855745420266,35,50000,0.06901308204419615,0.07091264405295616,1255,50000,0.018298640498242997,0.020291160647840055,93,50000,0.027252808544023274,0.029236768864816798,200,50000,0.00924516668895976,0.011243046731358937,26,50000,0.06634687196760067,0.06825411382276395,1159,50000,0.043659579244453156,0.045619300050037115,503,50000,0.8935066666666667,0.9743480291000001,0.28021733072916666,0.3463054772543334,0.2843478235602379,False,/data/suehara/part/march/datasets/20250711_ilc_nnqq_sgv_10m_3cat_parquet,val50k_tail,,full_reference
22,22,0,,lr_3e-6,2.3224319999999995e-05,validation_total_reference_mistag_geomean_percent,0.3467648591608158,min,0.8330000190496452,0.8330000190496452,0.46994800475314646,0.255870577878042,0.3467648591608158,,0.13200000225585942,0.07000000085449219,2.494000087146915,0.186000003178711,0.40199998920410185,0.052000000507812505,2.3240000631213396,1.0040000061279297,0.01527044818788576,0.01726512829428365,66,50000,0.010871397397403768,0.01286855745420266,35,50000,0.06879518344380942,0.07069538543977016,1247,50000,0.018298640498242997,0.020291160647840055,93,50000,0.027323000245685562,0.02930688056807908,201,50000,0.00924516668895976,0.011243046731358937,26,50000,0.0664319488810114,0.06833895074097457,1162,50000,0.04361561651169965,0.04557541731568353,502,50000,0.8934266666666667,0.9743316553666667,0.2803065755208333,0.3463054772543334,0.28460318493701164,False,/data/suehara/part/march/datasets/20250711_ilc_nnqq_sgv_10m_3cat_parquet,val50k_tail,,full_reference
22,22,0,,lr_5_75e-6,2.9030399999999992e-05,validation_total_reference_mistag_geomean_percent,0.3460319387171854,min,0.8335000203782662,0.8335000203782662,0.47012981974886936,0.2546915715245096,0.3460319387171854,,0.128,0.07000000085449219,2.4980000771858237,0.1879999917382816,0.4040000044384766,0.052000000507812505,2.3300000933265723,0.9979999949746704,0.015023255758590748,0.017018095861788735,64,50000,0.010871397397403768,0.01286855745420266,35,50000,0.0688497285547679,0.07074977055392812,1249,50000,0.018401668178712582,0.020394108329909573,94,50000,0.027393015753673228,0.029376816077666783,202,50000,0.00924516668895976,0.011243046731358937,26,50000,0.06651690814794449,0.06842367001270756,1165,50000,0.04348345718792508,0.04544349798710906,499,50000,0.8936066666666667,0.9743745467666667,0.2800742057291667,0.3460319387171854,0.28423852026462554,False,/data/suehara/part/march/datasets/20250711_ilc_nnqq_sgv_10m_3cat_parquet,val50k_tail,,full_reference
22,22,0,,lr_8_5e-6,1.8579455999999997e-05,validation_total_reference_mistag_geomean_percent,0.3486171979467627,min,0.8357500055293277,0.8357500055293277,0.4691603085167783,0.25904567905259185,0.3486171979467627,,0.13599999800781254,0.07000000085449219,2.51599997619751,0.1879999917382816,0.4,0.052000000507812505,2.3200000708007833,1.0040000061279297,0.015513923280260607,0.017508443389858443,68,50000,0.010871397397403768,0.01286855745420266,35,50000,0.06909460092874437,0.07099392294230428,1258,50000,0.018401668178712582,0.020394108329909573,94,50000,0.027252808544023274,0.029236768864816798,200,50000,0.00924516668895976,0.011243046731358937,26,50000,0.06637524403804648,0.0682824058948095,1160,50000,0.04361561651169965,0.04557541731568353,502,50000,0.8934466666666666,0.9743000343333333,0.28048104166666665,0.3460319387171854,0.2848319043786753,False,/data/suehara/part/march/datasets/20250711_ilc_nnqq_sgv_10m_3cat_parquet,val50k_tail,,full_reference
23,23,0,,lr_11_25e-6,1.548288e-05,validation_total_reference_mistag_geomean_percent,0.34662931711671163,min,0.8364999700475324,0.8364999700475324,0.4687048527836531,0.25634870808614835,0.34662931711671163,,0.12599999615478527,0.07199999859375003,2.5319998891168263,0.1879999917382816,0.3979999917407228,0.052000000507812505,2.3179999045013466,1.0059999880267336,0.014898211467070606,0.016893131568668597,63,50000,0.01103850796111245,0.013035588019511294,36,50000,0.06931147349066129,0.07121015551702116,1266,50000,0.018401668178712582,0.020394108329909573,94,50000,0.027182439332570398,0.029166479651764055,199,50000,0.00924516668895976,0.011243046731358937,26,50000,0.06634687196760067,0.06825411382276395,1159,50000,0.043659579244453156,0.045619300050037115,503,50000,0.8935266666666667,0.9743522783333333,0.2802303515625,0.3460319387171854,0.2835705194101234,False,/data/suehara/part/march/datasets/20250711_ilc_nnqq_sgv_10m_3cat_parquet,val50k_tail,,full_reference
23,23,0,,lr_14e-6,1.9353599999999997e-05,validation_total_reference_mistag_geomean_percent,0.3477938185363232,min,0.8352499894297417,0.8352499894297417,0.46883644802405533,0.2580015711702316,0.3477938185363232,,0.12999999920654298,0.07199999859375003,2.5180000541745007,0.1879999917382816,0.3979999917407228,0.052000000507812505,2.3159999102380406,1.0079999692382822,0.015147327248533623,0.01714208735333156,65,50000,0.01103850796111245,0.013035588019511294,36,50000,0.06912175059417512,0.07102099260933546,1259,50000,0.018401668178712582,0.020394108329909573,94,50000,0.027182439332570398,0.029166479651764055,199,50000,0.00924516668895976,0.011243046731358937,26,50000,0.06631848677578177,0.06822580862934531,1158,50000,0.04370349701182767,0.04566313781901171,504,50000,0.89354,0.9743630122666667,0.28016328125,0.3460319387171854,0.28352627423295057,False,/data/suehara/part/march/datasets/20250711_ilc_nnqq_sgv_10m_3cat_parquet,val50k_tail,,full_reference
23,23,0,,lr_3e-6,2.3224319999999995e-05,validation_total_reference_mistag_geomean_percent,0.34827152433178454,min,0.8382499856014256,0.8382499856014256,0.4703599200584516,0.2578728532935198,0.34827152433178454,,0.12999999920654298,0.07199999859375003,2.5399999806213382,0.186000003178711,0.4040000044384766,0.052000000507812505,2.3159999102380406,1.0059999880267336,0.015147327248533623,0.01714208735333156,65,50000,0.01103850796111245,0.013035588019511294,36,50000,0.06941963258184844,0.07131799461460794,1270,50000,0.018298640498242997,0.020291160647840055,93,50000,0.027393015753673228,0.029376816077666783,202,50000,0.00924516668895976,0.011243046731358937,26,50000,0.06631848677578177,0.06822580862934531,1158,50000,0.043659579244453156,0.045619300050037115,503,50000,0.8935666666666666,0.9743476699333332,0.2802299739583333,0.3460319387171854,0.2837459865450632,False,/data/suehara/part/march/datasets/20250711_ilc_nnqq_sgv_10m_3cat_parquet,val50k_tail,,full_reference
23,23,0,,lr_5_75e-6,2.9030399999999992e-05,validation_total_reference_mistag_geomean_percent,0.3470889062899158,min,0.8324999962366487,0.8324999962366487,0.4670306581571536,0.25795032245825733,0.3470889062899158,,0.12999999920654298,0.07199999859375003,2.51599997619751,0.1879999917382816,0.3979999917407228,0.052000000507812505,2.3079999848565675,0.9960000270520026,0.015147327248533623,0.01714208735333156,65,50000,0.01103850796111245,0.013035588019511294,36,50000,0.06909460092874437,0.07099392294230428,1258,50000,0.018401668178712582,0.020394108329909573,94,50000,0.027182439332570398,0.029166479651764055,199,50000,0.00924516668895976,0.011243046731358937,26,50000,0.06620481446237315,0.06811245630953637,1154,50000,0.04343931325708605,0.04539943405467029,498,50000,0.8936333333333333,0.9743939508,0.27998752604166666,0.3460319387171854,0.2833403130863872,False,/data/suehara/part/march/datasets/20250711_ilc_nnqq_sgv_10m_3cat_parquet,val50k_tail,,full_reference
23,23,0,,lr_8_5e-6,3e-05,validation_total_reference_mistag_geomean_percent,0.34709198448055184,min,0.8324999962104801,0.8324999962104801,0.46713180366149953,0.25789904422338705,0.34709198448055184,,0.12999999920654298,0.07199999859375003,2.5139999388148513,0.1879999917382816,0.3979999917407228,0.052000000507812505,2.310000022029877,0.9960000270520026,0.015147327248533623,0.01714208735333156,65,50000,0.01103850796111245,0.013035588019511294,36,50000,0.06906743962429539,0.07096684163625556,1257,50000,0.018401668178712582,0.020394108329909573,94,50000,0.027182439332570398,0.029166479651764055,199,50000,0.00924516668895976,0.011243046731358937,26,50000,0.0662332523059743,0.06814081415473794,1155,50000,0.04343931325708605,0.04539943405467029,498,50000,0.8936466666666667,0.9743942932999999,0.27998712239583334,0.3460319387171854,0.2833455919609764,False,/data/suehara/part/march/datasets/20250711_ilc_nnqq_sgv_10m_3cat_parquet,val50k_tail,,full_reference
24,24,0,,lr_11_25e-6,1.548288e-05,validation_total_reference_mistag_geomean_percent,0.3449828256360739,min,0.8342499934035118,0.8342499934035118,0.46659048443180245,0.2550698180842239,0.3449828256360739,,0.12999999920654298,0.07000000085449219,2.5280000617187515,0.18399999640625006,0.39399998905822786,0.052000000507812505,2.3179999045013466,0.9979999949746704,0.015147327248533623,0.01714208735333156,65,50000,0.010871397397403768,0.01286855745420266,35,50000,0.06925732480776471,0.07115616683092442,1264,50000,0.018195055988739096,0.02018765613673616,92,50000,0.027041163032931338,0.02902536334892505,197,50000,0.00924516668895976,0.011243046731358937,26,50000,0.06634687196760067,0.06825411382276395,1159,50000,0.04348345718792508,0.04544349798710906,499,50000,0.89338,0.9743688464333333,0.2801630338541667,0.3449828256360739,0.28355064704574706,False,/data/suehara/part/march/datasets/20250711_ilc_nnqq_sgv_10m_3cat_parquet,val50k_tail,,full_reference
24,24,0,,lr_14e-6,1.9353599999999997e-05,validation_total_reference_mistag_geomean_percent,0.3438506887589952,min,0.8317499921392829,0.8317499921392829,0.4648932835836619,0.25432351968741274,0.3438506887589952,,0.12999999920654298,0.07000000085449219,2.525999893426671,0.18199999600097666,0.3920000081347658,0.052000000507812505,2.310000022029877,0.9920000169531253,0.015147327248533623,0.01714208735333156,65,50000,0.010871397397403768,0.01286855745420266,35,50000,0.06923023313539813,0.0711291551569581,1263,50000,0.018090905588142768,0.020083585734539902,91,50000,0.02697025322873285,0.028954533543126652,196,50000,0.00924516668895976,0.011243046731358937,26,50000,0.0662332523059743,0.06814081415473794,1155,50000,0.04335088834802794,0.04531116914241202,496,50000,0.8934,0.9743836346666667,0.2800647526041667,0.3438506887589952,0.2834749972814611,False,/data/suehara/part/march/datasets/20250711_ilc_nnqq_sgv_10m_3cat_parquet,val50k_tail,,full_reference
24,24,0,,lr_3e-6,2.3224319999999995e-05,validation_total_reference_mistag_geomean_percent,0.3441220530527619,min,0.8319999965226557,0.8319999965226557,0.4657195624433236,0.25427316554189017,0.3441220530527619,,0.12999999920654298,0.07000000085449219,2.5239999715002446,0.18199999600097666,0.39399998905822786,0.052000000507812505,2.310000022029877,0.9939999930230713,0.015147327248533623,0.01714208735333156,65,50000,0.010871397397403768,0.01286855745420266,35,50000,0.06920312989126647,0.0711021319112267,1262,50000,0.018090905588142768,0.020083585734539902,91,50000,0.027041163032931338,0.02902536334892505,197,50000,0.00924516668895976,0.011243046731358937,26,50000,0.0662332523059743,0.06814081415473794,1155,50000,0.04339512368923739,0.04535532448522155,497,50000,0.8934,0.9743763495,0.28009561197916666,0.3438506887589952,0.28365697221853525,False,/data/suehara/part/march/datasets/20250711_ilc_nnqq_sgv_10m_3cat_parquet,val50k_tail,,full_reference
24,24,0,,lr_5_75e-6,2.9030399999999992e-05,validation_total_reference_mistag_geomean_percent,0.34025399471757795,min,0.8244999991657453,0.8244999991657453,0.4582616401847342,0.2526346758471848,0.34025399471757795,,0.128,0.07000000085449219,2.4980000771858237,0.18199999600097666,0.3920000081347658,0.05,2.295999920122073,0.9799999910278321,0.015023255758590748,0.017018095861788735,64,50000,0.010871397397403768,0.01286855745420266,35,50000,0.0688497285547679,0.07074977055392812,1249,50000,0.018090905588142768,0.020083585734539902,91,50000,0.02697025322873285,0.028954533543126652,196,50000,0.009048206756063586,0.011046166796862796,25,50000,0.06603390951380982,0.06794203135137324,1148,50000,0.04308450733752373,0.04504526812230802,490,50000,0.8935333333333333,0.9744264925,0.27982942708333336,0.34025399471757795,0.28321653688158116,False,/data/suehara/part/march/datasets/20250711_ilc_nnqq_sgv_10m_3cat_parquet,val50k_tail,,full_reference
24,24,0,,lr_8_5e-6,3e-05,validation_total_reference_mistag_geomean_percent,0.3410162997258287,min,0.8254999770007332,0.8254999770007332,0.4582616401847342,0.25376794931344593,0.3410162997258287,,0.12999999920654298,0.07000000085449219,2.5039999006591835,0.18199999600097666,0.3920000081347658,0.05,2.295999920122073,0.9799999910278321,0.015147327248533623,0.01714208735333156,65,50000,0.010871397397403768,0.01286855745420266,35,50000,0.06893145804228139,0.0708312600462415,1252,50000,0.018090905588142768,0.020083585734539902,91,50000,0.02697025322873285,0.028954533543126652,196,50000,0.009048206756063586,0.011046166796862796,25,50000,0.06603390951380982,0.06794203135137324,1148,50000,0.04308450733752373,0.04504526812230802,490,50000,0.89356,0.9744281265,0.27980319010416665,0.34025399471757795,0.28321489742066497,False,/data/suehara/part/march/datasets/20250711_ilc_nnqq_sgv_10m_3cat_parquet,val50k_tail,,full_reference
25,25,0,,lr_11_25e-6,1.548288e-05,validation_total_reference_mistag_geomean_percent,0.34243927965606175,min,0.8292500021587373,0.8292500021587373,0.463067069946011,0.25323472097688643,0.34243927965606175,,0.12599999615478527,0.07000000085449219,2.5340000214595033,0.18399999640625006,0.39599999879150394,0.052000000507812505,2.3019999801539615,0.9700000229415899,0.014898211467070606,0.016893131568668597,63,50000,0.010871397397403768,0.01286855745420266,35,50000,0.06933853052785502,0.07123713255581463,1267,50000,0.018195055988739096,0.02018765613673616,92,50000,0.02711189127868993,0.029096011596283465,198,50000,0.00924516668895976,0.011243046731358937,26,50000,0.0661194216362588,0.06802730347862211,1151,50000,0.042861238860203606,0.044822399636988176,485,50000,0.8935466666666667,0.9744232550666667,0.279847578125,0.34025399471757795,0.282996718987631,False,/data/suehara/part/march/datasets/20250711_ilc_nnqq_sgv_10m_3cat_parquet,val50k_tail,,full_reference
25,25,0,,lr_14e-6,1.9353599999999997e-05,validation_total_reference_mistag_geomean_percent,0.3438997309577513,min,0.8322499953706745,0.8322499953706745,0.4650068091441978,0.2543339637767311,0.3438997309577513,,0.128,0.07000000085449219,2.537999952172395,0.18399999640625006,0.3979999917407228,0.052000000507812505,2.310000022029877,0.9779999992538452,0.015023255758590748,0.017018095861788735,64,50000,0.010871397397403768,0.01286855745420266,35,50000,0.06939261006019513,0.0712910520913549,1269,50000,0.018195055988739096,0.02018765613673616,92,50000,0.027182439332570398,0.029166479651764055,199,50000,0.00924516668895976,0.011243046731358937,26,50000,0.0662332523059743,0.06814081415473794,1155,50000,0.04303994770673905,0.0450007884899236,489,50000,0.8936133333333334,0.9743933727666668,0.27998682291666666,0.34025399471757795,0.28338612735923957,False,/data/suehara/part/march/datasets/20250711_ilc_nnqq_sgv_10m_3cat_parquet,val50k_tail,,full_reference
25,25,0,,lr_3e-6,2.3224319999999995e-05,validation_total_reference_mistag_geomean_percent,0.345018682708029,min,0.8297499934750945,0.8297499934750945,0.46653911575545676,0.255150934610977,0.345018682708029,,0.12999999920654298,0.07000000085449219,2.5039999006591835,0.186000003178711,0.4,0.052000000507812505,2.310000022029877,0.9860000213641362,0.015147327248533623,0.01714208735333156,65,50000,0.010871397397403768,0.01286855745420266,35,50000,0.06893145804228139,0.0708312600462415,1252,50000,0.018298640498242997,0.020291160647840055,93,50000,0.027252808544023274,0.029236768864816798,200,50000,0.00924516668895976,0.011243046731358937,26,50000,0.0662332523059743,0.06814081415473794,1155,50000,0.04321790631041187,0.04517842709999605,493,50000,0.89358,0.9743870251000001,0.2800085677083333,0.34025399471757795,0.2835354071708023,False,/data/suehara/part/march/datasets/20250711_ilc_nnqq_sgv_10m_3cat_parquet,val50k_tail,,full_reference
25,25,0,,lr_5_75e-6,2.9030399999999992e-05,validation_total_reference_mistag_geomean_percent,0.3421202472648876,min,0.8264999954831124,0.8264999954831124,0.46330557433821334,0.2526329707035728,0.3421202472648876,,0.12599999615478527,0.07000000085449219,2.5100000153198243,0.18399999640625006,0.39599999879150394,0.052000000507812505,2.3019999801539615,0.9719999756762702,0.014898211467070606,0.016893131568668597,63,50000,0.010871397397403768,0.01286855745420266,35,50000,0.06901308204419615,0.07091264405295616,1255,50000,0.018195055988739096,0.02018765613673616,92,50000,0.02711189127868993,0.029096011596283465,198,50000,0.00924516668895976,0.011243046731358937,26,50000,0.0661194216362588,0.06802730347862211,1151,50000,0.04290598690721674,0.04486706768560139,486,50000,0.8935933333333334,0.9744409435666667,0.27970993489583335,0.34025399471757795,0.28307128062508097,False,/data/suehara/part/march/datasets/20250711_ilc_nnqq_sgv_10m_3cat_parquet,val50k_tail,,full_reference
25,25,0,,lr_8_5e-6,3e-05,validation_total_reference_mistag_geomean_percent,0.34276023418853907,min,0.8264999820418745,0.8264999820418745,0.46330557433821334,0.25357903001447235,0.34276023418853907,,0.128,0.07000000085449219,2.5079999039447056,0.18399999640625006,0.39599999879150394,0.052000000507812505,2.3019999801539615,0.9719999756762702,0.015023255758590748,0.017018095861788735,64,50000,0.010871397397403768,0.01286855745420266,35,50000,0.0689858857414044,0.07088552774856469,1254,50000,0.018195055988739096,0.02018765613673616,92,50000,0.02711189127868993,0.029096011596283465,198,50000,0.00924516668895976,0.011243046731358937,26,50000,0.0661194216362588,0.06802730347862211,1151,50000,0.04290598690721674,0.04486706768560139,486,50000,0.89364,0.9744438800999999,0.2796899609375,0.34025399471757795,0.28306291323653404,False,/data/suehara/part/march/datasets/20250711_ilc_nnqq_sgv_10m_3cat_parquet,val50k_tail,,full_reference
26,26,0,,lr_11_25e-6,1.548288e-05,validation_total_reference_mistag_geomean_percent,0.34693297089948616,min,0.8277500031111912,0.8277500031111912,0.4670501608977654,0.2577078360615111,0.34693297089948616,,0.13599999800781254,0.07000000085449219,2.5180000541745007,0.18399999640625006,0.39599999879150394,0.05400000131835941,2.2939999523950205,0.9700000229415899,0.015513923280260607,0.017508443389858443,68,50000,0.010871397397403768,0.01286855745420266,35,50000,0.06912175059417512,0.07102099260933546,1259,50000,0.018195055988739096,0.02018765613673616,92,50000,0.02711189127868993,0.029096011596283465,198,50000,0.0094384043456773,0.011436204389676428,27,50000,0.0660053788838294,0.06791358071979309,1147,50000,0.042861238860203606,0.044822399636988176,485,50000,0.89368,0.9744411987666668,0.2797419921875,0.34025399471757795,0.2833416893021485,False,/data/suehara/part/march/datasets/20250711_ilc_nnqq_sgv_10m_3cat_parquet,val50k_tail,,full_reference
26,26,0,,lr_14e-6,1.9353599999999997e-05,validation_total_reference_mistag_geomean_percent,0.34788231962766203,min,0.8294999835836796,0.8294999835836796,0.4682492687498783,0.2584565879464692,0.34788231962766203,,0.13599999800781254,0.07000000085449219,2.5199999230957055,0.186000003178711,0.39599999879150394,0.05400000131835941,2.2939999523950205,0.9799999910278321,0.015513923280260607,0.017508443389858443,68,50000,0.010871397397403768,0.01286855745420266,35,50000,0.06914888863409248,0.07104805065085255,1260,50000,0.018298640498242997,0.020291160647840055,93,50000,0.02711189127868993,0.029096011596283465,198,50000,0.0094384043456773,0.011436204389676428,27,50000,0.0660053788838294,0.06791358071979309,1147,50000,0.04308450733752373,0.04504526812230802,490,50000,0.8936466666666667,0.9744111289666666,0.2798599479166667,0.34025399471757795,0.2836983211405898,False,/data/suehara/part/march/datasets/20250711_ilc_nnqq_sgv_10m_3cat_parquet,val50k_tail,,full_reference
26,26,0,,lr_3e-6,2.3224319999999995e-05,validation_total_reference_mistag_geomean_percent,0.34581962152867196,min,0.8264999932960703,0.8264999932960703,0.4631041795229631,0.25823824513400656,0.34581962152867196,,0.13799999730468757,0.07000000085449219,2.5020000232882693,0.18399999640625006,0.39599999879150394,0.052000000507812505,2.297999953539277,0.9719999756762702,0.015634317924008823,0.01762875803520661,69,50000,0.010871397397403768,0.01286855745420266,35,50000,0.06890422661864626,0.07080410862100664,1251,50000,0.018195055988739096,0.02018765613673616,92,50000,0.02711189127868993,0.029096011596283465,198,50000,0.00924516668895976,0.011243046731358937,26,50000,0.06606242683791057,0.06797046867707442,1149,50000,0.04290598690721674,0.04486706768560139,486,50000,0.8936333333333333,0.9744570395333332,0.27961290364583335,0.34025399471757795,0.2832922712074808,False,/data/suehara/part/march/datasets/20250711_ilc_nnqq_sgv_10m_3cat_parquet,val50k_tail,,full_reference
26,26,0,,lr_5_75e-6,2.9030399999999992e-05,validation_total_reference_mistag_geomean_percent,0.34676968584191786,min,0.8287499982798391,0.8287499982798391,0.463241373927303,0.2595822000946169,0.34676968584191786,,0.14000000170898438,0.07000000085449219,2.5180000541745007,0.18399999640625006,0.39599999879150394,0.052000000507812505,2.295999920122073,0.9740000136730959,0.01575384307703153,0.01774820318982931,70,50000,0.010871397397403768,0.01286855745420266,35,50000,0.06912175059417512,0.07102099260933546,1259,50000,0.018195055988739096,0.02018765613673616,92,50000,0.02711189127868993,0.029096011596283465,198,50000,0.00924516668895976,0.011243046731358937,26,50000,0.06603390951380982,0.06794203135137324,1148,50000,0.04295068763465349,0.04491168841463788,487,50000,0.8936733333333333,0.9744611491666667,0.2795858854166667,0.34025399471757795,0.2833245387464861,False,/data/suehara/part/march/datasets/20250711_ilc_nnqq_sgv_10m_3cat_parquet,val50k_tail,,full_reference
26,26,0,,lr_8_5e-6,3e-05,validation_total_reference_mistag_geomean_percent,0.3465779660838774,min,0.8294999891577725,0.8294999891577725,0.46217962162497145,0.2598909189300081,0.3465779660838774,,0.14000000170898438,0.07000000085449219,2.5299999816627503,0.18399999640625006,0.39399998905822786,0.052000000507812505,2.295999920122073,0.9700000229415899,0.01575384307703153,0.01774820318982931,70,50000,0.010871397397403768,0.01286855745420266,35,50000,0.06928440492173712,0.07118316694649726,1265,50000,0.018195055988739096,0.02018765613673616,92,50000,0.027041163032931338,0.02902536334892505,197,50000,0.00924516668895976,0.011243046731358937,26,50000,0.06603390951380982,0.06794203135137324,1148,50000,0.042861238860203606,0.044822399636988176,485,50000,0.89368,0.9744636852999999,0.27957505208333333,0.34025399471757795,0.28330945672165037,False,/data/suehara/part/march/datasets/20250711_ilc_nnqq_sgv_10m_3cat_parquet,val50k_tail,,full_reference
27,27,0,,lr_11_25e-6,1.548288e-05,validation_total_reference_mistag_geomean_percent,0.34369025900372957,min,0.8252499952877433,0.8252499952877433,0.46676404226329926,0.25306789606432045,0.34369025900372957,,0.12999999920654298,0.07000000085449219,2.5039999006591835,0.18000000439453137,0.39399998905822786,0.05400000131835941,2.3000000438690194,0.9700000229415899,0.015147327248533623,0.01714208735333156,65,50000,0.010871397397403768,0.01286855745420266,35,50000,0.06893145804228139,0.0708312600462415,1252,50000,0.017986179985518026,0.019978940130315186,90,50000,0.027041163032931338,0.02902536334892505,197,50000,0.0094384043456773,0.011436204389676428,27,50000,0.06609093087308754,0.06799889271385112,1150,50000,0.042861238860203606,0.044822399636988176,485,50000,0.8936066666666667,0.9744433076666666,0.27972739583333334,0.34025399471757795,0.2830312871343175,False,/data/suehara/part/march/datasets/20250711_ilc_nnqq_sgv_10m_3cat_parquet,val50k_tail,,full_reference
27,27,0,,lr_14e-6,1.8579455999999997e-05,validation_total_reference_mistag_geomean_percent,0.3412706456883691,min,0.8217500243315514,0.8217500243315514,0.4606756683085476,0.2528148578720918,0.3412706456883691,,0.12999999920654298,0.07000000085449219,2.494000087146915,0.18000000439453137,0.3920000081347658,0.052000000507812505,2.2920000591046157,0.9640000353027357,0.015147327248533623,0.01714208735333156,65,50000,0.010871397397403768,0.01286855745420266,35,50000,0.06879518344380942,0.07069538543977016,1247,50000,0.017986179985518026,0.019978940130315186,90,50000,0.02697025322873285,0.028954533543126652,196,50000,0.00924516668895976,0.011243046731358937,26,50000,0.06597683493097806,0.06788511676534201,1146,50000,0.042726709348848285,0.04468811012083296,482,50000,0.8936866666666666,0.9744571448666667,0.2796528515625,0.34025399471757795,0.2829011540813859,False,/data/suehara/part/march/datasets/20250711_ilc_nnqq_sgv_10m_3cat_parquet,val50k_tail,,full_reference
27,27,0,,lr_3e-6,2.3224319999999995e-05,validation_total_reference_mistag_geomean_percent,0.3423091913389423,min,0.8230000140775684,0.8230000140775684,0.46057513846008175,0.2544114362466316,0.3423091913389423,,0.12999999920654298,0.07000000085449219,2.5020000232882693,0.18399999640625006,0.3920000081347658,0.052000000507812505,2.2900000489196786,0.9640000353027357,0.015147327248533623,0.01714208735333156,65,50000,0.010871397397403768,0.01286855745420266,35,50000,0.06890422661864626,0.07080410862100664,1251,50000,0.018195055988739096,0.02018765613673616,92,50000,0.02697025322873285,0.028954533543126652,196,50000,0.00924516668895976,0.011243046731358937,26,50000,0.06594827763822739,0.06785663947099091,1145,50000,0.042726709348848285,0.04468811012083296,482,50000,0.8936733333333333,0.9744595038999999,0.27962911458333334,0.34025399471757795,0.2829259739290182,False,/data/suehara/part/march/datasets/20250711_ilc_nnqq_sgv_10m_3cat_parquet,val50k_tail,,full_reference
27,27,0,,lr_5_75e-6,2.9030399999999992e-05,validation_total_reference_mistag_geomean_percent,0.34019231341015527,min,0.8215000092054568,0.8215000092054568,0.45668942785393,0.25341250102327584,0.34019231341015527,,0.12999999920654298,0.07000000085449219,2.4900001149330193,0.18199999600097666,0.3920000081347658,0.05,2.287999931572268,0.9700000229415899,0.015147327248533623,0.01714208735333156,65,50000,0.010871397397403768,0.01286855745420266,35,50000,0.06874059117546634,0.07064095316822692,1245,50000,0.018090905588142768,0.020083585734539902,91,50000,0.02697025322873285,0.028954533543126652,196,50000,0.009048206756063586,0.011046166796862796,25,50000,0.06591970698851118,0.06782814881967497,1144,50000,0.042861238860203606,0.044822399636988176,485,50000,0.89364,0.9744655078000001,0.279594140625,0.34019231341015527,0.2829212029344915,False,/data/suehara/part/march/datasets/20250711_ilc_nnqq_sgv_10m_3cat_parquet,val50k_tail,,full_reference
27,27,0,,lr_8_5e-6,3e-05,validation_total_reference_mistag_geomean_percent,0.3396088558335988,min,0.8197500007465368,0.8197500007465368,0.4553988407155077,0.25325970259256003,0.3396088558335988,,0.12999999920654298,0.07000000085449219,2.4840000299432377,0.18199999600097666,0.39000001309204146,0.05,2.287999931572268,0.9640000353027357,0.015147327248533623,0.01714208735333156,65,50000,0.010871397397403768,0.01286855745420266,35,50000,0.06865861411047558,0.07055921609843627,1242,50000,0.018090905588142768,0.020083585734539902,91,50000,0.026899160482115422,0.028883520794909055,195,50000,0.009048206756063586,0.011046166796862796,25,50000,0.06591970698851118,0.06782814881967497,1144,50000,0.042726709348848285,0.04468811012083296,482,50000,0.8936533333333333,0.9744675331666667,0.27958540364583334,0.3396088558335988,0.28289927502511003,False,/data/suehara/part/march/datasets/20250711_ilc_nnqq_sgv_10m_3cat_parquet,val50k_tail,,full_reference
28,28,0,,lr_11_25e-6,2.4e-05,validation_total_reference_mistag_geomean_percent,0.3414647821031483,min,0.8154999830058294,0.8154999830058294,0.45905691747068916,0.2539950776892396,0.3414647821031483,,0.13200000225585942,0.07000000085449219,2.447999938740236,0.18399999640625006,0.38799999194824236,0.052000000507812505,2.287999931572268,0.9620000017614746,0.01527044818788576,0.01726512829428365,66,50000,0.010871397397403768,0.01286855745420266,35,50000,0.06816449710352161,0.07006653906268291,1224,50000,0.018195055988739096,0.02018765613673616,92,50000,0.02682788339137001,0.028812323702563862,194,50000,0.00924516668895976,0.011243046731358937,26,50000,0.06591970698851118,0.06782814881967497,1144,50000,0.04268177056691545,0.044643251337300044,481,50000,0.8936733333333333,0.9745003395,0.27943657552083334,0.3396088558335988,0.2824609124095936,False,/data/suehara/part/march/datasets/20250711_ilc_nnqq_sgv_10m_3cat_parquet,val50k_tail,,full_reference
28,28,0,,lr_14e-6,1.8579455999999997e-05,validation_total_reference_mistag_geomean_percent,0.3429743223508607,min,0.819999998679638,0.819999998679638,0.46099698227169794,0.2551673661991645,0.3429743223508607,,0.12999999920654298,0.07000000085449219,2.477999979960022,0.1879999917382816,0.39399998905822786,0.052000000507812505,2.2820000266377263,0.966000001473999,0.015147327248533623,0.01714208735333156,65,50000,0.010871397397403768,0.01286855745420266,35,50000,0.06857653031644186,0.07047737229960264,1239,50000,0.018401668178712582,0.020394108329909573,94,50000,0.027041163032931338,0.02902536334892505,197,50000,0.00924516668895976,0.011243046731358937,26,50000,0.0658339147263546,0.06774259655271848,1141,50000,0.042771600227054125,0.04473292100063888,483,50000,0.89362,0.9744815866666666,0.2795489453125,0.3396088558335988,0.2825679248611113,False,/data/suehara/part/march/datasets/20250711_ilc_nnqq_sgv_10m_3cat_parquet,val50k_tail,,full_reference
28,28,0,,lr_3e-6,2.3224319999999995e-05,validation_total_reference_mistag_geomean_percent,0.34083385945764433,min,0.8167499914555554,0.8167499914555554,0.45836398452643196,0.2534398942203417,0.34083385945764433,,0.12999999920654298,0.07000000085449219,2.4640000090234375,0.18399999640625006,0.38600000777465837,0.052000000507812505,2.2859999161097746,0.9620000017614746,0.015147327248533623,0.01714208735333156,65,50000,0.010871397397403768,0.01286855745420266,35,50000,0.06838458427921267,0.07028598625117392,1232,50000,0.018195055988739096,0.02018765613673616,92,50000,0.026756420536738636,0.028740940846332497,193,50000,0.00924516668895976,0.011243046731358937,26,50000,0.06589112296472646,0.06779964479429051,1143,50000,0.04268177056691545,0.044643251337300044,481,50000,0.8936333333333333,0.9744897425999999,0.27948778645833333,0.3396088558335988,0.2825645213748999,False,/data/suehara/part/march/datasets/20250711_ilc_nnqq_sgv_10m_3cat_parquet,val50k_tail,,full_reference
28,28,0,,lr_5_75e-6,2.9030399999999992e-05,validation_total_reference_mistag_geomean_percent,0.3421459065752074,min,0.818749986623841,0.818749986623841,0.45929533074726453,0.25487701169465404,0.3421459065752074,,0.13399999640136728,0.07000000085449219,2.4719999404028337,0.18199999600097666,0.38799999194824236,0.052000000507812505,2.287999931572268,0.9640000353027357,0.015392639991259324,0.01738724009925721,67,50000,0.010871397397403768,0.01286855745420266,35,50000,0.06849433941545705,0.07039542139381794,1236,50000,0.018090905588142768,0.020083585734539902,91,50000,0.02682788339137001,0.028812323702563862,194,50000,0.00924516668895976,0.011243046731358937,26,50000,0.06591970698851118,0.06782814881967497,1144,50000,0.042726709348848285,0.04468811012083296,482,50000,0.8936133333333334,0.9744993704666666,0.2794349869791667,0.3396088558335988,0.2825229709444019,False,/data/suehara/part/march/datasets/20250711_ilc_nnqq_sgv_10m_3cat_parquet,val50k_tail,,full_reference
28,28,0,,lr_8_5e-6,3e-05,validation_total_reference_mistag_geomean_percent,0.34174634975589735,min,0.8172499921474274,0.8172499921474274,0.4585017031080339,0.25472221101861753,0.34174634975589735,,0.13399999640136728,0.07000000085449219,2.465999889185033,0.18199999600097666,0.38600000777465837,0.052000000507812505,2.2840000111523437,0.9640000353027357,0.015392639991259324,0.01738724009925721,67,50000,0.010871397397403768,0.01286855745420266,35,50000,0.06841204102733013,0.07031336300089112,1233,50000,0.018090905588142768,0.020083585734539902,91,50000,0.026756420536738636,0.028740940846332497,193,50000,0.00924516668895976,0.011243046731358937,26,50000,0.06586252554973346,0.06777112737769708,1142,50000,0.042726709348848285,0.04468811012083296,482,50000,0.8936933333333333,0.9745025717333333,0.27941791666666665,0.3396088558335988,0.28249532165895014,False,/data/suehara/part/march/datasets/20250711_ilc_nnqq_sgv_10m_3cat_parquet,val50k_tail,,full_reference
29,29,0,,lr_11_25e-6,2.4e-05,validation_total_reference_mistag_geomean_percent,0.33989960263011504,min,0.8212500051997378,0.8212500051997378,0.4601610507580656,0.25106805471211446,0.33989960263011504,,0.13399999640136728,0.06600000112792971,2.4960000243750002,0.18000000439453137,0.39000001309204146,0.052000000507812505,2.2840000111523437,0.9679999905468751,0.015392639991259324,0.01738724009925721,67,50000,0.010529894247015226,0.01252721430061417,33,50000,0.0688224618870574,0.07072258388461788,1248,50000,0.017986179985518026,0.019978940130315186,90,50000,0.026899160482115422,0.028883520794909055,195,50000,0.00924516668895976,0.011243046731358937,26,50000,0.06586252554973346,0.06777112737769708,1142,50000,0.0428164433487024,0.04477768412388689,484,50000,0.8937533333333333,0.9745142054666666,0.2793221744791667,0.3396088558335988,0.28238679793309757,False,/data/suehara/part/march/datasets/20250711_ilc_nnqq_sgv_10m_3cat_parquet,val50k_tail,,full_reference
29,29,0,,lr_14e-6,2.7869183999999994e-05,validation_total_reference_mistag_geomean_percent,0.3432417459100302,min,0.822250000330945,0.822250000330945,0.46462490874417683,0.2535699096585345,0.3432417459100302,,0.13799999730468757,0.06600000112792971,2.494000087146915,0.18199999600097666,0.39000001309204146,0.05400000131835941,2.2859999161097746,0.9679999905468751,0.015634317924008823,0.01762875803520661,69,50000,0.010529894247015226,0.01252721430061417,33,50000,0.06879518344380942,0.07069538543977016,1247,50000,0.018090905588142768,0.020083585734539902,91,50000,0.026899160482115422,0.028883520794909055,195,50000,0.0094384043456773,0.011436204389676428,27,50000,0.06589112296472646,0.06779964479429051,1143,50000,0.0428164433487024,0.04477768412388689,484,50000,0.8937333333333334,0.9745066465000001,0.27936053385416665,0.3396088558335988,0.282527475904046,False,/data/suehara/part/march/datasets/20250711_ilc_nnqq_sgv_10m_3cat_parquet,val50k_tail,,full_reference
29,29,0,,lr_3e-6,2.3224319999999995e-05,validation_total_reference_mistag_geomean_percent,0.34394931464586065,min,0.8217500000603486,0.8217500000603486,0.4646735514967787,0.25458976665293886,0.34394931464586065,,0.13599999800781254,0.06799999900390627,2.4960000243750002,0.18199999600097666,0.3920000081347658,0.05400000131835941,2.279999972167969,0.966000001473999,0.015513923280260607,0.017508443389858443,68,50000,0.010701894656100771,0.01269913471129969,34,50000,0.0688224618870574,0.07072258388461788,1248,50000,0.018090905588142768,0.020083585734539902,91,50000,0.02697025322873285,0.028954533543126652,196,50000,0.0094384043456773,0.011436204389676428,27,50000,0.06580529047737448,0.06771405230213863,1140,50000,0.042771600227054125,0.04473292100063888,483,50000,0.8937266666666667,0.9745036768,0.2793780078125,0.3396088558335988,0.28250003879009034,False,/data/suehara/part/march/datasets/20250711_ilc_nnqq_sgv_10m_3cat_parquet,val50k_tail,,full_reference
29,29,0,,lr_5_75e-6,2.9030399999999992e-05,validation_total_reference_mistag_geomean_percent,0.34139433272169334,min,0.823750014055405,0.823750014055405,0.45890266933773755,0.25397562098012805,0.34139433272169334,,0.13799999730468757,0.06600000112792971,2.5100000153198243,0.18199999600097666,0.38600000777465837,0.052000000507812505,2.2920000591046157,0.9640000353027357,0.015634317924008823,0.01762875803520661,69,50000,0.010529894247015226,0.01252721430061417,33,50000,0.06901308204419615,0.07091264405295616,1255,50000,0.018090905588142768,0.020083585734539902,91,50000,0.026756420536738636,0.028740940846332497,193,50000,0.00924516668895976,0.011243046731358937,26,50000,0.06597683493097806,0.06788511676534201,1146,50000,0.042726709348848285,0.04468811012083296,482,50000,0.8936933333333333,0.9745169951,0.27930096354166667,0.3396088558335988,0.28241853271349626,False,/data/suehara/part/march/datasets/20250711_ilc_nnqq_sgv_10m_3cat_parquet,val50k_tail,,full_reference
29,29,0,,lr_8_5e-6,3e-05,validation_total_reference_mistag_geomean_percent,0.3414178612409382,min,0.8234999821555335,0.8234999821555335,0.45924062384659764,0.2538237035695555,0.3414178612409382,,0.13799999730468757,0.06600000112792971,2.5039999006591835,0.18199999600097666,0.38600000777465837,0.052000000507812505,2.2939999523950205,0.966000001473999,0.015634317924008823,0.01762875803520661,69,50000,0.010529894247015226,0.01252721430061417,33,50000,0.06893145804228139,0.0708312600462415,1252,50000,0.018090905588142768,0.020083585734539902,91,50000,0.026756420536738636,0.028740940846332497,193,50000,0.00924516668895976,0.011243046731358937,26,50000,0.0660053788838294,0.06791358071979309,1147,50000,0.042771600227054125,0.04473292100063888,483,50000,0.8936666666666667,0.9745206504666667,0.2792780598958333,0.3396088558335988,0.28238528878999597,False,/data/suehara/part/march/datasets/20250711_ilc_nnqq_sgv_10m_3cat_parquet,val50k_tail,,full_reference
30,30,0,,lr_11_25e-6,2.4e-05,validation_total_reference_mistag_geomean_percent,0.33868287855106466,min,0.8205000063752366,0.8205000063752366,0.45320334333880175,0.253100719378154,0.33868287855106466,,0.13399999640136728,0.06799999900390627,2.5020000232882693,0.18000000439453137,0.3840000150000006,0.05,2.2840000111523437,0.9620000017614746,0.015392639991259324,0.01738724009925721,67,50000,0.010701894656100771,0.01269913471129969,34,50000,0.06890422661864626,0.07080410862100664,1251,50000,0.017986179985518026,0.019978940130315186,90,50000,0.026684770480086325,0.028669370788080323,192,50000,0.009048206756063586,0.011046166796862796,25,50000,0.06586252554973346,0.06777112737769708,1142,50000,0.04268177056691545,0.044643251337300044,481,50000,0.8937266666666667,0.9745294072666667,0.27924755208333335,0.33868287855106466,0.28223223715566886,False,/data/suehara/part/march/datasets/20250711_ilc_nnqq_sgv_10m_3cat_parquet,val50k_tail,,full_reference
30,30,0,,lr_14e-6,2.7869183999999994e-05,validation_total_reference_mistag_geomean_percent,0.3402541260627561,min,0.8232499960863878,0.8232499960863878,0.45581825847608437,0.2539891023448422,0.3402541260627561,,0.13599999800781254,0.06799999900390627,2.5,0.18000000439453137,0.38799999194824236,0.05,2.2939999523950205,0.9700000229415899,0.015513923280260607,0.017508443389858443,68,50000,0.010701894656100771,0.01269913471129969,34,50000,0.06887698346071496,0.0707769454614756,1250,50000,0.017986179985518026,0.019978940130315186,90,50000,0.02682788339137001,0.028812323702563862,194,50000,0.009048206756063586,0.011046166796862796,25,50000,0.0660053788838294,0.06791358071979309,1147,50000,0.042861238860203606,0.044822399636988176,485,50000,0.8937066666666666,0.9745262171999999,0.2792534114583333,0.33868287855106466,0.2823462936562884,False,/data/suehara/part/march/datasets/20250711_ilc_nnqq_sgv_10m_3cat_parquet,val50k_tail,,full_reference
30,30,0,,lr_3e-6,1.9200000000000003e-05,validation_total_reference_mistag_geomean_percent,0.33860283728558876,min,0.8179999908988957,0.8179999908988957,0.45320334333880175,0.2529811024190536,0.33860283728558876,,0.13200000225585942,0.06799999900390627,2.479999901611332,0.18399999640625006,0.3840000150000006,0.05,2.2840000111523437,0.9620000017614746,0.01527044818788576,0.01726512829428365,66,50000,0.010701894656100771,0.01269913471129969,34,50000,0.06860390346318315,0.07050466544794368,1240,50000,0.018195055988739096,0.02018765613673616,92,50000,0.026684770480086325,0.028669370788080323,192,50000,0.009048206756063586,0.011046166796862796,25,50000,0.06586252554973346,0.06777112737769708,1142,50000,0.04268177056691545,0.044643251337300044,481,50000,0.8937,0.9745253735333334,0.279280859375,0.33860283728558876,0.28220340976762726,False,/data/suehara/part/march/datasets/20250711_ilc_nnqq_sgv_10m_3cat_parquet,val50k_tail,,full_reference
30,30,0,,lr_5_75e-6,2.9030399999999992e-05,validation_total_reference_mistag_geomean_percent,0.33892129568317036,min,0.8215000073228458,0.8215000073228458,0.4553843920247722,0.2522432623499103,0.33892129568317036,,0.13399999640136728,0.06799999900390627,2.4960000243750002,0.1780000073876956,0.38799999194824236,0.05,2.2900000489196786,0.9679999905468751,0.015392639991259324,0.01738724009925721,67,50000,0.010701894656100771,0.01269913471129969,34,50000,0.0688224618870574,0.07072258388461788,1248,50000,0.01788086961137308,0.019873709754570246,89,50000,0.02682788339137001,0.028812323702563862,194,50000,0.009048206756063586,0.011046166796862796,25,50000,0.06594827763822739,0.06785663947099091,1145,50000,0.0428164433487024,0.04477768412388689,484,50000,0.89374,0.9745368164,0.2791930078125,0.33860283728558876,0.28223250449752946,False,/data/suehara/part/march/datasets/20250711_ilc_nnqq_sgv_10m_3cat_parquet,val50k_tail,,full_reference
30,30,0,,lr_8_5e-6,3e-05,validation_total_reference_mistag_geomean_percent,0.3387687324251222,min,0.8207500212816057,0.8207500212816057,0.4552483371146601,0.2520915393042264,0.3387687324251222,,0.13399999640136728,0.06799999900390627,2.4900001149330193,0.1780000073876956,0.38799999194824236,0.05,2.2920000591046157,0.966000001473999,0.015392639991259324,0.01738724009925721,67,50000,0.010701894656100771,0.01269913471129969,34,50000,0.06874059117546634,0.07064095316822692,1245,50000,0.01788086961137308,0.019873709754570246,89,50000,0.02682788339137001,0.028812323702563862,194,50000,0.009048206756063586,0.011046166796862796,25,50000,0.06597683493097806,0.06788511676534201,1146,50000,0.042771600227054125,0.04473292100063888,483,50000,0.8937066666666666,0.9745428648000001,0.2791684375,0.33860283728558876,0.2821942272212367,False,/data/suehara/part/march/datasets/20250711_ilc_nnqq_sgv_10m_3cat_parquet,val50k_tail,,full_reference
31,31,0,,lr_11_25e-6,2.4e-05,validation_total_reference_mistag_geomean_percent,0.3355086016281952,min,0.8115000101837351,0.8115000101837351,0.45339979581083034,0.24827100233956062,0.3355086016281952,,0.13200000225585942,0.06600000112792971,2.4500000233650208,0.1780000073876956,0.38600000777465837,0.05,2.2620000490118417,0.9679999905468751,0.01527044818788576,0.01726512829428365,66,50000,0.010529894247015226,0.01252721430061417,33,50000,0.06819205025008386,0.0700940122108449,1225,50000,0.01788086961137308,0.019873709754570246,89,50000,0.026756420536738636,0.028740940846332497,193,50000,0.009048206756063586,0.011046166796862796,25,50000,0.06554706522534509,0.06745654703570955,1131,50000,0.0428164433487024,0.04477768412388689,484,50000,0.8937333333333334,0.9745334888,0.279229375,0.3355086016281952,0.2821607979520737,False,/data/suehara/part/march/datasets/20250711_ilc_nnqq_sgv_10m_3cat_parquet,val50k_tail,,full_reference
31,31,0,,lr_14e-6,2.7869183999999994e-05,validation_total_reference_mistag_geomean_percent,0.3361426765250354,min,0.8117499826426704,0.8117499826426704,0.4534999770917058,0.24915524738508554,0.3361426765250354,,0.13399999640136728,0.06600000112792971,2.447999938740236,0.1780000073876956,0.38600000777465837,0.05,2.2639999191626003,0.9679999905468751,0.015392639991259324,0.01738724009925721,67,50000,0.010529894247015226,0.01252721430061417,33,50000,0.06816449710352161,0.07006653906268291,1224,50000,0.01788086961137308,0.019873709754570246,89,50000,0.026756420536738636,0.028740940846332497,193,50000,0.009048206756063586,0.011046166796862796,25,50000,0.06557581108564796,0.06748521289761215,1132,50000,0.0428164433487024,0.04477768412388689,484,50000,0.8937266666666667,0.9745308595333334,0.2792448567708333,0.3355086016281952,0.28224886185013076,False,/data/suehara/part/march/datasets/20250711_ilc_nnqq_sgv_10m_3cat_parquet,val50k_tail,,full_reference
31,31,0,,lr_3e-6,1.9200000000000003e-05,validation_total_reference_mistag_geomean_percent,0.33739478216364455,min,0.8139999885095982,0.8139999885095982,0.4540343684195003,0.250719432159982,0.33739478216364455,,0.12999999920654298,0.06799999900390627,2.4559999160546906,0.18199999600097666,0.38600000777465837,0.05,2.2699999670944218,0.9700000229415899,0.015147327248533623,0.01714208735333156,65,50000,0.010701894656100771,0.01269913471129969,34,50000,0.06827463714687912,0.07017635911244005,1228,50000,0.018090905588142768,0.020083585734539902,91,50000,0.026756420536738636,0.028740940846332497,193,50000,0.009048206756063586,0.011046166796862796,25,50000,0.06566196724330023,0.06757112906006432,1135,50000,0.042861238860203606,0.044822399636988176,485,50000,0.8937933333333333,0.9745265332333334,0.27928515625,0.3355086016281952,0.28216185216135437,False,/data/suehara/part/march/datasets/20250711_ilc_nnqq_sgv_10m_3cat_parquet,val50k_tail,,full_reference
31,31,0,,lr_5_75e-6,2.9030399999999992e-05,validation_total_reference_mistag_geomean_percent,0.33615046904655377,min,0.8107499938542183,0.8107499938542183,0.453799324902427,0.24900243706734035,0.33615046904655377,,0.13399999640136728,0.06600000112792971,2.44199989417603,0.1780000073876956,0.38600000777465837,0.05,2.2560000302929692,0.9740000136730959,0.015392639991259324,0.01738724009925721,67,50000,0.010529894247015226,0.01252721430061417,33,50000,0.06808176491855805,0.06998404687291945,1221,50000,0.01788086961137308,0.019873709754570246,89,50000,0.026756420536738636,0.028740940846332497,193,50000,0.009048206756063586,0.011046166796862796,25,50000,0.06546074597483416,0.06737046778039872,1128,50000,0.04295068763465349,0.04491168841463788,487,50000,0.8937533333333333,0.9745443154666668,0.279166953125,0.3355086016281952,0.2821278373494936,False,/data/suehara/part/march/datasets/20250711_ilc_nnqq_sgv_10m_3cat_parquet,val50k_tail,,full_reference
31,31,0,,lr_8_5e-6,3e-05,validation_total_reference_mistag_geomean_percent,0.33612355836407914,min,0.8112500081100085,0.8112500081100085,0.45363381247631296,0.24905340691117434,0.33612355836407914,,0.13399999640136728,0.06600000112792971,2.4439999802349854,0.1780000073876956,0.38600000777465837,0.05,2.2620000490118417,0.9700000229415899,0.015392639991259324,0.01738724009925721,67,50000,0.010529894247015226,0.01252721430061417,33,50000,0.06810935445225874,0.07001155640821988,1222,50000,0.01788086961137308,0.019873709754570246,89,50000,0.026756420536738636,0.028740940846332497,193,50000,0.009048206756063586,0.011046166796862796,25,50000,0.06554706522534509,0.06745654703570955,1131,50000,0.042861238860203606,0.044822399636988176,485,50000,0.89372,0.9745489399666666,0.27912864583333336,0.3355086016281952,0.28208313405031477,False,/data/suehara/part/march/datasets/20250711_ilc_nnqq_sgv_10m_3cat_parquet,val50k_tail,,full_reference
32,32,0,,lr_11_25e-6,2.4e-05,validation_total_reference_mistag_geomean_percent,0.33727405012588424,min,0.8152499858583073,0.8152499858583073,0.45547149781683716,0.24974951327044906,0.33727405012588424,,0.128,0.06799999900390627,2.4559999160546906,0.18199999600097666,0.39000001309204146,0.05,2.279999972167969,0.9679999905468751,0.015023255758590748,0.017018095861788735,64,50000,0.010701894656100771,0.01269913471129969,34,50000,0.06827463714687912,0.07017635911244005,1228,50000,0.018090905588142768,0.020083585734539902,91,50000,0.026899160482115422,0.028883520794909055,195,50000,0.009048206756063586,0.011046166796862796,25,50000,0.06580529047737448,0.06771405230213863,1140,50000,0.0428164433487024,0.04477768412388689,484,50000,0.89372,0.9745392065333333,0.27922196614583333,0.3355086016281952,0.2817770282621329,False,/data/suehara/part/march/datasets/20250711_ilc_nnqq_sgv_10m_3cat_parquet,val50k_tail,,full_reference
32,32,0,,lr_14e-6,2.7869183999999994e-05,validation_total_reference_mistag_geomean_percent,0.3379488918685169,min,0.8162499875977521,0.8162499875977521,0.4561411418867849,0.25038182927929253,0.3379488918685169,,0.128,0.06799999900390627,2.453999905451206,0.18399999640625006,0.39000001309204146,0.05,2.2840000111523437,0.9719999756762702,0.015023255758590748,0.017018095861788735,64,50000,0.010701894656100771,0.01269913471129969,34,50000,0.06824712025735036,0.07014892222131155,1227,50000,0.018195055988739096,0.02018765613673616,92,50000,0.026899160482115422,0.028883520794909055,195,50000,0.009048206756063586,0.011046166796862796,25,50000,0.06586252554973346,0.06777112737769708,1142,50000,0.04290598690721674,0.04486706768560139,486,50000,0.8937733333333333,0.9745371047333333,0.27923029947916667,0.3355086016281952,0.2818389539276629,False,/data/suehara/part/march/datasets/20250711_ilc_nnqq_sgv_10m_3cat_parquet,val50k_tail,,full_reference
32,32,0,,lr_3e-6,1.9200000000000003e-05,validation_total_reference_mistag_geomean_percent,0.3364649444041227,min,0.8115000121479803,0.8115000121479803,0.4542163481147817,0.24923950730250083,0.3364649444041227,,0.128,0.06799999900390627,2.435999988105469,0.18199999600097666,0.38799999194824236,0.05,2.276000086822513,0.9640000353027357,0.015023255758590748,0.017018095861788735,64,50000,0.010701894656100771,0.01269913471129969,34,50000,0.06799892331055546,0.06990144526011696,1218,50000,0.018090905588142768,0.020083585734539902,91,50000,0.02682788339137001,0.028812323702563862,194,50000,0.009048206756063586,0.011046166796862796,25,50000,0.06574800163356431,0.0676569234551283,1138,50000,0.042726709348848285,0.04468811012083296,482,50000,0.8937266666666667,0.9745317747333333,0.27927153645833336,0.3355086016281952,0.28180822237850883,False,/data/suehara/part/march/datasets/20250711_ilc_nnqq_sgv_10m_3cat_parquet,val50k_tail,,full_reference
32,32,0,,lr_5_75e-6,2.9030399999999992e-05,validation_total_reference_mistag_geomean_percent,0.3374744488277126,min,0.8162499835077485,0.8162499835077485,0.4561057994614345,0.2496986526942817,0.3374744488277126,,0.128,0.06799999900390627,2.453999905451206,0.18199999600097666,0.39000001309204146,0.05,2.287999931572268,0.9700000229415899,0.015023255758590748,0.017018095861788735,64,50000,0.010701894656100771,0.01269913471129969,34,50000,0.06824712025735036,0.07014892222131155,1227,50000,0.018090905588142768,0.020083585734539902,91,50000,0.026899160482115422,0.028883520794909055,195,50000,0.009048206756063586,0.011046166796862796,25,50000,0.06591970698851118,0.06782814881967497,1144,50000,0.042861238860203606,0.044822399636988176,485,50000,0.8937266666666667,0.9745488021333334,0.2791615625,0.3355086016281952,0.2817126288619965,False,/data/suehara/part/march/datasets/20250711_ilc_nnqq_sgv_10m_3cat_parquet,val50k_tail,,full_reference
32,32,0,,lr_8_5e-6,3e-05,validation_total_reference_mistag_geomean_percent,0.3382323481919576,min,0.8172499999192433,0.8172499999192433,0.4561057994614345,0.25082145743055545,0.3382323481919576,,0.12999999920654298,0.06799999900390627,2.4600000375366218,0.18199999600097666,0.39000001309204146,0.05,2.287999931572268,0.9700000229415899,0.015147327248533623,0.01714208735333156,65,50000,0.010701894656100771,0.01269913471129969,34,50000,0.06832963476956673,0.07023119673832783,1230,50000,0.018090905588142768,0.020083585734539902,91,50000,0.026899160482115422,0.028883520794909055,195,50000,0.009048206756063586,0.011046166796862796,25,50000,0.06591970698851118,0.06782814881967497,1144,50000,0.042861238860203606,0.044822399636988176,485,50000,0.8937533333333333,0.9745519814,0.27914032552083334,0.3355086016281952,0.2816634174048021,False,/data/suehara/part/march/datasets/20250711_ilc_nnqq_sgv_10m_3cat_parquet,val50k_tail,,full_reference
33,33,0,,lr_11_25e-6,2.4e-05,validation_total_reference_mistag_geomean_percent,0.3368205146588348,min,0.8129999921952825,0.8129999921952825,0.4538342225586963,0.24997687141226907,0.3368205146588348,,0.12999999920654298,0.06799999900390627,2.453999905451206,0.18000000439453137,0.38600000777465837,0.05,2.2659999987898254,0.9700000229415899,0.015147327248533623,0.01714208735333156,65,50000,0.010701894656100771,0.01269913471129969,34,50000,0.06824712025735036,0.07014892222131155,1227,50000,0.017986179985518026,0.019978940130315186,90,50000,0.026756420536738636,0.028740940846332497,193,50000,0.009048206756063586,0.011046166796862796,25,50000,0.06560454336370959,0.06751386517727352,1133,50000,0.042861238860203606,0.044822399636988176,485,50000,0.8937533333333333,0.9745717955333332,0.27905924479166666,0.3355086016281952,0.2816301200544193,False,/data/suehara/part/march/datasets/20250711_ilc_nnqq_sgv_10m_3cat_parquet,val50k_tail,,full_reference
33,33,0,,lr_14e-6,2.7869183999999994e-05,validation_total_reference_mistag_geomean_percent,0.33609520994317627,min,0.8120000048918726,0.8120000048918726,0.45333062036787597,0.24917794005417318,0.33609520994317627,,0.12999999920654298,0.06799999900390627,2.4500000233650208,0.1780000073876956,0.38600000777465837,0.05,2.2699999670944218,0.9640000353027357,0.015147327248533623,0.01714208735333156,65,50000,0.010701894656100771,0.01269913471129969,34,50000,0.06819205025008386,0.0700940122108449,1225,50000,0.01788086961137308,0.019873709754570246,89,50000,0.026756420536738636,0.028740940846332497,193,50000,0.009048206756063586,0.011046166796862796,25,50000,0.06566196724330023,0.06757112906006432,1135,50000,0.042726709348848285,0.04468811012083296,482,50000,0.8937933333333333,0.9745750152666667,0.2790363671875,0.3355086016281952,0.281667363701804,False,/data/suehara/part/march/datasets/20250711_ilc_nnqq_sgv_10m_3cat_parquet,val50k_tail,,full_reference
33,33,0,,lr_3e-6,1.9200000000000003e-05,validation_total_reference_mistag_geomean_percent,0.33951235147159975,min,0.813249980304204,0.813249980304204,0.4523205172636892,0.2548383997681382,0.33951235147159975,,0.13200000225585942,0.07000000085449219,2.453999905451206,0.186000003178711,0.38200002098388786,0.05,2.2639999191626003,0.9679999905468751,0.01527044818788576,0.01726512829428365,66,50000,0.010871397397403768,0.01286855745420266,35,50000,0.06824712025735036,0.07014892222131155,1227,50000,0.018298640498242997,0.020291160647840055,93,50000,0.02661293176456675,0.02859761207096071,191,50000,0.009048206756063586,0.011046166796862796,25,50000,0.06557581108564796,0.06748521289761215,1132,50000,0.0428164433487024,0.04477768412388689,484,50000,0.8937066666666666,0.9745578819,0.27914671875,0.3355086016281952,0.2816888181894294,False,/data/suehara/part/march/datasets/20250711_ilc_nnqq_sgv_10m_3cat_parquet,val50k_tail,,full_reference
33,33,0,,lr_5_75e-6,2.9030399999999992e-05,validation_total_reference_mistag_geomean_percent,0.33676417131695896,min,0.8122500073040965,0.8122500073040965,0.4538674582346687,0.24987494702508561,0.33676417131695896,,0.12999999920654298,0.06799999900390627,2.4500000233650208,0.18000000439453137,0.38600000777465837,0.05,2.2620000490118417,0.9719999756762702,0.015147327248533623,0.01714208735333156,65,50000,0.010701894656100771,0.01269913471129969,34,50000,0.06819205025008386,0.0700940122108449,1225,50000,0.017986179985518026,0.019978940130315186,90,50000,0.026756420536738636,0.028740940846332497,193,50000,0.009048206756063586,0.011046166796862796,25,50000,0.06554706522534509,0.06745654703570955,1131,50000,0.04290598690721674,0.04486706768560139,486,50000,0.8938,0.9745863730666667,0.278976796875,0.3355086016281952,0.2815388461157346,False,/data/suehara/part/march/datasets/20250711_ilc_nnqq_sgv_10m_3cat_parquet,val50k_tail,,full_reference
33,33,0,,lr_8_5e-6,3e-05,validation_total_reference_mistag_geomean_percent,0.3371249532254543,min,0.8134999843088155,0.8134999843088155,0.4546549984611359,0.24997687141226907,0.3371249532254543,,0.12999999920654298,0.06799999900390627,2.453999905451206,0.18000000439453137,0.38799999194824236,0.05,2.2659999987898254,0.9719999756762702,0.015147327248533623,0.01714208735333156,65,50000,0.010701894656100771,0.01269913471129969,34,50000,0.06824712025735036,0.07014892222131155,1227,50000,0.017986179985518026,0.019978940130315186,90,50000,0.02682788339137001,0.028812323702563862,194,50000,0.009048206756063586,0.011046166796862796,25,50000,0.06560454336370959,0.06751386517727352,1133,50000,0.04290598690721674,0.04486706768560139,486,50000,0.8938,0.9745932273999999,0.278936796875,0.3355086016281952,0.28148542264425885,False,/data/suehara/part/march/datasets/20250711_ilc_nnqq_sgv_10m_3cat_parquet,val50k_tail,,full_reference
34,34,0,,lr_11_25e-6,2.4e-05,validation_total_reference_mistag_geomean_percent,0.3385861304826453,min,0.8152499940937812,0.8152499940937812,0.4599056247187631,0.24926976665117925,0.3385861304826453,,0.13200000225585942,0.06600000112792971,2.4619999015741008,0.18000000439453137,0.3920000081347658,0.052000000507812505,2.2720000332812504,0.966000001473999,0.01527044818788576,0.01726512829428365,66,50000,0.010529894247015226,0.01252721430061417,33,50000,0.06835711553137593,0.07025859750173676,1231,50000,0.017986179985518026,0.019978940130315186,90,50000,0.02697025322873285,0.028954533543126652,196,50000,0.00924516668895976,0.011243046731358937,26,50000,0.06569065887982901,0.06759974069819284,1136,50000,0.042771600227054125,0.04473292100063888,483,50000,0.8938466666666667,0.974579118,0.27898313802083335,0.3355086016281952,0.28143829404456683,False,/data/suehara/part/march/datasets/20250711_ilc_nnqq_sgv_10m_3cat_parquet,val50k_tail,,full_reference
34,34,0,,lr_14e-6,2.7869183999999994e-05,validation_total_reference_mistag_geomean_percent,0.3386849927511133,min,0.8150000044405374,0.8150000044405374,0.4604550288124887,0.24911775773337044,0.3386849927511133,,0.13200000225585942,0.06600000112792971,2.4559999160546906,0.18000000439453137,0.39399998905822786,0.052000000507812505,2.276000086822513,0.9640000353027357,0.01527044818788576,0.01726512829428365,66,50000,0.010529894247015226,0.01252721430061417,33,50000,0.06827463714687912,0.07017635911244005,1228,50000,0.017986179985518026,0.019978940130315186,90,50000,0.027041163032931338,0.02902536334892505,197,50000,0.00924516668895976,0.011243046731358937,26,50000,0.06574800163356431,0.0676569234551283,1138,50000,0.042726709348848285,0.04468811012083296,482,50000,0.8938933333333333,0.9745819948,0.27895904947916667,0.3355086016281952,0.28145118161986293,False,/data/suehara/part/march/datasets/20250711_ilc_nnqq_sgv_10m_3cat_parquet,val50k_tail,,full_reference
34,34,0,,lr_3e-6,2.2295347199999995e-05,validation_total_reference_mistag_geomean_percent,0.338931266059052,min,0.8147499961932376,0.8147499961932376,0.46131285272303096,0.24901626398291934,0.338931266059052,,0.13200000225585942,0.06600000112792971,2.4519999386401383,0.18000000439453137,0.39599999879150394,0.052000000507812505,2.2720000332812504,0.9679999905468751,0.01527044818788576,0.01726512829428365,66,50000,0.010529894247015226,0.01252721430061417,33,50000,0.06821959129655122,0.07012147325891269,1226,50000,0.017986179985518026,0.019978940130315186,90,50000,0.02711189127868993,0.029096011596283465,198,50000,0.00924516668895976,0.011243046731358937,26,50000,0.06569065887982901,0.06759974069819284,1136,50000,0.0428164433487024,0.04477768412388689,484,50000,0.8939,0.9745805090666667,0.2789689453125,0.3355086016281952,0.2814180034220304,False,/data/suehara/part/march/datasets/20250711_ilc_nnqq_sgv_10m_3cat_parquet,val50k_tail,,full_reference
34,34,0,,lr_5_75e-6,2.9030399999999992e-05,validation_total_reference_mistag_geomean_percent,0.3388402710704316,min,0.813500008621769,0.813500008621769,0.4594287909093144,0.24990320931311893,0.3388402710704316,,0.13399999640136728,0.06600000112792971,2.4500000233650208,0.18000000439453137,0.3920000081347658,0.052000000507812505,2.2720000332812504,0.9620000017614746,0.015392639991259324,0.01738724009925721,67,50000,0.010529894247015226,0.01252721430061417,33,50000,0.06819205025008386,0.0700940122108449,1225,50000,0.017986179985518026,0.019978940130315186,90,50000,0.02697025322873285,0.028954533543126652,196,50000,0.00924516668895976,0.011243046731358937,26,50000,0.06569065887982901,0.06759974069819284,1136,50000,0.04268177056691545,0.044643251337300044,481,50000,0.8938333333333334,0.9745947027,0.2788853125,0.3355086016281952,0.28131502722059754,False,/data/suehara/part/march/datasets/20250711_ilc_nnqq_sgv_10m_3cat_parquet,val50k_tail,,full_reference
34,34,0,,lr_8_5e-6,3e-05,validation_total_reference_mistag_geomean_percent,0.336999236613175,min,0.8132499861653715,0.8132499861653715,0.454264592730872,0.25000514522853445,0.336999236613175,,0.13399999640136728,0.06600000112792971,2.453999905451206,0.18000000439453137,0.39000001309204146,0.05,2.2699999670944218,0.9620000017614746,0.015392639991259324,0.01738724009925721,67,50000,0.010529894247015226,0.01252721430061417,33,50000,0.06824712025735036,0.07014892222131155,1227,50000,0.017986179985518026,0.019978940130315186,90,50000,0.026899160482115422,0.028883520794909055,195,50000,0.009048206756063586,0.011046166796862796,25,50000,0.06566196724330023,0.06757112906006432,1135,50000,0.04268177056691545,0.044643251337300044,481,50000,0.8938733333333333,0.9746001798666667,0.2788503385416667,0.3355086016281952,0.28125689534389764,False,/data/suehara/part/march/datasets/20250711_ilc_nnqq_sgv_10m_3cat_parquet,val50k_tail,,full_reference
35,35,0,,lr_11_25e-6,2.4e-05,validation_total_reference_mistag_geomean_percent,0.33641147958507167,min,0.8077500064050304,0.8077500064050304,0.4526772771428909,0.2500074320295368,0.33641147958507167,,0.13200000225585942,0.06799999900390627,2.4180001099493458,0.18000000439453137,0.3840000150000006,0.05,2.2639999191626003,0.966000001473999,0.01527044818788576,0.01726512829428365,66,50000,0.010701894656100771,0.01269913471129969,34,50000,0.06774973799309122,0.06965297992825303,1209,50000,0.017986179985518026,0.019978940130315186,90,50000,0.026684770480086325,0.028669370788080323,192,50000,0.009048206756063586,0.011046166796862796,25,50000,0.06557581108564796,0.06748521289761215,1132,50000,0.042771600227054125,0.04473292100063888,483,50000,0.8938,0.9745911528666668,0.27891088541666664,0.3355086016281952,0.28122436953486996,False,/data/suehara/part/march/datasets/20250711_ilc_nnqq_sgv_10m_3cat_parquet,val50k_tail,,full_reference
35,35,0,,lr_14e-6,2.7869183999999994e-05,validation_total_reference_mistag_geomean_percent,0.33627888868522016,min,0.8077500057871259,0.8077500057871259,0.4523205172636892,0.2500074320295368,0.33627888868522016,,0.13200000225585942,0.06799999900390627,2.4180001099493458,0.18000000439453137,0.38200002098388786,0.05,2.2639999191626003,0.9679999905468751,0.01527044818788576,0.01726512829428365,66,50000,0.010701894656100771,0.01269913471129969,34,50000,0.06774973799309122,0.06965297992825303,1209,50000,0.017986179985518026,0.019978940130315186,90,50000,0.02661293176456675,0.02859761207096071,191,50000,0.009048206756063586,0.011046166796862796,25,50000,0.06557581108564796,0.06748521289761215,1132,50000,0.0428164433487024,0.04477768412388689,484,50000,0.89378,0.9745975166666666,0.2788621484375,0.3355086016281952,0.2812160167676511,False,/data/suehara/part/march/datasets/20250711_ilc_nnqq_sgv_10m_3cat_parquet,val50k_tail,,full_reference
35,35,0,,lr_3e-6,2.2295347199999995e-05,validation_total_reference_mistag_geomean_percent,0.33708750028379697,min,0.8095000045757486,0.8095000045757486,0.45277722091982675,0.2509578167751927,0.33708750028379697,,0.13200000225585942,0.06799999900390627,2.4280000240814212,0.18199999600097666,0.3840000150000006,0.05,2.2659999987898254,0.966000001473999,0.01527044818788576,0.01726512829428365,66,50000,0.010701894656100771,0.01269913471129969,34,50000,0.06788829693773375,0.06979113888089493,1214,50000,0.018090905588142768,0.020083585734539902,91,50000,0.026684770480086325,0.028669370788080323,192,50000,0.009048206756063586,0.011046166796862796,25,50000,0.06560454336370959,0.06751386517727352,1133,50000,0.042771600227054125,0.04473292100063888,483,50000,0.8938066666666666,0.9745906838666668,0.2789204557291667,0.3355086016281952,0.28121094710479794,False,/data/suehara/part/march/datasets/20250711_ilc_nnqq_sgv_10m_3cat_parquet,val50k_tail,,full_reference
35,35,0,,lr_5_75e-6,2.9030399999999992e-05,validation_total_reference_mistag_geomean_percent,0.33626893281714987,min,0.8060000122173694,0.8060000122173694,0.45304506086429247,0.2495928218757394,0.33626893281714987,,0.13200000225585942,0.06799999900390627,2.402000005131226,0.18000000439453137,0.3840000150000006,0.05,2.2620000490118417,0.9700000229415899,0.01527044818788576,0.01726512829428365,66,50000,0.010701894656100771,0.01269913471129969,34,50000,0.06752740148097888,0.06943128340334073,1201,50000,0.017986179985518026,0.019978940130315186,90,50000,0.026684770480086325,0.028669370788080323,192,50000,0.009048206756063586,0.011046166796862796,25,50000,0.06554706522534509,0.06745654703570955,1131,50000,0.042861238860203606,0.044822399636988176,485,50000,0.8938666666666667,0.9746093447999998,0.2787967708333333,0.3355086016281952,0.28107718759695766,False,/data/suehara/part/march/datasets/20250711_ilc_nnqq_sgv_10m_3cat_parquet,val50k_tail,,full_reference
35,35,0,,lr_8_5e-6,3e-05,validation_total_reference_mistag_geomean_percent,0.33610472896339083,min,0.8064999847866828,0.8064999847866828,0.4523205172636892,0.24974854007274316,0.33610472896339083,,0.13200000225585942,0.06799999900390627,2.407999941945802,0.18000000439453137,0.38200002098388786,0.05,2.2639999191626003,0.9679999905468751,0.01527044818788576,0.01726512829428365,66,50000,0.010701894656100771,0.01269913471129969,34,50000,0.06761087067270397,0.06951451259986571,1204,50000,0.017986179985518026,0.019978940130315186,90,50000,0.02661293176456675,0.02859761207096071,191,50000,0.009048206756063586,0.011046166796862796,25,50000,0.06557581108564796,0.06748521289761215,1132,50000,0.0428164433487024,0.04477768412388689,484,50000,0.8938866666666667,0.9746149084,0.278771796875,0.3355086016281952,0.28101477953476867,False,/data/suehara/part/march/datasets/20250711_ilc_nnqq_sgv_10m_3cat_parquet,val50k_tail,,full_reference
36,36,0,,lr_11_25e-6,2.4e-05,validation_total_reference_mistag_geomean_percent,0.33687973720763936,min,0.810500007988625,0.810500007988625,0.45541944309523136,0.24919436150941196,0.33687973720763936,,0.13200000225585942,0.06600000112792971,2.432000083125003,0.18199999600097666,0.3920000081347658,0.05,2.257999997588196,0.9719999756762702,0.01527044818788576,0.01726512829428365,66,50000,0.010529894247015226,0.01252721430061417,33,50000,0.06794363458668927,0.06984631653305061,1216,50000,0.018090905588142768,0.020083585734539902,91,50000,0.02697025322873285,0.028954533543126652,196,50000,0.009048206756063586,0.011046166796862796,25,50000,0.06548953268759282,0.06739917449475712,1129,50000,0.04290598690721674,0.04486706768560139,486,50000,0.89394,0.9746157613666666,0.2787849609375,0.3355086016281952,0.2814483413814818,False,/data/suehara/part/march/datasets/20250711_ilc_nnqq_sgv_10m_3cat_parquet,val50k_tail,,full_reference
36,36,0,,lr_14e-6,2.7869183999999994e-05,validation_total_reference_mistag_geomean_percent,0.3366398475595573,min,0.80999998977541,0.80999998977541,0.4552397711231783,0.24893779971227126,0.3366398475595573,,0.13200000225585942,0.06600000112792971,2.4219999312603777,0.18199999600097666,0.39000001309204146,0.05,2.2659999987898254,0.9719999756762702,0.01527044818788576,0.01726512829428365,66,50000,0.010529894247015226,0.01252721430061417,33,50000,0.06780519847169354,0.06970828041005482,1211,50000,0.018090905588142768,0.020083585734539902,91,50000,0.026899160482115422,0.028883520794909055,195,50000,0.009048206756063586,0.011046166796862796,25,50000,0.06560454336370959,0.06751386517727352,1133,50000,0.04290598690721674,0.04486706768560139,486,50000,0.89396,0.9746239392999999,0.2787316796875,0.3355086016281952,0.28141651474130824,False,/data/suehara/part/march/datasets/20250711_ilc_nnqq_sgv_10m_3cat_parquet,val50k_tail,,full_reference
36,36,0,,lr_3e-6,2.2295347199999995e-05,validation_total_reference_mistag_geomean_percent,0.33662013554416437,min,0.8102499973328022,0.8102499973328022,0.45490498329569234,0.24909183195321705,0.33662013554416437,,0.13200000225585942,0.06600000112792971,2.4280000240814212,0.18199999600097666,0.39000001309204146,0.05,2.2639999191626003,0.9700000229415899,0.01527044818788576,0.01726512829428365,66,50000,0.010529894247015226,0.01252721430061417,33,50000,0.06788829693773375,0.06979113888089493,1214,50000,0.018090905588142768,0.020083585734539902,91,50000,0.026899160482115422,0.028883520794909055,195,50000,0.009048206756063586,0.011046166796862796,25,50000,0.06557581108564796,0.06748521289761215,1132,50000,0.042861238860203606,0.044822399636988176,485,50000,0.8939533333333334,0.9746139364333333,0.27879826822916665,0.3355086016281952,0.2814436486570411,False,/data/suehara/part/march/datasets/20250711_ilc_nnqq_sgv_10m_3cat_parquet,val50k_tail,,full_reference
36,36,0,,lr_5_75e-6,2.9030399999999992e-05,validation_total_reference_mistag_geomean_percent,0.33688237348130595,min,0.8104999967917824,0.8104999967917824,0.4555202558435366,0.24914311077613177,0.33688237348130595,,0.13200000225585942,0.06600000112792971,2.4299999842414857,0.18199999600097666,0.3920000081347658,0.05,2.2600000068969726,0.9719999756762702,0.01527044818788576,0.01726512829428365,66,50000,0.010529894247015226,0.01252721430061417,33,50000,0.06791597188520564,0.06981873382996724,1215,50000,0.018090905588142768,0.020083585734539902,91,50000,0.02697025322873285,0.028954533543126652,196,50000,0.009048206756063586,0.011046166796862796,25,50000,0.06551830576520534,0.06742786757396937,1130,50000,0.04290598690721674,0.04486706768560139,486,50000,0.8939333333333334,0.9746386810666667,0.27865587239583334,0.3355086016281952,0.2812724281545484,False,/data/suehara/part/march/datasets/20250711_ilc_nnqq_sgv_10m_3cat_parquet,val50k_tail,,full_reference
36,36,0,,lr_8_5e-6,3e-05,validation_total_reference_mistag_geomean_percent,0.3365901267351099,min,0.8114999872451788,0.8114999872451788,0.4555202558435366,0.24871103307087958,0.3365901267351099,,0.13200000225585942,0.06600000112792971,2.4399998994751018,0.18000000439453137,0.3920000081347658,0.05,2.2600000068969726,0.9719999756762702,0.01527044818788576,0.01726512829428365,66,50000,0.010529894247015226,0.01252721430061417,33,50000,0.068054163226762,0.06995652517952297,1220,50000,0.017986179985518026,0.019978940130315186,90,50000,0.02697025322873285,0.028954533543126652,196,50000,0.009048206756063586,0.011046166796862796,25,50000,0.06551830576520534,0.06742786757396937,1130,50000,0.04290598690721674,0.04486706768560139,486,50000,0.8939933333333333,0.9746442763666666,0.27863420572916664,0.3355086016281952,0.28120662026695703,False,/data/suehara/part/march/datasets/20250711_ilc_nnqq_sgv_10m_3cat_parquet,val50k_tail,,full_reference
37,37,0,,lr_11_25e-6,2.4e-05,validation_total_reference_mistag_geomean_percent,0.33579425482513203,min,0.8092499977786258,0.8092499977786258,0.4546878229560053,0.24798944656249555,0.33579425482513203,,0.12999999920654298,0.06600000112792971,2.4219999312603777,0.18199999600097666,0.38799999194824236,0.05,2.2620000490118417,0.9740000136730959,0.015147327248533623,0.01714208735333156,65,50000,0.010529894247015226,0.01252721430061417,33,50000,0.06780519847169354,0.06970828041005482,1211,50000,0.018090905588142768,0.020083585734539902,91,50000,0.02682788339137001,0.028812323702563862,194,50000,0.009048206756063586,0.011046166796862796,25,50000,0.06554706522534509,0.06745654703570955,1131,50000,0.04295068763465349,0.04491168841463788,487,50000,0.8941133333333333,0.9746266908000001,0.27873934895833336,0.3355086016281952,0.2809995200864255,False,/data/suehara/part/march/datasets/20250711_ilc_nnqq_sgv_10m_3cat_parquet,val50k_tail,,full_reference
37,37,0,,lr_14e-6,2.7869183999999994e-05,validation_total_reference_mistag_geomean_percent,0.3353020391478144,min,0.805500003509217,0.805500003509217,0.45401332930307225,0.24763030113953463,0.3353020391478144,,0.12999999920654298,0.06600000112792971,2.407999941945802,0.18199999600097666,0.38799999194824236,0.05,2.2440000835473666,0.9760000142968752,0.015147327248533623,0.01714208735333156,65,50000,0.010529894247015226,0.01252721430061417,33,50000,0.06761087067270397,0.06951451259986571,1204,50000,0.018090905588142768,0.020083585734539902,91,50000,0.02682788339137001,0.028812323702563862,194,50000,0.009048206756063586,0.011046166796862796,25,50000,0.0652877383655534,0.06719794016151748,1122,50000,0.042995341186683085,0.044956261968267554,488,50000,0.8940733333333334,0.9746364428000001,0.278652734375,0.3353020391478144,0.2809461349467228,False,/data/suehara/part/march/datasets/20250711_ilc_nnqq_sgv_10m_3cat_parquet,val50k_tail,,full_reference
37,37,0,,lr_3e-6,2.2295347199999995e-05,validation_total_reference_mistag_geomean_percent,0.33494193763457386,min,0.808499994722977,0.808499994722977,0.45423322284830353,0.24697907582129597,0.33494193763457386,,0.128,0.06600000112792971,2.4199999316864034,0.18199999600097666,0.38600000777465837,0.05,2.2600000068969726,0.9760000142968752,0.015023255758590748,0.017018095861788735,64,50000,0.010529894247015226,0.01252721430061417,33,50000,0.06777747439242338,0.06968063632918492,1210,50000,0.018090905588142768,0.020083585734539902,91,50000,0.026756420536738636,0.028740940846332497,193,50000,0.009048206756063586,0.011046166796862796,25,50000,0.06551830576520534,0.06742786757396937,1130,50000,0.042995341186683085,0.044956261968267554,488,50000,0.8940333333333333,0.9746231655333334,0.2787659895833333,0.33494193763457386,0.2810061064634745,False,/data/suehara/part/march/datasets/20250711_ilc_nnqq_sgv_10m_3cat_parquet,val50k_tail,,full_reference
37,37,0,,lr_5_75e-6,2.9030399999999992e-05,validation_total_reference_mistag_geomean_percent,0.33526403987070524,min,0.804999989753762,0.804999989753762,0.4540991291296634,0.2475273992395845,0.33526403987070524,,0.12999999920654298,0.06600000112792971,2.4039998925213673,0.18199999600097666,0.39000001309204146,0.05,2.2479999931396484,0.9700000229415899,0.015147327248533623,0.01714208735333156,65,50000,0.010529894247015226,0.01252721430061417,33,50000,0.06755523698002315,0.06945903890398474,1202,50000,0.018090905588142768,0.020083585734539902,91,50000,0.026899160482115422,0.028883520794909055,195,50000,0.009048206756063586,0.011046166796862796,25,50000,0.0653454624174963,0.06725550421666053,1124,50000,0.042861238860203606,0.044822399636988176,485,50000,0.89414,0.9746490893,0.2785994010416667,0.33494193763457386,0.28079711981862077,False,/data/suehara/part/march/datasets/20250711_ilc_nnqq_sgv_10m_3cat_parquet,val50k_tail,,full_reference
37,37,0,,lr_8_5e-6,3e-05,validation_total_reference_mistag_geomean_percent,0.3354525452189953,min,0.8057499954405598,0.8057499954405598,0.4521276105485014,0.24888639284247108,0.3354525452189953,,0.13200000225585942,0.06600000112792971,2.4199999316864034,0.18199999600097666,0.38600000777465837,0.05,2.2459999893759157,0.9640000353027357,0.01527044818788576,0.01726512829428365,66,50000,0.010529894247015226,0.01252721430061417,33,50000,0.06777747439242338,0.06968063632918492,1210,50000,0.018090905588142768,0.020083585734539902,91,50000,0.026756420536738636,0.028740940846332497,193,50000,0.009048206756063586,0.011046166796862796,25,50000,0.06531660726253087,0.06722672906009537,1123,50000,0.042726709348848285,0.04468811012083296,482,50000,0.8941533333333334,0.9746562166333333,0.27855026041666664,0.33494193763457386,0.28072626577543147,False,/data/suehara/part/march/datasets/20250711_ilc_nnqq_sgv_10m_3cat_parquet,val50k_tail,,full_reference
38,38,0,,lr_11_25e-6,2.4e-05,validation_total_reference_mistag_geomean_percent,0.33734846854774264,min,0.8067500159858901,0.8067500159858901,0.45008152206504404,0.2528519471525001,0.33734846854774264,,0.13399999640136728,0.06799999900390627,2.438000003720093,0.18399999640625006,0.38200002098388786,0.05,2.238000087934116,0.9600000234375006,0.015392639991259324,0.01738724009925721,67,50000,0.010701894656100771,0.01269913471129969,34,50000,0.06802654936229544,0.06992899131345667,1219,50000,0.018195055988739096,0.02018765613673616,92,50000,0.02661293176456675,0.02859761207096071,191,50000,0.009048206756063586,0.011046166796862796,25,50000,0.0652010490428543,0.06711149083401848,1119,50000,0.042636783733323094,0.04459834450210795,480,50000,0.8939733333333333,0.9746282576333334,0.2787222786458333,0.33494193763457386,0.281119170129923,False,/data/suehara/part/march/datasets/20250711_ilc_nnqq_sgv_10m_3cat_parquet,val50k_tail,,full_reference
38,38,0,,lr_14e-6,2.7869183999999994e-05,validation_total_reference_mistag_geomean_percent,0.33618377615309275,min,0.8062500119642073,0.8062500119642073,0.4502600119629478,0.25100947973557386,0.33618377615309275,,0.13200000225585942,0.06799999900390627,2.4299999842414857,0.18199999600097666,0.37999999536132817,0.05,2.2440000835473666,0.9640000353027357,0.01527044818788576,0.01726512829428365,66,50000,0.010701894656100771,0.01269913471129969,34,50000,0.06791597188520564,0.06981873382996724,1215,50000,0.018090905588142768,0.020083585734539902,91,50000,0.026540902914279046,0.02852566321907301,190,50000,0.009048206756063586,0.011046166796862796,25,50000,0.0652877383655534,0.06719794016151748,1122,50000,0.042726709348848285,0.04468811012083296,482,50000,0.894,0.9746393910666667,0.2786514453125,0.33494193763457386,0.2810448316465549,False,/data/suehara/part/march/datasets/20250711_ilc_nnqq_sgv_10m_3cat_parquet,val50k_tail,,full_reference
38,38,0,,lr_3e-6,2.2295347199999995e-05,validation_total_reference_mistag_geomean_percent,0.3371737144017546,min,0.8067500103889088,0.8067500103889088,0.4498923902304872,0.2526962361493439,0.3371737144017546,,0.13399999640136728,0.06799999900390627,2.432000083125003,0.18399999640625006,0.37999999536132817,0.05,2.2459999893759157,0.9600000234375006,0.015392639991259324,0.01738724009925721,67,50000,0.010701894656100771,0.01269913471129969,34,50000,0.06794363458668927,0.06984631653305061,1216,50000,0.018195055988739096,0.02018765613673616,92,50000,0.026540902914279046,0.02852566321907301,190,50000,0.009048206756063586,0.011046166796862796,25,50000,0.06531660726253087,0.06722672906009537,1123,50000,0.042636783733323094,0.04459834450210795,480,50000,0.8939333333333334,0.9746268286666666,0.2787305859375,0.33494193763457386,0.28113427992155166,False,/data/suehara/part/march/datasets/20250711_ilc_nnqq_sgv_10m_3cat_parquet,val50k_tail,,full_reference
38,38,0,,lr_5_75e-6,2.9030399999999992e-05,validation_total_reference_mistag_geomean_percent,0.3361812393222609,min,0.8052499926335529,0.8052499926335529,0.4507176377284758,0.2507508386888027,0.3361812393222609,,0.13200000225585942,0.06799999900390627,2.4199999316864034,0.18199999600097666,0.38200002098388786,0.05,2.2459999893759157,0.9620000017614746,0.01527044818788576,0.01726512829428365,66,50000,0.010701894656100771,0.01269913471129969,34,50000,0.06777747439242338,0.06968063632918492,1210,50000,0.018090905588142768,0.020083585734539902,91,50000,0.02661293176456675,0.02859761207096071,191,50000,0.009048206756063586,0.011046166796862796,25,50000,0.06531660726253087,0.06722672906009537,1123,50000,0.04268177056691545,0.044643251337300044,481,50000,0.89406,0.9746526280333333,0.2785731119791667,0.33494193763457386,0.28089385656914634,False,/data/suehara/part/march/datasets/20250711_ilc_nnqq_sgv_10m_3cat_parquet,val50k_tail,,full_reference
38,38,0,,lr_8_5e-6,3e-05,validation_total_reference_mistag_geomean_percent,0.3346455185609992,min,0.8037500293068136,0.8037500293068136,0.4500477894648967,0.2488349586743054,0.3346455185609992,,0.13200000225585942,0.06600000112792971,2.4180001099493458,0.18199999600097666,0.38200002098388786,0.05,2.2420000928807107,0.9580000112557985,0.01527044818788576,0.01726512829428365,66,50000,0.010529894247015226,0.01252721430061417,33,50000,0.06774973799309122,0.06965297992825303,1209,50000,0.018090905588142768,0.020083585734539902,91,50000,0.02661293176456675,0.02859761207096071,191,50000,0.009048206756063586,0.011046166796862796,25,50000,0.06525885570861437,0.0671691375029787,1121,50000,0.042591748699369845,0.04455338946655462,479,50000,0.8940666666666667,0.9746609988,0.2785327083333333,0.3346455185609992,0.2808203257117013,False,/data/suehara/part/march/datasets/20250711_ilc_nnqq_sgv_10m_3cat_parquet,val50k_tail,,full_reference
39,39,0,,lr_11_25e-6,2.4e-05,validation_total_reference_mistag_geomean_percent,0.3332494217002618,min,0.8027500159144025,0.8027500159144025,0.4507831295996435,0.24636054406514935,0.3332494217002618,,0.12999999920654298,0.06600000112792971,2.4120000092010496,0.1780000073876956,0.38200002098388786,0.05,2.238000087934116,0.966000001473999,0.015147327248533623,0.01714208735333156,65,50000,0.010529894247015226,0.01252721430061417,33,50000,0.06766645472550611,0.06956993665586803,1206,50000,0.01788086961137308,0.019873709754570246,89,50000,0.02661293176456675,0.02859761207096071,191,50000,0.009048206756063586,0.011046166796862796,25,50000,0.0652010490428543,0.06711149083401848,1119,50000,0.042771600227054125,0.04473292100063888,483,50000,0.8940266666666666,0.9746802454000001,0.2784334375,0.3332494217002618,0.28042009947812635,False,/data/suehara/part/march/datasets/20250711_ilc_nnqq_sgv_10m_3cat_parquet,val50k_tail,,full_reference
39,39,0,,lr_14e-6,2.7869183999999994e-05,validation_total_reference_mistag_geomean_percent,0.33561767007026455,min,0.8075000126851278,0.8075000126851278,0.45105943597986464,0.24972145903277626,0.33561767007026455,,0.13599999800781254,0.06600000112792971,2.4340000872787506,0.1780000073876956,0.37999999536132817,0.05,2.2459999893759157,0.9700000229415899,0.015513923280260607,0.017508443389858443,68,50000,0.010529894247015226,0.01252721430061417,33,50000,0.06797128505690829,0.06987388700486936,1217,50000,0.01788086961137308,0.019873709754570246,89,50000,0.026540902914279046,0.02852566321907301,190,50000,0.009048206756063586,0.011046166796862796,25,50000,0.06531660726253087,0.06722672906009537,1123,50000,0.042861238860203606,0.044822399636988176,485,50000,0.8940066666666666,0.9746596555666667,0.2785288932291667,0.3332494217002618,0.2806928486028929,False,/data/suehara/part/march/datasets/20250711_ilc_nnqq_sgv_10m_3cat_parquet,val50k_tail,,full_reference
39,39,0,,lr_3e-6,2.2295347199999995e-05,validation_total_reference_mistag_geomean_percent,0.3350352942779527,min,0.8054999998255162,0.8054999998255162,0.45181442705908836,0.24843971703726597,0.3350352942779527,,0.13399999640136728,0.06600000112792971,2.4199999316864034,0.1780000073876956,0.38200002098388786,0.05,2.24000002734375,0.9740000136730959,0.015392639991259324,0.01738724009925721,67,50000,0.010529894247015226,0.01252721430061417,33,50000,0.06777747439242338,0.06968063632918492,1210,50000,0.01788086961137308,0.019873709754570246,89,50000,0.02661293176456675,0.02859761207096071,191,50000,0.009048206756063586,0.011046166796862796,25,50000,0.06522995927372398,0.06714032106648858,1120,50000,0.04295068763465349,0.04491168841463788,487,50000,0.8939933333333333,0.9746463163666667,0.278625078125,0.3332494217002618,0.2808101912986994,False,/data/suehara/part/march/datasets/20250711_ilc_nnqq_sgv_10m_3cat_parquet,val50k_tail,,full_reference
39,39,0,,lr_5_75e-6,2.9030399999999992e-05,validation_total_reference_mistag_geomean_percent,0.3359668034911466,min,0.806500022596589,0.806500022596589,0.4520912712903493,0.24967014453939143,0.3359668034911466,,0.13599999800781254,0.06600000112792971,2.432000083125003,0.1780000073876956,0.38600000777465837,0.05,2.236000092802738,0.9679999905468751,0.015513923280260607,0.017508443389858443,68,50000,0.010529894247015226,0.01252721430061417,33,50000,0.06794363458668927,0.06984631653305061,1216,50000,0.01788086961137308,0.019873709754570246,89,50000,0.026756420536738636,0.028740940846332497,193,50000,0.009048206756063586,0.011046166796862796,25,50000,0.06517212499793437,0.06708264678749881,1118,50000,0.0428164433487024,0.04477768412388689,484,50000,0.8940133333333333,0.9746735456333333,0.2784513932291667,0.3332494217002618,0.2805381697220648,False,/data/suehara/part/march/datasets/20250711_ilc_nnqq_sgv_10m_3cat_parquet,val50k_tail,,full_reference
39,39,0,,lr_8_5e-6,3e-05,validation_total_reference_mistag_geomean_percent,0.3356249450186431,min,0.8065000053680044,0.8065000053680044,0.4523550460821072,0.24901701593557798,0.3356249450186431,,0.13599999800781254,0.06600000112792971,2.4340000872787506,0.17599999828125001,0.38600000777465837,0.05,2.231999974797364,0.9719999756762702,0.015513923280260607,0.017508443389858443,68,50000,0.010529894247015226,0.01252721430061417,33,50000,0.06797128505690829,0.06987388700486936,1217,50000,0.017774964627493357,0.019767884769090572,88,50000,0.026756420536738636,0.028740940846332497,193,50000,0.009048206756063586,0.011046166796862796,25,50000,0.06511423539346806,0.06702491717983233,1116,50000,0.04290598690721674,0.04486706768560139,486,50000,0.894,0.9746807568000001,0.2784255859375,0.3332494217002618,0.28045852103055263,False,/data/suehara/part/march/datasets/20250711_ilc_nnqq_sgv_10m_3cat_parquet,val50k_tail,,full_reference
40,40,0,,lr_11_25e-6,2.4e-05,validation_total_reference_mistag_geomean_percent,0.33104101849941603,min,0.8030000185615546,0.8030000185615546,0.44733912779562485,0.24497780122466303,0.33104101849941603,,0.12999999920654298,0.064,2.432000083125003,0.1780000073876956,0.37400001392456106,0.05,2.24000002734375,0.9560000175048832,0.015147327248533623,0.01714208735333156,65,50000,0.0103552826863133,0.012352682738312273,32,50000,0.06794363458668927,0.06984631653305061,1216,50000,0.01788086961137308,0.019873709754570246,89,50000,0.026323660502558435,0.028308660802552454,187,50000,0.009048206756063586,0.011046166796862796,25,50000,0.06522995927372398,0.06714032106648858,1120,50000,0.04254666531557927,0.04450838608116396,478,50000,0.8940066666666666,0.9746891194333335,0.27841561197916664,0.33104101849941603,0.2804028725252442,False,/data/suehara/part/march/datasets/20250711_ilc_nnqq_sgv_10m_3cat_parquet,val50k_tail,,full_reference
40,40,0,,lr_14e-6,2.7869183999999994e-05,validation_total_reference_mistag_geomean_percent,0.33466633231872966,min,0.8050000131853491,0.8050000131853491,0.44909908412247146,0.24939163304356027,0.33466633231872966,,0.13399999640136728,0.06600000112792971,2.4299999842414857,0.18000000439453137,0.3780000029992676,0.05,2.2420000928807107,0.9600000234375006,0.015392639991259324,0.01738724009925721,67,50000,0.010529894247015226,0.01252721430061417,33,50000,0.06791597188520564,0.06981873382996724,1215,50000,0.017986179985518026,0.019978940130315186,90,50000,0.026468682433917427,0.028453522737111436,189,50000,0.009048206756063586,0.011046166796862796,25,50000,0.06525885570861437,0.0671691375029787,1121,50000,0.042636783733323094,0.04459834450210795,480,50000,0.8940133333333333,0.9746718458666667,0.278508515625,0.33104101849941603,0.2806561797828915,False,/data/suehara/part/march/datasets/20250711_ilc_nnqq_sgv_10m_3cat_parquet,val50k_tail,,full_reference
40,40,0,,lr_3e-6,2.2295347199999995e-05,validation_total_reference_mistag_geomean_percent,0.33539054037280713,min,0.8082500081229409,0.8082500081229409,0.4502134408972394,0.2498521908794778,0.33539054037280713,,0.13399999640136728,0.06600000112792971,2.447999938740236,0.18000000439453137,0.38200002098388786,0.05,2.250000085830692,0.9560000175048832,0.015392639991259324,0.01738724009925721,67,50000,0.010529894247015226,0.01252721430061417,33,50000,0.06816449710352161,0.07006653906268291,1224,50000,0.017986179985518026,0.019978940130315186,90,50000,0.02661293176456675,0.02859761207096071,191,50000,0.009048206756063586,0.011046166796862796,25,50000,0.06537430384835896,0.06728426564912293,1125,50000,0.04254666531557927,0.04450838608116396,478,50000,0.8940133333333333,0.9746547062333333,0.2786030859375,0.33104101849941603,0.280803336246362,False,/data/suehara/part/march/datasets/20250711_ilc_nnqq_sgv_10m_3cat_parquet,val50k_tail,,full_reference
40,40,0,,lr_5_75e-6,1.9200000000000003e-05,validation_total_reference_mistag_geomean_percent,0.33408064734060056,min,0.8050000016147233,0.8050000016147233,0.44939924577431584,0.24835350743682413,0.33408064734060056,,0.13200000225585942,0.06600000112792971,2.4259999855630494,0.18000000439453137,0.3780000029992676,0.05,2.2479999931396484,0.9600000234375006,0.01527044818788576,0.01726512829428365,66,50000,0.010529894247015226,0.01252721430061417,33,50000,0.06786060972951875,0.0697635316710802,1213,50000,0.017986179985518026,0.019978940130315186,90,50000,0.026468682433917427,0.028453522737111436,189,50000,0.009048206756063586,0.011046166796862796,25,50000,0.0653454624174963,0.06725550421666053,1124,50000,0.042636783733323094,0.04459834450210795,480,50000,0.8939933333333333,0.9746857066666667,0.2784564192708333,0.33104101849941603,0.2803690978057721,False,/data/suehara/part/march/datasets/20250711_ilc_nnqq_sgv_10m_3cat_parquet,val50k_tail,,full_reference
40,40,0,,lr_8_5e-6,3e-05,validation_total_reference_mistag_geomean_percent,0.33253367284540675,min,0.8020000218788537,0.8020000218788537,0.44905607097434813,0.24624685139235694,0.33253367284540675,,0.13200000225585942,0.064,2.4180001099493458,0.18000000439453137,0.37999999536132817,0.05,2.234000051813966,0.9580000112557985,0.01527044818788576,0.01726512829428365,66,50000,0.0103552826863133,0.012352682738312273,32,50000,0.06774973799309122,0.06965297992825303,1209,50000,0.017986179985518026,0.019978940130315186,90,50000,0.026540902914279046,0.02852566321907301,190,50000,0.009048206756063586,0.011046166796862796,25,50000,0.06514318712085576,0.06705378890882047,1117,50000,0.042591748699369845,0.04455338946655462,479,50000,0.89402,0.9746935563333334,0.27839270833333335,0.33104101849941603,0.2804153796918389,False,/data/suehara/part/march/datasets/20250711_ilc_nnqq_sgv_10m_3cat_parquet,val50k_tail,,full_reference
41,41,0,,lr_11_25e-6,2.4e-05,validation_total_reference_mistag_geomean_percent,0.3330622306762019,min,0.8032499992823414,0.8032499992823414,0.450951719962577,0.2459918536561148,0.3330622306762019,,0.13200000225585942,0.064,2.407999941945802,0.18000000439453137,0.38200002098388786,0.05,2.2459999893759157,0.9640000353027357,0.01527044818788576,0.01726512829428365,66,50000,0.0103552826863133,0.012352682738312273,32,50000,0.06761087067270397,0.06951451259986571,1204,50000,0.017986179985518026,0.019978940130315186,90,50000,0.02661293176456675,0.02859761207096071,191,50000,0.009048206756063586,0.011046166796862796,25,50000,0.06531660726253087,0.06722672906009537,1123,50000,0.042726709348848285,0.04468811012083296,482,50000,0.8940333333333333,0.9746923427333334,0.2783922786458333,0.33104101849941603,0.28015996545539024,False,/data/suehara/part/march/datasets/20250711_ilc_nnqq_sgv_10m_3cat_parquet,val50k_tail,,full_reference
41,41,0,,lr_14e-6,2.7869183999999994e-05,validation_total_reference_mistag_geomean_percent,0.3333561493131245,min,0.804499992853242,0.804499992853242,0.45277660069949743,0.24543300628432302,0.3333561493131245,,0.13399999640136728,0.064,2.4039998925213673,0.17599999828125001,0.3840000150000006,0.05,2.2520000649456806,0.9719999756762702,0.015392639991259324,0.01738724009925721,67,50000,0.0103552826863133,0.012352682738312273,32,50000,0.06755523698002315,0.06945903890398474,1202,50000,0.017774964627493357,0.019767884769090572,88,50000,0.026684770480086325,0.028669370788080323,192,50000,0.009048206756063586,0.011046166796862796,25,50000,0.06540313157298895,0.06731301337535335,1126,50000,0.04290598690721674,0.04486706768560139,486,50000,0.89398,0.9746784891333333,0.2784439453125,0.33104101849941603,0.2803908469406325,False,/data/suehara/part/march/datasets/20250711_ilc_nnqq_sgv_10m_3cat_parquet,val50k_tail,,full_reference
41,41,0,,lr_3e-6,2.88e-05,validation_total_reference_mistag_geomean_percent,0.33255657801927824,min,0.8045000205860144,0.8045000205860144,0.4517417266998432,0.2448166087995136,0.33255657801927824,,0.13200000225585942,0.064,2.4160000280175784,0.17599999828125001,0.3840000150000006,0.05,2.250000085830692,0.9640000353027357,0.01527044818788576,0.01726512829428365,66,50000,0.0103552826863133,0.012352682738312273,32,50000,0.06772198925879096,0.06962531119235234,1208,50000,0.017774964627493357,0.019767884769090572,88,50000,0.026684770480086325,0.028669370788080323,192,50000,0.009048206756063586,0.011046166796862796,25,50000,0.06537430384835896,0.06728426564912293,1125,50000,0.042726709348848285,0.04468811012083296,482,50000,0.8940066666666666,0.9746932178666666,0.2783698046875,0.33104101849941603,0.2801945015951204,False,/data/suehara/part/march/datasets/20250711_ilc_nnqq_sgv_10m_3cat_parquet,val50k_tail,,full_reference
41,41,0,,lr_5_75e-6,1.9200000000000003e-05,validation_total_reference_mistag_geomean_percent,0.3309306510368319,min,0.8007500043045044,0.8007500043045044,0.44969881129496503,0.24352987609706758,0.3309306510368319,,0.12999999920654298,0.064,2.402000005131226,0.17599999828125001,0.3780000029992676,0.05,2.24000002734375,0.966000001473999,0.015147327248533623,0.01714208735333156,65,50000,0.0103552826863133,0.012352682738312273,32,50000,0.06752740148097888,0.06943128340334073,1201,50000,0.017774964627493357,0.019767884769090572,88,50000,0.026468682433917427,0.028453522737111436,189,50000,0.009048206756063586,0.011046166796862796,25,50000,0.06522995927372398,0.06714032106648858,1120,50000,0.042771600227054125,0.04473292100063888,483,50000,0.894,0.9746874386333334,0.27843515625,0.3309306510368319,0.280148294512741,False,/data/suehara/part/march/datasets/20250711_ilc_nnqq_sgv_10m_3cat_parquet,val50k_tail,,full_reference
41,41,0,,lr_8_5e-6,3e-05,validation_total_reference_mistag_geomean_percent,0.33265425570587,min,0.8042500105274966,0.8042500105274966,0.452194418332526,0.24471521397208437,0.33265425570587,,0.13200000225585942,0.064,2.4120000092010496,0.17599999828125001,0.38600000777465837,0.05,2.2520000649456806,0.9620000017614746,0.01527044818788576,0.01726512829428365,66,50000,0.0103552826863133,0.012352682738312273,32,50000,0.06766645472550611,0.06956993665586803,1206,50000,0.017774964627493357,0.019767884769090572,88,50000,0.026756420536738636,0.028740940846332497,193,50000,0.009048206756063586,0.011046166796862796,25,50000,0.06540313157298895,0.06731301337535335,1126,50000,0.04268177056691545,0.044643251337300044,481,50000,0.8940533333333334,0.9746995694999999,0.27832813802083334,0.3309306510368319,0.2801428369287648,False,/data/suehara/part/march/datasets/20250711_ilc_nnqq_sgv_10m_3cat_parquet,val50k_tail,,full_reference
42,42,0,,lr_11_25e-6,2.4e-05,validation_total_reference_mistag_geomean_percent,0.3325278314002481,min,0.8032500214556129,0.8032500214556129,0.4532417076063474,0.2439642177674191,0.3325278314002481,,0.12999999920654298,0.064,2.3920000708081077,0.1780000073876956,0.3840000150000006,0.05,2.2520000649456806,0.9760000142968752,0.015147327248533623,0.01714208735333156,65,50000,0.0103552826863133,0.012352682738312273,32,50000,0.06738803685159972,0.06929231876596151,1196,50000,0.01788086961137308,0.019873709754570246,89,50000,0.026684770480086325,0.028669370788080323,192,50000,0.009048206756063586,0.011046166796862796,25,50000,0.06540313157298895,0.06731301337535335,1126,50000,0.042995341186683085,0.044956261968267554,488,50000,0.8939466666666667,0.9746985846999999,0.27837434895833335,0.3309306510368319,0.27963564469772334,False,/data/suehara/part/march/datasets/20250711_ilc_nnqq_sgv_10m_3cat_parquet,val50k_tail,,full_reference
42,42,0,,lr_14e-6,1.5360000000000002e-05,validation_total_reference_mistag_geomean_percent,0.3319200737935435,min,0.7992499982771304,0.7992499982771304,0.4517063081478347,0.2438994838014406,0.3319200737935435,,0.13200000225585942,0.064,2.3799999527893076,0.17599999828125001,0.3840000150000006,0.05,2.24000002734375,0.9679999905468751,0.01527044818788576,0.01726512829428365,66,50000,0.0103552826863133,0.012352682738312273,32,50000,0.06722038558307011,0.0691251474878321,1190,50000,0.017774964627493357,0.019767884769090572,88,50000,0.026684770480086325,0.028669370788080323,192,50000,0.009048206756063586,0.011046166796862796,25,50000,0.06522995927372398,0.06714032106648858,1120,50000,0.0428164433487024,0.04477768412388689,484,50000,0.89386,0.9746912439666667,0.27843470052083336,0.3309306510368319,0.2796245075826073,False,/data/suehara/part/march/datasets/20250711_ilc_nnqq_sgv_10m_3cat_parquet,val50k_tail,,full_reference
42,42,0,,lr_3e-6,2.88e-05,validation_total_reference_mistag_geomean_percent,0.3340376435818458,min,0.8049999781386767,0.8049999781386767,0.45416380225844616,0.245684809698277,0.3340376435818458,,0.13200000225585942,0.064,2.3959998910510305,0.18000000439453137,0.38600000777465837,0.05,2.253999920379489,0.9779999992538452,0.01527044818788576,0.01726512829428365,66,50000,0.0103552826863133,0.012352682738312273,32,50000,0.06744382019108416,0.06934794210864612,1198,50000,0.017986179985518026,0.019978940130315186,90,50000,0.026756420536738636,0.028740940846332497,193,50000,0.009048206756063586,0.011046166796862796,25,50000,0.06543194560921714,0.06734174741318127,1127,50000,0.04303994770673905,0.0450007884899236,489,50000,0.89384,0.974700572,0.27834897135416664,0.3309306510368319,0.2796460033016019,False,/data/suehara/part/march/datasets/20250711_ilc_nnqq_sgv_10m_3cat_parquet,val50k_tail,,full_reference
42,42,0,,lr_5_75e-6,1.9200000000000003e-05,validation_total_reference_mistag_geomean_percent,0.33222741581489834,min,0.8015000051738359,0.8015000051738359,0.45270729164776996,0.24381108467968515,0.33222741581489834,,0.12999999920654298,0.064,2.3860000167474364,0.1780000073876956,0.3840000150000006,0.05,2.2459999893759157,0.9740000136730959,0.015147327248533623,0.01714208735333156,65,50000,0.0103552826863133,0.012352682738312273,32,50000,0.06730426781710735,0.06920878972666925,1193,50000,0.01788086961137308,0.019873709754570246,89,50000,0.026684770480086325,0.028669370788080323,192,50000,0.009048206756063586,0.011046166796862796,25,50000,0.06531660726253087,0.06722672906009537,1123,50000,0.04295068763465349,0.04491168841463788,487,50000,0.8938933333333333,0.9746921420333333,0.27842555989583334,0.3309306510368319,0.27965159442002835,False,/data/suehara/part/march/datasets/20250711_ilc_nnqq_sgv_10m_3cat_parquet,val50k_tail,,full_reference
42,42,0,,lr_8_5e-6,3e-05,validation_total_reference_mistag_geomean_percent,0.33380755668474865,min,0.8067500127525331,0.8067500127525331,0.45433368570599403,0.2452547288601181,0.33380755668474865,,0.13200000225585942,0.064,2.4060000212933352,0.1780000073876956,0.38600000777465837,0.05,2.2620000490118417,0.9760000142968752,0.01527044818788576,0.01726512829428365,66,50000,0.0103552826863133,0.012352682738312273,32,50000,0.0675830600388904,0.06948678196445242,1203,50000,0.01788086961137308,0.019873709754570246,89,50000,0.026756420536738636,0.028740940846332497,193,50000,0.009048206756063586,0.011046166796862796,25,50000,0.06554706522534509,0.06745654703570955,1131,50000,0.042995341186683085,0.044956261968267554,488,50000,0.8938333333333334,0.9747073278666666,0.278311875,0.3309306510368319,0.2795859038702201,False,/data/suehara/part/march/datasets/20250711_ilc_nnqq_sgv_10m_3cat_parquet,val50k_tail,,full_reference
43,43,0,,lr_11_25e-6,2.4e-05,validation_total_reference_mistag_geomean_percent,0.3344495724440718,min,0.8082499989840127,0.8082499989840127,0.4511976101949169,0.24791025923142748,0.3344495724440718,,0.13200000225585942,0.064,2.4299999842414857,0.18399999640625006,0.3780000029992676,0.05,2.2560000302929692,0.9719999756762702,0.01527044818788576,0.01726512829428365,66,50000,0.0103552826863133,0.012352682738312273,32,50000,0.06791597188520564,0.06981873382996724,1215,50000,0.018195055988739096,0.02018765613673616,92,50000,0.026468682433917427,0.028453522737111436,189,50000,0.009048206756063586,0.011046166796862796,25,50000,0.06546074597483416,0.06737046778039872,1128,50000,0.04290598690721674,0.04486706768560139,486,50000,0.89406,0.9747020153333333,0.27835983072916665,0.3309306510368319,0.2798999668444906,False,/data/suehara/part/march/datasets/20250711_ilc_nnqq_sgv_10m_3cat_parquet,val50k_tail,,full_reference
43,43,0,,lr_14e-6,1.5360000000000002e-05,validation_total_reference_mistag_geomean_percent,0.33346100607369655,min,0.8032500079559332,0.8032500079559332,0.44983571077280754,0.24719300826661644,0.33346100607369655,,0.13200000225585942,0.064,2.402000005131226,0.18399999640625006,0.3759999834765632,0.05,2.250000085830692,0.9679999905468751,0.01527044818788576,0.01726512829428365,66,50000,0.0103552826863133,0.012352682738312273,32,50000,0.06752740148097888,0.06943128340334073,1201,50000,0.018195055988739096,0.02018765613673616,92,50000,0.026396268808411394,0.028381189110005457,188,50000,0.009048206756063586,0.011046166796862796,25,50000,0.06537430384835896,0.06728426564912293,1125,50000,0.0428164433487024,0.04477768412388689,484,50000,0.8940933333333333,0.9746872022666667,0.2784759375,0.3309306510368319,0.2799331948161125,False,/data/suehara/part/march/datasets/20250711_ilc_nnqq_sgv_10m_3cat_parquet,val50k_tail,,full_reference
43,43,0,,lr_3e-6,1.2288000000000002e-05,validation_total_reference_mistag_geomean_percent,0.33333534003635445,min,0.8027499831887442,0.8027499831887442,0.44940321683630413,0.24724444497606912,0.33333534003635445,,0.13200000225585942,0.064,2.4039998925213673,0.18399999640625006,0.3759999834765632,0.05,2.2459999893759157,0.966000001473999,0.01527044818788576,0.01726512829428365,66,50000,0.0103552826863133,0.012352682738312273,32,50000,0.06755523698002315,0.06945903890398474,1202,50000,0.018195055988739096,0.02018765613673616,92,50000,0.026396268808411394,0.028381189110005457,188,50000,0.009048206756063586,0.011046166796862796,25,50000,0.06531660726253087,0.06722672906009537,1123,50000,0.042771600227054125,0.04473292100063888,483,50000,0.8941133333333333,0.9746859169333334,0.27848591145833335,0.3309306510368319,0.2799118195332232,False,/data/suehara/part/march/datasets/20250711_ilc_nnqq_sgv_10m_3cat_parquet,val50k_tail,,full_reference
43,43,0,,lr_5_75e-6,1.9200000000000003e-05,validation_total_reference_mistag_geomean_percent,0.3338087054842054,min,0.8050000138771828,0.8050000138771828,0.4503997292089635,0.24739857648836128,0.3338087054842054,,0.13200000225585942,0.064,2.4100000882568393,0.18399999640625006,0.3759999834765632,0.05,2.2520000649456806,0.9719999756762702,0.01527044818788576,0.01726512829428365,66,50000,0.0103552826863133,0.012352682738312273,32,50000,0.06763866889655593,0.06954223082531741,1205,50000,0.018195055988739096,0.02018765613673616,92,50000,0.026396268808411394,0.028381189110005457,188,50000,0.009048206756063586,0.011046166796862796,25,50000,0.06540313157298895,0.06731301337535335,1126,50000,0.04290598690721674,0.04486706768560139,486,50000,0.8941266666666666,0.9746925331666666,0.27842475260416666,0.3309306510368319,0.2799412686413243,False,/data/suehara/part/march/datasets/20250711_ilc_nnqq_sgv_10m_3cat_parquet,val50k_tail,,full_reference
43,43,0,,lr_8_5e-6,3e-05,validation_total_reference_mistag_geomean_percent,0.33310937213806874,min,0.8065000183715066,0.8065000183715066,0.4515928551093726,0.24571215543112213,0.33310937213806874,,0.13200000225585942,0.064,2.4240001013452193,0.1780000073876956,0.37999999536132817,0.05,2.2520000649456806,0.9719999756762702,0.01527044818788576,0.01726512829428365,66,50000,0.0103552826863133,0.012352682738312273,32,50000,0.06783291024577663,0.06973591218573834,1212,50000,0.01788086961137308,0.019873709754570246,89,50000,0.026540902914279046,0.02852566321907301,190,50000,0.009048206756063586,0.011046166796862796,25,50000,0.06540313157298895,0.06731301337535335,1126,50000,0.04290598690721674,0.04486706768560139,486,50000,0.8940533333333334,0.9747136885333333,0.2782845052083333,0.3309306510368319,0.2798193209440935,False,/data/suehara/part/march/datasets/20250711_ilc_nnqq_sgv_10m_3cat_parquet,val50k_tail,,full_reference
44,44,0,,lr_11_25e-6,2.4e-05,validation_total_reference_mistag_geomean_percent,0.3357565621762832,min,0.8127500086534123,0.8127500086534123,0.452652527439866,0.2490485796733182,0.3357565621762832,,0.13399999640136728,0.064,2.438000003720093,0.18399999640625006,0.3759999834765632,0.05,2.2740000763366726,0.9820000128863527,0.015392639991259324,0.01738724009925721,67,50000,0.0103552826863133,0.012352682738312273,32,50000,0.06802654936229544,0.06992899131345667,1219,50000,0.018195055988739096,0.02018765613673616,92,50000,0.026396268808411394,0.028381189110005457,188,50000,0.009048206756063586,0.011046166796862796,25,50000,0.06571933700411543,0.06762833882407969,1137,50000,0.04312902022101297,0.045089701007397336,491,50000,0.8940933333333333,0.9747027369666666,0.2784098046875,0.3309306510368319,0.27970774945533033,False,/data/suehara/part/march/datasets/20250711_ilc_nnqq_sgv_10m_3cat_parquet,val50k_tail,,full_reference
44,44,0,,lr_14e-6,1.5360000000000002e-05,validation_total_reference_mistag_geomean_percent,0.3351411595248853,min,0.8097499923335651,0.8097499923335651,0.4532521841156611,0.24780817554543297,0.3351411595248853,,0.13200000225585942,0.064,2.4259999855630494,0.18399999640625006,0.38200002098388786,0.05,2.2639999191626003,0.9760000142968752,0.01527044818788576,0.01726512829428365,66,50000,0.0103552826863133,0.012352682738312273,32,50000,0.06786060972951875,0.0697635316710802,1213,50000,0.018195055988739096,0.02018765613673616,92,50000,0.02661293176456675,0.02859761207096071,191,50000,0.009048206756063586,0.011046166796862796,25,50000,0.06557581108564796,0.06748521289761215,1132,50000,0.042995341186683085,0.044956261968267554,488,50000,0.8940866666666667,0.9746881517333333,0.27851389322916664,0.3309306510368319,0.2797807536200079,False,/data/suehara/part/march/datasets/20250711_ilc_nnqq_sgv_10m_3cat_parquet,val50k_tail,,full_reference
44,44,0,,lr_3e-6,1.2288000000000002e-05,validation_total_reference_mistag_geomean_percent,0.33461104746233566,min,0.8067499929649168,0.8067499929649168,0.4522862504860605,0.24755241390494626,0.33461104746233566,,0.13200000225585942,0.064,2.4160000280175784,0.18399999640625006,0.38200002098388786,0.05,2.253999920379489,0.9719999756762702,0.01527044818788576,0.01726512829428365,66,50000,0.0103552826863133,0.012352682738312273,32,50000,0.06772198925879096,0.06962531119235234,1208,50000,0.018195055988739096,0.02018765613673616,92,50000,0.02661293176456675,0.02859761207096071,191,50000,0.009048206756063586,0.011046166796862796,25,50000,0.06543194560921714,0.06734174741318127,1127,50000,0.04290598690721674,0.04486706768560139,486,50000,0.8941066666666667,0.9746869535333333,0.2785226041666667,0.3309306510368319,0.27977348332147495,False,/data/suehara/part/march/datasets/20250711_ilc_nnqq_sgv_10m_3cat_parquet,val50k_tail,,full_reference
44,44,0,,lr_5_75e-6,1.9200000000000003e-05,validation_total_reference_mistag_geomean_percent,0.3356425730942583,min,0.8112500071765519,0.8112500071765519,0.4532890164378648,0.24853003886710545,0.3356425730942583,,0.13200000225585942,0.064,2.4280000240814212,0.186000003178711,0.37999999536132817,0.05,2.2720000332812504,0.9779999992538452,0.01527044818788576,0.01726512829428365,66,50000,0.0103552826863133,0.012352682738312273,32,50000,0.06788829693773375,0.06979113888089493,1214,50000,0.018298640498242997,0.020291160647840055,93,50000,0.026540902914279046,0.02852566321907301,190,50000,0.009048206756063586,0.011046166796862796,25,50000,0.06569065887982901,0.06759974069819284,1136,50000,0.04303994770673905,0.0450007884899236,489,50000,0.8940866666666667,0.9746946344333333,0.27845141927083333,0.3309306510368319,0.2797701512913316,False,/data/suehara/part/march/datasets/20250711_ilc_nnqq_sgv_10m_3cat_parquet,val50k_tail,,full_reference
44,44,0,,lr_8_5e-6,3e-05,validation_total_reference_mistag_geomean_percent,0.33573712094237396,min,0.8137499865940098,0.8137499865940098,0.4531892246837435,0.24872483333498294,0.33573712094237396,,0.13399999640136728,0.064,2.4519999386401383,0.18199999600097666,0.37999999536132817,0.05,2.2699999670944218,0.9779999992538452,0.015392639991259324,0.01738724009925721,67,50000,0.0103552826863133,0.012352682738312273,32,50000,0.06821959129655122,0.07012147325891269,1226,50000,0.018090905588142768,0.020083585734539902,91,50000,0.026540902914279046,0.02852566321907301,190,50000,0.009048206756063586,0.011046166796862796,25,50000,0.06566196724330023,0.06757112906006432,1135,50000,0.04303994770673905,0.0450007884899236,489,50000,0.89414,0.9747186133333333,0.2783252864583333,0.3309306510368319,0.27960261635159606,False,/data/suehara/part/march/datasets/20250711_ilc_nnqq_sgv_10m_3cat_parquet,val50k_tail,,full_reference
45,45,0,,lr_11_25e-6,2.4e-05,validation_total_reference_mistag_geomean_percent,0.33215578172459437,min,0.8035000017777258,0.8035000017777258,0.45102734256706856,0.24461369172240482,0.33215578172459437,,0.13200000225585942,0.064,2.407999941945802,0.17599999828125001,0.37999999536132817,0.05,2.250000085830692,0.9679999905468751,0.01527044818788576,0.01726512829428365,66,50000,0.0103552826863133,0.012352682738312273,32,50000,0.06761087067270397,0.06951451259986571,1204,50000,0.017774964627493357,0.019767884769090572,88,50000,0.026540902914279046,0.02852566321907301,190,50000,0.009048206756063586,0.011046166796862796,25,50000,0.06537430384835896,0.06728426564912293,1125,50000,0.0428164433487024,0.04477768412388689,484,50000,0.89402,0.9747309622333334,0.2782205078125,0.3309306510368319,0.27967712952339796,False,/data/suehara/part/march/datasets/20250711_ilc_nnqq_sgv_10m_3cat_parquet,val50k_tail,,full_reference
45,45,0,,lr_14e-6,1.5360000000000002e-05,validation_total_reference_mistag_geomean_percent,0.33351198617218347,min,0.8052500010053832,0.8052500010053832,0.4514528359308733,0.24638286896827988,0.33351198617218347,,0.13399999640136728,0.064,2.4139999176744107,0.1780000073876956,0.38200002098388786,0.05,2.2560000302929692,0.9640000353027357,0.015392639991259324,0.01738724009925721,67,50000,0.0103552826863133,0.012352682738312273,32,50000,0.06769422817458522,0.06959763010654686,1207,50000,0.01788086961137308,0.019873709754570246,89,50000,0.02661293176456675,0.02859761207096071,191,50000,0.009048206756063586,0.011046166796862796,25,50000,0.06546074597483416,0.06737046778039872,1128,50000,0.042726709348848285,0.04468811012083296,482,50000,0.8939933333333333,0.9747147241666667,0.2783284114583333,0.3309306510368319,0.2797937629040823,False,/data/suehara/part/march/datasets/20250711_ilc_nnqq_sgv_10m_3cat_parquet,val50k_tail,,full_reference
45,45,0,,lr_3e-6,1.2288000000000002e-05,validation_total_reference_mistag_geomean_percent,0.3334102619046628,min,0.8039999935793881,0.8039999935793881,0.452176582606009,0.24583847775282508,0.3334102619046628,,0.13200000225585942,0.064,2.402000005131226,0.18000000439453137,0.3840000150000006,0.05,2.253999920379489,0.966000001473999,0.01527044818788576,0.01726512829428365,66,50000,0.0103552826863133,0.012352682738312273,32,50000,0.06752740148097888,0.06943128340334073,1201,50000,0.017986179985518026,0.019978940130315186,90,50000,0.026684770480086325,0.028669370788080323,192,50000,0.009048206756063586,0.011046166796862796,25,50000,0.06543194560921714,0.06734174741318127,1127,50000,0.042771600227054125,0.04473292100063888,483,50000,0.89404,0.9747111341333333,0.278345078125,0.3309306510368319,0.27980249964204096,False,/data/suehara/part/march/datasets/20250711_ilc_nnqq_sgv_10m_3cat_parquet,val50k_tail,,full_reference
45,45,0,,lr_5_75e-6,1.9200000000000003e-05,validation_total_reference_mistag_geomean_percent,0.3335959475771699,min,0.8054999968305021,0.8054999968305021,0.45158665935481745,0.24643388801366442,0.3335959475771699,,0.13399999640136728,0.064,2.4160000280175784,0.1780000073876956,0.38200002098388786,0.05,2.253999920379489,0.966000001473999,0.015392639991259324,0.01738724009925721,67,50000,0.0103552826863133,0.012352682738312273,32,50000,0.06772198925879096,0.06962531119235234,1208,50000,0.01788086961137308,0.019873709754570246,89,50000,0.02661293176456675,0.02859761207096071,191,50000,0.009048206756063586,0.011046166796862796,25,50000,0.06543194560921714,0.06734174741318127,1127,50000,0.042771600227054125,0.04473292100063888,483,50000,0.8939866666666667,0.9747212208999999,0.27828884114583335,0.3309306510368319,0.2797639720517607,False,/data/suehara/part/march/datasets/20250711_ilc_nnqq_sgv_10m_3cat_parquet,val50k_tail,,full_reference
45,45,0,,lr_8_5e-6,3e-05,validation_total_reference_mistag_geomean_percent,0.3318994719493359,min,0.8019999941711434,0.8019999941711434,0.45089433651406324,0.24430836796907124,0.3318994719493359,,0.13200000225585942,0.064,2.3959998910510305,0.17599999828125001,0.37999999536132817,0.05,2.2520000649456806,0.966000001473999,0.01527044818788576,0.01726512829428365,66,50000,0.0103552826863133,0.012352682738312273,32,50000,0.06744382019108416,0.06934794210864612,1198,50000,0.017774964627493357,0.019767884769090572,88,50000,0.026540902914279046,0.02852566321907301,190,50000,0.009048206756063586,0.011046166796862796,25,50000,0.06540313157298895,0.06731301337535335,1126,50000,0.042771600227054125,0.04473292100063888,483,50000,0.8940933333333333,0.9747443222,0.2781572265625,0.3309306510368319,0.27954014714676123,False,/data/suehara/part/march/datasets/20250711_ilc_nnqq_sgv_10m_3cat_parquet,val50k_tail,,full_reference
46,46,0,,lr_11_25e-6,2.4e-05,validation_total_reference_mistag_geomean_percent,0.3312031058068357,min,0.8005000118753247,0.8005000118753247,0.44853697581224417,0.24456288603063153,0.3312031058068357,,0.13200000225585942,0.064,2.4060000212933352,0.17599999828125001,0.3759999834765632,0.05,2.238000087934116,0.9620000017614746,0.01527044818788576,0.01726512829428365,66,50000,0.0103552826863133,0.012352682738312273,32,50000,0.0675830600388904,0.06948678196445242,1203,50000,0.017774964627493357,0.019767884769090572,88,50000,0.026396268808411394,0.028381189110005457,188,50000,0.009048206756063586,0.011046166796862796,25,50000,0.0652010490428543,0.06711149083401848,1119,50000,0.04268177056691545,0.044643251337300044,481,50000,0.8942266666666666,0.9747415801333333,0.2781433203125,0.3309306510368319,0.27950610561415085,False,/data/suehara/part/march/datasets/20250711_ilc_nnqq_sgv_10m_3cat_parquet,val50k_tail,,full_reference
46,46,0,,lr_14e-6,1.5360000000000002e-05,validation_total_reference_mistag_geomean_percent,0.33263790523969755,min,0.8032500075640872,0.8032500075640872,0.4506877534545712,0.24550916938418035,0.33263790523969755,,0.13200000225585942,0.064,2.4160000280175784,0.1780000073876956,0.37999999536132817,0.05,2.234000051813966,0.9719999756762702,0.01527044818788576,0.01726512829428365,66,50000,0.0103552826863133,0.012352682738312273,32,50000,0.06772198925879096,0.06962531119235234,1208,50000,0.01788086961137308,0.019873709754570246,89,50000,0.026540902914279046,0.02852566321907301,190,50000,0.009048206756063586,0.011046166796862796,25,50000,0.06514318712085576,0.06705378890882047,1117,50000,0.04290598690721674,0.04486706768560139,486,50000,0.8941466666666666,0.9747193046333334,0.27828733072916667,0.3309306510368319,0.27966525032052986,False,/data/suehara/part/march/datasets/20250711_ilc_nnqq_sgv_10m_3cat_parquet,val50k_tail,,full_reference
46,46,0,,lr_3e-6,1.2288000000000002e-05,validation_total_reference_mistag_geomean_percent,0.332907433015857,min,0.8032500140406995,0.8032500140406995,0.4516054501280343,0.24540748772138765,0.332907433015857,,0.13200000225585942,0.064,2.4120000092010496,0.1780000073876956,0.3840000150000006,0.05,2.238000087934116,0.9679999905468751,0.01527044818788576,0.01726512829428365,66,50000,0.0103552826863133,0.012352682738312273,32,50000,0.06766645472550611,0.06956993665586803,1206,50000,0.01788086961137308,0.019873709754570246,89,50000,0.026684770480086325,0.028669370788080323,192,50000,0.009048206756063586,0.011046166796862796,25,50000,0.0652010490428543,0.06711149083401848,1119,50000,0.0428164433487024,0.04477768412388689,484,50000,0.89412,0.9747131165333333,0.27832270833333334,0.3309306510368319,0.2796895012585579,False,/data/suehara/part/march/datasets/20250711_ilc_nnqq_sgv_10m_3cat_parquet,val50k_tail,,full_reference
46,46,0,,lr_5_75e-6,1.9200000000000003e-05,validation_total_reference_mistag_geomean_percent,0.3325608096764504,min,0.8037500067242432,0.8037500067242432,0.44992122640432824,0.24581345720565526,0.3325608096764504,,0.13200000225585942,0.064,2.4280000240814212,0.1780000073876956,0.3780000029992676,0.05,2.2260000033966065,0.9740000136730959,0.01527044818788576,0.01726512829428365,66,50000,0.0103552826863133,0.012352682738312273,32,50000,0.06788829693773375,0.06979113888089493,1214,50000,0.01788086961137308,0.019873709754570246,89,50000,0.026468682433917427,0.028453522737111436,189,50000,0.009048206756063586,0.011046166796862796,25,50000,0.06502729692734292,0.0669382187089073,1113,50000,0.04295068763465349,0.04491168841463788,487,50000,0.89414,0.9747281883666666,0.2782228125,0.3309306510368319,0.27961544994509413,False,/data/suehara/part/march/datasets/20250711_ilc_nnqq_sgv_10m_3cat_parquet,val50k_tail,,full_reference
46,46,0,,lr_8_5e-6,3e-05,validation_total_reference_mistag_geomean_percent,0.33207325411337546,min,0.8015000065058906,0.8015000065058906,0.4508032453988194,0.24461369172240482,0.33207325411337546,,0.13200000225585942,0.064,2.407999941945802,0.17599999828125001,0.3840000150000006,0.05,2.236000092802738,0.9620000017614746,0.01527044818788576,0.01726512829428365,66,50000,0.0103552826863133,0.012352682738312273,32,50000,0.06761087067270397,0.06951451259986571,1204,50000,0.017774964627493357,0.019767884769090572,88,50000,0.026684770480086325,0.028669370788080323,192,50000,0.009048206756063586,0.011046166796862796,25,50000,0.06517212499793437,0.06708264678749881,1118,50000,0.04268177056691545,0.044643251337300044,481,50000,0.8943133333333333,0.9747572399000001,0.27805845052083333,0.3309306510368319,0.2793428783227896,False,/data/suehara/part/march/datasets/20250711_ilc_nnqq_sgv_10m_3cat_parquet,val50k_tail,,full_reference
47,47,0,,lr_11_25e-6,2.4e-05,validation_total_reference_mistag_geomean_percent,0.33294663469418634,min,0.8002499856376657,0.8002499856376657,0.45071367218067204,0.24595096265406274,0.33294663469418634,,0.12999999920654298,0.06600000112792971,2.3959998910510305,0.1780000073876956,0.38200002098388786,0.05,2.231999974797364,0.9679999905468751,0.015147327248533623,0.01714208735333156,65,50000,0.010529894247015226,0.01252721430061417,33,50000,0.06744382019108416,0.06934794210864612,1198,50000,0.01788086961137308,0.019873709754570246,89,50000,0.02661293176456675,0.02859761207096071,191,50000,0.009048206756063586,0.011046166796862796,25,50000,0.06511423539346806,0.06702491717983233,1116,50000,0.0428164433487024,0.04477768412388689,484,50000,0.8941666666666667,0.9747518245999999,0.278138046875,0.3309306510368319,0.27942720718011577,False,/data/suehara/part/march/datasets/20250711_ilc_nnqq_sgv_10m_3cat_parquet,val50k_tail,,full_reference
47,47,0,,lr_14e-6,1.5360000000000002e-05,validation_total_reference_mistag_geomean_percent,0.3321970451174087,min,0.8010000086117752,0.8010000086117752,0.450984417289446,0.24469776017540515,0.3321970451174087,,0.12999999920654298,0.064,2.3939999499545297,0.18000000439453137,0.38200002098388786,0.05,2.2420000928807107,0.966000001473999,0.015147327248533623,0.01714208735333156,65,50000,0.0103552826863133,0.012352682738312273,32,50000,0.0674159347794738,0.06932013669543602,1197,50000,0.017986179985518026,0.019978940130315186,90,50000,0.02661293176456675,0.02859761207096071,191,50000,0.009048206756063586,0.011046166796862796,25,50000,0.06525885570861437,0.0671691375029787,1121,50000,0.042771600227054125,0.04473292100063888,483,50000,0.8941,0.9747280088333333,0.2782616015625,0.3309306510368319,0.27962476145591353,False,/data/suehara/part/march/datasets/20250711_ilc_nnqq_sgv_10m_3cat_parquet,val50k_tail,,full_reference
47,47,0,,lr_3e-6,1.2288000000000002e-05,validation_total_reference_mistag_geomean_percent,0.333319222918169,min,0.8037500205096442,0.8037500205096442,0.4517417266998432,0.24594076172333054,0.333319222918169,,0.13200000225585942,0.064,2.4060000212933352,0.18000000439453137,0.3840000150000006,0.05,2.250000085830692,0.9640000353027357,0.01527044818788576,0.01726512829428365,66,50000,0.0103552826863133,0.012352682738312273,32,50000,0.0675830600388904,0.06948678196445242,1203,50000,0.017986179985518026,0.019978940130315186,90,50000,0.026684770480086325,0.028669370788080323,192,50000,0.009048206756063586,0.011046166796862796,25,50000,0.06537430384835896,0.06728426564912293,1125,50000,0.042726709348848285,0.04468811012083296,482,50000,0.89408,0.9747211413333333,0.27829442708333335,0.3309306510368319,0.27966392980706745,False,/data/suehara/part/march/datasets/20250711_ilc_nnqq_sgv_10m_3cat_parquet,val50k_tail,,full_reference
47,47,0,,lr_5_75e-6,1.9200000000000003e-05,validation_total_reference_mistag_geomean_percent,0.33243131551633165,min,0.8027500045670137,0.8027500045670137,0.4506823849259784,0.24520723070654177,0.33243131551633165,,0.12999999920654298,0.064,2.4139999176744107,0.18000000439453137,0.38200002098388786,0.05,2.236000092802738,0.966000001473999,0.015147327248533623,0.01714208735333156,65,50000,0.0103552826863133,0.012352682738312273,32,50000,0.06769422817458522,0.06959763010654686,1207,50000,0.017986179985518026,0.019978940130315186,90,50000,0.02661293176456675,0.02859761207096071,191,50000,0.009048206756063586,0.011046166796862796,25,50000,0.06517212499793437,0.06708264678749881,1118,50000,0.042771600227054125,0.04473292100063888,483,50000,0.8941733333333334,0.9747380221666667,0.278214609375,0.3309306510368319,0.2795578044959331,False,/data/suehara/part/march/datasets/20250711_ilc_nnqq_sgv_10m_3cat_parquet,val50k_tail,,full_reference
47,47,0,,lr_8_5e-6,3e-05,validation_total_reference_mistag_geomean_percent,0.3342843330738202,min,0.8059999882761386,0.8059999882761386,0.4513921881172647,0.2475585937911244,0.3342843330738202,,0.13200000225585942,0.06600000112792971,2.4219999312603777,0.1780000073876956,0.37999999536132817,0.05,2.2479999931396484,0.9719999756762702,0.01527044818788576,0.01726512829428365,66,50000,0.010529894247015226,0.01252721430061417,33,50000,0.06780519847169354,0.06970828041005482,1211,50000,0.01788086961137308,0.019873709754570246,89,50000,0.026540902914279046,0.02852566321907301,190,50000,0.009048206756063586,0.011046166796862796,25,50000,0.0653454624174963,0.06725550421666053,1124,50000,0.04290598690721674,0.04486706768560139,486,50000,0.89412,0.9747706668333334,0.278043984375,0.3309306510368319,0.2792395974896398,False,/data/suehara/part/march/datasets/20250711_ilc_nnqq_sgv_10m_3cat_parquet,val50k_tail,,full_reference
48,48,0,,lr_11_25e-6,2.4e-05,validation_total_reference_mistag_geomean_percent,0.33394332743927513,min,0.8042499975889592,0.8042499975889592,0.4523405343330141,0.24653582307331984,0.33394332743927513,,0.13399999640136728,0.064,2.4199999316864034,0.1780000073876956,0.38799999194824236,0.05,2.234000051813966,0.966000001473999,0.015392639991259324,0.01738724009925721,67,50000,0.0103552826863133,0.012352682738312273,32,50000,0.06777747439242338,0.06968063632918492,1210,50000,0.01788086961137308,0.019873709754570246,89,50000,0.02682788339137001,0.028812323702563862,194,50000,0.009048206756063586,0.011046166796862796,25,50000,0.06514318712085576,0.06705378890882047,1117,50000,0.042771600227054125,0.04473292100063888,483,50000,0.8941066666666667,0.9747425024999999,0.278180390625,0.3309306510368319,0.27936524519433525,False,/data/suehara/part/march/datasets/20250711_ilc_nnqq_sgv_10m_3cat_parquet,val50k_tail,,full_reference
48,48,0,,lr_14e-6,1.5360000000000002e-05,validation_total_reference_mistag_geomean_percent,0.33627324511305556,min,0.8062500200190744,0.8062500200190744,0.4541307786940332,0.2490024915379093,0.33627324511305556,,0.13399999640136728,0.064,2.4100000882568393,0.186000003178711,0.39000001309204146,0.05,2.2440000835473666,0.9719999756762702,0.015392639991259324,0.01738724009925721,67,50000,0.0103552826863133,0.012352682738312273,32,50000,0.06763866889655593,0.06954223082531741,1205,50000,0.018298640498242997,0.020291160647840055,93,50000,0.026899160482115422,0.028883520794909055,195,50000,0.009048206756063586,0.011046166796862796,25,50000,0.0652877383655534,0.06719794016151748,1122,50000,0.04290598690721674,0.04486706768560139,486,50000,0.8942,0.974717988,0.2783073046875,0.3309306510368319,0.27960538589659334,False,/data/suehara/part/march/datasets/20250711_ilc_nnqq_sgv_10m_3cat_parquet,val50k_tail,,full_reference
48,48,0,,lr_3e-6,1.2288000000000002e-05,validation_total_reference_mistag_geomean_percent,0.33622153927014164,min,0.8062500160452657,0.8062500160452657,0.45389699738132716,0.24905413369415239,0.33622153927014164,,0.13399999640136728,0.064,2.4120000092010496,0.186000003178711,0.39000001309204146,0.05,2.2440000835473666,0.9700000229415899,0.015392639991259324,0.01738724009925721,67,50000,0.0103552826863133,0.012352682738312273,32,50000,0.06766645472550611,0.06956993665586803,1206,50000,0.018298640498242997,0.020291160647840055,93,50000,0.026899160482115422,0.028883520794909055,195,50000,0.009048206756063586,0.011046166796862796,25,50000,0.0652877383655534,0.06719794016151748,1122,50000,0.042861238860203606,0.044822399636988176,485,50000,0.8941533333333334,0.9747129295666666,0.27833391927083334,0.3309306510368319,0.2796601137977053,False,/data/suehara/part/march/datasets/20250711_ilc_nnqq_sgv_10m_3cat_parquet,val50k_tail,,full_reference
48,48,0,,lr_5_75e-6,1.9200000000000003e-05,validation_total_reference_mistag_geomean_percent,0.3341166113901259,min,0.803250006400223,0.803250006400223,0.45237176170718124,0.24677470933537327,0.3341166113901259,,0.13200000225585942,0.064,2.4120000092010496,0.18199999600097666,0.38799999194824236,0.05,2.230000061248781,0.9679999905468751,0.01527044818788576,0.01726512829428365,66,50000,0.0103552826863133,0.012352682738312273,32,50000,0.06766645472550611,0.06956993665586803,1206,50000,0.018090905588142768,0.020083585734539902,91,50000,0.02682788339137001,0.028812323702563862,194,50000,0.009048206756063586,0.011046166796862796,25,50000,0.0650852697975806,0.06699603158234514,1115,50000,0.0428164433487024,0.04477768412388689,484,50000,0.8941733333333334,0.9747269105666666,0.2782682421875,0.3309306510368319,0.27951789595211535,False,/data/suehara/part/march/datasets/20250711_ilc_nnqq_sgv_10m_3cat_parquet,val50k_tail,,full_reference
48,48,0,,lr_8_5e-6,1.8432000000000002e-05,validation_total_reference_mistag_geomean_percent,0.3353698962391034,min,0.804500004697171,0.804500004697171,0.4530106281478373,0.24827887099090776,0.3353698962391034,,0.13399999640136728,0.064,2.407999941945802,0.18399999640625006,0.38799999194824236,0.05,2.238000087934116,0.9700000229415899,0.015392639991259324,0.01738724009925721,67,50000,0.0103552826863133,0.012352682738312273,32,50000,0.06761087067270397,0.06951451259986571,1204,50000,0.018195055988739096,0.02018765613673616,92,50000,0.02682788339137001,0.028812323702563862,194,50000,0.009048206756063586,0.011046166796862796,25,50000,0.0652010490428543,0.06711149083401848,1119,50000,0.042861238860203606,0.044822399636988176,485,50000,0.8941666666666667,0.9747200641333333,0.27829904947916667,0.3309306510368319,0.27962763742257846,False,/data/suehara/part/march/datasets/20250711_ilc_nnqq_sgv_10m_3cat_parquet,val50k_tail,,full_reference
49,49,0,,lr_11_25e-6,2.4e-05,validation_total_reference_mistag_geomean_percent,0.334183525689354,min,0.8024999907430276,0.8024999907430276,0.4507013540868871,0.2477885363100939,0.334183525689354,,0.13200000225585942,0.06600000112792971,2.4039998925213673,0.18000000439453137,0.3840000150000006,0.05,2.2479999931396484,0.9560000175048832,0.01527044818788576,0.01726512829428365,66,50000,0.010529894247015226,0.01252721430061417,33,50000,0.06755523698002315,0.06945903890398474,1202,50000,0.017986179985518026,0.019978940130315186,90,50000,0.026684770480086325,0.028669370788080323,192,50000,0.009048206756063586,0.011046166796862796,25,50000,0.0653454624174963,0.06725550421666053,1124,50000,0.04254666531557927,0.04450838608116396,478,50000,0.8940866666666667,0.9747731858999998,0.27798240885416664,0.3309306510368319,0.2789086892662107,False,/data/suehara/part/march/datasets/20250711_ilc_nnqq_sgv_10m_3cat_parquet,val50k_tail,,full_reference
49,49,0,,lr_14e-6,2.88e-05,validation_total_reference_mistag_geomean_percent,0.3348176885958377,min,0.8037499926517301,0.8037499926517301,0.4502483850721299,0.24898009257423642,0.3348176885958377,,0.13399999640136728,0.06600000112792971,2.4139999176744107,0.18000000439453137,0.38200002098388786,0.05,2.2459999893759157,0.9580000112557985,0.015392639991259324,0.01738724009925721,67,50000,0.010529894247015226,0.01252721430061417,33,50000,0.06769422817458522,0.06959763010654686,1207,50000,0.017986179985518026,0.019978940130315186,90,50000,0.02661293176456675,0.02859761207096071,191,50000,0.009048206756063586,0.011046166796862796,25,50000,0.06531660726253087,0.06722672906009537,1123,50000,0.042591748699369845,0.04455338946655462,479,50000,0.8940933333333333,0.9747758144666667,0.27795829427083335,0.3309306510368319,0.27894547642638406,False,/data/suehara/part/march/datasets/20250711_ilc_nnqq_sgv_10m_3cat_parquet,val50k_tail,,full_reference
49,49,0,,lr_3e-6,1.2288000000000002e-05,validation_total_reference_mistag_geomean_percent,0.3343890584466984,min,0.8007500075653273,0.8007500075653273,0.45218386314984754,0.24728003699640028,0.3343890584466984,,0.13599999800781254,0.06600000112792971,2.3939999499545297,0.17399999915039063,0.39000001309204146,0.05,2.238000087934116,0.9580000112557985,0.015513923280260607,0.017508443389858443,68,50000,0.010529894247015226,0.01252721430061417,33,50000,0.0674159347794738,0.06932013669543602,1197,50000,0.01766845491625471,0.01966145505625193,87,50000,0.026899160482115422,0.028883520794909055,195,50000,0.009048206756063586,0.011046166796862796,25,50000,0.0652010490428543,0.06711149083401848,1119,50000,0.042591748699369845,0.04455338946655462,479,50000,0.8940933333333333,0.9747314095666667,0.27822889322916666,0.3309306510368319,0.2792600789289039,False,/data/suehara/part/march/datasets/20250711_ilc_nnqq_sgv_10m_3cat_parquet,val50k_tail,,full_reference
49,49,0,,lr_5_75e-6,1.9200000000000003e-05,validation_total_reference_mistag_geomean_percent,0.33312501831642827,min,0.8017500157701689,0.8017500157701689,0.45156867942196177,0.24574839417643543,0.33312501831642827,,0.13200000225585942,0.06600000112792971,2.4060000212933352,0.17399999915039063,0.38799999194824236,0.05,2.2420000928807107,0.9560000175048832,0.01527044818788576,0.01726512829428365,66,50000,0.010529894247015226,0.01252721430061417,33,50000,0.0675830600388904,0.06948678196445242,1203,50000,0.01766845491625471,0.01966145505625193,87,50000,0.02682788339137001,0.028812323702563862,194,50000,0.009048206756063586,0.011046166796862796,25,50000,0.06525885570861437,0.0671691375029787,1121,50000,0.04254666531557927,0.04450838608116396,478,50000,0.8941,0.9747553643666667,0.2780881901041667,0.3309306510368319,0.27908453455887783,False,/data/suehara/part/march/datasets/20250711_ilc_nnqq_sgv_10m_3cat_parquet,val50k_tail,,full_reference
49,49,0,,lr_8_5e-6,1.8432000000000002e-05,validation_total_reference_mistag_geomean_percent,0.3330581809576899,min,0.8012500027865609,0.8012500027865609,0.45166935194055596,0.24559503855254822,0.3330581809576899,,0.13200000225585942,0.06600000112792971,2.3999999267578147,0.17399999915039063,0.38799999194824236,0.05,2.2440000835473666,0.9560000175048832,0.01527044818788576,0.01726512829428365,66,50000,0.010529894247015226,0.01252721430061417,33,50000,0.0674995535266034,0.06940351544736552,1200,50000,0.01766845491625471,0.01966145505625193,87,50000,0.02682788339137001,0.028812323702563862,194,50000,0.009048206756063586,0.011046166796862796,25,50000,0.0652877383655534,0.06719794016151748,1122,50000,0.04254666531557927,0.04450838608116396,478,50000,0.8941066666666667,0.9747455109,0.27812856770833333,0.3309306510368319,0.27919915150478836,False,/data/suehara/part/march/datasets/20250711_ilc_nnqq_sgv_10m_3cat_parquet,val50k_tail,,full_reference
