generation,training_chunk,samples_seen,epoch_fraction,trial,LR,optimization_metric_name,optimization_metric_value,optimization_metric_mode,controller_objective_mistag_percent,validation_working_point_mistag_percent,ctag_score,btag_score,total_mistag_score,group_score_warning,btag_c_mistag_percent_at_0p80,btag_d_mistag_percent_at_0p80,btag_c_mistag_percent_at_0p90,btag_d_mistag_percent_at_0p90,ctag_b_mistag_percent_at_0p50,ctag_d_mistag_percent_at_0p50,ctag_b_mistag_percent_at_0p80,ctag_d_mistag_percent_at_0p80,btag_c_mistag_percent_at_0p80_err_low,btag_c_mistag_percent_at_0p80_err_high,btag_c_mistag_percent_at_0p80_passed,btag_c_mistag_percent_at_0p80_total,btag_d_mistag_percent_at_0p80_err_low,btag_d_mistag_percent_at_0p80_err_high,btag_d_mistag_percent_at_0p80_passed,btag_d_mistag_percent_at_0p80_total,btag_c_mistag_percent_at_0p90_err_low,btag_c_mistag_percent_at_0p90_err_high,btag_c_mistag_percent_at_0p90_passed,btag_c_mistag_percent_at_0p90_total,btag_d_mistag_percent_at_0p90_err_low,btag_d_mistag_percent_at_0p90_err_high,btag_d_mistag_percent_at_0p90_passed,btag_d_mistag_percent_at_0p90_total,ctag_b_mistag_percent_at_0p50_err_low,ctag_b_mistag_percent_at_0p50_err_high,ctag_b_mistag_percent_at_0p50_passed,ctag_b_mistag_percent_at_0p50_total,ctag_d_mistag_percent_at_0p50_err_low,ctag_d_mistag_percent_at_0p50_err_high,ctag_d_mistag_percent_at_0p50_passed,ctag_d_mistag_percent_at_0p50_total,ctag_b_mistag_percent_at_0p80_err_low,ctag_b_mistag_percent_at_0p80_err_high,ctag_b_mistag_percent_at_0p80_passed,ctag_b_mistag_percent_at_0p80_total,ctag_d_mistag_percent_at_0p80_err_low,ctag_d_mistag_percent_at_0p80_err_high,ctag_d_mistag_percent_at_0p80_passed,ctag_d_mistag_percent_at_0p80_total,validation_accuracy,validation_auc,validation_loss,best_so_far,training_loss,validation_shutdown_warning,validation_dataset,validation_suffix,validation_sample_count,evaluation_type
0,0,0,,lr_11_25e-6,1.125e-05,validation_total_reference_mistag_geomean_percent,0.4056103289418057,min,0.981499985198518,0.981499985198518,0.5556660592682817,0.2960766384776578,0.4056103289418057,,0.18399999640625006,0.07000000085449219,3.0439998388263025,0.1960000040673829,0.5,0.064,2.6840000143341065,1.11000002709961,0.018195055988739096,0.02018765613673616,92,50000,0.010871397397403768,0.01286855745420266,35,50000,0.0758947789380661,0.07777298137401772,1522,50000,0.018808383644857783,0.020800503802454642,98,50000,0.030568856298993086,0.03254881669978501,250,50000,0.0103552826863133,0.012352682738312273,32,50000,0.07133588130421552,0.07322848345217327,1342,50000,0.04588659993469378,0.04784216082347609,555,50000,0.8898466666666667,0.9722661659333333,0.2903528645833333,0.4056103289418057,0.30021008090616746,False,/data/suehara/part/march/datasets/20250711_ilc_nnqq_sgv_10m_3cat_parquet,val50k_tail,,proxy
0,0,0,,lr_14e-6,1.4e-05,validation_total_reference_mistag_geomean_percent,0.40053275216222844,min,0.9714999968333065,0.9714999968333065,0.5523681485533428,0.29043399040079976,0.40053275216222844,,0.17599999828125001,0.07000000085449219,3.0079998678125057,0.1920000075000003,0.49600000847656267,0.064,2.6660000581723033,1.100000033569337,0.017774964627493357,0.019767884769090572,88,50000,0.010871397397403768,0.01286855745420266,35,50000,0.07545262139027134,0.07733226379742358,1504,50000,0.018606088111257617,0.020598368265654594,96,50000,0.030443045883779725,0.03242316628137183,248,50000,0.0103552826863133,0.012352682738312273,32,50000,0.07109944397904328,0.07299276611260133,1333,50000,0.045677275754512324,0.047633236635294916,550,50000,0.89006,0.9723770222999999,0.2897983463541667,0.40053275216222844,0.29958768476768405,False,/data/suehara/part/march/datasets/20250711_ilc_nnqq_sgv_10m_3cat_parquet,val50k_tail,,proxy
0,0,0,,lr_3e-6,3e-06,validation_total_reference_mistag_geomean_percent,0.42714723417271805,min,1.026999998755408,1.026999998755408,0.5841546718522205,0.3123398107608737,0.42714723417271805,,0.186000003178711,0.07600000259765634,3.2060000964940674,0.20999999359130878,0.5379999840740971,0.06799999900390627,2.791999925019533,1.1399999860839845,0.018298640498242997,0.020291160647840055,93,50000,0.011365939057076106,0.013362859118674898,38,50000,0.07784981628743762,0.07972153885298719,1603,50000,0.019500590223149507,0.021492150391946158,105,50000,0.03173948695166986,0.03371792738286125,269,50000,0.010701894656100771,0.01269913471129969,34,50000,0.07273677610516623,0.07462505833952214,1396,50000,0.04650879434023661,0.048463155253018406,570,50000,0.8887733333333333,0.9715178964,0.29435072916666666,0.40053275216222844,0.30468514803389385,False,/data/suehara/part/march/datasets/20250711_ilc_nnqq_sgv_10m_3cat_parquet,val50k_tail,,proxy
0,0,0,,lr_5_75e-6,5.75e-06,validation_total_reference_mistag_geomean_percent,0.41320674756589015,min,1.0072499901874548,1.0072499901874548,0.566416596821658,0.3014385828241195,0.41320674756589015,,0.18199999600097666,0.07000000085449219,3.1459999402348338,0.20600000150878908,0.5220000113104251,0.064,2.7459999298164384,1.1220000417736833,0.018090905588142768,0.020083585734539902,91,50000,0.010871397397403768,0.01286855745420266,35,50000,0.0771322021242405,0.07900632464179075,1573,50000,0.019305243198633602,0.02129696336423035,103,50000,0.031251873209490244,0.03323095362788185,261,50000,0.0103552826863133,0.012352682738312273,32,50000,0.07214376156805119,0.07403388376560766,1373,50000,0.046136507665685625,0.04809158856406773,561,50000,0.8894466666666667,0.9719082595333332,0.2921647265625,0.40053275216222844,0.30231294858949054,False,/data/suehara/part/march/datasets/20250711_ilc_nnqq_sgv_10m_3cat_parquet,val50k_tail,,proxy
0,0,0,,lr_8_5e-6,8.5e-06,validation_total_reference_mistag_geomean_percent,0.40666422027745114,min,0.9917499918335733,0.9917499918335733,0.5552410539922645,0.2978450294062212,0.40666422027745114,,0.18000000439453137,0.07000000085449219,3.0920000467083746,0.2020000022192383,0.5080000158129888,0.062000001059570334,2.703999876220709,1.115999987398682,0.017986179985518026,0.019978940130315186,90,50000,0.010871397397403768,0.01286855745420266,35,50000,0.07647988622131487,0.07835616869566568,1546,50000,0.019107983742976033,0.02109986390537279,101,50000,0.03081895606436777,0.03279859647155967,254,50000,0.010177937621807402,0.012175417672206403,31,50000,0.0715975836400002,0.07348938580395738,1352,50000,0.04601172728080586,0.047967048174388065,558,50000,0.8896866666666666,0.9721211618333333,0.291069453125,0.40053275216222844,0.30104801299796574,False,/data/suehara/part/march/datasets/20250711_ilc_nnqq_sgv_10m_3cat_parquet,val50k_tail,,proxy
1,1,0,,lr_11_25e-6,1.125e-05,validation_total_reference_mistag_geomean_percent,0.3907633397531811,min,0.9567499870860486,0.9567499870860486,0.5400840029161262,0.28272636639966053,0.3907633397531811,,0.17000000103759766,0.06600000112792971,2.965999913331759,0.1920000075000003,0.48399999527343757,0.062000001059570334,2.6399999919433594,1.0739999854147342,0.017453579376129062,0.019446739512926376,85,50000,0.010529894247015226,0.01252721430061417,33,50000,0.07493309319926318,0.07681441557281614,1483,50000,0.018606088111257617,0.020598368265654594,96,50000,0.030062498529499684,0.03204309891749199,242,50000,0.010177937621807402,0.012175417672206403,31,50000,0.07075639167085507,0.0726507537836131,1320,50000,0.0451283910866988,0.047085391946681716,537,50000,0.89074,0.9726799288333333,0.28830046875,0.3907633397531811,0.2959629621592548,False,/data/suehara/part/march/datasets/20250711_ilc_nnqq_sgv_10m_3cat_parquet,val50k_tail,,proxy
1,1,0,,lr_14e-6,1.4e-05,validation_total_reference_mistag_geomean_percent,0.386860022271133,min,0.951500021807443,0.951500021807443,0.5387953148584725,0.2777690761303918,0.386860022271133,,0.1639999983984375,0.064,2.9540001559576496,0.1920000075000003,0.48200001765136785,0.062000001059570334,2.6160000279418947,1.0779999659506236,0.01712646030715213,0.019119860439149504,82,50000,0.0103552826863133,0.012352682738312273,32,50000,0.07478391844655714,0.0766657208105103,1477,50000,0.018606088111257617,0.020598368265654594,96,50000,0.029998611176793727,0.031979291563185956,241,50000,0.010177937621807402,0.012175417672206403,31,50000,0.07043810112523918,0.07233342321879763,1308,50000,0.04521327765613474,0.047170118519317475,539,50000,0.89084,0.9727892493,0.28777466145833336,0.386860022271133,0.29543557165209194,False,/data/suehara/part/march/datasets/20250711_ilc_nnqq_sgv_10m_3cat_parquet,val50k_tail,,proxy
1,1,0,,lr_3e-6,3e-06,validation_total_reference_mistag_geomean_percent,0.4104471693326184,min,1.0040000256581982,1.0040000256581982,0.5643996671137852,0.29848862185667363,0.4104471693326184,,0.18000000439453137,0.07000000085449219,3.1500000931263,0.2,0.518000018495484,0.064,2.7280000466210947,1.1220000417736833,0.017986179985518026,0.019978940130315186,90,50000,0.010871397397403768,0.01286855745420266,35,50000,0.07718027615002537,0.07905423867077682,1575,50000,0.01900861920277211,0.02100057936356898,100,50000,0.031128789714084983,0.03310803012927677,259,50000,0.0103552826863133,0.012352682738312273,32,50000,0.071910244439366,0.07380108662252277,1364,50000,0.046136507665685625,0.04809158856406773,561,50000,0.8896333333333334,0.9719980554666666,0.29167483072916667,0.386860022271133,0.29934857487820377,False,/data/suehara/part/march/datasets/20250711_ilc_nnqq_sgv_10m_3cat_parquet,val50k_tail,,proxy
1,1,0,,lr_5_75e-6,5.75e-06,validation_total_reference_mistag_geomean_percent,0.40084792301144734,min,0.9762499920361145,0.9762499920361145,0.5533873197768371,0.29035550985770286,0.40084792301144734,,0.17599999828125001,0.06799999900390627,3.0300000566368115,0.1960000040673829,0.49600000847656267,0.064,2.6759998913855023,1.1039999784375005,0.017774964627493357,0.019767884769090572,88,50000,0.010701894656100771,0.01269913471129969,34,50000,0.07572317100037439,0.07760193342512649,1515,50000,0.018808383644857783,0.020800503802454642,98,50000,0.030443045883779725,0.03242316628137183,248,50000,0.0103552826863133,0.012352682738312273,32,50000,0.07123090446047621,0.07312382660203363,1338,50000,0.045761122843420744,0.04771692372740315,552,50000,0.89006,0.9723438812000001,0.28995872395833333,0.386860022271133,0.2975997714443697,False,/data/suehara/part/march/datasets/20250711_ilc_nnqq_sgv_10m_3cat_parquet,val50k_tail,,proxy
1,1,0,,lr_8_5e-6,8.5e-06,validation_total_reference_mistag_geomean_percent,0.40028764026032354,min,0.9715000100048258,0.9715000100048258,0.5511990884187725,0.29069386780887346,0.40028764026032354,,0.17399999915039063,0.07000000085449219,3.0220000645568863,0.19399999597412118,0.49600000847656267,0.064,2.6579999924967956,1.0940000185293581,0.01766845491625471,0.01966145505625193,87,50000,0.010871397397403768,0.01286855745420266,35,50000,0.0756249142059958,0.07750399662434758,1511,50000,0.018707497323864092,0.02069969747986102,97,50000,0.030443045883779725,0.03242316628137183,248,50000,0.0103552826863133,0.012352682738312273,32,50000,0.07099408314384589,0.07288772527100362,1329,50000,0.045551209465195634,0.04750741034117833,547,50000,0.8903133333333333,0.9725399742333334,0.28899501302083336,0.386860022271133,0.2966406064507849,False,/data/suehara/part/march/datasets/20250711_ilc_nnqq_sgv_10m_3cat_parquet,val50k_tail,,proxy
2,2,0,,lr_11_25e-6,1.125e-05,validation_total_reference_mistag_geomean_percent,0.385323096336799,min,0.9384999921146592,0.9384999921146592,0.535438497636712,0.2772940108451366,0.385323096336799,,0.16,0.06600000112792971,2.8859998993757663,0.19399999597412118,0.4780000087524416,0.062000001059570334,2.5920000632812514,1.0699999673461924,0.016905040537556128,0.0188986006663536,80,50000,0.010529894247015226,0.01252721430061417,33,50000,0.07393227276647207,0.07581679507602662,1443,50000,0.018707497323864092,0.02069969747986102,97,50000,0.02987043242024985,0.031851272803442264,239,50000,0.010177937621807402,0.012175417672206403,31,50000,0.07011822724509453,0.07201450931945338,1296,50000,0.045043341287912854,0.047000502144695956,535,50000,0.8909066666666666,0.9729179145333333,0.287163046875,0.385323096336799,0.2941577804800332,False,/data/suehara/part/march/datasets/20250711_ilc_nnqq_sgv_10m_3cat_parquet,val50k_tail,,proxy
2,2,0,,lr_14e-6,1.4e-05,validation_total_reference_mistag_geomean_percent,0.38392432857002357,min,0.9307499912046825,0.9307499912046825,0.534007562033273,0.27602210258355725,0.38392432857002357,,0.15800000385742197,0.06600000112792971,2.8399998569946363,0.1960000040673829,0.4760000078442384,0.062000001059570334,2.5800000393676763,1.0680000153186038,0.01679329124440016,0.018786931371597638,79,50000,0.010529894247015226,0.01252721430061417,33,50000,0.07334993576622283,0.07523629803897793,1420,50000,0.018808383644857783,0.020800503802454642,98,50000,0.02980613933575762,0.03178705971734995,238,50000,0.010177937621807402,0.012175417672206403,31,50000,0.06995768987239775,0.07185445193715681,1290,50000,0.04500075489478703,0.046957995749970054,534,50000,0.8911133333333333,0.9730304018333333,0.28662266927083335,0.38392432857002357,0.29360538717540074,False,/data/suehara/part/march/datasets/20250711_ilc_nnqq_sgv_10m_3cat_parquet,val50k_tail,,proxy
2,2,0,,lr_3e-6,3e-06,validation_total_reference_mistag_geomean_percent,0.40386904624286374,min,0.9817499844492918,0.9817499844492918,0.5568249872893637,0.292929035579284,0.40386904624286374,,0.1780000073876956,0.07000000085449219,3.0460000102252196,0.19399999597412118,0.5020000030639649,0.064,2.685999887495885,1.1139999705929573,0.01788086961137308,0.019873709754570246,89,50000,0.010871397397403768,0.01286855745420266,35,50000,0.07591925901775758,0.07779738145530964,1523,50000,0.018707497323864092,0.02069969747986102,97,50000,0.030631570243485826,0.03261145064587783,251,50000,0.0103552826863133,0.012352682738312273,32,50000,0.07136209900862438,0.07325462115818186,1343,50000,0.04597005685339165,0.047925457745373774,557,50000,0.8899066666666666,0.9722501654666665,0.29040875,0.38392432857002357,0.2974825439412859,False,/data/suehara/part/march/datasets/20250711_ilc_nnqq_sgv_10m_3cat_parquet,val50k_tail,,proxy
2,2,0,,lr_5_75e-6,5.75e-06,validation_total_reference_mistag_geomean_percent,0.3948634881586438,min,0.9650000255097206,0.9650000255097206,0.5442256206447548,0.286493631255532,0.3948634881586438,,0.17200000713867217,0.06799999900390627,3.0000001144409225,0.1920000075000003,0.4939999911053468,0.062000001059570334,2.6520000574621596,1.080000026367188,0.01756133006938351,0.019554410207780776,86,50000,0.010701894656100771,0.01269913471129969,34,50000,0.0753539711614265,0.07723393356217911,1500,50000,0.018606088111257617,0.020598368265654594,96,50000,0.030379947879903297,0.032360148275895326,247,50000,0.010177937621807402,0.012175417672206403,31,50000,0.07091494976198438,0.07280883188434221,1326,50000,0.04525566001061052,0.04721242087539334,540,50000,0.8903866666666667,0.9725787213333333,0.28879842447916665,0.38392432857002357,0.29584353475997155,False,/data/suehara/part/march/datasets/20250711_ilc_nnqq_sgv_10m_3cat_parquet,val50k_tail,,proxy
2,2,0,,lr_8_5e-6,8.5e-06,validation_total_reference_mistag_geomean_percent,0.3871629231342908,min,0.9477500027710726,0.9477500027710726,0.537985706092329,0.27862288412577974,0.3871629231342908,,0.16599999189453166,0.064,2.9240000254315186,0.19399999597412118,0.4800000117187503,0.062000001059570334,2.6160000279418947,1.0759999681481942,0.01723615601969021,0.01922947615328758,83,50000,0.0103552826863133,0.012352682738312273,32,50000,0.07440952647155066,0.07629252881150433,1462,50000,0.018707497323864092,0.02069969747986102,97,50000,0.029934589419030114,0.031915349803822435,240,50000,0.010177937621807402,0.012175417672206403,31,50000,0.07043810112523918,0.07233342321879763,1308,50000,0.04517085471880244,0.04712777558038544,538,50000,0.8908466666666667,0.9727741971666667,0.28784885416666667,0.38392432857002357,0.2948637190075515,False,/data/suehara/part/march/datasets/20250711_ilc_nnqq_sgv_10m_3cat_parquet,val50k_tail,,proxy
3,3,0,,lr_11_25e-6,1.125e-05,validation_total_reference_mistag_geomean_percent,0.3773425687185667,min,0.9255000081571588,0.9255000081571588,0.5240143162219606,0.2717242826373739,0.3773425687185667,,0.15400000056396485,0.064,2.8220001123873946,0.1960000040673829,0.4740000115722659,0.057999999716796875,2.5679999216308618,1.0680000153186038,0.016567647735853033,0.018561447859850606,77,50000,0.0103552826863133,0.012352682738312273,32,50000,0.07312066680913686,0.07500774906749226,1411,50000,0.018808383644857783,0.020800503802454642,98,50000,0.029741709311993398,0.03172270969198582,237,50000,0.009814507069923326,0.0118121471171224,29,50000,0.06979674858559846,0.07169399064075772,1284,50000,0.04500075489478703,0.046957995749970054,534,50000,0.8911533333333334,0.9730771636666667,0.2864210546875,0.3773425687185667,0.2929826640549668,False,/data/suehara/part/march/datasets/20250711_ilc_nnqq_sgv_10m_3cat_parquet,val50k_tail,,proxy
3,3,0,,lr_14e-6,1.4e-05,validation_total_reference_mistag_geomean_percent,0.37306026456884217,min,0.9162499871800235,0.9162499871800235,0.517865711033257,0.26874527128373027,0.37306026456884217,,0.15200000519531268,0.064,2.7639999299890152,0.19399999597412118,0.4679999934301759,0.05600000164062505,2.56,1.0719999712109383,0.016453725795685745,0.018447605918083324,76,50000,0.0103552826863133,0.012352682738312273,32,50000,0.07237644890006091,0.07426585111201707,1382,50000,0.018707497323864092,0.02069969747986102,97,50000,0.029547588933737535,0.031528829308930056,234,50000,0.009628122740163846,0.011625842785762949,28,50000,0.06968922863662165,0.07158679068538128,1280,50000,0.045085886647388586,0.04704296750577142,536,50000,0.89134,0.9731898208333333,0.2858844401041667,0.37306026456884217,0.29241552990777053,False,/data/suehara/part/march/datasets/20250711_ilc_nnqq_sgv_10m_3cat_parquet,val50k_tail,,proxy
3,3,0,,lr_3e-6,3e-06,validation_total_reference_mistag_geomean_percent,0.39673734370299574,min,0.9670000173714453,0.9670000173714453,0.5469480053998903,0.2877796761932218,0.39673734370299574,,0.17399999915039063,0.06799999900390627,2.988000081156008,0.19399999597412118,0.4980000135260013,0.062000001059570334,2.664000065039064,1.0879999840625003,0.01766845491625471,0.01966145505625193,87,50000,0.010701894656100771,0.01269913471129969,34,50000,0.07520572544292246,0.07708616783407528,1494,50000,0.018707497323864092,0.02069969747986102,97,50000,0.030506015100003475,0.03248605549919549,249,50000,0.010177937621807402,0.012175417672206403,31,50000,0.07107311984285922,0.07296652197481684,1332,50000,0.04542478582024428,0.047381226691427074,544,50000,0.8901333333333333,0.9724079320333333,0.2896450390625,0.37306026456884217,0.2963068838861304,False,/data/suehara/part/march/datasets/20250711_ilc_nnqq_sgv_10m_3cat_parquet,val50k_tail,,proxy
3,3,0,,lr_5_75e-6,5.75e-06,validation_total_reference_mistag_geomean_percent,0.3876913085894898,min,0.9525000014301698,0.9525000014301698,0.5401171665722015,0.2782813805192001,0.3876913085894898,,0.16599999189453166,0.064,2.939999863174445,0.1920000075000003,0.48200001765136785,0.062000001059570334,2.6320001108447313,1.0820000193167119,0.01723615601969021,0.01922947615328758,83,50000,0.0103552826863133,0.012352682738312273,32,50000,0.0746094619825638,0.07649182433531743,1470,50000,0.018606088111257617,0.020598368265654594,96,50000,0.029998611176793727,0.031979291563185956,241,50000,0.010177937621807402,0.012175417672206403,31,50000,0.07065046944470382,0.07254515155106223,1316,50000,0.04529800189362852,0.04725468276001142,541,50000,0.8907866666666666,0.9727353014666668,0.2880442838541667,0.37306026456884217,0.29468914312084554,False,/data/suehara/part/march/datasets/20250711_ilc_nnqq_sgv_10m_3cat_parquet,val50k_tail,,proxy
3,3,0,,lr_8_5e-6,8.5e-06,validation_total_reference_mistag_geomean_percent,0.38245866362828845,min,0.9339999783169757,0.9339999783169757,0.5339040363238092,0.27397176165122994,0.38245866362828845,,0.15800000385742197,0.064,2.8719998746655326,0.19399999597412118,0.4760000078442384,0.062000001059570334,2.577999927816317,1.0680000153186038,0.01679329124440016,0.018786931371597638,79,50000,0.0103552826863133,0.012352682738312273,32,50000,0.07375557880978205,0.07564066110813637,1436,50000,0.018707497323864092,0.02069969747986102,97,50000,0.02980613933575762,0.03178705971734995,238,50000,0.010177937621807402,0.012175417672206403,31,50000,0.06993089444829736,0.07182773651145669,1289,50000,0.04500075489478703,0.046957995749970054,534,50000,0.89106,0.9729320300666666,0.2870968359375,0.37306026456884217,0.29370081455904906,False,/data/suehara/part/march/datasets/20250711_ilc_nnqq_sgv_10m_3cat_parquet,val50k_tail,,proxy
4,4,0,,lr_11_25e-6,1.125e-05,validation_total_reference_mistag_geomean_percent,0.37697447736059264,min,0.9129999826800164,0.9129999826800164,0.52102440625197,0.27275067132376707,0.37697447736059264,,0.15200000519531268,0.06799999900390627,2.7600000042114257,0.19399999597412118,0.46999999282836924,0.057999999716796875,2.535999881589361,1.0659999829208378,0.016453725795685745,0.018447605918083324,76,50000,0.010701894656100771,0.01269913471129969,34,50000,0.07232481191020226,0.07421437411895826,1380,50000,0.018707497323864092,0.02069969747986102,97,50000,0.029612434987299607,0.031593595364092036,235,50000,0.009814507069923326,0.0118121471171224,29,50000,0.06936557604661046,0.0712640980761705,1268,50000,0.044958127353995556,0.046915448207578495,533,50000,0.8914666666666666,0.9732092643,0.28579115885416667,0.37306026456884217,0.2923716441874386,False,/data/suehara/part/march/datasets/20250711_ilc_nnqq_sgv_10m_3cat_parquet,val50k_tail,,proxy
4,4,0,,lr_14e-6,1.4e-05,validation_total_reference_mistag_geomean_percent,0.37323765785111546,min,0.9102499881687556,0.9102499881687556,0.5137041460409155,0.271180114686267,0.37323765785111546,,0.14599999750488285,0.07000000085449219,2.7560000487817393,0.1920000075000003,0.459999984558106,0.05600000164062505,2.535999881589361,1.0659999829208378,0.0161073831476864,0.01810150326528408,73,50000,0.010871397397403768,0.01286855745420266,35,50000,0.07227313424578302,0.07416285645133955,1378,50000,0.018606088111257617,0.020598368265654594,96,50000,0.029286791223827584,0.03126835159262013,230,50000,0.009628122740163846,0.011625842785762949,28,50000,0.06936557604661046,0.0712640980761705,1268,50000,0.044958127353995556,0.046915448207578495,533,50000,0.8916066666666667,0.9733251105999999,0.2852461848958333,0.37306026456884217,0.2917732936954861,False,/data/suehara/part/march/datasets/20250711_ilc_nnqq_sgv_10m_3cat_parquet,val50k_tail,,proxy
4,4,0,,lr_3e-6,3e-06,validation_total_reference_mistag_geomean_percent,0.3928419018207018,min,0.9632499896109218,0.9632499896109218,0.5450358243717042,0.28314608494589394,0.3928419018207018,,0.17200000713867217,0.06600000112792971,2.9799998385772795,0.18999999768066408,0.49600000847656267,0.062000001059570334,2.6620000968760715,1.0779999659506236,0.01756133006938351,0.019554410207780776,86,50000,0.010529894247015226,0.01252721430061417,33,50000,0.07510671389520662,0.07698747627995911,1490,50000,0.018504147852544686,0.02049650800534169,95,50000,0.030443045883779725,0.03242316628137183,248,50000,0.010177937621807402,0.012175417672206403,31,50000,0.07104678499942618,0.07294026712978408,1331,50000,0.04521327765613474,0.047170118519317475,539,50000,0.8902333333333333,0.9725316254999999,0.2890439322916667,0.37306026456884217,0.2958327627941952,False,/data/suehara/part/march/datasets/20250711_ilc_nnqq_sgv_10m_3cat_parquet,val50k_tail,,proxy
4,4,0,,lr_5_75e-6,5.75e-06,validation_total_reference_mistag_geomean_percent,0.3865859324387492,min,0.940749998052255,0.940749998052255,0.542000753228629,0.2757351945902114,0.3865859324387492,,0.15600000152343751,0.06600000112792971,2.894000114150853,0.19399999597412118,0.48399999527343757,0.064,2.5939998909535262,1.0739999854147342,0.016680831524164903,0.01867455164976243,78,50000,0.010529894247015226,0.01252721430061417,33,50000,0.07403303089882178,0.07591723321477596,1447,50000,0.018707497323864092,0.02069969747986102,97,50000,0.030062498529499684,0.03204309891749199,242,50000,0.0103552826863133,0.012352682738312273,32,50000,0.07014494439639453,0.07204114647235312,1297,50000,0.0451283910866988,0.047085391946681716,537,50000,0.89084,0.9728636163333334,0.28742108072916667,0.37306026456884217,0.2941569951987629,False,/data/suehara/part/march/datasets/20250711_ilc_nnqq_sgv_10m_3cat_parquet,val50k_tail,,proxy
4,4,0,,lr_8_5e-6,8.5e-06,validation_total_reference_mistag_geomean_percent,0.38133668607908694,min,0.9259999801327906,0.9259999801327906,0.5259310229869565,0.2764957034173407,0.38133668607908694,,0.15600000152343751,0.06799999900390627,2.8399998569946363,0.19399999597412118,0.4679999934301759,0.060000001464843786,2.5560000097503663,1.0659999829208378,0.016680831524164903,0.01867455164976243,78,50000,0.010701894656100771,0.01269913471129969,34,50000,0.07334993576622283,0.07523629803897793,1420,50000,0.018707497323864092,0.02069969747986102,97,50000,0.029547588933737535,0.031528829308930056,234,50000,0.009997726831193746,0.011995286879992793,30,50000,0.06963540062588716,0.07153312267144663,1278,50000,0.044958127353995556,0.046915448207578495,533,50000,0.8912066666666667,0.9730651887666667,0.2864590364583333,0.37306026456884217,0.29312547621672547,False,/data/suehara/part/march/datasets/20250711_ilc_nnqq_sgv_10m_3cat_parquet,val50k_tail,,proxy
5,5,0,,lr_11_25e-6,1.125e-05,validation_total_reference_mistag_geomean_percent,0.37562779918874495,min,0.9082500170847708,0.9082500170847708,0.5183833741597761,0.2721851250574472,0.37562779918874495,,0.14599999750488285,0.07000000085449219,2.740000077346804,0.1960000040673829,0.4620000125482181,0.057999999716796875,2.5280000617187515,1.0659999829208378,0.0161073831476864,0.01810150326528408,73,50000,0.010871397397403768,0.01286855745420266,35,50000,0.07206601511678366,0.07395637730954023,1370,50000,0.018808383644857783,0.020800503802454642,98,50000,0.02935220449491096,0.031333684865303586,231,50000,0.009814507069923326,0.0118121471171224,29,50000,0.06925732480776471,0.07115616683092442,1264,50000,0.044958127353995556,0.046915448207578495,533,50000,0.8915866666666666,0.9733104091000001,0.28534115885416667,0.37306026456884217,0.2915058429895952,False,/data/suehara/part/march/datasets/20250711_ilc_nnqq_sgv_10m_3cat_parquet,val50k_tail,,proxy
5,5,0,,lr_14e-6,1.4e-05,validation_total_reference_mistag_geomean_percent,0.37354776227240016,min,0.9057499875264751,0.9057499875264751,0.5168471641947756,0.2699790970433423,0.37354776227240016,,0.14599999750488285,0.07000000085449219,2.7359998714160216,0.18999999768066408,0.459999984558106,0.057999999716796875,2.5280000617187515,1.057999986762085,0.0161073831476864,0.01810150326528408,73,50000,0.010871397397403768,0.01286855745420266,35,50000,0.07201413278253264,0.07390465497208905,1368,50000,0.018504147852544686,0.02049650800534169,95,50000,0.029286791223827584,0.03126835159262013,230,50000,0.009814507069923326,0.0118121471171224,29,50000,0.06925732480776471,0.07115616683092442,1264,50000,0.04478720341511075,0.046744844262294055,529,50000,0.89168,0.9734256821666668,0.28479744791666667,0.37306026456884217,0.29088706439134904,False,/data/suehara/part/march/datasets/20250711_ilc_nnqq_sgv_10m_3cat_parquet,val50k_tail,,proxy
5,5,0,,lr_3e-6,3e-06,validation_total_reference_mistag_geomean_percent,0.3932757777266635,min,0.9610000072511485,0.9610000072511485,0.5452136579305416,0.28367931561651366,0.3932757777266635,,0.17399999915039063,0.06600000112792971,2.9680000045288084,0.18999999768066408,0.5,0.062000001059570334,2.6540000690470906,1.0739999854147342,0.01766845491625471,0.01966145505625193,87,50000,0.010529894247015226,0.01252721430061417,33,50000,0.07495792355560055,0.07683916593075324,1484,50000,0.018504147852544686,0.02049650800534169,95,50000,0.030568856298993086,0.03254881669978501,250,50000,0.010177937621807402,0.012175417672206403,31,50000,0.07094133831814751,0.07283514044210578,1327,50000,0.0451283910866988,0.047085391946681716,537,50000,0.8905866666666666,0.9726299112666666,0.28855186197916666,0.37306026456884217,0.295030994153715,False,/data/suehara/part/march/datasets/20250711_ilc_nnqq_sgv_10m_3cat_parquet,val50k_tail,,proxy
5,5,0,,lr_5_75e-6,5.75e-06,validation_total_reference_mistag_geomean_percent,0.38583804270397754,min,0.9347500068284039,0.9347500068284039,0.5342751065741159,0.27864108465061843,0.38583804270397754,,0.15600000152343751,0.06799999900390627,2.87000008868027,0.19799999939575197,0.4740000115722659,0.062000001059570334,2.5719999874414063,1.0779999659506236,0.016680831524164903,0.01867455164976243,78,50000,0.010701894656100771,0.01269913471129969,34,50000,0.0737302985082379,0.07561546080499248,1435,50000,0.01890875502183506,0.02090079518103191,99,50000,0.029741709311993398,0.03172270969198582,237,50000,0.010177937621807402,0.012175417672206403,31,50000,0.06985044073018094,0.07174752278854037,1286,50000,0.04521327765613474,0.047170118519317475,539,50000,0.8911466666666666,0.9729627176666668,0.2869685546875,0.37306026456884217,0.2933243307001758,False,/data/suehara/part/march/datasets/20250711_ilc_nnqq_sgv_10m_3cat_parquet,val50k_tail,,proxy
5,5,0,,lr_8_5e-6,8.5e-06,validation_total_reference_mistag_geomean_percent,0.37849152527595853,min,0.9184999999158864,0.9184999999158864,0.5224746187851338,0.2741871653762288,0.37849152527595853,,0.15400000056396485,0.06799999900390627,2.782000074075167,0.19399999597412118,0.46999999282836924,0.057999999716796875,2.5499999659538273,1.0719999712109383,0.016567647735853033,0.018561447859850606,77,50000,0.010701894656100771,0.01269913471129969,34,50000,0.07260831429851539,0.07449699652487124,1391,50000,0.018707497323864092,0.02069969747986102,97,50000,0.029612434987299607,0.031593595364092036,235,50000,0.009814507069923326,0.0118121471171224,29,50000,0.06955457327275476,0.07145253531351432,1275,50000,0.045085886647388586,0.04704296750577142,536,50000,0.8914533333333333,0.9731635088333332,0.28601986979166666,0.37306026456884217,0.29227572368871935,False,/data/suehara/part/march/datasets/20250711_ilc_nnqq_sgv_10m_3cat_parquet,val50k_tail,,proxy
6,6,0,,lr_11_25e-6,1.125e-05,validation_total_reference_mistag_geomean_percent,0.369943494319716,min,0.9052500002815824,0.9052500002815824,0.5068800689942267,0.27000112523864217,0.369943494319716,,0.14399999718750006,0.07000000085449219,2.7459999298164384,0.1920000075000003,0.45800000978393574,0.05400000131835941,2.5180000541745007,1.0600000016174316,0.01599035816667656,0.01798455828267429,72,50000,0.010871397397403768,0.01286855745420266,35,50000,0.07214376156805119,0.07403388376560766,1373,50000,0.018606088111257617,0.020598368265654594,96,50000,0.02922123384962918,0.031202874216821816,229,50000,0.0094384043456773,0.011436204389676428,27,50000,0.06912175059417512,0.07102099260933546,1259,50000,0.044829996697445806,0.04678755754622885,530,50000,0.8916133333333334,0.9734040900666668,0.28488279947916667,0.369943494319716,0.2914437691899961,False,/data/suehara/part/march/datasets/20250711_ilc_nnqq_sgv_10m_3cat_parquet,val50k_tail,,proxy
6,6,0,,lr_14e-6,1.4e-05,validation_total_reference_mistag_geomean_percent,0.3660255445255504,min,0.901249982035752,0.901249982035752,0.501269490190305,0.2672708031649058,0.3660255445255504,,0.14200000208007815,0.06799999900390627,2.7239999605133063,0.19399999597412118,0.45800000978393574,0.052000000507812505,2.5199999230957055,1.0519999653271497,0.015872517214740804,0.01786679732913854,71,50000,0.010701894656100771,0.01269913471129969,34,50000,0.07185823825424306,0.07374924043419967,1362,50000,0.018707497323864092,0.02069969747986102,97,50000,0.02922123384962918,0.031202874216821816,229,50000,0.00924516668895976,0.011243046731358937,26,50000,0.06914888863409248,0.07104805065085255,1260,50000,0.0446585727435566,0.04661645358594001,526,50000,0.8918733333333333,0.9735192955666667,0.2843478515625,0.3660255445255504,0.2908119786208182,False,/data/suehara/part/march/datasets/20250711_ilc_nnqq_sgv_10m_3cat_parquet,val50k_tail,,proxy
6,6,0,,lr_3e-6,3e-06,validation_total_reference_mistag_geomean_percent,0.3897857473669279,min,0.9549999758807197,0.9549999758807197,0.5411437678825137,0.2807625955758587,0.3897857473669279,,0.17200000713867217,0.064,2.939999863174445,0.1920000075000003,0.48399999527343757,0.062000001059570334,2.6459999065324435,1.080000026367188,0.01756133006938351,0.019554410207780776,86,50000,0.0103552826863133,0.012352682738312273,32,50000,0.0746094619825638,0.07649182433531743,1470,50000,0.018606088111257617,0.020598368265654594,96,50000,0.030062498529499684,0.03204309891749199,242,50000,0.010177937621807402,0.012175417672206403,31,50000,0.07083571937800959,0.07272984149556752,1323,50000,0.04525566001061052,0.04721242087539334,540,50000,0.8907466666666667,0.9727169278666666,0.28812766927083333,0.3660255445255504,0.2950263829542046,False,/data/suehara/part/march/datasets/20250711_ilc_nnqq_sgv_10m_3cat_parquet,val50k_tail,,proxy
6,6,0,,lr_5_75e-6,5.75e-06,validation_total_reference_mistag_geomean_percent,0.3783695898744604,min,0.9250000278808987,0.9250000278808987,0.5205047892585999,0.2750475106015597,0.3783695898744604,,0.15600000152343751,0.06600000112792971,2.8360001432367015,0.1960000040673829,0.46600001038146993,0.057999999716796875,2.562000061376039,1.0600000016174316,0.016680831524164903,0.01867455164976243,78,50000,0.010529894247015226,0.01252721430061417,33,50000,0.07329905564568938,0.07518557791524431,1418,50000,0.018808383644857783,0.020800503802454642,98,50000,0.029482602435364127,0.03146392280895674,233,50000,0.009814507069923326,0.0118121471171224,29,50000,0.06971612561353611,0.07161360766389548,1281,50000,0.044829996697445806,0.04678755754622885,530,50000,0.8911333333333333,0.9730517920333335,0.286538125,0.3660255445255504,0.29329748141918716,False,/data/suehara/part/march/datasets/20250711_ilc_nnqq_sgv_10m_3cat_parquet,val50k_tail,,proxy
6,6,0,,lr_8_5e-6,8.5e-06,validation_total_reference_mistag_geomean_percent,0.3741353320658891,min,0.9115000031878099,0.9115000031878099,0.509870039010016,0.27453514815626057,0.3741353320658891,,0.15200000519531268,0.07000000085449219,2.7520001142187547,0.19399999597412118,0.459999984558106,0.05400000131835941,2.537999952172395,1.0719999712109383,0.016453725795685745,0.018447605918083324,76,50000,0.010871397397403768,0.01286855745420266,35,50000,0.07222141582075188,0.07411129802310824,1376,50000,0.018707497323864092,0.02069969747986102,97,50000,0.029286791223827584,0.03126835159262013,230,50000,0.0094384043456773,0.011436204389676428,27,50000,0.06939261006019513,0.0712910520913549,1269,50000,0.045085886647388586,0.04704296750577142,536,50000,0.89162,0.9732553964666666,0.28558274739583334,0.3660255445255504,0.29223178478789036,False,/data/suehara/part/march/datasets/20250711_ilc_nnqq_sgv_10m_3cat_parquet,val50k_tail,,proxy
7,7,0,,lr_11_25e-6,1.125e-05,validation_total_reference_mistag_geomean_percent,0.3671387457851757,min,0.9022500093686678,0.9022500093686678,0.5071430755167271,0.26578467727154453,0.3671387457851757,,0.14200000208007815,0.06799999900390627,2.7200000166015625,0.18999999768066408,0.45800000978393574,0.05400000131835941,2.5280000617187515,1.057999986762085,0.015872517214740804,0.01786679732913854,71,50000,0.010701894656100771,0.01269913471129969,34,50000,0.07180619060875235,0.07369735278550948,1360,50000,0.018504147852544686,0.02049650800534169,95,50000,0.02922123384962918,0.031202874216821816,229,50000,0.0094384043456773,0.011436204389676428,27,50000,0.06925732480776471,0.07115616683092442,1264,50000,0.04478720341511075,0.046744844262294055,529,50000,0.8918066666666666,0.9734755840333333,0.284584921875,0.3660255445255504,0.2906786351899779,False,/data/suehara/part/march/datasets/20250711_ilc_nnqq_sgv_10m_3cat_parquet,val50k_tail,,proxy
7,7,0,,lr_14e-6,1.4e-05,validation_total_reference_mistag_geomean_percent,0.36844545783946886,min,0.8987499831861506,0.8987499831861506,0.5111468083295708,0.26558329855599394,0.36844545783946886,,0.13399999640136728,0.07000000085449219,2.7339998681726136,0.19399999597412118,0.4480000131250004,0.057999999716796875,2.5020000232882693,1.049999967956544,0.015392639991259324,0.01738724009925721,67,50000,0.010871397397403768,0.01286855745420266,35,50000,0.07198817617255562,0.07387877836051229,1367,50000,0.018707497323864092,0.02069969747986102,97,50000,0.02889125218437814,0.03087329254357089,224,50000,0.009814507069923326,0.0118121471171224,29,50000,0.06890422661864626,0.07080410862100664,1251,50000,0.04461561185209913,0.04657357269288245,525,50000,0.8919733333333333,0.9735917160333333,0.28401790364583335,0.3660255445255504,0.29003790205966623,False,/data/suehara/part/march/datasets/20250711_ilc_nnqq_sgv_10m_3cat_parquet,val50k_tail,,proxy
7,7,0,,lr_3e-6,3e-06,validation_total_reference_mistag_geomean_percent,0.38896871465494715,min,0.9460000035197836,0.9460000035197836,0.5383976616809081,0.28101284932769754,0.38896871465494715,,0.16599999189453166,0.06600000112792971,2.904000078874514,0.1960000040673829,0.48200001765136785,0.062000001059570334,2.6179999480682383,1.0739999854147342,0.01723615601969021,0.01922947615328758,83,50000,0.010529894247015226,0.01252721430061417,33,50000,0.07415876510231782,0.07604256742627206,1452,50000,0.018808383644857783,0.020800503802454642,98,50000,0.029998611176793727,0.031979291563185956,241,50000,0.010177937621807402,0.012175417672206403,31,50000,0.07046468551969928,0.07235992761485746,1309,50000,0.0451283910866988,0.047085391946681716,537,50000,0.8908866666666667,0.9727875883,0.2877927473958333,0.3660255445255504,0.29427885396014386,False,/data/suehara/part/march/datasets/20250711_ilc_nnqq_sgv_10m_3cat_parquet,val50k_tail,,proxy
7,7,0,,lr_5_75e-6,5.75e-06,validation_total_reference_mistag_geomean_percent,0.378050954579889,min,0.9179999914691364,0.9179999914691364,0.5229652552374365,0.2732925807736035,0.378050954579889,,0.15200000519531268,0.06799999900390627,2.782000074075167,0.19399999597412118,0.4719999919335939,0.057999999716796875,2.5439998804394586,1.0739999854147342,0.016453725795685745,0.018447605918083324,76,50000,0.010701894656100771,0.01269913471129969,34,50000,0.07260831429851539,0.07449699652487124,1391,50000,0.018707497323864092,0.02069969747986102,97,50000,0.029677141486401937,0.03165822186479445,236,50000,0.009814507069923326,0.0118121471171224,29,50000,0.06947364320219473,0.0713718452381544,1272,50000,0.0451283910866988,0.047085391946681716,537,50000,0.89122,0.9731249872333333,0.28620608072916665,0.3660255445255504,0.2925508818407494,False,/data/suehara/part/march/datasets/20250711_ilc_nnqq_sgv_10m_3cat_parquet,val50k_tail,,proxy
7,7,0,,lr_8_5e-6,8.5e-06,validation_total_reference_mistag_geomean_percent,0.37206177830900145,min,0.9075000052534491,0.9075000052534491,0.5094800901324281,0.27170829549487346,0.37206177830900145,,0.14800000361328133,0.07000000085449219,2.740000077346804,0.1920000075000003,0.4620000125482181,0.05400000131835941,2.5239999715002446,1.0699999673461924,0.016223608787196087,0.018217648906393717,74,50000,0.010871397397403768,0.01286855745420266,35,50000,0.07206601511678366,0.07395637730954023,1370,50000,0.018606088111257617,0.020598368265654594,96,50000,0.02935220449491096,0.031333684865303586,231,50000,0.0094384043456773,0.011436204389676428,27,50000,0.06920312989126647,0.0711021319112267,1262,50000,0.045043341287912854,0.047000502144695956,535,50000,0.8915266666666667,0.9733283559333333,0.2852519661458333,0.3660255445255504,0.2914763597167185,False,/data/suehara/part/march/datasets/20250711_ilc_nnqq_sgv_10m_3cat_parquet,val50k_tail,,proxy
8,8,0,,lr_11_25e-6,1.125e-05,validation_total_reference_mistag_geomean_percent,0.36559852804854925,min,0.9027499725306908,0.9027499725306908,0.5063916682039783,0.263950400655932,0.36559852804854925,,0.14000000170898438,0.06600000112792971,2.7359998714160216,0.1920000075000003,0.459999984558106,0.05400000131835941,2.525999893426671,1.0480000191894534,0.01575384307703153,0.01774820318982931,70,50000,0.010529894247015226,0.01252721430061417,33,50000,0.07201413278253264,0.07390465497208905,1368,50000,0.018606088111257617,0.020598368265654594,96,50000,0.029286791223827584,0.03126835159262013,230,50000,0.0094384043456773,0.011436204389676428,27,50000,0.06923023313539813,0.0711291551569581,1263,50000,0.0445726087623945,0.046530649601577746,524,50000,0.89194,0.9735318527,0.2843120182291667,0.36559852804854925,0.290251122136599,False,/data/suehara/part/march/datasets/20250711_ilc_nnqq_sgv_10m_3cat_parquet,val50k_tail,,proxy
8,8,0,,lr_14e-6,1.4e-05,validation_total_reference_mistag_geomean_percent,0.36865304292363865,min,0.8977499965322315,0.8977499965322315,0.5061498026599278,0.2685075946738442,0.36865304292363865,,0.14000000170898438,0.07000000085449219,2.7339998681726136,0.19399999597412118,0.45200000137939456,0.05600000164062505,2.4980000771858237,1.0380000253417976,0.01575384307703153,0.01774820318982931,70,50000,0.010871397397403768,0.01286855745420266,35,50000,0.07198817617255562,0.07387877836051229,1367,50000,0.018707497323864092,0.02069969747986102,97,50000,0.029023687661311817,0.031005568023704556,226,50000,0.009628122740163846,0.011625842785762949,28,50000,0.0688497285547679,0.07074977055392812,1249,50000,0.04435695613715339,0.04631539696833692,519,50000,0.8920466666666667,0.9736469660333333,0.2837675,0.36559852804854925,0.28959156703903627,False,/data/suehara/part/march/datasets/20250711_ilc_nnqq_sgv_10m_3cat_parquet,val50k_tail,,proxy
8,8,0,,lr_3e-6,3e-06,validation_total_reference_mistag_geomean_percent,0.387861855578771,min,0.9427499804706008,0.9427499804706008,0.5422696146617374,0.2774207053936601,0.387861855578771,,0.15800000385742197,0.06600000112792971,2.8979998976307715,0.1960000040673829,0.48399999527343757,0.064,2.603999970596924,1.0719999712109383,0.01679329124440016,0.018786931371597638,79,50000,0.010529894247015226,0.01252721430061417,33,50000,0.07408335298462743,0.07596739530378177,1449,50000,0.018808383644857783,0.020800503802454642,98,50000,0.030062498529499684,0.03204309891749199,242,50000,0.0103552826863133,0.012352682738312273,32,50000,0.0702783634307605,0.07217416551471914,1302,50000,0.045085886647388586,0.04704296750577142,536,50000,0.8908266666666667,0.9728436622333333,0.28754024739583334,0.36559852804854925,0.2939023703081632,False,/data/suehara/part/march/datasets/20250711_ilc_nnqq_sgv_10m_3cat_parquet,val50k_tail,,proxy
8,8,0,,lr_5_75e-6,5.75e-06,validation_total_reference_mistag_geomean_percent,0.37562781134597895,min,0.9172499897869885,0.9172499897869885,0.5180883289933956,0.2723401488906518,0.37562781134597895,,0.14999999542236342,0.06799999900390627,2.78000008483887,0.19399999597412118,0.46999999282836924,0.05600000164062505,2.5439998804394586,1.0759999681481942,0.01633905115671229,0.018333011277509914,75,50000,0.010701894656100771,0.01269913471129969,34,50000,0.07258259182414059,0.07447135404889671,1390,50000,0.018707497323864092,0.02069969747986102,97,50000,0.029612434987299607,0.031593595364092036,235,50000,0.009628122740163846,0.011625842785762949,28,50000,0.06947364320219473,0.0713718452381544,1272,50000,0.04517085471880244,0.04712777558038544,538,50000,0.8913333333333333,0.9731779325666667,0.28596610677083334,0.36559852804854925,0.2921647472972253,False,/data/suehara/part/march/datasets/20250711_ilc_nnqq_sgv_10m_3cat_parquet,val50k_tail,,proxy
8,8,0,,lr_8_5e-6,8.5e-06,validation_total_reference_mistag_geomean_percent,0.3691198238432029,min,0.9052499888961987,0.9052499888961987,0.5077813216292706,0.26832307245344567,0.3691198238432029,,0.14599999750488285,0.06799999900390627,2.7479999626812748,0.18999999768066408,0.4620000125482181,0.05400000131835941,2.5139999388148513,1.0600000016174316,0.0161073831476864,0.01810150326528408,73,50000,0.010701894656100771,0.01269913471129969,34,50000,0.07216965654874494,0.07405969874790114,1374,50000,0.018504147852544686,0.02049650800534169,95,50000,0.02935220449491096,0.031333684865303586,231,50000,0.0094384043456773,0.011436204389676428,27,50000,0.06906743962429539,0.07096684163625556,1257,50000,0.044829996697445806,0.04678755754622885,530,50000,0.89168,0.9733834289333333,0.2849982291666667,0.36559852804854925,0.2910706337241972,False,/data/suehara/part/march/datasets/20250711_ilc_nnqq_sgv_10m_3cat_parquet,val50k_tail,,proxy
9,9,0,,lr_11_25e-6,1.125e-05,validation_total_reference_mistag_geomean_percent,0.36886905867160963,min,0.8985000086262138,0.8985000086262138,0.5072075724866477,0.2682617331168913,0.36886905867160963,,0.14000000170898438,0.07000000085449219,2.7239999605133063,0.19399999597412118,0.44999998626709026,0.05600000164062505,2.5060001028616377,1.0480000191894534,0.01575384307703153,0.01774820318982931,70,50000,0.010871397397403768,0.01286855745420266,35,50000,0.07185823825424306,0.07374924043419967,1362,50000,0.018707497323864092,0.02069969747986102,97,50000,0.02895754437551969,0.03093950473631252,225,50000,0.009628122740163846,0.011625842785762949,28,50000,0.06895867774531217,0.07085839975087271,1253,50000,0.0445726087623945,0.046530649601577746,524,50000,0.8919866666666667,0.9735976479666667,0.2839854817708333,0.36559852804854925,0.28979621422818225,False,/data/suehara/part/march/datasets/20250711_ilc_nnqq_sgv_10m_3cat_parquet,val50k_tail,,proxy
9,9,0,,lr_14e-6,1.4e-05,validation_total_reference_mistag_geomean_percent,0.36824609882372195,min,0.8909999755931296,0.8909999755931296,0.5078367301494225,0.2670251701939535,0.36824609882372195,,0.14200000208007815,0.06799999900390627,2.7139998803183034,0.19399999597412118,0.4480000131250004,0.057999999716796875,2.465999889185033,1.0380000253417976,0.015872517214740804,0.01786679732913854,71,50000,0.010701894656100771,0.01269913471129969,34,50000,0.07172804120774562,0.07361944337970286,1357,50000,0.018707497323864092,0.02069969747986102,97,50000,0.02889125218437814,0.03087329254357089,224,50000,0.009814507069923326,0.0118121471171224,29,50000,0.06841204102733013,0.07031336300089112,1233,50000,0.04435695613715339,0.04631539696833692,519,50000,0.89218,0.9737122338,0.283450078125,0.36559852804854925,0.28912844252263104,False,/data/suehara/part/march/datasets/20250711_ilc_nnqq_sgv_10m_3cat_parquet,val50k_tail,,proxy
9,9,0,,lr_3e-6,3e-06,validation_total_reference_mistag_geomean_percent,0.3841086025813352,min,0.9387499737739574,0.9387499737739574,0.5355397230295712,0.275496685366959,0.3841086025813352,,0.15600000152343751,0.06600000112792971,2.8839999304699724,0.19399999597412118,0.4760000078442384,0.062000001059570334,2.599999880981451,1.0719999712109383,0.016680831524164903,0.01867455164976243,78,50000,0.010529894247015226,0.01252721430061417,33,50000,0.0739070594357287,0.07579166174368282,1442,50000,0.018707497323864092,0.02069969747986102,97,50000,0.02980613933575762,0.03178705971734995,238,50000,0.010177937621807402,0.012175417672206403,31,50000,0.07022502911149496,0.07212099119225344,1300,50000,0.045085886647388586,0.04704296750577142,536,50000,0.8909933333333333,0.9729058087666668,0.2872302994791667,0.36559852804854925,0.2935065327727942,False,/data/suehara/part/march/datasets/20250711_ilc_nnqq_sgv_10m_3cat_parquet,val50k_tail,,proxy
9,9,0,,lr_5_75e-6,5.75e-06,validation_total_reference_mistag_geomean_percent,0.37707720002923595,min,0.9137499850062188,0.9137499850062188,0.5203252104693588,0.2732660496185234,0.37707720002923595,,0.14999999542236342,0.07000000085449219,2.766000011817627,0.1920000075000003,0.463999997734375,0.057999999716796875,2.535999881589361,1.0739999854147342,0.01633905115671229,0.018333011277509914,75,50000,0.010871397397403768,0.01286855745420266,35,50000,0.07240225216883708,0.07429157438239298,1383,50000,0.018606088111257617,0.020598368265654594,96,50000,0.029417474592283426,0.03139887496427596,232,50000,0.009814507069923326,0.0118121471171224,29,50000,0.06936557604661046,0.0712640980761705,1268,50000,0.0451283910866988,0.047085391946681716,537,50000,0.89156,0.9732438227666668,0.2856420182291667,0.36559852804854925,0.2917377847104159,False,/data/suehara/part/march/datasets/20250711_ilc_nnqq_sgv_10m_3cat_parquet,val50k_tail,,proxy
9,9,0,,lr_8_5e-6,8.5e-06,validation_total_reference_mistag_geomean_percent,0.36782256583370077,min,0.9057499940831,0.9057499940831,0.5073635001539292,0.2666597811932479,0.36782256583370077,,0.14200000208007815,0.06799999900390627,2.7560000487817393,0.18999999768066408,0.4620000125482181,0.05400000131835941,2.5199999230957055,1.053999968156129,0.015872517214740804,0.01786679732913854,71,50000,0.010701894656100771,0.01269913471129969,34,50000,0.07227313424578302,0.07416285645133955,1378,50000,0.018504147852544686,0.02049650800534169,95,50000,0.02935220449491096,0.031333684865303586,231,50000,0.0094384043456773,0.011436204389676428,27,50000,0.06914888863409248,0.07104805065085255,1260,50000,0.04470149155571448,0.04665929239969762,527,50000,0.8918133333333333,0.9734487527333334,0.2846820963541667,0.36559852804854925,0.290625948909064,False,/data/suehara/part/march/datasets/20250711_ilc_nnqq_sgv_10m_3cat_parquet,val50k_tail,,proxy
10,10,0,,lr_11_25e-6,1.125e-05,validation_total_reference_mistag_geomean_percent,0.37188122042156135,min,0.8959999963076606,0.8959999963076606,0.5106141966695009,0.27084174902356434,0.37188122042156135,,0.14599999750488285,0.07000000085449219,2.7139998803183034,0.19399999597412118,0.44999998626709026,0.057999999716796875,2.4900001149330193,1.0459999948925782,0.0161073831476864,0.01810150326528408,73,50000,0.010871397397403768,0.01286855745420266,35,50000,0.07172804120774562,0.07361944337970286,1357,50000,0.018707497323864092,0.02069969747986102,97,50000,0.02895754437551969,0.03093950473631252,225,50000,0.009814507069923326,0.0118121471171224,29,50000,0.06874059117546634,0.07064095316822692,1245,50000,0.04452956335492912,0.04648768419251263,523,50000,0.8920866666666667,0.9736528925333333,0.2837141927083333,0.36559852804854925,0.2898246298470082,False,/data/suehara/part/march/datasets/20250711_ilc_nnqq_sgv_10m_3cat_parquet,val50k_tail,,proxy
10,10,0,,lr_14e-6,1.4e-05,validation_total_reference_mistag_geomean_percent,0.3681494030009197,min,0.8847499770321475,0.8847499770321475,0.5076794424080564,0.2669676406179861,0.3681494030009197,,0.14399999718750006,0.06799999900390627,2.6739998741258297,0.19399999597412118,0.44999998626709026,0.057999999716796875,2.4519999386401383,1.0380000253417976,0.01599035816667656,0.01798455828267429,72,50000,0.010701894656100771,0.01269913471129969,34,50000,0.07120463368525433,0.07309763582521202,1337,50000,0.018707497323864092,0.02069969747986102,97,50000,0.02895754437551969,0.03093950473631252,225,50000,0.009814507069923326,0.0118121471171224,29,50000,0.06821959129655122,0.07012147325891269,1226,50000,0.04435695613715339,0.04631539696833692,519,50000,0.8923533333333333,0.9737656418333334,0.283180859375,0.36559852804854925,0.2891569398148522,False,/data/suehara/part/march/datasets/20250711_ilc_nnqq_sgv_10m_3cat_parquet,val50k_tail,,proxy
10,10,0,,lr_3e-6,1.3500000000000001e-05,validation_total_reference_mistag_geomean_percent,0.37003278281460683,min,0.8929999749761972,0.8929999749761972,0.509509604712714,0.26873734879782385,0.37003278281460683,,0.14599999750488285,0.06799999900390627,2.7079998615753245,0.19399999597412118,0.44999998626709026,0.057999999716796875,2.477999979960022,1.0419999798074344,0.0161073831476864,0.01810150326528408,73,50000,0.010701894656100771,0.01269913471129969,34,50000,0.0716497980193357,0.07354144018649304,1354,50000,0.018707497323864092,0.02069969747986102,97,50000,0.02895754437551969,0.03093950473631252,225,50000,0.009814507069923326,0.0118121471171224,29,50000,0.06857653031644186,0.07047737229960264,1239,50000,0.04444334510580756,0.046401625940190906,521,50000,0.8920933333333333,0.9736630390666668,0.28365712239583335,0.36559852804854925,0.2898152349379334,False,/data/suehara/part/march/datasets/20250711_ilc_nnqq_sgv_10m_3cat_parquet,val50k_tail,,proxy
10,10,0,,lr_5_75e-6,9e-06,validation_total_reference_mistag_geomean_percent,0.37180394958252166,min,0.8977499906283001,0.8977499906283001,0.5119765560923994,0.2700088027081725,0.37180394958252166,,0.14399999718750006,0.07000000085449219,2.7179999375825514,0.19399999597412118,0.45200000137939456,0.057999999716796875,2.4960000243750002,1.049999967956544,0.01599035816667656,0.01798455828267429,72,50000,0.010871397397403768,0.01286855745420266,35,50000,0.07178015121059762,0.07367139338575433,1359,50000,0.018707497323864092,0.02069969747986102,97,50000,0.029023687661311817,0.031005568023704556,226,50000,0.009814507069923326,0.0118121471171224,29,50000,0.0688224618870574,0.07072258388461788,1248,50000,0.04461561185209913,0.04657357269288245,525,50000,0.8920133333333333,0.9736417166333333,0.283775,0.36559852804854925,0.2898338279203254,False,/data/suehara/part/march/datasets/20250711_ilc_nnqq_sgv_10m_3cat_parquet,val50k_tail,,proxy
10,10,0,,lr_8_5e-6,8.5e-06,validation_total_reference_mistag_geomean_percent,0.3699755686716071,min,0.9019999943491366,0.9019999943491366,0.5103593090821782,0.2682069651282451,0.3699755686716071,,0.14399999718750006,0.06799999900390627,2.7239999605133063,0.19399999597412118,0.45800000978393574,0.05600000164062505,2.5239999715002446,1.0480000191894534,0.01599035816667656,0.01798455828267429,72,50000,0.010701894656100771,0.01269913471129969,34,50000,0.07185823825424306,0.07374924043419967,1362,50000,0.018707497323864092,0.02069969747986102,97,50000,0.02922123384962918,0.031202874216821816,229,50000,0.009628122740163846,0.011625842785762949,28,50000,0.06920312989126647,0.0711021319112267,1262,50000,0.0445726087623945,0.046530649601577746,524,50000,0.8918533333333334,0.9735028806666666,0.2844245703125,0.36559852804854925,0.29065498562156444,False,/data/suehara/part/march/datasets/20250711_ilc_nnqq_sgv_10m_3cat_parquet,val50k_tail,,proxy
11,11,0,,lr_11_25e-6,1.125e-05,validation_total_reference_mistag_geomean_percent,0.3673973977881852,min,0.8887499963573844,0.8887499963573844,0.5080447826338128,0.2656869089409017,0.3673973977881852,,0.14000000170898438,0.06799999900390627,2.6980000687509174,0.19399999597412118,0.45200000137939456,0.057999999716796875,2.4719999404028337,1.0279999639221205,0.01575384307703153,0.01774820318982931,70,50000,0.010701894656100771,0.01269913471129969,34,50000,0.07151918346484203,0.07341122562399931,1349,50000,0.018707497323864092,0.02069969747986102,97,50000,0.029023687661311817,0.031005568023704556,226,50000,0.009814507069923326,0.0118121471171224,29,50000,0.06849433941545705,0.07039542139381794,1236,50000,0.04414023038349056,0.04609907120667403,514,50000,0.8921466666666666,0.9736921294666666,0.28354858072916667,0.36559852804854925,0.28941564719865254,False,/data/suehara/part/march/datasets/20250711_ilc_nnqq_sgv_10m_3cat_parquet,val50k_tail,,proxy
11,11,0,,lr_14e-6,1.4e-05,validation_total_reference_mistag_geomean_percent,0.3644525588642705,min,0.8812500032790768,0.8812500032790768,0.5009574247135509,0.2651436252066026,0.3644525588642705,,0.14000000170898438,0.06799999900390627,2.6759998913855023,0.19399999597412118,0.4460000122497562,0.05600000164062505,2.4340000872787506,1.036000036990968,0.01575384307703153,0.01774820318982931,70,50000,0.010701894656100771,0.01269913471129969,34,50000,0.07123090446047621,0.07312382660203363,1338,50000,0.018707497323864092,0.02069969747986102,97,50000,0.028824810095263997,0.03080693045285684,223,50000,0.009628122740163846,0.011625842785762949,28,50000,0.06797128505690829,0.06987388700486936,1217,50000,0.044313697328091095,0.046272218157674544,518,50000,0.8922933333333334,0.9738013596333334,0.2830194401041667,0.3644525588642705,0.28872568466542,False,/data/suehara/part/march/datasets/20250711_ilc_nnqq_sgv_10m_3cat_parquet,val50k_tail,,proxy
11,11,0,,lr_3e-6,1.3500000000000001e-05,validation_total_reference_mistag_geomean_percent,0.36888135964923,min,0.887749980177594,0.887749980177594,0.5123471893329633,0.2655883750895985,0.36888135964923,,0.14000000170898438,0.06799999900390627,2.693999924568331,0.19399999597412118,0.45200000137939456,0.060000001464843786,2.4619999015741008,1.0320000157470706,0.01575384307703153,0.01774820318982931,70,50000,0.010701894656100771,0.01269913471129969,34,50000,0.07146686414511716,0.07335906630107428,1347,50000,0.018707497323864092,0.02069969747986102,97,50000,0.029023687661311817,0.031005568023704556,226,50000,0.009997726831193746,0.011995286879992793,30,50000,0.06835711553137593,0.07025859750173676,1231,50000,0.04422705044553055,0.04618573127191418,516,50000,0.89218,0.9737073860666667,0.2834669401041667,0.3644525588642705,0.2893524226917753,False,/data/suehara/part/march/datasets/20250711_ilc_nnqq_sgv_10m_3cat_parquet,val50k_tail,,proxy
11,11,0,,lr_5_75e-6,9e-06,validation_total_reference_mistag_geomean_percent,0.36794230030092795,min,0.8894999940300372,0.8894999940300372,0.5076550985876224,0.2666801470671551,0.36794230030092795,,0.14200000208007815,0.06799999900390627,2.7000000102996826,0.19399999597412118,0.4480000131250004,0.057999999716796875,2.4719999404028337,1.0339999916378786,0.015872517214740804,0.01786679732913854,71,50000,0.010701894656100771,0.01269913471129969,34,50000,0.07154532735246799,0.07343728951322501,1350,50000,0.018707497323864092,0.02069969747986102,97,50000,0.02889125218437814,0.03087329254357089,224,50000,0.009814507069923326,0.0118121471171224,29,50000,0.06849433941545705,0.07039542139381794,1236,50000,0.04427039547207877,0.04622899630006248,517,50000,0.8921333333333333,0.9736726729999999,0.2836560546875,0.3644525588642705,0.2894807229373253,False,/data/suehara/part/march/datasets/20250711_ilc_nnqq_sgv_10m_3cat_parquet,val50k_tail,,proxy
11,11,0,,lr_8_5e-6,8.5e-06,validation_total_reference_mistag_geomean_percent,0.369530348560501,min,0.9017500005216414,0.9017500005216414,0.5105812319629219,0.26744555020612615,0.369530348560501,,0.13799999730468757,0.07000000085449219,2.7300000916442904,0.19399999597412118,0.45800000978393574,0.05600000164062505,2.5139999388148513,1.053999968156129,0.015634317924008823,0.01762875803520661,69,50000,0.010871397397403768,0.01286855745420266,35,50000,0.07193623201198554,0.07382699419674205,1365,50000,0.018707497323864092,0.02069969747986102,97,50000,0.02922123384962918,0.031202874216821816,229,50000,0.009628122740163846,0.011625842785762949,28,50000,0.06906743962429539,0.07096684163625556,1257,50000,0.04470149155571448,0.04665929239969762,527,50000,0.8920333333333333,0.9735438456333334,0.2842493880208333,0.3644525588642705,0.29027514042001357,False,/data/suehara/part/march/datasets/20250711_ilc_nnqq_sgv_10m_3cat_parquet,val50k_tail,,proxy
12,12,0,,lr_11_25e-6,1.125e-05,validation_total_reference_mistag_geomean_percent,0.3676153623601129,min,0.8889999918266687,0.8889999918266687,0.508271415254065,0.2658836412738367,0.3676153623601129,,0.14000000170898438,0.06799999900390627,2.706000066683809,0.19399999597412118,0.44999998626709026,0.057999999716796875,2.453999905451206,1.0419999798074344,0.01575384307703153,0.01774820318982931,70,50000,0.010701894656100771,0.01269913471129969,34,50000,0.07162369606254597,0.07351541822810288,1353,50000,0.018707497323864092,0.02069969747986102,97,50000,0.02895754437551969,0.03093950473631252,225,50000,0.009814507069923326,0.0118121471171224,29,50000,0.06824712025735036,0.07014892222131155,1227,50000,0.04444334510580756,0.046401625940190906,521,50000,0.8921466666666666,0.9737338641333334,0.28335787760416664,0.3644525588642705,0.2892709375846278,False,/data/suehara/part/march/datasets/20250711_ilc_nnqq_sgv_10m_3cat_parquet,val50k_tail,,proxy
12,12,0,,lr_14e-6,1.4e-05,validation_total_reference_mistag_geomean_percent,0.3621560937272741,min,0.882000003184682,0.882000003184682,0.49663240043796636,0.26409278997531044,0.3621560937272741,,0.13799999730468757,0.06799999900390627,2.6720001206835993,0.19399999597412118,0.44200000957702656,0.05400000131835941,2.4459999218083217,1.0419999798074344,0.015634317924008823,0.01762875803520661,69,50000,0.010701894656100771,0.01269913471129969,34,50000,0.07117835226113853,0.07307143439949648,1336,50000,0.018707497323864092,0.02069969747986102,97,50000,0.028691472196859958,0.03067375255125281,221,50000,0.0094384043456773,0.011436204389676428,27,50000,0.06813693184240868,0.07003905379996955,1223,50000,0.04444334510580756,0.046401625940190906,521,50000,0.8923933333333334,0.9738419445333332,0.2828354036458333,0.3621560937272741,0.28857137304666436,False,/data/suehara/part/march/datasets/20250711_ilc_nnqq_sgv_10m_3cat_parquet,val50k_tail,,proxy
12,12,0,,lr_3e-6,1.3500000000000001e-05,validation_total_reference_mistag_geomean_percent,0.36611055655805747,min,0.8887499742935191,0.8887499742935191,0.5042119906535248,0.265834494434615,0.36611055655805747,,0.14000000170898438,0.06799999900390627,2.703999876220709,0.19399999597412118,0.44999998626709026,0.05600000164062505,2.4519999386401383,1.0459999948925782,0.01575384307703153,0.01774820318982931,70,50000,0.010701894656100771,0.01269913471129969,34,50000,0.0715975836400002,0.07348938580395738,1352,50000,0.018707497323864092,0.02069969747986102,97,50000,0.02895754437551969,0.03093950473631252,225,50000,0.009628122740163846,0.011625842785762949,28,50000,0.06821959129655122,0.07012147325891269,1226,50000,0.04452956335492912,0.04648768419251263,523,50000,0.8922,0.9737571451333333,0.2832420703125,0.3621560937272741,0.2891612628183156,False,/data/suehara/part/march/datasets/20250711_ilc_nnqq_sgv_10m_3cat_parquet,val50k_tail,,proxy
12,12,0,,lr_5_75e-6,9e-06,validation_total_reference_mistag_geomean_percent,0.36861288983716367,min,0.8917499763727201,0.8917499763727201,0.5088488941151575,0.2670251701939535,0.36861288983716367,,0.14200000208007815,0.06799999900390627,2.7139998803183034,0.19399999597412118,0.4480000131250004,0.057999999716796875,2.4619999015741008,1.0480000191894534,0.015872517214740804,0.01786679732913854,71,50000,0.010701894656100771,0.01269913471129969,34,50000,0.07172804120774562,0.07361944337970286,1357,50000,0.018707497323864092,0.02069969747986102,97,50000,0.02889125218437814,0.03087329254357089,224,50000,0.009814507069923326,0.0118121471171224,29,50000,0.06835711553137593,0.07025859750173676,1231,50000,0.0445726087623945,0.046530649601577746,524,50000,0.8921466666666666,0.9737088979333334,0.2834895182291667,0.3621560937272741,0.28938567290159706,False,/data/suehara/part/march/datasets/20250711_ilc_nnqq_sgv_10m_3cat_parquet,val50k_tail,,proxy
12,12,0,,lr_8_5e-6,8.5e-06,validation_total_reference_mistag_geomean_percent,0.3701883506935942,min,0.8980000019977195,0.8980000019977195,0.5126831106852557,0.2672984776230987,0.3701883506935942,,0.13799999730468757,0.07000000085449219,2.7239999605133063,0.19399999597412118,0.4540000091442873,0.057999999716796875,2.494000087146915,1.0519999653271497,0.015634317924008823,0.01762875803520661,69,50000,0.010871397397403768,0.01286855745420266,35,50000,0.07185823825424306,0.07374924043419967,1362,50000,0.018707497323864092,0.02069969747986102,97,50000,0.029089683023430808,0.031071483387423455,227,50000,0.009814507069923326,0.0118121471171224,29,50000,0.06879518344380942,0.07069538543977016,1247,50000,0.0446585727435566,0.04661645358594001,526,50000,0.8919866666666667,0.9735890346666668,0.28404908854166666,0.3621560937272741,0.29014307320089583,False,/data/suehara/part/march/datasets/20250711_ilc_nnqq_sgv_10m_3cat_parquet,val50k_tail,,proxy
13,13,0,,lr_11_25e-6,1.125e-05,validation_total_reference_mistag_geomean_percent,0.36731960254790297,min,0.8872499941012577,0.8872499941012577,0.5079238089730529,0.26563765673585027,0.36731960254790297,,0.14000000170898438,0.06799999900390627,2.69600003784668,0.19399999597412118,0.44999998626709026,0.057999999716796875,2.4519999386401383,1.0399999936523439,0.01575384307703153,0.01774820318982931,70,50000,0.010701894656100771,0.01269913471129969,34,50000,0.07149302906618235,0.0733851512237399,1348,50000,0.018707497323864092,0.02069969747986102,97,50000,0.02895754437551969,0.03093950473631252,225,50000,0.009814507069923326,0.0118121471171224,29,50000,0.06821959129655122,0.07012147325891269,1226,50000,0.04440017202225789,0.046358532855041504,520,50000,0.8922066666666667,0.9737686271333335,0.2831980989583333,0.3621560937272741,0.2887828198219911,False,/data/suehara/part/march/datasets/20250711_ilc_nnqq_sgv_10m_3cat_parquet,val50k_tail,,proxy
13,13,0,,lr_14e-6,1.4e-05,validation_total_reference_mistag_geomean_percent,0.3639107061736498,min,0.8785000043593607,0.8785000043593607,0.49788701782001443,0.2659860517103865,0.3639107061736498,,0.14200000208007815,0.06799999900390627,2.6720001206835993,0.19399999597412118,0.4359999901538088,0.05600000164062505,2.4199999316864034,1.0399999936523439,0.015872517214740804,0.01786679732913854,71,50000,0.010701894656100771,0.01269913471129969,34,50000,0.07117835226113853,0.07307143439949648,1336,50000,0.018707497323864092,0.02069969747986102,97,50000,0.028490315650111717,0.03047283599970467,218,50000,0.009628122740163846,0.011625842785762949,28,50000,0.06777747439242338,0.06968063632918492,1210,50000,0.04440017202225789,0.046358532855041504,520,50000,0.8924733333333333,0.9738760656666666,0.28265766927083336,0.3621560937272741,0.2880707205008258,False,/data/suehara/part/march/datasets/20250711_ilc_nnqq_sgv_10m_3cat_parquet,val50k_tail,,proxy
13,13,0,,lr_3e-6,1.3500000000000001e-05,validation_total_reference_mistag_geomean_percent,0.36525867772236065,min,0.8854999977957156,0.8854999977957156,0.5004622996409179,0.26658132240372934,0.36525867772236065,,0.14200000208007815,0.06799999900390627,2.69600003784668,0.19399999597412118,0.44000001342773476,0.05600000164062505,2.447999938740236,1.0399999936523439,0.015872517214740804,0.01786679732913854,71,50000,0.010701894656100771,0.01269913471129969,34,50000,0.07149302906618235,0.0733851512237399,1348,50000,0.018707497323864092,0.02069969747986102,97,50000,0.0286245743460283,0.030606934698821243,220,50000,0.009628122740163846,0.011625842785762949,28,50000,0.06816449710352161,0.07006653906268291,1224,50000,0.04440017202225789,0.046358532855041504,520,50000,0.8923,0.9737965609333333,0.28305809895833334,0.3621560937272741,0.2886326658325917,False,/data/suehara/part/march/datasets/20250711_ilc_nnqq_sgv_10m_3cat_parquet,val50k_tail,,proxy
13,13,0,,lr_5_75e-6,9e-06,validation_total_reference_mistag_geomean_percent,0.3677172612636124,min,0.8892500065612797,0.8892500065612797,0.5085532287108678,0.2658836412738367,0.3677172612636124,,0.14000000170898438,0.06799999900390627,2.706000066683809,0.19399999597412118,0.45200000137939456,0.057999999716796875,2.4579999626814275,1.0380000253417976,0.01575384307703153,0.01774820318982931,70,50000,0.010701894656100771,0.01269913471129969,34,50000,0.07162369606254597,0.07351541822810288,1353,50000,0.018707497323864092,0.02069969747986102,97,50000,0.029023687661311817,0.031005568023704556,226,50000,0.009814507069923326,0.0118121471171224,29,50000,0.06830214197950449,0.07020378394666585,1229,50000,0.04435695613715339,0.04631539696833692,519,50000,0.8922733333333334,0.9737393264333333,0.2833368359375,0.3621560937272741,0.28894157099451595,False,/data/suehara/part/march/datasets/20250711_ilc_nnqq_sgv_10m_3cat_parquet,val50k_tail,,proxy
13,13,0,,lr_8_5e-6,8.5e-06,validation_total_reference_mistag_geomean_percent,0.36919577720708313,min,0.8974999860254101,0.8974999860254101,0.5064338625928505,0.2691477248572644,0.36919577720708313,,0.14000000170898438,0.07000000085449219,2.7319999395538344,0.1960000040673829,0.44999998626709026,0.05600000164062505,2.4859999861543276,1.049999967956544,0.01575384307703153,0.01774820318982931,70,50000,0.010871397397403768,0.01286855745420266,35,50000,0.07196220925270759,0.07385289143906452,1366,50000,0.018808383644857783,0.020800503802454642,98,50000,0.02895754437551969,0.03093950473631252,225,50000,0.009628122740163846,0.011625842785762949,28,50000,0.06868595163899184,0.07058647362855226,1243,50000,0.04461561185209913,0.04657357269288245,525,50000,0.8920066666666666,0.9736243600666667,0.2838876692708333,0.3621560937272741,0.2896689224623137,False,/data/suehara/part/march/datasets/20250711_ilc_nnqq_sgv_10m_3cat_parquet,val50k_tail,,proxy
14,14,0,,lr_11_25e-6,1.125e-05,validation_total_reference_mistag_geomean_percent,0.3648391289939589,min,0.8852499881532101,0.8852499881532101,0.5013908322628113,0.26547671293538994,0.3648391289939589,,0.14399999718750006,0.06600000112792971,2.693999924568331,0.19399999597412118,0.44400001083984403,0.05600000164062505,2.4439999802349854,1.0399999936523439,0.01599035816667656,0.01798455828267429,72,50000,0.010529894247015226,0.01252721430061417,33,50000,0.07146686414511716,0.07335906630107428,1347,50000,0.018707497323864092,0.02069969747986102,97,50000,0.028758217104436073,0.030740417460429006,222,50000,0.009628122740163846,0.011625842785762949,28,50000,0.06810935445225874,0.07001155640821988,1222,50000,0.04440017202225789,0.046358532855041504,520,50000,0.8922933333333334,0.9738001345666666,0.2830368489583333,0.3621560937272741,0.28864549850067145,False,/data/suehara/part/march/datasets/20250711_ilc_nnqq_sgv_10m_3cat_parquet,val50k_tail,,proxy
14,14,0,,lr_14e-6,1.4e-05,validation_total_reference_mistag_geomean_percent,0.35852548089248804,min,0.8762500096870618,0.8762500096870618,0.48752041491657644,0.26366182115919273,0.35852548089248804,,0.14200000208007815,0.06600000112792971,2.6579999924967956,0.19399999597412118,0.43200001054687526,0.052000000507812505,2.432000083125003,1.0339999916378786,0.015872517214740804,0.01786679732913854,71,50000,0.010529894247015226,0.01252721430061417,33,50000,0.07099408314384589,0.07288772527100362,1329,50000,0.018707497323864092,0.02069969747986102,97,50000,0.02835543256815773,0.030338112914550866,216,50000,0.00924516668895976,0.011243046731358937,26,50000,0.06794363458668927,0.06984631653305061,1216,50000,0.04427039547207877,0.04622899630006248,517,50000,0.8924733333333333,0.9739024544666668,0.282540234375,0.35852548089248804,0.2879354194948527,False,/data/suehara/part/march/datasets/20250711_ilc_nnqq_sgv_10m_3cat_parquet,val50k_tail,,proxy
14,14,0,,lr_3e-6,1.3500000000000001e-05,validation_total_reference_mistag_geomean_percent,0.3625365573090147,min,0.8814999982123768,0.8814999982123768,0.4961908559940852,0.2648834693298726,0.3625365573090147,,0.14399999718750006,0.06600000112792971,2.6700000926857026,0.19399999597412118,0.44200000957702656,0.05400000131835941,2.44199989417603,1.0399999936523439,0.01599035816667656,0.01798455828267429,72,50000,0.010529894247015226,0.01252721430061417,33,50000,0.0711520601765013,0.07304522231325883,1335,50000,0.018707497323864092,0.02069969747986102,97,50000,0.028691472196859958,0.03067375255125281,221,50000,0.0094384043456773,0.011436204389676428,27,50000,0.06808176491855805,0.06998404687291945,1221,50000,0.04440017202225789,0.046358532855041504,520,50000,0.8923933333333334,0.9738285801000001,0.282902734375,0.35852548089248804,0.2884625503416574,False,/data/suehara/part/march/datasets/20250711_ilc_nnqq_sgv_10m_3cat_parquet,val50k_tail,,proxy
14,14,0,,lr_5_75e-6,9e-06,validation_total_reference_mistag_geomean_percent,0.3658753496552126,min,0.8889999678595175,0.8889999678595175,0.5035900082184037,0.26582094422188735,0.3658753496552126,,0.14399999718750006,0.06600000112792971,2.7079998615753245,0.19399999597412118,0.44999998626709026,0.05600000164062505,2.453999905451206,1.0399999936523439,0.01599035816667656,0.01798455828267429,72,50000,0.010529894247015226,0.01252721430061417,33,50000,0.0716497980193357,0.07354144018649304,1354,50000,0.018707497323864092,0.02069969747986102,97,50000,0.02895754437551969,0.03093950473631252,225,50000,0.009628122740163846,0.011625842785762949,28,50000,0.06824712025735036,0.07014892222131155,1227,50000,0.04440017202225789,0.046358532855041504,520,50000,0.8922333333333333,0.9737673568000002,0.2831913671875,0.35852548089248804,0.28883956232308095,False,/data/suehara/part/march/datasets/20250711_ilc_nnqq_sgv_10m_3cat_parquet,val50k_tail,,proxy
14,14,0,,lr_8_5e-6,8.5e-06,validation_total_reference_mistag_geomean_percent,0.3682090006094755,min,0.8937499781718261,0.8937499781718261,0.5040348565415913,0.2689851036495554,0.3682090006094755,,0.14599999750488285,0.06799999900390627,2.7179999375825514,0.19399999597412118,0.4460000122497562,0.05600000164062505,2.479999901611332,1.0419999798074344,0.0161073831476864,0.01810150326528408,73,50000,0.010701894656100771,0.01269913471129969,34,50000,0.07178015121059762,0.07367139338575433,1359,50000,0.018707497323864092,0.02069969747986102,97,50000,0.028824810095263997,0.03080693045285684,223,50000,0.009628122740163846,0.011625842785762949,28,50000,0.06860390346318315,0.07050466544794368,1240,50000,0.04444334510580756,0.046401625940190906,521,50000,0.8921266666666666,0.9736597965666666,0.28370220052083334,0.35852548089248804,0.28953013160238944,False,/data/suehara/part/march/datasets/20250711_ilc_nnqq_sgv_10m_3cat_parquet,val50k_tail,,proxy
15,15,0,,lr_11_25e-6,1.125e-05,validation_total_reference_mistag_geomean_percent,0.3631352943802166,min,0.8812500135721976,0.8812500135721976,0.4990151398437159,0.26425499247558976,0.3631352943802166,,0.14200000208007815,0.06600000112792971,2.6820000986270176,0.19399999597412118,0.4359999901538088,0.05600000164062505,2.4280000240814212,1.0459999948925782,0.015872517214740804,0.01786679732913854,71,50000,0.010529894247015226,0.01252721430061417,33,50000,0.07130965300872726,0.07320233515508458,1341,50000,0.018707497323864092,0.02069969747986102,97,50000,0.028490315650111717,0.03047283599970467,218,50000,0.009628122740163846,0.011625842785762949,28,50000,0.06788829693773375,0.06979113888089493,1214,50000,0.04452956335492912,0.04648768419251263,523,50000,0.8923866666666667,0.9738470849333334,0.28280701822916665,0.35852548089248804,0.288510830940007,False,/data/suehara/part/march/datasets/20250711_ilc_nnqq_sgv_10m_3cat_parquet,val50k_tail,,proxy
15,15,0,,lr_14e-6,1.4e-05,validation_total_reference_mistag_geomean_percent,0.35761134010565787,min,0.8747500067283062,0.8747500067283062,0.4907968288537344,0.2605678420352561,0.35761134010565787,,0.14000000170898438,0.064,2.6520000574621596,0.19399999597412118,0.42599998777954134,0.05400000131835941,2.4299999842414857,1.0380000253417976,0.01575384307703153,0.01774820318982931,70,50000,0.0103552826863133,0.012352682738312273,32,50000,0.07091494976198438,0.07280883188434221,1326,50000,0.018707497323864092,0.02069969747986102,97,50000,0.02815191825724459,0.03013483859883783,213,50000,0.0094384043456773,0.011436204389676428,27,50000,0.06791597188520564,0.06981873382996724,1215,50000,0.04435695613715339,0.04631539696833692,519,50000,0.89254,0.9739534616333333,0.28225158854166665,0.35761134010565787,0.287783696318841,False,/data/suehara/part/march/datasets/20250711_ilc_nnqq_sgv_10m_3cat_parquet,val50k_tail,,proxy
15,15,0,,lr_3e-6,1.3500000000000001e-05,validation_total_reference_mistag_geomean_percent,0.35989034818640875,min,0.8757500089747245,0.8757500089747245,0.4933560972346678,0.2625305807381702,0.35989034818640875,,0.14000000170898438,0.06600000112792971,2.65000011119843,0.19399999597412118,0.43399999509948733,0.05400000131835941,2.4259999855630494,1.0419999798074344,0.01575384307703153,0.01774820318982931,70,50000,0.010529894247015226,0.01252721430061417,33,50000,0.07088855042782331,0.07278251254858141,1325,50000,0.018707497323864092,0.02069969747986102,97,50000,0.028422952692990465,0.03040555304098351,217,50000,0.0094384043456773,0.011436204389676428,27,50000,0.06786060972951875,0.0697635316710802,1213,50000,0.04444334510580756,0.046401625940190906,521,50000,0.8924733333333333,0.9738834996,0.2826078515625,0.35761134010565787,0.28829527124549864,False,/data/suehara/part/march/datasets/20250711_ilc_nnqq_sgv_10m_3cat_parquet,val50k_tail,,proxy
15,15,0,,lr_5_75e-6,9e-06,validation_total_reference_mistag_geomean_percent,0.36431960537573177,min,0.8854999942996225,0.8854999942996225,0.501529049168212,0.26464822941215504,0.36431960537573177,,0.14200000208007815,0.06600000112792971,2.6980000687509174,0.19399999597412118,0.44400001083984403,0.05600000164062505,2.44199989417603,1.0419999798074344,0.015872517214740804,0.01786679732913854,71,50000,0.010529894247015226,0.01252721430061417,33,50000,0.07151918346484203,0.07341122562399931,1349,50000,0.018707497323864092,0.02069969747986102,97,50000,0.028758217104436073,0.030740417460429006,222,50000,0.009628122740163846,0.011625842785762949,28,50000,0.06808176491855805,0.06998404687291945,1221,50000,0.04444334510580756,0.046401625940190906,521,50000,0.89228,0.9738073964999999,0.282994921875,0.35761134010565787,0.2887421144007729,False,/data/suehara/part/march/datasets/20250711_ilc_nnqq_sgv_10m_3cat_parquet,val50k_tail,,proxy
15,15,0,,lr_8_5e-6,1.68e-05,validation_total_reference_mistag_geomean_percent,0.35726253477658443,min,0.8760000134450536,0.8760000134450536,0.48585351385125447,0.2627057644252554,0.35726253477658443,,0.14399999718750006,0.064,2.664000065039064,0.19399999597412118,0.42599998777954134,0.052000000507812505,2.4280000240814212,1.036000036990968,0.01599035816667656,0.01798455828267429,72,50000,0.0103552826863133,0.012352682738312273,32,50000,0.07107311984285922,0.07296652197481684,1332,50000,0.018707497323864092,0.02069969747986102,97,50000,0.02815191825724459,0.03013483859883783,213,50000,0.00924516668895976,0.011243046731358937,26,50000,0.06788829693773375,0.06979113888089493,1214,50000,0.044313697328091095,0.046272218157674544,518,50000,0.8926266666666667,0.9739616290333334,0.28220118489583335,0.35726253477658443,0.2877869863562874,False,/data/suehara/part/march/datasets/20250711_ilc_nnqq_sgv_10m_3cat_parquet,val50k_tail,,proxy
16,16,0,,lr_11_25e-6,1.125e-05,validation_total_reference_mistag_geomean_percent,0.3621753587037118,min,0.8780000107238393,0.8780000107238393,0.49377558478315836,0.2656490002634822,0.3621753587037118,,0.14599999750488285,0.06600000112792971,2.664000065039064,0.19399999597412118,0.4380000022723389,0.05400000131835941,2.4259999855630494,1.036000036990968,0.0161073831476864,0.01810150326528408,73,50000,0.010529894247015226,0.01252721430061417,33,50000,0.07107311984285922,0.07296652197481684,1332,50000,0.018707497323864092,0.02069969747986102,97,50000,0.028557522513779788,0.030539962864972823,219,50000,0.0094384043456773,0.011436204389676428,27,50000,0.06786060972951875,0.0697635316710802,1213,50000,0.044313697328091095,0.046272218157674544,518,50000,0.89244,0.9738768188666667,0.2826595182291667,0.35726253477658443,0.2881497592443174,False,/data/suehara/part/march/datasets/20250711_ilc_nnqq_sgv_10m_3cat_parquet,val50k_tail,,proxy
16,16,0,,lr_14e-6,1.4e-05,validation_total_reference_mistag_geomean_percent,0.355477020140125,min,0.8699999922093586,0.8699999922093586,0.4836043411070473,0.26129606603289735,0.355477020140125,,0.14200000208007815,0.064,2.643999929397585,0.19399999597412118,0.42599998777954134,0.052000000507812505,2.4160000280175784,1.0219999939181519,0.015872517214740804,0.01786679732913854,71,50000,0.0103552826863133,0.012352682738312273,32,50000,0.07080928763855202,0.07270348975451021,1322,50000,0.018707497323864092,0.02069969747986102,97,50000,0.02815191825724459,0.03013483859883783,213,50000,0.00924516668895976,0.011243046731358937,26,50000,0.06772198925879096,0.06962531119235234,1208,50000,0.04400967338718462,0.04596875420556819,511,50000,0.8926666666666667,0.9739776146666667,0.28214578125,0.355477020140125,0.28741040635057885,False,/data/suehara/part/march/datasets/20250711_ilc_nnqq_sgv_10m_3cat_parquet,val50k_tail,,proxy
16,16,0,,lr_3e-6,1.3500000000000001e-05,validation_total_reference_mistag_geomean_percent,0.36061974915762185,min,0.8747500142228707,0.8747500142228707,0.4919743754857546,0.2643361320477385,0.36061974915762185,,0.14399999718750006,0.06600000112792971,2.6479999692919924,0.19399999597412118,0.43200001054687526,0.05400000131835941,2.4240001013452193,1.036000036990968,0.01599035816667656,0.01798455828267429,72,50000,0.010529894247015226,0.01252721430061417,33,50000,0.07086214030379533,0.07275618242295369,1324,50000,0.018707497323864092,0.02069969747986102,97,50000,0.02835543256815773,0.030338112914550866,216,50000,0.0094384043456773,0.011436204389676428,27,50000,0.06783291024577663,0.06973591218573834,1212,50000,0.044313697328091095,0.046272218157674544,518,50000,0.8925266666666667,0.9739136939,0.28245618489583335,0.355477020140125,0.2879035840327827,False,/data/suehara/part/march/datasets/20250711_ilc_nnqq_sgv_10m_3cat_parquet,val50k_tail,,proxy
16,16,0,,lr_5_75e-6,9e-06,validation_total_reference_mistag_geomean_percent,0.36250037277144187,min,0.8817500159982304,0.8817500159982304,0.4954436307970307,0.2652300122377956,0.36250037277144187,,0.14399999718750006,0.06600000112792971,2.6840000143341065,0.19399999597412118,0.44200000957702656,0.05400000131835941,2.432000083125003,1.0380000253417976,0.01599035816667656,0.01798455828267429,72,50000,0.010529894247015226,0.01252721430061417,33,50000,0.07133588130421552,0.07322848345217327,1342,50000,0.018707497323864092,0.02069969747986102,97,50000,0.028691472196859958,0.03067375255125281,221,50000,0.0094384043456773,0.011436204389676428,27,50000,0.06794363458668927,0.06984631653305061,1216,50000,0.04435695613715339,0.04631539696833692,519,50000,0.8922333333333333,0.9738324724666666,0.2828894921875,0.355477020140125,0.28841490603128767,False,/data/suehara/part/march/datasets/20250711_ilc_nnqq_sgv_10m_3cat_parquet,val50k_tail,,proxy
16,16,0,,lr_8_5e-6,1.68e-05,validation_total_reference_mistag_geomean_percent,0.3551306018231547,min,0.8695000043894204,0.8695000043894204,0.4826622392983051,0.26129606603289735,0.3551306018231547,,0.14200000208007815,0.064,2.643999929397585,0.19399999597412118,0.4239999937890626,0.052000000507812505,2.4180001099493458,1.0180000034173584,0.015872517214740804,0.01786679732913854,71,50000,0.0103552826863133,0.012352682738312273,32,50000,0.07080928763855202,0.07270348975451021,1322,50000,0.018707497323864092,0.02069969747986102,97,50000,0.028083758467464543,0.0300667588074577,212,50000,0.00924516668895976,0.011243046731358937,26,50000,0.06774973799309122,0.06965297992825303,1209,50000,0.0439224159769493,0.04588165679213305,509,50000,0.8927133333333334,0.9739875884333333,0.28208204427083333,0.3551306018231547,0.287372223589603,False,/data/suehara/part/march/datasets/20250711_ilc_nnqq_sgv_10m_3cat_parquet,val50k_tail,,proxy
17,17,0,,lr_11_25e-6,1.125e-05,validation_total_reference_mistag_geomean_percent,0.35861727330334603,min,0.8757499828827486,0.8757499828827486,0.48742014868823086,0.26385111296206887,0.35861727330334603,,0.14399999718750006,0.06600000112792971,2.6559998703125065,0.1920000075000003,0.43200001054687526,0.052000000507812505,2.4299999842414857,1.0339999916378786,0.01599035816667656,0.01798455828267429,72,50000,0.010529894247015226,0.01252721430061417,33,50000,0.07096771610815983,0.07286143823371782,1328,50000,0.018606088111257617,0.020598368265654594,96,50000,0.02835543256815773,0.030338112914550866,216,50000,0.00924516668895976,0.011243046731358937,26,50000,0.06791597188520564,0.06981873382996724,1215,50000,0.04427039547207877,0.04622899630006248,517,50000,0.8926066666666667,0.9738927426666667,0.2825984765625,0.3551306018231547,0.28793823236031285,False,/data/suehara/part/march/datasets/20250711_ilc_nnqq_sgv_10m_3cat_parquet,val50k_tail,,proxy
17,17,0,,lr_14e-6,1.4e-05,validation_total_reference_mistag_geomean_percent,0.3581467532143165,min,0.8692500165423973,0.8692500165423973,0.4836043411070473,0.26523561915165633,0.3581467532143165,,0.14399999718750006,0.06600000112792971,2.630000124404913,0.19799999939575197,0.42599998777954134,0.052000000507812505,2.4160000280175784,1.0219999939181519,0.01599035816667656,0.01798455828267429,72,50000,0.010529894247015226,0.01252721430061417,33,50000,0.07062396167407149,0.07251872377882947,1315,50000,0.01890875502183506,0.02090079518103191,99,50000,0.02815191825724459,0.03013483859883783,213,50000,0.00924516668895976,0.011243046731358937,26,50000,0.06772198925879096,0.06962531119235234,1208,50000,0.04400967338718462,0.04596875420556819,511,50000,0.89284,0.9739920539333333,0.28209640625,0.3551306018231547,0.28719573174698587,False,/data/suehara/part/march/datasets/20250711_ilc_nnqq_sgv_10m_3cat_parquet,val50k_tail,,proxy
17,17,0,,lr_3e-6,1.3500000000000001e-05,validation_total_reference_mistag_geomean_percent,0.35814814202000855,min,0.8704999862287144,0.8704999862287144,0.4845609688546756,0.2647140398773093,0.35814814202000855,,0.14399999718750006,0.06600000112792971,2.6359999457000742,0.1960000040673829,0.4300000065612794,0.052000000507812505,2.4219999312603777,1.0180000034173584,0.01599035816667656,0.01798455828267429,72,50000,0.010529894247015226,0.01252721430061417,33,50000,0.07070345230494601,0.07259797441450389,1318,50000,0.018808383644857783,0.020800503802454642,98,50000,0.02828775418893207,0.030270514533725125,215,50000,0.00924516668895976,0.011243046731358937,26,50000,0.06780519847169354,0.06970828041005482,1211,50000,0.0439224159769493,0.04588165679213305,509,50000,0.8926133333333334,0.9739324850000001,0.2824068359375,0.3551306018231547,0.2876688472107443,False,/data/suehara/part/march/datasets/20250711_ilc_nnqq_sgv_10m_3cat_parquet,val50k_tail,,proxy
17,17,0,,lr_5_75e-6,9e-06,validation_total_reference_mistag_geomean_percent,0.3624409763618202,min,0.8805000177357489,0.8805000177357489,0.49602216923577014,0.26483385117343333,0.3624409763618202,,0.14399999718750006,0.06600000112792971,2.66800006961487,0.19399999597412118,0.44200000957702656,0.05400000131835941,2.4340000872787506,1.0419999798074344,0.01599035816667656,0.01798455828267429,72,50000,0.010529894247015226,0.01252721430061417,33,50000,0.07112575741969329,0.07301899955485108,1334,50000,0.018707497323864092,0.02069969747986102,97,50000,0.028691472196859958,0.03067375255125281,221,50000,0.0094384043456773,0.011436204389676428,27,50000,0.06797128505690829,0.06987388700486936,1217,50000,0.04444334510580756,0.046401625940190906,521,50000,0.8923533333333333,0.9738477704666666,0.2828268098958333,0.3551306018231547,0.28822955935271455,False,/data/suehara/part/march/datasets/20250711_ilc_nnqq_sgv_10m_3cat_parquet,val50k_tail,,proxy
17,17,0,,lr_8_5e-6,1.68e-05,validation_total_reference_mistag_geomean_percent,0.3584114098656239,min,0.8664999988375858,0.8664999988375858,0.4823990692077255,0.26629143155860596,0.3584114098656239,,0.14399999718750006,0.06799999900390627,2.6200000479736336,0.1960000040673829,0.4239999937890626,0.052000000507812505,2.407999941945802,1.020000006225586,0.01599035816667656,0.01798455828267429,72,50000,0.010701894656100771,0.01269913471129969,34,50000,0.07049125893131454,0.07238642102807315,1310,50000,0.018808383644857783,0.020800503802454642,98,50000,0.028083758467464543,0.0300667588074577,212,50000,0.00924516668895976,0.011243046731358937,26,50000,0.06761087067270397,0.06951451259986571,1204,50000,0.043966066708366405,0.04592522752515024,510,50000,0.8927866666666666,0.9740067562666667,0.282029765625,0.3551306018231547,0.287118458360618,False,/data/suehara/part/march/datasets/20250711_ilc_nnqq_sgv_10m_3cat_parquet,val50k_tail,,proxy
18,18,0,,lr_11_25e-6,1.125e-05,validation_total_reference_mistag_geomean_percent,0.3568370628263586,min,0.8727500049733361,0.8727500049733361,0.4865542212289183,0.2617029795465159,0.3568370628263586,,0.14000000170898438,0.06600000112792971,2.643999929397585,0.1920000075000003,0.4300000065612794,0.052000000507812505,2.4240001013452193,1.0339999916378786,0.01575384307703153,0.01774820318982931,70,50000,0.010529894247015226,0.01252721430061417,33,50000,0.07080928763855202,0.07270348975451021,1322,50000,0.018606088111257617,0.020598368265654594,96,50000,0.02828775418893207,0.030270514533725125,215,50000,0.00924516668895976,0.011243046731358937,26,50000,0.06783291024577663,0.06973591218573834,1212,50000,0.04427039547207877,0.04622899630006248,517,50000,0.8926666666666667,0.9739232625333334,0.2824575,0.3551306018231547,0.28758723240900697,False,/data/suehara/part/march/datasets/20250711_ilc_nnqq_sgv_10m_3cat_parquet,val50k_tail,,proxy
18,18,0,,lr_14e-6,1.4e-05,validation_total_reference_mistag_geomean_percent,0.3559920925094301,min,0.8670000267104351,0.8670000267104351,0.4819292174814045,0.26296469550351054,0.3559920925094301,,0.14200000208007815,0.06600000112792971,2.630000124404913,0.19399999597412118,0.42199999510620123,0.052000000507812505,2.4100000882568393,1.020000006225586,0.015872517214740804,0.01786679732913854,71,50000,0.010529894247015226,0.01252721430061417,33,50000,0.07062396167407149,0.07251872377882947,1315,50000,0.018707497323864092,0.02069969747986102,97,50000,0.028015435948228976,0.029998516286622225,211,50000,0.00924516668895976,0.011243046731358937,26,50000,0.06763866889655593,0.06954223082531741,1205,50000,0.043966066708366405,0.04592522752515024,510,50000,0.89288,0.9740237830666666,0.2819520963541667,0.3551306018231547,0.2868348569004153,False,/data/suehara/part/march/datasets/20250711_ilc_nnqq_sgv_10m_3cat_parquet,val50k_tail,,proxy
18,18,0,,lr_3e-6,1.3500000000000001e-05,validation_total_reference_mistag_geomean_percent,0.3567128623094413,min,0.871999996568203,0.871999996568203,0.48467784974112393,0.2625332810339033,0.3567128623094413,,0.14200000208007815,0.06600000112792971,2.6399999919433594,0.1920000075000003,0.4239999937890626,0.052000000507812505,2.4299999842414857,1.0299999913558961,0.015872517214740804,0.01786679732913854,71,50000,0.010529894247015226,0.01252721430061417,33,50000,0.07075639167085507,0.0726507537836131,1320,50000,0.018606088111257617,0.020598368265654594,96,50000,0.028083758467464543,0.0300667588074577,212,50000,0.00924516668895976,0.011243046731358937,26,50000,0.06791597188520564,0.06981873382996724,1215,50000,0.04418366212426278,0.04614242294904633,515,50000,0.8927466666666667,0.9739677545666666,0.282218359375,0.3551306018231547,0.2872936432770693,False,/data/suehara/part/march/datasets/20250711_ilc_nnqq_sgv_10m_3cat_parquet,val50k_tail,,proxy
18,18,0,,lr_5_75e-6,9e-06,validation_total_reference_mistag_geomean_percent,0.3575819117187993,min,0.8740000133020024,0.8740000133020024,0.488680006791704,0.2616534783731648,0.3575819117187993,,0.14000000170898438,0.06600000112792971,2.6420000443450937,0.1920000075000003,0.4359999901538088,0.052000000507812505,2.4280000240814212,1.036000036990968,0.01575384307703153,0.01774820318982931,70,50000,0.010529894247015226,0.01252721430061417,33,50000,0.07078284507348702,0.07267712718784479,1321,50000,0.018606088111257617,0.020598368265654594,96,50000,0.028490315650111717,0.03047283599970467,218,50000,0.00924516668895976,0.011243046731358937,26,50000,0.06788829693773375,0.06979113888089493,1214,50000,0.044313697328091095,0.046272218157674544,518,50000,0.8925266666666667,0.9738764088333333,0.28267704427083334,0.3551306018231547,0.2879042423009759,False,/data/suehara/part/march/datasets/20250711_ilc_nnqq_sgv_10m_3cat_parquet,val50k_tail,,proxy
18,18,0,,lr_8_5e-6,1.68e-05,validation_total_reference_mistag_geomean_percent,0.35574124801219564,min,0.8634999982720188,0.8634999982720188,0.48182534007716676,0.26265085086020296,0.35574124801219564,,0.14399999718750006,0.06600000112792971,2.607999933144533,0.1920000075000003,0.4239999937890626,0.052000000507812505,2.4060000212933352,1.0160000316259776,0.01599035816667656,0.01798455828267429,72,50000,0.010529894247015226,0.01252721430061417,33,50000,0.0703316534734804,0.07222729556063921,1304,50000,0.018606088111257617,0.020598368265654594,96,50000,0.028083758467464543,0.0300667588074577,212,50000,0.00924516668895976,0.011243046731358937,26,50000,0.0675830600388904,0.06948678196445242,1203,50000,0.043878721064451176,0.04583804187803485,508,50000,0.89288,0.9740457852666667,0.28184045572916666,0.3551306018231547,0.28672263148936245,False,/data/suehara/part/march/datasets/20250711_ilc_nnqq_sgv_10m_3cat_parquet,val50k_tail,,proxy
19,19,0,,lr_11_25e-6,1.125e-05,validation_total_reference_mistag_geomean_percent,0.3589446376532597,min,0.8730000039141856,0.8730000039141856,0.4846758288631929,0.2658297468685968,0.3589446376532597,,0.14599999750488285,0.06600000112792971,2.643999929397585,0.1960000040673829,0.42199999510620123,0.052000000507812505,2.4180001099493458,1.0399999936523439,0.0161073831476864,0.01810150326528408,73,50000,0.010529894247015226,0.01252721430061417,33,50000,0.07080928763855202,0.07270348975451021,1322,50000,0.018808383644857783,0.020800503802454642,98,50000,0.028015435948228976,0.029998516286622225,211,50000,0.00924516668895976,0.011243046731358937,26,50000,0.06774973799309122,0.06965297992825303,1209,50000,0.04440017202225789,0.046358532855041504,520,50000,0.8926466666666667,0.9739547556333333,0.28225911458333336,0.3551306018231547,0.2874496801304624,False,/data/suehara/part/march/datasets/20250711_ilc_nnqq_sgv_10m_3cat_parquet,val50k_tail,,proxy
19,19,0,,lr_14e-6,1.4e-05,validation_total_reference_mistag_geomean_percent,0.3562168739767575,min,0.8672499883234601,0.8672499883234601,0.47946498278664745,0.26465011181481196,0.3562168739767575,,0.14200000208007815,0.06799999900390627,2.6459999065324435,0.1920000075000003,0.41399999191406267,0.052000000507812505,2.402000005131226,1.0219999939181519,0.015872517214740804,0.01786679732913854,71,50000,0.010701894656100771,0.01269913471129969,34,50000,0.07083571937800959,0.07272984149556752,1323,50000,0.018606088111257617,0.020598368265654594,96,50000,0.027740495331519045,0.02972389566351227,207,50000,0.00924516668895976,0.011243046731358937,26,50000,0.06752740148097888,0.06943128340334073,1201,50000,0.04400967338718462,0.04596875420556819,511,50000,0.89282,0.9740533081666668,0.2817674479166667,0.3551306018231547,0.2866932207958747,False,/data/suehara/part/march/datasets/20250711_ilc_nnqq_sgv_10m_3cat_parquet,val50k_tail,,proxy
19,19,0,,lr_3e-6,1.3500000000000001e-05,validation_total_reference_mistag_geomean_percent,0.35743713436259084,min,0.8682499931165697,0.8682499931165697,0.48300582879793785,0.2645129673472095,0.35743713436259084,,0.14399999718750006,0.06600000112792971,2.628000013634033,0.1960000040673829,0.42199999510620123,0.052000000507812505,2.407999941945802,1.0299999913558961,0.01599035816667656,0.01798455828267429,72,50000,0.010529894247015226,0.01252721430061417,33,50000,0.0705974429936456,0.07249228509680385,1314,50000,0.018808383644857783,0.020800503802454642,98,50000,0.028015435948228976,0.029998516286622225,211,50000,0.00924516668895976,0.011243046731358937,26,50000,0.06761087067270397,0.06951451259986571,1204,50000,0.04418366212426278,0.04614242294904633,515,50000,0.8926866666666666,0.9739977966,0.2820387109375,0.3551306018231547,0.2871379857685156,False,/data/suehara/part/march/datasets/20250711_ilc_nnqq_sgv_10m_3cat_parquet,val50k_tail,,proxy
19,19,0,,lr_5_75e-6,9e-06,validation_total_reference_mistag_geomean_percent,0.36207326944255425,min,0.8730000111474615,0.8730000111474615,0.4926331900731653,0.26611494127172003,0.36207326944255425,,0.14399999718750006,0.06799999900390627,2.6399999919433594,0.19399999597412118,0.4359999901538088,0.05400000131835941,2.4100000882568393,1.0380000253417976,0.01599035816667656,0.01798455828267429,72,50000,0.010701894656100771,0.01269913471129969,34,50000,0.07075639167085507,0.0726507537836131,1320,50000,0.018707497323864092,0.02069969747986102,97,50000,0.028490315650111717,0.03047283599970467,218,50000,0.0094384043456773,0.011436204389676428,27,50000,0.06763866889655593,0.06954223082531741,1205,50000,0.04435695613715339,0.04631539696833692,519,50000,0.8925533333333333,0.9739026361666667,0.28253328125,0.3551306018231547,0.2877891683567143,False,/data/suehara/part/march/datasets/20250711_ilc_nnqq_sgv_10m_3cat_parquet,val50k_tail,,proxy
19,19,0,,lr_8_5e-6,1.68e-05,validation_total_reference_mistag_geomean_percent,0.3562954273373482,min,0.8635000119365696,0.8635000119365696,0.48239024899884037,0.263161272030208,0.3562954273373482,,0.14200000208007815,0.06799999900390627,2.6420000443450937,0.1879999917382816,0.41399999191406267,0.05400000131835941,2.3840000334667972,1.0160000316259776,0.015872517214740804,0.01786679732913854,71,50000,0.010701894656100771,0.01269913471129969,34,50000,0.07078284507348702,0.07267712718784479,1321,50000,0.018401668178712582,0.020394108329909573,94,50000,0.027740495331519045,0.02972389566351227,207,50000,0.0094384043456773,0.011436204389676428,27,50000,0.06727631967073204,0.0691809215786942,1192,50000,0.043878721064451176,0.04583804187803485,508,50000,0.89286,0.9740762967,0.2816262109375,0.3551306018231547,0.2865518920765441,False,/data/suehara/part/march/datasets/20250711_ilc_nnqq_sgv_10m_3cat_parquet,val50k_tail,,proxy
20,20,0,,lr_11_25e-6,1.125e-05,validation_total_reference_mistag_geomean_percent,0.35786685962007075,min,0.8717499891217806,0.8717499891217806,0.4838001387221063,0.2647140398773093,0.35786685962007075,,0.14399999718750006,0.06600000112792971,2.6359999457000742,0.1960000040673829,0.41999998718261755,0.052000000507812505,2.4259999855630494,1.0339999916378786,0.01599035816667656,0.01798455828267429,72,50000,0.010529894247015226,0.01252721430061417,33,50000,0.07070345230494601,0.07259797441450389,1318,50000,0.018808383644857783,0.020800503802454642,98,50000,0.027946949547622783,0.029930109884416124,210,50000,0.00924516668895976,0.011243046731358937,26,50000,0.06786060972951875,0.0697635316710802,1213,50000,0.04427039547207877,0.04622899630006248,517,50000,0.8927,0.9739619481,0.28224731770833333,0.3551306018231547,0.2873790071499682,False,/data/suehara/part/march/datasets/20250711_ilc_nnqq_sgv_10m_3cat_parquet,val50k_tail,,proxy
20,20,0,,lr_14e-6,1.4e-05,validation_total_reference_mistag_geomean_percent,0.35502956480536013,min,0.8602500038237764,0.8602500038237764,0.4777250530239423,0.26384630885072363,0.35502956480536013,,0.14200000208007815,0.06799999900390627,2.6140000331057744,0.1920000075000003,0.41399999191406267,0.052000000507812505,2.3860000167474364,1.0139999797311405,0.015872517214740804,0.01786679732913854,71,50000,0.010701894656100771,0.01269913471129969,34,50000,0.07041150573567877,0.07230690782763748,1307,50000,0.018606088111257617,0.020598368265654594,96,50000,0.027740495331519045,0.02972389566351227,207,50000,0.00924516668895976,0.011243046731358937,26,50000,0.06730426781710735,0.06920878972666925,1193,50000,0.04383498184175865,0.04579438265374259,507,50000,0.8929,0.9740606608000001,0.28172895833333333,0.35502956480536013,0.28660660116148245,False,/data/suehara/part/march/datasets/20250711_ilc_nnqq_sgv_10m_3cat_parquet,val50k_tail,,proxy
20,20,0,,lr_3e-6,1.3500000000000001e-05,validation_total_reference_mistag_geomean_percent,0.3559533057012778,min,0.8675000030720902,0.8675000030720902,0.4814795015265328,0.2631529596544728,0.3559533057012778,,0.14399999718750006,0.06600000112792971,2.628000013634033,0.1920000075000003,0.41600000406250004,0.052000000507812505,2.4120000092010496,1.0299999913558961,0.01599035816667656,0.01798455828267429,72,50000,0.010529894247015226,0.01252721430061417,33,50000,0.0705974429936456,0.07249228509680385,1314,50000,0.018606088111257617,0.020598368265654594,96,50000,0.02780948042589897,0.02979280075949232,208,50000,0.00924516668895976,0.011243046731358937,26,50000,0.06766645472550611,0.06956993665586803,1206,50000,0.04418366212426278,0.04614242294904633,515,50000,0.8928066666666666,0.9740083651666667,0.2820010546875,0.35502956480536013,0.2870424906521511,False,/data/suehara/part/march/datasets/20250711_ilc_nnqq_sgv_10m_3cat_parquet,val50k_tail,,proxy
20,20,0,,lr_5_75e-6,1.1200000000000001e-05,validation_total_reference_mistag_geomean_percent,0.35501628307356137,min,0.8605000063756183,0.8605000063756183,0.4776893101001265,0.26384630885072363,0.35501628307356137,,0.14200000208007815,0.06799999900390627,2.6140000331057744,0.1920000075000003,0.41399999191406267,0.052000000507812505,2.3900000437622078,1.0119999731311042,0.015872517214740804,0.01786679732913854,71,50000,0.010701894656100771,0.01269913471129969,34,50000,0.07041150573567877,0.07230690782763748,1307,50000,0.018606088111257617,0.020598368265654594,96,50000,0.027740495331519045,0.02972389566351227,207,50000,0.00924516668895976,0.011243046731358937,26,50000,0.06736012639214847,0.06926448830491053,1195,50000,0.0437911981791236,0.04575067898950746,506,50000,0.89298,0.9740561798666666,0.281773125,0.35501628307356137,0.2865995567634184,False,/data/suehara/part/march/datasets/20250711_ilc_nnqq_sgv_10m_3cat_parquet,val50k_tail,,proxy
20,20,0,,lr_8_5e-6,1.68e-05,validation_total_reference_mistag_geomean_percent,0.353513585289758,min,0.8582499947677616,0.8582499947677616,0.4776596846755302,0.2616336672191861,0.353513585289758,,0.14200000208007815,0.06600000112792971,2.603999970596924,0.1920000075000003,0.41399999191406267,0.052000000507812505,2.3799999527893076,1.0160000316259776,0.015872517214740804,0.01786679732913854,71,50000,0.010529894247015226,0.01252721430061417,33,50000,0.0702783634307605,0.07217416551471914,1302,50000,0.018606088111257617,0.020598368265654594,96,50000,0.027740495331519045,0.02972389566351227,207,50000,0.00924516668895976,0.011243046731358937,26,50000,0.06722038558307011,0.0691251474878321,1190,50000,0.043878721064451176,0.04583804187803485,508,50000,0.8928866666666667,0.9740860376666666,0.28159522135416665,0.353513585289758,0.2864325982241447,False,/data/suehara/part/march/datasets/20250711_ilc_nnqq_sgv_10m_3cat_parquet,val50k_tail,,proxy
21,21,0,,lr_11_25e-6,1.125e-05,validation_total_reference_mistag_geomean_percent,0.356979571414619,min,0.8709999942696767,0.8709999942696767,0.48272442541051885,0.2639899862100249,0.356979571414619,,0.14200000208007815,0.06600000112792971,2.643999929397585,0.1960000040673829,0.417999997321167,0.052000000507812505,2.4160000280175784,1.0339999916378786,0.015872517214740804,0.01786679732913854,71,50000,0.010529894247015226,0.01252721430061417,33,50000,0.07080928763855202,0.07270348975451021,1322,50000,0.018808383644857783,0.020800503802454642,98,50000,0.027878298100028925,0.029861538435222226,209,50000,0.00924516668895976,0.011243046731358937,26,50000,0.06772198925879096,0.06962531119235234,1208,50000,0.04427039547207877,0.04622899630006248,517,50000,0.8927733333333333,0.9739940268333335,0.28210626302083336,0.353513585289758,0.28705831511794583,False,/data/suehara/part/march/datasets/20250711_ilc_nnqq_sgv_10m_3cat_parquet,val50k_tail,,proxy
21,21,0,,lr_14e-6,1.4e-05,validation_total_reference_mistag_geomean_percent,0.3557687850387944,min,0.8599999999227149,0.8599999999227149,0.48105303476066,0.2631132520990194,0.3557687850387944,,0.14000000170898438,0.06799999900390627,2.622000059212648,0.1920000075000003,0.4100000062561036,0.05400000131835941,2.3759999209643583,1.0180000034173584,0.01575384307703153,0.01774820318982931,70,50000,0.010701894656100771,0.01269913471129969,34,50000,0.07051782137231857,0.07241290347067691,1311,50000,0.018606088111257617,0.020598368265654594,96,50000,0.027602018034883144,0.029585578363676597,205,50000,0.0094384043456773,0.011436204389676428,27,50000,0.06716440099887658,0.0690693229004391,1188,50000,0.0439224159769493,0.04588165679213305,509,50000,0.8930666666666667,0.9740942108333334,0.2815821484375,0.353513585289758,0.2862772614132615,False,/data/suehara/part/march/datasets/20250711_ilc_nnqq_sgv_10m_3cat_parquet,val50k_tail,,proxy
21,21,0,,lr_3e-6,1.3500000000000001e-05,validation_total_reference_mistag_geomean_percent,0.3562661131477316,min,0.8642499883841708,0.8642499883841708,0.48466275703920564,0.26188425154178896,0.3562661131477316,,0.14000000170898438,0.06600000112792971,2.623999974375,0.19399999597412118,0.41600000406250004,0.05400000131835941,2.3939999499545297,1.0259999785519414,0.01575384307703153,0.01774820318982931,70,50000,0.010529894247015226,0.01252721430061417,33,50000,0.0705443728549214,0.07243937495487948,1312,50000,0.018707497323864092,0.02069969747986102,97,50000,0.02780948042589897,0.02979280075949232,208,50000,0.0094384043456773,0.011436204389676428,27,50000,0.0674159347794738,0.06932013669543602,1197,50000,0.0440967550978227,0.04605567591940644,513,50000,0.8928133333333333,0.9740408768666665,0.28186631510416665,0.353513585289758,0.28670526574277583,False,/data/suehara/part/march/datasets/20250711_ilc_nnqq_sgv_10m_3cat_parquet,val50k_tail,,proxy
21,21,0,,lr_5_75e-6,1.1200000000000001e-05,validation_total_reference_mistag_geomean_percent,0.35601444985252184,min,0.8605000053856088,0.8605000053856088,0.48201898295464535,0.26294874887887915,0.35601444985252184,,0.13799999730468757,0.06799999900390627,2.6260000490852367,0.19399999597412118,0.41399999191406267,0.05400000131835941,2.3720000050671386,1.0180000034173584,0.015634317924008823,0.01762875803520661,69,50000,0.010701894656100771,0.01269913471129969,34,50000,0.07057091339130912,0.07246583549286763,1313,50000,0.018707497323864092,0.02069969747986102,97,50000,0.027740495331519045,0.02972389566351227,207,50000,0.0094384043456773,0.011436204389676428,27,50000,0.0671083657937211,0.06901344769208347,1186,50000,0.0439224159769493,0.04588165679213305,509,50000,0.8930266666666666,0.9740840874,0.2816454296875,0.353513585289758,0.2863036736895617,False,/data/suehara/part/march/datasets/20250711_ilc_nnqq_sgv_10m_3cat_parquet,val50k_tail,,proxy
21,21,0,,lr_8_5e-6,1.68e-05,validation_total_reference_mistag_geomean_percent,0.35524992420610885,min,0.8580000161813358,0.8580000161813358,0.4799256961942369,0.2629625995215914,0.35524992420610885,,0.14000000170898438,0.06799999900390627,2.6160000279418947,0.1920000075000003,0.4080000024902344,0.05400000131835941,2.3700000578613296,1.0160000316259776,0.01575384307703153,0.01774820318982931,70,50000,0.010701894656100771,0.01269913471129969,34,50000,0.07043810112523918,0.07233342321879763,1308,50000,0.018606088111257617,0.020598368265654594,96,50000,0.027532523372190067,0.02951616369938348,204,50000,0.0094384043456773,0.011436204389676428,27,50000,0.06708032916925392,0.06898549106601655,1185,50000,0.043878721064451176,0.04583804187803485,508,50000,0.89304,0.9741241143,0.28142596354166666,0.353513585289758,0.2860779132319881,False,/data/suehara/part/march/datasets/20250711_ilc_nnqq_sgv_10m_3cat_parquet,val50k_tail,,proxy
22,22,0,,lr_11_25e-6,1.125e-05,validation_total_reference_mistag_geomean_percent,0.3568774862606309,min,0.8672500145689019,0.8672500145689019,0.48243598347903677,0.26399676757370455,0.3568774862606309,,0.14000000170898438,0.06799999900390627,2.630000124404913,0.19399999597412118,0.42199999510620123,0.052000000507812505,2.4060000212933352,1.0259999785519414,0.01575384307703153,0.01774820318982931,70,50000,0.010701894656100771,0.01269913471129969,34,50000,0.07062396167407149,0.07251872377882947,1315,50000,0.018707497323864092,0.02069969747986102,97,50000,0.028015435948228976,0.029998516286622225,211,50000,0.00924516668895976,0.011243046731358937,26,50000,0.0675830600388904,0.06948678196445242,1203,50000,0.0440967550978227,0.04605567591940644,513,50000,0.8928666666666667,0.9740205357999999,0.28191126302083336,0.353513585289758,0.2872771249853429,False,/data/suehara/part/march/datasets/20250711_ilc_nnqq_sgv_10m_3cat_parquet,val50k_tail,,proxy
22,22,0,,lr_14e-6,1.4e-05,validation_total_reference_mistag_geomean_percent,0.35368328758893325,min,0.8562499993630986,0.8562499993630986,0.48072946809317024,0.260212606512135,0.35368328758893325,,0.13599999800781254,0.06600000112792971,2.6059999713696294,0.1960000040673829,0.41399999191406267,0.05400000131835941,2.3700000578613296,1.0079999692382822,0.015513923280260607,0.017508443389858443,68,50000,0.010529894247015226,0.01252721430061417,33,50000,0.07030501398048727,0.07220073606604566,1303,50000,0.018808383644857783,0.020800503802454642,98,50000,0.027740495331519045,0.02972389566351227,207,50000,0.0094384043456773,0.011436204389676428,27,50000,0.06708032916925392,0.06898549106601655,1185,50000,0.04370349701182767,0.04566313781901171,504,50000,0.8930933333333333,0.9741174164,0.2814296484375,0.353513585289758,0.2864870808025201,False,/data/suehara/part/march/datasets/20250711_ilc_nnqq_sgv_10m_3cat_parquet,val50k_tail,,proxy
22,22,0,,lr_3e-6,1.3500000000000001e-05,validation_total_reference_mistag_geomean_percent,0.35461141250819694,min,0.8625000064153294,0.8625000064153294,0.48347935565443384,0.2600922922775998,0.35461141250819694,,0.13599999800781254,0.06600000112792971,2.628000013634033,0.19399999597412118,0.417999997321167,0.05400000131835941,2.3920000708081077,1.0119999731311042,0.015513923280260607,0.017508443389858443,68,50000,0.010529894247015226,0.01252721430061417,33,50000,0.0705974429936456,0.07249228509680385,1314,50000,0.018707497323864092,0.02069969747986102,97,50000,0.027878298100028925,0.029861538435222226,209,50000,0.0094384043456773,0.011436204389676428,27,50000,0.06738803685159972,0.06929231876596151,1196,50000,0.0437911981791236,0.04575067898950746,506,50000,0.8929266666666666,0.9740695978000001,0.2816838151041667,0.353513585289758,0.28690503333296097,False,/data/suehara/part/march/datasets/20250711_ilc_nnqq_sgv_10m_3cat_parquet,val50k_tail,,proxy
22,22,0,,lr_5_75e-6,1.1200000000000001e-05,validation_total_reference_mistag_geomean_percent,0.35441709912227576,min,0.856750000616074,0.856750000616074,0.4809677492365706,0.2611640392721328,0.35441709912227576,,0.13799999730468757,0.06600000112792971,2.6059999713696294,0.1960000040673829,0.41399999191406267,0.05400000131835941,2.3700000578613296,1.0099999799652104,0.015634317924008823,0.01762875803520661,69,50000,0.010529894247015226,0.01252721430061417,33,50000,0.07030501398048727,0.07220073606604566,1303,50000,0.018808383644857783,0.020800503802454642,98,50000,0.027740495331519045,0.02972389566351227,207,50000,0.0094384043456773,0.011436204389676428,27,50000,0.06708032916925392,0.06898549106601655,1185,50000,0.04374736994615762,0.045706930754941394,505,50000,0.8930733333333334,0.9741046825,0.2814979296875,0.353513585289758,0.28654679370777947,False,/data/suehara/part/march/datasets/20250711_ilc_nnqq_sgv_10m_3cat_parquet,val50k_tail,,proxy
22,22,0,,lr_8_5e-6,1.68e-05,validation_total_reference_mistag_geomean_percent,0.3545055838656084,min,0.850250013774567,0.850250013774567,0.48191762073698696,0.2607794435897671,0.3545055838656084,,0.14000000170898438,0.06600000112792971,2.5800000393676763,0.19399999597412118,0.4080000024902344,0.05600000164062505,2.356000073696902,1.0019999941900635,0.01575384307703153,0.01774820318982931,70,50000,0.010529894247015226,0.01252721430061417,33,50000,0.06995768987239775,0.07185445193715681,1290,50000,0.018707497323864092,0.02069969747986102,97,50000,0.027532523372190067,0.02951616369938348,204,50000,0.009628122740163846,0.011625842785762949,28,50000,0.06688371625647796,0.06878943814204036,1178,50000,0.04357160868057441,0.04553148948295855,501,50000,0.89304,0.9741483426666666,0.2812605598958333,0.353513585289758,0.28626157383124035,False,/data/suehara/part/march/datasets/20250711_ilc_nnqq_sgv_10m_3cat_parquet,val50k_tail,,proxy
23,23,0,,lr_11_25e-6,1.125e-05,validation_total_reference_mistag_geomean_percent,0.35802456228583,min,0.8674999886470994,0.8674999886470994,0.48707791866252803,0.2631644389709458,0.35802456228583,,0.14200000208007815,0.06600000112792971,2.6380000452842722,0.19399999597412118,0.4239999937890626,0.05400000131835941,2.3959998910510305,1.0259999785519414,0.015872517214740804,0.01786679732913854,71,50000,0.010529894247015226,0.01252721430061417,33,50000,0.07072992741867616,0.07262436952983446,1319,50000,0.018707497323864092,0.02069969747986102,97,50000,0.028083758467464543,0.0300667588074577,212,50000,0.0094384043456773,0.011436204389676428,27,50000,0.06744382019108416,0.06934794210864612,1198,50000,0.0440967550978227,0.04605567591940644,513,50000,0.89298,0.9740358177999999,0.2818761328125,0.353513585289758,0.28647514350435827,False,/data/suehara/part/march/datasets/20250711_ilc_nnqq_sgv_10m_3cat_parquet,val50k_tail,,proxy
23,23,0,,lr_14e-6,1.4e-05,validation_total_reference_mistag_geomean_percent,0.3543262105699709,min,0.8540000011629871,0.8540000011629871,0.4812326880800883,0.26088639987810097,0.3543262105699709,,0.13599999800781254,0.06799999900390627,2.5819999507522593,0.19399999597412118,0.41200000301757816,0.05400000131835941,2.3680000578125013,1.0180000034173584,0.015513923280260607,0.017508443389858443,68,50000,0.010701894656100771,0.01269913471129969,34,50000,0.0699844740767331,0.07188115614309189,1291,50000,0.018707497323864092,0.02069969747986102,97,50000,0.027671341608769995,0.02965482193916331,206,50000,0.0094384043456773,0.011436204389676428,27,50000,0.06705227984264775,0.06895752173780995,1184,50000,0.0439224159769493,0.04588165679213305,509,50000,0.8930733333333334,0.9741345370666666,0.2813669401041667,0.353513585289758,0.2856708773962097,False,/data/suehara/part/march/datasets/20250711_ilc_nnqq_sgv_10m_3cat_parquet,val50k_tail,,proxy
23,23,0,,lr_3e-6,1.3500000000000001e-05,validation_total_reference_mistag_geomean_percent,0.35453458074527405,min,0.8577499832517249,0.8577499832517249,0.4822220623565711,0.26065744136626484,0.35453458074527405,,0.14000000170898438,0.06600000112792971,2.6019999380627454,0.1920000075000003,0.41399999191406267,0.05400000131835941,2.3759999209643583,1.0180000034173584,0.01575384307703153,0.01774820318982931,70,50000,0.010529894247015226,0.01252721430061417,33,50000,0.07025170181190338,0.07214758389426229,1301,50000,0.018606088111257617,0.020598368265654594,96,50000,0.027740495331519045,0.02972389566351227,207,50000,0.0094384043456773,0.011436204389676428,27,50000,0.06716440099887658,0.0690693229004391,1188,50000,0.0439224159769493,0.04588165679213305,509,50000,0.8930266666666666,0.9740869242333335,0.2816011328125,0.353513585289758,0.2860824195304788,False,/data/suehara/part/march/datasets/20250711_ilc_nnqq_sgv_10m_3cat_parquet,val50k_tail,,proxy
23,23,0,,lr_5_75e-6,1.1200000000000001e-05,validation_total_reference_mistag_geomean_percent,0.35449777433637025,min,0.8520000069204715,0.8520000069204715,0.482125313538961,0.26065561894477185,0.35449777433637025,,0.13799999730468757,0.06799999900390627,2.562000061376039,0.1920000075000003,0.41600000406250004,0.05400000131835941,2.3720000050671386,1.0139999797311405,0.015634317924008823,0.01762875803520661,69,50000,0.010701894656100771,0.01269913471129969,34,50000,0.06971612561353611,0.07161360766389548,1281,50000,0.018606088111257617,0.020598368265654594,96,50000,0.02780948042589897,0.02979280075949232,208,50000,0.0094384043456773,0.011436204389676428,27,50000,0.0671083657937211,0.06901344769208347,1186,50000,0.04383498184175865,0.04579438265374259,507,50000,0.89312,0.9741187258333334,0.281455703125,0.353513585289758,0.28576271591103725,False,/data/suehara/part/march/datasets/20250711_ilc_nnqq_sgv_10m_3cat_parquet,val50k_tail,,proxy
23,23,0,,lr_8_5e-6,1.68e-05,validation_total_reference_mistag_geomean_percent,0.35332372762729547,min,0.849249971544496,0.849249971544496,0.4783360671001411,0.26098315617566037,0.35332372762729547,,0.13399999640136728,0.07000000085449219,2.5759998773632873,0.1920000075000003,0.4080000024902344,0.05400000131835941,2.3479999132971225,1.0119999731311042,0.015392639991259324,0.01738724009925721,67,50000,0.010871397397403768,0.01286855745420266,35,50000,0.0699040877917223,0.0718010098532812,1288,50000,0.018606088111257617,0.020598368265654594,96,50000,0.027532523372190067,0.02951616369938348,204,50000,0.0094384043456773,0.011436204389676428,27,50000,0.06677108448815486,0.06867712636731763,1174,50000,0.0437911981791236,0.04575067898950746,506,50000,0.8930266666666666,0.9741672035666666,0.2811861328125,0.35332372762729547,0.2854183157719849,False,/data/suehara/part/march/datasets/20250711_ilc_nnqq_sgv_10m_3cat_parquet,val50k_tail,,proxy
24,24,0,,lr_11_25e-6,1.125e-05,validation_total_reference_mistag_geomean_percent,0.35718202314897324,min,0.8622500137173278,0.8622500137173278,0.4848383458727677,0.26313718530479685,0.35718202314897324,,0.14200000208007815,0.06600000112792971,2.610000108524327,0.1960000040673829,0.417999997321167,0.05400000131835941,2.3860000167474364,1.0259999785519414,0.015872517214740804,0.01786679732913854,71,50000,0.010529894247015226,0.01252721430061417,33,50000,0.07035828192211435,0.0722538440108729,1305,50000,0.018808383644857783,0.020800503802454642,98,50000,0.027878298100028925,0.029861538435222226,209,50000,0.0094384043456773,0.011436204389676428,27,50000,0.06730426781710735,0.06920878972666925,1193,50000,0.0440967550978227,0.04605567591940644,513,50000,0.8928866666666667,0.9740596732333334,0.2817741927083333,0.35332372762729547,0.28643422930383544,False,/data/suehara/part/march/datasets/20250711_ilc_nnqq_sgv_10m_3cat_parquet,val50k_tail,,proxy
24,24,0,,lr_14e-6,1.4e-05,validation_total_reference_mistag_geomean_percent,0.3502103331395126,min,0.8452500043811038,0.8452500043811038,0.4801713908691184,0.2554239585488314,0.3502103331395126,,0.13399999640136728,0.06600000112792971,2.56,0.1879999917382816,0.40199998920410185,0.05600000164062505,2.352000048808595,1.0040000061279297,0.015392639991259324,0.01738724009925721,67,50000,0.010529894247015226,0.01252721430061417,33,50000,0.06968922863662165,0.07158679068538128,1280,50000,0.018401668178712582,0.020394108329909573,94,50000,0.027323000245685562,0.02930688056807908,201,50000,0.009628122740163846,0.011625842785762949,28,50000,0.0668274260616334,0.06873330794399633,1176,50000,0.04361561651169965,0.04557541731568353,502,50000,0.89312,0.9741584558333333,0.2812613151041667,0.3502103331395126,0.2856185004526269,False,/data/suehara/part/march/datasets/20250711_ilc_nnqq_sgv_10m_3cat_parquet,val50k_tail,,proxy
24,24,0,,lr_3e-6,1.3500000000000001e-05,validation_total_reference_mistag_geomean_percent,0.35433617099606207,min,0.8509999911676605,0.8509999911676605,0.48366149412915455,0.25959089900719534,0.35433617099606207,,0.13799999730468757,0.06600000112792971,2.569999909805301,0.19399999597412118,0.4080000024902344,0.05600000164062505,2.362000041267243,1.0139999797311405,0.015634317924008823,0.01762875803520661,69,50000,0.010529894247015226,0.01252721430061417,33,50000,0.06982360029967154,0.07172076235643053,1285,50000,0.018707497323864092,0.02069969747986102,97,50000,0.027532523372190067,0.02951616369938348,204,50000,0.009628122740163846,0.011625842785762949,28,50000,0.06696805549281093,0.06887353738317323,1181,50000,0.04383498184175865,0.04579438265374259,507,50000,0.8930066666666666,0.9741130187000001,0.28149048177083336,0.3502103331395126,0.2860249205289513,False,/data/suehara/part/march/datasets/20250711_ilc_nnqq_sgv_10m_3cat_parquet,val50k_tail,,proxy
24,24,0,,lr_5_75e-6,1.1200000000000001e-05,validation_total_reference_mistag_geomean_percent,0.35351277894880956,min,0.8489999950134091,0.8489999950134091,0.4833646982700336,0.2585445013410851,0.35351277894880956,,0.13599999800781254,0.06600000112792971,2.5660000297570806,0.19399999597412118,0.4100000062561036,0.05600000164062505,2.3539999473783886,1.0099999799652104,0.015513923280260607,0.017508443389858443,68,50000,0.010529894247015226,0.01252721430061417,33,50000,0.06976988557512824,0.07166720762868777,1283,50000,0.018707497323864092,0.02069969747986102,97,50000,0.027602018034883144,0.029585578363676597,205,50000,0.009628122740163846,0.011625842785762949,28,50000,0.06685557757339644,0.0687613794573591,1177,50000,0.04374736994615762,0.045706930754941394,505,50000,0.8930666666666667,0.9741388942333332,0.28136752604166665,0.3502103331395126,0.2857412831001799,False,/data/suehara/part/march/datasets/20250711_ilc_nnqq_sgv_10m_3cat_parquet,val50k_tail,,proxy
24,24,0,,lr_8_5e-6,1.68e-05,validation_total_reference_mistag_geomean_percent,0.3490015094074359,min,0.8417499963163377,0.8417499963163377,0.4813372196250525,0.25304931470611974,0.3490015094074359,,0.12999999920654298,0.06600000112792971,2.5419999592727667,0.1879999917382816,0.4080000024902344,0.05600000164062505,2.3400000089263915,1.0040000061279297,0.015147327248533623,0.01714208735333156,65,50000,0.010529894247015226,0.01252721430061417,33,50000,0.0694466436247855,0.07134492565914544,1271,50000,0.018401668178712582,0.020394108329909573,94,50000,0.027532523372190067,0.02951616369938348,204,50000,0.009628122740163846,0.011625842785762949,28,50000,0.0666582466921313,0.06856460856489444,1170,50000,0.04361561651169965,0.04557541731568353,502,50000,0.8930666666666667,0.9741953861666667,0.281064296875,0.3490015094074359,0.2853407158767122,False,/data/suehara/part/march/datasets/20250711_ilc_nnqq_sgv_10m_3cat_parquet,val50k_tail,,proxy
25,25,0,,lr_11_25e-6,1.125e-05,validation_total_reference_mistag_geomean_percent,0.35925179131053864,min,0.8647500001574143,0.8647500001574143,0.4864999279635832,0.2652864720865728,0.35925179131053864,,0.14200000208007815,0.06799999900390627,2.643999929397585,0.19399999597412118,0.4100000062561036,0.05600000164062505,2.3780000883549532,1.0259999785519414,0.015872517214740804,0.01786679732913854,71,50000,0.010701894656100771,0.01269913471129969,34,50000,0.07080928763855202,0.07270348975451021,1322,50000,0.018707497323864092,0.02069969747986102,97,50000,0.027602018034883144,0.029585578363676597,205,50000,0.009628122740163846,0.011625842785762949,28,50000,0.06719239961080446,0.06909724151396672,1189,50000,0.0440967550978227,0.04605567591940644,513,50000,0.893,0.9740741737333334,0.2816787890625,0.3490015094074359,0.28632318639488574,False,/data/suehara/part/march/datasets/20250711_ilc_nnqq_sgv_10m_3cat_parquet,val50k_tail,,proxy
25,25,0,,lr_14e-6,1.4e-05,validation_total_reference_mistag_geomean_percent,0.35360211896415517,min,0.8460000041457368,0.8460000041457368,0.4827183607550348,0.25902155107663655,0.35360211896415517,,0.13200000225585942,0.07000000085449219,2.5639999902191164,0.18999999768066408,0.41399999191406267,0.05600000164062505,2.3420000486010752,1.0,0.01527044818788576,0.01726512829428365,66,50000,0.010871397397403768,0.01286855745420266,35,50000,0.0697430112554024,0.0716404133073615,1282,50000,0.018504147852544686,0.02049650800534169,95,50000,0.027740495331519045,0.02972389566351227,207,50000,0.009628122740163846,0.011625842785762949,28,50000,0.06668647551251045,0.06859275738687332,1171,50000,0.0435275556174234,0.04548751641820746,500,50000,0.89298,0.9741710791999999,0.28117884114583336,0.3490015094074359,0.2855053087363976,False,/data/suehara/part/march/datasets/20250711_ilc_nnqq_sgv_10m_3cat_parquet,val50k_tail,,proxy
25,25,0,,lr_3e-6,1.3500000000000001e-05,validation_total_reference_mistag_geomean_percent,0.35779096569780217,min,0.8574999946688084,0.8574999946688084,0.48929146243891497,0.26163214558632863,0.35779096569780217,,0.13599999800781254,0.07000000085449219,2.6179999480682383,0.1879999917382816,0.41399999191406267,0.057999999716796875,2.3680000578125013,1.0079999692382822,0.015513923280260607,0.017508443389858443,68,50000,0.010871397397403768,0.01286855745420266,35,50000,0.07046468551969928,0.07235992761485746,1309,50000,0.018401668178712582,0.020394108329909573,94,50000,0.027740495331519045,0.02972389566351227,207,50000,0.009814507069923326,0.0118121471171224,29,50000,0.06705227984264775,0.06895752173780995,1184,50000,0.04370349701182767,0.04566313781901171,504,50000,0.8930666666666667,0.9741277291666668,0.2813963151041667,0.3490015094074359,0.28590230726730476,False,/data/suehara/part/march/datasets/20250711_ilc_nnqq_sgv_10m_3cat_parquet,val50k_tail,,proxy
25,25,0,,lr_5_75e-6,1.1200000000000001e-05,validation_total_reference_mistag_geomean_percent,0.3559582320120148,min,0.8519999972142792,0.8519999972142792,0.48794036481048003,0.2596757146466722,0.3559582320120148,,0.13200000225585942,0.07000000085449219,2.589999990119934,0.18999999768066408,0.41200000301757816,0.057999999716796875,2.3579999960421754,1.0059999880267336,0.01527044818788576,0.01726512829428365,66,50000,0.010871397397403768,0.01286855745420266,35,50000,0.0700914989497807,0.07198786102253982,1295,50000,0.018504147852544686,0.02049650800534169,95,50000,0.027671341608769995,0.02965482193916331,206,50000,0.009814507069923326,0.0118121471171224,29,50000,0.06691184212681209,0.06881748401397492,1179,50000,0.043659579244453156,0.045619300050037115,503,50000,0.8930533333333334,0.9741501461666667,0.281293359375,0.3490015094074359,0.2856546635998822,False,/data/suehara/part/march/datasets/20250711_ilc_nnqq_sgv_10m_3cat_parquet,val50k_tail,,proxy
25,25,0,,lr_8_5e-6,1.68e-05,validation_total_reference_mistag_geomean_percent,0.34994502954863144,min,0.8422500033526233,0.8422500033526233,0.4755851518470339,0.2574965245028944,0.34994502954863144,,0.13200000225585942,0.07000000085449219,2.5580000636221327,0.186000003178711,0.4080000024902344,0.05400000131835941,2.3359999600781256,0.9939999930230713,0.01527044818788576,0.01726512829428365,66,50000,0.010871397397403768,0.01286855745420266,35,50000,0.06966232031172526,0.07155996235888445,1279,50000,0.018298640498242997,0.020291160647840055,93,50000,0.027532523372190067,0.02951616369938348,204,50000,0.0094384043456773,0.011436204389676428,27,50000,0.06660175021164123,0.0685082720812042,1168,50000,0.04339512368923739,0.04535532448522155,497,50000,0.89308,0.9742097565,0.28096055989583335,0.3490015094074359,0.28521070087852507,False,/data/suehara/part/march/datasets/20250711_ilc_nnqq_sgv_10m_3cat_parquet,val50k_tail,,proxy
26,26,0,,lr_11_25e-6,1.125e-05,validation_total_reference_mistag_geomean_percent,0.3540343304750637,min,0.8589999941683965,0.8589999941683965,0.48070111900920015,0.26074477923677924,0.3540343304750637,,0.13799999730468757,0.06600000112792971,2.6160000279418947,0.19399999597412118,0.4080000024902344,0.05400000131835941,2.3759999209643583,1.020000006225586,0.015634317924008823,0.01762875803520661,69,50000,0.010529894247015226,0.01252721430061417,33,50000,0.07043810112523918,0.07233342321879763,1308,50000,0.018707497323864092,0.02069969747986102,97,50000,0.027532523372190067,0.02951616369938348,204,50000,0.0094384043456773,0.011436204389676428,27,50000,0.06716440099887658,0.0690693229004391,1188,50000,0.043966066708366405,0.04592522752515024,510,50000,0.8929066666666666,0.9740934017666666,0.28155817708333336,0.3490015094074359,0.2866361260215536,False,/data/suehara/part/march/datasets/20250711_ilc_nnqq_sgv_10m_3cat_parquet,val50k_tail,,proxy
26,26,0,,lr_14e-6,1.4e-05,validation_total_reference_mistag_geomean_percent,0.3470263989895045,min,0.845999974583894,0.845999974583894,0.4712709811355075,0.255537315931183,0.3470263989895045,,0.13200000225585942,0.06600000112792971,2.5759998773632873,0.18999999768066408,0.4040000044384766,0.052000000507812505,2.3479999132971225,1.0,0.01527044818788576,0.01726512829428365,66,50000,0.010529894247015226,0.01252721430061417,33,50000,0.0699040877917223,0.0718010098532812,1288,50000,0.018504147852544686,0.02049650800534169,95,50000,0.027393015753673228,0.029376816077666783,202,50000,0.00924516668895976,0.011243046731358937,26,50000,0.06677108448815486,0.06867712636731763,1174,50000,0.0435275556174234,0.04548751641820746,500,50000,0.8930733333333334,0.9741940593999999,0.28102984375,0.3470263989895045,0.28581071112026546,False,/data/suehara/part/march/datasets/20250711_ilc_nnqq_sgv_10m_3cat_parquet,val50k_tail,,proxy
26,26,0,,lr_3e-6,1.3500000000000001e-05,validation_total_reference_mistag_geomean_percent,0.35068606798384927,min,0.8512499996705631,0.8512499996705631,0.4770047578923732,0.2578186406805635,0.35068606798384927,,0.13399999640136728,0.06600000112792971,2.6019999380627454,0.1920000075000003,0.40599999801757813,0.05400000131835941,2.352000048808595,1.0040000061279297,0.015392639991259324,0.01738724009925721,67,50000,0.010529894247015226,0.01252721430061417,33,50000,0.07025170181190338,0.07214758389426229,1301,50000,0.018606088111257617,0.020598368265654594,96,50000,0.027462856367866828,0.029446576693460333,203,50000,0.0094384043456773,0.011436204389676428,27,50000,0.0668274260616334,0.06873330794399633,1176,50000,0.04361561651169965,0.04557541731568353,502,50000,0.89302,0.9741487724666666,0.28126360677083334,0.3470263989895045,0.28620033589560095,False,/data/suehara/part/march/datasets/20250711_ilc_nnqq_sgv_10m_3cat_parquet,val50k_tail,,proxy
26,26,0,,lr_5_75e-6,1.1200000000000001e-05,validation_total_reference_mistag_geomean_percent,0.3518076362552025,min,0.8474999749775708,0.8474999749775708,0.48126753961249075,0.2571721604725917,0.3518076362552025,,0.13399999640136728,0.06600000112792971,2.5759998773632873,0.1920000075000003,0.4080000024902344,0.05600000164062505,2.3479999132971225,1.0,0.015392639991259324,0.01738724009925721,67,50000,0.010529894247015226,0.01252721430061417,33,50000,0.0699040877917223,0.0718010098532812,1288,50000,0.018606088111257617,0.020598368265654594,96,50000,0.027532523372190067,0.02951616369938348,204,50000,0.009628122740163846,0.011625842785762949,28,50000,0.06677108448815486,0.06867712636731763,1174,50000,0.0435275556174234,0.04548751641820746,500,50000,0.893,0.9741674897333333,0.2811860807291667,0.3470263989895045,0.2859853529422298,False,/data/suehara/part/march/datasets/20250711_ilc_nnqq_sgv_10m_3cat_parquet,val50k_tail,,proxy
26,26,0,,lr_8_5e-6,1.68e-05,validation_total_reference_mistag_geomean_percent,0.3458456140160013,min,0.8407500078788763,0.8407500078788763,0.4717607364823624,0.2535378200949047,0.3458456140160013,,0.13200000225585942,0.06600000112792971,2.5499999659538273,0.186000003178711,0.4080000024902344,0.052000000507812505,2.3300000933265723,1.0019999941900635,0.01527044818788576,0.01726512829428365,66,50000,0.010529894247015226,0.01252721430061417,33,50000,0.06955457327275476,0.07145253531351432,1275,50000,0.018298640498242997,0.020291160647840055,93,50000,0.027532523372190067,0.02951616369938348,204,50000,0.00924516668895976,0.011243046731358937,26,50000,0.06651690814794449,0.06842367001270756,1165,50000,0.04357160868057441,0.04553148948295855,501,50000,0.8932066666666667,0.9742319167,0.2808211328125,0.3458456140160013,0.2854959299980261,False,/data/suehara/part/march/datasets/20250711_ilc_nnqq_sgv_10m_3cat_parquet,val50k_tail,,proxy
27,27,0,,lr_11_25e-6,1.125e-05,validation_total_reference_mistag_geomean_percent,0.3538696800728194,min,0.8552500091765791,0.8552500091765791,0.4805883869327797,0.2605634132652371,0.3538696800728194,,0.13599999800781254,0.06799999900390627,2.5959999790057373,0.1920000075000003,0.41200000301757816,0.05400000131835941,2.374000105594029,1.0099999799652104,0.015513923280260607,0.017508443389858443,68,50000,0.010701894656100771,0.01269913471129969,34,50000,0.07017165041622066,0.07206777249377967,1298,50000,0.018606088111257617,0.020598368265654594,96,50000,0.027671341608769995,0.02965482193916331,206,50000,0.0094384043456773,0.011436204389676428,27,50000,0.06713638973171662,0.06904139163167872,1187,50000,0.04374736994615762,0.045706930754941394,505,50000,0.8930333333333333,0.9741060641666666,0.2814989583333333,0.3458456140160013,0.28633915345857075,False,/data/suehara/part/march/datasets/20250711_ilc_nnqq_sgv_10m_3cat_parquet,val50k_tail,,proxy
27,27,0,,lr_14e-6,1.4e-05,validation_total_reference_mistag_geomean_percent,0.34895819641906334,min,0.8424999857039648,0.8424999857039648,0.4777336771525132,0.25489478483881467,0.34895819641906334,,0.12999999920654298,0.06799999900390627,2.5399999806213382,0.1879999917382816,0.4100000062561036,0.05400000131835941,2.3479999132971225,1.0019999941900635,0.015147327248533623,0.01714208735333156,65,50000,0.010701894656100771,0.01269913471129969,34,50000,0.06941963258184844,0.07131799461460794,1270,50000,0.018401668178712582,0.020394108329909573,94,50000,0.027602018034883144,0.029585578363676597,205,50000,0.0094384043456773,0.011436204389676428,27,50000,0.06677108448815486,0.06867712636731763,1174,50000,0.04357160868057441,0.04553148948295855,501,50000,0.89314,0.9742021685000001,0.28099274739583335,0.3458456140160013,0.28549690095160146,False,/data/suehara/part/march/datasets/20250711_ilc_nnqq_sgv_10m_3cat_parquet,val50k_tail,,proxy
27,27,0,,lr_3e-6,1.3500000000000001e-05,validation_total_reference_mistag_geomean_percent,0.3524487482831129,min,0.8489999902343561,0.8489999902343561,0.47909744356751277,0.2592794468727496,0.3524487482831129,,0.13599999800781254,0.06799999900390627,2.5719999874414063,0.18999999768066408,0.41200000301757816,0.05400000131835941,2.3539999473783886,1.0059999880267336,0.015513923280260607,0.017508443389858443,68,50000,0.010701894656100771,0.01269913471129969,34,50000,0.06985044073018094,0.07174752278854037,1286,50000,0.018504147852544686,0.02049650800534169,95,50000,0.027671341608769995,0.02965482193916331,206,50000,0.0094384043456773,0.011436204389676428,27,50000,0.06685557757339644,0.0687613794573591,1177,50000,0.043659579244453156,0.045619300050037115,503,50000,0.8931066666666667,0.9741601725666668,0.2812210807291667,0.3458456140160013,0.2858852812369929,False,/data/suehara/part/march/datasets/20250711_ilc_nnqq_sgv_10m_3cat_parquet,val50k_tail,,proxy
27,27,0,,lr_5_75e-6,1.1200000000000001e-05,validation_total_reference_mistag_geomean_percent,0.351532478379545,min,0.8459999951060111,0.8459999951060111,0.4790313672174177,0.2579686672158534,0.351532478379545,,0.13399999640136728,0.06799999900390627,2.5580000636221327,0.18999999768066408,0.41399999191406267,0.05400000131835941,2.345999904779667,1.0040000061279297,0.015392639991259324,0.01738724009925721,67,50000,0.010701894656100771,0.01269913471129969,34,50000,0.06966232031172526,0.07155996235888445,1279,50000,0.018504147852544686,0.02049650800534169,95,50000,0.027740495331519045,0.02972389566351227,207,50000,0.0094384043456773,0.011436204389676428,27,50000,0.0667428943944004,0.06864901627196343,1173,50000,0.04361561651169965,0.04557541731568353,502,50000,0.8931266666666666,0.9741778368666667,0.28113479166666666,0.3458456140160013,0.2856991288068746,False,/data/suehara/part/march/datasets/20250711_ilc_nnqq_sgv_10m_3cat_parquet,val50k_tail,,proxy
27,27,0,,lr_8_5e-6,1.68e-05,validation_total_reference_mistag_geomean_percent,0.3458949748842696,min,0.8389999988893317,0.8389999988893317,0.4711043061661704,0.25396357469929026,0.3458949748842696,,0.12999999920654298,0.06799999900390627,2.5299999816627503,0.186000003178711,0.4040000044384766,0.052000000507812505,2.3400000089263915,1.0019999941900635,0.015147327248533623,0.01714208735333156,65,50000,0.010701894656100771,0.01269913471129969,34,50000,0.06928440492173712,0.07118316694649726,1265,50000,0.018298640498242997,0.020291160647840055,93,50000,0.027393015753673228,0.029376816077666783,202,50000,0.00924516668895976,0.011243046731358937,26,50000,0.0666582466921313,0.06856460856489444,1170,50000,0.04357160868057441,0.04553148948295855,501,50000,0.8932066666666667,0.9742439471666665,0.28077484375,0.3458456140160013,0.28515772533547185,False,/data/suehara/part/march/datasets/20250711_ilc_nnqq_sgv_10m_3cat_parquet,val50k_tail,,proxy
28,28,0,,lr_11_25e-6,1.125e-05,validation_total_reference_mistag_geomean_percent,0.3557637760917866,min,0.8545000124016005,0.8545000124016005,0.4875089533794159,0.2596216202835198,0.3557637760917866,,0.13799999730468757,0.06600000112792971,2.598000064022371,0.1920000075000003,0.4080000024902344,0.057999999716796875,2.3680000578125013,1.0079999692382822,0.015634317924008823,0.01762875803520661,69,50000,0.010529894247015226,0.01252721430061417,33,50000,0.07019834531709034,0.07209438739624908,1299,50000,0.018606088111257617,0.020598368265654594,96,50000,0.027532523372190067,0.02951616369938348,204,50000,0.009814507069923326,0.0118121471171224,29,50000,0.06705227984264775,0.06895752173780995,1184,50000,0.04370349701182767,0.04566313781901171,504,50000,0.8929266666666666,0.9741253611666666,0.28142373697916667,0.3458456140160013,0.285991315201088,False,/data/suehara/part/march/datasets/20250711_ilc_nnqq_sgv_10m_3cat_parquet,val50k_tail,,proxy
28,28,0,,lr_14e-6,1.4e-05,validation_total_reference_mistag_geomean_percent,0.3481304504288312,min,0.8410000206984337,0.8410000206984337,0.47350897530156344,0.2559503976426119,0.3481304504288312,,0.13399999640136728,0.06600000112792971,2.554000095089115,0.18999999768066408,0.4,0.05400000131835941,2.332000078995364,0.9979999949746704,0.015392639991259324,0.01738724009925721,67,50000,0.010529894247015226,0.01252721430061417,33,50000,0.06960846956612296,0.07150627161008269,1277,50000,0.018504147852544686,0.02049650800534169,95,50000,0.027252808544023274,0.029236768864816798,200,50000,0.0094384043456773,0.011436204389676428,27,50000,0.06654520183661874,0.06845188370298155,1166,50000,0.04348345718792508,0.04544349798710906,499,50000,0.8931,0.974225029,0.2809029557291667,0.3458456140160013,0.28514545467965435,False,/data/suehara/part/march/datasets/20250711_ilc_nnqq_sgv_10m_3cat_parquet,val50k_tail,,proxy
28,28,0,,lr_3e-6,1.3500000000000001e-05,validation_total_reference_mistag_geomean_percent,0.3495856458612787,min,0.8464999791399771,0.8464999791399771,0.4742321003919673,0.25770107863056296,0.3495856458612787,,0.13599999800781254,0.06600000112792971,2.5859999056924474,0.18999999768066408,0.40199998920410185,0.05400000131835941,2.3439999470654307,0.9939999930230713,0.015513923280260607,0.017508443389858443,68,50000,0.010529894247015226,0.01252721430061417,33,50000,0.07003800887682918,0.07193453094638813,1293,50000,0.018504147852544686,0.02049650800534169,95,50000,0.027323000245685562,0.02930688056807908,201,50000,0.0094384043456773,0.011436204389676428,27,50000,0.0667146914078872,0.06862089328384981,1172,50000,0.04339512368923739,0.04535532448522155,497,50000,0.8930266666666666,0.9741823509333333,0.28113962239583334,0.3458456140160013,0.2855274670255122,False,/data/suehara/part/march/datasets/20250711_ilc_nnqq_sgv_10m_3cat_parquet,val50k_tail,,proxy
28,28,0,,lr_5_75e-6,1.1200000000000001e-05,validation_total_reference_mistag_geomean_percent,0.34899606401903727,min,0.8450000002319914,0.8450000002319914,0.4747552231828142,0.25654957913728743,0.34899606401903727,,0.13399999640136728,0.06600000112792971,2.577999927816317,0.18999999768066408,0.4040000044384766,0.05400000131835941,2.338000046020814,0.9960000270520026,0.015392639991259324,0.01738724009925721,67,50000,0.010529894247015226,0.01252721430061417,33,50000,0.06993089444829736,0.07182773651145669,1289,50000,0.018504147852544686,0.02049650800534169,95,50000,0.027393015753673228,0.029376816077666783,202,50000,0.0094384043456773,0.011436204389676428,27,50000,0.06663000493057764,0.06853644680174034,1169,50000,0.04343931325708605,0.04539943405467029,498,50000,0.8930933333333333,0.9741932926666667,0.2810687369791667,0.3458456140160013,0.28537051142084774,False,/data/suehara/part/march/datasets/20250711_ilc_nnqq_sgv_10m_3cat_parquet,val50k_tail,,proxy
28,28,0,,lr_8_5e-6,1.68e-05,validation_total_reference_mistag_geomean_percent,0.3478055864514212,min,0.8397500173153121,0.8397500173153121,0.4707862647675589,0.2569504146994238,0.3478055864514212,,0.13200000225585942,0.06799999900390627,2.5560000097503663,0.18999999768066408,0.3920000081347658,0.05400000131835941,2.3300000933265723,0.9960000270520026,0.01527044818788576,0.01726512829428365,66,50000,0.010701894656100771,0.01269913471129969,34,50000,0.06963540062588716,0.07153312267144663,1278,50000,0.018504147852544686,0.02049650800534169,95,50000,0.02697025322873285,0.028954533543126652,196,50000,0.0094384043456773,0.011436204389676428,27,50000,0.06651690814794449,0.06842367001270756,1165,50000,0.04343931325708605,0.04539943405467029,498,50000,0.89318,0.9742681221666666,0.2806634375,0.3458456140160013,0.28478966688099844,False,/data/suehara/part/march/datasets/20250711_ilc_nnqq_sgv_10m_3cat_parquet,val50k_tail,,proxy
29,29,0,,lr_11_25e-6,1.125e-05,validation_total_reference_mistag_geomean_percent,0.3573687781195823,min,0.8542499818228918,0.8542499818228918,0.4869651596910226,0.26226197302434584,0.3573687781195823,,0.14200000208007815,0.06600000112792971,2.6019999380627454,0.19399999597412118,0.4100000062561036,0.057999999716796875,2.359999917175296,1.0019999941900635,0.015872517214740804,0.01786679732913854,71,50000,0.010529894247015226,0.01252721430061417,33,50000,0.07025170181190338,0.07214758389426229,1301,50000,0.018707497323864092,0.02069969747986102,97,50000,0.027602018034883144,0.029585578363676597,205,50000,0.009814507069923326,0.0118121471171224,29,50000,0.06693995520030069,0.06884551708906325,1180,50000,0.04357160868057441,0.04553148948295855,501,50000,0.8930466666666667,0.9741427864333333,0.2813119661458333,0.3458456140160013,0.28597222796005933,False,/data/suehara/part/march/datasets/20250711_ilc_nnqq_sgv_10m_3cat_parquet,val50k_tail,,proxy
29,29,0,,lr_14e-6,1.4e-05,validation_total_reference_mistag_geomean_percent,0.34795849627214287,min,0.838999979228669,0.838999979228669,0.47054064983414995,0.2573106386677662,0.34795849627214287,,0.13399999640136728,0.06799999900390627,2.5319998891168263,0.18999999768066408,0.40599999801757813,0.052000000507812505,2.3359999600781256,0.9939999930230713,0.015392639991259324,0.01738724009925721,67,50000,0.010701894656100771,0.01269913471129969,34,50000,0.06931147349066129,0.07121015551702116,1266,50000,0.018504147852544686,0.02049650800534169,95,50000,0.027462856367866828,0.029446576693460333,203,50000,0.00924516668895976,0.011243046731358937,26,50000,0.06660175021164123,0.0685082720812042,1168,50000,0.04339512368923739,0.04535532448522155,497,50000,0.8931266666666666,0.9742401305666668,0.2807932552083333,0.3458456140160013,0.28511145031106233,False,/data/suehara/part/march/datasets/20250711_ilc_nnqq_sgv_10m_3cat_parquet,val50k_tail,,proxy
29,29,0,,lr_3e-6,1.3500000000000001e-05,validation_total_reference_mistag_geomean_percent,0.34896569221174467,min,0.8454999983070377,0.8454999983070377,0.4722318530118903,0.25787556168464537,0.34896569221174467,,0.13599999800781254,0.06600000112792971,2.5660000297570806,0.1920000075000003,0.4080000024902344,0.052000000507812505,2.3439999470654307,1.0,0.015513923280260607,0.017508443389858443,68,50000,0.010529894247015226,0.01252721430061417,33,50000,0.06976988557512824,0.07166720762868777,1283,50000,0.018606088111257617,0.020598368265654594,96,50000,0.027532523372190067,0.02951616369938348,204,50000,0.00924516668895976,0.011243046731358937,26,50000,0.0667146914078872,0.06862089328384981,1172,50000,0.0435275556174234,0.04548751641820746,500,50000,0.8931133333333333,0.9742002439999999,0.2810015885416667,0.3458456140160013,0.285491276521778,False,/data/suehara/part/march/datasets/20250711_ilc_nnqq_sgv_10m_3cat_parquet,val50k_tail,,proxy
29,29,0,,lr_5_75e-6,1.1200000000000001e-05,validation_total_reference_mistag_geomean_percent,0.348898888542632,min,0.844500018803597,0.844500018803597,0.4722352102391039,0.25777500657913444,0.348898888542632,,0.13599999800781254,0.06600000112792971,2.562000061376039,0.1920000075000003,0.4100000062561036,0.052000000507812505,2.3420000486010752,0.9960000270520026,0.015513923280260607,0.017508443389858443,68,50000,0.010529894247015226,0.01252721430061417,33,50000,0.06971612561353611,0.07161360766389548,1281,50000,0.018606088111257617,0.020598368265654594,96,50000,0.027602018034883144,0.029585578363676597,205,50000,0.00924516668895976,0.011243046731358937,26,50000,0.06668647551251045,0.06859275738687332,1171,50000,0.04343931325708605,0.04539943405467029,498,50000,0.8930666666666667,0.9742101814333335,0.28096322916666666,0.3458456140160013,0.2853639529473888,False,/data/suehara/part/march/datasets/20250711_ilc_nnqq_sgv_10m_3cat_parquet,val50k_tail,,proxy
29,29,0,,lr_8_5e-6,1.68e-05,validation_total_reference_mistag_geomean_percent,0.34682178197197755,min,0.838750003508759,0.838750003508759,0.4684018231632542,0.2567994881785384,0.34682178197197755,,0.13200000225585942,0.06799999900390627,2.5499999659538273,0.18999999768066408,0.40199998920410185,0.052000000507812505,2.3260000764851405,0.9899999969787597,0.01527044818788576,0.01726512829428365,66,50000,0.010701894656100771,0.01269913471129969,34,50000,0.06955457327275476,0.07145253531351432,1275,50000,0.018504147852544686,0.02049650800534169,95,50000,0.027323000245685562,0.02930688056807908,201,50000,0.00924516668895976,0.011243046731358937,26,50000,0.0664602816865395,0.06836720354810241,1163,50000,0.0433066070964213,0.045266967889205645,495,50000,0.8933,0.9742855369666668,0.28055287760416664,0.3458456140160013,0.2847337439216737,False,/data/suehara/part/march/datasets/20250711_ilc_nnqq_sgv_10m_3cat_parquet,val50k_tail,,proxy
30,30,0,,lr_11_25e-6,2.0159999999999997e-05,validation_total_reference_mistag_geomean_percent,0.34604937532918373,min,0.8335000131249624,0.8335000131249624,0.4715600885382795,0.253944668084431,0.34604937532918373,,0.13200000225585942,0.06799999900390627,2.5180000541745007,0.18399999640625006,0.3979999917407228,0.05400000131835941,2.3240000631213396,0.9899999969787597,0.01527044818788576,0.01726512829428365,66,50000,0.010701894656100771,0.01269913471129969,34,50000,0.06912175059417512,0.07102099260933546,1259,50000,0.018195055988739096,0.02018765613673616,92,50000,0.027182439332570398,0.029166479651764055,199,50000,0.0094384043456773,0.011436204389676428,27,50000,0.0664319488810114,0.06833895074097457,1162,50000,0.0433066070964213,0.045266967889205645,495,50000,0.8932266666666666,0.9743073917333334,0.2804291666666667,0.3458456140160013,0.2845890290120689,False,/data/suehara/part/march/datasets/20250711_ilc_nnqq_sgv_10m_3cat_parquet,val50k_tail,,proxy
30,30,0,,lr_14e-6,1.4e-05,validation_total_reference_mistag_geomean_percent,0.3467606746854057,min,0.8357500154825787,0.8357500154825787,0.47147544147885,0.25503547996289805,0.3467606746854057,,0.13200000225585942,0.06799999900390627,2.5340000214595033,0.186000003178711,0.39599999879150394,0.05400000131835941,2.3200000708007833,0.9960000270520026,0.01527044818788576,0.01726512829428365,66,50000,0.010701894656100771,0.01269913471129969,34,50000,0.06933853052785502,0.07123713255581463,1267,50000,0.018298640498242997,0.020291160647840055,93,50000,0.02711189127868993,0.029096011596283465,198,50000,0.0094384043456773,0.011436204389676428,27,50000,0.06637524403804648,0.0682824058948095,1160,50000,0.04343931325708605,0.04539943405467029,498,50000,0.8930933333333333,0.9742554686666667,0.28072744791666665,0.3458456140160013,0.28496283992458593,False,/data/suehara/part/march/datasets/20250711_ilc_nnqq_sgv_10m_3cat_parquet,val50k_tail,,proxy
30,30,0,,lr_3e-6,1.344e-05,validation_total_reference_mistag_geomean_percent,0.3462196514268577,min,0.8324999928454596,0.8324999928454596,0.47140686590250425,0.2542772617548718,0.3462196514268577,,0.13200000225585942,0.06799999900390627,2.5039999006591835,0.186000003178711,0.39599999879150394,0.05400000131835941,2.3280000206030276,0.9920000169531253,0.01527044818788576,0.01726512829428365,66,50000,0.010701894656100771,0.01269913471129969,34,50000,0.06893145804228139,0.0708312600462415,1252,50000,0.018298640498242997,0.020291160647840055,93,50000,0.02711189127868993,0.029096011596283465,198,50000,0.0094384043456773,0.011436204389676428,27,50000,0.06648860143671186,0.0683954432998752,1164,50000,0.04335088834802794,0.04531116914241202,496,50000,0.8932333333333333,0.9742959683666667,0.2805195442708333,0.3458456140160013,0.2845573857653493,False,/data/suehara/part/march/datasets/20250711_ilc_nnqq_sgv_10m_3cat_parquet,val50k_tail,,proxy
30,30,0,,lr_5_75e-6,1.1200000000000001e-05,validation_total_reference_mistag_geomean_percent,0.3479040870226693,min,0.840249997574234,0.840249997574234,0.47402965647292944,0.2553368805396443,0.3479040870226693,,0.13200000225585942,0.06799999900390627,2.5459999836834717,0.186000003178711,0.40199998920410185,0.05400000131835941,2.3400000089263915,0.9939999930230713,0.01527044818788576,0.01726512829428365,66,50000,0.010701894656100771,0.01269913471129969,34,50000,0.06950063132723887,0.07139875336479827,1273,50000,0.018298640498242997,0.020291160647840055,93,50000,0.027323000245685562,0.02930688056807908,201,50000,0.0094384043456773,0.011436204389676428,27,50000,0.0666582466921313,0.06856460856489444,1170,50000,0.04339512368923739,0.04535532448522155,497,50000,0.8930333333333333,0.9742213949000001,0.280909921875,0.3458456140160013,0.2852365218180911,False,/data/suehara/part/march/datasets/20250711_ilc_nnqq_sgv_10m_3cat_parquet,val50k_tail,,proxy
30,30,0,,lr_8_5e-6,1.68e-05,validation_total_reference_mistag_geomean_percent,0.3460739767746197,min,0.8322500081500247,0.8322500081500247,0.47072851474323857,0.25442945062703004,0.3460739767746197,,0.13200000225585942,0.06799999900390627,2.5100000153198243,0.186000003178711,0.39599999879150394,0.05400000131835941,2.3240000631213396,0.9879999822106936,0.01527044818788576,0.01726512829428365,66,50000,0.010701894656100771,0.01269913471129969,34,50000,0.06901308204419615,0.07091264405295616,1255,50000,0.018298640498242997,0.020291160647840055,93,50000,0.02711189127868993,0.029096011596283465,198,50000,0.0094384043456773,0.011436204389676428,27,50000,0.0664319488810114,0.06833895074097457,1162,50000,0.04326227979669032,0.04522272058787458,494,50000,0.8931933333333333,0.9743000200999999,0.2804895703125,0.3458456140160013,0.2845723647358415,False,/data/suehara/part/march/datasets/20250711_ilc_nnqq_sgv_10m_3cat_parquet,val50k_tail,,proxy
31,31,0,,lr_11_25e-6,2.0159999999999997e-05,validation_total_reference_mistag_geomean_percent,0.346266921167865,min,0.837499991179104,0.837499991179104,0.4680858099344425,0.256151282842488,0.346266921167865,,0.13599999800781254,0.06799999900390627,2.5299999816627503,0.18399999640625006,0.39599999879150394,0.052000000507812505,2.3359999600781256,0.9979999949746704,0.015513923280260607,0.017508443389858443,68,50000,0.010701894656100771,0.01269913471129969,34,50000,0.06928440492173712,0.07118316694649726,1265,50000,0.018195055988739096,0.02018765613673616,92,50000,0.02711189127868993,0.029096011596283465,198,50000,0.00924516668895976,0.011243046731358937,26,50000,0.06660175021164123,0.0685082720812042,1168,50000,0.04348345718792508,0.04544349798710906,499,50000,0.8933066666666667,0.9743139434666667,0.280402578125,0.3458456140160013,0.28450968980732444,False,/data/suehara/part/march/datasets/20250711_ilc_nnqq_sgv_10m_3cat_parquet,val50k_tail,,proxy
31,31,0,,lr_14e-6,1.4e-05,validation_total_reference_mistag_geomean_percent,0.34711706865483966,min,0.8389999829109197,0.8389999829109197,0.4702347955587392,0.2562342482724201,0.34711706865483966,,0.13799999730468757,0.06799999900390627,2.5239999715002446,0.18199999600097666,0.4,0.052000000507812505,2.345999904779667,1.0019999941900635,0.015634317924008823,0.01762875803520661,69,50000,0.010701894656100771,0.01269913471129969,34,50000,0.06920312989126647,0.0711021319112267,1262,50000,0.018090905588142768,0.020083585734539902,91,50000,0.027252808544023274,0.029236768864816798,200,50000,0.00924516668895976,0.011243046731358937,26,50000,0.0667428943944004,0.06864901627196343,1173,50000,0.04357160868057441,0.04553148948295855,501,50000,0.8931466666666666,0.9742606471666667,0.2807095703125,0.3458456140160013,0.2849342897215212,False,/data/suehara/part/march/datasets/20250711_ilc_nnqq_sgv_10m_3cat_parquet,val50k_tail,,proxy
31,31,0,,lr_3e-6,1.344e-05,validation_total_reference_mistag_geomean_percent,0.34628524788677756,min,0.8357500011783602,0.8357500011783602,0.46869210887435175,0.2558470062404095,0.34628524788677756,,0.13599999800781254,0.06799999900390627,2.5180000541745007,0.18399999640625006,0.4,0.052000000507812505,2.3339999683035284,0.9939999930230713,0.015513923280260607,0.017508443389858443,68,50000,0.010701894656100771,0.01269913471129969,34,50000,0.06912175059417512,0.07102099260933546,1259,50000,0.018195055988739096,0.02018765613673616,92,50000,0.027252808544023274,0.029236768864816798,200,50000,0.00924516668895976,0.011243046731358937,26,50000,0.06657348251908023,0.06848008438704346,1167,50000,0.04339512368923739,0.04535532448522155,497,50000,0.8933,0.9742998580000001,0.2804999739583333,0.3458456140160013,0.2845352967471409,False,/data/suehara/part/march/datasets/20250711_ilc_nnqq_sgv_10m_3cat_parquet,val50k_tail,,proxy
31,31,0,,lr_5_75e-6,1.1200000000000001e-05,validation_total_reference_mistag_geomean_percent,0.3476086608239221,min,0.8397499923534013,0.8397499923534013,0.4699834433128723,0.25709795270247787,0.3476086608239221,,0.13599999800781254,0.06799999900390627,2.5399999806213382,0.186000003178711,0.40199998920410185,0.052000000507812505,2.3339999683035284,1.0,0.015513923280260607,0.017508443389858443,68,50000,0.010701894656100771,0.01269913471129969,34,50000,0.06941963258184844,0.07131799461460794,1270,50000,0.018298640498242997,0.020291160647840055,93,50000,0.027323000245685562,0.02930688056807908,201,50000,0.00924516668895976,0.011243046731358937,26,50000,0.06657348251908023,0.06848008438704346,1167,50000,0.0435275556174234,0.04548751641820746,500,50000,0.8930866666666667,0.9742256909,0.28089951822916664,0.3458456140160013,0.28523062612118466,False,/data/suehara/part/march/datasets/20250711_ilc_nnqq_sgv_10m_3cat_parquet,val50k_tail,,proxy
31,31,0,,lr_8_5e-6,1.68e-05,validation_total_reference_mistag_geomean_percent,0.34612614484275356,min,0.8369999900091937,0.8369999900091937,0.46926339396139316,0.25530077497066217,0.34612614484275356,,0.13599999800781254,0.06799999900390627,2.5239999715002446,0.18199999600097666,0.4,0.052000000507812505,2.3359999600781256,0.9979999949746704,0.015513923280260607,0.017508443389858443,68,50000,0.010701894656100771,0.01269913471129969,34,50000,0.06920312989126647,0.0711021319112267,1262,50000,0.018090905588142768,0.020083585734539902,91,50000,0.027252808544023274,0.029236768864816798,200,50000,0.00924516668895976,0.011243046731358937,26,50000,0.06660175021164123,0.0685082720812042,1168,50000,0.04348345718792508,0.04544349798710906,499,50000,0.8933133333333333,0.974305744,0.28046419270833334,0.3458456140160013,0.28452225220963706,False,/data/suehara/part/march/datasets/20250711_ilc_nnqq_sgv_10m_3cat_parquet,val50k_tail,,proxy
32,32,0,,lr_11_25e-6,2.0159999999999997e-05,validation_total_reference_mistag_geomean_percent,0.3478193506329978,min,0.8297499894427496,0.8297499894427496,0.4690131321994145,0.25794224589712095,0.3478193506329978,,0.13599999800781254,0.07000000085449219,2.5,0.186000003178711,0.39399998905822786,0.05400000131835941,2.3159999102380406,0.9820000128863527,0.015513923280260607,0.017508443389858443,68,50000,0.010871397397403768,0.01286855745420266,35,50000,0.06887698346071496,0.0707769454614756,1250,50000,0.018298640498242997,0.020291160647840055,93,50000,0.027041163032931338,0.02902536334892505,197,50000,0.0094384043456773,0.011436204389676428,27,50000,0.06631848677578177,0.06822580862934531,1158,50000,0.04312902022101297,0.045089701007397336,491,50000,0.8935,0.9743314679999999,0.280323125,0.3458456140160013,0.2841230108376516,False,/data/suehara/part/march/datasets/20250711_ilc_nnqq_sgv_10m_3cat_parquet,val50k_tail,,proxy
32,32,0,,lr_14e-6,1.4e-05,validation_total_reference_mistag_geomean_percent,0.34876791726906764,min,0.8360000082275775,0.8360000082275775,0.4722386717229804,0.25757962530344786,0.34876791726906764,,0.13799999730468757,0.06799999900390627,2.522000059648134,0.186000003178711,0.3979999917407228,0.05400000131835941,2.3280000206030276,0.9939999930230713,0.015634317924008823,0.01762875803520661,69,50000,0.010701894656100771,0.01269913471129969,34,50000,0.06917601506197281,0.07107509708033262,1261,50000,0.018298640498242997,0.020291160647840055,93,50000,0.027182439332570398,0.029166479651764055,199,50000,0.0094384043456773,0.011436204389676428,27,50000,0.06648860143671186,0.0683954432998752,1164,50000,0.04339512368923739,0.04535532448522155,497,50000,0.8932733333333334,0.9742796176666668,0.28060186197916664,0.3458456140160013,0.28459456326818533,False,/data/suehara/part/march/datasets/20250711_ilc_nnqq_sgv_10m_3cat_parquet,val50k_tail,,proxy
32,32,0,,lr_3e-6,1.344e-05,validation_total_reference_mistag_geomean_percent,0.3486550396504301,min,0.8330000042344861,0.8330000042344861,0.4707057601465649,0.25825121969145315,0.3486550396504301,,0.13599999800781254,0.07000000085449219,2.5119999494042977,0.186000003178711,0.3979999917407228,0.05400000131835941,2.3260000764851405,0.9820000128863527,0.015513923280260607,0.017508443389858443,68,50000,0.010871397397403768,0.01286855745420266,35,50000,0.06904026666729839,0.07093974867765883,1256,50000,0.018298640498242997,0.020291160647840055,93,50000,0.027182439332570398,0.029166479651764055,199,50000,0.0094384043456773,0.011436204389676428,27,50000,0.0664602816865395,0.06836720354810241,1163,50000,0.04312902022101297,0.045089701007397336,491,50000,0.8933066666666667,0.9743167469666666,0.2804143619791667,0.3458456140160013,0.2842068962756365,False,/data/suehara/part/march/datasets/20250711_ilc_nnqq_sgv_10m_3cat_parquet,val50k_tail,,proxy
32,32,0,,lr_5_75e-6,1.1200000000000001e-05,validation_total_reference_mistag_geomean_percent,0.35041830884933406,min,0.8392500160884863,0.8392500160884863,0.47516326191710284,0.2584227380740765,0.35041830884933406,,0.13799999730468757,0.06799999900390627,2.5280000617187515,0.1879999917382816,0.4040000044384766,0.05400000131835941,2.332000078995364,1.0019999941900635,0.015634317924008823,0.01762875803520661,69,50000,0.010701894656100771,0.01269913471129969,34,50000,0.06925732480776471,0.07115616683092442,1264,50000,0.018401668178712582,0.020394108329909573,94,50000,0.027393015753673228,0.029376816077666783,202,50000,0.0094384043456773,0.011436204389676428,27,50000,0.06654520183661874,0.06845188370298155,1166,50000,0.04357160868057441,0.04553148948295855,501,50000,0.8932533333333333,0.9742431277666667,0.28079809895833335,0.3458456140160013,0.28491627318923785,False,/data/suehara/part/march/datasets/20250711_ilc_nnqq_sgv_10m_3cat_parquet,val50k_tail,,proxy
32,32,0,,lr_8_5e-6,1.68e-05,validation_total_reference_mistag_geomean_percent,0.34939983390427215,min,0.831500012358475,0.831500012358475,0.4704901154260141,0.25947462003913324,0.34939983390427215,,0.13799999730468757,0.07000000085449219,2.4960000243750002,0.1879999917382816,0.39599999879150394,0.05400000131835941,2.3240000631213396,0.9860000213641362,0.015634317924008823,0.01762875803520661,69,50000,0.010871397397403768,0.01286855745420266,35,50000,0.0688224618870574,0.07072258388461788,1248,50000,0.018401668178712582,0.020394108329909573,94,50000,0.02711189127868993,0.029096011596283465,198,50000,0.0094384043456773,0.011436204389676428,27,50000,0.0664319488810114,0.06833895074097457,1162,50000,0.04321790631041187,0.04517842709999605,493,50000,0.8934066666666667,0.9743238350999999,0.2803660286458333,0.3458456140160013,0.28416458341775763,False,/data/suehara/part/march/datasets/20250711_ilc_nnqq_sgv_10m_3cat_parquet,val50k_tail,,proxy
33,33,0,,lr_11_25e-6,2.0159999999999997e-05,validation_total_reference_mistag_geomean_percent,0.3458614602893832,min,0.8347500070396616,0.8347500070396616,0.46389932666809297,0.25785799382953073,0.3458614602893832,,0.13399999640136728,0.07000000085449219,2.5340000214595033,0.186000003178711,0.38799999194824236,0.052000000507812505,2.3280000206030276,0.9860000213641362,0.015392639991259324,0.01738724009925721,67,50000,0.010871397397403768,0.01286855745420266,35,50000,0.06933853052785502,0.07123713255581463,1267,50000,0.018298640498242997,0.020291160647840055,93,50000,0.02682788339137001,0.028812323702563862,194,50000,0.00924516668895976,0.011243046731358937,26,50000,0.06648860143671186,0.0683954432998752,1164,50000,0.04321790631041187,0.04517842709999605,493,50000,0.8933933333333334,0.9743596901333333,0.28017497395833335,0.3458456140160013,0.2839173678838883,False,/data/suehara/part/march/datasets/20250711_ilc_nnqq_sgv_10m_3cat_parquet,val50k_tail,,proxy
33,33,0,,lr_14e-6,1.4e-05,validation_total_reference_mistag_geomean_percent,0.34650139164685734,min,0.8400000200766763,0.8400000200766763,0.4685916768174332,0.2562213977607339,0.34650139164685734,,0.13200000225585942,0.06799999900390627,2.554000095089115,0.1879999917382816,0.4,0.052000000507812505,2.332000078995364,0.9939999930230713,0.01527044818788576,0.01726512829428365,66,50000,0.010701894656100771,0.01269913471129969,34,50000,0.06960846956612296,0.07150627161008269,1277,50000,0.018401668178712582,0.020394108329909573,94,50000,0.027252808544023274,0.029236768864816798,200,50000,0.00924516668895976,0.011243046731358937,26,50000,0.06654520183661874,0.06845188370298155,1166,50000,0.04339512368923739,0.04535532448522155,497,50000,0.89332,0.9742953210666666,0.28053365885416665,0.3458456140160013,0.2844257192745599,False,/data/suehara/part/march/datasets/20250711_ilc_nnqq_sgv_10m_3cat_parquet,val50k_tail,,proxy
33,33,0,,lr_3e-6,1.344e-05,validation_total_reference_mistag_geomean_percent,0.34669955913773476,min,0.8370000046407132,0.8370000046407132,0.4662890752963618,0.2577812577528288,0.34669955913773476,,0.13200000225585942,0.07000000085449219,2.5419999592727667,0.1879999917382816,0.39399998905822786,0.052000000507812505,2.3260000764851405,0.9920000169531253,0.01527044818788576,0.01726512829428365,66,50000,0.010871397397403768,0.01286855745420266,35,50000,0.0694466436247855,0.07134492565914544,1271,50000,0.018401668178712582,0.020394108329909573,94,50000,0.027041163032931338,0.02902536334892505,197,50000,0.00924516668895976,0.011243046731358937,26,50000,0.0664602816865395,0.06836720354810241,1163,50000,0.04335088834802794,0.04531116914241202,496,50000,0.8933733333333334,0.9743327555666665,0.2803403255208333,0.3458456140160013,0.2840556150274808,False,/data/suehara/part/march/datasets/20250711_ilc_nnqq_sgv_10m_3cat_parquet,val50k_tail,,proxy
33,33,0,,lr_5_75e-6,1.1200000000000001e-05,validation_total_reference_mistag_geomean_percent,0.34837700181924425,min,0.8427500162544639,0.8427500162544639,0.4706541636482017,0.25786776102395886,0.34837700181924425,,0.13399999640136728,0.06799999900390627,2.554000095089115,0.18999999768066408,0.40199998920410185,0.052000000507812505,2.338000046020814,1.0040000061279297,0.015392639991259324,0.01738724009925721,67,50000,0.010701894656100771,0.01269913471129969,34,50000,0.06960846956612296,0.07150627161008269,1277,50000,0.018504147852544686,0.02049650800534169,95,50000,0.027323000245685562,0.02930688056807908,201,50000,0.00924516668895976,0.011243046731358937,26,50000,0.06663000493057764,0.06853644680174034,1169,50000,0.04361561651169965,0.04557541731568353,502,50000,0.8932866666666667,0.9742588365000001,0.28073403645833334,0.3458456140160013,0.28476105059458495,False,/data/suehara/part/march/datasets/20250711_ilc_nnqq_sgv_10m_3cat_parquet,val50k_tail,,proxy
33,33,0,,lr_8_5e-6,1.68e-05,validation_total_reference_mistag_geomean_percent,0.3482409794629758,min,0.8372500033815771,0.8372500033815771,0.47053709773982544,0.25773053890936276,0.3482409794629758,,0.13200000225585942,0.07000000085449219,2.5399999806213382,0.1879999917382816,0.39399998905822786,0.05400000131835941,2.332000078995364,0.9879999822106936,0.01527044818788576,0.01726512829428365,66,50000,0.010871397397403768,0.01286855745420266,35,50000,0.06941963258184844,0.07131799461460794,1270,50000,0.018401668178712582,0.020394108329909573,94,50000,0.027041163032931338,0.02902536334892505,197,50000,0.0094384043456773,0.011436204389676428,27,50000,0.06654520183661874,0.06845188370298155,1166,50000,0.04326227979669032,0.04522272058787458,494,50000,0.8933733333333334,0.9743457750000001,0.28025494791666666,0.3458456140160013,0.28398513086122423,False,/data/suehara/part/march/datasets/20250711_ilc_nnqq_sgv_10m_3cat_parquet,val50k_tail,,proxy
34,34,0,,lr_11_25e-6,2.0159999999999997e-05,validation_total_reference_mistag_geomean_percent,0.34732842873794806,min,0.8312500183100515,0.8312500183100515,0.4678539867706387,0.2578518957212886,0.34732842873794806,,0.13200000225585942,0.07000000085449219,2.5180000541745007,0.18999999768066408,0.39000001309204146,0.05400000131835941,2.3120000620898455,0.9840000150146486,0.01527044818788576,0.01726512829428365,66,50000,0.010871397397403768,0.01286855745420266,35,50000,0.06912175059417512,0.07102099260933546,1259,50000,0.018504147852544686,0.02049650800534169,95,50000,0.026899160482115422,0.028883520794909055,195,50000,0.0094384043456773,0.011436204389676428,27,50000,0.06626167696161533,0.06816915881197871,1156,50000,0.043173486498462345,0.04513408728644679,492,50000,0.8934666666666666,0.9743724239999999,0.28006588541666666,0.3458456140160013,0.28372876511364536,False,/data/suehara/part/march/datasets/20250711_ilc_nnqq_sgv_10m_3cat_parquet,val50k_tail,,proxy
34,34,0,,lr_14e-6,1.4e-05,validation_total_reference_mistag_geomean_percent,0.3462756273592917,min,0.8354999828505711,0.8354999828505711,0.4665539766662555,0.2570052257615738,0.3462756273592917,,0.13399999640136728,0.06799999900390627,2.5199999230957055,0.18999999768066408,0.39399998905822786,0.052000000507812505,2.3359999600781256,0.9899999969787597,0.015392639991259324,0.01738724009925721,67,50000,0.010701894656100771,0.01269913471129969,34,50000,0.06914888863409248,0.07104805065085255,1260,50000,0.018504147852544686,0.02049650800534169,95,50000,0.027041163032931338,0.02902536334892505,197,50000,0.00924516668895976,0.011243046731358937,26,50000,0.06660175021164123,0.0685082720812042,1168,50000,0.0433066070964213,0.045266967889205645,495,50000,0.8933333333333333,0.9743085552666667,0.280424921875,0.3458456140160013,0.28428413685249865,False,/data/suehara/part/march/datasets/20250711_ilc_nnqq_sgv_10m_3cat_parquet,val50k_tail,,proxy
34,34,0,,lr_3e-6,1.344e-05,validation_total_reference_mistag_geomean_percent,0.34840976750957064,min,0.8337499954752732,0.8337499954752732,0.4708651956654738,0.2578006767404277,0.34840976750957064,,0.13200000225585942,0.07000000085449219,2.51599997619751,0.18999999768066408,0.39599999879150394,0.05400000131835941,2.3219999897250365,0.9899999969787597,0.01527044818788576,0.01726512829428365,66,50000,0.010871397397403768,0.01286855745420266,35,50000,0.06909460092874437,0.07099392294230428,1258,50000,0.018504147852544686,0.02049650800534169,95,50000,0.02711189127868993,0.029096011596283465,198,50000,0.0094384043456773,0.011436204389676428,27,50000,0.06640360300367541,0.06831068486203885,1161,50000,0.0433066070964213,0.045266967889205645,495,50000,0.8934066666666667,0.9743427425666665,0.2802561848958333,0.3458456140160013,0.28392218739177316,False,/data/suehara/part/march/datasets/20250711_ilc_nnqq_sgv_10m_3cat_parquet,val50k_tail,,proxy
34,34,0,,lr_5_75e-6,1.1200000000000001e-05,validation_total_reference_mistag_geomean_percent,0.34688311331635746,min,0.8379999986662485,0.8379999986662485,0.4689681045092382,0.25658012378041917,0.34688311331635746,,0.13399999640136728,0.06799999900390627,2.5299999816627503,0.1879999917382816,0.40199998920410185,0.052000000507812505,2.3420000486010752,0.9879999822106936,0.015392639991259324,0.01738724009925721,67,50000,0.010701894656100771,0.01269913471129969,34,50000,0.06928440492173712,0.07118316694649726,1265,50000,0.018401668178712582,0.020394108329909573,94,50000,0.027323000245685562,0.02930688056807908,201,50000,0.00924516668895976,0.011243046731358937,26,50000,0.06668647551251045,0.06859275738687332,1171,50000,0.04326227979669032,0.04522272058787458,494,50000,0.8932866666666667,0.9742685177333333,0.28064946614583336,0.3458456140160013,0.2846416626187633,False,/data/suehara/part/march/datasets/20250711_ilc_nnqq_sgv_10m_3cat_parquet,val50k_tail,,proxy
34,34,0,,lr_8_5e-6,1.68e-05,validation_total_reference_mistag_geomean_percent,0.3479068213352256,min,0.8335000079687125,0.8335000079687125,0.4696000963090284,0.2577494282537981,0.3479068213352256,,0.13200000225585942,0.07000000085449219,2.5139999388148513,0.18999999768066408,0.3920000081347658,0.05400000131835941,2.3300000933265723,0.9860000213641362,0.01527044818788576,0.01726512829428365,66,50000,0.010871397397403768,0.01286855745420266,35,50000,0.06906743962429539,0.07096684163625556,1257,50000,0.018504147852544686,0.02049650800534169,95,50000,0.02697025322873285,0.028954533543126652,196,50000,0.0094384043456773,0.011436204389676428,27,50000,0.06651690814794449,0.06842367001270756,1165,50000,0.04321790631041187,0.04517842709999605,493,50000,0.8935,0.9743584846999999,0.28014916666666667,0.3458456140160013,0.28382407481303845,False,/data/suehara/part/march/datasets/20250711_ilc_nnqq_sgv_10m_3cat_parquet,val50k_tail,,proxy
35,35,0,,lr_11_25e-6,2.0159999999999997e-05,validation_total_reference_mistag_geomean_percent,0.3465043249512954,min,0.8262499968601993,0.8262499968601993,0.46789533967264774,0.2566070593777528,0.3465043249512954,,0.13200000225585942,0.07000000085449219,2.4960000243750002,0.1879999917382816,0.39399998905822786,0.05400000131835941,2.2939999523950205,0.9820000128863527,0.01527044818788576,0.01726512829428365,66,50000,0.010871397397403768,0.01286855745420266,35,50000,0.0688224618870574,0.07072258388461788,1248,50000,0.018401668178712582,0.020394108329909573,94,50000,0.027041163032931338,0.02902536334892505,197,50000,0.0094384043456773,0.011436204389676428,27,50000,0.0660053788838294,0.06791358071979309,1147,50000,0.04312902022101297,0.045089701007397336,491,50000,0.8934533333333333,0.9743884275333334,0.27998328125,0.3458456140160013,0.2834762970214226,False,/data/suehara/part/march/datasets/20250711_ilc_nnqq_sgv_10m_3cat_parquet,val50k_tail,,proxy
35,35,0,,lr_14e-6,1.4e-05,validation_total_reference_mistag_geomean_percent,0.34691510216547733,min,0.8335000026385502,0.8335000026385502,0.46933311207107503,0.25642786544380436,0.34691510216547733,,0.13399999640136728,0.06799999900390627,2.5239999715002446,0.1879999917382816,0.3920000081347658,0.05400000131835941,2.3200000708007833,0.9879999822106936,0.015392639991259324,0.01738724009925721,67,50000,0.010701894656100771,0.01269913471129969,34,50000,0.06920312989126647,0.0711021319112267,1262,50000,0.018401668178712582,0.020394108329909573,94,50000,0.02697025322873285,0.028954533543126652,196,50000,0.0094384043456773,0.011436204389676428,27,50000,0.06637524403804648,0.0682824058948095,1160,50000,0.04326227979669032,0.04522272058787458,494,50000,0.8934666666666666,0.9743216619,0.2803523958333333,0.3458456140160013,0.28406294643680446,False,/data/suehara/part/march/datasets/20250711_ilc_nnqq_sgv_10m_3cat_parquet,val50k_tail,,proxy
35,35,0,,lr_3e-6,1.344e-05,validation_total_reference_mistag_geomean_percent,0.347784766371145,min,0.8307499954646309,0.8307499954646309,0.46921551928629107,0.25777971688534856,0.347784766371145,,0.13399999640136728,0.07000000085449219,2.5039999006591835,0.1879999917382816,0.39399998905822786,0.05400000131835941,2.3200000708007833,0.9820000128863527,0.015392639991259324,0.01738724009925721,67,50000,0.010871397397403768,0.01286855745420266,35,50000,0.06893145804228139,0.0708312600462415,1252,50000,0.018401668178712582,0.020394108329909573,94,50000,0.027041163032931338,0.02902536334892505,197,50000,0.0094384043456773,0.011436204389676428,27,50000,0.06637524403804648,0.0682824058948095,1160,50000,0.04312902022101297,0.045089701007397336,491,50000,0.8934,0.9743567741333333,0.2801740625,0.3458456140160013,0.28371561217262675,False,/data/suehara/part/march/datasets/20250711_ilc_nnqq_sgv_10m_3cat_parquet,val50k_tail,,proxy
35,35,0,,lr_5_75e-6,1.1200000000000001e-05,validation_total_reference_mistag_geomean_percent,0.34603377276290825,min,0.8369999890814217,0.8369999890814217,0.46815482056438373,0.2557687470742698,0.34603377276290825,,0.13200000225585942,0.06799999900390627,2.535999881589361,0.1879999917382816,0.4,0.052000000507812505,2.3280000206030276,0.9920000169531253,0.01527044818788576,0.01726512829428365,66,50000,0.010701894656100771,0.01269913471129969,34,50000,0.06936557604661046,0.0712640980761705,1268,50000,0.018401668178712582,0.020394108329909573,94,50000,0.027252808544023274,0.029236768864816798,200,50000,0.00924516668895976,0.011243046731358937,26,50000,0.06648860143671186,0.0683954432998752,1164,50000,0.04335088834802794,0.04531116914241202,496,50000,0.8933733333333334,0.9742810198999999,0.2805811328125,0.3458456140160013,0.2844390418348598,False,/data/suehara/part/march/datasets/20250711_ilc_nnqq_sgv_10m_3cat_parquet,val50k_tail,,proxy
35,35,0,,lr_8_5e-6,1.68e-05,validation_total_reference_mistag_geomean_percent,0.3476824979401275,min,0.8297500102629478,0.8297500102629478,0.4688460071052645,0.2578311802637285,0.3476824979401275,,0.13399999640136728,0.07000000085449219,2.5060001028616377,0.1879999917382816,0.39399998905822786,0.05400000131835941,2.3079999848565675,0.9840000150146486,0.015392639991259324,0.01738724009925721,67,50000,0.010871397397403768,0.01286855745420266,35,50000,0.06895867774531217,0.07085839975087271,1253,50000,0.018401668178712582,0.020394108329909573,94,50000,0.027041163032931338,0.02902536334892505,197,50000,0.0094384043456773,0.011436204389676428,27,50000,0.06620481446237315,0.06811245630953637,1154,50000,0.043173486498462345,0.04513408728644679,492,50000,0.8933933333333334,0.9743739401,0.28007658854166667,0.3458456140160013,0.28359395323709347,False,/data/suehara/part/march/datasets/20250711_ilc_nnqq_sgv_10m_3cat_parquet,val50k_tail,,proxy
36,36,0,,lr_11_25e-6,2.0159999999999997e-05,validation_total_reference_mistag_geomean_percent,0.34704003531789873,min,0.8294999822343642,0.8294999822343642,0.46972688647635097,0.2563974717668454,0.34704003531789873,,0.13399999640136728,0.07000000085449219,2.5039999006591835,0.18399999640625006,0.39399998905822786,0.05400000131835941,2.3019999801539615,0.9939999930230713,0.015392639991259324,0.01738724009925721,67,50000,0.010871397397403768,0.01286855745420266,35,50000,0.06893145804228139,0.0708312600462415,1252,50000,0.018195055988739096,0.02018765613673616,92,50000,0.027041163032931338,0.02902536334892505,197,50000,0.0094384043456773,0.011436204389676428,27,50000,0.0661194216362588,0.06802730347862211,1151,50000,0.04339512368923739,0.04535532448522155,497,50000,0.8935333333333333,0.9744110136,0.2798619010416667,0.3458456140160013,0.28370103006074815,False,/data/suehara/part/march/datasets/20250711_ilc_nnqq_sgv_10m_3cat_parquet,val50k_tail,,proxy
36,36,0,,lr_14e-6,1.4e-05,validation_total_reference_mistag_geomean_percent,0.3446894692225022,min,0.8322499993212898,0.8322499993212898,0.4672491333787691,0.2542772617548718,0.3446894692225022,,0.13200000225585942,0.06799999900390627,2.5039999006591835,0.186000003178711,0.39599999879150394,0.052000000507812505,2.3240000631213396,0.9960000270520026,0.01527044818788576,0.01726512829428365,66,50000,0.010701894656100771,0.01269913471129969,34,50000,0.06893145804228139,0.0708312600462415,1252,50000,0.018298640498242997,0.020291160647840055,93,50000,0.02711189127868993,0.029096011596283465,198,50000,0.00924516668895976,0.011243046731358937,26,50000,0.0664319488810114,0.06833895074097457,1162,50000,0.04343931325708605,0.04539943405467029,498,50000,0.8934933333333334,0.9743383284333333,0.2802538671875,0.3446894692225022,0.28432956304610285,False,/data/suehara/part/march/datasets/20250711_ilc_nnqq_sgv_10m_3cat_parquet,val50k_tail,,proxy
36,36,0,,lr_3e-6,1.344e-05,validation_total_reference_mistag_geomean_percent,0.34423945281325385,min,0.8295000119970707,0.8295000119970707,0.4663094582899668,0.2541248065345496,0.34423945281325385,,0.13200000225585942,0.06799999900390627,2.4980000771858237,0.186000003178711,0.39599999879150394,0.052000000507812505,2.310000022029877,0.9939999930230713,0.01527044818788576,0.01726512829428365,66,50000,0.010701894656100771,0.01269913471129969,34,50000,0.0688497285547679,0.07074977055392812,1249,50000,0.018298640498242997,0.020291160647840055,93,50000,0.02711189127868993,0.029096011596283465,198,50000,0.00924516668895976,0.011243046731358937,26,50000,0.0662332523059743,0.06814081415473794,1155,50000,0.04339512368923739,0.04535532448522155,497,50000,0.8934133333333333,0.9743690272333332,0.2801030338541667,0.34423945281325385,0.28399064296858295,False,/data/suehara/part/march/datasets/20250711_ilc_nnqq_sgv_10m_3cat_parquet,val50k_tail,,proxy
36,36,0,,lr_5_75e-6,1.1200000000000001e-05,validation_total_reference_mistag_geomean_percent,0.3467404278985798,min,0.8359999927336504,0.8359999927336504,0.4706763683288504,0.2554386249859248,0.3467404278985798,,0.13399999640136728,0.06799999900390627,2.5119999494042977,0.186000003178711,0.40599999801757813,0.052000000507812505,2.3339999683035284,0.9960000270520026,0.015392639991259324,0.01738724009925721,67,50000,0.010701894656100771,0.01269913471129969,34,50000,0.06904026666729839,0.07093974867765883,1256,50000,0.018298640498242997,0.020291160647840055,93,50000,0.027462856367866828,0.029446576693460333,203,50000,0.00924516668895976,0.011243046731358937,26,50000,0.06657348251908023,0.06848008438704346,1167,50000,0.04343931325708605,0.04539943405467029,498,50000,0.89338,0.9742916153,0.28051674479166666,0.34423945281325385,0.28472528699519634,False,/data/suehara/part/march/datasets/20250711_ilc_nnqq_sgv_10m_3cat_parquet,val50k_tail,,proxy
36,36,0,,lr_8_5e-6,1.68e-05,validation_total_reference_mistag_geomean_percent,0.3460154678972958,min,0.8287499993850328,0.8287499993850328,0.47120280767243616,0.25408741644726024,0.3460154678972958,,0.13399999640136728,0.06799999900390627,2.4859999861543276,0.18399999640625006,0.39599999879150394,0.05400000131835941,2.310000022029877,0.9979999949746704,0.015392639991259324,0.01738724009925721,67,50000,0.010701894656100771,0.01269913471129969,34,50000,0.06868595163899184,0.07058647362855226,1243,50000,0.018195055988739096,0.02018765613673616,92,50000,0.02711189127868993,0.029096011596283465,198,50000,0.0094384043456773,0.011436204389676428,27,50000,0.0662332523059743,0.06814081415473794,1155,50000,0.04348345718792508,0.04544349798710906,499,50000,0.8935466666666667,0.9743896461666667,0.2799793489583333,0.34423945281325385,0.2838442094064008,False,/data/suehara/part/march/datasets/20250711_ilc_nnqq_sgv_10m_3cat_parquet,val50k_tail,,proxy
37,37,0,,lr_11_25e-6,2.0159999999999997e-05,validation_total_reference_mistag_geomean_percent,0.34316320526285327,min,0.8247499957353785,0.8247499957353785,0.4611331505818722,0.25537306371853913,0.34316320526285327,,0.12999999920654298,0.07000000085449219,2.4859999861543276,0.1879999917382816,0.3840000150000006,0.052000000507812505,2.305999959535218,0.9820000128863527,0.015147327248533623,0.01714208735333156,65,50000,0.010871397397403768,0.01286855745420266,35,50000,0.06868595163899184,0.07058647362855226,1243,50000,0.018401668178712582,0.020394108329909573,94,50000,0.026684770480086325,0.028669370788080323,192,50000,0.00924516668895976,0.011243046731358937,26,50000,0.06617636341407426,0.06808408525963774,1153,50000,0.04312902022101297,0.045089701007397336,491,50000,0.89368,0.9744250240333333,0.27980048177083333,0.34316320526285327,0.28325693023618803,False,/data/suehara/part/march/datasets/20250711_ilc_nnqq_sgv_10m_3cat_parquet,val50k_tail,,proxy
37,37,0,,lr_14e-6,1.4e-05,validation_total_reference_mistag_geomean_percent,0.34584362593833956,min,0.8327500174968345,0.8327500174968345,0.4654516035895344,0.2569715362021958,0.34584362593833956,,0.12999999920654298,0.07000000085449219,2.522000059648134,0.18999999768066408,0.39399998905822786,0.052000000507812505,2.314000096040043,0.9899999969787597,0.015147327248533623,0.01714208735333156,65,50000,0.010871397397403768,0.01286855745420266,35,50000,0.06917601506197281,0.07107509708033262,1261,50000,0.018504147852544686,0.02049650800534169,95,50000,0.027041163032931338,0.02902536334892505,197,50000,0.00924516668895976,0.011243046731358937,26,50000,0.06629008844599646,0.06819749029795957,1157,50000,0.0433066070964213,0.045266967889205645,495,50000,0.8935333333333333,0.9743495562,0.28022828125,0.34316320526285327,0.2839341522624218,False,/data/suehara/part/march/datasets/20250711_ilc_nnqq_sgv_10m_3cat_parquet,val50k_tail,,proxy
37,37,0,,lr_3e-6,1.344e-05,validation_total_reference_mistag_geomean_percent,0.3445540774192707,min,0.8300000050591282,0.8300000050591282,0.46339468397502753,0.2561909240043041,0.3445540774192707,,0.12999999920654298,0.07000000085449219,2.5180000541745007,0.1879999917382816,0.39000001309204146,0.052000000507812505,2.305999959535218,0.9860000213641362,0.015147327248533623,0.01714208735333156,65,50000,0.010871397397403768,0.01286855745420266,35,50000,0.06912175059417512,0.07102099260933546,1259,50000,0.018401668178712582,0.020394108329909573,94,50000,0.026899160482115422,0.028883520794909055,195,50000,0.00924516668895976,0.011243046731358937,26,50000,0.06617636341407426,0.06808408525963774,1153,50000,0.04321790631041187,0.04517842709999605,493,50000,0.8935733333333333,0.9743804256666667,0.28006704427083334,0.34316320526285327,0.28360216520180825,False,/data/suehara/part/march/datasets/20250711_ilc_nnqq_sgv_10m_3cat_parquet,val50k_tail,,proxy
37,37,0,,lr_5_75e-6,1.1200000000000001e-05,validation_total_reference_mistag_geomean_percent,0.34579869644156336,min,0.8345000152403074,0.8345000152403074,0.46711483441094226,0.2559900256892449,0.34579869644156336,,0.13200000225585942,0.06799999900390627,2.5180000541745007,0.18999999768066408,0.39599999879150394,0.052000000507812505,2.3260000764851405,0.9939999930230713,0.01527044818788576,0.01726512829428365,66,50000,0.010701894656100771,0.01269913471129969,34,50000,0.06912175059417512,0.07102099260933546,1259,50000,0.018504147852544686,0.02049650800534169,95,50000,0.02711189127868993,0.029096011596283465,198,50000,0.00924516668895976,0.011243046731358937,26,50000,0.0664602816865395,0.06836720354810241,1163,50000,0.04339512368923739,0.04535532448522155,497,50000,0.8934466666666666,0.9743018807666667,0.28048701822916666,0.34316320526285327,0.28435481470131396,False,/data/suehara/part/march/datasets/20250711_ilc_nnqq_sgv_10m_3cat_parquet,val50k_tail,,proxy
37,37,0,,lr_8_5e-6,1.68e-05,validation_total_reference_mistag_geomean_percent,0.344200504521591,min,0.8272499996995546,0.8272499996995546,0.4619579337233028,0.25646055336259194,0.344200504521591,,0.12999999920654298,0.07000000085449219,2.5020000232882693,0.18999999768066408,0.38799999194824236,0.052000000507812505,2.3079999848565675,0.9779999992538452,0.015147327248533623,0.01714208735333156,65,50000,0.010871397397403768,0.01286855745420266,35,50000,0.06890422661864626,0.07080410862100664,1251,50000,0.018504147852544686,0.02049650800534169,95,50000,0.02682788339137001,0.028812323702563862,194,50000,0.00924516668895976,0.011243046731358937,26,50000,0.06620481446237315,0.06811245630953637,1154,50000,0.04303994770673905,0.0450007884899236,489,50000,0.89362,0.9744016851333334,0.27992626302083334,0.34316320526285327,0.28342729071057715,False,/data/suehara/part/march/datasets/20250711_ilc_nnqq_sgv_10m_3cat_parquet,val50k_tail,,proxy
38,38,0,,lr_11_25e-6,2.0159999999999997e-05,validation_total_reference_mistag_geomean_percent,0.3450178315357342,min,0.8235000043839455,0.8235000043839455,0.46685858827738236,0.2549750761078313,0.3450178315357342,,0.13200000225585942,0.07000000085449219,2.4859999861543276,0.18399999640625006,0.3920000081347658,0.05400000131835941,2.2900000489196786,0.9799999910278321,0.01527044818788576,0.01726512829428365,66,50000,0.010871397397403768,0.01286855745420266,35,50000,0.06868595163899184,0.07058647362855226,1243,50000,0.018195055988739096,0.02018765613673616,92,50000,0.02697025322873285,0.028954533543126652,196,50000,0.0094384043456773,0.011436204389676428,27,50000,0.06594827763822739,0.06785663947099091,1145,50000,0.04308450733752373,0.04504526812230802,490,50000,0.89352,0.9744307573666666,0.2797534114583333,0.34316320526285327,0.2833394036689449,False,/data/suehara/part/march/datasets/20250711_ilc_nnqq_sgv_10m_3cat_parquet,val50k_tail,,proxy
38,38,0,,lr_14e-6,1.4e-05,validation_total_reference_mistag_geomean_percent,0.347373189087921,min,0.8279999963411334,0.8279999963411334,0.4703008312867731,0.2565764814128795,0.347373189087921,,0.13399999640136728,0.07000000085449219,2.4840000299432377,0.186000003178711,0.39399998905822786,0.05400000131835941,2.303999955000001,0.9979999949746704,0.015392639991259324,0.01738724009925721,67,50000,0.010871397397403768,0.01286855745420266,35,50000,0.06865861411047558,0.07055921609843627,1242,50000,0.018298640498242997,0.020291160647840055,93,50000,0.027041163032931338,0.02902536334892505,197,50000,0.0094384043456773,0.011436204389676428,27,50000,0.06614789914430597,0.06805570098826971,1152,50000,0.04348345718792508,0.04544349798710906,499,50000,0.89346,0.9743542967333333,0.2801804296875,0.34316320526285327,0.28404119839762415,False,/data/suehara/part/march/datasets/20250711_ilc_nnqq_sgv_10m_3cat_parquet,val50k_tail,,proxy
38,38,0,,lr_3e-6,1.344e-05,validation_total_reference_mistag_geomean_percent,0.34604349150196545,min,0.8274999972019198,0.8274999972019198,0.46935549843632507,0.25512878491848784,0.34604349150196545,,0.13200000225585942,0.07000000085449219,2.4920000357434087,0.18399999640625006,0.39399998905822786,0.05400000131835941,2.303999955000001,0.9899999969787597,0.01527044818788576,0.01726512829428365,66,50000,0.010871397397403768,0.01286855745420266,35,50000,0.06876789321122248,0.0706681752055828,1246,50000,0.018195055988739096,0.02018765613673616,92,50000,0.027041163032931338,0.02902536334892505,197,50000,0.0094384043456773,0.011436204389676428,27,50000,0.06614789914430597,0.06805570098826971,1152,50000,0.0433066070964213,0.045266967889205645,495,50000,0.8934333333333333,0.9743830348333334,0.2800250260416667,0.34316320526285327,0.28372380390522256,False,/data/suehara/part/march/datasets/20250711_ilc_nnqq_sgv_10m_3cat_parquet,val50k_tail,,proxy
38,38,0,,lr_5_75e-6,1.1200000000000001e-05,validation_total_reference_mistag_geomean_percent,0.345917206990871,min,0.8330000007976923,0.8330000007976923,0.46872422439212796,0.2552859610521438,0.345917206990871,,0.13399999640136728,0.06799999900390627,2.5060001028616377,0.186000003178711,0.4,0.052000000507812505,2.3159999102380406,1.0019999941900635,0.015392639991259324,0.01738724009925721,67,50000,0.010701894656100771,0.01269913471129969,34,50000,0.06895867774531217,0.07085839975087271,1253,50000,0.018298640498242997,0.020291160647840055,93,50000,0.027252808544023274,0.029236768864816798,200,50000,0.00924516668895976,0.011243046731358937,26,50000,0.06631848677578177,0.06822580862934531,1158,50000,0.04357160868057441,0.04553148948295855,501,50000,0.8933866666666667,0.9743076437333333,0.28044704427083333,0.34316320526285327,0.284473273367909,False,/data/suehara/part/march/datasets/20250711_ilc_nnqq_sgv_10m_3cat_parquet,val50k_tail,,proxy
38,38,0,,lr_8_5e-6,1.68e-05,validation_total_reference_mistag_geomean_percent,0.346340052329154,min,0.8269999978292281,0.8269999978292281,0.46811457460096995,0.2562437453471943,0.346340052329154,,0.13399999640136728,0.07000000085449219,2.4980000771858237,0.18399999640625006,0.3920000081347658,0.05400000131835941,2.295999920122073,0.9879999822106936,0.015392639991259324,0.01738724009925721,67,50000,0.010871397397403768,0.01286855745420266,35,50000,0.0688497285547679,0.07074977055392812,1249,50000,0.018195055988739096,0.02018765613673616,92,50000,0.02697025322873285,0.028954533543126652,196,50000,0.0094384043456773,0.011436204389676428,27,50000,0.06603390951380982,0.06794203135137324,1148,50000,0.04326227979669032,0.04522272058787458,494,50000,0.89342,0.9744063484666666,0.27988421875,0.34316320526285327,0.2835283980241398,False,/data/suehara/part/march/datasets/20250711_ilc_nnqq_sgv_10m_3cat_parquet,val50k_tail,,proxy
39,39,0,,lr_11_25e-6,2.0159999999999997e-05,validation_total_reference_mistag_geomean_percent,0.3461854817992481,min,0.8222500174760825,0.8222500174760825,0.46634161138951696,0.25698840695662517,0.3461854817992481,,0.13599999800781254,0.07000000085449219,2.4900001149330193,0.18399999640625006,0.3920000081347658,0.05400000131835941,2.2659999987898254,0.9860000213641362,0.015513923280260607,0.017508443389858443,68,50000,0.010871397397403768,0.01286855745420266,35,50000,0.06874059117546634,0.07064095316822692,1245,50000,0.018195055988739096,0.02018765613673616,92,50000,0.02697025322873285,0.028954533543126652,196,50000,0.0094384043456773,0.011436204389676428,27,50000,0.06560454336370959,0.06751386517727352,1133,50000,0.04321790631041187,0.04517842709999605,493,50000,0.8936,0.9744558793000001,0.2796278776041667,0.34316320526285327,0.282983288324866,False,/data/suehara/part/march/datasets/20250711_ilc_nnqq_sgv_10m_3cat_parquet,val50k_tail,,proxy
39,39,0,,lr_14e-6,1.4e-05,validation_total_reference_mistag_geomean_percent,0.3468742305907995,min,0.8322500148268512,0.8322500148268512,0.47020295221201835,0.2558931867227093,0.3468742305907995,,0.13200000225585942,0.07000000085449219,2.522000059648134,0.18399999640625006,0.3920000081347658,0.05400000131835941,2.3000000438690194,1.0040000061279297,0.01527044818788576,0.01726512829428365,66,50000,0.010871397397403768,0.01286855745420266,35,50000,0.06917601506197281,0.07107509708033262,1261,50000,0.018195055988739096,0.02018765613673616,92,50000,0.02697025322873285,0.028954533543126652,196,50000,0.0094384043456773,0.011436204389676428,27,50000,0.06609093087308754,0.06799889271385112,1150,50000,0.04361561651169965,0.04557541731568353,502,50000,0.8935666666666666,0.974378313,0.28005446614583335,0.34316320526285327,0.28371569570986915,False,/data/suehara/part/march/datasets/20250711_ilc_nnqq_sgv_10m_3cat_parquet,val50k_tail,,proxy
39,39,0,,lr_3e-6,1.344e-05,validation_total_reference_mistag_geomean_percent,0.34669246280934046,min,0.8297499921697237,0.8297499921697237,0.4687215358982965,0.2564329875273451,0.34669246280934046,,0.13200000225585942,0.07000000085449219,2.51599997619751,0.186000003178711,0.3920000081347658,0.05400000131835941,2.2939999523950205,0.9939999930230713,0.01527044818788576,0.01726512829428365,66,50000,0.010871397397403768,0.01286855745420266,35,50000,0.06909460092874437,0.07099392294230428,1258,50000,0.018298640498242997,0.020291160647840055,93,50000,0.02697025322873285,0.028954533543126652,196,50000,0.0094384043456773,0.011436204389676428,27,50000,0.0660053788838294,0.06791358071979309,1147,50000,0.04339512368923739,0.04535532448522155,497,50000,0.8935933333333334,0.9744056056666667,0.27991072916666665,0.34316320526285327,0.2834084076004069,False,/data/suehara/part/march/datasets/20250711_ilc_nnqq_sgv_10m_3cat_parquet,val50k_tail,,proxy
39,39,0,,lr_5_75e-6,1.1200000000000001e-05,validation_total_reference_mistag_geomean_percent,0.34496087711605095,min,0.8325000005855951,0.8325000005855951,0.46718937016562107,0.25471043294176365,0.34496087711605095,,0.12999999920654298,0.06799999900390627,2.5060001028616377,0.18999999768066408,0.39399998905822786,0.052000000507812505,2.3159999102380406,1.0040000061279297,0.015147327248533623,0.01714208735333156,65,50000,0.010701894656100771,0.01269913471129969,34,50000,0.06895867774531217,0.07085839975087271,1253,50000,0.018504147852544686,0.02049650800534169,95,50000,0.027041163032931338,0.02902536334892505,197,50000,0.00924516668895976,0.011243046731358937,26,50000,0.06631848677578177,0.06822580862934531,1158,50000,0.04361561651169965,0.04557541731568353,502,50000,0.89346,0.9743297499333333,0.2803265104166667,0.34316320526285327,0.28416117117673756,False,/data/suehara/part/march/datasets/20250711_ilc_nnqq_sgv_10m_3cat_parquet,val50k_tail,,proxy
39,39,0,,lr_8_5e-6,1.68e-05,validation_total_reference_mistag_geomean_percent,0.34590504818315554,min,0.8245000155130391,0.8245000155130391,0.4667526705158229,0.2563462619857362,0.34590504818315554,,0.13399999640136728,0.07000000085449219,2.5020000232882693,0.18399999640625006,0.3920000081347658,0.05400000131835941,2.2740000763366726,0.9860000213641362,0.015392639991259324,0.01738724009925721,67,50000,0.010871397397403768,0.01286855745420266,35,50000,0.06890422661864626,0.07080410862100664,1251,50000,0.018195055988739096,0.02018765613673616,92,50000,0.02697025322873285,0.028954533543126652,196,50000,0.0094384043456773,0.011436204389676428,27,50000,0.06571933700411543,0.06762833882407969,1137,50000,0.04321790631041187,0.04517842709999605,493,50000,0.8936466666666667,0.9744318656333334,0.2797636848958333,0.34316320526285327,0.2831899462060402,False,/data/suehara/part/march/datasets/20250711_ilc_nnqq_sgv_10m_3cat_parquet,val50k_tail,,proxy
40,40,0,,lr_11_25e-6,2.0159999999999997e-05,validation_total_reference_mistag_geomean_percent,0.3434356235621374,min,0.8197499787111673,0.8197499787111673,0.46675661470362567,0.252697066985129,0.3434356235621374,,0.12999999920654298,0.07000000085449219,2.4619999015741008,0.18199999600097666,0.3920000081347658,0.05400000131835941,2.287999931572268,0.9799999910278321,0.015147327248533623,0.01714208735333156,65,50000,0.010871397397403768,0.01286855745420266,35,50000,0.06835711553137593,0.07025859750173676,1231,50000,0.018090905588142768,0.020083585734539902,91,50000,0.02697025322873285,0.028954533543126652,196,50000,0.0094384043456773,0.011436204389676428,27,50000,0.06591970698851118,0.06782814881967497,1144,50000,0.04308450733752373,0.04504526812230802,490,50000,0.89366,0.9744657057333335,0.2795963411458333,0.34316320526285327,0.2829518853369808,False,/data/suehara/part/march/datasets/20250711_ilc_nnqq_sgv_10m_3cat_parquet,val50k_tail,,proxy
40,40,0,,lr_14e-6,1.4e-05,validation_total_reference_mistag_geomean_percent,0.3477908047770337,min,0.8319999976391412,0.8319999976391412,0.4696427193007332,0.2575541766463576,0.3477908047770337,,0.13599999800781254,0.07000000085449219,2.5119999494042977,0.18399999640625006,0.39000001309204146,0.05400000131835941,2.310000022029877,1.0,0.015513923280260607,0.017508443389858443,68,50000,0.010871397397403768,0.01286855745420266,35,50000,0.06904026666729839,0.07093974867765883,1256,50000,0.018195055988739096,0.02018765613673616,92,50000,0.026899160482115422,0.028883520794909055,195,50000,0.0094384043456773,0.011436204389676428,27,50000,0.0662332523059743,0.06814081415473794,1155,50000,0.0435275556174234,0.04548751641820746,500,50000,0.8935,0.9743828319333332,0.2800437890625,0.34316320526285327,0.28371803668185336,False,/data/suehara/part/march/datasets/20250711_ilc_nnqq_sgv_10m_3cat_parquet,val50k_tail,,proxy
40,40,0,,lr_3e-6,1.344e-05,validation_total_reference_mistag_geomean_percent,0.3475584070133258,min,0.8284999828160865,0.8284999828160865,0.46812253101699264,0.2580453583877076,0.3475584070133258,,0.13599999800781254,0.07000000085449219,2.5039999006591835,0.186000003178711,0.39000001309204146,0.05400000131835941,2.2939999523950205,0.9939999930230713,0.015513923280260607,0.017508443389858443,68,50000,0.010871397397403768,0.01286855745420266,35,50000,0.06893145804228139,0.0708312600462415,1252,50000,0.018298640498242997,0.020291160647840055,93,50000,0.026899160482115422,0.028883520794909055,195,50000,0.0094384043456773,0.011436204389676428,27,50000,0.0660053788838294,0.06791358071979309,1147,50000,0.04339512368923739,0.04535532448522155,497,50000,0.8934733333333333,0.9744084252333334,0.2799279557291667,0.34316320526285327,0.283420642640181,False,/data/suehara/part/march/datasets/20250711_ilc_nnqq_sgv_10m_3cat_parquet,val50k_tail,,proxy
40,40,0,,lr_5_75e-6,1.1200000000000001e-05,validation_total_reference_mistag_geomean_percent,0.34536533117292073,min,0.8359999942348489,0.8359999942348489,0.4665319483964741,0.25566783236636037,0.34536533117292073,,0.13200000225585942,0.06799999900390627,2.5319998891168263,0.1879999917382816,0.3920000081347658,0.052000000507812505,2.3240000631213396,1.0,0.01527044818788576,0.01726512829428365,66,50000,0.010701894656100771,0.01269913471129969,34,50000,0.06931147349066129,0.07121015551702116,1266,50000,0.018401668178712582,0.020394108329909573,94,50000,0.02697025322873285,0.028954533543126652,196,50000,0.00924516668895976,0.011243046731358937,26,50000,0.0664319488810114,0.06833895074097457,1162,50000,0.0435275556174234,0.04548751641820746,500,50000,0.8935066666666667,0.9743326125,0.28032959635416665,0.34316320526285327,0.2841792455291476,False,/data/suehara/part/march/datasets/20250711_ilc_nnqq_sgv_10m_3cat_parquet,val50k_tail,,proxy
40,40,0,,lr_8_5e-6,1.68e-05,validation_total_reference_mistag_geomean_percent,0.3469555859375458,min,0.8247500144445803,0.8247500144445803,0.4674362551742542,0.257528544867343,0.3469555859375458,,0.13599999800781254,0.07000000085449219,2.4840000299432377,0.186000003178711,0.3920000081347658,0.05400000131835941,2.2920000591046157,0.9840000150146486,0.015513923280260607,0.017508443389858443,68,50000,0.010871397397403768,0.01286855745420266,35,50000,0.06865861411047558,0.07055921609843627,1242,50000,0.018298640498242997,0.020291160647840055,93,50000,0.02697025322873285,0.028954533543126652,196,50000,0.0094384043456773,0.011436204389676428,27,50000,0.06597683493097806,0.06788511676534201,1146,50000,0.043173486498462345,0.04513408728644679,492,50000,0.8934866666666667,0.9744385486999999,0.279747578125,0.34316320526285327,0.2831814275475583,False,/data/suehara/part/march/datasets/20250711_ilc_nnqq_sgv_10m_3cat_parquet,val50k_tail,,proxy
41,41,0,,lr_11_25e-6,2.0159999999999997e-05,validation_total_reference_mistag_geomean_percent,0.34607300348373055,min,0.8207499964803315,0.8207499964803315,0.46725781614101985,0.25631786051087535,0.34607300348373055,,0.13399999640136728,0.07000000085449219,2.4739999913174437,0.186000003178711,0.39599999879150394,0.05400000131835941,2.2699999670944218,0.9820000128863527,0.015392639991259324,0.01738724009925721,67,50000,0.010871397397403768,0.01286855745420266,35,50000,0.06852174830664567,0.0704227502866063,1237,50000,0.018298640498242997,0.020291160647840055,93,50000,0.02711189127868993,0.029096011596283465,198,50000,0.0094384043456773,0.011436204389676428,27,50000,0.06566196724330023,0.06757112906006432,1135,50000,0.04312902022101297,0.045089701007397336,491,50000,0.8935933333333334,0.9744727987333334,0.27954088541666666,0.34316320526285327,0.2827030922729932,False,/data/suehara/part/march/datasets/20250711_ilc_nnqq_sgv_10m_3cat_parquet,val50k_tail,,proxy
41,41,0,,lr_14e-6,1.4e-05,validation_total_reference_mistag_geomean_percent,0.34648063174127225,min,0.8292499821121985,0.8292499821121985,0.46852180998305964,0.25622890037108775,0.34648063174127225,,0.13200000225585942,0.07000000085449219,2.5079999039447056,0.186000003178711,0.3920000081347658,0.05400000131835941,2.303999955000001,0.9879999822106936,0.01527044818788576,0.01726512829428365,66,50000,0.010871397397403768,0.01286855745420266,35,50000,0.0689858857414044,0.07088552774856469,1254,50000,0.018298640498242997,0.020291160647840055,93,50000,0.02697025322873285,0.028954533543126652,196,50000,0.0094384043456773,0.011436204389676428,27,50000,0.06614789914430597,0.06805570098826971,1152,50000,0.04326227979669032,0.04522272058787458,494,50000,0.8934533333333333,0.9743900058333334,0.28000497395833335,0.34316320526285327,0.2835054524466289,False,/data/suehara/part/march/datasets/20250711_ilc_nnqq_sgv_10m_3cat_parquet,val50k_tail,,proxy
41,41,0,,lr_3e-6,1.344e-05,validation_total_reference_mistag_geomean_percent,0.3455068460905471,min,0.8272499996382912,0.8272499996382912,0.46767359352485266,0.25525277105279476,0.3455068460905471,,0.12999999920654298,0.07000000085449219,2.5079999039447056,0.186000003178711,0.3920000081347658,0.05400000131835941,2.2920000591046157,0.9860000213641362,0.015147327248533623,0.01714208735333156,65,50000,0.010871397397403768,0.01286855745420266,35,50000,0.0689858857414044,0.07088552774856469,1254,50000,0.018298640498242997,0.020291160647840055,93,50000,0.02697025322873285,0.028954533543126652,196,50000,0.0094384043456773,0.011436204389676428,27,50000,0.06597683493097806,0.06788511676534201,1146,50000,0.04321790631041187,0.04517842709999605,493,50000,0.8935866666666666,0.9744156640333332,0.27988330729166666,0.34316320526285327,0.2832157476949215,False,/data/suehara/part/march/datasets/20250711_ilc_nnqq_sgv_10m_3cat_parquet,val50k_tail,,proxy
41,41,0,,lr_5_75e-6,1.1200000000000001e-05,validation_total_reference_mistag_geomean_percent,0.3449676958678518,min,0.8317499882062537,0.8317499882062537,0.4661222543240089,0.25530364638984615,0.3449676958678518,,0.12999999920654298,0.07000000085449219,2.5100000153198243,0.186000003178711,0.39399998905822786,0.052000000507812505,2.3179999045013466,0.9939999930230713,0.015147327248533623,0.01714208735333156,65,50000,0.010871397397403768,0.01286855745420266,35,50000,0.06901308204419615,0.07091264405295616,1255,50000,0.018298640498242997,0.020291160647840055,93,50000,0.027041163032931338,0.02902536334892505,197,50000,0.00924516668895976,0.011243046731358937,26,50000,0.06634687196760067,0.06825411382276395,1159,50000,0.04339512368923739,0.04535532448522155,497,50000,0.8934133333333333,0.9743399712,0.28028411458333335,0.34316320526285327,0.283986179843396,False,/data/suehara/part/march/datasets/20250711_ilc_nnqq_sgv_10m_3cat_parquet,val50k_tail,,proxy
41,41,0,,lr_8_5e-6,1.68e-05,validation_total_reference_mistag_geomean_percent,0.34735270858393413,min,0.8257499936407473,0.8257499936407473,0.46794278822891616,0.25783900766427015,0.34735270858393413,,0.13599999800781254,0.07000000085449219,2.4960000243750002,0.186000003178711,0.39599999879150394,0.05400000131835941,2.287999931572268,0.9799999910278321,0.015513923280260607,0.017508443389858443,68,50000,0.010871397397403768,0.01286855745420266,35,50000,0.0688224618870574,0.07072258388461788,1248,50000,0.018298640498242997,0.020291160647840055,93,50000,0.02711189127868993,0.029096011596283465,198,50000,0.0094384043456773,0.011436204389676428,27,50000,0.06591970698851118,0.06782814881967497,1144,50000,0.04308450733752373,0.04504526812230802,490,50000,0.8935266666666667,0.9744456079666666,0.27969876302083335,0.34316320526285327,0.28295425315348094,False,/data/suehara/part/march/datasets/20250711_ilc_nnqq_sgv_10m_3cat_parquet,val50k_tail,,proxy
42,42,0,,lr_11_25e-6,2.0159999999999997e-05,validation_total_reference_mistag_geomean_percent,0.3455695076445634,min,0.8197499831742103,0.8197499831742103,0.46408855427206464,0.25731788365480535,0.3455695076445634,,0.13799999730468757,0.07000000085449219,2.4399998994751018,0.186000003178711,0.39599999879150394,0.052000000507812505,2.2939999523950205,0.9820000128863527,0.015634317924008823,0.01762875803520661,69,50000,0.010871397397403768,0.01286855745420266,35,50000,0.068054163226762,0.06995652517952297,1220,50000,0.018298640498242997,0.020291160647840055,93,50000,0.02711189127868993,0.029096011596283465,198,50000,0.00924516668895976,0.011243046731358937,26,50000,0.0660053788838294,0.06791358071979309,1147,50000,0.04312902022101297,0.045089701007397336,491,50000,0.8935933333333334,0.9744837592333333,0.27949752604166667,0.34316320526285327,0.2821624521609151,False,/data/suehara/part/march/datasets/20250711_ilc_nnqq_sgv_10m_3cat_parquet,val50k_tail,,proxy
42,42,0,,lr_14e-6,1.4e-05,validation_total_reference_mistag_geomean_percent,0.3475319425724988,min,0.8302500087701423,0.8302500087701423,0.469694244804634,0.2571427102719804,0.3475319425724988,,0.13399999640136728,0.07000000085449219,2.5060001028616377,0.186000003178711,0.39399998905822786,0.05400000131835941,2.305999959535218,0.9920000169531253,0.015392639991259324,0.01738724009925721,67,50000,0.010871397397403768,0.01286855745420266,35,50000,0.06895867774531217,0.07085839975087271,1253,50000,0.018298640498242997,0.020291160647840055,93,50000,0.027041163032931338,0.02902536334892505,197,50000,0.0094384043456773,0.011436204389676428,27,50000,0.06617636341407426,0.06808408525963774,1153,50000,0.04335088834802794,0.04531116914241202,496,50000,0.8934133333333333,0.9743995803666667,0.27995411458333336,0.34316320526285327,0.282999553459809,False,/data/suehara/part/march/datasets/20250711_ilc_nnqq_sgv_10m_3cat_parquet,val50k_tail,,proxy
42,42,0,,lr_3e-6,1.344e-05,validation_total_reference_mistag_geomean_percent,0.34681761722804283,min,0.825000007136879,0.825000007136879,0.4692706913985565,0.25631786051087535,0.34681761722804283,,0.13399999640136728,0.07000000085449219,2.4739999913174437,0.186000003178711,0.39599999879150394,0.05400000131835941,2.3000000438690194,0.9860000213641362,0.015392639991259324,0.01738724009925721,67,50000,0.010871397397403768,0.01286855745420266,35,50000,0.06852174830664567,0.0704227502866063,1237,50000,0.018298640498242997,0.020291160647840055,93,50000,0.02711189127868993,0.029096011596283465,198,50000,0.0094384043456773,0.011436204389676428,27,50000,0.06609093087308754,0.06799889271385112,1150,50000,0.04321790631041187,0.04517842709999605,493,50000,0.89346,0.9744262079666667,0.279826640625,0.34316320526285327,0.28271744995033254,False,/data/suehara/part/march/datasets/20250711_ilc_nnqq_sgv_10m_3cat_parquet,val50k_tail,,proxy
42,42,0,,lr_5_75e-6,1.1200000000000001e-05,validation_total_reference_mistag_geomean_percent,0.3458890772202745,min,0.8345000133749586,0.8345000133749586,0.4669925533282477,0.2561909240043041,0.3458890772202745,,0.12999999920654298,0.07000000085449219,2.5180000541745007,0.1879999917382816,0.39399998905822786,0.052000000507812505,2.3260000764851405,0.9979999949746704,0.015147327248533623,0.01714208735333156,65,50000,0.010871397397403768,0.01286855745420266,35,50000,0.06912175059417512,0.07102099260933546,1259,50000,0.018401668178712582,0.020394108329909573,94,50000,0.027041163032931338,0.02902536334892505,197,50000,0.00924516668895976,0.011243046731358937,26,50000,0.0664602816865395,0.06836720354810241,1163,50000,0.04348345718792508,0.04544349798710906,499,50000,0.8933133333333333,0.9743510337666667,0.280227421875,0.34316320526285327,0.28349762043422116,False,/data/suehara/part/march/datasets/20250711_ilc_nnqq_sgv_10m_3cat_parquet,val50k_tail,,proxy
42,42,0,,lr_8_5e-6,1.68e-05,validation_total_reference_mistag_geomean_percent,0.3453240416658856,min,0.8214999984075362,0.8214999984075362,0.46445914709699676,0.2567474330041747,0.3453240416658856,,0.13599999800781254,0.07000000085449219,2.453999905451206,0.186000003178711,0.39599999879150394,0.052000000507812505,2.2920000591046157,0.9860000213641362,0.015513923280260607,0.017508443389858443,68,50000,0.010871397397403768,0.01286855745420266,35,50000,0.06824712025735036,0.07014892222131155,1227,50000,0.018298640498242997,0.020291160647840055,93,50000,0.02711189127868993,0.029096011596283465,198,50000,0.00924516668895976,0.011243046731358937,26,50000,0.06597683493097806,0.06788511676534201,1146,50000,0.04321790631041187,0.04517842709999605,493,50000,0.8935333333333333,0.9744564000333332,0.2796404036458333,0.34316320526285327,0.2824323922253925,False,/data/suehara/part/march/datasets/20250711_ilc_nnqq_sgv_10m_3cat_parquet,val50k_tail,,proxy
43,43,0,,lr_11_25e-6,2.0159999999999997e-05,validation_total_reference_mistag_geomean_percent,0.34301926210035144,min,0.8159999969700631,0.8159999969700631,0.46435508584309415,0.25338844724450316,0.34301926210035144,,0.12999999920654298,0.07000000085449219,2.4619999015741008,0.18399999640625006,0.39000001309204146,0.05400000131835941,2.2620000490118417,0.9760000142968752,0.015147327248533623,0.01714208735333156,65,50000,0.010871397397403768,0.01286855745420266,35,50000,0.06835711553137593,0.07025859750173676,1231,50000,0.018195055988739096,0.02018765613673616,92,50000,0.026899160482115422,0.028883520794909055,195,50000,0.0094384043456773,0.011436204389676428,27,50000,0.06554706522534509,0.06745654703570955,1131,50000,0.042995341186683085,0.044956261968267554,488,50000,0.89364,0.9744913279666667,0.2794621484375,0.34301926210035144,0.28243401717571986,False,/data/suehara/part/march/datasets/20250711_ilc_nnqq_sgv_10m_3cat_parquet,val50k_tail,,proxy
43,43,0,,lr_14e-6,1.4e-05,validation_total_reference_mistag_geomean_percent,0.34456096962514227,min,0.8247499920432857,0.8247499920432857,0.4666545794502982,0.2544114362466316,0.34456096962514227,,0.12999999920654298,0.07000000085449219,2.5020000232882693,0.18399999640625006,0.3920000081347658,0.05400000131835941,2.2859999161097746,0.9799999910278321,0.015147327248533623,0.01714208735333156,65,50000,0.010871397397403768,0.01286855745420266,35,50000,0.06890422661864626,0.07080410862100664,1251,50000,0.018195055988739096,0.02018765613673616,92,50000,0.02697025322873285,0.028954533543126652,196,50000,0.0094384043456773,0.011436204389676428,27,50000,0.06589112296472646,0.06779964479429051,1143,50000,0.04308450733752373,0.04504526812230802,490,50000,0.89348,0.9744048526333334,0.27995078125,0.34301926210035144,0.28330308538107646,False,/data/suehara/part/march/datasets/20250711_ilc_nnqq_sgv_10m_3cat_parquet,val50k_tail,,proxy
43,43,0,,lr_3e-6,1.344e-05,validation_total_reference_mistag_geomean_percent,0.3431875779822042,min,0.8195000031208808,0.8195000031208808,0.46614340920447445,0.252664118714651,0.3431875779822042,,0.128,0.07000000085449219,2.4719999404028337,0.18399999640625006,0.3920000081347658,0.05400000131835941,2.276000086822513,0.9799999910278321,0.015023255758590748,0.017018095861788735,64,50000,0.010871397397403768,0.01286855745420266,35,50000,0.06849433941545705,0.07039542139381794,1236,50000,0.018195055988739096,0.02018765613673616,92,50000,0.02697025322873285,0.028954533543126652,196,50000,0.0094384043456773,0.011436204389676428,27,50000,0.06574800163356431,0.0676569234551283,1138,50000,0.04308450733752373,0.04504526812230802,490,50000,0.8935266666666667,0.9744279549666667,0.27982787760416666,0.34301926210035144,0.2830293794047265,False,/data/suehara/part/march/datasets/20250711_ilc_nnqq_sgv_10m_3cat_parquet,val50k_tail,,proxy
43,43,0,,lr_5_75e-6,1.1200000000000001e-05,validation_total_reference_mistag_geomean_percent,0.3467277941528858,min,0.8347500063760761,0.8347500063760761,0.4694018985948813,0.25611350017542706,0.3467277941528858,,0.12999999920654298,0.07000000085449219,2.5419999592727667,0.186000003178711,0.3920000081347658,0.05400000131835941,2.3120000620898455,0.9920000169531253,0.015147327248533623,0.01714208735333156,65,50000,0.010871397397403768,0.01286855745420266,35,50000,0.0694466436247855,0.07134492565914544,1271,50000,0.018298640498242997,0.020291160647840055,93,50000,0.02697025322873285,0.028954533543126652,196,50000,0.0094384043456773,0.011436204389676428,27,50000,0.06626167696161533,0.06816915881197871,1156,50000,0.04335088834802794,0.04531116914241202,496,50000,0.8934266666666667,0.9743511304333333,0.2802465885416667,0.34301926210035144,0.28381582457394827,False,/data/suehara/part/march/datasets/20250711_ilc_nnqq_sgv_10m_3cat_parquet,val50k_tail,,proxy
43,43,0,,lr_8_5e-6,1.68e-05,validation_total_reference_mistag_geomean_percent,0.344032099108997,min,0.8187500148506168,0.8187500148506168,0.46466270955253514,0.25471827797698726,0.344032099108997,,0.13200000225585942,0.07000000085449219,2.4760000071783446,0.18399999640625006,0.39000001309204146,0.05400000131835941,2.268000083402713,0.9760000142968752,0.01527044818788576,0.01726512829428365,66,50000,0.010871397397403768,0.01286855745420266,35,50000,0.06854914526894657,0.07045006725050762,1238,50000,0.018195055988739096,0.02018765613673616,92,50000,0.026899160482115422,0.028883520794909055,195,50000,0.0094384043456773,0.011436204389676428,27,50000,0.06563326207708713,0.06754250389225148,1134,50000,0.042995341186683085,0.044956261968267554,488,50000,0.8936466666666667,0.9744605476666667,0.27964916666666667,0.34301926210035144,0.28272384239804177,False,/data/suehara/part/march/datasets/20250711_ilc_nnqq_sgv_10m_3cat_parquet,val50k_tail,,proxy
44,44,0,,lr_11_25e-6,2.0159999999999997e-05,validation_total_reference_mistag_geomean_percent,0.34213427884121184,min,0.8154999942136385,0.8154999942136385,0.4644023454063823,0.25205700599070957,0.34213427884121184,,0.128,0.07000000085449219,2.4219999312603777,0.186000003178711,0.3979999917407228,0.052000000507812505,2.2840000111523437,0.9840000150146486,0.015023255758590748,0.017018095861788735,64,50000,0.010871397397403768,0.01286855745420266,35,50000,0.06780519847169354,0.06970828041005482,1211,50000,0.018298640498242997,0.020291160647840055,93,50000,0.027182439332570398,0.029166479651764055,199,50000,0.00924516668895976,0.011243046731358937,26,50000,0.06586252554973346,0.06777112737769708,1142,50000,0.043173486498462345,0.04513408728644679,492,50000,0.8935533333333333,0.9744937559999999,0.27949421875,0.34213427884121184,0.2821984352638811,False,/data/suehara/part/march/datasets/20250711_ilc_nnqq_sgv_10m_3cat_parquet,val50k_tail,,proxy
44,44,0,,lr_14e-6,1.4e-05,validation_total_reference_mistag_geomean_percent,0.3474511446872443,min,0.8242499939556505,0.8242499939556505,0.4684879914309046,0.25768493569227635,0.3474511446872443,,0.13399999640136728,0.07000000085449219,2.4739999913174437,0.18999999768066408,0.39599999879150394,0.05400000131835941,2.2939999523950205,0.9820000128863527,0.015392639991259324,0.01738724009925721,67,50000,0.010871397397403768,0.01286855745420266,35,50000,0.06852174830664567,0.0704227502866063,1237,50000,0.018504147852544686,0.02049650800534169,95,50000,0.02711189127868993,0.029096011596283465,198,50000,0.0094384043456773,0.011436204389676428,27,50000,0.0660053788838294,0.06791358071979309,1147,50000,0.04312902022101297,0.045089701007397336,491,50000,0.8934266666666667,0.9744073462666666,0.2799678776041667,0.34213427884121184,0.2830925198934125,False,/data/suehara/part/march/datasets/20250711_ilc_nnqq_sgv_10m_3cat_parquet,val50k_tail,,proxy
44,44,0,,lr_3e-6,1.344e-05,validation_total_reference_mistag_geomean_percent,0.34731991733926987,min,0.8237500196835906,0.8237500196835906,0.4695641907412198,0.2569001796967051,0.34731991733926987,,0.13399999640136728,0.07000000085449219,2.4700000951652563,0.1879999917382816,0.4,0.05400000131835941,2.2920000591046157,0.9820000128863527,0.015392639991259324,0.01738724009925721,67,50000,0.010871397397403768,0.01286855745420266,35,50000,0.06846691858127148,0.07036808055803263,1235,50000,0.018401668178712582,0.020394108329909573,94,50000,0.027252808544023274,0.029236768864816798,200,50000,0.0094384043456773,0.011436204389676428,27,50000,0.06597683493097806,0.06788511676534201,1146,50000,0.04312902022101297,0.045089701007397336,491,50000,0.8935066666666667,0.9744322589333333,0.27983497395833334,0.34213427884121184,0.2828271989664085,False,/data/suehara/part/march/datasets/20250711_ilc_nnqq_sgv_10m_3cat_parquet,val50k_tail,,proxy
44,44,0,,lr_5_75e-6,1.1200000000000001e-05,validation_total_reference_mistag_geomean_percent,0.3455136949015354,min,0.8295000036359216,0.8295000036359216,0.4645330132711011,0.2569886530213976,0.3455136949015354,,0.13399999640136728,0.07000000085449219,2.5,0.186000003178711,0.39000001309204146,0.052000000507812505,2.310000022029877,0.9939999930230713,0.015392639991259324,0.01738724009925721,67,50000,0.010871397397403768,0.01286855745420266,35,50000,0.06887698346071496,0.0707769454614756,1250,50000,0.018298640498242997,0.020291160647840055,93,50000,0.026899160482115422,0.028883520794909055,195,50000,0.00924516668895976,0.011243046731358937,26,50000,0.0662332523059743,0.06814081415473794,1155,50000,0.04339512368923739,0.04535532448522155,497,50000,0.89342,0.9743573915999999,0.2802261588541667,0.34213427884121184,0.2836168573221554,False,/data/suehara/part/march/datasets/20250711_ilc_nnqq_sgv_10m_3cat_parquet,val50k_tail,,proxy
44,44,0,,lr_8_5e-6,1.68e-05,validation_total_reference_mistag_geomean_percent,0.3462411462717756,min,0.819249997551365,0.819249997551365,0.46812241486590184,0.25609312343211493,0.3462411462717756,,0.13200000225585942,0.07000000085449219,2.4500000233650208,0.18999999768066408,0.3979999917407228,0.05400000131835941,2.279999972167969,0.9799999910278321,0.01527044818788576,0.01726512829428365,66,50000,0.010871397397403768,0.01286855745420266,35,50000,0.06819205025008386,0.0700940122108449,1225,50000,0.018504147852544686,0.02049650800534169,95,50000,0.027182439332570398,0.029166479651764055,199,50000,0.0094384043456773,0.011436204389676428,27,50000,0.06580529047737448,0.06771405230213863,1140,50000,0.04308450733752373,0.04504526812230802,490,50000,0.8935533333333333,0.9744635460000001,0.279648359375,0.34213427884121184,0.28250423699319505,False,/data/suehara/part/march/datasets/20250711_ilc_nnqq_sgv_10m_3cat_parquet,val50k_tail,,proxy
45,45,0,,lr_11_25e-6,2.0159999999999997e-05,validation_total_reference_mistag_geomean_percent,0.3383257249278752,min,0.8117500151872643,0.8117500151872643,0.4552557359099371,0.2514285644730826,0.3383257249278752,,0.128,0.07000000085449219,2.4240001013452193,0.18399999640625006,0.38799999194824236,0.05,2.2780000552676407,0.9719999756762702,0.015023255758590748,0.017018095861788735,64,50000,0.010871397397403768,0.01286855745420266,35,50000,0.06783291024577663,0.06973591218573834,1212,50000,0.018195055988739096,0.02018765613673616,92,50000,0.02682788339137001,0.028812323702563862,194,50000,0.009048206756063586,0.011046166796862796,25,50000,0.06577665278554162,0.06768549460870535,1139,50000,0.04290598690721674,0.04486706768560139,486,50000,0.89374,0.9745239852333333,0.279286640625,0.3383257249278752,0.28216751010558583,False,/data/suehara/part/march/datasets/20250711_ilc_nnqq_sgv_10m_3cat_parquet,val50k_tail,,proxy
45,45,0,,lr_14e-6,1.4e-05,validation_total_reference_mistag_geomean_percent,0.34489595171416626,min,0.8207500089833071,0.8207500089833071,0.4675666940103304,0.2544090907942052,0.34489595171416626,,0.13200000225585942,0.07000000085449219,2.4640000090234375,0.18399999640625006,0.39599999879150394,0.05400000131835941,2.2900000489196786,0.9760000142968752,0.01527044818788576,0.01726512829428365,66,50000,0.010871397397403768,0.01286855745420266,35,50000,0.06838458427921267,0.07028598625117392,1232,50000,0.018195055988739096,0.02018765613673616,92,50000,0.02711189127868993,0.029096011596283465,198,50000,0.0094384043456773,0.011436204389676428,27,50000,0.06594827763822739,0.06785663947099091,1145,50000,0.042995341186683085,0.044956261968267554,488,50000,0.8935,0.9744318415000001,0.27980244791666664,0.3383257249278752,0.2830945471643721,False,/data/suehara/part/march/datasets/20250711_ilc_nnqq_sgv_10m_3cat_parquet,val50k_tail,,proxy
45,45,0,,lr_3e-6,1.344e-05,validation_total_reference_mistag_geomean_percent,0.3440723880060791,min,0.8169999873162656,0.8169999873162656,0.46619014011335647,0.25394318326728177,0.3440723880060791,,0.13200000225585942,0.07000000085449219,2.4459999218083217,0.18399999640625006,0.39399998905822786,0.05400000131835941,2.2840000111523437,0.9719999756762702,0.01527044818788576,0.01726512829428365,66,50000,0.010871397397403768,0.01286855745420266,35,50000,0.06813693184240868,0.07003905379996955,1223,50000,0.018195055988739096,0.02018765613673616,92,50000,0.027041163032931338,0.02902536334892505,197,50000,0.0094384043456773,0.011436204389676428,27,50000,0.06586252554973346,0.06777112737769708,1142,50000,0.04290598690721674,0.04486706768560139,486,50000,0.89358,0.9744550675000001,0.2796645442708333,0.3383257249278752,0.2828374532902955,False,/data/suehara/part/march/datasets/20250711_ilc_nnqq_sgv_10m_3cat_parquet,val50k_tail,,proxy
45,45,0,,lr_5_75e-6,1.1200000000000001e-05,validation_total_reference_mistag_geomean_percent,0.34765150874982004,min,0.8312500020579725,0.8312500020579725,0.4696431316981492,0.2573476824818271,0.34765150874982004,,0.13399999640136728,0.07000000085449219,2.5139999388148513,0.186000003178711,0.39599999879150394,0.05400000131835941,2.3120000620898455,0.9840000150146486,0.015392639991259324,0.01738724009925721,67,50000,0.010871397397403768,0.01286855745420266,35,50000,0.06906743962429539,0.07096684163625556,1257,50000,0.018298640498242997,0.020291160647840055,93,50000,0.02711189127868993,0.029096011596283465,198,50000,0.0094384043456773,0.011436204389676428,27,50000,0.06626167696161533,0.06816915881197871,1156,50000,0.043173486498462345,0.04513408728644679,492,50000,0.89346,0.9743793327666667,0.2800741145833333,0.3383257249278752,0.2836373540033169,False,/data/suehara/part/march/datasets/20250711_ilc_nnqq_sgv_10m_3cat_parquet,val50k_tail,,proxy
45,45,0,,lr_8_5e-6,1.68e-05,validation_total_reference_mistag_geomean_percent,0.3412669381631729,min,0.8145000072787859,0.8145000072787859,0.46253920450879643,0.251790814590403,0.3412669381631729,,0.128,0.07000000085449219,2.438000003720093,0.18399999640625006,0.4,0.052000000507812505,2.2780000552676407,0.966000001473999,0.015023255758590748,0.017018095861788735,64,50000,0.010871397397403768,0.01286855745420266,35,50000,0.06802654936229544,0.06992899131345667,1219,50000,0.018195055988739096,0.02018765613673616,92,50000,0.027252808544023274,0.029236768864816798,200,50000,0.00924516668895976,0.011243046731358937,26,50000,0.06577665278554162,0.06768549460870535,1139,50000,0.042771600227054125,0.04473292100063888,483,50000,0.8936533333333333,0.9744899325333334,0.27948580729166667,0.3383257249278752,0.2824944127510549,False,/data/suehara/part/march/datasets/20250711_ilc_nnqq_sgv_10m_3cat_parquet,val50k_tail,,proxy
46,46,0,,lr_11_25e-6,2.0159999999999997e-05,validation_total_reference_mistag_geomean_percent,0.3397984524746581,min,0.8122500092941861,0.8122500092941861,0.4552397711231783,0.2536311535771567,0.3397984524746581,,0.13200000225585942,0.07000000085449219,2.4340000872787506,0.18399999640625006,0.39000001309204146,0.05,2.2659999987898254,0.9719999756762702,0.01527044818788576,0.01726512829428365,66,50000,0.010871397397403768,0.01286855745420266,35,50000,0.06797128505690829,0.06987388700486936,1217,50000,0.018195055988739096,0.02018765613673616,92,50000,0.026899160482115422,0.028883520794909055,195,50000,0.009048206756063586,0.011046166796862796,25,50000,0.06560454336370959,0.06751386517727352,1133,50000,0.04290598690721674,0.04486706768560139,486,50000,0.8936133333333334,0.9745357632666667,0.279211875,0.3383257249278752,0.28197619655691475,False,/data/suehara/part/march/datasets/20250711_ilc_nnqq_sgv_10m_3cat_parquet,val50k_tail,,proxy
46,46,0,,lr_14e-6,1.4e-05,validation_total_reference_mistag_geomean_percent,0.3464163353597902,min,0.8224999994723512,0.8224999994723512,0.46646456858985835,0.25726343539206964,0.3464163353597902,,0.13399999640136728,0.07000000085449219,2.4840000299432377,0.1879999917382816,0.39399998905822786,0.05400000131835941,2.279999972167969,0.9760000142968752,0.015392639991259324,0.01738724009925721,67,50000,0.010871397397403768,0.01286855745420266,35,50000,0.06865861411047558,0.07055921609843627,1242,50000,0.018401668178712582,0.020394108329909573,94,50000,0.027041163032931338,0.02902536334892505,197,50000,0.0094384043456773,0.011436204389676428,27,50000,0.06580529047737448,0.06771405230213863,1140,50000,0.042995341186683085,0.044956261968267554,488,50000,0.8935466666666667,0.9744426322,0.27971924479166665,0.3383257249278752,0.28292954343767196,False,/data/suehara/part/march/datasets/20250711_ilc_nnqq_sgv_10m_3cat_parquet,val50k_tail,,proxy
46,46,0,,lr_3e-6,1.344e-05,validation_total_reference_mistag_geomean_percent,0.3440976430117988,min,0.8177499918955996,0.8177499918955996,0.4612600132572397,0.256695105847476,0.3440976430117988,,0.13599999800781254,0.07000000085449219,2.4519999386401383,0.186000003178711,0.3920000081347658,0.052000000507812505,2.279999972167969,0.9740000136730959,0.015513923280260607,0.017508443389858443,68,50000,0.010871397397403768,0.01286855745420266,35,50000,0.06821959129655122,0.07012147325891269,1226,50000,0.018298640498242997,0.020291160647840055,93,50000,0.02697025322873285,0.028954533543126652,196,50000,0.00924516668895976,0.011243046731358937,26,50000,0.06580529047737448,0.06771405230213863,1140,50000,0.04295068763465349,0.04491168841463788,487,50000,0.8935533333333333,0.9744628321333334,0.279625078125,0.3383257249278752,0.28268044285270627,False,/data/suehara/part/march/datasets/20250711_ilc_nnqq_sgv_10m_3cat_parquet,val50k_tail,,proxy
46,46,0,,lr_5_75e-6,1.1200000000000001e-05,validation_total_reference_mistag_geomean_percent,0.34722144591637577,min,0.8292499893898586,0.8292499893898586,0.46857512534218954,0.2572964845630986,0.34722144591637577,,0.13399999640136728,0.07000000085449219,2.5119999494042977,0.186000003178711,0.39399998905822786,0.05400000131835941,2.297999953539277,0.9860000213641362,0.015392639991259324,0.01738724009925721,67,50000,0.010871397397403768,0.01286855745420266,35,50000,0.06904026666729839,0.07093974867765883,1256,50000,0.018298640498242997,0.020291160647840055,93,50000,0.027041163032931338,0.02902536334892505,197,50000,0.0094384043456773,0.011436204389676428,27,50000,0.06606242683791057,0.06797046867707442,1149,50000,0.04321790631041187,0.04517842709999605,493,50000,0.89352,0.9743867578666667,0.2800191927083333,0.3383257249278752,0.28348333774210727,False,/data/suehara/part/march/datasets/20250711_ilc_nnqq_sgv_10m_3cat_parquet,val50k_tail,,proxy
46,46,0,,lr_8_5e-6,1.68e-05,validation_total_reference_mistag_geomean_percent,0.34295252976203516,min,0.816250000830613,0.816250000830613,0.459707922842912,0.25585036025226526,0.34295252976203516,,0.13399999640136728,0.07000000085449219,2.4559999160546906,0.186000003178711,0.38799999194824236,0.052000000507812505,2.268000083402713,0.9760000142968752,0.015392639991259324,0.01738724009925721,67,50000,0.010871397397403768,0.01286855745420266,35,50000,0.06827463714687912,0.07017635911244005,1228,50000,0.018298640498242997,0.020291160647840055,93,50000,0.02682788339137001,0.028812323702563862,194,50000,0.00924516668895976,0.011243046731358937,26,50000,0.06563326207708713,0.06754250389225148,1134,50000,0.042995341186683085,0.044956261968267554,488,50000,0.8936266666666667,0.9745002886666668,0.27940513020833335,0.3383257249278752,0.28231937243301,False,/data/suehara/part/march/datasets/20250711_ilc_nnqq_sgv_10m_3cat_parquet,val50k_tail,,proxy
47,47,0,,lr_11_25e-6,2.0159999999999997e-05,validation_total_reference_mistag_geomean_percent,0.33850233849935873,min,0.8185000137896734,0.8185000137896734,0.4577262980275644,0.25033264128213617,0.33850233849935873,,0.12999999920654298,0.06799999900390627,2.4679999977404785,0.18000000439453137,0.3920000081347658,0.05,2.276000086822513,0.9840000150146486,0.015147327248533623,0.01714208735333156,65,50000,0.010701894656100771,0.01269913471129969,34,50000,0.06843948578995132,0.07034072776511205,1234,50000,0.017986179985518026,0.019978940130315186,90,50000,0.02697025322873285,0.028954533543126652,196,50000,0.009048206756063586,0.011046166796862796,25,50000,0.06574800163356431,0.0676569234551283,1138,50000,0.043173486498462345,0.04513408728644679,492,50000,0.8937733333333333,0.9745465119333332,0.2791882421875,0.3383257249278752,0.2818901005357518,False,/data/suehara/part/march/datasets/20250711_ilc_nnqq_sgv_10m_3cat_parquet,val50k_tail,,proxy
47,47,0,,lr_14e-6,1.4e-05,validation_total_reference_mistag_geomean_percent,0.34586847440360174,min,0.8257500196077923,0.8257500196077923,0.4673342500128515,0.25597311043003007,0.34586847440360174,,0.13200000225585942,0.07000000085449219,2.4980000771858237,0.186000003178711,0.3920000081347658,0.05400000131835941,2.2900000489196786,0.9840000150146486,0.01527044818788576,0.01726512829428365,66,50000,0.010871397397403768,0.01286855745420266,35,50000,0.0688497285547679,0.07074977055392812,1249,50000,0.018298640498242997,0.020291160647840055,93,50000,0.02697025322873285,0.028954533543126652,196,50000,0.0094384043456773,0.011436204389676428,27,50000,0.06594827763822739,0.06785663947099091,1145,50000,0.043173486498462345,0.04513408728644679,492,50000,0.8935666666666666,0.9744527833,0.2796801302083333,0.3383257249278752,0.2828694371198938,False,/data/suehara/part/march/datasets/20250711_ilc_nnqq_sgv_10m_3cat_parquet,val50k_tail,,proxy
47,47,0,,lr_3e-6,1.344e-05,validation_total_reference_mistag_geomean_percent,0.3441390724437669,min,0.824499999100667,0.824499999100667,0.46439006480868644,0.2550263456459738,0.3441390724437669,,0.13200000225585942,0.07000000085449219,2.488000095668949,0.18399999640625006,0.39599999879150394,0.052000000507812505,2.2859999161097746,0.9879999822106936,0.01527044818788576,0.01726512829428365,66,50000,0.010871397397403768,0.01286855745420266,35,50000,0.06871327732268437,0.07061371931384522,1244,50000,0.018195055988739096,0.02018765613673616,92,50000,0.02711189127868993,0.029096011596283465,198,50000,0.00924516668895976,0.011243046731358937,26,50000,0.06589112296472646,0.06779964479429051,1143,50000,0.04326227979669032,0.04522272058787458,494,50000,0.8935866666666666,0.9744748394666667,0.2795676302083333,0.3383257249278752,0.28262646957302817,False,/data/suehara/part/march/datasets/20250711_ilc_nnqq_sgv_10m_3cat_parquet,val50k_tail,,proxy
47,47,0,,lr_5_75e-6,1.1200000000000001e-05,validation_total_reference_mistag_geomean_percent,0.3462724135928468,min,0.8274999961981966,0.8274999961981966,0.466575403254991,0.2569886530213976,0.3462724135928468,,0.13399999640136728,0.07000000085449219,2.5,0.186000003178711,0.38799999194824236,0.05400000131835941,2.3079999848565675,0.9799999910278321,0.015392639991259324,0.01738724009925721,67,50000,0.010871397397403768,0.01286855745420266,35,50000,0.06887698346071496,0.0707769454614756,1250,50000,0.018298640498242997,0.020291160647840055,93,50000,0.02682788339137001,0.028812323702563862,194,50000,0.0094384043456773,0.011436204389676428,27,50000,0.06620481446237315,0.06811245630953637,1154,50000,0.04308450733752373,0.04504526812230802,490,50000,0.89354,0.9743974189000001,0.2799762890625,0.3383257249278752,0.2834385680633179,False,/data/suehara/part/march/datasets/20250711_ilc_nnqq_sgv_10m_3cat_parquet,val50k_tail,,proxy
47,47,0,,lr_8_5e-6,1.68e-05,validation_total_reference_mistag_geomean_percent,0.3414232781721074,min,0.8195000046110537,0.8195000046110537,0.45926582147867734,0.2538178314738805,0.3414232781721074,,0.13200000225585942,0.07000000085449219,2.4679999977404785,0.18199999600097666,0.3979999917407228,0.05,2.2720000332812504,0.9840000150146486,0.01527044818788576,0.01726512829428365,66,50000,0.010871397397403768,0.01286855745420266,35,50000,0.06843948578995132,0.07034072776511205,1234,50000,0.018090905588142768,0.020083585734539902,91,50000,0.027182439332570398,0.029166479651764055,199,50000,0.009048206756063586,0.011046166796862796,25,50000,0.06569065887982901,0.06759974069819284,1136,50000,0.043173486498462345,0.04513408728644679,492,50000,0.8936466666666667,0.9745117402666666,0.27936897135416666,0.3383257249278752,0.2822488155650389,False,/data/suehara/part/march/datasets/20250711_ilc_nnqq_sgv_10m_3cat_parquet,val50k_tail,,proxy
48,48,0,,lr_11_25e-6,2.0159999999999997e-05,validation_total_reference_mistag_geomean_percent,0.33895147498530537,min,0.814500018506928,0.814500018506928,0.4567763469981399,0.25151937737087326,0.33895147498530537,,0.12999999920654298,0.06799999900390627,2.4340000872787506,0.186000003178711,0.39000001309204146,0.05,2.2780000552676407,0.9799999910278321,0.015147327248533623,0.01714208735333156,65,50000,0.010701894656100771,0.01269913471129969,34,50000,0.06797128505690829,0.06987388700486936,1217,50000,0.018298640498242997,0.020291160647840055,93,50000,0.026899160482115422,0.028883520794909055,195,50000,0.009048206756063586,0.011046166796862796,25,50000,0.06577665278554162,0.06768549460870535,1139,50000,0.04308450733752373,0.04504526812230802,490,50000,0.89388,0.9745444971333334,0.27919278645833334,0.3383257249278752,0.2818283519890693,False,/data/suehara/part/march/datasets/20250711_ilc_nnqq_sgv_10m_3cat_parquet,val50k_tail,,proxy
48,48,0,,lr_14e-6,1.4e-05,validation_total_reference_mistag_geomean_percent,0.3454422903249162,min,0.8212500037516028,0.8212500037516028,0.46793883401770714,0.25501276506665854,0.3454422903249162,,0.12999999920654298,0.07000000085449219,2.4719999404028337,0.1879999917382816,0.39599999879150394,0.05400000131835941,2.2740000763366726,0.9860000213641362,0.015147327248533623,0.01714208735333156,65,50000,0.010871397397403768,0.01286855745420266,35,50000,0.06849433941545705,0.07039542139381794,1236,50000,0.018401668178712582,0.020394108329909573,94,50000,0.02711189127868993,0.029096011596283465,198,50000,0.0094384043456773,0.011436204389676428,27,50000,0.06571933700411543,0.06762833882407969,1137,50000,0.04321790631041187,0.04517842709999605,493,50000,0.8934933333333334,0.9744500821666667,0.27969720052083336,0.3383257249278752,0.28284036911055904,False,/data/suehara/part/march/datasets/20250711_ilc_nnqq_sgv_10m_3cat_parquet,val50k_tail,,proxy
48,48,0,,lr_3e-6,1.344e-05,validation_total_reference_mistag_geomean_percent,0.34489005271134116,min,0.8184999959892283,0.8184999959892283,0.4669168245081751,0.2547544706373052,0.34489005271134116,,0.12999999920654298,0.07000000085449219,2.4619999015741008,0.1879999917382816,0.39599999879150394,0.05400000131835941,2.268000083402713,0.9799999910278321,0.015147327248533623,0.01714208735333156,65,50000,0.010871397397403768,0.01286855745420266,35,50000,0.06835711553137593,0.07025859750173676,1231,50000,0.018401668178712582,0.020394108329909573,94,50000,0.02711189127868993,0.029096011596283465,198,50000,0.0094384043456773,0.011436204389676428,27,50000,0.06563326207708713,0.06754250389225148,1134,50000,0.04308450733752373,0.04504526812230802,490,50000,0.8935666666666666,0.9744689250333334,0.27960763020833335,0.3383257249278752,0.2826034271507136,False,/data/suehara/part/march/datasets/20250711_ilc_nnqq_sgv_10m_3cat_parquet,val50k_tail,,proxy
48,48,0,,lr_5_75e-6,1.1200000000000001e-05,validation_total_reference_mistag_geomean_percent,0.3464726714770304,min,0.8274999969445422,0.8274999969445422,0.46931705391601586,0.25578297459847255,0.3464726714770304,,0.12999999920654298,0.07000000085449219,2.5020000232882693,0.1879999917382816,0.3979999917407228,0.05400000131835941,2.2939999523950205,0.9840000150146486,0.015147327248533623,0.01714208735333156,65,50000,0.010871397397403768,0.01286855745420266,35,50000,0.06890422661864626,0.07080410862100664,1251,50000,0.018401668178712582,0.020394108329909573,94,50000,0.027182439332570398,0.029166479651764055,199,50000,0.0094384043456773,0.011436204389676428,27,50000,0.0660053788838294,0.06791358071979309,1147,50000,0.043173486498462345,0.04513408728644679,492,50000,0.8935733333333333,0.9743921491333333,0.28001795572916666,0.3383257249278752,0.2834232901531081,False,/data/suehara/part/march/datasets/20250711_ilc_nnqq_sgv_10m_3cat_parquet,val50k_tail,,proxy
48,48,0,,lr_8_5e-6,1.68e-05,validation_total_reference_mistag_geomean_percent,0.3411542385641739,min,0.8164999993985373,0.8164999993985373,0.4575082036483878,0.25439153563189093,0.3411542385641739,,0.12999999920654298,0.07000000085449219,2.447999938740236,0.1879999917382816,0.39399998905822786,0.05,2.2740000763366726,0.9779999992538452,0.015147327248533623,0.01714208735333156,65,50000,0.010871397397403768,0.01286855745420266,35,50000,0.06816449710352161,0.07006653906268291,1224,50000,0.018401668178712582,0.020394108329909573,94,50000,0.027041163032931338,0.02902536334892505,197,50000,0.009048206756063586,0.011046166796862796,25,50000,0.06571933700411543,0.06762833882407969,1137,50000,0.04303994770673905,0.0450007884899236,489,50000,0.8936533333333333,0.9745091249,0.27937520833333335,0.3383257249278752,0.28220446151758816,False,/data/suehara/part/march/datasets/20250711_ilc_nnqq_sgv_10m_3cat_parquet,val50k_tail,,proxy
49,49,0,,lr_11_25e-6,2.0159999999999997e-05,validation_total_reference_mistag_geomean_percent,0.337726899098497,min,0.808749998496457,0.808749998496457,0.45428671332425635,0.2510737272944941,0.337726899098497,,0.13599999800781254,0.06799999900390627,2.4139999176744107,0.1780000073876956,0.38799999194824236,0.05,2.268000083402713,0.9679999905468751,0.015513923280260607,0.017508443389858443,68,50000,0.010701894656100771,0.01269913471129969,34,50000,0.06769422817458522,0.06959763010654686,1207,50000,0.01788086961137308,0.019873709754570246,89,50000,0.02682788339137001,0.028812323702563862,194,50000,0.009048206756063586,0.011046166796862796,25,50000,0.06563326207708713,0.06754250389225148,1134,50000,0.0428164433487024,0.04477768412388689,484,50000,0.8938733333333333,0.9745742406,0.279006796875,0.337726899098497,0.2813591085565759,False,/data/suehara/part/march/datasets/20250711_ilc_nnqq_sgv_10m_3cat_parquet,val50k_tail,,proxy
49,49,0,,lr_14e-6,1.4e-05,validation_total_reference_mistag_geomean_percent,0.34772519582058087,min,0.8217500221595584,0.8217500221595584,0.46721237771148305,0.2587962510769105,0.34772519582058087,,0.13799999730468757,0.07000000085449219,2.4700000951652563,0.1879999917382816,0.39399998905822786,0.05400000131835941,2.276000086822513,0.9840000150146486,0.015634317924008823,0.01762875803520661,69,50000,0.010871397397403768,0.01286855745420266,35,50000,0.06846691858127148,0.07036808055803263,1235,50000,0.018401668178712582,0.020394108329909573,94,50000,0.027041163032931338,0.02902536334892505,197,50000,0.0094384043456773,0.011436204389676428,27,50000,0.06574800163356431,0.0676569234551283,1138,50000,0.043173486498462345,0.04513408728644679,492,50000,0.89366,0.9744730552333335,0.27955830729166664,0.337726899098497,0.28239894301748414,False,/data/suehara/part/march/datasets/20250711_ilc_nnqq_sgv_10m_3cat_parquet,val50k_tail,,proxy
49,49,0,,lr_3e-6,1.344e-05,validation_total_reference_mistag_geomean_percent,0.3447068152642883,min,0.8192499952373322,0.8192499952373322,0.4632772127566827,0.25648312763454434,0.3447068152642883,,0.13399999640136728,0.07000000085449219,2.453999905451206,0.1879999917382816,0.39599999879150394,0.052000000507812505,2.2780000552676407,0.9820000128863527,0.015392639991259324,0.01738724009925721,67,50000,0.010871397397403768,0.01286855745420266,35,50000,0.06824712025735036,0.07014892222131155,1227,50000,0.018401668178712582,0.020394108329909573,94,50000,0.02711189127868993,0.029096011596283465,198,50000,0.00924516668895976,0.011243046731358937,26,50000,0.06577665278554162,0.06768549460870535,1139,50000,0.04312902022101297,0.045089701007397336,491,50000,0.89368,0.9744923353999999,0.2794645703125,0.337726899098497,0.28216893862504033,False,/data/suehara/part/march/datasets/20250711_ilc_nnqq_sgv_10m_3cat_parquet,val50k_tail,,proxy
49,49,0,,lr_5_75e-6,1.1200000000000001e-05,validation_total_reference_mistag_geomean_percent,0.34695611478990446,min,0.8274999863466077,0.8274999863466077,0.4671300333301229,0.25769815040993804,0.34695611478990446,,0.13200000225585942,0.07000000085449219,2.5119999494042977,0.18999999768066408,0.3920000081347658,0.05400000131835941,2.2859999161097746,0.9840000150146486,0.01527044818788576,0.01726512829428365,66,50000,0.010871397397403768,0.01286855745420266,35,50000,0.06904026666729839,0.07093974867765883,1256,50000,0.018504147852544686,0.02049650800534169,95,50000,0.02697025322873285,0.028954533543126652,196,50000,0.0094384043456773,0.011436204389676428,27,50000,0.06589112296472646,0.06779964479429051,1143,50000,0.043173486498462345,0.04513408728644679,492,50000,0.8934466666666666,0.9744136054,0.27989115885416666,0.337726899098497,0.2829964826792677,False,/data/suehara/part/march/datasets/20250711_ilc_nnqq_sgv_10m_3cat_parquet,val50k_tail,,proxy
49,49,0,,lr_8_5e-6,1.68e-05,validation_total_reference_mistag_geomean_percent,0.33997720131310005,min,0.812500026582757,0.812500026582757,0.4560894482077025,0.25342506358544636,0.33997720131310005,,0.13599999800781254,0.06799999900390627,2.4240001013452193,0.18399999640625006,0.3920000081347658,0.05,2.276000086822513,0.9700000229415899,0.015513923280260607,0.017508443389858443,68,50000,0.010701894656100771,0.01269913471129969,34,50000,0.06783291024577663,0.06973591218573834,1212,50000,0.018195055988739096,0.02018765613673616,92,50000,0.02697025322873285,0.028954533543126652,196,50000,0.009048206756063586,0.011046166796862796,25,50000,0.06574800163356431,0.0676569234551283,1138,50000,0.042861238860203606,0.044822399636988176,485,50000,0.8937333333333334,0.9745348024,0.27922838541666667,0.337726899098497,0.2817527920603185,False,/data/suehara/part/march/datasets/20250711_ilc_nnqq_sgv_10m_3cat_parquet,val50k_tail,,proxy
