generation,member,lr,metric,metric_delta,metric_ema,metric_ema_delta,state,direction_streak,action,reason,action_ready,safety_check,proposed_lr,bounded_lr,applied
0,fixed_lr_3e-6,3e-06,0.44031883966782376,,0.44031883966782376,,flat,0,keep,metric trend is flat or unavailable,True,passed,3e-06,3e-06,False
0,fixed_lr_4p5e-6,4.5e-06,0.4393821250013202,,0.4393821250013202,,flat,0,keep,metric trend is flat or unavailable,True,passed,4.5e-06,4.5e-06,False
0,fixed_lr_6e-6,6e-06,0.4367969259706897,,0.4367969259706897,,flat,0,keep,metric trend is flat or unavailable,True,passed,6e-06,6e-06,False
0,fixed_lr_7p5e-6,7.5e-06,0.43575658656039407,,0.43575658656039407,,flat,0,keep,metric trend is flat or unavailable,True,passed,7.5e-06,7.5e-06,False
0,fixed_lr_9e-6,9e-06,0.43484114368538895,,0.43484114368538895,,flat,0,keep,metric trend is flat or unavailable,True,passed,9e-06,9e-06,False
0,fixed_lr_10p5e-6,1.05e-05,0.4331116117779245,,0.4331116117779245,,flat,0,keep,metric trend is flat or unavailable,True,passed,1.05e-05,1.05e-05,False
0,fixed_lr_12e-6,1.2e-05,0.43241122555172307,,0.43241122555172307,,flat,0,keep,metric trend is flat or unavailable,True,passed,1.2e-05,1.2e-05,False
0,fixed_lr_14e-6,1.4e-05,0.43084139858907333,,0.43084139858907333,,flat,0,keep,metric trend is flat or unavailable,True,passed,1.4e-05,1.4e-05,False
1,fixed_lr_3e-6,3e-06,0.436940511555377,0.00337832811244676,0.4386296756116004,0.00168916405622338,flat,0,keep,metric trend is flat or unavailable,True,passed,3e-06,3e-06,False
1,fixed_lr_4p5e-6,4.5e-06,0.43383099751081056,0.005551127490509622,0.43660656125606534,0.0027755637452548387,flat,0,keep,metric trend is flat or unavailable,True,passed,4.5e-06,4.5e-06,False
1,fixed_lr_6e-6,6e-06,0.4320108452194358,0.004786080751253918,0.4344038855950627,0.002393040375626987,flat,0,keep,metric trend is flat or unavailable,True,passed,6e-06,6e-06,False
1,fixed_lr_7p5e-6,7.5e-06,0.42570889271951323,0.010047693840880834,0.4307327396399536,0.0050238469204404446,improving,1,keep,direction has not persisted for the configured patience window,True,passed,7.5e-06,7.5e-06,False
1,fixed_lr_9e-6,9e-06,0.42468992369580505,0.010151219989583904,0.429765533690597,0.005075609994791952,improving,1,keep,direction has not persisted for the configured patience window,True,passed,9e-06,9e-06,False
1,fixed_lr_10p5e-6,1.05e-05,0.42300162977679573,0.010109982001128781,0.4280566207773601,0.0050549910005643905,improving,1,keep,direction has not persisted for the configured patience window,True,passed,1.05e-05,1.05e-05,False
1,fixed_lr_12e-6,1.2e-05,0.4237912380819823,0.008619987469740742,0.42810123181685267,0.004309993734870399,flat,0,keep,metric trend is flat or unavailable,True,passed,1.2e-05,1.2e-05,False
1,fixed_lr_14e-6,1.4e-05,0.42086938189412665,0.009972016694946684,0.4258553902416,0.004986008347473314,improving,1,keep,direction has not persisted for the configured patience window,True,passed,1.4e-05,1.4e-05,False
2,fixed_lr_3e-6,3e-06,0.4341628013090281,0.0027777102463488745,0.4363962384603143,0.0022334371512860995,flat,0,keep,metric trend is flat or unavailable,True,passed,3e-06,3e-06,False
2,fixed_lr_4p5e-6,4.5e-06,0.4316339299394222,0.002197067571388378,0.43412024559774376,0.0024863156583215806,flat,0,keep,metric trend is flat or unavailable,True,passed,4.5e-06,4.5e-06,False
2,fixed_lr_6e-6,6e-06,0.42788177827272433,0.004129066946711446,0.4311428319338935,0.0032610536611691887,flat,0,keep,metric trend is flat or unavailable,True,passed,6e-06,6e-06,False
2,fixed_lr_7p5e-6,7.5e-06,0.4238615541915044,0.001847338528008835,0.427297146915729,0.003435592724224612,flat,0,keep,metric trend is flat or unavailable,True,passed,7.5e-06,7.5e-06,False
2,fixed_lr_9e-6,9e-06,0.4217212676258831,0.002968656069921971,0.42574340065824,0.004022133032356989,flat,0,keep,metric trend is flat or unavailable,True,passed,9e-06,9e-06,False
2,fixed_lr_10p5e-6,1.05e-05,0.4227415797388375,0.0002600500379582038,0.4253991002580988,0.002657520519261325,flat,0,keep,metric trend is flat or unavailable,True,passed,1.05e-05,1.05e-05,False
2,fixed_lr_12e-6,1.2e-05,0.42038949424114813,0.0034017438408341927,0.4242453630290004,0.003855868787852268,flat,0,keep,metric trend is flat or unavailable,True,passed,1.2e-05,1.2e-05,False
2,fixed_lr_14e-6,1.4e-05,0.41916729454816154,0.0017020873459651087,0.42251134239488075,0.003344047846719267,flat,0,keep,metric trend is flat or unavailable,True,passed,1.4e-05,1.4e-05,False
3,fixed_lr_3e-6,3e-06,0.4314977233701656,0.0026650779388625034,0.43394698091524,0.0024492575450743015,flat,0,keep,metric trend is flat or unavailable,True,passed,3e-06,3e-06,False
3,fixed_lr_4p5e-6,4.5e-06,0.42656363591416147,0.005070294025260713,0.4303419407559526,0.003778304841791147,flat,0,keep,metric trend is flat or unavailable,True,passed,4.5e-06,4.5e-06,False
3,fixed_lr_6e-6,6e-06,0.42317601785086706,0.004705760421857275,0.4271594248923803,0.003983407041513232,flat,0,keep,metric trend is flat or unavailable,True,passed,6e-06,6e-06,False
3,fixed_lr_7p5e-6,7.5e-06,0.42554509995308654,-0.0016835457615821392,0.42642112343440775,0.0008760234813212642,flat,0,keep,metric trend is flat or unavailable,True,passed,7.5e-06,7.5e-06,False
3,fixed_lr_9e-6,9e-06,0.4225593634718741,-0.0008380958459910381,0.4241513820650571,0.00159201859318292,flat,0,keep,metric trend is flat or unavailable,True,passed,9e-06,9e-06,False
3,fixed_lr_10p5e-6,1.05e-05,0.42034442528345156,0.0023971544553859636,0.4228717627707752,0.0025273374873235888,flat,0,keep,metric trend is flat or unavailable,True,passed,1.05e-05,1.05e-05,False
3,fixed_lr_12e-6,1.2e-05,0.4172074008737341,0.0031820933674140406,0.42072638195136725,0.0035189810776331543,flat,0,keep,metric trend is flat or unavailable,True,passed,1.2e-05,1.2e-05,False
3,fixed_lr_14e-6,1.4e-05,0.4100233705934836,0.009143923954677946,0.4162673564941822,0.006243985900698579,improving,1,keep,direction has not persisted for the configured patience window,True,passed,1.4e-05,1.4e-05,False
4,fixed_lr_3e-6,3e-06,0.4269863652285757,0.004511358141589927,0.43046667307190783,0.003480307843332142,flat,0,keep,metric trend is flat or unavailable,True,passed,3e-06,3e-06,False
4,fixed_lr_4p5e-6,4.5e-06,0.4245517561263733,0.0020118797877881622,0.427446848441163,0.002895092314789627,flat,0,keep,metric trend is flat or unavailable,True,passed,4.5e-06,4.5e-06,False
4,fixed_lr_6e-6,6e-06,0.42538095423563926,-0.0022049363847722048,0.42627018956400975,0.0008892353283705412,flat,0,keep,metric trend is flat or unavailable,True,passed,6e-06,6e-06,False
4,fixed_lr_7p5e-6,7.5e-06,0.4232145724600798,0.0023305274930067177,0.42481784794724375,0.001603275487163991,flat,0,keep,metric trend is flat or unavailable,True,passed,7.5e-06,7.5e-06,False
4,fixed_lr_9e-6,9e-06,0.4189792941155966,0.0035800693562775265,0.4215653380903268,0.002586043974730279,flat,0,keep,metric trend is flat or unavailable,True,passed,9e-06,9e-06,False
4,fixed_lr_10p5e-6,1.05e-05,0.41163419723731726,0.008710228046134305,0.4172529800040462,0.0056187827667290025,improving,1,keep,direction has not persisted for the configured patience window,True,passed,1.05e-05,1.05e-05,False
4,fixed_lr_12e-6,1.2e-05,0.410704769549336,0.0065026313243981,0.4157155757503516,0.005010806201015627,improving,1,keep,direction has not persisted for the configured patience window,True,passed,1.2e-05,1.2e-05,False
4,fixed_lr_14e-6,1.4e-05,0.402336599646289,0.00768677094719461,0.4093019780702356,0.006965378423946567,improving,2,lr_mul_1_05,EMA/trend improved; controller keeps LR stable,True,clamped,1.47e-05,1.4e-05,False
5,fixed_lr_3e-6,3e-06,0.4271864487504224,-0.00020008352184669453,0.4288265609111651,0.0016401121607427238,flat,0,keep,metric trend is flat or unavailable,True,passed,3e-06,3e-06,False
5,fixed_lr_4p5e-6,4.5e-06,0.42274037746145643,0.001811378664916874,0.4250936129513097,0.002353235489853278,flat,0,keep,metric trend is flat or unavailable,True,passed,4.5e-06,4.5e-06,False
5,fixed_lr_6e-6,6e-06,0.4220764677288705,0.003304486506768789,0.4241733286464401,0.002096860917569665,flat,0,keep,metric trend is flat or unavailable,True,passed,6e-06,6e-06,False
5,fixed_lr_7p5e-6,7.5e-06,0.4182725794845115,0.004941992975568299,0.4215452137158776,0.003272634231366145,flat,0,keep,metric trend is flat or unavailable,True,passed,7.5e-06,7.5e-06,False
5,fixed_lr_9e-6,9e-06,0.41103977909288597,0.00793951502271062,0.41630255859160636,0.005262779498720449,improving,1,keep,direction has not persisted for the configured patience window,True,passed,9e-06,9e-06,False
5,fixed_lr_10p5e-6,1.05e-05,0.41304591595006873,-0.0014117187127514752,0.41514944797705744,0.0021035320269887636,flat,0,keep,metric trend is flat or unavailable,True,passed,1.05e-05,1.05e-05,False
5,fixed_lr_12e-6,1.2e-05,0.4035111047645702,0.007193664784765796,0.4096133402574609,0.00610223549289074,improving,2,lr_mul_1_05,EMA/trend improved; controller keeps LR stable,True,clamped,1.2600000000000001e-05,1.2e-05,False
5,fixed_lr_14e-6,1.4e-05,0.3988177058889934,0.0035188937572955825,0.40405984197961453,0.0052421360906210746,improving,1,keep,action cooldown is active,False,cooldown,1.4e-05,1.4e-05,False
6,fixed_lr_3e-6,3e-06,0.4256638673044485,0.0015225814459738918,0.4272452141078068,0.0015813468033583078,flat,0,keep,metric trend is flat or unavailable,True,passed,3e-06,3e-06,False
6,fixed_lr_4p5e-6,4.5e-06,0.42273914387554884,1.233585907589596e-06,0.4239163784134293,0.0011772345378804339,flat,0,keep,metric trend is flat or unavailable,True,passed,4.5e-06,4.5e-06,False
6,fixed_lr_6e-6,6e-06,0.4220267233111402,4.9744417730257506e-05,0.42310002597879015,0.0010733026676499335,flat,0,keep,metric trend is flat or unavailable,True,passed,6e-06,6e-06,False
6,fixed_lr_7p5e-6,7.5e-06,0.41149053633585503,0.006782043148656491,0.41651787502586635,0.005027338690011263,improving,1,keep,direction has not persisted for the configured patience window,True,passed,7.5e-06,7.5e-06,False
6,fixed_lr_9e-6,9e-06,0.41305749550223136,-0.0020177164093453936,0.41468002704691886,0.0016225315446875,flat,0,keep,metric trend is flat or unavailable,True,passed,9e-06,9e-06,False
6,fixed_lr_10p5e-6,1.05e-05,0.4017925098049747,0.011253406145094014,0.4084709788910161,0.006678469086041361,improving,1,keep,direction has not persisted for the configured patience window,True,passed,1.05e-05,1.05e-05,False
6,fixed_lr_12e-6,1.2e-05,0.4010321070525351,0.0024789977120350803,0.405322723654998,0.004290616602462882,flat,0,keep,action cooldown is active,False,cooldown,1.2e-05,1.2e-05,False
6,fixed_lr_14e-6,1.4e-05,0.3970611369867536,0.0017565689022397968,0.40056048948318407,0.0034993524964304634,flat,0,keep,action cooldown is active,False,cooldown,1.4e-05,1.4e-05,False
7,fixed_lr_3e-6,3e-06,0.42184970456783477,0.0038141627366137243,0.4245474593378208,0.002697754769986016,flat,0,keep,metric trend is flat or unavailable,True,passed,3e-06,3e-06,False
7,fixed_lr_4p5e-6,4.5e-06,0.420681706563054,0.0020574373124948586,0.4222990424882416,0.0016173359251876462,flat,0,keep,metric trend is flat or unavailable,True,passed,4.5e-06,4.5e-06,False
7,fixed_lr_6e-6,6e-06,0.41189254437409195,0.010134178937048266,0.41749628517644105,0.0056037408023491,improving,1,keep,direction has not persisted for the configured patience window,True,passed,6e-06,6e-06,False
7,fixed_lr_7p5e-6,7.5e-06,0.4103721472833528,0.0011183890525022222,0.4134450111546096,0.00307286387125677,flat,0,keep,metric trend is flat or unavailable,True,passed,7.5e-06,7.5e-06,False
7,fixed_lr_9e-6,9e-06,0.4016876735566163,0.011369821945615088,0.40818385030176757,0.006496176745151294,improving,1,keep,direction has not persisted for the configured patience window,True,passed,9e-06,9e-06,False
7,fixed_lr_10p5e-6,1.05e-05,0.4012432363691401,0.0005492734358346074,0.4048571076300781,0.003613871260937984,flat,0,keep,metric trend is flat or unavailable,True,passed,1.05e-05,1.05e-05,False
7,fixed_lr_12e-6,1.2e-05,0.39796056405472585,0.0030715429978092623,0.4016416438548619,0.0036810798001361,flat,0,keep,action cooldown is active,False,cooldown,1.2e-05,1.2e-05,False
7,fixed_lr_14e-6,1.4e-05,0.39458454391179326,0.0024765930749603426,0.39757251669748866,0.002987972785695403,flat,0,keep,metric trend is flat or unavailable,True,passed,1.4e-05,1.4e-05,False
8,fixed_lr_3e-6,3e-06,0.42256886386754533,-0.0007191592997105589,0.42355816160268306,0.0009892977351377286,flat,0,keep,metric trend is flat or unavailable,True,passed,3e-06,3e-06,False
8,fixed_lr_4p5e-6,4.5e-06,0.42157608435471533,-0.0008943777916613493,0.4219375634214785,0.00036147906676314845,flat,0,keep,metric trend is flat or unavailable,True,passed,4.5e-06,4.5e-06,False
8,fixed_lr_6e-6,6e-06,0.4114700852565163,0.00042245911757565757,0.41448318521647864,0.0030130999599624064,flat,0,keep,metric trend is flat or unavailable,True,passed,6e-06,6e-06,False
8,fixed_lr_7p5e-6,7.5e-06,0.40199695173179634,0.008375195551556469,0.40772098144320296,0.00572402971140662,improving,1,keep,direction has not persisted for the configured patience window,True,passed,7.5e-06,7.5e-06,False
8,fixed_lr_9e-6,9e-06,0.40185857651844126,-0.00017090296182498133,0.40502121341010444,0.0031626368916631287,flat,0,keep,metric trend is flat or unavailable,True,passed,9e-06,9e-06,False
8,fixed_lr_10p5e-6,1.05e-05,0.3979153117902893,0.0033279245788507827,0.4013862097101837,0.003470897919894411,flat,0,keep,metric trend is flat or unavailable,True,passed,1.05e-05,1.05e-05,False
8,fixed_lr_12e-6,1.2e-05,0.39730820651065774,0.0006523575440681162,0.39947492518275984,0.0021667186721020526,flat,0,keep,metric trend is flat or unavailable,True,passed,1.2e-05,1.2e-05,False
8,fixed_lr_14e-6,1.4e-05,0.3905290393977093,0.004055504514083985,0.39405077804759897,0.003521738649889694,flat,0,keep,metric trend is flat or unavailable,True,passed,1.4e-05,1.4e-05,False
9,fixed_lr_3e-6,3e-06,0.42224245969057794,0.00032640417696738755,0.4229003106466305,0.0006578509560525858,flat,0,keep,metric trend is flat or unavailable,True,passed,3e-06,3e-06,False
9,fixed_lr_4p5e-6,4.5e-06,0.4203815510101343,0.001194533344581028,0.4211595572158064,0.0007780062056720882,flat,0,keep,metric trend is flat or unavailable,True,passed,4.5e-06,4.5e-06,False
9,fixed_lr_6e-6,6e-06,0.41011101948290996,0.0013590657736063383,0.4122971023496943,0.0021860828667843446,flat,0,keep,metric trend is flat or unavailable,True,passed,6e-06,6e-06,False
9,fixed_lr_7p5e-6,7.5e-06,0.401189951852818,0.0008069998789783095,0.40445546664801046,0.0032655147951924923,flat,0,keep,metric trend is flat or unavailable,True,passed,7.5e-06,7.5e-06,False
9,fixed_lr_9e-6,9e-06,0.39769273785298553,0.004165838665455723,0.401356975631545,0.0036642377785594538,flat,0,keep,metric trend is flat or unavailable,True,passed,9e-06,9e-06,False
9,fixed_lr_10p5e-6,1.05e-05,0.39888958552855547,-0.0009742737382661404,0.4001378976193696,0.0012483120908141077,flat,0,keep,metric trend is flat or unavailable,True,passed,1.05e-05,1.05e-05,False
9,fixed_lr_12e-6,1.2e-05,0.3915480879409158,0.005760118569741957,0.3955115065618378,0.003963418620922032,flat,0,keep,metric trend is flat or unavailable,True,passed,1.2e-05,1.2e-05,False
9,fixed_lr_14e-6,1.4e-05,0.39097499907477956,-0.0004459596770702845,0.39251288856118927,0.0015378894864097048,flat,0,keep,metric trend is flat or unavailable,True,passed,1.4e-05,1.4e-05,False
10,fixed_lr_3e-6,3e-06,0.42267123653932,-0.0004287768487420407,0.4227857735929752,0.00011453705365527256,flat,0,keep,metric trend is flat or unavailable,True,passed,3e-06,3e-06,False
10,fixed_lr_4p5e-6,4.5e-06,0.4125535811957384,0.00782796981439593,0.4168565692057724,0.004302988010033981,flat,0,keep,metric trend is flat or unavailable,True,passed,4.5e-06,4.5e-06,False
10,fixed_lr_6e-6,6e-06,0.40182213404519584,0.00828888543771411,0.40705961819744507,0.005237484152249228,improving,1,keep,direction has not persisted for the configured patience window,True,passed,6e-06,6e-06,False
10,fixed_lr_7p5e-6,7.5e-06,0.39945027533205496,0.0017396765207630671,0.40195287099003274,0.002502595657977724,flat,0,keep,metric trend is flat or unavailable,True,passed,7.5e-06,7.5e-06,False
10,fixed_lr_9e-6,9e-06,0.39747673781047405,0.0002160000425114883,0.3994168567210095,0.001940118910535471,flat,0,keep,metric trend is flat or unavailable,True,passed,9e-06,9e-06,False
10,fixed_lr_10p5e-6,1.05e-05,0.3979957314255432,0.0008938541030122926,0.3990668145224564,0.0010710830969131724,flat,0,keep,metric trend is flat or unavailable,True,passed,1.05e-05,1.05e-05,False
10,fixed_lr_12e-6,1.2e-05,0.39042620199842715,0.0011218859424886318,0.3929688542801325,0.0025426522817053043,flat,0,keep,metric trend is flat or unavailable,True,passed,1.2e-05,1.2e-05,False
10,fixed_lr_14e-6,1.4e-05,0.39008213033694505,0.0008928687378345068,0.39129750944906716,0.0012153791121221058,flat,0,keep,metric trend is flat or unavailable,True,passed,1.4e-05,1.4e-05,False
11,fixed_lr_3e-6,3e-06,0.4216455462359841,0.00102569030333588,0.4222156599144796,0.0005701136784955763,flat,0,keep,metric trend is flat or unavailable,True,passed,3e-06,3e-06,False
11,fixed_lr_4p5e-6,4.5e-06,0.4125847213780393,-3.114018230093718e-05,0.4147206452919059,0.002135923913866522,flat,0,keep,metric trend is flat or unavailable,True,passed,4.5e-06,4.5e-06,False
11,fixed_lr_6e-6,6e-06,0.4014693013838533,0.0003528326613425614,0.4042644597906492,0.0027951584067958946,flat,0,keep,metric trend is flat or unavailable,True,passed,6e-06,6e-06,False
11,fixed_lr_7p5e-6,7.5e-06,0.39877022686420704,0.0006800484678479157,0.4003615489271199,0.0015913220629128477,flat,0,keep,metric trend is flat or unavailable,True,passed,7.5e-06,7.5e-06,False
11,fixed_lr_9e-6,9e-06,0.39551181215429654,0.0019649256561775075,0.39746433443765306,0.0019525222833564615,flat,0,keep,metric trend is flat or unavailable,True,passed,9e-06,9e-06,False
11,fixed_lr_10p5e-6,1.05e-05,0.39232804997755666,0.005667681447986517,0.39569743225000653,0.0033693822724498723,flat,0,keep,metric trend is flat or unavailable,True,passed,1.05e-05,1.05e-05,False
11,fixed_lr_12e-6,1.2e-05,0.39101407075126693,-0.0005878687528397819,0.3919914625156997,0.000977391764432789,flat,0,keep,metric trend is flat or unavailable,True,passed,1.2e-05,1.2e-05,False
11,fixed_lr_14e-6,1.4e-05,0.3888643763750654,0.001217753961879675,0.3900809429120663,0.0012165665370008627,flat,0,keep,metric trend is flat or unavailable,True,passed,1.4e-05,1.4e-05,False
12,fixed_lr_3e-6,3e-06,0.4218100959083808,-0.0001645496723967077,0.4220128779114302,0.00020278200304940652,flat,0,keep,metric trend is flat or unavailable,True,passed,3e-06,3e-06,False
12,fixed_lr_4p5e-6,4.5e-06,0.407468047040945,0.005116674337094285,0.4110943461664255,0.0036262991254804033,flat,0,keep,metric trend is flat or unavailable,True,passed,4.5e-06,4.5e-06,False
12,fixed_lr_6e-6,6e-06,0.3994073516888188,0.0020619496950344818,0.401835905739734,0.002428554050915188,flat,0,keep,metric trend is flat or unavailable,True,passed,6e-06,6e-06,False
12,fixed_lr_7p5e-6,7.5e-06,0.39747513196887546,0.0012950948953315833,0.3989183404479977,0.0014432084791222155,flat,0,keep,metric trend is flat or unavailable,True,passed,7.5e-06,7.5e-06,False
12,fixed_lr_9e-6,9e-06,0.39142090559294973,0.004090906561346808,0.3944426200153014,0.0030217144223516623,flat,0,keep,metric trend is flat or unavailable,True,passed,9e-06,9e-06,False
12,fixed_lr_10p5e-6,1.05e-05,0.3909824796841811,0.0013455702933755642,0.3933399559670938,0.0023574762829127183,flat,0,keep,metric trend is flat or unavailable,True,passed,1.05e-05,1.05e-05,False
12,fixed_lr_12e-6,1.2e-05,0.3892792194425948,0.0017348513086721251,0.39063534097914726,0.001356121536552457,flat,0,keep,metric trend is flat or unavailable,True,passed,1.2e-05,1.2e-05,False
12,fixed_lr_14e-6,1.4e-05,0.3889829727840882,-0.00011859640902284196,0.38953195784807726,0.0005489850639890381,flat,0,keep,metric trend is flat or unavailable,True,passed,1.4e-05,1.4e-05,False
13,fixed_lr_3e-6,3e-06,0.41956424469190634,0.0022458512164744704,0.4207885613016683,0.0012243166097619107,flat,0,keep,metric trend is flat or unavailable,True,passed,3e-06,3e-06,False
13,fixed_lr_4p5e-6,4.5e-06,0.40163755645240945,0.005830490588535575,0.40636595130941744,0.004728394857008045,improving,1,keep,direction has not persisted for the configured patience window,True,passed,4.5e-06,4.5e-06,False
13,fixed_lr_6e-6,6e-06,0.3977827219302775,0.001624629758541274,0.39980931383500573,0.002026591904728259,flat,0,keep,metric trend is flat or unavailable,True,passed,6e-06,6e-06,False
13,fixed_lr_7p5e-6,7.5e-06,0.3971395863354189,0.00033554563345655763,0.3980289633917083,0.0008893770562893866,flat,0,keep,metric trend is flat or unavailable,True,passed,7.5e-06,7.5e-06,False
13,fixed_lr_9e-6,9e-06,0.39100537601418067,0.00041552957876905827,0.392723998014741,0.001718622000560388,flat,0,keep,metric trend is flat or unavailable,True,passed,9e-06,9e-06,False
13,fixed_lr_10p5e-6,1.05e-05,0.39080217670152395,0.0001803029826571434,0.3920710663343089,0.0012688896327849308,flat,0,keep,metric trend is flat or unavailable,True,passed,1.05e-05,1.05e-05,False
13,fixed_lr_12e-6,1.2e-05,0.388078110088236,0.001201109354358798,0.3893567255336916,0.0012786154454556553,flat,0,keep,metric trend is flat or unavailable,True,passed,1.2e-05,1.2e-05,False
13,fixed_lr_14e-6,1.4e-05,0.388404422535042,0.0005785502490462391,0.3889681901915596,0.0005637676565176664,flat,0,keep,metric trend is flat or unavailable,True,passed,1.4e-05,1.4e-05,False
14,fixed_lr_3e-6,3e-06,0.4121942736188207,0.007369971073085624,0.41649141746024454,0.004297143841423767,flat,0,keep,metric trend is flat or unavailable,True,passed,3e-06,3e-06,False
14,fixed_lr_4p5e-6,4.5e-06,0.40243135140455616,-0.0007937949521467091,0.4043986513569868,0.0019672999524306123,flat,0,keep,metric trend is flat or unavailable,True,passed,4.5e-06,4.5e-06,False
14,fixed_lr_6e-6,6e-06,0.39743719373730924,0.00034552819296829185,0.3986232537861575,0.0011860600488482476,flat,0,keep,metric trend is flat or unavailable,True,passed,6e-06,6e-06,False
14,fixed_lr_7p5e-6,7.5e-06,0.3943208222668793,0.002818764068539592,0.3961748928292938,0.0018540705624144893,flat,0,keep,metric trend is flat or unavailable,True,passed,7.5e-06,7.5e-06,False
14,fixed_lr_9e-6,9e-06,0.3909464979666846,5.887804749604708e-05,0.3918352479907128,0.0008887500240282176,flat,0,keep,metric trend is flat or unavailable,True,passed,9e-06,9e-06,False
14,fixed_lr_10p5e-6,1.05e-05,0.38954477555815714,0.0012574011433668097,0.390807920946233,0.0012631453880758703,flat,0,keep,metric trend is flat or unavailable,True,passed,1.05e-05,1.05e-05,False
14,fixed_lr_12e-6,1.2e-05,0.38903667380978396,-0.0009585637215479559,0.38919669967173776,0.0001600258619538497,flat,0,keep,metric trend is flat or unavailable,True,passed,1.2e-05,1.2e-05,False
14,fixed_lr_14e-6,1.4e-05,0.38653413821504806,0.00187028431999392,0.3877511642033038,0.0012170259882557932,flat,0,keep,metric trend is flat or unavailable,True,passed,1.4e-05,1.4e-05,False
15,fixed_lr_3e-6,3e-06,0.41218768167017344,6.591948647272083e-06,0.414339549565209,0.0021518678950355197,flat,0,keep,metric trend is flat or unavailable,True,passed,3e-06,3e-06,False
15,fixed_lr_4p5e-6,4.5e-06,0.39926238118663165,0.003168970217924505,0.4018305162718092,0.002568135085177614,flat,0,keep,metric trend is flat or unavailable,True,passed,4.5e-06,4.5e-06,False
15,fixed_lr_6e-6,6e-06,0.3966269933570439,0.0008102003802653579,0.3976251235716007,0.0009981302145568027,flat,0,keep,metric trend is flat or unavailable,True,passed,6e-06,6e-06,False
15,fixed_lr_7p5e-6,7.5e-06,0.3909564798079028,0.003364342458976488,0.39356568631859834,0.002609206510695461,flat,0,keep,metric trend is flat or unavailable,True,passed,7.5e-06,7.5e-06,False
15,fixed_lr_9e-6,9e-06,0.3901723517189031,0.0007741462477815486,0.39100379985480793,0.0008314481359048553,flat,0,keep,metric trend is flat or unavailable,True,passed,9e-06,9e-06,False
15,fixed_lr_10p5e-6,1.05e-05,0.38723275971056664,0.0023120158475904984,0.3890203403283998,0.0017875806178331843,flat,0,keep,metric trend is flat or unavailable,True,passed,1.05e-05,1.05e-05,False
15,fixed_lr_12e-6,1.2e-05,0.3868362392362189,0.0022004345735650577,0.38801646945397833,0.001180230217759426,flat,0,keep,metric trend is flat or unavailable,True,passed,1.2e-05,1.2e-05,False
15,fixed_lr_14e-6,1.4e-05,0.3852668474793423,0.0012672907357057506,0.3865090058413231,0.0012421583619807164,flat,0,keep,metric trend is flat or unavailable,True,passed,1.4e-05,1.4e-05,False
16,fixed_lr_3e-6,3e-06,0.40656102478544964,0.005626656884723802,0.41045028717532933,0.0038892623898796885,flat,0,keep,metric trend is flat or unavailable,True,passed,3e-06,3e-06,False
16,fixed_lr_4p5e-6,4.5e-06,0.39966507938762635,-0.0004026982009947,0.4007477978297178,0.0010827184420914016,flat,0,keep,metric trend is flat or unavailable,True,passed,4.5e-06,4.5e-06,False
16,fixed_lr_6e-6,6e-06,0.4001896922834157,-0.0035626989263718434,0.39890740792750823,-0.001282284355907548,flat,0,keep,metric trend is flat or unavailable,True,passed,6e-06,6e-06,False
16,fixed_lr_7p5e-6,7.5e-06,0.391161560104798,-0.00020508029689519924,0.39236362321169815,0.0012020631069001864,flat,0,keep,metric trend is flat or unavailable,True,passed,7.5e-06,7.5e-06,False
16,fixed_lr_9e-6,9e-06,0.39065717163952574,-0.0004848199206226589,0.39083048574716683,0.00017331410764109823,flat,0,keep,metric trend is flat or unavailable,True,passed,9e-06,9e-06,False
16,fixed_lr_10p5e-6,1.05e-05,0.38927774382492886,-0.002044984114362214,0.38914904207666434,-0.00012870174826451475,flat,0,keep,metric trend is flat or unavailable,True,passed,1.05e-05,1.05e-05,False
16,fixed_lr_12e-6,1.2e-05,0.386521176734724,0.00031506250149487824,0.3872688230943512,0.0007476463596271521,flat,0,keep,metric trend is flat or unavailable,True,passed,1.2e-05,1.2e-05,False
16,fixed_lr_14e-6,1.4e-05,0.38503819593377614,0.00022865154556617195,0.38577360088754964,0.0007354049537734442,flat,0,keep,metric trend is flat or unavailable,True,passed,1.4e-05,1.4e-05,False
17,fixed_lr_3e-6,3e-06,0.40766979839572093,-0.0011087736102712853,0.4090600427855251,0.0013902443898042294,flat,0,keep,metric trend is flat or unavailable,True,passed,3e-06,3e-06,False
17,fixed_lr_4p5e-6,4.5e-06,0.39888849445822583,0.0007765849294005256,0.3998181461439718,0.0009296516857459913,flat,0,keep,metric trend is flat or unavailable,True,passed,4.5e-06,4.5e-06,False
17,fixed_lr_6e-6,6e-06,0.3958574296297875,0.004332262653628238,0.3973824187786479,0.001524989148860345,flat,0,keep,metric trend is flat or unavailable,True,passed,6e-06,6e-06,False
17,fixed_lr_7p5e-6,7.5e-06,0.3897169866111594,0.0014445734936386345,0.39104030491142877,0.0013233183002693827,flat,0,keep,metric trend is flat or unavailable,True,passed,7.5e-06,7.5e-06,False
17,fixed_lr_9e-6,9e-06,0.38547286823110316,0.005184303408422575,0.388151676989135,0.0026788087580318365,flat,0,keep,metric trend is flat or unavailable,True,passed,9e-06,9e-06,False
17,fixed_lr_10p5e-6,1.05e-05,0.38550677397530597,0.003770969849622885,0.38732790802598516,0.001821134050679185,flat,0,keep,metric trend is flat or unavailable,True,passed,1.05e-05,1.05e-05,False
17,fixed_lr_12e-6,1.2e-05,0.38265434554888567,0.0038668311858383597,0.3849615843216184,0.002307238772732756,flat,0,keep,metric trend is flat or unavailable,True,passed,1.2e-05,1.2e-05,False
17,fixed_lr_14e-6,1.4e-05,0.38190398495521394,0.003134210978562202,0.3838387929213818,0.0019348079661678508,flat,0,keep,metric trend is flat or unavailable,True,passed,1.4e-05,1.4e-05,False
18,fixed_lr_3e-6,3e-06,0.4076582431495046,1.1555246216321535e-05,0.40835914296751485,0.0007008998180102477,flat,0,keep,metric trend is flat or unavailable,True,passed,3e-06,3e-06,False
18,fixed_lr_4p5e-6,4.5e-06,0.39823073925852814,0.0006577551996976849,0.39902444270125,0.0007937034427218381,flat,0,keep,metric trend is flat or unavailable,True,passed,4.5e-06,4.5e-06,False
18,fixed_lr_6e-6,6e-06,0.39049633930155936,0.005361090328228124,0.3939393790401036,0.0034430397385442624,flat,0,keep,metric trend is flat or unavailable,True,passed,6e-06,6e-06,False
18,fixed_lr_7p5e-6,7.5e-06,0.39058963312596096,-0.0008726465148015672,0.39081496901869484,0.0002253358927339355,flat,0,keep,metric trend is flat or unavailable,True,passed,7.5e-06,7.5e-06,False
18,fixed_lr_9e-6,9e-06,0.3845412954788908,0.0009315727522123396,0.3863464862340129,0.001805190755122088,flat,0,keep,metric trend is flat or unavailable,True,passed,9e-06,9e-06,False
18,fixed_lr_10p5e-6,1.05e-05,0.3855039620054497,2.8119698562978357e-06,0.3864159350157174,0.0009119730102677415,flat,0,keep,metric trend is flat or unavailable,True,passed,1.05e-05,1.05e-05,False
18,fixed_lr_12e-6,1.2e-05,0.3856701396693768,-0.003015794120491133,0.3853158619954976,-0.0003542776738791886,flat,0,keep,metric trend is flat or unavailable,True,passed,1.2e-05,1.2e-05,False
18,fixed_lr_14e-6,1.4e-05,0.38159264612267,0.00031133883254391703,0.3827157195220259,0.0011230733993559117,flat,0,keep,metric trend is flat or unavailable,True,passed,1.4e-05,1.4e-05,False
19,fixed_lr_3e-6,3e-06,0.40210754045411745,0.005550702695387155,0.40523334171081615,0.0031258012566987015,flat,0,keep,metric trend is flat or unavailable,True,passed,3e-06,3e-06,False
19,fixed_lr_4p5e-6,4.5e-06,0.3977006923903049,0.0005300468682232218,0.3983625675457775,0.0006618751554725022,flat,0,keep,metric trend is flat or unavailable,True,passed,4.5e-06,4.5e-06,False
19,fixed_lr_6e-6,6e-06,0.3905397257933797,-4.338649182034082e-05,0.3922395524167417,0.001699826623361933,flat,0,keep,metric trend is flat or unavailable,True,passed,6e-06,6e-06,False
19,fixed_lr_7p5e-6,7.5e-06,0.3895568084709362,0.0010328246550247444,0.3901858887448155,0.0006290802738793122,flat,0,keep,metric trend is flat or unavailable,True,passed,7.5e-06,7.5e-06,False
19,fixed_lr_9e-6,9e-06,0.3878626621272201,-0.0033213666483292714,0.3871045741806165,-0.0007580879466035917,flat,0,keep,metric trend is flat or unavailable,True,passed,9e-06,9e-06,False
19,fixed_lr_10p5e-6,1.05e-05,0.387542232862723,-0.0020382708572733166,0.3869790839392202,-0.0005631489235027876,flat,0,keep,metric trend is flat or unavailable,True,passed,1.05e-05,1.05e-05,False
19,fixed_lr_12e-6,1.2e-05,0.3855230738567243,0.00014706581265250263,0.3854194679261109,-0.00010360593061331524,flat,0,keep,metric trend is flat or unavailable,True,passed,1.2e-05,1.2e-05,False
19,fixed_lr_14e-6,1.4e-05,0.3792831174498875,0.0023095286727825015,0.3809994184859567,0.0017163010360691788,flat,0,keep,metric trend is flat or unavailable,True,passed,1.4e-05,1.4e-05,False
20,fixed_lr_3e-6,3e-06,0.40139878749496294,0.0007087529591545128,0.40331606460288955,0.001917277107926607,flat,0,keep,metric trend is flat or unavailable,True,passed,3e-06,3e-06,False
20,fixed_lr_4p5e-6,4.5e-06,0.3968198203408715,0.0008808720494334343,0.3975911939433245,0.000771373602452996,flat,0,keep,metric trend is flat or unavailable,True,passed,4.5e-06,4.5e-06,False
20,fixed_lr_6e-6,6e-06,0.3892256132397737,0.0013141125536059728,0.39073258282825774,0.001506969588483953,flat,0,keep,metric trend is flat or unavailable,True,passed,6e-06,6e-06,False
20,fixed_lr_7p5e-6,7.5e-06,0.38797181275203857,0.0015849957188976416,0.3890788507484271,0.0011070379963884491,flat,0,keep,metric trend is flat or unavailable,True,passed,7.5e-06,7.5e-06,False
20,fixed_lr_9e-6,9e-06,0.385807812560017,0.0020548495672030875,0.3864561933703168,0.0006483808102997202,flat,0,keep,metric trend is flat or unavailable,True,passed,9e-06,9e-06,False
20,fixed_lr_10p5e-6,1.05e-05,0.38634240367822004,0.001199829184502954,0.3866607438087201,0.00031834013050008325,flat,0,keep,metric trend is flat or unavailable,True,passed,1.05e-05,1.05e-05,False
20,fixed_lr_12e-6,1.2e-05,0.3803365426765063,0.005186531180218001,0.3828780053013086,0.0025414626248023153,flat,0,keep,metric trend is flat or unavailable,True,passed,1.2e-05,1.2e-05,False
20,fixed_lr_14e-6,1.4e-05,0.37801571679857165,0.0012674006513158642,0.3795075676422642,0.0014918508436925215,flat,0,keep,metric trend is flat or unavailable,True,passed,1.4e-05,1.4e-05,False
21,fixed_lr_3e-6,3e-06,0.3992241999574826,0.0021745875374803436,0.40127013228018604,0.002045932322703503,flat,0,keep,metric trend is flat or unavailable,True,passed,3e-06,3e-06,False
21,fixed_lr_4p5e-6,4.5e-06,0.3954355704779979,0.00138424986287361,0.3965133822106612,0.001077811732663303,flat,0,keep,metric trend is flat or unavailable,True,passed,4.5e-06,4.5e-06,False
21,fixed_lr_6e-6,6e-06,0.3899279096834533,-0.0007022964436795842,0.39033024625585555,0.00040233657240218434,flat,0,keep,metric trend is flat or unavailable,True,passed,6e-06,6e-06,False
21,fixed_lr_7p5e-6,7.5e-06,0.3880250831353239,-5.327038328534206e-05,0.3885519669418755,0.0005268838065515813,flat,0,keep,metric trend is flat or unavailable,True,passed,7.5e-06,7.5e-06,False
21,fixed_lr_9e-6,9e-06,0.3857957414047742,1.2071155242820986e-05,0.38612596738754545,0.0003302259827713261,flat,0,keep,metric trend is flat or unavailable,True,passed,9e-06,9e-06,False
21,fixed_lr_10p5e-6,1.05e-05,0.3838626045442093,0.0024797991340107517,0.38526167417646473,0.0013990696322553897,flat,0,keep,metric trend is flat or unavailable,True,passed,1.05e-05,1.05e-05,False
21,fixed_lr_12e-6,1.2e-05,0.37971128928800885,0.0006252533884974487,0.38129464729465873,0.001583358006649882,flat,0,keep,metric trend is flat or unavailable,True,passed,1.2e-05,1.2e-05,False
21,fixed_lr_14e-6,1.4e-05,0.3754724192563724,0.00254329754219923,0.37748999344931833,0.002017574192945848,flat,0,keep,metric trend is flat or unavailable,True,passed,1.4e-05,1.4e-05,False
22,fixed_lr_3e-6,3e-06,0.39933390205119274,-0.00010970209371014006,0.40030201716568936,0.0009681151144966815,flat,0,keep,metric trend is flat or unavailable,True,passed,3e-06,3e-06,False
22,fixed_lr_4p5e-6,4.5e-06,0.38871363852776325,0.0067219319502346275,0.3926135103692122,0.0038998718414489653,flat,0,keep,metric trend is flat or unavailable,True,passed,4.5e-06,4.5e-06,False
22,fixed_lr_6e-6,6e-06,0.3884256888021984,0.001502220881254901,0.389377967529027,0.0009522787268285704,flat,0,keep,metric trend is flat or unavailable,True,passed,6e-06,6e-06,False
22,fixed_lr_7p5e-6,7.5e-06,0.3867697118180256,0.0012553713172983039,0.38766083937995055,0.0008911275619249426,flat,0,keep,metric trend is flat or unavailable,True,passed,7.5e-06,7.5e-06,False
22,fixed_lr_9e-6,9e-06,0.38422423681350887,0.0015715045912653158,0.3851751021005272,0.0009508652870182654,flat,0,keep,metric trend is flat or unavailable,True,passed,9e-06,9e-06,False
22,fixed_lr_10p5e-6,1.05e-05,0.37935813834642196,0.004504466197787327,0.38230990626144334,0.002951767915021386,flat,0,keep,metric trend is flat or unavailable,True,passed,1.05e-05,1.05e-05,False
22,fixed_lr_12e-6,1.2e-05,0.37625178725705233,0.0034595020309565183,0.37877321727585556,0.0025214300188031724,flat,0,keep,metric trend is flat or unavailable,True,passed,1.2e-05,1.2e-05,False
22,fixed_lr_14e-6,1.4e-05,0.3755590889571743,-8.666970080190017e-05,0.3765245412032463,0.0009654522460720294,flat,0,keep,metric trend is flat or unavailable,True,passed,1.4e-05,1.4e-05,False
23,fixed_lr_3e-6,3e-06,0.3981928113589621,0.0011410906922306174,0.39924741426232574,0.0010546029033636217,flat,0,keep,metric trend is flat or unavailable,True,passed,3e-06,3e-06,False
23,fixed_lr_4p5e-6,4.5e-06,0.3905949464225715,-0.0018813078948082262,0.3916042283958918,0.0010092819733203973,flat,0,keep,metric trend is flat or unavailable,True,passed,4.5e-06,4.5e-06,False
23,fixed_lr_6e-6,6e-06,0.3876670549683595,0.0007586338338388954,0.38852251124869325,0.0008554562803337329,flat,0,keep,metric trend is flat or unavailable,True,passed,6e-06,6e-06,False
23,fixed_lr_7p5e-6,7.5e-06,0.38635133796965354,0.0004183738483720667,0.387006088674802,0.0006547507051485324,flat,0,keep,metric trend is flat or unavailable,True,passed,7.5e-06,7.5e-06,False
23,fixed_lr_9e-6,9e-06,0.38585881024887675,-0.001634573435367881,0.38551695617470194,-0.0003418540741747522,flat,0,keep,metric trend is flat or unavailable,True,passed,9e-06,9e-06,False
23,fixed_lr_10p5e-6,1.05e-05,0.3814945800026852,-0.002136441656263255,0.3819022431320643,0.00040766312937906557,flat,0,keep,metric trend is flat or unavailable,True,passed,1.05e-05,1.05e-05,False
23,fixed_lr_12e-6,1.2e-05,0.37497621255084057,0.0012755747062117573,0.37687471491334806,0.0018985023625074926,flat,0,keep,metric trend is flat or unavailable,True,passed,1.2e-05,1.2e-05,False
23,fixed_lr_14e-6,1.4e-05,0.3741331977771025,0.0014258911800718033,0.3753288694901744,0.0011956717130718886,flat,0,keep,metric trend is flat or unavailable,True,passed,1.4e-05,1.4e-05,False
24,fixed_lr_3e-6,3e-06,0.3962572939336297,0.0019355174253324336,0.3977523540979777,0.0014950601643480277,flat,0,keep,metric trend is flat or unavailable,True,passed,3e-06,3e-06,False
24,fixed_lr_4p5e-6,4.5e-06,0.3885125862855582,0.002082360137013295,0.390058407340725,0.0015458210551668183,flat,0,keep,metric trend is flat or unavailable,True,passed,4.5e-06,4.5e-06,False
24,fixed_lr_6e-6,6e-06,0.38523571761979936,0.0024313373485601586,0.3868791144342463,0.0016433968144469735,flat,0,keep,metric trend is flat or unavailable,True,passed,6e-06,6e-06,False
24,fixed_lr_7p5e-6,7.5e-06,0.38482808373283933,0.0015232542368142088,0.3859170862038207,0.001089002470981315,flat,0,keep,metric trend is flat or unavailable,True,passed,7.5e-06,7.5e-06,False
24,fixed_lr_9e-6,9e-06,0.3826333818726352,0.003225428376241568,0.38407516902366856,0.0014417871510333802,flat,0,keep,metric trend is flat or unavailable,True,passed,9e-06,9e-06,False
24,fixed_lr_10p5e-6,1.05e-05,0.37757010809696856,0.003924471905716653,0.37973617561451645,0.0021660675175478317,flat,0,keep,metric trend is flat or unavailable,True,passed,1.05e-05,1.05e-05,False
24,fixed_lr_12e-6,1.2e-05,0.373336888335251,0.0016393242155895438,0.3751058016242995,0.001768913289048546,flat,0,keep,metric trend is flat or unavailable,True,passed,1.2e-05,1.2e-05,False
24,fixed_lr_14e-6,1.4e-05,0.37226230434780433,0.0018708934292981927,0.3737955869189894,0.0015332825711850129,flat,0,keep,metric trend is flat or unavailable,True,passed,1.4e-05,1.4e-05,False
25,fixed_lr_3e-6,3e-06,0.39782425945916994,-0.0015669655255402537,0.3977883067785738,-3.595268059608525e-05,flat,0,keep,metric trend is flat or unavailable,True,passed,3e-06,3e-06,False
25,fixed_lr_4p5e-6,4.5e-06,0.3901199043131651,-0.001607318027606941,0.39008915582694503,-3.0748486220033566e-05,flat,0,keep,metric trend is flat or unavailable,True,passed,4.5e-06,4.5e-06,False
25,fixed_lr_6e-6,6e-06,0.3869489425132273,-0.001713224893427956,0.3869140284737368,-3.4914039490518967e-05,flat,0,keep,metric trend is flat or unavailable,True,passed,6e-06,6e-06,False
25,fixed_lr_7p5e-6,7.5e-06,0.3846789150060102,0.00014916872682912974,0.3852980006049155,0.0006190855989052224,flat,0,keep,metric trend is flat or unavailable,True,passed,7.5e-06,7.5e-06,False
25,fixed_lr_9e-6,9e-06,0.3801089677222441,0.0025244141503910633,0.38209206837295634,0.0019831006507122217,flat,0,keep,metric trend is flat or unavailable,True,passed,9e-06,9e-06,False
25,fixed_lr_10p5e-6,1.05e-05,0.37877436412949733,-0.0012042560325287721,0.37925526987200686,0.0004809057425095853,flat,0,keep,metric trend is flat or unavailable,True,passed,1.05e-05,1.05e-05,False
25,fixed_lr_12e-6,1.2e-05,0.3759598252800228,-0.002622936944771781,0.37553281345216116,-0.00042701182786164527,flat,0,keep,metric trend is flat or unavailable,True,passed,1.2e-05,1.2e-05,False
25,fixed_lr_14e-6,1.4e-05,0.37060584335761904,0.0016564609901852934,0.3722007151383042,0.0015948717806851809,flat,0,keep,metric trend is flat or unavailable,True,passed,1.4e-05,1.4e-05,False
26,fixed_lr_3e-6,3e-06,0.39912573849774297,-0.001301479038573028,0.3984570226381584,-0.0006687158595846121,flat,0,keep,metric trend is flat or unavailable,True,passed,3e-06,3e-06,False
26,fixed_lr_4p5e-6,4.5e-06,0.39004194949797105,7.79548151940701e-05,0.390065552662458,2.360316448701827e-05,flat,0,keep,metric trend is flat or unavailable,True,passed,4.5e-06,4.5e-06,False
26,fixed_lr_6e-6,6e-06,0.3883139334578777,-0.0013649909446503683,0.38761398096580724,-0.0006999524920704436,flat,0,keep,metric trend is flat or unavailable,True,passed,6e-06,6e-06,False
26,fixed_lr_7p5e-6,7.5e-06,0.3835944959772457,0.001084419028764494,0.3844462482910806,0.0008517523138348859,flat,0,keep,metric trend is flat or unavailable,True,passed,7.5e-06,7.5e-06,False
26,fixed_lr_9e-6,9e-06,0.3787680011954167,0.001340966526827414,0.3804300347841865,0.0016620335887698179,flat,0,keep,metric trend is flat or unavailable,True,passed,9e-06,9e-06,False
26,fixed_lr_10p5e-6,1.05e-05,0.37737300683414776,0.00140135729534957,0.3783141383530773,0.0009411315189295499,flat,0,keep,metric trend is flat or unavailable,True,passed,1.05e-05,1.05e-05,False
26,fixed_lr_12e-6,1.2e-05,0.3744523031250783,0.001507522154944485,0.37499255828861977,0.0005402551635413921,flat,0,keep,metric trend is flat or unavailable,True,passed,1.2e-05,1.2e-05,False
26,fixed_lr_14e-6,1.4e-05,0.3697796926792568,0.0008261506783622252,0.3709902039087805,0.001210511229523703,flat,0,keep,metric trend is flat or unavailable,True,passed,1.4e-05,1.4e-05,False
27,fixed_lr_3e-6,3e-06,0.39900810514483326,0.00011763335290970733,0.3987325638914958,-0.0002755412533373969,flat,0,keep,metric trend is flat or unavailable,True,passed,3e-06,3e-06,False
27,fixed_lr_4p5e-6,4.5e-06,0.38933365268843223,0.000708296809538822,0.3896996026754451,0.0003659499870128924,flat,0,keep,metric trend is flat or unavailable,True,passed,4.5e-06,4.5e-06,False
27,fixed_lr_6e-6,6e-06,0.3877649667076567,0.0005489667502209805,0.38768947383673197,-7.549287092473156e-05,flat,0,keep,metric trend is flat or unavailable,True,passed,6e-06,6e-06,False
27,fixed_lr_7p5e-6,7.5e-06,0.3853312494044643,-0.0017367534272185736,0.38488874884777247,-0.0004425005566918716,flat,0,keep,metric trend is flat or unavailable,True,passed,7.5e-06,7.5e-06,False
27,fixed_lr_9e-6,9e-06,0.3782833100429033,0.00048469115251342787,0.37935667241354487,0.0010733623706416506,flat,0,keep,metric trend is flat or unavailable,True,passed,9e-06,9e-06,False
27,fixed_lr_10p5e-6,1.05e-05,0.37683558840099374,0.0005374184331540244,0.3775748633770355,0.0007392749760418149,flat,0,keep,metric trend is flat or unavailable,True,passed,1.05e-05,1.05e-05,False
27,fixed_lr_12e-6,1.2e-05,0.37389360569849456,0.0005586974265837652,0.37444308199355714,0.0005494762950626342,flat,0,keep,metric trend is flat or unavailable,True,passed,1.2e-05,1.2e-05,False
27,fixed_lr_14e-6,1.4e-05,0.3695441396388567,0.00023555304040012714,0.3702671717738186,0.0007230321349618873,flat,0,keep,metric trend is flat or unavailable,True,passed,1.4e-05,1.4e-05,False
28,fixed_lr_3e-6,3e-06,0.3976489962360166,0.0013591089088166308,0.3981907800637562,0.000541783827739617,flat,0,keep,metric trend is flat or unavailable,True,passed,3e-06,3e-06,False
28,fixed_lr_4p5e-6,4.5e-06,0.3881540810402226,0.001179571648209643,0.3889268418578339,0.0007727608176112399,flat,0,keep,metric trend is flat or unavailable,True,passed,4.5e-06,4.5e-06,False
28,fixed_lr_6e-6,6e-06,0.38584029464642866,0.0019246720612280388,0.3867648842415803,0.0009245895951516814,flat,0,keep,metric trend is flat or unavailable,True,passed,6e-06,6e-06,False
28,fixed_lr_7p5e-6,7.5e-06,0.38473259876736077,0.000598650637103515,0.3848106738075666,7.807504020584943e-05,flat,0,keep,metric trend is flat or unavailable,True,passed,7.5e-06,7.5e-06,False
28,fixed_lr_9e-6,9e-06,0.3788321251170034,-0.0005488150741001507,0.3790943987652742,0.00026227364827069444,flat,0,keep,metric trend is flat or unavailable,True,passed,9e-06,9e-06,False
28,fixed_lr_10p5e-6,1.05e-05,0.37627967189468486,0.0005559165063088733,0.37692726763586015,0.0006475957411753441,flat,0,keep,metric trend is flat or unavailable,True,passed,1.05e-05,1.05e-05,False
28,fixed_lr_12e-6,1.2e-05,0.3723803040487326,0.0015133016497619334,0.37341169302114485,0.0010313889724122838,flat,0,keep,metric trend is flat or unavailable,True,passed,1.2e-05,1.2e-05,False
28,fixed_lr_14e-6,1.4e-05,0.36922170745976995,0.00032243217908672905,0.36974443961679426,0.0005227321570243637,flat,0,keep,metric trend is flat or unavailable,True,passed,1.4e-05,1.4e-05,False
29,fixed_lr_3e-6,3e-06,0.3967417748674769,0.0009072213685397124,0.3974662774656166,0.0007245025981396092,flat,0,keep,metric trend is flat or unavailable,True,passed,3e-06,3e-06,False
29,fixed_lr_4p5e-6,4.5e-06,0.38805312006977793,0.00010096097044465235,0.38848998096380594,0.00043686089402794615,flat,0,keep,metric trend is flat or unavailable,True,passed,4.5e-06,4.5e-06,False
29,fixed_lr_6e-6,6e-06,0.3846560622846599,0.0011842323617687334,0.38571047326312013,0.0010544109784601519,flat,0,keep,metric trend is flat or unavailable,True,passed,6e-06,6e-06,False
29,fixed_lr_7p5e-6,7.5e-06,0.383041692185315,0.0016909065820457925,0.38392618299644077,0.0008844908111258487,flat,0,keep,metric trend is flat or unavailable,True,passed,7.5e-06,7.5e-06,False
29,fixed_lr_9e-6,9e-06,0.37473264290298436,0.004099482214019068,0.37691352083412927,0.002180877931144909,flat,0,keep,metric trend is flat or unavailable,True,passed,9e-06,9e-06,False
29,fixed_lr_10p5e-6,1.05e-05,0.37649527969589536,-0.0002156078012104934,0.37671127366587775,0.00021599396998239762,flat,0,keep,metric trend is flat or unavailable,True,passed,1.05e-05,1.05e-05,False
29,fixed_lr_12e-6,1.2e-05,0.3736404332371608,-0.0012601291884281607,0.3735260631291528,-0.00011437010800796621,flat,0,keep,metric trend is flat or unavailable,True,passed,1.2e-05,1.2e-05,False
29,fixed_lr_14e-6,1.4e-05,0.3699772460917612,-0.0007555386319912372,0.3698608428542777,-0.00011640323748346448,flat,0,keep,metric trend is flat or unavailable,True,passed,1.4e-05,1.4e-05,False
30,fixed_lr_3e-6,3e-06,0.3956811194438175,0.0010606554236594068,0.396573698454717,0.0008925790108995635,flat,0,keep,metric trend is flat or unavailable,True,passed,3e-06,3e-06,False
30,fixed_lr_4p5e-6,4.5e-06,0.38758322544544954,0.000469894624328393,0.38803660320462774,0.00045337775917819734,flat,0,keep,metric trend is flat or unavailable,True,passed,4.5e-06,4.5e-06,False
30,fixed_lr_6e-6,6e-06,0.38443026081644494,0.00022580146821499225,0.38507036703978254,0.0006401062233375998,flat,0,keep,metric trend is flat or unavailable,True,passed,6e-06,6e-06,False
30,fixed_lr_7p5e-6,7.5e-06,0.38298464021981715,5.705196549782299e-05,0.38345541160812896,0.0004707713883118081,flat,0,keep,metric trend is flat or unavailable,True,passed,7.5e-06,7.5e-06,False
30,fixed_lr_9e-6,9e-06,0.37602552173014875,-0.0012928788271643898,0.376469521282139,0.00044399955199025953,flat,0,keep,metric trend is flat or unavailable,True,passed,9e-06,9e-06,False
30,fixed_lr_10p5e-6,1.05e-05,0.37645315476691177,4.2124928983588994e-05,0.37658221421639476,0.0001290594494829933,flat,0,keep,metric trend is flat or unavailable,True,passed,1.05e-05,1.05e-05,False
30,fixed_lr_12e-6,1.2e-05,0.3723769823367606,0.0012634509004001981,0.37295152273295673,0.0005745403961960882,flat,0,keep,metric trend is flat or unavailable,True,passed,1.2e-05,1.2e-05,False
30,fixed_lr_14e-6,1.4e-05,0.3705795022849744,-0.0006022561932131909,0.370220172569626,-0.00035932971534829994,flat,0,keep,metric trend is flat or unavailable,True,passed,1.4e-05,1.4e-05,False
31,fixed_lr_3e-6,3e-06,0.39542096470406557,0.0002601547397519388,0.3959973315793913,0.0005763668753256956,flat,0,keep,metric trend is flat or unavailable,True,passed,3e-06,3e-06,False
31,fixed_lr_4p5e-6,4.5e-06,0.3882327462760776,-0.0006495208306280809,0.3881346747403527,-9.807153572494176e-05,flat,0,keep,metric trend is flat or unavailable,True,passed,4.5e-06,4.5e-06,False
31,fixed_lr_6e-6,6e-06,0.3849154009621895,-0.0004851401457445781,0.384992884000986,7.748303879651086e-05,flat,0,keep,metric trend is flat or unavailable,True,passed,6e-06,6e-06,False
31,fixed_lr_7p5e-6,7.5e-06,0.3809509547876566,0.002033685432160537,0.3822031831978928,0.0012522284102361447,flat,0,keep,metric trend is flat or unavailable,True,passed,7.5e-06,7.5e-06,False
31,fixed_lr_9e-6,9e-06,0.37594996742944226,7.555430070649294e-05,0.37620974435579063,0.00025977692634837624,flat,0,keep,metric trend is flat or unavailable,True,passed,9e-06,9e-06,False
31,fixed_lr_10p5e-6,1.05e-05,0.3758017377822372,0.0006514169846745799,0.376191975999316,0.0003902382170787866,flat,0,keep,metric trend is flat or unavailable,True,passed,1.05e-05,1.05e-05,False
31,fixed_lr_12e-6,1.2e-05,0.3713216560605393,0.0010553262762212912,0.372136589396748,0.0008149333362087452,flat,0,keep,metric trend is flat or unavailable,True,passed,1.2e-05,1.2e-05,False
31,fixed_lr_14e-6,1.4e-05,0.36986094960837973,0.0007185526765946526,0.37004056108900285,0.00017961148062317633,flat,0,keep,metric trend is flat or unavailable,True,passed,1.4e-05,1.4e-05,False
32,fixed_lr_3e-6,3e-06,0.3887215634299939,0.006699401274071648,0.39235944750469265,0.003637884074698672,flat,0,keep,metric trend is flat or unavailable,True,passed,3e-06,3e-06,False
32,fixed_lr_4p5e-6,4.5e-06,0.38810301453983403,0.00012973173624358791,0.3881188446400934,1.583010025929532e-05,flat,0,keep,metric trend is flat or unavailable,True,passed,4.5e-06,4.5e-06,False
32,fixed_lr_6e-6,6e-06,0.38447466471921415,0.0004407362429753592,0.3847337743601001,0.000259109640885935,flat,0,keep,metric trend is flat or unavailable,True,passed,6e-06,6e-06,False
32,fixed_lr_7p5e-6,7.5e-06,0.3793322960729492,0.0016186587147073994,0.380767739635421,0.0014354435624718276,flat,0,keep,metric trend is flat or unavailable,True,passed,7.5e-06,7.5e-06,False
32,fixed_lr_9e-6,9e-06,0.3760659562053809,-0.00011598877593865797,0.3761378502805858,7.189407520485913e-05,flat,0,keep,metric trend is flat or unavailable,True,passed,9e-06,9e-06,False
32,fixed_lr_10p5e-6,1.05e-05,0.375582638175866,0.00021909960637117587,0.375887307087591,0.00030466891172498123,flat,0,keep,metric trend is flat or unavailable,True,passed,1.05e-05,1.05e-05,False
32,fixed_lr_12e-6,1.2e-05,0.37352093355338745,-0.0021992774928481507,0.3728287614750677,-0.0006921720783197305,flat,0,keep,metric trend is flat or unavailable,True,passed,1.2e-05,1.2e-05,False
32,fixed_lr_14e-6,1.4e-05,0.374209319860465,-0.004348370252085287,0.37212494047473393,-0.0020843793857310833,flat,0,keep,metric trend is flat or unavailable,True,passed,1.4e-05,1.4e-05,False
33,fixed_lr_3e-6,3e-06,0.38980040482608863,-0.0010788413960947096,0.39107992616539067,0.001279521339301981,flat,0,keep,metric trend is flat or unavailable,True,passed,3e-06,3e-06,False
33,fixed_lr_4p5e-6,4.5e-06,0.38628535300651096,0.0018176615333230783,0.38720209882330214,0.0009167458167912423,flat,0,keep,metric trend is flat or unavailable,True,passed,4.5e-06,4.5e-06,False
33,fixed_lr_6e-6,6e-06,0.38440760246126515,6.706225794900211e-05,0.38457068841068265,0.0001630859494174408,flat,0,keep,metric trend is flat or unavailable,True,passed,6e-06,6e-06,False
33,fixed_lr_7p5e-6,7.5e-06,0.3814050365677932,-0.002072740494843961,0.3810863881016071,-0.0003186484661861222,flat,0,keep,metric trend is flat or unavailable,True,passed,7.5e-06,7.5e-06,False
33,fixed_lr_9e-6,9e-06,0.3746238016014735,0.0014421546039073974,0.3753808259410296,0.000757024339556156,flat,0,keep,metric trend is flat or unavailable,True,passed,9e-06,9e-06,False
33,fixed_lr_10p5e-6,1.05e-05,0.37219124636399553,0.003391391811870481,0.3740392767257933,0.0018480303617977034,flat,0,keep,metric trend is flat or unavailable,True,passed,1.05e-05,1.05e-05,False
33,fixed_lr_12e-6,1.2e-05,0.37302018707361656,0.000500746479770886,0.37292447427434217,-9.571279927444998e-05,flat,0,keep,metric trend is flat or unavailable,True,passed,1.2e-05,1.2e-05,False
33,fixed_lr_14e-6,1.4e-05,0.3713959473297722,0.0028133725306928037,0.37176044390225305,0.00036449657248088796,flat,0,keep,metric trend is flat or unavailable,True,passed,1.4e-05,1.4e-05,False
34,fixed_lr_3e-6,3e-06,0.3895293895819719,0.0002710152441167124,0.3903046578736813,0.0007752682917093745,flat,0,keep,metric trend is flat or unavailable,True,passed,3e-06,3e-06,False
34,fixed_lr_4p5e-6,4.5e-06,0.3868268360122671,-0.0005414830057561271,0.3870144674177846,0.00018763140551752988,flat,0,keep,metric trend is flat or unavailable,True,passed,4.5e-06,4.5e-06,False
34,fixed_lr_6e-6,6e-06,0.3851193929645261,-0.0007117905032609229,0.3848450406876044,-0.000274352276921741,flat,0,keep,metric trend is flat or unavailable,True,passed,6e-06,6e-06,False
34,fixed_lr_7p5e-6,7.5e-06,0.3766777814289962,0.00472725513879696,0.37888208476530166,0.0022043033363054465,flat,0,keep,metric trend is flat or unavailable,True,passed,7.5e-06,7.5e-06,False
34,fixed_lr_9e-6,9e-06,0.3759026604505338,-0.0012788588490602604,0.3756417431957817,-0.00026091725475207994,flat,0,keep,metric trend is flat or unavailable,True,passed,9e-06,9e-06,False
34,fixed_lr_10p5e-6,1.05e-05,0.3696709883283687,0.0025202580356268323,0.371855132527081,0.002184144198712268,flat,0,keep,metric trend is flat or unavailable,True,passed,1.05e-05,1.05e-05,False
34,fixed_lr_12e-6,1.2e-05,0.3723738237863174,0.0006463632872991676,0.37264914903032975,0.0002753252440124143,flat,0,keep,metric trend is flat or unavailable,True,passed,1.2e-05,1.2e-05,False
34,fixed_lr_14e-6,1.4e-05,0.3715461708254064,-0.00015022349563420523,0.37165330736382973,0.00010713653842331361,flat,0,keep,metric trend is flat or unavailable,True,passed,1.4e-05,1.4e-05,False
35,fixed_lr_3e-6,3e-06,0.3891245944529325,0.0004047951290394036,0.3897146261633069,0.0005900317103744168,flat,0,keep,metric trend is flat or unavailable,True,passed,3e-06,3e-06,False
35,fixed_lr_4p5e-6,4.5e-06,0.3863557620468086,0.00047107396545847946,0.3866851147322966,0.00032935268548800467,flat,0,keep,metric trend is flat or unavailable,True,passed,4.5e-06,4.5e-06,False
35,fixed_lr_6e-6,6e-06,0.3847550892509674,0.00036430371355866686,0.38480006496928587,4.497571831851843e-05,flat,0,keep,metric trend is flat or unavailable,True,passed,6e-06,6e-06,False
35,fixed_lr_7p5e-6,7.5e-06,0.3746759937336765,0.0020017876953197233,0.3767790392494891,0.002103045515812585,flat,0,keep,metric trend is flat or unavailable,True,passed,7.5e-06,7.5e-06,False
35,fixed_lr_9e-6,9e-06,0.372103724167052,0.0037989362834817686,0.3738727336814168,0.001769009514364872,flat,0,keep,metric trend is flat or unavailable,True,passed,9e-06,9e-06,False
35,fixed_lr_10p5e-6,1.05e-05,0.37166293576371107,-0.001991947435342367,0.371759034145396,9.609838168500584e-05,flat,0,keep,metric trend is flat or unavailable,True,passed,1.05e-05,1.05e-05,False
35,fixed_lr_12e-6,1.2e-05,0.3729870735086247,-0.0006132497223073075,0.3728181112694772,-0.00016896223914747432,flat,0,keep,metric trend is flat or unavailable,True,passed,1.2e-05,1.2e-05,False
35,fixed_lr_14e-6,1.4e-05,0.37085770295449355,0.0006884678709128678,0.3712555051591616,0.00039780220466811844,flat,0,keep,metric trend is flat or unavailable,True,passed,1.4e-05,1.4e-05,False
36,fixed_lr_3e-6,3e-06,0.38992743940495,-0.0008028449520174896,0.38982103278412844,-0.00010640662082156416,flat,0,keep,metric trend is flat or unavailable,True,passed,3e-06,3e-06,False
36,fixed_lr_4p5e-6,4.5e-06,0.3854124618063729,0.0009433002404357071,0.38604878826933475,0.0006363264629618559,flat,0,keep,metric trend is flat or unavailable,True,passed,4.5e-06,4.5e-06,False
36,fixed_lr_6e-6,6e-06,0.3849261927687844,-0.00017110351781701727,0.3848631288690352,-6.306389974930493e-05,flat,0,keep,metric trend is flat or unavailable,True,passed,6e-06,6e-06,False
36,fixed_lr_7p5e-6,7.5e-06,0.3756637844421715,-0.0009877907084950288,0.3762214118458303,0.000557627403658778,flat,0,keep,metric trend is flat or unavailable,True,passed,7.5e-06,7.5e-06,False
36,fixed_lr_9e-6,9e-06,0.3718111315587293,0.00029259260832270595,0.37284193262007304,0.001030801061343789,flat,0,keep,metric trend is flat or unavailable,True,passed,9e-06,9e-06,False
36,fixed_lr_10p5e-6,1.05e-05,0.3722905349397457,-0.00062759917603461,0.3720247845425708,-0.0002657503971748021,flat,0,keep,metric trend is flat or unavailable,True,passed,1.05e-05,1.05e-05,False
36,fixed_lr_12e-6,1.2e-05,0.3715948474043534,0.0013922261042713102,0.3722064793369153,0.000611631932561918,flat,0,keep,metric trend is flat or unavailable,True,passed,1.2e-05,1.2e-05,False
36,fixed_lr_14e-6,1.4e-05,0.37092162970827125,-6.392675377769885e-05,0.37108856743371643,0.00016693772544518204,flat,0,keep,metric trend is flat or unavailable,True,passed,1.4e-05,1.4e-05,False
37,fixed_lr_3e-6,3e-06,0.38832164181061907,0.0016057975943309377,0.38907133729737375,0.0007496954867546868,flat,0,keep,metric trend is flat or unavailable,True,passed,3e-06,3e-06,False
37,fixed_lr_4p5e-6,4.5e-06,0.3846789150060102,0.0007335468003626944,0.3853638516376725,0.0006849366316622474,flat,0,keep,metric trend is flat or unavailable,True,passed,4.5e-06,4.5e-06,False
37,fixed_lr_6e-6,6e-06,0.3816732255947823,0.0032529671740021415,0.38326817723190876,0.0015949516371264183,flat,0,keep,metric trend is flat or unavailable,True,passed,6e-06,6e-06,False
37,fixed_lr_7p5e-6,7.5e-06,0.3766642570610297,-0.0010004726188581614,0.37644283445342996,-0.00022142260759966392,flat,0,keep,metric trend is flat or unavailable,True,passed,7.5e-06,7.5e-06,False
37,fixed_lr_9e-6,9e-06,0.3748174612109484,-0.0030063296522190863,0.3738296969155107,-0.0009877642954376764,flat,0,keep,metric trend is flat or unavailable,True,passed,9e-06,9e-06,False
37,fixed_lr_10p5e-6,1.05e-05,0.37385982613344454,-0.001569291193698863,0.37294230533800765,-0.0009175207954368325,flat,0,keep,metric trend is flat or unavailable,True,passed,1.05e-05,1.05e-05,False
37,fixed_lr_12e-6,1.2e-05,0.37540359201780976,-0.003808744613456372,0.37380503567736256,-0.0015985563404472547,flat,0,keep,metric trend is flat or unavailable,True,passed,1.2e-05,1.2e-05,False
37,fixed_lr_14e-6,1.4e-05,0.37092728724558127,-5.657537310022054e-06,0.3710079273396488,8.064009406760775e-05,flat,0,keep,metric trend is flat or unavailable,True,passed,1.4e-05,1.4e-05,False
38,fixed_lr_3e-6,3e-06,0.390230077789582,-0.0019084359789629524,0.38965070754347786,-0.000579370246104105,flat,0,keep,metric trend is flat or unavailable,True,passed,3e-06,3e-06,False
38,fixed_lr_4p5e-6,4.5e-06,0.3845771833537168,0.00010173165229337977,0.38497051749569466,0.00039333414197784133,flat,0,keep,metric trend is flat or unavailable,True,passed,4.5e-06,4.5e-06,False
38,fixed_lr_6e-6,6e-06,0.378248914010632,0.003424311584150297,0.3807585456212704,0.0025096316106383854,flat,0,keep,metric trend is flat or unavailable,True,passed,6e-06,6e-06,False
38,fixed_lr_7p5e-6,7.5e-06,0.3747446381430711,0.0019196189179586098,0.37559373629825055,0.0008490981551794174,flat,0,keep,metric trend is flat or unavailable,True,passed,7.5e-06,7.5e-06,False
38,fixed_lr_9e-6,9e-06,0.37298519307073785,0.0018322681402105356,0.3734074449931243,0.0004222519223864296,flat,0,keep,metric trend is flat or unavailable,True,passed,9e-06,9e-06,False
38,fixed_lr_10p5e-6,1.05e-05,0.37336360905099963,0.0004962170824449053,0.37315295719450364,-0.00021065185649599139,flat,0,keep,metric trend is flat or unavailable,True,passed,1.05e-05,1.05e-05,False
38,fixed_lr_12e-6,1.2e-05,0.37263878291635705,0.0027648091014527143,0.37322190929685983,0.0005831263805027298,flat,0,keep,metric trend is flat or unavailable,True,passed,1.2e-05,1.2e-05,False
38,fixed_lr_14e-6,1.4e-05,0.370150382885496,0.0007769043600852621,0.37057915511257244,0.0004287722270763794,flat,0,keep,metric trend is flat or unavailable,True,passed,1.4e-05,1.4e-05,False
39,fixed_lr_3e-6,3e-06,0.38782357348260876,0.002406504306973256,0.3887371405130433,0.0009135670304345478,flat,0,keep,metric trend is flat or unavailable,True,passed,3e-06,3e-06,False
39,fixed_lr_4p5e-6,4.5e-06,0.384191951710045,0.00038523164367182394,0.38458123460286986,0.0003892828928248049,flat,0,keep,metric trend is flat or unavailable,True,passed,4.5e-06,4.5e-06,False
39,fixed_lr_6e-6,6e-06,0.37698950911610796,0.00125940489452403,0.37887402736868914,0.0018845182525812354,flat,0,keep,metric trend is flat or unavailable,True,passed,6e-06,6e-06,False
39,fixed_lr_7p5e-6,7.5e-06,0.3757885140022312,-0.0010438758591601038,0.37569112515024083,-9.738885199028768e-05,flat,0,keep,metric trend is flat or unavailable,True,passed,7.5e-06,7.5e-06,False
39,fixed_lr_9e-6,9e-06,0.3708322718052232,0.00215292126551464,0.3721198583991737,0.0012875865939505626,flat,0,keep,metric trend is flat or unavailable,True,passed,9e-06,9e-06,False
39,fixed_lr_10p5e-6,1.05e-05,0.37347040219216865,-0.00010679314116901484,0.3733116796933361,-0.00015872249883247536,flat,0,keep,metric trend is flat or unavailable,True,passed,1.05e-05,1.05e-05,False
39,fixed_lr_12e-6,1.2e-05,0.37024594023010643,0.002392842686250618,0.3717339247634831,0.0014879845333767294,flat,0,keep,metric trend is flat or unavailable,True,passed,1.2e-05,1.2e-05,False
39,fixed_lr_14e-6,1.4e-05,0.3675919752394499,0.0025584076460460903,0.3690855651760112,0.0014935899365612348,flat,0,keep,metric trend is flat or unavailable,True,passed,1.4e-05,1.4e-05,False
40,fixed_lr_3e-6,3e-06,0.3873770269116749,0.00044654657093384786,0.38805708371235914,0.0006800568006841701,flat,0,keep,metric trend is flat or unavailable,True,passed,3e-06,3e-06,False
40,fixed_lr_4p5e-6,4.5e-06,0.38410143851880196,9.05131912430357e-05,0.3843413365608359,0.00023989804203394804,flat,0,keep,metric trend is flat or unavailable,True,passed,4.5e-06,4.5e-06,False
40,fixed_lr_6e-6,6e-06,0.37652095530056884,0.0004685538155391189,0.377697491334629,0.0011765360340601494,flat,0,keep,metric trend is flat or unavailable,True,passed,6e-06,6e-06,False
40,fixed_lr_7p5e-6,7.5e-06,0.3756031946446615,0.00018531935756965767,0.3756471598974512,4.396525278965724e-05,flat,0,keep,metric trend is flat or unavailable,True,passed,7.5e-06,7.5e-06,False
40,fixed_lr_9e-6,9e-06,0.37375983542229063,-0.002927563617067419,0.3729398469107322,-0.000819988511558456,flat,0,keep,metric trend is flat or unavailable,True,passed,9e-06,9e-06,False
40,fixed_lr_10p5e-6,1.05e-05,0.37390880192893927,-0.0004383997367706227,0.3736102408111377,-0.0002985611178015768,flat,0,keep,metric trend is flat or unavailable,True,passed,1.05e-05,1.05e-05,False
40,fixed_lr_12e-6,1.2e-05,0.37270344714304765,-0.002457506912941221,0.37221868595326535,-0.0004847611897822457,flat,0,keep,metric trend is flat or unavailable,True,passed,1.2e-05,1.2e-05,False
40,fixed_lr_14e-6,1.4e-05,0.3687098798114872,-0.0011179045720372538,0.3688977224937492,0.00018784268226201828,flat,0,keep,metric trend is flat or unavailable,True,passed,1.4e-05,1.4e-05,False
41,fixed_lr_3e-6,3e-06,0.3858949847313861,0.0014820421802888006,0.38697603422187266,0.0010810494904864854,flat,0,keep,metric trend is flat or unavailable,True,passed,3e-06,3e-06,False
41,fixed_lr_4p5e-6,4.5e-06,0.3839750395123573,0.00012639900644467739,0.3841581880365966,0.00018314852423928496,flat,0,keep,metric trend is flat or unavailable,True,passed,4.5e-06,4.5e-06,False
41,fixed_lr_6e-6,6e-06,0.37695748076017854,-0.00043652545960970457,0.37732748604740374,0.00037000528722525017,flat,0,keep,metric trend is flat or unavailable,True,passed,6e-06,6e-06,False
41,fixed_lr_7p5e-6,7.5e-06,0.3741657395530241,0.0014374550916373963,0.3749064497252377,0.000740710172213499,flat,0,keep,metric trend is flat or unavailable,True,passed,7.5e-06,7.5e-06,False
41,fixed_lr_9e-6,9e-06,0.3735130365730701,0.00024679884922051976,0.3732264417419011,-0.00028659483116894036,flat,0,keep,metric trend is flat or unavailable,True,passed,9e-06,9e-06,False
41,fixed_lr_10p5e-6,1.05e-05,0.37425571836970245,-0.0003469164407631786,0.37393297959042004,-0.00032273877928234995,flat,0,keep,metric trend is flat or unavailable,True,passed,1.05e-05,1.05e-05,False
41,fixed_lr_12e-6,1.2e-05,0.37026300015616675,0.0024404469868808953,0.37124084305471605,0.000977842898549297,flat,0,keep,metric trend is flat or unavailable,True,passed,1.2e-05,1.2e-05,False
41,fixed_lr_14e-6,1.4e-05,0.3688449287636687,-0.0001350489521815268,0.36887132562870895,2.6396865040245743e-05,flat,0,keep,metric trend is flat or unavailable,True,passed,1.4e-05,1.4e-05,False
42,fixed_lr_3e-6,3e-06,0.38571735874417346,0.00017762598721265954,0.38634669648302306,0.0006293377388496002,flat,0,keep,metric trend is flat or unavailable,True,passed,3e-06,3e-06,False
42,fixed_lr_4p5e-6,4.5e-06,0.38436139355937854,-0.0003863540470212534,0.38425979079798755,-0.00010160276139092872,flat,0,keep,metric trend is flat or unavailable,True,passed,4.5e-06,4.5e-06,False
42,fixed_lr_6e-6,6e-06,0.3762851091157024,0.0006723716444761441,0.37680629758155304,0.0005211884658506971,flat,0,keep,metric trend is flat or unavailable,True,passed,6e-06,6e-06,False
42,fixed_lr_7p5e-6,7.5e-06,0.37245344756028725,0.0017122919927368696,0.37367994864276244,0.0012265010824752398,flat,0,keep,metric trend is flat or unavailable,True,passed,7.5e-06,7.5e-06,False
42,fixed_lr_9e-6,9e-06,0.37413772873380724,-0.0006246921607371281,0.3736820852378542,-0.00045564349595306197,flat,0,keep,metric trend is flat or unavailable,True,passed,9e-06,9e-06,False
42,fixed_lr_10p5e-6,1.05e-05,0.37394054137537047,0.0003151769943319782,0.37393676048289526,-3.7808924752136264e-06,flat,0,keep,metric trend is flat or unavailable,True,passed,1.05e-05,1.05e-05,False
42,fixed_lr_12e-6,1.2e-05,0.37100164062173435,-0.0007386404655675971,0.3711212418382252,0.00011960121649084998,flat,0,keep,metric trend is flat or unavailable,True,passed,1.2e-05,1.2e-05,False
42,fixed_lr_14e-6,1.4e-05,0.3679128795422636,0.0009320492214051068,0.36839210258548627,0.0004792230432226763,flat,0,keep,metric trend is flat or unavailable,True,passed,1.4e-05,1.4e-05,False
43,fixed_lr_3e-6,3e-06,0.38405375791768526,0.0016636008264881985,0.3852002272003542,0.0011464692826688716,flat,0,keep,metric trend is flat or unavailable,True,passed,3e-06,3e-06,False
43,fixed_lr_4p5e-6,4.5e-06,0.3852668474793423,-0.0009054539199637723,0.3847633191386649,-0.0005035283406773505,flat,0,keep,metric trend is flat or unavailable,True,passed,4.5e-06,4.5e-06,False
43,fixed_lr_6e-6,6e-06,0.37581511938306217,0.00046998973264023025,0.37631070848230763,0.0004955890992454082,flat,0,keep,metric trend is flat or unavailable,True,passed,6e-06,6e-06,False
43,fixed_lr_7p5e-6,7.5e-06,0.3733226081878056,-0.0008691606275183505,0.373501278415284,0.00017867022747841688,flat,0,keep,metric trend is flat or unavailable,True,passed,7.5e-06,7.5e-06,False
43,fixed_lr_9e-6,9e-06,0.3704652856703865,0.0036724430634207383,0.37207368545412034,0.0016083997837338382,flat,0,keep,metric trend is flat or unavailable,True,passed,9e-06,9e-06,False
43,fixed_lr_10p5e-6,1.05e-05,0.37518863195351165,-0.001248090578141181,0.3745626962182035,-0.0006259357353082251,flat,0,keep,metric trend is flat or unavailable,True,passed,1.05e-05,1.05e-05,False
43,fixed_lr_12e-6,1.2e-05,0.37008039159350475,0.0009212490282295982,0.370600816715865,0.0005204251223602241,flat,0,keep,metric trend is flat or unavailable,True,passed,1.2e-05,1.2e-05,False
43,fixed_lr_14e-6,1.4e-05,0.368992068975179,-0.0010791894329154061,0.36869208578033263,-0.00029998319484636493,flat,0,keep,metric trend is flat or unavailable,True,passed,1.4e-05,1.4e-05,False
44,fixed_lr_3e-6,3e-06,0.38567504429898336,-0.0016212863812981038,0.38543763574966877,-0.00023740854931458832,flat,0,keep,metric trend is flat or unavailable,True,passed,3e-06,3e-06,False
44,fixed_lr_4p5e-6,4.5e-06,0.3850686487592986,0.00019819872004372963,0.38491598394898174,-0.0001526648103168382,flat,0,keep,metric trend is flat or unavailable,True,passed,4.5e-06,4.5e-06,False
44,fixed_lr_6e-6,6e-06,0.3761279078951999,-0.0003127885121377294,0.37621930818875376,9.140029355386714e-05,flat,0,keep,metric trend is flat or unavailable,True,passed,6e-06,6e-06,False
44,fixed_lr_7p5e-6,7.5e-06,0.37286383167090753,0.00045877651689807397,0.3731825550430958,0.0003187233721882454,flat,0,keep,metric trend is flat or unavailable,True,passed,7.5e-06,7.5e-06,False
44,fixed_lr_9e-6,9e-06,0.3696739329006712,0.0007913527697153144,0.37087380917739576,0.0011998762767245763,flat,0,keep,metric trend is flat or unavailable,True,passed,9e-06,9e-06,False
44,fixed_lr_10p5e-6,1.05e-05,0.372006349307676,0.0031822826458356435,0.3732845227629398,0.0012781734552637092,flat,0,keep,metric trend is flat or unavailable,True,passed,1.05e-05,1.05e-05,False
44,fixed_lr_12e-6,1.2e-05,0.3704006704101961,-0.00032027881669133285,0.37050074356303053,0.00010007315283444562,flat,0,keep,metric trend is flat or unavailable,True,passed,1.2e-05,1.2e-05,False
44,fixed_lr_14e-6,1.4e-05,0.3689279131382913,6.415583688768045e-05,0.368809999459312,-0.00011791367897934224,flat,0,keep,metric trend is flat or unavailable,True,passed,1.4e-05,1.4e-05,False
45,fixed_lr_3e-6,3e-06,0.38836448089305337,-0.002689436594070005,0.38690105832136107,-0.0014634225716922966,flat,0,keep,metric trend is flat or unavailable,True,passed,3e-06,3e-06,False
45,fixed_lr_4p5e-6,4.5e-06,0.38478959066933327,0.0002790580899653117,0.3848527873091575,6.319663982423673e-05,flat,0,keep,metric trend is flat or unavailable,True,passed,4.5e-06,4.5e-06,False
45,fixed_lr_6e-6,6e-06,0.37709113698131164,-0.0009632290861117387,0.3766552225850327,-0.0004359143962789358,flat,0,keep,metric trend is flat or unavailable,True,passed,6e-06,6e-06,False
45,fixed_lr_7p5e-6,7.5e-06,0.3715445474164407,0.0013192842544668126,0.3723635512297683,0.0008190038133275013,flat,0,keep,metric trend is flat or unavailable,True,passed,7.5e-06,7.5e-06,False
45,fixed_lr_9e-6,9e-06,0.37114332716611187,-0.0014693942654406822,0.3710085681717538,-0.00013475899435805294,flat,0,keep,metric trend is flat or unavailable,True,passed,9e-06,9e-06,False
45,fixed_lr_10p5e-6,1.05e-05,0.37547445654012274,-0.0034681072324467266,0.3743794896515312,-0.0010949668885914532,flat,0,keep,metric trend is flat or unavailable,True,passed,1.05e-05,1.05e-05,False
45,fixed_lr_12e-6,1.2e-05,0.3700628443882801,0.0003378260219160101,0.3702817939756553,0.00021894958737522785,flat,0,keep,metric trend is flat or unavailable,True,passed,1.2e-05,1.2e-05,False
45,fixed_lr_14e-6,1.4e-05,0.3683128236475532,0.0006150894907381299,0.3685614115534326,0.00024858790587939383,flat,0,keep,metric trend is flat or unavailable,True,passed,1.4e-05,1.4e-05,False
46,fixed_lr_3e-6,3e-06,0.38907295317696705,-0.0007084722839136859,0.38798700574916406,-0.0010859474278029912,flat,0,keep,metric trend is flat or unavailable,True,passed,3e-06,3e-06,False
46,fixed_lr_4p5e-6,4.5e-06,0.38154937586631094,0.0032402148030223343,0.38320108158773425,0.0016517057214232578,flat,0,keep,metric trend is flat or unavailable,True,passed,4.5e-06,4.5e-06,False
46,fixed_lr_6e-6,6e-06,0.3775094116872169,-0.00041827470590527493,0.37708231713612483,-0.0004270945510921331,flat,0,keep,metric trend is flat or unavailable,True,passed,6e-06,6e-06,False
46,fixed_lr_7p5e-6,7.5e-06,0.36970221656773744,0.0018423308487032775,0.3710328838987529,0.0013306673310153894,flat,0,keep,metric trend is flat or unavailable,True,passed,7.5e-06,7.5e-06,False
46,fixed_lr_9e-6,9e-06,0.3720548990528057,-0.0009115718866938294,0.37153173361227976,-0.0005231654405259412,flat,0,keep,metric trend is flat or unavailable,True,passed,9e-06,9e-06,False
46,fixed_lr_10p5e-6,1.05e-05,0.36994980839025293,0.005524648149869804,0.3721646490208921,0.0022148406306391477,flat,0,keep,metric trend is flat or unavailable,True,passed,1.05e-05,1.05e-05,False
46,fixed_lr_12e-6,1.2e-05,0.3686106063923707,0.0014522379959093779,0.369446200184013,0.0008355937916423306,flat,0,keep,metric trend is flat or unavailable,True,passed,1.2e-05,1.2e-05,False
46,fixed_lr_14e-6,1.4e-05,0.3683476374337077,-3.481378615449726e-05,0.36845452449357013,0.00010688705986244829,flat,0,keep,metric trend is flat or unavailable,True,passed,1.4e-05,1.4e-05,False
47,fixed_lr_3e-6,3e-06,0.3874832725998924,0.001589680577074648,0.38773513917452823,0.0002518665746358284,flat,0,keep,metric trend is flat or unavailable,True,passed,3e-06,3e-06,False
47,fixed_lr_4p5e-6,4.5e-06,0.38269667974916854,-0.0011473038828576088,0.3829488806684514,0.00025220091928285227,flat,0,keep,metric trend is flat or unavailable,True,passed,4.5e-06,4.5e-06,False
47,fixed_lr_6e-6,6e-06,0.37726738530771314,0.00024202637950376804,0.37717485122191896,-9.253408579412703e-05,flat,0,keep,metric trend is flat or unavailable,True,passed,6e-06,6e-06,False
47,fixed_lr_7p5e-6,7.5e-06,0.3708805322391933,-0.0011783156714558762,0.3709567080689731,7.617582977981208e-05,flat,0,keep,metric trend is flat or unavailable,True,passed,7.5e-06,7.5e-06,False
47,fixed_lr_9e-6,9e-06,0.3735348140584121,-0.0014799150056064025,0.37253327383534596,-0.0010015402230661996,flat,0,keep,metric trend is flat or unavailable,True,passed,9e-06,9e-06,False
47,fixed_lr_10p5e-6,1.05e-05,0.3731912441193063,-0.003241435729053388,0.37267794657009923,-0.0005132975492071479,flat,0,keep,metric trend is flat or unavailable,True,passed,1.05e-05,1.05e-05,False
47,fixed_lr_12e-6,1.2e-05,0.36939842469399203,-0.0007878183016213347,0.3694223124390025,2.388774501049795e-05,flat,0,keep,metric trend is flat or unavailable,True,passed,1.2e-05,1.2e-05,False
47,fixed_lr_14e-6,1.4e-05,0.36845777797006474,-0.00011014053635705068,0.3684561512318174,-1.6267382472734404e-06,flat,0,keep,metric trend is flat or unavailable,True,passed,1.4e-05,1.4e-05,False
48,fixed_lr_3e-6,3e-06,0.38604279504484085,0.0014404775550515558,0.38688896710968457,0.0008461720648436644,flat,0,keep,metric trend is flat or unavailable,True,passed,3e-06,3e-06,False
48,fixed_lr_4p5e-6,4.5e-06,0.3826180704673116,7.860928185693394e-05,0.3827834755678815,0.0001654051005698931,flat,0,keep,metric trend is flat or unavailable,True,passed,4.5e-06,4.5e-06,False
48,fixed_lr_6e-6,6e-06,0.37749148518570325,-0.00022409987799010267,0.37733316820381113,-0.00015831698189217036,flat,0,keep,metric trend is flat or unavailable,True,passed,6e-06,6e-06,False
48,fixed_lr_7p5e-6,7.5e-06,0.37091322431266166,-3.269207346834335e-05,0.37093496619081734,2.1741878155734362e-05,flat,0,keep,metric trend is flat or unavailable,True,passed,7.5e-06,7.5e-06,False
48,fixed_lr_9e-6,9e-06,0.3699612480615621,0.003573565996849992,0.37124726094845406,0.0012860128868918963,flat,0,keep,metric trend is flat or unavailable,True,passed,9e-06,9e-06,False
48,fixed_lr_10p5e-6,1.05e-05,0.37193810256946636,0.0012531415498399645,0.3723080245697828,0.00036992200031643607,flat,0,keep,metric trend is flat or unavailable,True,passed,1.05e-05,1.05e-05,False
48,fixed_lr_12e-6,1.2e-05,0.3686472595241531,0.0007511651698389188,0.3690347859815778,0.0003875264574246806,flat,0,keep,metric trend is flat or unavailable,True,passed,1.2e-05,1.2e-05,False
48,fixed_lr_14e-6,1.4e-05,0.367931863283146,0.0005259146869187603,0.3681940072574817,0.0002621439743357157,flat,0,keep,metric trend is flat or unavailable,True,passed,1.4e-05,1.4e-05,False
49,fixed_lr_3e-6,3e-06,0.385816842068115,0.00022595297672584058,0.3863529045888998,0.0005360625207847525,flat,0,keep,metric trend is flat or unavailable,True,passed,3e-06,3e-06,False
49,fixed_lr_4p5e-6,4.5e-06,0.3812162033184875,0.0014018671488241208,0.3819998394431845,0.0007836361246970069,flat,0,keep,metric trend is flat or unavailable,True,passed,4.5e-06,4.5e-06,False
49,fixed_lr_6e-6,6e-06,0.37778570002900297,-0.0002942148432997227,0.377559434116407,-0.00022626591259589102,flat,0,keep,metric trend is flat or unavailable,True,passed,6e-06,6e-06,False
49,fixed_lr_7p5e-6,7.5e-06,0.3706241059890267,0.0002891183236349848,0.370779536089922,0.00015543010089535958,flat,0,keep,metric trend is flat or unavailable,True,passed,7.5e-06,7.5e-06,False
49,fixed_lr_9e-6,9e-06,0.3693373849594276,0.0006238631021345253,0.3702923229539408,0.0009549379945132386,flat,0,keep,metric trend is flat or unavailable,True,passed,9e-06,9e-06,False
49,fixed_lr_10p5e-6,1.05e-05,0.37266289805318925,-0.0007247954837228954,0.372485461311486,-0.00017743674170322965,flat,0,keep,metric trend is flat or unavailable,True,passed,1.05e-05,1.05e-05,False
49,fixed_lr_12e-6,1.2e-05,0.3689083956927417,-0.0002611361685885827,0.36897159083715975,6.319514441804897e-05,flat,0,keep,metric trend is flat or unavailable,True,passed,1.2e-05,1.2e-05,False
49,fixed_lr_14e-6,1.4e-05,0.3682207642060137,-0.0002889009228677075,0.3682073857317477,-1.3378474266023677e-05,flat,0,keep,metric trend is flat or unavailable,True,passed,1.4e-05,1.4e-05,False
50,fixed_lr_3e-6,3e-06,0.3858245697377049,-7.727669589896458e-06,0.3860887371633024,0.000264167425597428,flat,0,keep,metric trend is flat or unavailable,True,passed,3e-06,3e-06,False
50,fixed_lr_4p5e-6,4.5e-06,0.38017504723645557,0.0010411560820319243,0.38108744333982003,0.0009123961033644656,flat,0,keep,metric trend is flat or unavailable,True,passed,4.5e-06,4.5e-06,False
50,fixed_lr_6e-6,6e-06,0.37712388868662977,0.0006618113423731975,0.37734166140151837,0.00021777271488865324,flat,0,keep,metric trend is flat or unavailable,True,passed,6e-06,6e-06,False
50,fixed_lr_7p5e-6,7.5e-06,0.3684925349273177,0.00213157106170897,0.36963603550861984,0.001143500581302137,flat,0,keep,metric trend is flat or unavailable,True,passed,7.5e-06,7.5e-06,False
50,fixed_lr_9e-6,9e-06,0.36921703402646394,0.00012035093296364208,0.3697546784902024,0.0005376444637384403,flat,0,keep,metric trend is flat or unavailable,True,passed,9e-06,9e-06,False
50,fixed_lr_10p5e-6,1.05e-05,0.37135818519001773,0.00130471286317152,0.37192182325075185,0.0005636380607341729,flat,0,keep,metric trend is flat or unavailable,True,passed,1.05e-05,1.05e-05,False
50,fixed_lr_12e-6,1.2e-05,0.3693788316258124,-0.00047043593307072307,0.3691752112314861,-0.0002036203943263648,flat,0,keep,metric trend is flat or unavailable,True,passed,1.2e-05,1.2e-05,False
50,fixed_lr_14e-6,1.4e-05,0.3682512188844538,-3.0454678440094973e-05,0.36822930230810075,-2.191657635303157e-05,flat,0,keep,metric trend is flat or unavailable,True,passed,1.4e-05,1.4e-05,False
51,fixed_lr_3e-6,3e-06,0.3858715692794893,-4.6999541784387144e-05,0.38598015322139584,0.00010858394190654819,flat,0,keep,metric trend is flat or unavailable,True,passed,3e-06,3e-06,False
51,fixed_lr_4p5e-6,4.5e-06,0.3805094205776889,-0.0003343733412333183,0.38079843195875446,0.00028901138106557367,flat,0,keep,metric trend is flat or unavailable,True,passed,4.5e-06,4.5e-06,False
51,fixed_lr_6e-6,6e-06,0.3752248770516415,0.0018990116349882902,0.37628326922657995,0.0010583921749384162,flat,0,keep,metric trend is flat or unavailable,True,passed,6e-06,6e-06,False
51,fixed_lr_7p5e-6,7.5e-06,0.368095755805131,0.00039677912218671896,0.36886589565687544,0.0007701398517444003,flat,0,keep,metric trend is flat or unavailable,True,passed,7.5e-06,7.5e-06,False
51,fixed_lr_9e-6,9e-06,0.37228012010668965,-0.0030630860802257076,0.371017399298446,-0.0012627208082436336,flat,0,keep,metric trend is flat or unavailable,True,passed,9e-06,9e-06,False
51,fixed_lr_10p5e-6,1.05e-05,0.369689864831583,0.0016683203584347273,0.37080584404116745,0.0011159792095843946,flat,0,keep,metric trend is flat or unavailable,True,passed,1.05e-05,1.05e-05,False
51,fixed_lr_12e-6,1.2e-05,0.36747060100709533,0.0019082306187170883,0.36832290611929075,0.0008523051121953618,flat,0,keep,metric trend is flat or unavailable,True,passed,1.2e-05,1.2e-05,False
51,fixed_lr_14e-6,1.4e-05,0.3676616637423439,0.0005895551421098988,0.36794548302522234,0.00028381928287840585,flat,0,keep,metric trend is flat or unavailable,True,passed,1.4e-05,1.4e-05,False
52,fixed_lr_3e-6,3e-06,0.3851269749744061,0.0007445943050831683,0.385553564097901,0.0004265891234948582,flat,0,keep,metric trend is flat or unavailable,True,passed,3e-06,3e-06,False
52,fixed_lr_4p5e-6,4.5e-06,0.3799392785825517,0.0005701419951371633,0.3803688552706531,0.00042957668810134075,flat,0,keep,metric trend is flat or unavailable,True,passed,4.5e-06,4.5e-06,False
52,fixed_lr_6e-6,6e-06,0.3718764991711918,0.003348377880449671,0.3740798841988859,0.0022033850276940714,flat,0,keep,metric trend is flat or unavailable,True,passed,6e-06,6e-06,False
52,fixed_lr_7p5e-6,7.5e-06,0.36907834671216566,-0.000982590907034675,0.36897212118452055,-0.00010622552764510962,flat,0,keep,metric trend is flat or unavailable,True,passed,7.5e-06,7.5e-06,False
52,fixed_lr_9e-6,9e-06,0.37179752090496876,0.0004825992017208902,0.3714074601017074,-0.0003900608032613717,flat,0,keep,metric trend is flat or unavailable,True,passed,9e-06,9e-06,False
52,fixed_lr_10p5e-6,1.05e-05,0.3694145241588833,0.00027534067269968654,0.3701101841000254,0.0006956599411420683,flat,0,keep,metric trend is flat or unavailable,True,passed,1.05e-05,1.05e-05,False
52,fixed_lr_12e-6,1.2e-05,0.3683032132790834,-0.0008326122719880535,0.36831305969918704,9.846420103709619e-06,flat,0,keep,metric trend is flat or unavailable,True,passed,1.2e-05,1.2e-05,False
52,fixed_lr_14e-6,1.4e-05,0.3675685932759148,9.307046642909045e-05,0.3677570381505686,0.00018844487465374815,flat,0,keep,metric trend is flat or unavailable,True,passed,1.4e-05,1.4e-05,False
53,fixed_lr_3e-6,3e-06,0.3850517562181171,7.521875628901942e-05,0.38530266015800907,0.00025090393989191107,flat,0,keep,metric trend is flat or unavailable,True,passed,3e-06,3e-06,False
53,fixed_lr_4p5e-6,4.5e-06,0.37936605592877937,0.0005732226537723539,0.37986745559971624,0.0005013996709368751,flat,0,keep,metric trend is flat or unavailable,True,passed,4.5e-06,4.5e-06,False
53,fixed_lr_6e-6,6e-06,0.37077135721723586,0.001105141953955946,0.37242562070806084,0.0016542634908250364,flat,0,keep,metric trend is flat or unavailable,True,passed,6e-06,6e-06,False
53,fixed_lr_7p5e-6,7.5e-06,0.369115977594605,-3.763088243935453e-05,0.3690440493895628,-7.192820504225983e-05,flat,0,keep,metric trend is flat or unavailable,True,passed,7.5e-06,7.5e-06,False
53,fixed_lr_9e-6,9e-06,0.37335353632136264,-0.0015560154163938855,0.372380498211535,-0.0009730381098276286,flat,0,keep,metric trend is flat or unavailable,True,passed,9e-06,9e-06,False
53,fixed_lr_10p5e-6,1.05e-05,0.370248803350721,-0.0008342791918377057,0.3701794937253732,-6.930962534779095e-05,flat,0,keep,metric trend is flat or unavailable,True,passed,1.05e-05,1.05e-05,False
53,fixed_lr_12e-6,1.2e-05,0.36859844576010575,-0.0002952324810223672,0.36845575272964637,-0.0001426930304593288,flat,0,keep,metric trend is flat or unavailable,True,passed,1.2e-05,1.2e-05,False
53,fixed_lr_14e-6,1.4e-05,0.3678942500388778,-0.0003256567629630336,0.3678256440947232,-6.86059441545872e-05,flat,0,keep,metric trend is flat or unavailable,True,passed,1.4e-05,1.4e-05,False
54,fixed_lr_3e-6,3e-06,0.38509591529880766,-4.415908069055341e-05,0.3851992877284084,0.00010337242960067883,flat,0,keep,metric trend is flat or unavailable,True,passed,3e-06,3e-06,False
54,fixed_lr_4p5e-6,4.5e-06,0.3795658243355888,-0.00019976840680940855,0.3797166399676525,0.00015081563206376103,flat,0,keep,metric trend is flat or unavailable,True,passed,4.5e-06,4.5e-06,False
54,fixed_lr_6e-6,6e-06,0.3705491376994842,0.00022221951775164284,0.3714873792037725,0.0009382415042883396,flat,0,keep,metric trend is flat or unavailable,True,passed,6e-06,6e-06,False
54,fixed_lr_7p5e-6,7.5e-06,0.36905410996370464,6.186763090038072e-05,0.3690490796766337,-5.030287070884043e-06,flat,0,keep,metric trend is flat or unavailable,True,passed,7.5e-06,7.5e-06,False
54,fixed_lr_9e-6,9e-06,0.37243021169563356,0.0009233246257290828,0.3724053549535843,-2.4856742049272906e-05,flat,0,keep,metric trend is flat or unavailable,True,passed,9e-06,9e-06,False
54,fixed_lr_10p5e-6,1.05e-05,0.3699845415817019,0.000264261769019114,0.37008201765353754,9.747607183563378e-05,flat,0,keep,metric trend is flat or unavailable,True,passed,1.05e-05,1.05e-05,False
54,fixed_lr_12e-6,1.2e-05,0.3680085339315193,0.0005899118285864757,0.36823214333058285,0.00022360939906351796,flat,0,keep,metric trend is flat or unavailable,True,passed,1.2e-05,1.2e-05,False
54,fixed_lr_14e-6,1.4e-05,0.3675800136415309,0.0003142363973469009,0.36770282886812705,0.0001228152265961291,flat,0,keep,metric trend is flat or unavailable,True,passed,1.4e-05,1.4e-05,False
55,fixed_lr_3e-6,3e-06,0.38501707440790967,7.884089089799096e-05,0.38510818106815903,9.110666024936265e-05,flat,0,keep,metric trend is flat or unavailable,True,passed,3e-06,3e-06,False
55,fixed_lr_4p5e-6,4.5e-06,0.37824709789992605,0.0013187264356627204,0.37898186893378927,0.000734771033863213,flat,0,keep,metric trend is flat or unavailable,True,passed,4.5e-06,4.5e-06,False
55,fixed_lr_6e-6,6e-06,0.37033465673161986,0.0002144809678643611,0.3709110179676962,0.0005763612360762949,flat,0,keep,metric trend is flat or unavailable,True,passed,6e-06,6e-06,False
55,fixed_lr_7p5e-6,7.5e-06,0.3705127189983765,-0.001458609034671876,0.36978089933750513,-0.0007318196608714356,flat,0,keep,metric trend is flat or unavailable,True,passed,7.5e-06,7.5e-06,False
55,fixed_lr_9e-6,9e-06,0.3723541550830687,7.605661256487872e-05,0.3723797550183265,2.5599935257802908e-05,flat,0,keep,metric trend is flat or unavailable,True,passed,9e-06,9e-06,False
55,fixed_lr_10p5e-6,1.05e-05,0.3695916289614485,0.0003929126202534272,0.369836823307493,0.0002451943460445305,flat,0,keep,metric trend is flat or unavailable,True,passed,1.05e-05,1.05e-05,False
55,fixed_lr_12e-6,1.2e-05,0.368265791985191,-0.00025725805367171617,0.36824896765788695,-1.6824327304099107e-05,flat,0,keep,metric trend is flat or unavailable,True,passed,1.2e-05,1.2e-05,False
55,fixed_lr_14e-6,1.4e-05,0.36727250239361847,0.0003075112479124509,0.36748766563087276,0.00021516323725428999,flat,0,keep,metric trend is flat or unavailable,True,passed,1.4e-05,1.4e-05,False
56,fixed_lr_3e-6,3e-06,0.3843958229862966,0.0006212514216130671,0.3847520020272278,0.0003561790409312149,flat,0,keep,metric trend is flat or unavailable,True,passed,3e-06,3e-06,False
56,fixed_lr_4p5e-6,4.5e-06,0.3772382952160427,0.0010088026838833697,0.378110082074916,0.0008717868588732913,flat,0,keep,metric trend is flat or unavailable,True,passed,4.5e-06,4.5e-06,False
56,fixed_lr_6e-6,6e-06,0.3700734611365257,0.0002611955950941325,0.37049223955211097,0.0004187784155852414,flat,0,keep,metric trend is flat or unavailable,True,passed,6e-06,6e-06,False
56,fixed_lr_7p5e-6,7.5e-06,0.37068122211311766,-0.00016850311474114754,0.3702310607253114,-0.00045016138780629156,flat,0,keep,metric trend is flat or unavailable,True,passed,7.5e-06,7.5e-06,False
56,fixed_lr_9e-6,9e-06,0.3707831596329766,0.0015709954500920942,0.3715814573256515,0.0007982976926749763,flat,0,keep,metric trend is flat or unavailable,True,passed,9e-06,9e-06,False
56,fixed_lr_10p5e-6,1.05e-05,0.36845725132497287,0.0011343776364756142,0.36914703731623294,0.0006897859912600723,flat,0,keep,metric trend is flat or unavailable,True,passed,1.05e-05,1.05e-05,False
56,fixed_lr_12e-6,1.2e-05,0.3681017157934342,0.0001640761917567901,0.3681753417256606,7.362593222637326e-05,flat,0,keep,metric trend is flat or unavailable,True,passed,1.2e-05,1.2e-05,False
56,fixed_lr_14e-6,1.4e-05,0.3669736119000731,0.00029889049354536734,0.3672306387654729,0.0002570268653998564,flat,0,keep,metric trend is flat or unavailable,True,passed,1.4e-05,1.4e-05,False
57,fixed_lr_3e-6,3e-06,0.3863944852482967,-0.001998662262000128,0.38557324363776224,-0.0008212416105344289,flat,0,keep,metric trend is flat or unavailable,True,passed,3e-06,3e-06,False
57,fixed_lr_4p5e-6,4.5e-06,0.3785030000563794,-0.0012647048403366945,0.37830654106564765,-0.00019645899073167383,flat,0,keep,metric trend is flat or unavailable,True,passed,4.5e-06,4.5e-06,False
57,fixed_lr_6e-6,6e-06,0.36959403808519825,0.00047942305132747665,0.3700431388186546,0.0004491007334563868,flat,0,keep,metric trend is flat or unavailable,True,passed,6e-06,6e-06,False
57,fixed_lr_7p5e-6,7.5e-06,0.37037808906857017,0.0003031330445474878,0.3703045748969408,-7.351417162937413e-05,flat,0,keep,metric trend is flat or unavailable,True,passed,7.5e-06,7.5e-06,False
57,fixed_lr_9e-6,9e-06,0.3700875783983631,0.000695581234613496,0.3708345178620073,0.0007469394636442361,flat,0,keep,metric trend is flat or unavailable,True,passed,9e-06,9e-06,False
57,fixed_lr_10p5e-6,1.05e-05,0.36774898616293505,0.0007082651620378133,0.36844801173958397,0.0006990255766489706,flat,0,keep,metric trend is flat or unavailable,True,passed,1.05e-05,1.05e-05,False
57,fixed_lr_12e-6,1.2e-05,0.3681017157934342,0.0,0.3681385287595474,3.681296611318663e-05,flat,0,keep,metric trend is flat or unavailable,True,passed,1.2e-05,1.2e-05,False
57,fixed_lr_14e-6,1.4e-05,0.3670553150763082,-8.170317623507062e-05,0.36714297692089054,8.766184458236514e-05,flat,0,keep,metric trend is flat or unavailable,True,passed,1.4e-05,1.4e-05,False
58,fixed_lr_3e-6,3e-06,0.3843285154287434,0.002065969819553315,0.3849508795332528,0.000622364104509443,flat,0,keep,metric trend is flat or unavailable,True,passed,3e-06,3e-06,False
58,fixed_lr_4p5e-6,4.5e-06,0.37773770046324373,0.0007652995931356488,0.3780221207644457,0.0002844203012019597,flat,0,keep,metric trend is flat or unavailable,True,passed,4.5e-06,4.5e-06,False
58,fixed_lr_6e-6,6e-06,0.36889765331802654,0.0006963847671717094,0.36947039606834053,0.0005727427503140481,flat,0,keep,metric trend is flat or unavailable,True,passed,6e-06,6e-06,False
58,fixed_lr_7p5e-6,7.5e-06,0.37075749180834605,-0.00037940273977588035,0.3705310333526434,-0.00022645845570262724,flat,0,keep,metric trend is flat or unavailable,True,passed,7.5e-06,7.5e-06,False
58,fixed_lr_9e-6,9e-06,0.3699596754050802,0.00012790299328291344,0.3703970966335437,0.0004374212284635748,flat,0,keep,metric trend is flat or unavailable,True,passed,9e-06,9e-06,False
58,fixed_lr_10p5e-6,1.05e-05,0.36833882650605165,-0.0005898403431165988,0.3683934191228178,5.459261676615812e-05,flat,0,keep,metric trend is flat or unavailable,True,passed,1.05e-05,1.05e-05,False
58,fixed_lr_12e-6,1.2e-05,0.3682327679575168,-0.00013105216408260123,0.36818564835853207,-4.7119598984679545e-05,flat,0,keep,metric trend is flat or unavailable,True,passed,1.2e-05,1.2e-05,False
58,fixed_lr_14e-6,1.4e-05,0.367473290063236,-0.0004179749869278049,0.36730813349206326,-0.00016515657117271987,flat,0,keep,metric trend is flat or unavailable,True,passed,1.4e-05,1.4e-05,False
59,fixed_lr_3e-6,3e-06,0.3848212678705453,-0.0004927524418019136,0.3848860737018991,6.480583135370921e-05,flat,0,keep,metric trend is flat or unavailable,True,passed,3e-06,3e-06,False
59,fixed_lr_4p5e-6,4.5e-06,0.37683531570142387,0.0009023847618198633,0.3774287182329348,0.0005934025315109115,flat,0,keep,metric trend is flat or unavailable,True,passed,4.5e-06,4.5e-06,False
59,fixed_lr_6e-6,6e-06,0.3688845528602378,1.3100457788739472e-05,0.36917747446428917,0.000292921604051366,flat,0,keep,metric trend is flat or unavailable,True,passed,6e-06,6e-06,False
59,fixed_lr_7p5e-6,7.5e-06,0.3713161738187584,-0.0005586820104123702,0.3709236035857009,-0.0003925702330574987,flat,0,keep,metric trend is flat or unavailable,True,passed,7.5e-06,7.5e-06,False
59,fixed_lr_9e-6,9e-06,0.3695422386816901,0.0004174367233900633,0.3699696676576169,0.0004274289759267913,flat,0,keep,metric trend is flat or unavailable,True,passed,9e-06,9e-06,False
59,fixed_lr_10p5e-6,1.05e-05,0.3677064782240352,0.0006323482820164705,0.3680499486734265,0.0003434704493913143,flat,0,keep,metric trend is flat or unavailable,True,passed,1.05e-05,1.05e-05,False
59,fixed_lr_12e-6,1.2e-05,0.3677164100148242,0.0005163579426926135,0.3679510291866781,0.00023461917185396697,flat,0,keep,metric trend is flat or unavailable,True,passed,1.2e-05,1.2e-05,False
59,fixed_lr_14e-6,1.4e-05,0.3674099860680603,6.330399517567864e-05,0.3673590597800618,-5.0926287998520614e-05,flat,0,keep,metric trend is flat or unavailable,True,passed,1.4e-05,1.4e-05,False
60,fixed_lr_3e-6,3e-06,0.3862571874271054,-0.0014359195565600835,0.3855716305645023,-0.0006855568626031872,flat,0,keep,metric trend is flat or unavailable,True,passed,3e-06,3e-06,False
60,fixed_lr_4p5e-6,4.5e-06,0.37732669559471865,-0.0004913798932947855,0.3773777069138267,5.1011319108063e-05,flat,0,keep,metric trend is flat or unavailable,True,passed,4.5e-06,4.5e-06,False
60,fixed_lr_6e-6,6e-06,0.36974124262124447,-0.0008566897610066682,0.3694593585427668,-0.0002818840784776233,flat,0,keep,metric trend is flat or unavailable,True,passed,6e-06,6e-06,False
60,fixed_lr_7p5e-6,7.5e-06,0.3729153430107097,-0.0015991691919512996,0.3719194732982053,-0.0009958697125043714,flat,0,keep,metric trend is flat or unavailable,True,passed,7.5e-06,7.5e-06,False
60,fixed_lr_9e-6,9e-06,0.36912525662950013,0.00041698205218998474,0.3695474621435585,0.0004222055140584158,flat,0,keep,metric trend is flat or unavailable,True,passed,9e-06,9e-06,False
60,fixed_lr_10p5e-6,1.05e-05,0.36812618381747064,-0.0004197055934354599,0.36808806624544854,-3.811757202204502e-05,flat,0,keep,metric trend is flat or unavailable,True,passed,1.05e-05,1.05e-05,False
60,fixed_lr_12e-6,1.2e-05,0.3669944264989405,0.0007219835158837062,0.36747272784280927,0.0004783013438688366,flat,0,keep,metric trend is flat or unavailable,True,passed,1.2e-05,1.2e-05,False
60,fixed_lr_14e-6,1.4e-05,0.3665974291857264,0.0008125568823338924,0.36697824448289407,0.0003808152971677137,flat,0,keep,metric trend is flat or unavailable,True,passed,1.4e-05,1.4e-05,False
61,fixed_lr_3e-6,3e-06,0.3864070582834623,-0.0001498708563568707,0.38598934442398225,-0.0004177138594799734,flat,0,keep,metric trend is flat or unavailable,True,passed,3e-06,3e-06,False
61,fixed_lr_4p5e-6,4.5e-06,0.376708687363016,0.0006180082317026603,0.3770431971384214,0.0003345097754053339,flat,0,keep,metric trend is flat or unavailable,True,passed,4.5e-06,4.5e-06,False
61,fixed_lr_6e-6,6e-06,0.36893098063043955,0.0008102619908049169,0.36919516958660314,0.0002641889561636468,flat,0,keep,metric trend is flat or unavailable,True,passed,6e-06,6e-06,False
61,fixed_lr_7p5e-6,7.5e-06,0.36859076751736847,0.004324575493341254,0.37025512040778685,0.0016643528904184413,flat,0,keep,metric trend is flat or unavailable,True,passed,7.5e-06,7.5e-06,False
61,fixed_lr_9e-6,9e-06,0.36951492043881456,-0.00038966380931443334,0.3695311912911865,1.6270852371991218e-05,flat,0,keep,metric trend is flat or unavailable,True,passed,9e-06,9e-06,False
61,fixed_lr_10p5e-6,1.05e-05,0.368350574717859,-0.0002243909003883382,0.36821932048165373,-0.0001312542362051916,flat,0,keep,metric trend is flat or unavailable,True,passed,1.05e-05,1.05e-05,False
61,fixed_lr_12e-6,1.2e-05,0.3669557196004192,3.870689852131237e-05,0.3672142237216142,0.00025850412119504673,flat,0,keep,metric trend is flat or unavailable,True,passed,1.2e-05,1.2e-05,False
61,fixed_lr_14e-6,1.4e-05,0.367604991703769,-0.0010075625180425707,0.36729161809333155,-0.000313373610437484,flat,0,keep,metric trend is flat or unavailable,True,passed,1.4e-05,1.4e-05,False
62,fixed_lr_3e-6,3e-06,0.384964696088498,0.0014423621949642973,0.3854770202562401,0.0005123241677421619,flat,0,keep,metric trend is flat or unavailable,True,passed,3e-06,3e-06,False
62,fixed_lr_4p5e-6,4.5e-06,0.3759619499127981,0.0007467374502179158,0.37650257352560973,0.0005406236128116526,flat,0,keep,metric trend is flat or unavailable,True,passed,4.5e-06,4.5e-06,False
62,fixed_lr_6e-6,6e-06,0.3693882872182628,-0.0004573065878232252,0.36929172840243296,-9.655881582981696e-05,flat,0,keep,metric trend is flat or unavailable,True,passed,6e-06,6e-06,False
62,fixed_lr_7p5e-6,7.5e-06,0.3713955487572415,-0.0028047812398730443,0.3708253345825142,-0.000570214174727357,flat,0,keep,metric trend is flat or unavailable,True,passed,7.5e-06,7.5e-06,False
62,fixed_lr_9e-6,9e-06,0.36967653785309096,-0.00016161741427639376,0.36960386457213873,-7.267328095222902e-05,flat,0,keep,metric trend is flat or unavailable,True,passed,9e-06,9e-06,False
62,fixed_lr_10p5e-6,1.05e-05,0.3682688750416337,8.169967622528862e-05,0.3682440977616437,-2.4777279989951495e-05,flat,0,keep,metric trend is flat or unavailable,True,passed,1.05e-05,1.05e-05,False
62,fixed_lr_12e-6,1.2e-05,0.3674492785490266,-0.0004935589486074199,0.3673317511353204,-0.00011752741370618658,flat,0,keep,metric trend is flat or unavailable,True,passed,1.2e-05,1.2e-05,False
62,fixed_lr_14e-6,1.4e-05,0.36686987739472904,0.0007351143090399415,0.3670807477440303,0.00021087034930122872,flat,0,keep,metric trend is flat or unavailable,True,passed,1.4e-05,1.4e-05,False
63,fixed_lr_3e-6,3e-06,0.38426052745735556,0.0007041686311424211,0.38486877385679785,0.000608246399442236,flat,0,keep,metric trend is flat or unavailable,True,passed,3e-06,3e-06,False
63,fixed_lr_4p5e-6,4.5e-06,0.37640972669071826,-0.00044777677792018356,0.376456150108164,4.642341744570677e-05,flat,0,keep,metric trend is flat or unavailable,True,passed,4.5e-06,4.5e-06,False
63,fixed_lr_6e-6,6e-06,0.3690432212344701,0.0003450659837926917,0.3691674748184515,0.00012425358398143738,flat,0,keep,metric trend is flat or unavailable,True,passed,6e-06,6e-06,False
63,fixed_lr_7p5e-6,7.5e-06,0.3703252406327125,0.001070308124529018,0.3705752876076134,0.0002500469749008305,flat,0,keep,metric trend is flat or unavailable,True,passed,7.5e-06,7.5e-06,False
63,fixed_lr_9e-6,9e-06,0.36889219479943613,0.0007843430536548235,0.3692480296857874,0.000355834886351325,flat,0,keep,metric trend is flat or unavailable,True,passed,9e-06,9e-06,False
63,fixed_lr_10p5e-6,1.05e-05,0.36824359928922185,2.527575241184632e-05,0.3682438485254328,2.4923621089190107e-07,flat,0,keep,metric trend is flat or unavailable,True,passed,1.05e-05,1.05e-05,False
63,fixed_lr_12e-6,1.2e-05,0.3667505806145141,0.0006986979345124933,0.36704116587491725,0.00029058526040315336,flat,0,keep,metric trend is flat or unavailable,True,passed,1.2e-05,1.2e-05,False
63,fixed_lr_14e-6,1.4e-05,0.36561587160671316,0.0012540057880158773,0.36634830967537174,0.0007324380686585807,flat,0,keep,metric trend is flat or unavailable,True,passed,1.4e-05,1.4e-05,False
64,fixed_lr_3e-6,3e-06,0.3820567586685307,0.0022037687888248336,0.3834627662626643,0.0014060075941335626,flat,0,keep,metric trend is flat or unavailable,True,passed,3e-06,3e-06,False
64,fixed_lr_4p5e-6,4.5e-06,0.37622517733670136,0.0001845493540169052,0.3763406637224327,0.00011548638573133374,flat,0,keep,metric trend is flat or unavailable,True,passed,4.5e-06,4.5e-06,False
64,fixed_lr_6e-6,6e-06,0.36787714822796047,0.0011660730065096159,0.368522311523206,0.0006451632952454989,flat,0,keep,metric trend is flat or unavailable,True,passed,6e-06,6e-06,False
64,fixed_lr_7p5e-6,7.5e-06,0.37059274245871465,-0.0002675018260021589,0.370584015033164,-8.727425550636436e-06,flat,0,keep,metric trend is flat or unavailable,True,passed,7.5e-06,7.5e-06,False
64,fixed_lr_9e-6,9e-06,0.3693157779135832,-0.0004235831141470858,0.3692819037996853,-3.387411389788042e-05,flat,0,keep,metric trend is flat or unavailable,True,passed,9e-06,9e-06,False
64,fixed_lr_10p5e-6,1.05e-05,0.3678593477224862,0.0003842515667356605,0.3680515981239595,0.00019225040147330397,flat,0,keep,metric trend is flat or unavailable,True,passed,1.05e-05,1.05e-05,False
64,fixed_lr_12e-6,1.2e-05,0.366179541339,0.0005710392755141069,0.3666103536069586,0.0004308122679586579,flat,0,keep,metric trend is flat or unavailable,True,passed,1.2e-05,1.2e-05,False
64,fixed_lr_14e-6,1.4e-05,0.36631591164700567,-0.0007000400402925044,0.3663321106611887,1.6199014183038152e-05,flat,0,keep,metric trend is flat or unavailable,True,passed,1.4e-05,1.4e-05,False
65,fixed_lr_3e-6,3e-06,0.38180681119273807,0.00024994747579265564,0.3826347887277012,0.0008279775349631091,flat,0,keep,metric trend is flat or unavailable,True,passed,3e-06,3e-06,False
65,fixed_lr_4p5e-6,4.5e-06,0.37499938351983075,0.0012257938168706017,0.3756700236211317,0.0006706401013009677,flat,0,keep,metric trend is flat or unavailable,True,passed,4.5e-06,4.5e-06,False
65,fixed_lr_6e-6,6e-06,0.3685502268546827,-0.0006730786267222233,0.36853626918894433,-1.3957665738306702e-05,flat,0,keep,metric trend is flat or unavailable,True,passed,6e-06,6e-06,False
65,fixed_lr_7p5e-6,7.5e-06,0.36999491816051006,0.0005978242982045967,0.37028946659683704,0.00029454843632698013,flat,0,keep,metric trend is flat or unavailable,True,passed,7.5e-06,7.5e-06,False
65,fixed_lr_9e-6,9e-06,0.36866634791240166,0.0006494300011815612,0.3689741258560435,0.0003077779436417849,flat,0,keep,metric trend is flat or unavailable,True,passed,9e-06,9e-06,False
65,fixed_lr_10p5e-6,1.05e-05,0.36824359928922185,-0.0003842515667356605,0.36814759870659064,-9.600058263115052e-05,flat,0,keep,metric trend is flat or unavailable,True,passed,1.05e-05,1.05e-05,False
65,fixed_lr_12e-6,1.2e-05,0.3668962698219297,-0.000716728482929696,0.36675331171444414,-0.00014295810748554683,flat,0,keep,metric trend is flat or unavailable,True,passed,1.2e-05,1.2e-05,False
65,fixed_lr_14e-6,1.4e-05,0.3656275440969689,0.0006883675500367614,0.3659798273790788,0.0003522832821098998,flat,0,keep,metric trend is flat or unavailable,True,passed,1.4e-05,1.4e-05,False
66,fixed_lr_3e-6,3e-06,0.3814739620894515,0.0003328491032865699,0.38205437540857634,0.0005804133191248395,flat,0,keep,metric trend is flat or unavailable,True,passed,3e-06,3e-06,False
66,fixed_lr_4p5e-6,4.5e-06,0.3748760545898301,0.0001233289300006657,0.37527303910548093,0.00039698451565078896,flat,0,keep,metric trend is flat or unavailable,True,passed,4.5e-06,4.5e-06,False
66,fixed_lr_6e-6,6e-06,0.369129329864264,-0.0005791030095813055,0.3688327995266042,-0.0002965303376598616,flat,0,keep,metric trend is flat or unavailable,True,passed,6e-06,6e-06,False
66,fixed_lr_7p5e-6,7.5e-06,0.3707748270776719,-0.0007799089171618423,0.37053214683725444,-0.00024268024041740333,flat,0,keep,metric trend is flat or unavailable,True,passed,7.5e-06,7.5e-06,False
66,fixed_lr_9e-6,9e-06,0.36860628369097154,6.00642214301228e-05,0.36879020477350755,0.00018392108253595385,flat,0,keep,metric trend is flat or unavailable,True,passed,9e-06,9e-06,False
66,fixed_lr_10p5e-6,1.05e-05,0.368068123738587,0.00017547555063485154,0.3681078612225888,3.9737484001822754e-05,flat,0,keep,metric trend is flat or unavailable,True,passed,1.05e-05,1.05e-05,False
66,fixed_lr_12e-6,1.2e-05,0.36617448376718925,0.0007217860547404364,0.36646389774081667,0.00028941397362747256,flat,0,keep,metric trend is flat or unavailable,True,passed,1.2e-05,1.2e-05,False
66,fixed_lr_14e-6,1.4e-05,0.36659888630339016,-0.0009713422064212551,0.3662893568412345,-0.00030952946215567767,flat,0,keep,metric trend is flat or unavailable,True,passed,1.4e-05,1.4e-05,False
67,fixed_lr_3e-6,3e-06,0.3809478332840291,0.00052612880542241,0.3815011043463027,0.0005532710622736525,flat,0,keep,metric trend is flat or unavailable,True,passed,3e-06,3e-06,False
67,fixed_lr_4p5e-6,4.5e-06,0.374929037107192,-5.2982517361910286e-05,0.37510103810633644,0.00017200099914449485,flat,0,keep,metric trend is flat or unavailable,True,passed,4.5e-06,4.5e-06,False
67,fixed_lr_6e-6,6e-06,0.369129329864264,0.0,0.3689810646954341,-0.0001482651688299308,flat,0,keep,metric trend is flat or unavailable,True,passed,6e-06,6e-06,False
67,fixed_lr_7p5e-6,7.5e-06,0.3695271827960685,0.0012476442816033995,0.37002966481666144,0.0005024820205929981,flat,0,keep,metric trend is flat or unavailable,True,passed,7.5e-06,7.5e-06,False
67,fixed_lr_9e-6,9e-06,0.36930478111661674,-0.0006984974256452059,0.3690474929450621,-0.0002572881715545705,flat,0,keep,metric trend is flat or unavailable,True,passed,9e-06,9e-06,False
67,fixed_lr_10p5e-6,1.05e-05,0.3682872565835289,-0.000219132844941905,0.36819755890305883,-8.969768047001336e-05,flat,0,keep,metric trend is flat or unavailable,True,passed,1.05e-05,1.05e-05,False
67,fixed_lr_12e-6,1.2e-05,0.36538320602012475,0.0007912777470645005,0.3659235518804707,0.0005403458603459588,flat,0,keep,metric trend is flat or unavailable,True,passed,1.2e-05,1.2e-05,False
67,fixed_lr_14e-6,1.4e-05,0.3702959569282267,-0.0036970706248365404,0.36829265688473056,-0.0020033000434960813,flat,0,keep,metric trend is flat or unavailable,True,passed,1.4e-05,1.4e-05,False
68,fixed_lr_3e-6,3e-06,0.3822126093110473,-0.0012647760270181885,0.381856856828675,-0.00035575248237229573,flat,0,keep,metric trend is flat or unavailable,True,passed,3e-06,3e-06,False
68,fixed_lr_4p5e-6,4.5e-06,0.37587990749611544,-0.0009508703889234416,0.37549047280122594,-0.0003894346948895011,flat,0,keep,metric trend is flat or unavailable,True,passed,4.5e-06,4.5e-06,False
68,fixed_lr_6e-6,6e-06,0.368365967581604,0.0007633622826599962,0.36867351613851906,0.00030754855691506044,flat,0,keep,metric trend is flat or unavailable,True,passed,6e-06,6e-06,False
68,fixed_lr_7p5e-6,7.5e-06,0.36967674033597925,-0.0001495575399107496,0.3698532025763204,0.00017646224034106872,flat,0,keep,metric trend is flat or unavailable,True,passed,7.5e-06,7.5e-06,False
68,fixed_lr_9e-6,9e-06,0.36957257978845615,-0.0002677986718394032,0.36931003636675913,-0.0002625434216970146,flat,0,keep,metric trend is flat or unavailable,True,passed,9e-06,9e-06,False
68,fixed_lr_10p5e-6,1.05e-05,0.3686288850134841,-0.0003416284299552208,0.3684132219582715,-0.00021566305521264484,flat,0,keep,metric trend is flat or unavailable,True,passed,1.05e-05,1.05e-05,False
68,fixed_lr_12e-6,1.2e-05,0.366944975431718,-0.0015617694115932501,0.36643426365609433,-0.0005107117756236179,flat,0,keep,metric trend is flat or unavailable,True,passed,1.2e-05,1.2e-05,False
68,fixed_lr_14e-6,1.4e-05,0.36647527961671716,0.003820677311509535,0.36738396825072384,0.0009086886340067268,flat,0,keep,metric trend is flat or unavailable,True,passed,1.4e-05,1.4e-05,False
69,fixed_lr_3e-6,3e-06,0.3832481647462634,-0.0010355554352161067,0.3825525107874692,-0.000695653958794229,flat,0,keep,metric trend is flat or unavailable,True,passed,3e-06,3e-06,False
69,fixed_lr_4p5e-6,4.5e-06,0.37421670337455765,0.001663204121557793,0.3748535880878918,0.0006368847133341182,flat,0,keep,metric trend is flat or unavailable,True,passed,4.5e-06,4.5e-06,False
69,fixed_lr_6e-6,6e-06,0.36876623634562233,-0.00040026876401833,0.3687198762420707,-4.636010355163478e-05,flat,0,keep,metric trend is flat or unavailable,True,passed,6e-06,6e-06,False
69,fixed_lr_7p5e-6,7.5e-06,0.3696704063236463,6.334012332964711e-06,0.3697618044499833,9.139812633707223e-05,flat,0,keep,metric trend is flat or unavailable,True,passed,7.5e-06,7.5e-06,False
69,fixed_lr_9e-6,9e-06,0.3698463721196247,-0.00027379233116853197,0.3695782042431919,-0.00026816787643274553,flat,0,keep,metric trend is flat or unavailable,True,passed,9e-06,9e-06,False
69,fixed_lr_10p5e-6,1.05e-05,0.3681008109530146,0.0005280740604695078,0.368257016455643,0.00015620550262845923,flat,0,keep,metric trend is flat or unavailable,True,passed,1.05e-05,1.05e-05,False
69,fixed_lr_12e-6,1.2e-05,0.366299673907121,0.0006453015245970195,0.3663669687816077,6.729487448664528e-05,flat,0,keep,metric trend is flat or unavailable,True,passed,1.2e-05,1.2e-05,False
69,fixed_lr_14e-6,1.4e-05,0.3662376998313049,0.00023757978541227853,0.36681083404101433,0.0005731342097095027,flat,0,keep,metric trend is flat or unavailable,True,passed,1.4e-05,1.4e-05,False
70,fixed_lr_3e-6,3e-06,0.38150775802464393,0.0017404067216194585,0.3820301344060566,0.0005223763814126148,flat,0,keep,metric trend is flat or unavailable,True,passed,3e-06,3e-06,False
70,fixed_lr_4p5e-6,4.5e-06,0.3715872175441654,0.002629485830392242,0.37322040281602864,0.00163318527186318,flat,0,keep,metric trend is flat or unavailable,True,passed,4.5e-06,4.5e-06,False
70,fixed_lr_6e-6,6e-06,0.368341509342883,0.0004247270027393224,0.36853069279247685,0.0001891834495938438,flat,0,keep,metric trend is flat or unavailable,True,passed,6e-06,6e-06,False
70,fixed_lr_7p5e-6,7.5e-06,0.3688808486675757,0.000789557656070583,0.3693213265587795,0.00044047789120382763,flat,0,keep,metric trend is flat or unavailable,True,passed,7.5e-06,7.5e-06,False
70,fixed_lr_9e-6,9e-06,0.3688710882363242,0.0009752838833004818,0.36922464623975804,0.00035355800343384036,flat,0,keep,metric trend is flat or unavailable,True,passed,9e-06,9e-06,False
70,fixed_lr_10p5e-6,1.05e-05,0.36771039616091883,0.00039041479209578345,0.3679837063082809,0.0002733101473620936,flat,0,keep,metric trend is flat or unavailable,True,passed,1.05e-05,1.05e-05,False
70,fixed_lr_12e-6,1.2e-05,0.3658729865030229,0.0004266874040980695,0.3661199776423153,0.00024699113929238514,flat,0,keep,metric trend is flat or unavailable,True,passed,1.2e-05,1.2e-05,False
70,fixed_lr_14e-6,1.4e-05,0.3671100865471722,-0.0008723867158673126,0.36696046029409324,-0.00014962625307890498,flat,0,keep,metric trend is flat or unavailable,True,passed,1.4e-05,1.4e-05,False
71,fixed_lr_3e-6,3e-06,0.38128415336646226,0.0002236046581816642,0.38165714388625943,0.00037299051979716724,flat,0,keep,metric trend is flat or unavailable,True,passed,3e-06,3e-06,False
71,fixed_lr_4p5e-6,4.5e-06,0.3726514243518211,-0.0010642068076556765,0.37293591358392486,0.0002844892321037795,flat,0,keep,metric trend is flat or unavailable,True,passed,4.5e-06,4.5e-06,False
71,fixed_lr_6e-6,6e-06,0.36890120686295047,-0.0005596975200674592,0.36871594982771366,-0.0001852570352368077,flat,0,keep,metric trend is flat or unavailable,True,passed,6e-06,6e-06,False
71,fixed_lr_7p5e-6,7.5e-06,0.36924542808795185,-0.0003645794203761543,0.3692833773233657,3.7949235413781146e-05,flat,0,keep,metric trend is flat or unavailable,True,passed,7.5e-06,7.5e-06,False
71,fixed_lr_9e-6,9e-06,0.36862091307125866,0.00025017516506553594,0.36892277965550835,0.00030186658424968815,flat,0,keep,metric trend is flat or unavailable,True,passed,9e-06,9e-06,False
71,fixed_lr_10p5e-6,1.05e-05,0.3682752828858255,-0.0005648867249066769,0.36812949459705324,-0.00014578828877231942,flat,0,keep,metric trend is flat or unavailable,True,passed,1.05e-05,1.05e-05,False
71,fixed_lr_12e-6,1.2e-05,0.36547380016835285,0.00039918633467006526,0.36579688890533407,0.0003230887369812252,flat,0,keep,metric trend is flat or unavailable,True,passed,1.2e-05,1.2e-05,False
71,fixed_lr_14e-6,1.4e-05,0.36562405889719746,0.0014860276499747416,0.3662922595956454,0.0006682006984478628,flat,0,keep,metric trend is flat or unavailable,True,passed,1.4e-05,1.4e-05,False
72,fixed_lr_3e-6,3e-06,0.38257132624115997,-0.0012871728746977062,0.3821142350637097,-0.00045709117745024175,flat,0,keep,metric trend is flat or unavailable,True,passed,3e-06,3e-06,False
72,fixed_lr_4p5e-6,4.5e-06,0.3708919027360895,0.001759521615731563,0.3719139081600072,0.0010220054239176712,flat,0,keep,metric trend is flat or unavailable,True,passed,4.5e-06,4.5e-06,False
72,fixed_lr_6e-6,6e-06,0.36959615339701746,-0.0006949465340669869,0.36915605161236553,-0.00044010178465186955,flat,0,keep,metric trend is flat or unavailable,True,passed,6e-06,6e-06,False
72,fixed_lr_7p5e-6,7.5e-06,0.3696481858622166,-0.00040275777426473924,0.36946578159279114,-0.0001824042694254513,flat,0,keep,metric trend is flat or unavailable,True,passed,7.5e-06,7.5e-06,False
72,fixed_lr_9e-6,9e-06,0.36918532971445034,-0.0005644166431916786,0.3690540546849793,-0.00013127502947096747,flat,0,keep,metric trend is flat or unavailable,True,passed,9e-06,9e-06,False
72,fixed_lr_10p5e-6,1.05e-05,0.3678547408444529,0.00042054204137259577,0.3679921177207531,0.00013737687630016593,flat,0,keep,metric trend is flat or unavailable,True,passed,1.05e-05,1.05e-05,False
72,fixed_lr_12e-6,1.2e-05,0.36571008257302706,-0.00023628240467421513,0.36575348573918054,4.340316615353279e-05,flat,0,keep,metric trend is flat or unavailable,True,passed,1.2e-05,1.2e-05,False
72,fixed_lr_14e-6,1.4e-05,0.3637088911651922,0.0019151677320052296,0.3650005753804188,0.001291684215226574,flat,0,keep,metric trend is flat or unavailable,True,passed,1.4e-05,1.4e-05,False
73,fixed_lr_3e-6,3e-06,0.3811373801250689,0.001433946116091045,0.3816258075943893,0.0004884274693203738,flat,0,keep,metric trend is flat or unavailable,True,passed,3e-06,3e-06,False
73,fixed_lr_4p5e-6,4.5e-06,0.37060786287376063,0.00028403986232888867,0.3712608855168839,0.00065302264312328,flat,0,keep,metric trend is flat or unavailable,True,passed,4.5e-06,4.5e-06,False
73,fixed_lr_6e-6,6e-06,0.37086350371625026,-0.0012673503192328073,0.37000977766430787,-0.0008537260519423384,flat,0,keep,metric trend is flat or unavailable,True,passed,6e-06,6e-06,False
73,fixed_lr_7p5e-6,7.5e-06,0.36966809539270984,-1.9909530493245065e-05,0.36956693849275046,-0.00010115689995932042,flat,0,keep,metric trend is flat or unavailable,True,passed,7.5e-06,7.5e-06,False
73,fixed_lr_9e-6,9e-06,0.3695220836361058,-0.0003367539216554416,0.3692880691605426,-0.00023401447556326005,flat,0,keep,metric trend is flat or unavailable,True,passed,9e-06,9e-06,False
73,fixed_lr_10p5e-6,1.05e-05,0.3673855467722242,0.0004691940722287291,0.36768883224648863,0.0003032854742644475,flat,0,keep,metric trend is flat or unavailable,True,passed,1.05e-05,1.05e-05,False
73,fixed_lr_12e-6,1.2e-05,0.36618135242773,-0.00047126985470291594,0.36596741908345526,-0.00021393334427471933,flat,0,keep,metric trend is flat or unavailable,True,passed,1.2e-05,1.2e-05,False
73,fixed_lr_14e-6,1.4e-05,0.3648777831448159,-0.0011688919796236652,0.3649391792626173,6.139611780148213e-05,flat,0,keep,metric trend is flat or unavailable,True,passed,1.4e-05,1.4e-05,False
74,fixed_lr_3e-6,3e-06,0.38009657267855057,0.0010408074465183548,0.3808611901364699,0.0007646174579193921,flat,0,keep,metric trend is flat or unavailable,True,passed,3e-06,3e-06,False
74,fixed_lr_4p5e-6,4.5e-06,0.3708892555033181,-0.00028139262955745314,0.371075070510101,0.00018581500678288565,flat,0,keep,metric trend is flat or unavailable,True,passed,4.5e-06,4.5e-06,False
74,fixed_lr_6e-6,6e-06,0.3657736163819825,0.00508988733426774,0.36789169702314517,0.0021180806411627007,flat,0,keep,metric trend is flat or unavailable,True,passed,6e-06,6e-06,False
74,fixed_lr_7p5e-6,7.5e-06,0.3683430330882309,0.00132506230447893,0.3689549857904907,0.000611952702259777,flat,0,keep,metric trend is flat or unavailable,True,passed,7.5e-06,7.5e-06,False
74,fixed_lr_9e-6,9e-06,0.3679326638678834,0.0015894197682223554,0.368610366514213,0.0006777026463296032,flat,0,keep,metric trend is flat or unavailable,True,passed,9e-06,9e-06,False
74,fixed_lr_10p5e-6,1.05e-05,0.3672974974221117,8.80493501124735e-05,0.36749316483430017,0.0001956674121884605,flat,0,keep,metric trend is flat or unavailable,True,passed,1.05e-05,1.05e-05,False
74,fixed_lr_12e-6,1.2e-05,0.3646603311318098,0.0015210212959201885,0.3653138751076325,0.0006535439758227346,flat,0,keep,metric trend is flat or unavailable,True,passed,1.2e-05,1.2e-05,False
74,fixed_lr_14e-6,1.4e-05,0.36444585677074626,0.0004319263740696355,0.3646925180166818,0.00024666124593553107,flat,0,keep,metric trend is flat or unavailable,True,passed,1.4e-05,1.4e-05,False
75,fixed_lr_3e-6,3e-06,0.3809255179736098,-0.0008289452950592247,0.3808933540550399,-3.2163918569971806e-05,flat,0,keep,metric trend is flat or unavailable,True,passed,3e-06,3e-06,False
75,fixed_lr_4p5e-6,4.5e-06,0.37205166548345897,-0.0011624099801408883,0.37156336799678,-0.0004882974866790013,flat,0,keep,metric trend is flat or unavailable,True,passed,4.5e-06,4.5e-06,False
75,fixed_lr_6e-6,6e-06,0.3666090351739189,-0.000835418791936382,0.367250366098532,0.0006413309246131593,flat,0,keep,metric trend is flat or unavailable,True,passed,6e-06,6e-06,False
75,fixed_lr_7p5e-6,7.5e-06,0.3659608685909938,0.0023821644972371048,0.3674579271907422,0.0014970585997484687,flat,0,keep,metric trend is flat or unavailable,True,passed,7.5e-06,7.5e-06,False
75,fixed_lr_9e-6,9e-06,0.36945618748580167,-0.0015235236179182432,0.3690332770000073,-0.00042291048579434776,flat,0,keep,metric trend is flat or unavailable,True,passed,9e-06,9e-06,False
75,fixed_lr_10p5e-6,1.05e-05,0.3655344117610403,0.0017630856610714174,0.36651378829767023,0.000979376536629939,flat,0,keep,metric trend is flat or unavailable,True,passed,1.05e-05,1.05e-05,False
75,fixed_lr_12e-6,1.2e-05,0.3639537710607137,0.0007065600710960962,0.36463382308417314,0.0006800520234593876,flat,0,keep,metric trend is flat or unavailable,True,passed,1.2e-05,1.2e-05,False
75,fixed_lr_14e-6,1.4e-05,0.36483686115232034,-0.00039100438157407824,0.36476468958450103,-7.217156781924583e-05,flat,0,keep,metric trend is flat or unavailable,True,passed,1.4e-05,1.4e-05,False
76,fixed_lr_3e-6,3e-06,0.3791877508222356,0.0017377671513741921,0.38004055243863777,0.0008528016164021102,flat,0,keep,metric trend is flat or unavailable,True,passed,3e-06,3e-06,False
76,fixed_lr_4p5e-6,4.5e-06,0.3700321482620791,0.002019517221379885,0.37079775812942956,0.0007656098673504697,flat,0,keep,metric trend is flat or unavailable,True,passed,4.5e-06,4.5e-06,False
76,fixed_lr_6e-6,6e-06,0.366754937473432,-0.00014590229951311207,0.367002651785982,0.0002477143125499959,flat,0,keep,metric trend is flat or unavailable,True,passed,6e-06,6e-06,False
76,fixed_lr_7p5e-6,7.5e-06,0.3695607661317905,-0.0035998975407967038,0.36850934666126633,-0.0010514194705241175,flat,0,keep,metric trend is flat or unavailable,True,passed,7.5e-06,7.5e-06,False
76,fixed_lr_9e-6,9e-06,0.3686339524686974,0.0008222350171042669,0.3688336147343524,0.00019966226565493184,flat,0,keep,metric trend is flat or unavailable,True,passed,9e-06,9e-06,False
76,fixed_lr_10p5e-6,1.05e-05,0.3676132608454409,-0.0020788490844005914,0.36706352457155556,-0.0005497362738853262,flat,0,keep,metric trend is flat or unavailable,True,passed,1.05e-05,1.05e-05,False
76,fixed_lr_12e-6,1.2e-05,0.36690296737300077,-0.0029491963122870724,0.36576839522858695,-0.0011345721444138146,flat,0,keep,metric trend is flat or unavailable,True,passed,1.2e-05,1.2e-05,False
76,fixed_lr_14e-6,1.4e-05,0.3643506691568569,0.0004861919954634586,0.36455767937067896,0.00020701021382207863,flat,0,keep,metric trend is flat or unavailable,True,passed,1.4e-05,1.4e-05,False
77,fixed_lr_3e-6,3e-06,0.3800075233710128,-0.0008197725487771867,0.3800240379048253,1.6514533812461707e-05,flat,0,keep,metric trend is flat or unavailable,True,passed,3e-06,3e-06,False
77,fixed_lr_4p5e-6,4.5e-06,0.37104053303264634,-0.00100838477056725,0.37091914558103795,-0.00012138745160839015,flat,0,keep,metric trend is flat or unavailable,True,passed,4.5e-06,4.5e-06,False
77,fixed_lr_6e-6,6e-06,0.36602736417005766,0.0007275733033743625,0.36651500797801984,0.0004876438079621792,flat,0,keep,metric trend is flat or unavailable,True,passed,6e-06,6e-06,False
77,fixed_lr_7p5e-6,7.5e-06,0.36853352814796364,0.0010272379838268675,0.36852143740461496,-1.2090743348625033e-05,flat,0,keep,metric trend is flat or unavailable,True,passed,7.5e-06,7.5e-06,False
77,fixed_lr_9e-6,9e-06,0.36747712359385687,0.001156828874840532,0.36815536916410463,0.0006782455702477597,flat,0,keep,metric trend is flat or unavailable,True,passed,9e-06,9e-06,False
77,fixed_lr_10p5e-6,1.05e-05,0.3662086927391808,0.0014045681062601068,0.36663610865536816,0.0004274159161873903,flat,0,keep,metric trend is flat or unavailable,True,passed,1.05e-05,1.05e-05,False
77,fixed_lr_12e-6,1.2e-05,0.36467199612900286,0.0022309712439979035,0.36522019567879493,0.0005481995497920167,flat,0,keep,metric trend is flat or unavailable,True,passed,1.2e-05,1.2e-05,False
77,fixed_lr_14e-6,1.4e-05,0.3667853848402168,-0.0024347156833599004,0.3656715321054479,-0.0011138527347689386,flat,0,keep,metric trend is flat or unavailable,True,passed,1.4e-05,1.4e-05,False
78,fixed_lr_3e-6,3e-06,0.3785547923672908,0.0014527310037220076,0.3792894151360581,0.0007346227687672346,flat,0,keep,metric trend is flat or unavailable,True,passed,3e-06,3e-06,False
78,fixed_lr_4p5e-6,4.5e-06,0.37056388723210115,0.00047664580054518346,0.37074151640656955,0.00017762917446839666,flat,0,keep,metric trend is flat or unavailable,True,passed,4.5e-06,4.5e-06,False
78,fixed_lr_6e-6,6e-06,0.3664740141757413,-0.00044665000568366864,0.3664945110768806,2.0496901139255286e-05,flat,0,keep,metric trend is flat or unavailable,True,passed,6e-06,6e-06,False
78,fixed_lr_7p5e-6,7.5e-06,0.3677371733901924,0.0007963547577712338,0.3681293053974037,0.0003921320072112766,flat,0,keep,metric trend is flat or unavailable,True,passed,7.5e-06,7.5e-06,False
78,fixed_lr_9e-6,9e-06,0.367628108181818,-0.0001509845879611449,0.3678917386729613,0.0002636304911433074,flat,0,keep,metric trend is flat or unavailable,True,passed,9e-06,9e-06,False
78,fixed_lr_10p5e-6,1.05e-05,0.36603186025900486,0.00017683248017591469,0.3663339844571865,0.0003021241981816525,flat,0,keep,metric trend is flat or unavailable,True,passed,1.05e-05,1.05e-05,False
78,fixed_lr_12e-6,1.2e-05,0.36547380016835285,-0.0008018040393499848,0.3653469979235739,-0.0001268022447789563,flat,0,keep,metric trend is flat or unavailable,True,passed,1.2e-05,1.2e-05,False
78,fixed_lr_14e-6,1.4e-05,0.3670114609239906,-0.0002260760837738407,0.36634149651471926,-0.0006699644092713619,flat,0,keep,metric trend is flat or unavailable,True,passed,1.4e-05,1.4e-05,False
79,fixed_lr_3e-6,3e-06,0.37672929574418346,0.0018254966231073255,0.37800935544012076,0.0012800596959373078,flat,0,keep,metric trend is flat or unavailable,True,passed,3e-06,3e-06,False
79,fixed_lr_4p5e-6,4.5e-06,0.3682261614383037,0.0023377257937974294,0.36948383892243664,0.001257677484132913,flat,0,keep,metric trend is flat or unavailable,True,passed,4.5e-06,4.5e-06,False
79,fixed_lr_6e-6,6e-06,0.3669914665345355,-0.0005174523587941904,0.36674298880570805,-0.00024847772882746755,flat,0,keep,metric trend is flat or unavailable,True,passed,6e-06,6e-06,False
79,fixed_lr_7p5e-6,7.5e-06,0.36869114937750463,-0.0009539759873122278,0.36841022738745416,-0.0002809219900504756,flat,0,keep,metric trend is flat or unavailable,True,passed,7.5e-06,7.5e-06,False
79,fixed_lr_9e-6,9e-06,0.3673747376840807,0.00025337049773732634,0.367633238178521,0.00025850049444031686,flat,0,keep,metric trend is flat or unavailable,True,passed,9e-06,9e-06,False
79,fixed_lr_10p5e-6,1.05e-05,0.3663212098257522,-0.00028934956674736556,0.36632759714146934,6.387315717171216e-06,flat,0,keep,metric trend is flat or unavailable,True,passed,1.05e-05,1.05e-05,False
79,fixed_lr_12e-6,1.2e-05,0.3657485129025186,-0.0002747127341657385,0.36554775541304624,-0.0002007574894723474,flat,0,keep,metric trend is flat or unavailable,True,passed,1.2e-05,1.2e-05,False
79,fixed_lr_14e-6,1.4e-05,0.36683860056701895,0.00017286035697167135,0.3665900485408691,-0.00024855202614981753,flat,0,keep,metric trend is flat or unavailable,True,passed,1.4e-05,1.4e-05,False
80,fixed_lr_3e-6,3e-06,0.37881654968078976,-0.0020872539366063037,0.37841295256045526,-0.0004035971203344979,flat,0,keep,metric trend is flat or unavailable,True,passed,3e-06,3e-06,False
80,fixed_lr_4p5e-6,4.5e-06,0.36996533664434617,-0.0017391752060424426,0.3697245877833914,-0.00024074886095476478,flat,0,keep,metric trend is flat or unavailable,True,passed,4.5e-06,4.5e-06,False
80,fixed_lr_6e-6,6e-06,0.36622993541758364,0.0007615311169518746,0.3664864621116458,0.0002565266940622313,flat,0,keep,metric trend is flat or unavailable,True,passed,6e-06,6e-06,False
80,fixed_lr_7p5e-6,7.5e-06,0.3685913076253389,9.984175216570801e-05,0.36850076750639654,-9.054011894238378e-05,flat,0,keep,metric trend is flat or unavailable,True,passed,7.5e-06,7.5e-06,False
80,fixed_lr_9e-6,9e-06,0.36852450469289527,-0.001149767008814584,0.36807887143570817,-0.0004456332571871613,flat,0,keep,metric trend is flat or unavailable,True,passed,9e-06,9e-06,False
80,fixed_lr_10p5e-6,1.05e-05,0.3659496537025351,0.0003715561232170983,0.36613862542200226,0.00018897171946707925,flat,0,keep,metric trend is flat or unavailable,True,passed,1.05e-05,1.05e-05,False
80,fixed_lr_12e-6,1.2e-05,0.3672992656551574,-0.0015507527526388287,0.3664235105341018,-0.0008757551210555881,flat,0,keep,metric trend is flat or unavailable,True,passed,1.2e-05,1.2e-05,False
80,fixed_lr_14e-6,1.4e-05,0.36847761778502486,-0.0016390172180059115,0.36753383316294697,-0.0009437846220778923,flat,0,keep,metric trend is flat or unavailable,True,passed,1.4e-05,1.4e-05,False
81,fixed_lr_3e-6,3e-06,0.38064353656804356,-0.0018269868872538009,0.3795282445642494,-0.0011152920037941216,flat,0,keep,metric trend is flat or unavailable,True,passed,3e-06,3e-06,False
81,fixed_lr_4p5e-6,4.5e-06,0.3689374344368855,0.0010279022074606847,0.36933101111013844,0.00039357667325296,flat,0,keep,metric trend is flat or unavailable,True,passed,4.5e-06,4.5e-06,False
81,fixed_lr_6e-6,6e-06,0.3675570408726687,-0.0013271054550850758,0.36702175149215727,-0.00053528938051145,flat,0,keep,metric trend is flat or unavailable,True,passed,6e-06,6e-06,False
81,fixed_lr_7p5e-6,7.5e-06,0.36864914908332386,-5.784145798493068e-05,0.3685749582948602,-7.419078846365723e-05,flat,0,keep,metric trend is flat or unavailable,True,passed,7.5e-06,7.5e-06,False
81,fixed_lr_9e-6,9e-06,0.3674263812016325,0.001098123491262759,0.36775262631867034,0.00032624511703782666,flat,0,keep,metric trend is flat or unavailable,True,passed,9e-06,9e-06,False
81,fixed_lr_10p5e-6,1.05e-05,0.36617448376718925,-0.00022483006465412458,0.36615655459459573,-1.7929172593467158e-05,flat,0,keep,metric trend is flat or unavailable,True,passed,1.05e-05,1.05e-05,False
81,fixed_lr_12e-6,1.2e-05,0.36685593172199626,0.00044333393316114966,0.36663972112804905,-0.0002162105939472192,flat,0,keep,metric trend is flat or unavailable,True,passed,1.2e-05,1.2e-05,False
81,fixed_lr_14e-6,1.4e-05,0.367277209058148,0.0012004087268768782,0.3674055211105475,0.00012831205239949295,flat,0,keep,metric trend is flat or unavailable,True,passed,1.4e-05,1.4e-05,False
82,fixed_lr_3e-6,3e-06,0.3793543590108956,0.0012891775571479691,0.3794413017875725,8.694277667686823e-05,flat,0,keep,metric trend is flat or unavailable,True,passed,3e-06,3e-06,False
82,fixed_lr_4p5e-6,4.5e-06,0.3680727749260094,0.0008646595108760535,0.36870189301807393,0.0006291180920645068,flat,0,keep,metric trend is flat or unavailable,True,passed,4.5e-06,4.5e-06,False
82,fixed_lr_6e-6,6e-06,0.36754848720650984,8.553666158872542e-06,0.36728511934933356,-0.00026336785717628874,flat,0,keep,metric trend is flat or unavailable,True,passed,6e-06,6e-06,False
82,fixed_lr_7p5e-6,7.5e-06,0.36806718512134234,0.0005819639619815131,0.36832107170810124,0.0002538865867589557,flat,0,keep,metric trend is flat or unavailable,True,passed,7.5e-06,7.5e-06,False
82,fixed_lr_9e-6,9e-06,0.36738045996200436,4.5921239628154975e-05,0.3675665431403373,0.00018608317833301857,flat,0,keep,metric trend is flat or unavailable,True,passed,9e-06,9e-06,False
82,fixed_lr_10p5e-6,1.05e-05,0.3672245428677176,-0.0010500591005283555,0.3666905487311567,-0.0005339941365609668,flat,0,keep,metric trend is flat or unavailable,True,passed,1.05e-05,1.05e-05,False
82,fixed_lr_12e-6,1.2e-05,0.3685418455629467,-0.0016859138409504593,0.3675907833454979,-0.0009510622174488392,flat,0,keep,metric trend is flat or unavailable,True,passed,1.2e-05,1.2e-05,False
82,fixed_lr_14e-6,1.4e-05,0.3671386078395607,0.00013860121858727537,0.3672720644750541,0.0001334566354933564,flat,0,keep,metric trend is flat or unavailable,True,passed,1.4e-05,1.4e-05,False
83,fixed_lr_3e-6,3e-06,0.3784864502915771,0.0008679087193184665,0.3789638760395748,0.0004774257479976951,flat,0,keep,metric trend is flat or unavailable,True,passed,3e-06,3e-06,False
83,fixed_lr_4p5e-6,4.5e-06,0.36785515039978,0.00021762452622942074,0.36827852170892694,0.0004233713091469915,flat,0,keep,metric trend is flat or unavailable,True,passed,4.5e-06,4.5e-06,False
83,fixed_lr_6e-6,6e-06,0.3670784419916009,0.000470045214908954,0.36718178067046725,0.00010333867886630488,flat,0,keep,metric trend is flat or unavailable,True,passed,6e-06,6e-06,False
83,fixed_lr_7p5e-6,7.5e-06,0.36841991347652886,-0.0003527283551865157,0.368370492592315,-4.942088421377999e-05,flat,0,keep,metric trend is flat or unavailable,True,passed,7.5e-06,7.5e-06,False
83,fixed_lr_9e-6,9e-06,0.3673029144635424,7.754549846195058e-05,0.36743472880193984,0.00013181433839748458,flat,0,keep,metric trend is flat or unavailable,True,passed,9e-06,9e-06,False
83,fixed_lr_10p5e-6,1.05e-05,0.3657264989798729,0.0014980438878446911,0.36620852385551483,0.00048202487564186214,flat,0,keep,metric trend is flat or unavailable,True,passed,1.05e-05,1.05e-05,False
83,fixed_lr_12e-6,1.2e-05,0.36699547405097943,0.0015463715119672927,0.36729312869823866,0.00029765464725922675,flat,0,keep,metric trend is flat or unavailable,True,passed,1.2e-05,1.2e-05,False
83,fixed_lr_14e-6,1.4e-05,0.36592668267756645,0.001211925161994254,0.3665993735763103,0.0006726908987438329,flat,0,keep,metric trend is flat or unavailable,True,passed,1.4e-05,1.4e-05,False
84,fixed_lr_3e-6,3e-06,0.3798118581568296,-0.0013254078652524814,0.3793878670982022,-0.00042399105862739317,flat,0,keep,metric trend is flat or unavailable,True,passed,3e-06,3e-06,False
84,fixed_lr_4p5e-6,4.5e-06,0.3681463687573395,-0.0002912183575595195,0.36821244523313323,6.607647579370823e-05,flat,0,keep,metric trend is flat or unavailable,True,passed,4.5e-06,4.5e-06,False
84,fixed_lr_6e-6,6e-06,0.3667550143397853,0.00032342765181558875,0.3669683975051263,0.00021338316534097457,flat,0,keep,metric trend is flat or unavailable,True,passed,6e-06,6e-06,False
84,fixed_lr_7p5e-6,7.5e-06,0.36900062703249503,-0.0005807135559661725,0.36868555981240503,-0.000315067220090004,flat,0,keep,metric trend is flat or unavailable,True,passed,7.5e-06,7.5e-06,False
84,fixed_lr_9e-6,9e-06,0.36724499485734774,5.7919606194667406e-05,0.3673398618296438,9.486697229604824e-05,flat,0,keep,metric trend is flat or unavailable,True,passed,9e-06,9e-06,False
84,fixed_lr_10p5e-6,1.05e-05,0.3651610418176948,0.0005654571621780957,0.3656847828366048,0.0005237410189100067,flat,0,keep,metric trend is flat or unavailable,True,passed,1.05e-05,1.05e-05,False
84,fixed_lr_12e-6,1.2e-05,0.3660431166342755,0.0009523574167039084,0.3666681226662571,0.0006250060319815676,flat,0,keep,metric trend is flat or unavailable,True,passed,1.2e-05,1.2e-05,False
84,fixed_lr_14e-6,1.4e-05,0.36703978843028584,-0.00111310575271939,0.36681958100329803,-0.00022020742698775075,flat,0,keep,metric trend is flat or unavailable,True,passed,1.4e-05,1.4e-05,False
85,fixed_lr_3e-6,3e-06,0.3774497471508026,0.0023621110060270123,0.3784188071245024,0.0009690599736998373,flat,0,keep,metric trend is flat or unavailable,True,passed,3e-06,3e-06,False
85,fixed_lr_4p5e-6,4.5e-06,0.36839974175442297,-0.0002533729970834453,0.3683060934937781,-9.364826064484078e-05,flat,0,keep,metric trend is flat or unavailable,True,passed,4.5e-06,4.5e-06,False
85,fixed_lr_6e-6,6e-06,0.3669891469240269,-0.00023413258424159755,0.3669787722145766,-1.0374709450311492e-05,flat,0,keep,metric trend is flat or unavailable,True,passed,6e-06,6e-06,False
85,fixed_lr_7p5e-6,7.5e-06,0.36880687529188677,0.00019375174060826117,0.36874621755214587,-6.065773974084365e-05,flat,0,keep,metric trend is flat or unavailable,True,passed,7.5e-06,7.5e-06,False
85,fixed_lr_9e-6,9e-06,0.36663418780454654,0.0006108070528011988,0.36698702481709516,0.00035283701254862354,flat,0,keep,metric trend is flat or unavailable,True,passed,9e-06,9e-06,False
85,fixed_lr_10p5e-6,1.05e-05,0.3655764945545135,-0.0004154527368187,0.3656306386955592,5.414414104565335e-05,flat,0,keep,metric trend is flat or unavailable,True,passed,1.05e-05,1.05e-05,False
85,fixed_lr_12e-6,1.2e-05,0.36725377789153,-0.0012106612572544972,0.3669609502788935,-0.0002928276126364371,flat,0,keep,metric trend is flat or unavailable,True,passed,1.2e-05,1.2e-05,False
85,fixed_lr_14e-6,1.4e-05,0.36729640710186295,-0.0002566186715771135,0.3670579940525805,-0.00023841304928245988,flat,0,keep,metric trend is flat or unavailable,True,passed,1.4e-05,1.4e-05,False
86,fixed_lr_3e-6,3e-06,0.3779305998574966,-0.0004808527066940127,0.37817470349099946,0.0002441036335029123,flat,0,keep,metric trend is flat or unavailable,True,passed,3e-06,3e-06,False
86,fixed_lr_4p5e-6,4.5e-06,0.3700343278240553,-0.0016345860696323489,0.3691702106589167,-0.0008641171651386226,flat,0,keep,metric trend is flat or unavailable,True,passed,4.5e-06,4.5e-06,False
86,fixed_lr_6e-6,6e-06,0.366768136829884,0.00022101009414288164,0.3668734545222303,0.00010531769234628507,flat,0,keep,metric trend is flat or unavailable,True,passed,6e-06,6e-06,False
86,fixed_lr_7p5e-6,7.5e-06,0.36833550608831656,0.0004713692035702155,0.3685408618202312,0.00020535573191465817,flat,0,keep,metric trend is flat or unavailable,True,passed,7.5e-06,7.5e-06,False
86,fixed_lr_9e-6,9e-06,0.3665461458517151,8.804195283146354e-05,0.3667665853344051,0.0002204394826900713,flat,0,keep,metric trend is flat or unavailable,True,passed,9e-06,9e-06,False
86,fixed_lr_10p5e-6,1.05e-05,0.3661200300098618,-0.0005435354553482985,0.36587533435271047,-0.0002446956571512948,flat,0,keep,metric trend is flat or unavailable,True,passed,1.05e-05,1.05e-05,False
86,fixed_lr_12e-6,1.2e-05,0.3654047345886567,0.0018490433028733322,0.3661828424337751,0.0007781078451184475,flat,0,keep,metric trend is flat or unavailable,True,passed,1.2e-05,1.2e-05,False
86,fixed_lr_14e-6,1.4e-05,0.36762667267475463,-0.0003302655728916748,0.36734233336366756,-0.00028433931108706734,flat,0,keep,metric trend is flat or unavailable,True,passed,1.4e-05,1.4e-05,False
87,fixed_lr_3e-6,3e-06,0.3774356423284778,0.0004949575290187913,0.37780517290973864,0.00036953058126082405,flat,0,keep,metric trend is flat or unavailable,True,passed,3e-06,3e-06,False
87,fixed_lr_4p5e-6,4.5e-06,0.36923294901512,0.0008013788089353269,0.36920157983701835,-3.1369178101647854e-05,flat,0,keep,metric trend is flat or unavailable,True,passed,4.5e-06,4.5e-06,False
87,fixed_lr_6e-6,6e-06,0.366291795229501,0.0004763416003830123,0.3665826248758657,0.00029082964636462094,flat,0,keep,metric trend is flat or unavailable,True,passed,6e-06,6e-06,False
87,fixed_lr_7p5e-6,7.5e-06,0.366853812342234,0.0014816937460825352,0.36769733708123264,0.000843524738998569,flat,0,keep,metric trend is flat or unavailable,True,passed,7.5e-06,7.5e-06,False
87,fixed_lr_9e-6,9e-06,0.3648543876076017,0.0016917582441133838,0.3658104864710034,0.0009560988634016998,flat,0,keep,metric trend is flat or unavailable,True,passed,9e-06,9e-06,False
87,fixed_lr_10p5e-6,1.05e-05,0.36717263897394853,-0.0010526089640867098,0.3665239866633295,-0.0006486523106190578,flat,0,keep,metric trend is flat or unavailable,True,passed,1.05e-05,1.05e-05,False
87,fixed_lr_12e-6,1.2e-05,0.36875982293489207,-0.0033550883462353798,0.3674713326843336,-0.0012884902505584939,flat,0,keep,metric trend is flat or unavailable,True,passed,1.2e-05,1.2e-05,False
87,fixed_lr_14e-6,1.4e-05,0.367955077533335,-0.0003284048585803778,0.36764870544850126,-0.0003063720848336948,flat,0,keep,metric trend is flat or unavailable,True,passed,1.4e-05,1.4e-05,False
88,fixed_lr_3e-6,3e-06,0.3769523760930385,0.0004832662354393169,0.37737877450138857,0.0004263984083500705,flat,0,keep,metric trend is flat or unavailable,True,passed,3e-06,3e-06,False
88,fixed_lr_4p5e-6,4.5e-06,0.3684065158673663,0.0008264331477537135,0.36880404785219234,0.00039753198482600505,flat,0,keep,metric trend is flat or unavailable,True,passed,4.5e-06,4.5e-06,False
88,fixed_lr_6e-6,6e-06,0.365751610709433,0.0005401845200679878,0.3661671177926493,0.0004155070832163599,flat,0,keep,metric trend is flat or unavailable,True,passed,6e-06,6e-06,False
88,fixed_lr_7p5e-6,7.5e-06,0.3668491912204578,4.621121776238191e-06,0.3672732641508452,0.0004240729303874313,flat,0,keep,metric trend is flat or unavailable,True,passed,7.5e-06,7.5e-06,False
88,fixed_lr_9e-6,9e-06,0.36596922611725075,-0.001114838509649052,0.36588985629412707,-7.936982312367613e-05,flat,0,keep,metric trend is flat or unavailable,True,passed,9e-06,9e-06,False
88,fixed_lr_10p5e-6,1.05e-05,0.3647405540386625,0.0024320849352860163,0.365632270350996,0.0008917163123335348,flat,0,keep,metric trend is flat or unavailable,True,passed,1.05e-05,1.05e-05,False
88,fixed_lr_12e-6,1.2e-05,0.368110196433077,0.0006496265018150482,0.3677907645587053,-0.0003194318743717228,flat,0,keep,metric trend is flat or unavailable,True,passed,1.2e-05,1.2e-05,False
88,fixed_lr_14e-6,1.4e-05,0.36585193018783996,0.002103147345495049,0.3667503178181706,0.000898387630330677,flat,0,keep,metric trend is flat or unavailable,True,passed,1.4e-05,1.4e-05,False
89,fixed_lr_3e-6,3e-06,0.37734688800609306,-0.0003945119130545627,0.3773628312537408,1.59432476477539e-05,flat,0,keep,metric trend is flat or unavailable,True,passed,3e-06,3e-06,False
89,fixed_lr_4p5e-6,4.5e-06,0.3700908402865101,-0.0016843244191438456,0.36944744406935126,-0.0006433962171589203,flat,0,keep,metric trend is flat or unavailable,True,passed,4.5e-06,4.5e-06,False
89,fixed_lr_6e-6,6e-06,0.36510881937833956,0.0006427913310934619,0.36563796858549447,0.0005291492071548554,flat,0,keep,metric trend is flat or unavailable,True,passed,6e-06,6e-06,False
89,fixed_lr_7p5e-6,7.5e-06,0.36684884791848643,3.433019713505736e-07,0.3670610560346658,0.00021220811617939095,flat,0,keep,metric trend is flat or unavailable,True,passed,7.5e-06,7.5e-06,False
89,fixed_lr_9e-6,9e-06,0.36490518532568567,0.0010640407915650796,0.3653975208099064,0.000492335484220674,flat,0,keep,metric trend is flat or unavailable,True,passed,9e-06,9e-06,False
89,fixed_lr_10p5e-6,1.05e-05,0.3668298997054937,-0.002089345666831166,0.36623108502824486,-0.0005988146772488712,flat,0,keep,metric trend is flat or unavailable,True,passed,1.05e-05,1.05e-05,False
89,fixed_lr_12e-6,1.2e-05,0.3674945676899984,0.0006156287430786334,0.3676426661243518,0.00014809843435348302,flat,0,keep,metric trend is flat or unavailable,True,passed,1.2e-05,1.2e-05,False
89,fixed_lr_14e-6,1.4e-05,0.36702463541082336,-0.0011727052229834056,0.36688747661449694,-0.0001371587963263643,flat,0,keep,metric trend is flat or unavailable,True,passed,1.4e-05,1.4e-05,False
90,fixed_lr_3e-6,3e-06,0.3768731276275307,0.0004737603785623379,0.37711797944063574,0.00024485181310507365,flat,0,keep,metric trend is flat or unavailable,True,passed,3e-06,3e-06,False
90,fixed_lr_4p5e-6,4.5e-06,0.369744156903415,0.0003466833830951255,0.36959580048638313,-0.00014835641703186964,flat,0,keep,metric trend is flat or unavailable,True,passed,4.5e-06,4.5e-06,False
90,fixed_lr_6e-6,6e-06,0.3676816335666166,-0.0025728141882770394,0.36665980107605556,-0.001021832490561092,flat,0,keep,metric trend is flat or unavailable,True,passed,6e-06,6e-06,False
90,fixed_lr_7p5e-6,7.5e-06,0.36635960461162376,0.0004892433068626745,0.3667103303231448,0.00035072571152100496,flat,0,keep,metric trend is flat or unavailable,True,passed,7.5e-06,7.5e-06,False
90,fixed_lr_9e-6,9e-06,0.36460840467896666,0.00029678064671900817,0.36500296274443655,0.00039455806546984107,flat,0,keep,metric trend is flat or unavailable,True,passed,9e-06,9e-06,False
90,fixed_lr_10p5e-6,1.05e-05,0.3668298997054937,0.0,0.3665304923668693,-0.0002994073386244356,flat,0,keep,metric trend is flat or unavailable,True,passed,1.05e-05,1.05e-05,False
90,fixed_lr_12e-6,1.2e-05,0.36764388036464424,-0.00014931267464585174,0.367643273244498,-6.071201462121145e-07,flat,0,keep,metric trend is flat or unavailable,True,passed,1.2e-05,1.2e-05,False
90,fixed_lr_14e-6,1.4e-05,0.3666489984655035,0.00037563694531989045,0.3667682375400002,0.00011923907449673532,flat,0,keep,metric trend is flat or unavailable,True,passed,1.4e-05,1.4e-05,False
91,fixed_lr_3e-6,3e-06,0.37703150691285603,-0.0001583792853253052,0.3770747431767459,4.323626388985646e-05,flat,0,keep,metric trend is flat or unavailable,True,passed,3e-06,3e-06,False
91,fixed_lr_4p5e-6,4.5e-06,0.3689587190100286,0.0007854378933864203,0.36927725974820585,0.00031854073817727535,flat,0,keep,metric trend is flat or unavailable,True,passed,4.5e-06,4.5e-06,False
91,fixed_lr_6e-6,6e-06,0.36781348176876844,-0.0001318482021518408,0.36723664142241197,-0.0005768403463564109,flat,0,keep,metric trend is flat or unavailable,True,passed,6e-06,6e-06,False
91,fixed_lr_7p5e-6,7.5e-06,0.3659880855130006,0.000371519098623152,0.3663492079180727,0.000361122405072134,flat,0,keep,metric trend is flat or unavailable,True,passed,7.5e-06,7.5e-06,False
91,fixed_lr_9e-6,9e-06,0.36584833023326846,-0.0012399255543018017,0.3654256464888525,-0.0004226837444159526,flat,0,keep,metric trend is flat or unavailable,True,passed,9e-06,9e-06,False
91,fixed_lr_10p5e-6,1.05e-05,0.3675901191951947,-0.0007602194897010084,0.367060305781032,-0.0005298134141626942,flat,0,keep,metric trend is flat or unavailable,True,passed,1.05e-05,1.05e-05,False
91,fixed_lr_12e-6,1.2e-05,0.36818351362533086,-0.0005396332606866228,0.36791339343491447,-0.0002701201904164452,flat,0,keep,metric trend is flat or unavailable,True,passed,1.2e-05,1.2e-05,False
91,fixed_lr_14e-6,1.4e-05,0.3672009392349827,-0.0005519407694792311,0.3669845883874915,-0.00021635084749127564,flat,0,keep,metric trend is flat or unavailable,True,passed,1.4e-05,1.4e-05,False
92,fixed_lr_3e-6,3e-06,0.37606344527984364,0.0009680616330123848,0.37656909422829477,0.0005056489484511206,flat,0,keep,metric trend is flat or unavailable,True,passed,3e-06,3e-06,False
92,fixed_lr_4p5e-6,4.5e-06,0.36932797122351335,-0.000369252213484772,0.36930261548585963,-2.5355737653776078e-05,flat,0,keep,metric trend is flat or unavailable,True,passed,4.5e-06,4.5e-06,False
92,fixed_lr_6e-6,6e-06,0.3678403917835971,-2.6910014828684936e-05,0.3675385166030045,-0.0003018751805925479,flat,0,keep,metric trend is flat or unavailable,True,passed,6e-06,6e-06,False
92,fixed_lr_7p5e-6,7.5e-06,0.366714094036006,-0.000726008523005417,0.3665316509770393,-0.00018244305896664148,flat,0,keep,metric trend is flat or unavailable,True,passed,7.5e-06,7.5e-06,False
92,fixed_lr_9e-6,9e-06,0.3652892864130494,0.0005590438202190406,0.36535746645095096,6.818003790154403e-05,flat,0,keep,metric trend is flat or unavailable,True,passed,9e-06,9e-06,False
92,fixed_lr_10p5e-6,1.05e-05,0.36685593172199626,0.0007341874731984221,0.36695811875151413,0.00010218702951786396,flat,0,keep,metric trend is flat or unavailable,True,passed,1.05e-05,1.05e-05,False
92,fixed_lr_12e-6,1.2e-05,0.36826974863192874,-8.623500659787897e-05,0.3680915710334216,-0.00017817759850713433,flat,0,keep,metric trend is flat or unavailable,True,passed,1.2e-05,1.2e-05,False
92,fixed_lr_14e-6,1.4e-05,0.36670078680975615,0.0005001524252265521,0.3668426875986238,0.000141900788867666,flat,0,keep,metric trend is flat or unavailable,True,passed,1.4e-05,1.4e-05,False
93,fixed_lr_3e-6,3e-06,0.3757377636818611,0.00032568159798251894,0.376153428955078,0.00041566527321679203,flat,0,keep,metric trend is flat or unavailable,True,passed,3e-06,3e-06,False
93,fixed_lr_4p5e-6,4.5e-06,0.3673493432383913,0.00197862798512205,0.36832597936212547,0.0009766361237341648,flat,0,keep,metric trend is flat or unavailable,True,passed,4.5e-06,4.5e-06,False
93,fixed_lr_6e-6,6e-06,0.36818863316242373,-0.0003482413788266081,0.36786357488271415,-0.0003250582797096335,flat,0,keep,metric trend is flat or unavailable,True,passed,6e-06,6e-06,False
93,fixed_lr_7p5e-6,7.5e-06,0.36544853189140186,0.0012655621446041598,0.36599009143422057,0.0005415595428187592,flat,0,keep,metric trend is flat or unavailable,True,passed,7.5e-06,7.5e-06,False
93,fixed_lr_9e-6,9e-06,0.3652703653039686,1.892110908080502e-05,0.36531391587745976,4.355057349120228e-05,flat,0,keep,metric trend is flat or unavailable,True,passed,9e-06,9e-06,False
93,fixed_lr_10p5e-6,1.05e-05,0.3687466693098022,-0.0018907375878059463,0.36785239403065817,-0.0008942752791440411,flat,0,keep,metric trend is flat or unavailable,True,passed,1.05e-05,1.05e-05,False
93,fixed_lr_12e-6,1.2e-05,0.3680399676732862,0.00022978095864256698,0.3680657693533539,2.5801680067716326e-05,flat,0,keep,metric trend is flat or unavailable,True,passed,1.2e-05,1.2e-05,False
93,fixed_lr_14e-6,1.4e-05,0.36577713798641714,0.0009236488233390072,0.36630991279252045,0.0005327748061033644,flat,0,keep,metric trend is flat or unavailable,True,passed,1.4e-05,1.4e-05,False
94,fixed_lr_3e-6,3e-06,0.3751147498031121,0.0006230138787490236,0.37563408937909504,0.0005193395759829356,flat,0,keep,metric trend is flat or unavailable,True,passed,3e-06,3e-06,False
94,fixed_lr_4p5e-6,4.5e-06,0.36716411677544747,0.00018522646294383271,0.3677450480687865,0.000580931293338971,flat,0,keep,metric trend is flat or unavailable,True,passed,4.5e-06,4.5e-06,False
94,fixed_lr_6e-6,6e-06,0.3680163126781797,0.00017232048424403734,0.3679399437804469,-7.636889773277034e-05,flat,0,keep,metric trend is flat or unavailable,True,passed,6e-06,6e-06,False
94,fixed_lr_7p5e-6,7.5e-06,0.36624548039610405,-0.0007969485047021885,0.3661177859151623,-0.0001276944809417424,flat,0,keep,metric trend is flat or unavailable,True,passed,7.5e-06,7.5e-06,False
94,fixed_lr_9e-6,9e-06,0.36464504670253606,0.0006253186014325562,0.3649794812899979,0.0003344345874618515,flat,0,keep,metric trend is flat or unavailable,True,passed,9e-06,9e-06,False
94,fixed_lr_10p5e-6,1.05e-05,0.36941958415765613,-0.0006729148478539226,0.3686359890941572,-0.0007835950634990096,flat,0,keep,metric trend is flat or unavailable,True,passed,1.05e-05,1.05e-05,False
94,fixed_lr_12e-6,1.2e-05,0.3669616412870165,0.0010783263862696457,0.36751370532018524,0.0005520640331686533,flat,0,keep,metric trend is flat or unavailable,True,passed,1.2e-05,1.2e-05,False
94,fixed_lr_14e-6,1.4e-05,0.36559965119678206,0.00017748678963508402,0.36595478199465126,0.00035513079786919644,flat,0,keep,metric trend is flat or unavailable,True,passed,1.4e-05,1.4e-05,False
95,fixed_lr_3e-6,3e-06,0.376554927054307,-0.0014401772511948852,0.376094508216701,-0.00046041883760594704,flat,0,keep,metric trend is flat or unavailable,True,passed,3e-06,3e-06,False
95,fixed_lr_4p5e-6,4.5e-06,0.3671007036045038,6.341317094366028e-05,0.3674228758366451,0.00032217223214137114,flat,0,keep,metric trend is flat or unavailable,True,passed,4.5e-06,4.5e-06,False
95,fixed_lr_6e-6,6e-06,0.3680218646297957,-5.55195161600075e-06,0.3679809042051213,-4.096042467438554e-05,flat,0,keep,metric trend is flat or unavailable,True,passed,6e-06,6e-06,False
95,fixed_lr_7p5e-6,7.5e-06,0.36644755554161673,-0.00020207514551268124,0.3662826707283895,-0.00016488481322718407,flat,0,keep,metric trend is flat or unavailable,True,passed,7.5e-06,7.5e-06,False
95,fixed_lr_9e-6,9e-06,0.36416851837838665,0.0004765283241494056,0.36457399983419225,0.0004054814558056563,flat,0,keep,metric trend is flat or unavailable,True,passed,9e-06,9e-06,False
95,fixed_lr_10p5e-6,1.05e-05,0.3687213991053572,0.0006981850522989608,0.3686786940997572,-4.270500559999668e-05,flat,0,keep,metric trend is flat or unavailable,True,passed,1.05e-05,1.05e-05,False
95,fixed_lr_12e-6,1.2e-05,0.36760507511899837,-0.0006434338319818433,0.36755939021959183,-4.5684899406595036e-05,flat,0,keep,metric trend is flat or unavailable,True,passed,1.2e-05,1.2e-05,False
95,fixed_lr_14e-6,1.4e-05,0.36634865993321475,-0.0007490087364326881,0.366151720963933,-0.0001969389692817458,flat,0,keep,metric trend is flat or unavailable,True,passed,1.4e-05,1.4e-05,False
