generation,training_chunk,samples_seen,epoch_fraction,trial,LR,optimization_metric_name,optimization_metric_value,optimization_metric_mode,controller_objective_mistag_percent,validation_working_point_mistag_percent,ctag_score,btag_score,total_mistag_score,group_score_warning,btag_c_mistag_percent_at_0p80,btag_d_mistag_percent_at_0p80,btag_c_mistag_percent_at_0p90,btag_d_mistag_percent_at_0p90,ctag_b_mistag_percent_at_0p50,ctag_d_mistag_percent_at_0p50,ctag_b_mistag_percent_at_0p80,ctag_d_mistag_percent_at_0p80,btag_c_mistag_percent_at_0p80_err_low,btag_c_mistag_percent_at_0p80_err_high,btag_c_mistag_percent_at_0p80_passed,btag_c_mistag_percent_at_0p80_total,btag_d_mistag_percent_at_0p80_err_low,btag_d_mistag_percent_at_0p80_err_high,btag_d_mistag_percent_at_0p80_passed,btag_d_mistag_percent_at_0p80_total,btag_c_mistag_percent_at_0p90_err_low,btag_c_mistag_percent_at_0p90_err_high,btag_c_mistag_percent_at_0p90_passed,btag_c_mistag_percent_at_0p90_total,btag_d_mistag_percent_at_0p90_err_low,btag_d_mistag_percent_at_0p90_err_high,btag_d_mistag_percent_at_0p90_passed,btag_d_mistag_percent_at_0p90_total,ctag_b_mistag_percent_at_0p50_err_low,ctag_b_mistag_percent_at_0p50_err_high,ctag_b_mistag_percent_at_0p50_passed,ctag_b_mistag_percent_at_0p50_total,ctag_d_mistag_percent_at_0p50_err_low,ctag_d_mistag_percent_at_0p50_err_high,ctag_d_mistag_percent_at_0p50_passed,ctag_d_mistag_percent_at_0p50_total,ctag_b_mistag_percent_at_0p80_err_low,ctag_b_mistag_percent_at_0p80_err_high,ctag_b_mistag_percent_at_0p80_passed,ctag_b_mistag_percent_at_0p80_total,ctag_d_mistag_percent_at_0p80_err_low,ctag_d_mistag_percent_at_0p80_err_high,ctag_d_mistag_percent_at_0p80_passed,ctag_d_mistag_percent_at_0p80_total,validation_accuracy,validation_auc,validation_loss,best_so_far,training_loss,validation_shutdown_warning,validation_dataset,validation_suffix,validation_sample_count,evaluation_type
0,0,0,,lr_11_25e-6,1.125e-05,validation_total_reference_mistag_geomean_percent,0.4056103289418057,min,0.981499985198518,0.981499985198518,0.5556660592682817,0.2960766384776578,0.4056103289418057,,0.18399999640625006,0.07000000085449219,3.0439998388263025,0.1960000040673829,0.5,0.064,2.6840000143341065,1.11000002709961,0.018195055988739096,0.02018765613673616,92,50000,0.010871397397403768,0.01286855745420266,35,50000,0.0758947789380661,0.07777298137401772,1522,50000,0.018808383644857783,0.020800503802454642,98,50000,0.030568856298993086,0.03254881669978501,250,50000,0.0103552826863133,0.012352682738312273,32,50000,0.07133588130421552,0.07322848345217327,1342,50000,0.04588659993469378,0.04784216082347609,555,50000,0.8898466666666667,0.9722661659333333,0.2903528645833333,0.4056103289418057,0.30021008090616746,False,/data/suehara/part/march/datasets/20250711_ilc_nnqq_sgv_10m_3cat_parquet,val50k_tail,,proxy
0,0,0,,lr_14e-6,1.4e-05,validation_total_reference_mistag_geomean_percent,0.40053275216222844,min,0.9714999968333065,0.9714999968333065,0.5523681485533428,0.29043399040079976,0.40053275216222844,,0.17599999828125001,0.07000000085449219,3.0079998678125057,0.1920000075000003,0.49600000847656267,0.064,2.6660000581723033,1.100000033569337,0.017774964627493357,0.019767884769090572,88,50000,0.010871397397403768,0.01286855745420266,35,50000,0.07545262139027134,0.07733226379742358,1504,50000,0.018606088111257617,0.020598368265654594,96,50000,0.030443045883779725,0.03242316628137183,248,50000,0.0103552826863133,0.012352682738312273,32,50000,0.07109944397904328,0.07299276611260133,1333,50000,0.045677275754512324,0.047633236635294916,550,50000,0.89006,0.9723770222999999,0.2897983463541667,0.40053275216222844,0.29958768476768405,False,/data/suehara/part/march/datasets/20250711_ilc_nnqq_sgv_10m_3cat_parquet,val50k_tail,,proxy
0,0,0,,lr_3e-6,3e-06,validation_total_reference_mistag_geomean_percent,0.42714723417271805,min,1.026999998755408,1.026999998755408,0.5841546718522205,0.3123398107608737,0.42714723417271805,,0.186000003178711,0.07600000259765634,3.2060000964940674,0.20999999359130878,0.5379999840740971,0.06799999900390627,2.791999925019533,1.1399999860839845,0.018298640498242997,0.020291160647840055,93,50000,0.011365939057076106,0.013362859118674898,38,50000,0.07784981628743762,0.07972153885298719,1603,50000,0.019500590223149507,0.021492150391946158,105,50000,0.03173948695166986,0.03371792738286125,269,50000,0.010701894656100771,0.01269913471129969,34,50000,0.07273677610516623,0.07462505833952214,1396,50000,0.04650879434023661,0.048463155253018406,570,50000,0.8887733333333333,0.9715178964,0.29435072916666666,0.40053275216222844,0.30468514803389385,False,/data/suehara/part/march/datasets/20250711_ilc_nnqq_sgv_10m_3cat_parquet,val50k_tail,,proxy
0,0,0,,lr_5_75e-6,5.75e-06,validation_total_reference_mistag_geomean_percent,0.41320674756589015,min,1.0072499901874548,1.0072499901874548,0.566416596821658,0.3014385828241195,0.41320674756589015,,0.18199999600097666,0.07000000085449219,3.1459999402348338,0.20600000150878908,0.5220000113104251,0.064,2.7459999298164384,1.1220000417736833,0.018090905588142768,0.020083585734539902,91,50000,0.010871397397403768,0.01286855745420266,35,50000,0.0771322021242405,0.07900632464179075,1573,50000,0.019305243198633602,0.02129696336423035,103,50000,0.031251873209490244,0.03323095362788185,261,50000,0.0103552826863133,0.012352682738312273,32,50000,0.07214376156805119,0.07403388376560766,1373,50000,0.046136507665685625,0.04809158856406773,561,50000,0.8894466666666667,0.9719082595333332,0.2921647265625,0.40053275216222844,0.30231294858949054,False,/data/suehara/part/march/datasets/20250711_ilc_nnqq_sgv_10m_3cat_parquet,val50k_tail,,proxy
0,0,0,,lr_8_5e-6,8.5e-06,validation_total_reference_mistag_geomean_percent,0.40666422027745114,min,0.9917499918335733,0.9917499918335733,0.5552410539922645,0.2978450294062212,0.40666422027745114,,0.18000000439453137,0.07000000085449219,3.0920000467083746,0.2020000022192383,0.5080000158129888,0.062000001059570334,2.703999876220709,1.115999987398682,0.017986179985518026,0.019978940130315186,90,50000,0.010871397397403768,0.01286855745420266,35,50000,0.07647988622131487,0.07835616869566568,1546,50000,0.019107983742976033,0.02109986390537279,101,50000,0.03081895606436777,0.03279859647155967,254,50000,0.010177937621807402,0.012175417672206403,31,50000,0.0715975836400002,0.07348938580395738,1352,50000,0.04601172728080586,0.047967048174388065,558,50000,0.8896866666666666,0.9721211618333333,0.291069453125,0.40053275216222844,0.30104801299796574,False,/data/suehara/part/march/datasets/20250711_ilc_nnqq_sgv_10m_3cat_parquet,val50k_tail,,proxy
1,1,0,,lr_11_25e-6,1.125e-05,validation_total_reference_mistag_geomean_percent,0.3907633397531811,min,0.9567499870860486,0.9567499870860486,0.5400840029161262,0.28272636639966053,0.3907633397531811,,0.17000000103759766,0.06600000112792971,2.965999913331759,0.1920000075000003,0.48399999527343757,0.062000001059570334,2.6399999919433594,1.0739999854147342,0.017453579376129062,0.019446739512926376,85,50000,0.010529894247015226,0.01252721430061417,33,50000,0.07493309319926318,0.07681441557281614,1483,50000,0.018606088111257617,0.020598368265654594,96,50000,0.030062498529499684,0.03204309891749199,242,50000,0.010177937621807402,0.012175417672206403,31,50000,0.07075639167085507,0.0726507537836131,1320,50000,0.0451283910866988,0.047085391946681716,537,50000,0.89074,0.9726799288333333,0.28830046875,0.3907633397531811,0.2959629621592548,False,/data/suehara/part/march/datasets/20250711_ilc_nnqq_sgv_10m_3cat_parquet,val50k_tail,,proxy
1,1,0,,lr_14e-6,1.4e-05,validation_total_reference_mistag_geomean_percent,0.386860022271133,min,0.951500021807443,0.951500021807443,0.5387953148584725,0.2777690761303918,0.386860022271133,,0.1639999983984375,0.064,2.9540001559576496,0.1920000075000003,0.48200001765136785,0.062000001059570334,2.6160000279418947,1.0779999659506236,0.01712646030715213,0.019119860439149504,82,50000,0.0103552826863133,0.012352682738312273,32,50000,0.07478391844655714,0.0766657208105103,1477,50000,0.018606088111257617,0.020598368265654594,96,50000,0.029998611176793727,0.031979291563185956,241,50000,0.010177937621807402,0.012175417672206403,31,50000,0.07043810112523918,0.07233342321879763,1308,50000,0.04521327765613474,0.047170118519317475,539,50000,0.89084,0.9727892493,0.28777466145833336,0.386860022271133,0.29543557165209194,False,/data/suehara/part/march/datasets/20250711_ilc_nnqq_sgv_10m_3cat_parquet,val50k_tail,,proxy
1,1,0,,lr_3e-6,3e-06,validation_total_reference_mistag_geomean_percent,0.4104471693326184,min,1.0040000256581982,1.0040000256581982,0.5643996671137852,0.29848862185667363,0.4104471693326184,,0.18000000439453137,0.07000000085449219,3.1500000931263,0.2,0.518000018495484,0.064,2.7280000466210947,1.1220000417736833,0.017986179985518026,0.019978940130315186,90,50000,0.010871397397403768,0.01286855745420266,35,50000,0.07718027615002537,0.07905423867077682,1575,50000,0.01900861920277211,0.02100057936356898,100,50000,0.031128789714084983,0.03310803012927677,259,50000,0.0103552826863133,0.012352682738312273,32,50000,0.071910244439366,0.07380108662252277,1364,50000,0.046136507665685625,0.04809158856406773,561,50000,0.8896333333333334,0.9719980554666666,0.29167483072916667,0.386860022271133,0.29934857487820377,False,/data/suehara/part/march/datasets/20250711_ilc_nnqq_sgv_10m_3cat_parquet,val50k_tail,,proxy
1,1,0,,lr_5_75e-6,5.75e-06,validation_total_reference_mistag_geomean_percent,0.40084792301144734,min,0.9762499920361145,0.9762499920361145,0.5533873197768371,0.29035550985770286,0.40084792301144734,,0.17599999828125001,0.06799999900390627,3.0300000566368115,0.1960000040673829,0.49600000847656267,0.064,2.6759998913855023,1.1039999784375005,0.017774964627493357,0.019767884769090572,88,50000,0.010701894656100771,0.01269913471129969,34,50000,0.07572317100037439,0.07760193342512649,1515,50000,0.018808383644857783,0.020800503802454642,98,50000,0.030443045883779725,0.03242316628137183,248,50000,0.0103552826863133,0.012352682738312273,32,50000,0.07123090446047621,0.07312382660203363,1338,50000,0.045761122843420744,0.04771692372740315,552,50000,0.89006,0.9723438812000001,0.28995872395833333,0.386860022271133,0.2975997714443697,False,/data/suehara/part/march/datasets/20250711_ilc_nnqq_sgv_10m_3cat_parquet,val50k_tail,,proxy
1,1,0,,lr_8_5e-6,8.5e-06,validation_total_reference_mistag_geomean_percent,0.40028764026032354,min,0.9715000100048258,0.9715000100048258,0.5511990884187725,0.29069386780887346,0.40028764026032354,,0.17399999915039063,0.07000000085449219,3.0220000645568863,0.19399999597412118,0.49600000847656267,0.064,2.6579999924967956,1.0940000185293581,0.01766845491625471,0.01966145505625193,87,50000,0.010871397397403768,0.01286855745420266,35,50000,0.0756249142059958,0.07750399662434758,1511,50000,0.018707497323864092,0.02069969747986102,97,50000,0.030443045883779725,0.03242316628137183,248,50000,0.0103552826863133,0.012352682738312273,32,50000,0.07099408314384589,0.07288772527100362,1329,50000,0.045551209465195634,0.04750741034117833,547,50000,0.8903133333333333,0.9725399742333334,0.28899501302083336,0.386860022271133,0.2966406064507849,False,/data/suehara/part/march/datasets/20250711_ilc_nnqq_sgv_10m_3cat_parquet,val50k_tail,,proxy
2,2,0,,lr_11_25e-6,1.125e-05,validation_total_reference_mistag_geomean_percent,0.385323096336799,min,0.9384999921146592,0.9384999921146592,0.535438497636712,0.2772940108451366,0.385323096336799,,0.16,0.06600000112792971,2.8859998993757663,0.19399999597412118,0.4780000087524416,0.062000001059570334,2.5920000632812514,1.0699999673461924,0.016905040537556128,0.0188986006663536,80,50000,0.010529894247015226,0.01252721430061417,33,50000,0.07393227276647207,0.07581679507602662,1443,50000,0.018707497323864092,0.02069969747986102,97,50000,0.02987043242024985,0.031851272803442264,239,50000,0.010177937621807402,0.012175417672206403,31,50000,0.07011822724509453,0.07201450931945338,1296,50000,0.045043341287912854,0.047000502144695956,535,50000,0.8909066666666666,0.9729179145333333,0.287163046875,0.385323096336799,0.2941577804800332,False,/data/suehara/part/march/datasets/20250711_ilc_nnqq_sgv_10m_3cat_parquet,val50k_tail,,proxy
2,2,0,,lr_14e-6,1.4e-05,validation_total_reference_mistag_geomean_percent,0.38392432857002357,min,0.9307499912046825,0.9307499912046825,0.534007562033273,0.27602210258355725,0.38392432857002357,,0.15800000385742197,0.06600000112792971,2.8399998569946363,0.1960000040673829,0.4760000078442384,0.062000001059570334,2.5800000393676763,1.0680000153186038,0.01679329124440016,0.018786931371597638,79,50000,0.010529894247015226,0.01252721430061417,33,50000,0.07334993576622283,0.07523629803897793,1420,50000,0.018808383644857783,0.020800503802454642,98,50000,0.02980613933575762,0.03178705971734995,238,50000,0.010177937621807402,0.012175417672206403,31,50000,0.06995768987239775,0.07185445193715681,1290,50000,0.04500075489478703,0.046957995749970054,534,50000,0.8911133333333333,0.9730304018333333,0.28662266927083335,0.38392432857002357,0.29360538717540074,False,/data/suehara/part/march/datasets/20250711_ilc_nnqq_sgv_10m_3cat_parquet,val50k_tail,,proxy
2,2,0,,lr_3e-6,3e-06,validation_total_reference_mistag_geomean_percent,0.40386904624286374,min,0.9817499844492918,0.9817499844492918,0.5568249872893637,0.292929035579284,0.40386904624286374,,0.1780000073876956,0.07000000085449219,3.0460000102252196,0.19399999597412118,0.5020000030639649,0.064,2.685999887495885,1.1139999705929573,0.01788086961137308,0.019873709754570246,89,50000,0.010871397397403768,0.01286855745420266,35,50000,0.07591925901775758,0.07779738145530964,1523,50000,0.018707497323864092,0.02069969747986102,97,50000,0.030631570243485826,0.03261145064587783,251,50000,0.0103552826863133,0.012352682738312273,32,50000,0.07136209900862438,0.07325462115818186,1343,50000,0.04597005685339165,0.047925457745373774,557,50000,0.8899066666666666,0.9722501654666665,0.29040875,0.38392432857002357,0.2974825439412859,False,/data/suehara/part/march/datasets/20250711_ilc_nnqq_sgv_10m_3cat_parquet,val50k_tail,,proxy
2,2,0,,lr_5_75e-6,5.75e-06,validation_total_reference_mistag_geomean_percent,0.3948634881586438,min,0.9650000255097206,0.9650000255097206,0.5442256206447548,0.286493631255532,0.3948634881586438,,0.17200000713867217,0.06799999900390627,3.0000001144409225,0.1920000075000003,0.4939999911053468,0.062000001059570334,2.6520000574621596,1.080000026367188,0.01756133006938351,0.019554410207780776,86,50000,0.010701894656100771,0.01269913471129969,34,50000,0.0753539711614265,0.07723393356217911,1500,50000,0.018606088111257617,0.020598368265654594,96,50000,0.030379947879903297,0.032360148275895326,247,50000,0.010177937621807402,0.012175417672206403,31,50000,0.07091494976198438,0.07280883188434221,1326,50000,0.04525566001061052,0.04721242087539334,540,50000,0.8903866666666667,0.9725787213333333,0.28879842447916665,0.38392432857002357,0.29584353475997155,False,/data/suehara/part/march/datasets/20250711_ilc_nnqq_sgv_10m_3cat_parquet,val50k_tail,,proxy
2,2,0,,lr_8_5e-6,8.5e-06,validation_total_reference_mistag_geomean_percent,0.3871629231342908,min,0.9477500027710726,0.9477500027710726,0.537985706092329,0.27862288412577974,0.3871629231342908,,0.16599999189453166,0.064,2.9240000254315186,0.19399999597412118,0.4800000117187503,0.062000001059570334,2.6160000279418947,1.0759999681481942,0.01723615601969021,0.01922947615328758,83,50000,0.0103552826863133,0.012352682738312273,32,50000,0.07440952647155066,0.07629252881150433,1462,50000,0.018707497323864092,0.02069969747986102,97,50000,0.029934589419030114,0.031915349803822435,240,50000,0.010177937621807402,0.012175417672206403,31,50000,0.07043810112523918,0.07233342321879763,1308,50000,0.04517085471880244,0.04712777558038544,538,50000,0.8908466666666667,0.9727741971666667,0.28784885416666667,0.38392432857002357,0.2948637190075515,False,/data/suehara/part/march/datasets/20250711_ilc_nnqq_sgv_10m_3cat_parquet,val50k_tail,,proxy
3,3,0,,lr_11_25e-6,1.125e-05,validation_total_reference_mistag_geomean_percent,0.3773425687185667,min,0.9255000081571588,0.9255000081571588,0.5240143162219606,0.2717242826373739,0.3773425687185667,,0.15400000056396485,0.064,2.8220001123873946,0.1960000040673829,0.4740000115722659,0.057999999716796875,2.5679999216308618,1.0680000153186038,0.016567647735853033,0.018561447859850606,77,50000,0.0103552826863133,0.012352682738312273,32,50000,0.07312066680913686,0.07500774906749226,1411,50000,0.018808383644857783,0.020800503802454642,98,50000,0.029741709311993398,0.03172270969198582,237,50000,0.009814507069923326,0.0118121471171224,29,50000,0.06979674858559846,0.07169399064075772,1284,50000,0.04500075489478703,0.046957995749970054,534,50000,0.8911533333333334,0.9730771636666667,0.2864210546875,0.3773425687185667,0.2929826640549668,False,/data/suehara/part/march/datasets/20250711_ilc_nnqq_sgv_10m_3cat_parquet,val50k_tail,,proxy
3,3,0,,lr_14e-6,1.4e-05,validation_total_reference_mistag_geomean_percent,0.37306026456884217,min,0.9162499871800235,0.9162499871800235,0.517865711033257,0.26874527128373027,0.37306026456884217,,0.15200000519531268,0.064,2.7639999299890152,0.19399999597412118,0.4679999934301759,0.05600000164062505,2.56,1.0719999712109383,0.016453725795685745,0.018447605918083324,76,50000,0.0103552826863133,0.012352682738312273,32,50000,0.07237644890006091,0.07426585111201707,1382,50000,0.018707497323864092,0.02069969747986102,97,50000,0.029547588933737535,0.031528829308930056,234,50000,0.009628122740163846,0.011625842785762949,28,50000,0.06968922863662165,0.07158679068538128,1280,50000,0.045085886647388586,0.04704296750577142,536,50000,0.89134,0.9731898208333333,0.2858844401041667,0.37306026456884217,0.29241552990777053,False,/data/suehara/part/march/datasets/20250711_ilc_nnqq_sgv_10m_3cat_parquet,val50k_tail,,proxy
3,3,0,,lr_3e-6,3e-06,validation_total_reference_mistag_geomean_percent,0.39673734370299574,min,0.9670000173714453,0.9670000173714453,0.5469480053998903,0.2877796761932218,0.39673734370299574,,0.17399999915039063,0.06799999900390627,2.988000081156008,0.19399999597412118,0.4980000135260013,0.062000001059570334,2.664000065039064,1.0879999840625003,0.01766845491625471,0.01966145505625193,87,50000,0.010701894656100771,0.01269913471129969,34,50000,0.07520572544292246,0.07708616783407528,1494,50000,0.018707497323864092,0.02069969747986102,97,50000,0.030506015100003475,0.03248605549919549,249,50000,0.010177937621807402,0.012175417672206403,31,50000,0.07107311984285922,0.07296652197481684,1332,50000,0.04542478582024428,0.047381226691427074,544,50000,0.8901333333333333,0.9724079320333333,0.2896450390625,0.37306026456884217,0.2963068838861304,False,/data/suehara/part/march/datasets/20250711_ilc_nnqq_sgv_10m_3cat_parquet,val50k_tail,,proxy
3,3,0,,lr_5_75e-6,5.75e-06,validation_total_reference_mistag_geomean_percent,0.3876913085894898,min,0.9525000014301698,0.9525000014301698,0.5401171665722015,0.2782813805192001,0.3876913085894898,,0.16599999189453166,0.064,2.939999863174445,0.1920000075000003,0.48200001765136785,0.062000001059570334,2.6320001108447313,1.0820000193167119,0.01723615601969021,0.01922947615328758,83,50000,0.0103552826863133,0.012352682738312273,32,50000,0.0746094619825638,0.07649182433531743,1470,50000,0.018606088111257617,0.020598368265654594,96,50000,0.029998611176793727,0.031979291563185956,241,50000,0.010177937621807402,0.012175417672206403,31,50000,0.07065046944470382,0.07254515155106223,1316,50000,0.04529800189362852,0.04725468276001142,541,50000,0.8907866666666666,0.9727353014666668,0.2880442838541667,0.37306026456884217,0.29468914312084554,False,/data/suehara/part/march/datasets/20250711_ilc_nnqq_sgv_10m_3cat_parquet,val50k_tail,,proxy
3,3,0,,lr_8_5e-6,8.5e-06,validation_total_reference_mistag_geomean_percent,0.38245866362828845,min,0.9339999783169757,0.9339999783169757,0.5339040363238092,0.27397176165122994,0.38245866362828845,,0.15800000385742197,0.064,2.8719998746655326,0.19399999597412118,0.4760000078442384,0.062000001059570334,2.577999927816317,1.0680000153186038,0.01679329124440016,0.018786931371597638,79,50000,0.0103552826863133,0.012352682738312273,32,50000,0.07375557880978205,0.07564066110813637,1436,50000,0.018707497323864092,0.02069969747986102,97,50000,0.02980613933575762,0.03178705971734995,238,50000,0.010177937621807402,0.012175417672206403,31,50000,0.06993089444829736,0.07182773651145669,1289,50000,0.04500075489478703,0.046957995749970054,534,50000,0.89106,0.9729320300666666,0.2870968359375,0.37306026456884217,0.29370081455904906,False,/data/suehara/part/march/datasets/20250711_ilc_nnqq_sgv_10m_3cat_parquet,val50k_tail,,proxy
4,4,0,,lr_11_25e-6,1.125e-05,validation_total_reference_mistag_geomean_percent,0.37697447736059264,min,0.9129999826800164,0.9129999826800164,0.52102440625197,0.27275067132376707,0.37697447736059264,,0.15200000519531268,0.06799999900390627,2.7600000042114257,0.19399999597412118,0.46999999282836924,0.057999999716796875,2.535999881589361,1.0659999829208378,0.016453725795685745,0.018447605918083324,76,50000,0.010701894656100771,0.01269913471129969,34,50000,0.07232481191020226,0.07421437411895826,1380,50000,0.018707497323864092,0.02069969747986102,97,50000,0.029612434987299607,0.031593595364092036,235,50000,0.009814507069923326,0.0118121471171224,29,50000,0.06936557604661046,0.0712640980761705,1268,50000,0.044958127353995556,0.046915448207578495,533,50000,0.8914666666666666,0.9732092643,0.28579115885416667,0.37306026456884217,0.2923716441874386,False,/data/suehara/part/march/datasets/20250711_ilc_nnqq_sgv_10m_3cat_parquet,val50k_tail,,proxy
4,4,0,,lr_14e-6,1.4e-05,validation_total_reference_mistag_geomean_percent,0.37323765785111546,min,0.9102499881687556,0.9102499881687556,0.5137041460409155,0.271180114686267,0.37323765785111546,,0.14599999750488285,0.07000000085449219,2.7560000487817393,0.1920000075000003,0.459999984558106,0.05600000164062505,2.535999881589361,1.0659999829208378,0.0161073831476864,0.01810150326528408,73,50000,0.010871397397403768,0.01286855745420266,35,50000,0.07227313424578302,0.07416285645133955,1378,50000,0.018606088111257617,0.020598368265654594,96,50000,0.029286791223827584,0.03126835159262013,230,50000,0.009628122740163846,0.011625842785762949,28,50000,0.06936557604661046,0.0712640980761705,1268,50000,0.044958127353995556,0.046915448207578495,533,50000,0.8916066666666667,0.9733251105999999,0.2852461848958333,0.37306026456884217,0.2917732936954861,False,/data/suehara/part/march/datasets/20250711_ilc_nnqq_sgv_10m_3cat_parquet,val50k_tail,,proxy
4,4,0,,lr_3e-6,3e-06,validation_total_reference_mistag_geomean_percent,0.3928419018207018,min,0.9632499896109218,0.9632499896109218,0.5450358243717042,0.28314608494589394,0.3928419018207018,,0.17200000713867217,0.06600000112792971,2.9799998385772795,0.18999999768066408,0.49600000847656267,0.062000001059570334,2.6620000968760715,1.0779999659506236,0.01756133006938351,0.019554410207780776,86,50000,0.010529894247015226,0.01252721430061417,33,50000,0.07510671389520662,0.07698747627995911,1490,50000,0.018504147852544686,0.02049650800534169,95,50000,0.030443045883779725,0.03242316628137183,248,50000,0.010177937621807402,0.012175417672206403,31,50000,0.07104678499942618,0.07294026712978408,1331,50000,0.04521327765613474,0.047170118519317475,539,50000,0.8902333333333333,0.9725316254999999,0.2890439322916667,0.37306026456884217,0.2958327627941952,False,/data/suehara/part/march/datasets/20250711_ilc_nnqq_sgv_10m_3cat_parquet,val50k_tail,,proxy
4,4,0,,lr_5_75e-6,5.75e-06,validation_total_reference_mistag_geomean_percent,0.3865859324387492,min,0.940749998052255,0.940749998052255,0.542000753228629,0.2757351945902114,0.3865859324387492,,0.15600000152343751,0.06600000112792971,2.894000114150853,0.19399999597412118,0.48399999527343757,0.064,2.5939998909535262,1.0739999854147342,0.016680831524164903,0.01867455164976243,78,50000,0.010529894247015226,0.01252721430061417,33,50000,0.07403303089882178,0.07591723321477596,1447,50000,0.018707497323864092,0.02069969747986102,97,50000,0.030062498529499684,0.03204309891749199,242,50000,0.0103552826863133,0.012352682738312273,32,50000,0.07014494439639453,0.07204114647235312,1297,50000,0.0451283910866988,0.047085391946681716,537,50000,0.89084,0.9728636163333334,0.28742108072916667,0.37306026456884217,0.2941569951987629,False,/data/suehara/part/march/datasets/20250711_ilc_nnqq_sgv_10m_3cat_parquet,val50k_tail,,proxy
4,4,0,,lr_8_5e-6,8.5e-06,validation_total_reference_mistag_geomean_percent,0.38133668607908694,min,0.9259999801327906,0.9259999801327906,0.5259310229869565,0.2764957034173407,0.38133668607908694,,0.15600000152343751,0.06799999900390627,2.8399998569946363,0.19399999597412118,0.4679999934301759,0.060000001464843786,2.5560000097503663,1.0659999829208378,0.016680831524164903,0.01867455164976243,78,50000,0.010701894656100771,0.01269913471129969,34,50000,0.07334993576622283,0.07523629803897793,1420,50000,0.018707497323864092,0.02069969747986102,97,50000,0.029547588933737535,0.031528829308930056,234,50000,0.009997726831193746,0.011995286879992793,30,50000,0.06963540062588716,0.07153312267144663,1278,50000,0.044958127353995556,0.046915448207578495,533,50000,0.8912066666666667,0.9730651887666667,0.2864590364583333,0.37306026456884217,0.29312547621672547,False,/data/suehara/part/march/datasets/20250711_ilc_nnqq_sgv_10m_3cat_parquet,val50k_tail,,proxy
5,5,0,,lr_11_25e-6,1.125e-05,validation_total_reference_mistag_geomean_percent,0.37562779918874495,min,0.9082500170847708,0.9082500170847708,0.5183833741597761,0.2721851250574472,0.37562779918874495,,0.14599999750488285,0.07000000085449219,2.740000077346804,0.1960000040673829,0.4620000125482181,0.057999999716796875,2.5280000617187515,1.0659999829208378,0.0161073831476864,0.01810150326528408,73,50000,0.010871397397403768,0.01286855745420266,35,50000,0.07206601511678366,0.07395637730954023,1370,50000,0.018808383644857783,0.020800503802454642,98,50000,0.02935220449491096,0.031333684865303586,231,50000,0.009814507069923326,0.0118121471171224,29,50000,0.06925732480776471,0.07115616683092442,1264,50000,0.044958127353995556,0.046915448207578495,533,50000,0.8915866666666666,0.9733104091000001,0.28534115885416667,0.37306026456884217,0.2915058429895952,False,/data/suehara/part/march/datasets/20250711_ilc_nnqq_sgv_10m_3cat_parquet,val50k_tail,,proxy
5,5,0,,lr_14e-6,1.4e-05,validation_total_reference_mistag_geomean_percent,0.37354776227240016,min,0.9057499875264751,0.9057499875264751,0.5168471641947756,0.2699790970433423,0.37354776227240016,,0.14599999750488285,0.07000000085449219,2.7359998714160216,0.18999999768066408,0.459999984558106,0.057999999716796875,2.5280000617187515,1.057999986762085,0.0161073831476864,0.01810150326528408,73,50000,0.010871397397403768,0.01286855745420266,35,50000,0.07201413278253264,0.07390465497208905,1368,50000,0.018504147852544686,0.02049650800534169,95,50000,0.029286791223827584,0.03126835159262013,230,50000,0.009814507069923326,0.0118121471171224,29,50000,0.06925732480776471,0.07115616683092442,1264,50000,0.04478720341511075,0.046744844262294055,529,50000,0.89168,0.9734256821666668,0.28479744791666667,0.37306026456884217,0.29088706439134904,False,/data/suehara/part/march/datasets/20250711_ilc_nnqq_sgv_10m_3cat_parquet,val50k_tail,,proxy
5,5,0,,lr_3e-6,3e-06,validation_total_reference_mistag_geomean_percent,0.3932757777266635,min,0.9610000072511485,0.9610000072511485,0.5452136579305416,0.28367931561651366,0.3932757777266635,,0.17399999915039063,0.06600000112792971,2.9680000045288084,0.18999999768066408,0.5,0.062000001059570334,2.6540000690470906,1.0739999854147342,0.01766845491625471,0.01966145505625193,87,50000,0.010529894247015226,0.01252721430061417,33,50000,0.07495792355560055,0.07683916593075324,1484,50000,0.018504147852544686,0.02049650800534169,95,50000,0.030568856298993086,0.03254881669978501,250,50000,0.010177937621807402,0.012175417672206403,31,50000,0.07094133831814751,0.07283514044210578,1327,50000,0.0451283910866988,0.047085391946681716,537,50000,0.8905866666666666,0.9726299112666666,0.28855186197916666,0.37306026456884217,0.295030994153715,False,/data/suehara/part/march/datasets/20250711_ilc_nnqq_sgv_10m_3cat_parquet,val50k_tail,,proxy
5,5,0,,lr_5_75e-6,5.75e-06,validation_total_reference_mistag_geomean_percent,0.38583804270397754,min,0.9347500068284039,0.9347500068284039,0.5342751065741159,0.27864108465061843,0.38583804270397754,,0.15600000152343751,0.06799999900390627,2.87000008868027,0.19799999939575197,0.4740000115722659,0.062000001059570334,2.5719999874414063,1.0779999659506236,0.016680831524164903,0.01867455164976243,78,50000,0.010701894656100771,0.01269913471129969,34,50000,0.0737302985082379,0.07561546080499248,1435,50000,0.01890875502183506,0.02090079518103191,99,50000,0.029741709311993398,0.03172270969198582,237,50000,0.010177937621807402,0.012175417672206403,31,50000,0.06985044073018094,0.07174752278854037,1286,50000,0.04521327765613474,0.047170118519317475,539,50000,0.8911466666666666,0.9729627176666668,0.2869685546875,0.37306026456884217,0.2933243307001758,False,/data/suehara/part/march/datasets/20250711_ilc_nnqq_sgv_10m_3cat_parquet,val50k_tail,,proxy
5,5,0,,lr_8_5e-6,8.5e-06,validation_total_reference_mistag_geomean_percent,0.37849152527595853,min,0.9184999999158864,0.9184999999158864,0.5224746187851338,0.2741871653762288,0.37849152527595853,,0.15400000056396485,0.06799999900390627,2.782000074075167,0.19399999597412118,0.46999999282836924,0.057999999716796875,2.5499999659538273,1.0719999712109383,0.016567647735853033,0.018561447859850606,77,50000,0.010701894656100771,0.01269913471129969,34,50000,0.07260831429851539,0.07449699652487124,1391,50000,0.018707497323864092,0.02069969747986102,97,50000,0.029612434987299607,0.031593595364092036,235,50000,0.009814507069923326,0.0118121471171224,29,50000,0.06955457327275476,0.07145253531351432,1275,50000,0.045085886647388586,0.04704296750577142,536,50000,0.8914533333333333,0.9731635088333332,0.28601986979166666,0.37306026456884217,0.29227572368871935,False,/data/suehara/part/march/datasets/20250711_ilc_nnqq_sgv_10m_3cat_parquet,val50k_tail,,proxy
6,6,0,,lr_11_25e-6,1.125e-05,validation_total_reference_mistag_geomean_percent,0.369943494319716,min,0.9052500002815824,0.9052500002815824,0.5068800689942267,0.27000112523864217,0.369943494319716,,0.14399999718750006,0.07000000085449219,2.7459999298164384,0.1920000075000003,0.45800000978393574,0.05400000131835941,2.5180000541745007,1.0600000016174316,0.01599035816667656,0.01798455828267429,72,50000,0.010871397397403768,0.01286855745420266,35,50000,0.07214376156805119,0.07403388376560766,1373,50000,0.018606088111257617,0.020598368265654594,96,50000,0.02922123384962918,0.031202874216821816,229,50000,0.0094384043456773,0.011436204389676428,27,50000,0.06912175059417512,0.07102099260933546,1259,50000,0.044829996697445806,0.04678755754622885,530,50000,0.8916133333333334,0.9734040900666668,0.28488279947916667,0.369943494319716,0.2914437691899961,False,/data/suehara/part/march/datasets/20250711_ilc_nnqq_sgv_10m_3cat_parquet,val50k_tail,,proxy
6,6,0,,lr_14e-6,1.4e-05,validation_total_reference_mistag_geomean_percent,0.3660255445255504,min,0.901249982035752,0.901249982035752,0.501269490190305,0.2672708031649058,0.3660255445255504,,0.14200000208007815,0.06799999900390627,2.7239999605133063,0.19399999597412118,0.45800000978393574,0.052000000507812505,2.5199999230957055,1.0519999653271497,0.015872517214740804,0.01786679732913854,71,50000,0.010701894656100771,0.01269913471129969,34,50000,0.07185823825424306,0.07374924043419967,1362,50000,0.018707497323864092,0.02069969747986102,97,50000,0.02922123384962918,0.031202874216821816,229,50000,0.00924516668895976,0.011243046731358937,26,50000,0.06914888863409248,0.07104805065085255,1260,50000,0.0446585727435566,0.04661645358594001,526,50000,0.8918733333333333,0.9735192955666667,0.2843478515625,0.3660255445255504,0.2908119786208182,False,/data/suehara/part/march/datasets/20250711_ilc_nnqq_sgv_10m_3cat_parquet,val50k_tail,,proxy
6,6,0,,lr_3e-6,3e-06,validation_total_reference_mistag_geomean_percent,0.3897857473669279,min,0.9549999758807197,0.9549999758807197,0.5411437678825137,0.2807625955758587,0.3897857473669279,,0.17200000713867217,0.064,2.939999863174445,0.1920000075000003,0.48399999527343757,0.062000001059570334,2.6459999065324435,1.080000026367188,0.01756133006938351,0.019554410207780776,86,50000,0.0103552826863133,0.012352682738312273,32,50000,0.0746094619825638,0.07649182433531743,1470,50000,0.018606088111257617,0.020598368265654594,96,50000,0.030062498529499684,0.03204309891749199,242,50000,0.010177937621807402,0.012175417672206403,31,50000,0.07083571937800959,0.07272984149556752,1323,50000,0.04525566001061052,0.04721242087539334,540,50000,0.8907466666666667,0.9727169278666666,0.28812766927083333,0.3660255445255504,0.2950263829542046,False,/data/suehara/part/march/datasets/20250711_ilc_nnqq_sgv_10m_3cat_parquet,val50k_tail,,proxy
6,6,0,,lr_5_75e-6,5.75e-06,validation_total_reference_mistag_geomean_percent,0.3783695898744604,min,0.9250000278808987,0.9250000278808987,0.5205047892585999,0.2750475106015597,0.3783695898744604,,0.15600000152343751,0.06600000112792971,2.8360001432367015,0.1960000040673829,0.46600001038146993,0.057999999716796875,2.562000061376039,1.0600000016174316,0.016680831524164903,0.01867455164976243,78,50000,0.010529894247015226,0.01252721430061417,33,50000,0.07329905564568938,0.07518557791524431,1418,50000,0.018808383644857783,0.020800503802454642,98,50000,0.029482602435364127,0.03146392280895674,233,50000,0.009814507069923326,0.0118121471171224,29,50000,0.06971612561353611,0.07161360766389548,1281,50000,0.044829996697445806,0.04678755754622885,530,50000,0.8911333333333333,0.9730517920333335,0.286538125,0.3660255445255504,0.29329748141918716,False,/data/suehara/part/march/datasets/20250711_ilc_nnqq_sgv_10m_3cat_parquet,val50k_tail,,proxy
6,6,0,,lr_8_5e-6,8.5e-06,validation_total_reference_mistag_geomean_percent,0.3741353320658891,min,0.9115000031878099,0.9115000031878099,0.509870039010016,0.27453514815626057,0.3741353320658891,,0.15200000519531268,0.07000000085449219,2.7520001142187547,0.19399999597412118,0.459999984558106,0.05400000131835941,2.537999952172395,1.0719999712109383,0.016453725795685745,0.018447605918083324,76,50000,0.010871397397403768,0.01286855745420266,35,50000,0.07222141582075188,0.07411129802310824,1376,50000,0.018707497323864092,0.02069969747986102,97,50000,0.029286791223827584,0.03126835159262013,230,50000,0.0094384043456773,0.011436204389676428,27,50000,0.06939261006019513,0.0712910520913549,1269,50000,0.045085886647388586,0.04704296750577142,536,50000,0.89162,0.9732553964666666,0.28558274739583334,0.3660255445255504,0.29223178478789036,False,/data/suehara/part/march/datasets/20250711_ilc_nnqq_sgv_10m_3cat_parquet,val50k_tail,,proxy
7,7,0,,lr_11_25e-6,1.125e-05,validation_total_reference_mistag_geomean_percent,0.3671387457851757,min,0.9022500093686678,0.9022500093686678,0.5071430755167271,0.26578467727154453,0.3671387457851757,,0.14200000208007815,0.06799999900390627,2.7200000166015625,0.18999999768066408,0.45800000978393574,0.05400000131835941,2.5280000617187515,1.057999986762085,0.015872517214740804,0.01786679732913854,71,50000,0.010701894656100771,0.01269913471129969,34,50000,0.07180619060875235,0.07369735278550948,1360,50000,0.018504147852544686,0.02049650800534169,95,50000,0.02922123384962918,0.031202874216821816,229,50000,0.0094384043456773,0.011436204389676428,27,50000,0.06925732480776471,0.07115616683092442,1264,50000,0.04478720341511075,0.046744844262294055,529,50000,0.8918066666666666,0.9734755840333333,0.284584921875,0.3660255445255504,0.2906786351899779,False,/data/suehara/part/march/datasets/20250711_ilc_nnqq_sgv_10m_3cat_parquet,val50k_tail,,proxy
7,7,0,,lr_14e-6,1.4e-05,validation_total_reference_mistag_geomean_percent,0.36844545783946886,min,0.8987499831861506,0.8987499831861506,0.5111468083295708,0.26558329855599394,0.36844545783946886,,0.13399999640136728,0.07000000085449219,2.7339998681726136,0.19399999597412118,0.4480000131250004,0.057999999716796875,2.5020000232882693,1.049999967956544,0.015392639991259324,0.01738724009925721,67,50000,0.010871397397403768,0.01286855745420266,35,50000,0.07198817617255562,0.07387877836051229,1367,50000,0.018707497323864092,0.02069969747986102,97,50000,0.02889125218437814,0.03087329254357089,224,50000,0.009814507069923326,0.0118121471171224,29,50000,0.06890422661864626,0.07080410862100664,1251,50000,0.04461561185209913,0.04657357269288245,525,50000,0.8919733333333333,0.9735917160333333,0.28401790364583335,0.3660255445255504,0.29003790205966623,False,/data/suehara/part/march/datasets/20250711_ilc_nnqq_sgv_10m_3cat_parquet,val50k_tail,,proxy
7,7,0,,lr_3e-6,3e-06,validation_total_reference_mistag_geomean_percent,0.38896871465494715,min,0.9460000035197836,0.9460000035197836,0.5383976616809081,0.28101284932769754,0.38896871465494715,,0.16599999189453166,0.06600000112792971,2.904000078874514,0.1960000040673829,0.48200001765136785,0.062000001059570334,2.6179999480682383,1.0739999854147342,0.01723615601969021,0.01922947615328758,83,50000,0.010529894247015226,0.01252721430061417,33,50000,0.07415876510231782,0.07604256742627206,1452,50000,0.018808383644857783,0.020800503802454642,98,50000,0.029998611176793727,0.031979291563185956,241,50000,0.010177937621807402,0.012175417672206403,31,50000,0.07046468551969928,0.07235992761485746,1309,50000,0.0451283910866988,0.047085391946681716,537,50000,0.8908866666666667,0.9727875883,0.2877927473958333,0.3660255445255504,0.29427885396014386,False,/data/suehara/part/march/datasets/20250711_ilc_nnqq_sgv_10m_3cat_parquet,val50k_tail,,proxy
7,7,0,,lr_5_75e-6,5.75e-06,validation_total_reference_mistag_geomean_percent,0.378050954579889,min,0.9179999914691364,0.9179999914691364,0.5229652552374365,0.2732925807736035,0.378050954579889,,0.15200000519531268,0.06799999900390627,2.782000074075167,0.19399999597412118,0.4719999919335939,0.057999999716796875,2.5439998804394586,1.0739999854147342,0.016453725795685745,0.018447605918083324,76,50000,0.010701894656100771,0.01269913471129969,34,50000,0.07260831429851539,0.07449699652487124,1391,50000,0.018707497323864092,0.02069969747986102,97,50000,0.029677141486401937,0.03165822186479445,236,50000,0.009814507069923326,0.0118121471171224,29,50000,0.06947364320219473,0.0713718452381544,1272,50000,0.0451283910866988,0.047085391946681716,537,50000,0.89122,0.9731249872333333,0.28620608072916665,0.3660255445255504,0.2925508818407494,False,/data/suehara/part/march/datasets/20250711_ilc_nnqq_sgv_10m_3cat_parquet,val50k_tail,,proxy
7,7,0,,lr_8_5e-6,8.5e-06,validation_total_reference_mistag_geomean_percent,0.37206177830900145,min,0.9075000052534491,0.9075000052534491,0.5094800901324281,0.27170829549487346,0.37206177830900145,,0.14800000361328133,0.07000000085449219,2.740000077346804,0.1920000075000003,0.4620000125482181,0.05400000131835941,2.5239999715002446,1.0699999673461924,0.016223608787196087,0.018217648906393717,74,50000,0.010871397397403768,0.01286855745420266,35,50000,0.07206601511678366,0.07395637730954023,1370,50000,0.018606088111257617,0.020598368265654594,96,50000,0.02935220449491096,0.031333684865303586,231,50000,0.0094384043456773,0.011436204389676428,27,50000,0.06920312989126647,0.0711021319112267,1262,50000,0.045043341287912854,0.047000502144695956,535,50000,0.8915266666666667,0.9733283559333333,0.2852519661458333,0.3660255445255504,0.2914763597167185,False,/data/suehara/part/march/datasets/20250711_ilc_nnqq_sgv_10m_3cat_parquet,val50k_tail,,proxy
8,8,0,,lr_11_25e-6,1.125e-05,validation_total_reference_mistag_geomean_percent,0.36559852804854925,min,0.9027499725306908,0.9027499725306908,0.5063916682039783,0.263950400655932,0.36559852804854925,,0.14000000170898438,0.06600000112792971,2.7359998714160216,0.1920000075000003,0.459999984558106,0.05400000131835941,2.525999893426671,1.0480000191894534,0.01575384307703153,0.01774820318982931,70,50000,0.010529894247015226,0.01252721430061417,33,50000,0.07201413278253264,0.07390465497208905,1368,50000,0.018606088111257617,0.020598368265654594,96,50000,0.029286791223827584,0.03126835159262013,230,50000,0.0094384043456773,0.011436204389676428,27,50000,0.06923023313539813,0.0711291551569581,1263,50000,0.0445726087623945,0.046530649601577746,524,50000,0.89194,0.9735318527,0.2843120182291667,0.36559852804854925,0.290251122136599,False,/data/suehara/part/march/datasets/20250711_ilc_nnqq_sgv_10m_3cat_parquet,val50k_tail,,proxy
8,8,0,,lr_14e-6,1.4e-05,validation_total_reference_mistag_geomean_percent,0.36865304292363865,min,0.8977499965322315,0.8977499965322315,0.5061498026599278,0.2685075946738442,0.36865304292363865,,0.14000000170898438,0.07000000085449219,2.7339998681726136,0.19399999597412118,0.45200000137939456,0.05600000164062505,2.4980000771858237,1.0380000253417976,0.01575384307703153,0.01774820318982931,70,50000,0.010871397397403768,0.01286855745420266,35,50000,0.07198817617255562,0.07387877836051229,1367,50000,0.018707497323864092,0.02069969747986102,97,50000,0.029023687661311817,0.031005568023704556,226,50000,0.009628122740163846,0.011625842785762949,28,50000,0.0688497285547679,0.07074977055392812,1249,50000,0.04435695613715339,0.04631539696833692,519,50000,0.8920466666666667,0.9736469660333333,0.2837675,0.36559852804854925,0.28959156703903627,False,/data/suehara/part/march/datasets/20250711_ilc_nnqq_sgv_10m_3cat_parquet,val50k_tail,,proxy
8,8,0,,lr_3e-6,3e-06,validation_total_reference_mistag_geomean_percent,0.387861855578771,min,0.9427499804706008,0.9427499804706008,0.5422696146617374,0.2774207053936601,0.387861855578771,,0.15800000385742197,0.06600000112792971,2.8979998976307715,0.1960000040673829,0.48399999527343757,0.064,2.603999970596924,1.0719999712109383,0.01679329124440016,0.018786931371597638,79,50000,0.010529894247015226,0.01252721430061417,33,50000,0.07408335298462743,0.07596739530378177,1449,50000,0.018808383644857783,0.020800503802454642,98,50000,0.030062498529499684,0.03204309891749199,242,50000,0.0103552826863133,0.012352682738312273,32,50000,0.0702783634307605,0.07217416551471914,1302,50000,0.045085886647388586,0.04704296750577142,536,50000,0.8908266666666667,0.9728436622333333,0.28754024739583334,0.36559852804854925,0.2939023703081632,False,/data/suehara/part/march/datasets/20250711_ilc_nnqq_sgv_10m_3cat_parquet,val50k_tail,,proxy
8,8,0,,lr_5_75e-6,5.75e-06,validation_total_reference_mistag_geomean_percent,0.37562781134597895,min,0.9172499897869885,0.9172499897869885,0.5180883289933956,0.2723401488906518,0.37562781134597895,,0.14999999542236342,0.06799999900390627,2.78000008483887,0.19399999597412118,0.46999999282836924,0.05600000164062505,2.5439998804394586,1.0759999681481942,0.01633905115671229,0.018333011277509914,75,50000,0.010701894656100771,0.01269913471129969,34,50000,0.07258259182414059,0.07447135404889671,1390,50000,0.018707497323864092,0.02069969747986102,97,50000,0.029612434987299607,0.031593595364092036,235,50000,0.009628122740163846,0.011625842785762949,28,50000,0.06947364320219473,0.0713718452381544,1272,50000,0.04517085471880244,0.04712777558038544,538,50000,0.8913333333333333,0.9731779325666667,0.28596610677083334,0.36559852804854925,0.2921647472972253,False,/data/suehara/part/march/datasets/20250711_ilc_nnqq_sgv_10m_3cat_parquet,val50k_tail,,proxy
8,8,0,,lr_8_5e-6,8.5e-06,validation_total_reference_mistag_geomean_percent,0.3691198238432029,min,0.9052499888961987,0.9052499888961987,0.5077813216292706,0.26832307245344567,0.3691198238432029,,0.14599999750488285,0.06799999900390627,2.7479999626812748,0.18999999768066408,0.4620000125482181,0.05400000131835941,2.5139999388148513,1.0600000016174316,0.0161073831476864,0.01810150326528408,73,50000,0.010701894656100771,0.01269913471129969,34,50000,0.07216965654874494,0.07405969874790114,1374,50000,0.018504147852544686,0.02049650800534169,95,50000,0.02935220449491096,0.031333684865303586,231,50000,0.0094384043456773,0.011436204389676428,27,50000,0.06906743962429539,0.07096684163625556,1257,50000,0.044829996697445806,0.04678755754622885,530,50000,0.89168,0.9733834289333333,0.2849982291666667,0.36559852804854925,0.2910706337241972,False,/data/suehara/part/march/datasets/20250711_ilc_nnqq_sgv_10m_3cat_parquet,val50k_tail,,proxy
9,9,0,,lr_11_25e-6,1.125e-05,validation_total_reference_mistag_geomean_percent,0.36886905867160963,min,0.8985000086262138,0.8985000086262138,0.5072075724866477,0.2682617331168913,0.36886905867160963,,0.14000000170898438,0.07000000085449219,2.7239999605133063,0.19399999597412118,0.44999998626709026,0.05600000164062505,2.5060001028616377,1.0480000191894534,0.01575384307703153,0.01774820318982931,70,50000,0.010871397397403768,0.01286855745420266,35,50000,0.07185823825424306,0.07374924043419967,1362,50000,0.018707497323864092,0.02069969747986102,97,50000,0.02895754437551969,0.03093950473631252,225,50000,0.009628122740163846,0.011625842785762949,28,50000,0.06895867774531217,0.07085839975087271,1253,50000,0.0445726087623945,0.046530649601577746,524,50000,0.8919866666666667,0.9735976479666667,0.2839854817708333,0.36559852804854925,0.28979621422818225,False,/data/suehara/part/march/datasets/20250711_ilc_nnqq_sgv_10m_3cat_parquet,val50k_tail,,proxy
9,9,0,,lr_14e-6,1.4e-05,validation_total_reference_mistag_geomean_percent,0.36824609882372195,min,0.8909999755931296,0.8909999755931296,0.5078367301494225,0.2670251701939535,0.36824609882372195,,0.14200000208007815,0.06799999900390627,2.7139998803183034,0.19399999597412118,0.4480000131250004,0.057999999716796875,2.465999889185033,1.0380000253417976,0.015872517214740804,0.01786679732913854,71,50000,0.010701894656100771,0.01269913471129969,34,50000,0.07172804120774562,0.07361944337970286,1357,50000,0.018707497323864092,0.02069969747986102,97,50000,0.02889125218437814,0.03087329254357089,224,50000,0.009814507069923326,0.0118121471171224,29,50000,0.06841204102733013,0.07031336300089112,1233,50000,0.04435695613715339,0.04631539696833692,519,50000,0.89218,0.9737122338,0.283450078125,0.36559852804854925,0.28912844252263104,False,/data/suehara/part/march/datasets/20250711_ilc_nnqq_sgv_10m_3cat_parquet,val50k_tail,,proxy
9,9,0,,lr_3e-6,3e-06,validation_total_reference_mistag_geomean_percent,0.3841086025813352,min,0.9387499737739574,0.9387499737739574,0.5355397230295712,0.275496685366959,0.3841086025813352,,0.15600000152343751,0.06600000112792971,2.8839999304699724,0.19399999597412118,0.4760000078442384,0.062000001059570334,2.599999880981451,1.0719999712109383,0.016680831524164903,0.01867455164976243,78,50000,0.010529894247015226,0.01252721430061417,33,50000,0.0739070594357287,0.07579166174368282,1442,50000,0.018707497323864092,0.02069969747986102,97,50000,0.02980613933575762,0.03178705971734995,238,50000,0.010177937621807402,0.012175417672206403,31,50000,0.07022502911149496,0.07212099119225344,1300,50000,0.045085886647388586,0.04704296750577142,536,50000,0.8909933333333333,0.9729058087666668,0.2872302994791667,0.36559852804854925,0.2935065327727942,False,/data/suehara/part/march/datasets/20250711_ilc_nnqq_sgv_10m_3cat_parquet,val50k_tail,,proxy
9,9,0,,lr_5_75e-6,5.75e-06,validation_total_reference_mistag_geomean_percent,0.37707720002923595,min,0.9137499850062188,0.9137499850062188,0.5203252104693588,0.2732660496185234,0.37707720002923595,,0.14999999542236342,0.07000000085449219,2.766000011817627,0.1920000075000003,0.463999997734375,0.057999999716796875,2.535999881589361,1.0739999854147342,0.01633905115671229,0.018333011277509914,75,50000,0.010871397397403768,0.01286855745420266,35,50000,0.07240225216883708,0.07429157438239298,1383,50000,0.018606088111257617,0.020598368265654594,96,50000,0.029417474592283426,0.03139887496427596,232,50000,0.009814507069923326,0.0118121471171224,29,50000,0.06936557604661046,0.0712640980761705,1268,50000,0.0451283910866988,0.047085391946681716,537,50000,0.89156,0.9732438227666668,0.2856420182291667,0.36559852804854925,0.2917377847104159,False,/data/suehara/part/march/datasets/20250711_ilc_nnqq_sgv_10m_3cat_parquet,val50k_tail,,proxy
9,9,0,,lr_8_5e-6,8.5e-06,validation_total_reference_mistag_geomean_percent,0.36782256583370077,min,0.9057499940831,0.9057499940831,0.5073635001539292,0.2666597811932479,0.36782256583370077,,0.14200000208007815,0.06799999900390627,2.7560000487817393,0.18999999768066408,0.4620000125482181,0.05400000131835941,2.5199999230957055,1.053999968156129,0.015872517214740804,0.01786679732913854,71,50000,0.010701894656100771,0.01269913471129969,34,50000,0.07227313424578302,0.07416285645133955,1378,50000,0.018504147852544686,0.02049650800534169,95,50000,0.02935220449491096,0.031333684865303586,231,50000,0.0094384043456773,0.011436204389676428,27,50000,0.06914888863409248,0.07104805065085255,1260,50000,0.04470149155571448,0.04665929239969762,527,50000,0.8918133333333333,0.9734487527333334,0.2846820963541667,0.36559852804854925,0.290625948909064,False,/data/suehara/part/march/datasets/20250711_ilc_nnqq_sgv_10m_3cat_parquet,val50k_tail,,proxy
10,10,0,,lr_11_25e-6,1.125e-05,validation_total_reference_mistag_geomean_percent,0.37188122042156135,min,0.8959999963076606,0.8959999963076606,0.5106141966695009,0.27084174902356434,0.37188122042156135,,0.14599999750488285,0.07000000085449219,2.7139998803183034,0.19399999597412118,0.44999998626709026,0.057999999716796875,2.4900001149330193,1.0459999948925782,0.0161073831476864,0.01810150326528408,73,50000,0.010871397397403768,0.01286855745420266,35,50000,0.07172804120774562,0.07361944337970286,1357,50000,0.018707497323864092,0.02069969747986102,97,50000,0.02895754437551969,0.03093950473631252,225,50000,0.009814507069923326,0.0118121471171224,29,50000,0.06874059117546634,0.07064095316822692,1245,50000,0.04452956335492912,0.04648768419251263,523,50000,0.8920866666666667,0.9736528925333333,0.2837141927083333,0.36559852804854925,0.2898246298470082,False,/data/suehara/part/march/datasets/20250711_ilc_nnqq_sgv_10m_3cat_parquet,val50k_tail,,proxy
10,10,0,,lr_14e-6,1.4e-05,validation_total_reference_mistag_geomean_percent,0.3681494030009197,min,0.8847499770321475,0.8847499770321475,0.5076794424080564,0.2669676406179861,0.3681494030009197,,0.14399999718750006,0.06799999900390627,2.6739998741258297,0.19399999597412118,0.44999998626709026,0.057999999716796875,2.4519999386401383,1.0380000253417976,0.01599035816667656,0.01798455828267429,72,50000,0.010701894656100771,0.01269913471129969,34,50000,0.07120463368525433,0.07309763582521202,1337,50000,0.018707497323864092,0.02069969747986102,97,50000,0.02895754437551969,0.03093950473631252,225,50000,0.009814507069923326,0.0118121471171224,29,50000,0.06821959129655122,0.07012147325891269,1226,50000,0.04435695613715339,0.04631539696833692,519,50000,0.8923533333333333,0.9737656418333334,0.283180859375,0.36559852804854925,0.2891569398148522,False,/data/suehara/part/march/datasets/20250711_ilc_nnqq_sgv_10m_3cat_parquet,val50k_tail,,proxy
10,10,0,,lr_3e-6,1.3500000000000001e-05,validation_total_reference_mistag_geomean_percent,0.37003278281460683,min,0.8929999749761972,0.8929999749761972,0.509509604712714,0.26873734879782385,0.37003278281460683,,0.14599999750488285,0.06799999900390627,2.7079998615753245,0.19399999597412118,0.44999998626709026,0.057999999716796875,2.477999979960022,1.0419999798074344,0.0161073831476864,0.01810150326528408,73,50000,0.010701894656100771,0.01269913471129969,34,50000,0.0716497980193357,0.07354144018649304,1354,50000,0.018707497323864092,0.02069969747986102,97,50000,0.02895754437551969,0.03093950473631252,225,50000,0.009814507069923326,0.0118121471171224,29,50000,0.06857653031644186,0.07047737229960264,1239,50000,0.04444334510580756,0.046401625940190906,521,50000,0.8920933333333333,0.9736630390666668,0.28365712239583335,0.36559852804854925,0.2898152349379334,False,/data/suehara/part/march/datasets/20250711_ilc_nnqq_sgv_10m_3cat_parquet,val50k_tail,,proxy
10,10,0,,lr_5_75e-6,9e-06,validation_total_reference_mistag_geomean_percent,0.37180394958252166,min,0.8977499906283001,0.8977499906283001,0.5119765560923994,0.2700088027081725,0.37180394958252166,,0.14399999718750006,0.07000000085449219,2.7179999375825514,0.19399999597412118,0.45200000137939456,0.057999999716796875,2.4960000243750002,1.049999967956544,0.01599035816667656,0.01798455828267429,72,50000,0.010871397397403768,0.01286855745420266,35,50000,0.07178015121059762,0.07367139338575433,1359,50000,0.018707497323864092,0.02069969747986102,97,50000,0.029023687661311817,0.031005568023704556,226,50000,0.009814507069923326,0.0118121471171224,29,50000,0.0688224618870574,0.07072258388461788,1248,50000,0.04461561185209913,0.04657357269288245,525,50000,0.8920133333333333,0.9736417166333333,0.283775,0.36559852804854925,0.2898338279203254,False,/data/suehara/part/march/datasets/20250711_ilc_nnqq_sgv_10m_3cat_parquet,val50k_tail,,proxy
10,10,0,,lr_8_5e-6,8.5e-06,validation_total_reference_mistag_geomean_percent,0.3699755686716071,min,0.9019999943491366,0.9019999943491366,0.5103593090821782,0.2682069651282451,0.3699755686716071,,0.14399999718750006,0.06799999900390627,2.7239999605133063,0.19399999597412118,0.45800000978393574,0.05600000164062505,2.5239999715002446,1.0480000191894534,0.01599035816667656,0.01798455828267429,72,50000,0.010701894656100771,0.01269913471129969,34,50000,0.07185823825424306,0.07374924043419967,1362,50000,0.018707497323864092,0.02069969747986102,97,50000,0.02922123384962918,0.031202874216821816,229,50000,0.009628122740163846,0.011625842785762949,28,50000,0.06920312989126647,0.0711021319112267,1262,50000,0.0445726087623945,0.046530649601577746,524,50000,0.8918533333333334,0.9735028806666666,0.2844245703125,0.36559852804854925,0.29065498562156444,False,/data/suehara/part/march/datasets/20250711_ilc_nnqq_sgv_10m_3cat_parquet,val50k_tail,,proxy
11,11,0,,lr_11_25e-6,1.125e-05,validation_total_reference_mistag_geomean_percent,0.3673973977881852,min,0.8887499963573844,0.8887499963573844,0.5080447826338128,0.2656869089409017,0.3673973977881852,,0.14000000170898438,0.06799999900390627,2.6980000687509174,0.19399999597412118,0.45200000137939456,0.057999999716796875,2.4719999404028337,1.0279999639221205,0.01575384307703153,0.01774820318982931,70,50000,0.010701894656100771,0.01269913471129969,34,50000,0.07151918346484203,0.07341122562399931,1349,50000,0.018707497323864092,0.02069969747986102,97,50000,0.029023687661311817,0.031005568023704556,226,50000,0.009814507069923326,0.0118121471171224,29,50000,0.06849433941545705,0.07039542139381794,1236,50000,0.04414023038349056,0.04609907120667403,514,50000,0.8921466666666666,0.9736921294666666,0.28354858072916667,0.36559852804854925,0.28941564719865254,False,/data/suehara/part/march/datasets/20250711_ilc_nnqq_sgv_10m_3cat_parquet,val50k_tail,,proxy
11,11,0,,lr_14e-6,1.4e-05,validation_total_reference_mistag_geomean_percent,0.3644525588642705,min,0.8812500032790768,0.8812500032790768,0.5009574247135509,0.2651436252066026,0.3644525588642705,,0.14000000170898438,0.06799999900390627,2.6759998913855023,0.19399999597412118,0.4460000122497562,0.05600000164062505,2.4340000872787506,1.036000036990968,0.01575384307703153,0.01774820318982931,70,50000,0.010701894656100771,0.01269913471129969,34,50000,0.07123090446047621,0.07312382660203363,1338,50000,0.018707497323864092,0.02069969747986102,97,50000,0.028824810095263997,0.03080693045285684,223,50000,0.009628122740163846,0.011625842785762949,28,50000,0.06797128505690829,0.06987388700486936,1217,50000,0.044313697328091095,0.046272218157674544,518,50000,0.8922933333333334,0.9738013596333334,0.2830194401041667,0.3644525588642705,0.28872568466542,False,/data/suehara/part/march/datasets/20250711_ilc_nnqq_sgv_10m_3cat_parquet,val50k_tail,,proxy
11,11,0,,lr_3e-6,1.3500000000000001e-05,validation_total_reference_mistag_geomean_percent,0.36888135964923,min,0.887749980177594,0.887749980177594,0.5123471893329633,0.2655883750895985,0.36888135964923,,0.14000000170898438,0.06799999900390627,2.693999924568331,0.19399999597412118,0.45200000137939456,0.060000001464843786,2.4619999015741008,1.0320000157470706,0.01575384307703153,0.01774820318982931,70,50000,0.010701894656100771,0.01269913471129969,34,50000,0.07146686414511716,0.07335906630107428,1347,50000,0.018707497323864092,0.02069969747986102,97,50000,0.029023687661311817,0.031005568023704556,226,50000,0.009997726831193746,0.011995286879992793,30,50000,0.06835711553137593,0.07025859750173676,1231,50000,0.04422705044553055,0.04618573127191418,516,50000,0.89218,0.9737073860666667,0.2834669401041667,0.3644525588642705,0.2893524226917753,False,/data/suehara/part/march/datasets/20250711_ilc_nnqq_sgv_10m_3cat_parquet,val50k_tail,,proxy
11,11,0,,lr_5_75e-6,9e-06,validation_total_reference_mistag_geomean_percent,0.36794230030092795,min,0.8894999940300372,0.8894999940300372,0.5076550985876224,0.2666801470671551,0.36794230030092795,,0.14200000208007815,0.06799999900390627,2.7000000102996826,0.19399999597412118,0.4480000131250004,0.057999999716796875,2.4719999404028337,1.0339999916378786,0.015872517214740804,0.01786679732913854,71,50000,0.010701894656100771,0.01269913471129969,34,50000,0.07154532735246799,0.07343728951322501,1350,50000,0.018707497323864092,0.02069969747986102,97,50000,0.02889125218437814,0.03087329254357089,224,50000,0.009814507069923326,0.0118121471171224,29,50000,0.06849433941545705,0.07039542139381794,1236,50000,0.04427039547207877,0.04622899630006248,517,50000,0.8921333333333333,0.9736726729999999,0.2836560546875,0.3644525588642705,0.2894807229373253,False,/data/suehara/part/march/datasets/20250711_ilc_nnqq_sgv_10m_3cat_parquet,val50k_tail,,proxy
11,11,0,,lr_8_5e-6,8.5e-06,validation_total_reference_mistag_geomean_percent,0.369530348560501,min,0.9017500005216414,0.9017500005216414,0.5105812319629219,0.26744555020612615,0.369530348560501,,0.13799999730468757,0.07000000085449219,2.7300000916442904,0.19399999597412118,0.45800000978393574,0.05600000164062505,2.5139999388148513,1.053999968156129,0.015634317924008823,0.01762875803520661,69,50000,0.010871397397403768,0.01286855745420266,35,50000,0.07193623201198554,0.07382699419674205,1365,50000,0.018707497323864092,0.02069969747986102,97,50000,0.02922123384962918,0.031202874216821816,229,50000,0.009628122740163846,0.011625842785762949,28,50000,0.06906743962429539,0.07096684163625556,1257,50000,0.04470149155571448,0.04665929239969762,527,50000,0.8920333333333333,0.9735438456333334,0.2842493880208333,0.3644525588642705,0.29027514042001357,False,/data/suehara/part/march/datasets/20250711_ilc_nnqq_sgv_10m_3cat_parquet,val50k_tail,,proxy
12,12,0,,lr_11_25e-6,1.125e-05,validation_total_reference_mistag_geomean_percent,0.3676153623601129,min,0.8889999918266687,0.8889999918266687,0.508271415254065,0.2658836412738367,0.3676153623601129,,0.14000000170898438,0.06799999900390627,2.706000066683809,0.19399999597412118,0.44999998626709026,0.057999999716796875,2.453999905451206,1.0419999798074344,0.01575384307703153,0.01774820318982931,70,50000,0.010701894656100771,0.01269913471129969,34,50000,0.07162369606254597,0.07351541822810288,1353,50000,0.018707497323864092,0.02069969747986102,97,50000,0.02895754437551969,0.03093950473631252,225,50000,0.009814507069923326,0.0118121471171224,29,50000,0.06824712025735036,0.07014892222131155,1227,50000,0.04444334510580756,0.046401625940190906,521,50000,0.8921466666666666,0.9737338641333334,0.28335787760416664,0.3644525588642705,0.2892709375846278,False,/data/suehara/part/march/datasets/20250711_ilc_nnqq_sgv_10m_3cat_parquet,val50k_tail,,proxy
12,12,0,,lr_14e-6,1.4e-05,validation_total_reference_mistag_geomean_percent,0.3621560937272741,min,0.882000003184682,0.882000003184682,0.49663240043796636,0.26409278997531044,0.3621560937272741,,0.13799999730468757,0.06799999900390627,2.6720001206835993,0.19399999597412118,0.44200000957702656,0.05400000131835941,2.4459999218083217,1.0419999798074344,0.015634317924008823,0.01762875803520661,69,50000,0.010701894656100771,0.01269913471129969,34,50000,0.07117835226113853,0.07307143439949648,1336,50000,0.018707497323864092,0.02069969747986102,97,50000,0.028691472196859958,0.03067375255125281,221,50000,0.0094384043456773,0.011436204389676428,27,50000,0.06813693184240868,0.07003905379996955,1223,50000,0.04444334510580756,0.046401625940190906,521,50000,0.8923933333333334,0.9738419445333332,0.2828354036458333,0.3621560937272741,0.28857137304666436,False,/data/suehara/part/march/datasets/20250711_ilc_nnqq_sgv_10m_3cat_parquet,val50k_tail,,proxy
12,12,0,,lr_3e-6,1.3500000000000001e-05,validation_total_reference_mistag_geomean_percent,0.36611055655805747,min,0.8887499742935191,0.8887499742935191,0.5042119906535248,0.265834494434615,0.36611055655805747,,0.14000000170898438,0.06799999900390627,2.703999876220709,0.19399999597412118,0.44999998626709026,0.05600000164062505,2.4519999386401383,1.0459999948925782,0.01575384307703153,0.01774820318982931,70,50000,0.010701894656100771,0.01269913471129969,34,50000,0.0715975836400002,0.07348938580395738,1352,50000,0.018707497323864092,0.02069969747986102,97,50000,0.02895754437551969,0.03093950473631252,225,50000,0.009628122740163846,0.011625842785762949,28,50000,0.06821959129655122,0.07012147325891269,1226,50000,0.04452956335492912,0.04648768419251263,523,50000,0.8922,0.9737571451333333,0.2832420703125,0.3621560937272741,0.2891612628183156,False,/data/suehara/part/march/datasets/20250711_ilc_nnqq_sgv_10m_3cat_parquet,val50k_tail,,proxy
12,12,0,,lr_5_75e-6,9e-06,validation_total_reference_mistag_geomean_percent,0.36861288983716367,min,0.8917499763727201,0.8917499763727201,0.5088488941151575,0.2670251701939535,0.36861288983716367,,0.14200000208007815,0.06799999900390627,2.7139998803183034,0.19399999597412118,0.4480000131250004,0.057999999716796875,2.4619999015741008,1.0480000191894534,0.015872517214740804,0.01786679732913854,71,50000,0.010701894656100771,0.01269913471129969,34,50000,0.07172804120774562,0.07361944337970286,1357,50000,0.018707497323864092,0.02069969747986102,97,50000,0.02889125218437814,0.03087329254357089,224,50000,0.009814507069923326,0.0118121471171224,29,50000,0.06835711553137593,0.07025859750173676,1231,50000,0.0445726087623945,0.046530649601577746,524,50000,0.8921466666666666,0.9737088979333334,0.2834895182291667,0.3621560937272741,0.28938567290159706,False,/data/suehara/part/march/datasets/20250711_ilc_nnqq_sgv_10m_3cat_parquet,val50k_tail,,proxy
12,12,0,,lr_8_5e-6,8.5e-06,validation_total_reference_mistag_geomean_percent,0.3701883506935942,min,0.8980000019977195,0.8980000019977195,0.5126831106852557,0.2672984776230987,0.3701883506935942,,0.13799999730468757,0.07000000085449219,2.7239999605133063,0.19399999597412118,0.4540000091442873,0.057999999716796875,2.494000087146915,1.0519999653271497,0.015634317924008823,0.01762875803520661,69,50000,0.010871397397403768,0.01286855745420266,35,50000,0.07185823825424306,0.07374924043419967,1362,50000,0.018707497323864092,0.02069969747986102,97,50000,0.029089683023430808,0.031071483387423455,227,50000,0.009814507069923326,0.0118121471171224,29,50000,0.06879518344380942,0.07069538543977016,1247,50000,0.0446585727435566,0.04661645358594001,526,50000,0.8919866666666667,0.9735890346666668,0.28404908854166666,0.3621560937272741,0.29014307320089583,False,/data/suehara/part/march/datasets/20250711_ilc_nnqq_sgv_10m_3cat_parquet,val50k_tail,,proxy
13,13,0,,lr_11_25e-6,1.125e-05,validation_total_reference_mistag_geomean_percent,0.36731960254790297,min,0.8872499941012577,0.8872499941012577,0.5079238089730529,0.26563765673585027,0.36731960254790297,,0.14000000170898438,0.06799999900390627,2.69600003784668,0.19399999597412118,0.44999998626709026,0.057999999716796875,2.4519999386401383,1.0399999936523439,0.01575384307703153,0.01774820318982931,70,50000,0.010701894656100771,0.01269913471129969,34,50000,0.07149302906618235,0.0733851512237399,1348,50000,0.018707497323864092,0.02069969747986102,97,50000,0.02895754437551969,0.03093950473631252,225,50000,0.009814507069923326,0.0118121471171224,29,50000,0.06821959129655122,0.07012147325891269,1226,50000,0.04440017202225789,0.046358532855041504,520,50000,0.8922066666666667,0.9737686271333335,0.2831980989583333,0.3621560937272741,0.2887828198219911,False,/data/suehara/part/march/datasets/20250711_ilc_nnqq_sgv_10m_3cat_parquet,val50k_tail,,proxy
13,13,0,,lr_14e-6,1.4e-05,validation_total_reference_mistag_geomean_percent,0.3639107061736498,min,0.8785000043593607,0.8785000043593607,0.49788701782001443,0.2659860517103865,0.3639107061736498,,0.14200000208007815,0.06799999900390627,2.6720001206835993,0.19399999597412118,0.4359999901538088,0.05600000164062505,2.4199999316864034,1.0399999936523439,0.015872517214740804,0.01786679732913854,71,50000,0.010701894656100771,0.01269913471129969,34,50000,0.07117835226113853,0.07307143439949648,1336,50000,0.018707497323864092,0.02069969747986102,97,50000,0.028490315650111717,0.03047283599970467,218,50000,0.009628122740163846,0.011625842785762949,28,50000,0.06777747439242338,0.06968063632918492,1210,50000,0.04440017202225789,0.046358532855041504,520,50000,0.8924733333333333,0.9738760656666666,0.28265766927083336,0.3621560937272741,0.2880707205008258,False,/data/suehara/part/march/datasets/20250711_ilc_nnqq_sgv_10m_3cat_parquet,val50k_tail,,proxy
13,13,0,,lr_3e-6,1.3500000000000001e-05,validation_total_reference_mistag_geomean_percent,0.36525867772236065,min,0.8854999977957156,0.8854999977957156,0.5004622996409179,0.26658132240372934,0.36525867772236065,,0.14200000208007815,0.06799999900390627,2.69600003784668,0.19399999597412118,0.44000001342773476,0.05600000164062505,2.447999938740236,1.0399999936523439,0.015872517214740804,0.01786679732913854,71,50000,0.010701894656100771,0.01269913471129969,34,50000,0.07149302906618235,0.0733851512237399,1348,50000,0.018707497323864092,0.02069969747986102,97,50000,0.0286245743460283,0.030606934698821243,220,50000,0.009628122740163846,0.011625842785762949,28,50000,0.06816449710352161,0.07006653906268291,1224,50000,0.04440017202225789,0.046358532855041504,520,50000,0.8923,0.9737965609333333,0.28305809895833334,0.3621560937272741,0.2886326658325917,False,/data/suehara/part/march/datasets/20250711_ilc_nnqq_sgv_10m_3cat_parquet,val50k_tail,,proxy
13,13,0,,lr_5_75e-6,9e-06,validation_total_reference_mistag_geomean_percent,0.3677172612636124,min,0.8892500065612797,0.8892500065612797,0.5085532287108678,0.2658836412738367,0.3677172612636124,,0.14000000170898438,0.06799999900390627,2.706000066683809,0.19399999597412118,0.45200000137939456,0.057999999716796875,2.4579999626814275,1.0380000253417976,0.01575384307703153,0.01774820318982931,70,50000,0.010701894656100771,0.01269913471129969,34,50000,0.07162369606254597,0.07351541822810288,1353,50000,0.018707497323864092,0.02069969747986102,97,50000,0.029023687661311817,0.031005568023704556,226,50000,0.009814507069923326,0.0118121471171224,29,50000,0.06830214197950449,0.07020378394666585,1229,50000,0.04435695613715339,0.04631539696833692,519,50000,0.8922733333333334,0.9737393264333333,0.2833368359375,0.3621560937272741,0.28894157099451595,False,/data/suehara/part/march/datasets/20250711_ilc_nnqq_sgv_10m_3cat_parquet,val50k_tail,,proxy
13,13,0,,lr_8_5e-6,8.5e-06,validation_total_reference_mistag_geomean_percent,0.36919577720708313,min,0.8974999860254101,0.8974999860254101,0.5064338625928505,0.2691477248572644,0.36919577720708313,,0.14000000170898438,0.07000000085449219,2.7319999395538344,0.1960000040673829,0.44999998626709026,0.05600000164062505,2.4859999861543276,1.049999967956544,0.01575384307703153,0.01774820318982931,70,50000,0.010871397397403768,0.01286855745420266,35,50000,0.07196220925270759,0.07385289143906452,1366,50000,0.018808383644857783,0.020800503802454642,98,50000,0.02895754437551969,0.03093950473631252,225,50000,0.009628122740163846,0.011625842785762949,28,50000,0.06868595163899184,0.07058647362855226,1243,50000,0.04461561185209913,0.04657357269288245,525,50000,0.8920066666666666,0.9736243600666667,0.2838876692708333,0.3621560937272741,0.2896689224623137,False,/data/suehara/part/march/datasets/20250711_ilc_nnqq_sgv_10m_3cat_parquet,val50k_tail,,proxy
14,14,0,,lr_11_25e-6,1.125e-05,validation_total_reference_mistag_geomean_percent,0.3648391289939589,min,0.8852499881532101,0.8852499881532101,0.5013908322628113,0.26547671293538994,0.3648391289939589,,0.14399999718750006,0.06600000112792971,2.693999924568331,0.19399999597412118,0.44400001083984403,0.05600000164062505,2.4439999802349854,1.0399999936523439,0.01599035816667656,0.01798455828267429,72,50000,0.010529894247015226,0.01252721430061417,33,50000,0.07146686414511716,0.07335906630107428,1347,50000,0.018707497323864092,0.02069969747986102,97,50000,0.028758217104436073,0.030740417460429006,222,50000,0.009628122740163846,0.011625842785762949,28,50000,0.06810935445225874,0.07001155640821988,1222,50000,0.04440017202225789,0.046358532855041504,520,50000,0.8922933333333334,0.9738001345666666,0.2830368489583333,0.3621560937272741,0.28864549850067145,False,/data/suehara/part/march/datasets/20250711_ilc_nnqq_sgv_10m_3cat_parquet,val50k_tail,,proxy
14,14,0,,lr_14e-6,1.4e-05,validation_total_reference_mistag_geomean_percent,0.35852548089248804,min,0.8762500096870618,0.8762500096870618,0.48752041491657644,0.26366182115919273,0.35852548089248804,,0.14200000208007815,0.06600000112792971,2.6579999924967956,0.19399999597412118,0.43200001054687526,0.052000000507812505,2.432000083125003,1.0339999916378786,0.015872517214740804,0.01786679732913854,71,50000,0.010529894247015226,0.01252721430061417,33,50000,0.07099408314384589,0.07288772527100362,1329,50000,0.018707497323864092,0.02069969747986102,97,50000,0.02835543256815773,0.030338112914550866,216,50000,0.00924516668895976,0.011243046731358937,26,50000,0.06794363458668927,0.06984631653305061,1216,50000,0.04427039547207877,0.04622899630006248,517,50000,0.8924733333333333,0.9739024544666668,0.282540234375,0.35852548089248804,0.2879354194948527,False,/data/suehara/part/march/datasets/20250711_ilc_nnqq_sgv_10m_3cat_parquet,val50k_tail,,proxy
14,14,0,,lr_3e-6,1.3500000000000001e-05,validation_total_reference_mistag_geomean_percent,0.3625365573090147,min,0.8814999982123768,0.8814999982123768,0.4961908559940852,0.2648834693298726,0.3625365573090147,,0.14399999718750006,0.06600000112792971,2.6700000926857026,0.19399999597412118,0.44200000957702656,0.05400000131835941,2.44199989417603,1.0399999936523439,0.01599035816667656,0.01798455828267429,72,50000,0.010529894247015226,0.01252721430061417,33,50000,0.0711520601765013,0.07304522231325883,1335,50000,0.018707497323864092,0.02069969747986102,97,50000,0.028691472196859958,0.03067375255125281,221,50000,0.0094384043456773,0.011436204389676428,27,50000,0.06808176491855805,0.06998404687291945,1221,50000,0.04440017202225789,0.046358532855041504,520,50000,0.8923933333333334,0.9738285801000001,0.282902734375,0.35852548089248804,0.2884625503416574,False,/data/suehara/part/march/datasets/20250711_ilc_nnqq_sgv_10m_3cat_parquet,val50k_tail,,proxy
14,14,0,,lr_5_75e-6,9e-06,validation_total_reference_mistag_geomean_percent,0.3658753496552126,min,0.8889999678595175,0.8889999678595175,0.5035900082184037,0.26582094422188735,0.3658753496552126,,0.14399999718750006,0.06600000112792971,2.7079998615753245,0.19399999597412118,0.44999998626709026,0.05600000164062505,2.453999905451206,1.0399999936523439,0.01599035816667656,0.01798455828267429,72,50000,0.010529894247015226,0.01252721430061417,33,50000,0.0716497980193357,0.07354144018649304,1354,50000,0.018707497323864092,0.02069969747986102,97,50000,0.02895754437551969,0.03093950473631252,225,50000,0.009628122740163846,0.011625842785762949,28,50000,0.06824712025735036,0.07014892222131155,1227,50000,0.04440017202225789,0.046358532855041504,520,50000,0.8922333333333333,0.9737673568000002,0.2831913671875,0.35852548089248804,0.28883956232308095,False,/data/suehara/part/march/datasets/20250711_ilc_nnqq_sgv_10m_3cat_parquet,val50k_tail,,proxy
14,14,0,,lr_8_5e-6,8.5e-06,validation_total_reference_mistag_geomean_percent,0.3682090006094755,min,0.8937499781718261,0.8937499781718261,0.5040348565415913,0.2689851036495554,0.3682090006094755,,0.14599999750488285,0.06799999900390627,2.7179999375825514,0.19399999597412118,0.4460000122497562,0.05600000164062505,2.479999901611332,1.0419999798074344,0.0161073831476864,0.01810150326528408,73,50000,0.010701894656100771,0.01269913471129969,34,50000,0.07178015121059762,0.07367139338575433,1359,50000,0.018707497323864092,0.02069969747986102,97,50000,0.028824810095263997,0.03080693045285684,223,50000,0.009628122740163846,0.011625842785762949,28,50000,0.06860390346318315,0.07050466544794368,1240,50000,0.04444334510580756,0.046401625940190906,521,50000,0.8921266666666666,0.9736597965666666,0.28370220052083334,0.35852548089248804,0.28953013160238944,False,/data/suehara/part/march/datasets/20250711_ilc_nnqq_sgv_10m_3cat_parquet,val50k_tail,,proxy
15,15,0,,lr_11_25e-6,1.125e-05,validation_total_reference_mistag_geomean_percent,0.3631352943802166,min,0.8812500135721976,0.8812500135721976,0.4990151398437159,0.26425499247558976,0.3631352943802166,,0.14200000208007815,0.06600000112792971,2.6820000986270176,0.19399999597412118,0.4359999901538088,0.05600000164062505,2.4280000240814212,1.0459999948925782,0.015872517214740804,0.01786679732913854,71,50000,0.010529894247015226,0.01252721430061417,33,50000,0.07130965300872726,0.07320233515508458,1341,50000,0.018707497323864092,0.02069969747986102,97,50000,0.028490315650111717,0.03047283599970467,218,50000,0.009628122740163846,0.011625842785762949,28,50000,0.06788829693773375,0.06979113888089493,1214,50000,0.04452956335492912,0.04648768419251263,523,50000,0.8923866666666667,0.9738470849333334,0.28280701822916665,0.35852548089248804,0.288510830940007,False,/data/suehara/part/march/datasets/20250711_ilc_nnqq_sgv_10m_3cat_parquet,val50k_tail,,proxy
15,15,0,,lr_14e-6,1.4e-05,validation_total_reference_mistag_geomean_percent,0.35761134010565787,min,0.8747500067283062,0.8747500067283062,0.4907968288537344,0.2605678420352561,0.35761134010565787,,0.14000000170898438,0.064,2.6520000574621596,0.19399999597412118,0.42599998777954134,0.05400000131835941,2.4299999842414857,1.0380000253417976,0.01575384307703153,0.01774820318982931,70,50000,0.0103552826863133,0.012352682738312273,32,50000,0.07091494976198438,0.07280883188434221,1326,50000,0.018707497323864092,0.02069969747986102,97,50000,0.02815191825724459,0.03013483859883783,213,50000,0.0094384043456773,0.011436204389676428,27,50000,0.06791597188520564,0.06981873382996724,1215,50000,0.04435695613715339,0.04631539696833692,519,50000,0.89254,0.9739534616333333,0.28225158854166665,0.35761134010565787,0.287783696318841,False,/data/suehara/part/march/datasets/20250711_ilc_nnqq_sgv_10m_3cat_parquet,val50k_tail,,proxy
15,15,0,,lr_3e-6,1.3500000000000001e-05,validation_total_reference_mistag_geomean_percent,0.35989034818640875,min,0.8757500089747245,0.8757500089747245,0.4933560972346678,0.2625305807381702,0.35989034818640875,,0.14000000170898438,0.06600000112792971,2.65000011119843,0.19399999597412118,0.43399999509948733,0.05400000131835941,2.4259999855630494,1.0419999798074344,0.01575384307703153,0.01774820318982931,70,50000,0.010529894247015226,0.01252721430061417,33,50000,0.07088855042782331,0.07278251254858141,1325,50000,0.018707497323864092,0.02069969747986102,97,50000,0.028422952692990465,0.03040555304098351,217,50000,0.0094384043456773,0.011436204389676428,27,50000,0.06786060972951875,0.0697635316710802,1213,50000,0.04444334510580756,0.046401625940190906,521,50000,0.8924733333333333,0.9738834996,0.2826078515625,0.35761134010565787,0.28829527124549864,False,/data/suehara/part/march/datasets/20250711_ilc_nnqq_sgv_10m_3cat_parquet,val50k_tail,,proxy
15,15,0,,lr_5_75e-6,9e-06,validation_total_reference_mistag_geomean_percent,0.36431960537573177,min,0.8854999942996225,0.8854999942996225,0.501529049168212,0.26464822941215504,0.36431960537573177,,0.14200000208007815,0.06600000112792971,2.6980000687509174,0.19399999597412118,0.44400001083984403,0.05600000164062505,2.44199989417603,1.0419999798074344,0.015872517214740804,0.01786679732913854,71,50000,0.010529894247015226,0.01252721430061417,33,50000,0.07151918346484203,0.07341122562399931,1349,50000,0.018707497323864092,0.02069969747986102,97,50000,0.028758217104436073,0.030740417460429006,222,50000,0.009628122740163846,0.011625842785762949,28,50000,0.06808176491855805,0.06998404687291945,1221,50000,0.04444334510580756,0.046401625940190906,521,50000,0.89228,0.9738073964999999,0.282994921875,0.35761134010565787,0.2887421144007729,False,/data/suehara/part/march/datasets/20250711_ilc_nnqq_sgv_10m_3cat_parquet,val50k_tail,,proxy
15,15,0,,lr_8_5e-6,1.68e-05,validation_total_reference_mistag_geomean_percent,0.35726253477658443,min,0.8760000134450536,0.8760000134450536,0.48585351385125447,0.2627057644252554,0.35726253477658443,,0.14399999718750006,0.064,2.664000065039064,0.19399999597412118,0.42599998777954134,0.052000000507812505,2.4280000240814212,1.036000036990968,0.01599035816667656,0.01798455828267429,72,50000,0.0103552826863133,0.012352682738312273,32,50000,0.07107311984285922,0.07296652197481684,1332,50000,0.018707497323864092,0.02069969747986102,97,50000,0.02815191825724459,0.03013483859883783,213,50000,0.00924516668895976,0.011243046731358937,26,50000,0.06788829693773375,0.06979113888089493,1214,50000,0.044313697328091095,0.046272218157674544,518,50000,0.8926266666666667,0.9739616290333334,0.28220118489583335,0.35726253477658443,0.2877869863562874,False,/data/suehara/part/march/datasets/20250711_ilc_nnqq_sgv_10m_3cat_parquet,val50k_tail,,proxy
16,16,0,,lr_11_25e-6,1.125e-05,validation_total_reference_mistag_geomean_percent,0.3621753587037118,min,0.8780000107238393,0.8780000107238393,0.49377558478315836,0.2656490002634822,0.3621753587037118,,0.14599999750488285,0.06600000112792971,2.664000065039064,0.19399999597412118,0.4380000022723389,0.05400000131835941,2.4259999855630494,1.036000036990968,0.0161073831476864,0.01810150326528408,73,50000,0.010529894247015226,0.01252721430061417,33,50000,0.07107311984285922,0.07296652197481684,1332,50000,0.018707497323864092,0.02069969747986102,97,50000,0.028557522513779788,0.030539962864972823,219,50000,0.0094384043456773,0.011436204389676428,27,50000,0.06786060972951875,0.0697635316710802,1213,50000,0.044313697328091095,0.046272218157674544,518,50000,0.89244,0.9738768188666667,0.2826595182291667,0.35726253477658443,0.2881497592443174,False,/data/suehara/part/march/datasets/20250711_ilc_nnqq_sgv_10m_3cat_parquet,val50k_tail,,proxy
16,16,0,,lr_14e-6,1.4e-05,validation_total_reference_mistag_geomean_percent,0.355477020140125,min,0.8699999922093586,0.8699999922093586,0.4836043411070473,0.26129606603289735,0.355477020140125,,0.14200000208007815,0.064,2.643999929397585,0.19399999597412118,0.42599998777954134,0.052000000507812505,2.4160000280175784,1.0219999939181519,0.015872517214740804,0.01786679732913854,71,50000,0.0103552826863133,0.012352682738312273,32,50000,0.07080928763855202,0.07270348975451021,1322,50000,0.018707497323864092,0.02069969747986102,97,50000,0.02815191825724459,0.03013483859883783,213,50000,0.00924516668895976,0.011243046731358937,26,50000,0.06772198925879096,0.06962531119235234,1208,50000,0.04400967338718462,0.04596875420556819,511,50000,0.8926666666666667,0.9739776146666667,0.28214578125,0.355477020140125,0.28741040635057885,False,/data/suehara/part/march/datasets/20250711_ilc_nnqq_sgv_10m_3cat_parquet,val50k_tail,,proxy
16,16,0,,lr_3e-6,1.3500000000000001e-05,validation_total_reference_mistag_geomean_percent,0.36061974915762185,min,0.8747500142228707,0.8747500142228707,0.4919743754857546,0.2643361320477385,0.36061974915762185,,0.14399999718750006,0.06600000112792971,2.6479999692919924,0.19399999597412118,0.43200001054687526,0.05400000131835941,2.4240001013452193,1.036000036990968,0.01599035816667656,0.01798455828267429,72,50000,0.010529894247015226,0.01252721430061417,33,50000,0.07086214030379533,0.07275618242295369,1324,50000,0.018707497323864092,0.02069969747986102,97,50000,0.02835543256815773,0.030338112914550866,216,50000,0.0094384043456773,0.011436204389676428,27,50000,0.06783291024577663,0.06973591218573834,1212,50000,0.044313697328091095,0.046272218157674544,518,50000,0.8925266666666667,0.9739136939,0.28245618489583335,0.355477020140125,0.2879035840327827,False,/data/suehara/part/march/datasets/20250711_ilc_nnqq_sgv_10m_3cat_parquet,val50k_tail,,proxy
16,16,0,,lr_5_75e-6,9e-06,validation_total_reference_mistag_geomean_percent,0.36250037277144187,min,0.8817500159982304,0.8817500159982304,0.4954436307970307,0.2652300122377956,0.36250037277144187,,0.14399999718750006,0.06600000112792971,2.6840000143341065,0.19399999597412118,0.44200000957702656,0.05400000131835941,2.432000083125003,1.0380000253417976,0.01599035816667656,0.01798455828267429,72,50000,0.010529894247015226,0.01252721430061417,33,50000,0.07133588130421552,0.07322848345217327,1342,50000,0.018707497323864092,0.02069969747986102,97,50000,0.028691472196859958,0.03067375255125281,221,50000,0.0094384043456773,0.011436204389676428,27,50000,0.06794363458668927,0.06984631653305061,1216,50000,0.04435695613715339,0.04631539696833692,519,50000,0.8922333333333333,0.9738324724666666,0.2828894921875,0.355477020140125,0.28841490603128767,False,/data/suehara/part/march/datasets/20250711_ilc_nnqq_sgv_10m_3cat_parquet,val50k_tail,,proxy
16,16,0,,lr_8_5e-6,1.68e-05,validation_total_reference_mistag_geomean_percent,0.3551306018231547,min,0.8695000043894204,0.8695000043894204,0.4826622392983051,0.26129606603289735,0.3551306018231547,,0.14200000208007815,0.064,2.643999929397585,0.19399999597412118,0.4239999937890626,0.052000000507812505,2.4180001099493458,1.0180000034173584,0.015872517214740804,0.01786679732913854,71,50000,0.0103552826863133,0.012352682738312273,32,50000,0.07080928763855202,0.07270348975451021,1322,50000,0.018707497323864092,0.02069969747986102,97,50000,0.028083758467464543,0.0300667588074577,212,50000,0.00924516668895976,0.011243046731358937,26,50000,0.06774973799309122,0.06965297992825303,1209,50000,0.0439224159769493,0.04588165679213305,509,50000,0.8927133333333334,0.9739875884333333,0.28208204427083333,0.3551306018231547,0.287372223589603,False,/data/suehara/part/march/datasets/20250711_ilc_nnqq_sgv_10m_3cat_parquet,val50k_tail,,proxy
17,17,0,,lr_11_25e-6,1.125e-05,validation_total_reference_mistag_geomean_percent,0.35861727330334603,min,0.8757499828827486,0.8757499828827486,0.48742014868823086,0.26385111296206887,0.35861727330334603,,0.14399999718750006,0.06600000112792971,2.6559998703125065,0.1920000075000003,0.43200001054687526,0.052000000507812505,2.4299999842414857,1.0339999916378786,0.01599035816667656,0.01798455828267429,72,50000,0.010529894247015226,0.01252721430061417,33,50000,0.07096771610815983,0.07286143823371782,1328,50000,0.018606088111257617,0.020598368265654594,96,50000,0.02835543256815773,0.030338112914550866,216,50000,0.00924516668895976,0.011243046731358937,26,50000,0.06791597188520564,0.06981873382996724,1215,50000,0.04427039547207877,0.04622899630006248,517,50000,0.8926066666666667,0.9738927426666667,0.2825984765625,0.3551306018231547,0.28793823236031285,False,/data/suehara/part/march/datasets/20250711_ilc_nnqq_sgv_10m_3cat_parquet,val50k_tail,,proxy
17,17,0,,lr_14e-6,1.4e-05,validation_total_reference_mistag_geomean_percent,0.3581467532143165,min,0.8692500165423973,0.8692500165423973,0.4836043411070473,0.26523561915165633,0.3581467532143165,,0.14399999718750006,0.06600000112792971,2.630000124404913,0.19799999939575197,0.42599998777954134,0.052000000507812505,2.4160000280175784,1.0219999939181519,0.01599035816667656,0.01798455828267429,72,50000,0.010529894247015226,0.01252721430061417,33,50000,0.07062396167407149,0.07251872377882947,1315,50000,0.01890875502183506,0.02090079518103191,99,50000,0.02815191825724459,0.03013483859883783,213,50000,0.00924516668895976,0.011243046731358937,26,50000,0.06772198925879096,0.06962531119235234,1208,50000,0.04400967338718462,0.04596875420556819,511,50000,0.89284,0.9739920539333333,0.28209640625,0.3551306018231547,0.28719573174698587,False,/data/suehara/part/march/datasets/20250711_ilc_nnqq_sgv_10m_3cat_parquet,val50k_tail,,proxy
17,17,0,,lr_3e-6,1.3500000000000001e-05,validation_total_reference_mistag_geomean_percent,0.35814814202000855,min,0.8704999862287144,0.8704999862287144,0.4845609688546756,0.2647140398773093,0.35814814202000855,,0.14399999718750006,0.06600000112792971,2.6359999457000742,0.1960000040673829,0.4300000065612794,0.052000000507812505,2.4219999312603777,1.0180000034173584,0.01599035816667656,0.01798455828267429,72,50000,0.010529894247015226,0.01252721430061417,33,50000,0.07070345230494601,0.07259797441450389,1318,50000,0.018808383644857783,0.020800503802454642,98,50000,0.02828775418893207,0.030270514533725125,215,50000,0.00924516668895976,0.011243046731358937,26,50000,0.06780519847169354,0.06970828041005482,1211,50000,0.0439224159769493,0.04588165679213305,509,50000,0.8926133333333334,0.9739324850000001,0.2824068359375,0.3551306018231547,0.2876688472107443,False,/data/suehara/part/march/datasets/20250711_ilc_nnqq_sgv_10m_3cat_parquet,val50k_tail,,proxy
17,17,0,,lr_5_75e-6,9e-06,validation_total_reference_mistag_geomean_percent,0.3624409763618202,min,0.8805000177357489,0.8805000177357489,0.49602216923577014,0.26483385117343333,0.3624409763618202,,0.14399999718750006,0.06600000112792971,2.66800006961487,0.19399999597412118,0.44200000957702656,0.05400000131835941,2.4340000872787506,1.0419999798074344,0.01599035816667656,0.01798455828267429,72,50000,0.010529894247015226,0.01252721430061417,33,50000,0.07112575741969329,0.07301899955485108,1334,50000,0.018707497323864092,0.02069969747986102,97,50000,0.028691472196859958,0.03067375255125281,221,50000,0.0094384043456773,0.011436204389676428,27,50000,0.06797128505690829,0.06987388700486936,1217,50000,0.04444334510580756,0.046401625940190906,521,50000,0.8923533333333333,0.9738477704666666,0.2828268098958333,0.3551306018231547,0.28822955935271455,False,/data/suehara/part/march/datasets/20250711_ilc_nnqq_sgv_10m_3cat_parquet,val50k_tail,,proxy
17,17,0,,lr_8_5e-6,1.68e-05,validation_total_reference_mistag_geomean_percent,0.3584114098656239,min,0.8664999988375858,0.8664999988375858,0.4823990692077255,0.26629143155860596,0.3584114098656239,,0.14399999718750006,0.06799999900390627,2.6200000479736336,0.1960000040673829,0.4239999937890626,0.052000000507812505,2.407999941945802,1.020000006225586,0.01599035816667656,0.01798455828267429,72,50000,0.010701894656100771,0.01269913471129969,34,50000,0.07049125893131454,0.07238642102807315,1310,50000,0.018808383644857783,0.020800503802454642,98,50000,0.028083758467464543,0.0300667588074577,212,50000,0.00924516668895976,0.011243046731358937,26,50000,0.06761087067270397,0.06951451259986571,1204,50000,0.043966066708366405,0.04592522752515024,510,50000,0.8927866666666666,0.9740067562666667,0.282029765625,0.3551306018231547,0.287118458360618,False,/data/suehara/part/march/datasets/20250711_ilc_nnqq_sgv_10m_3cat_parquet,val50k_tail,,proxy
18,18,0,,lr_11_25e-6,1.125e-05,validation_total_reference_mistag_geomean_percent,0.3568370628263586,min,0.8727500049733361,0.8727500049733361,0.4865542212289183,0.2617029795465159,0.3568370628263586,,0.14000000170898438,0.06600000112792971,2.643999929397585,0.1920000075000003,0.4300000065612794,0.052000000507812505,2.4240001013452193,1.0339999916378786,0.01575384307703153,0.01774820318982931,70,50000,0.010529894247015226,0.01252721430061417,33,50000,0.07080928763855202,0.07270348975451021,1322,50000,0.018606088111257617,0.020598368265654594,96,50000,0.02828775418893207,0.030270514533725125,215,50000,0.00924516668895976,0.011243046731358937,26,50000,0.06783291024577663,0.06973591218573834,1212,50000,0.04427039547207877,0.04622899630006248,517,50000,0.8926666666666667,0.9739232625333334,0.2824575,0.3551306018231547,0.28758723240900697,False,/data/suehara/part/march/datasets/20250711_ilc_nnqq_sgv_10m_3cat_parquet,val50k_tail,,proxy
18,18,0,,lr_14e-6,1.4e-05,validation_total_reference_mistag_geomean_percent,0.3559920925094301,min,0.8670000267104351,0.8670000267104351,0.4819292174814045,0.26296469550351054,0.3559920925094301,,0.14200000208007815,0.06600000112792971,2.630000124404913,0.19399999597412118,0.42199999510620123,0.052000000507812505,2.4100000882568393,1.020000006225586,0.015872517214740804,0.01786679732913854,71,50000,0.010529894247015226,0.01252721430061417,33,50000,0.07062396167407149,0.07251872377882947,1315,50000,0.018707497323864092,0.02069969747986102,97,50000,0.028015435948228976,0.029998516286622225,211,50000,0.00924516668895976,0.011243046731358937,26,50000,0.06763866889655593,0.06954223082531741,1205,50000,0.043966066708366405,0.04592522752515024,510,50000,0.89288,0.9740237830666666,0.2819520963541667,0.3551306018231547,0.2868348569004153,False,/data/suehara/part/march/datasets/20250711_ilc_nnqq_sgv_10m_3cat_parquet,val50k_tail,,proxy
18,18,0,,lr_3e-6,1.3500000000000001e-05,validation_total_reference_mistag_geomean_percent,0.3567128623094413,min,0.871999996568203,0.871999996568203,0.48467784974112393,0.2625332810339033,0.3567128623094413,,0.14200000208007815,0.06600000112792971,2.6399999919433594,0.1920000075000003,0.4239999937890626,0.052000000507812505,2.4299999842414857,1.0299999913558961,0.015872517214740804,0.01786679732913854,71,50000,0.010529894247015226,0.01252721430061417,33,50000,0.07075639167085507,0.0726507537836131,1320,50000,0.018606088111257617,0.020598368265654594,96,50000,0.028083758467464543,0.0300667588074577,212,50000,0.00924516668895976,0.011243046731358937,26,50000,0.06791597188520564,0.06981873382996724,1215,50000,0.04418366212426278,0.04614242294904633,515,50000,0.8927466666666667,0.9739677545666666,0.282218359375,0.3551306018231547,0.2872936432770693,False,/data/suehara/part/march/datasets/20250711_ilc_nnqq_sgv_10m_3cat_parquet,val50k_tail,,proxy
18,18,0,,lr_5_75e-6,9e-06,validation_total_reference_mistag_geomean_percent,0.3575819117187993,min,0.8740000133020024,0.8740000133020024,0.488680006791704,0.2616534783731648,0.3575819117187993,,0.14000000170898438,0.06600000112792971,2.6420000443450937,0.1920000075000003,0.4359999901538088,0.052000000507812505,2.4280000240814212,1.036000036990968,0.01575384307703153,0.01774820318982931,70,50000,0.010529894247015226,0.01252721430061417,33,50000,0.07078284507348702,0.07267712718784479,1321,50000,0.018606088111257617,0.020598368265654594,96,50000,0.028490315650111717,0.03047283599970467,218,50000,0.00924516668895976,0.011243046731358937,26,50000,0.06788829693773375,0.06979113888089493,1214,50000,0.044313697328091095,0.046272218157674544,518,50000,0.8925266666666667,0.9738764088333333,0.28267704427083334,0.3551306018231547,0.2879042423009759,False,/data/suehara/part/march/datasets/20250711_ilc_nnqq_sgv_10m_3cat_parquet,val50k_tail,,proxy
18,18,0,,lr_8_5e-6,1.68e-05,validation_total_reference_mistag_geomean_percent,0.35574124801219564,min,0.8634999982720188,0.8634999982720188,0.48182534007716676,0.26265085086020296,0.35574124801219564,,0.14399999718750006,0.06600000112792971,2.607999933144533,0.1920000075000003,0.4239999937890626,0.052000000507812505,2.4060000212933352,1.0160000316259776,0.01599035816667656,0.01798455828267429,72,50000,0.010529894247015226,0.01252721430061417,33,50000,0.0703316534734804,0.07222729556063921,1304,50000,0.018606088111257617,0.020598368265654594,96,50000,0.028083758467464543,0.0300667588074577,212,50000,0.00924516668895976,0.011243046731358937,26,50000,0.0675830600388904,0.06948678196445242,1203,50000,0.043878721064451176,0.04583804187803485,508,50000,0.89288,0.9740457852666667,0.28184045572916666,0.3551306018231547,0.28672263148936245,False,/data/suehara/part/march/datasets/20250711_ilc_nnqq_sgv_10m_3cat_parquet,val50k_tail,,proxy
19,19,0,,lr_11_25e-6,1.125e-05,validation_total_reference_mistag_geomean_percent,0.3589446376532597,min,0.8730000039141856,0.8730000039141856,0.4846758288631929,0.2658297468685968,0.3589446376532597,,0.14599999750488285,0.06600000112792971,2.643999929397585,0.1960000040673829,0.42199999510620123,0.052000000507812505,2.4180001099493458,1.0399999936523439,0.0161073831476864,0.01810150326528408,73,50000,0.010529894247015226,0.01252721430061417,33,50000,0.07080928763855202,0.07270348975451021,1322,50000,0.018808383644857783,0.020800503802454642,98,50000,0.028015435948228976,0.029998516286622225,211,50000,0.00924516668895976,0.011243046731358937,26,50000,0.06774973799309122,0.06965297992825303,1209,50000,0.04440017202225789,0.046358532855041504,520,50000,0.8926466666666667,0.9739547556333333,0.28225911458333336,0.3551306018231547,0.2874496801304624,False,/data/suehara/part/march/datasets/20250711_ilc_nnqq_sgv_10m_3cat_parquet,val50k_tail,,proxy
19,19,0,,lr_14e-6,1.4e-05,validation_total_reference_mistag_geomean_percent,0.3562168739767575,min,0.8672499883234601,0.8672499883234601,0.47946498278664745,0.26465011181481196,0.3562168739767575,,0.14200000208007815,0.06799999900390627,2.6459999065324435,0.1920000075000003,0.41399999191406267,0.052000000507812505,2.402000005131226,1.0219999939181519,0.015872517214740804,0.01786679732913854,71,50000,0.010701894656100771,0.01269913471129969,34,50000,0.07083571937800959,0.07272984149556752,1323,50000,0.018606088111257617,0.020598368265654594,96,50000,0.027740495331519045,0.02972389566351227,207,50000,0.00924516668895976,0.011243046731358937,26,50000,0.06752740148097888,0.06943128340334073,1201,50000,0.04400967338718462,0.04596875420556819,511,50000,0.89282,0.9740533081666668,0.2817674479166667,0.3551306018231547,0.2866932207958747,False,/data/suehara/part/march/datasets/20250711_ilc_nnqq_sgv_10m_3cat_parquet,val50k_tail,,proxy
19,19,0,,lr_3e-6,1.3500000000000001e-05,validation_total_reference_mistag_geomean_percent,0.35743713436259084,min,0.8682499931165697,0.8682499931165697,0.48300582879793785,0.2645129673472095,0.35743713436259084,,0.14399999718750006,0.06600000112792971,2.628000013634033,0.1960000040673829,0.42199999510620123,0.052000000507812505,2.407999941945802,1.0299999913558961,0.01599035816667656,0.01798455828267429,72,50000,0.010529894247015226,0.01252721430061417,33,50000,0.0705974429936456,0.07249228509680385,1314,50000,0.018808383644857783,0.020800503802454642,98,50000,0.028015435948228976,0.029998516286622225,211,50000,0.00924516668895976,0.011243046731358937,26,50000,0.06761087067270397,0.06951451259986571,1204,50000,0.04418366212426278,0.04614242294904633,515,50000,0.8926866666666666,0.9739977966,0.2820387109375,0.3551306018231547,0.2871379857685156,False,/data/suehara/part/march/datasets/20250711_ilc_nnqq_sgv_10m_3cat_parquet,val50k_tail,,proxy
19,19,0,,lr_5_75e-6,9e-06,validation_total_reference_mistag_geomean_percent,0.36207326944255425,min,0.8730000111474615,0.8730000111474615,0.4926331900731653,0.26611494127172003,0.36207326944255425,,0.14399999718750006,0.06799999900390627,2.6399999919433594,0.19399999597412118,0.4359999901538088,0.05400000131835941,2.4100000882568393,1.0380000253417976,0.01599035816667656,0.01798455828267429,72,50000,0.010701894656100771,0.01269913471129969,34,50000,0.07075639167085507,0.0726507537836131,1320,50000,0.018707497323864092,0.02069969747986102,97,50000,0.028490315650111717,0.03047283599970467,218,50000,0.0094384043456773,0.011436204389676428,27,50000,0.06763866889655593,0.06954223082531741,1205,50000,0.04435695613715339,0.04631539696833692,519,50000,0.8925533333333333,0.9739026361666667,0.28253328125,0.3551306018231547,0.2877891683567143,False,/data/suehara/part/march/datasets/20250711_ilc_nnqq_sgv_10m_3cat_parquet,val50k_tail,,proxy
19,19,0,,lr_8_5e-6,1.68e-05,validation_total_reference_mistag_geomean_percent,0.3562954273373482,min,0.8635000119365696,0.8635000119365696,0.48239024899884037,0.263161272030208,0.3562954273373482,,0.14200000208007815,0.06799999900390627,2.6420000443450937,0.1879999917382816,0.41399999191406267,0.05400000131835941,2.3840000334667972,1.0160000316259776,0.015872517214740804,0.01786679732913854,71,50000,0.010701894656100771,0.01269913471129969,34,50000,0.07078284507348702,0.07267712718784479,1321,50000,0.018401668178712582,0.020394108329909573,94,50000,0.027740495331519045,0.02972389566351227,207,50000,0.0094384043456773,0.011436204389676428,27,50000,0.06727631967073204,0.0691809215786942,1192,50000,0.043878721064451176,0.04583804187803485,508,50000,0.89286,0.9740762967,0.2816262109375,0.3551306018231547,0.2865518920765441,False,/data/suehara/part/march/datasets/20250711_ilc_nnqq_sgv_10m_3cat_parquet,val50k_tail,,proxy
20,20,0,,lr_11_25e-6,1.125e-05,validation_total_reference_mistag_geomean_percent,0.35786685962007075,min,0.8717499891217806,0.8717499891217806,0.4838001387221063,0.2647140398773093,0.35786685962007075,,0.14399999718750006,0.06600000112792971,2.6359999457000742,0.1960000040673829,0.41999998718261755,0.052000000507812505,2.4259999855630494,1.0339999916378786,0.01599035816667656,0.01798455828267429,72,50000,0.010529894247015226,0.01252721430061417,33,50000,0.07070345230494601,0.07259797441450389,1318,50000,0.018808383644857783,0.020800503802454642,98,50000,0.027946949547622783,0.029930109884416124,210,50000,0.00924516668895976,0.011243046731358937,26,50000,0.06786060972951875,0.0697635316710802,1213,50000,0.04427039547207877,0.04622899630006248,517,50000,0.8927,0.9739619481,0.28224731770833333,0.3551306018231547,0.2873790071499682,False,/data/suehara/part/march/datasets/20250711_ilc_nnqq_sgv_10m_3cat_parquet,val50k_tail,,proxy
20,20,0,,lr_14e-6,1.4e-05,validation_total_reference_mistag_geomean_percent,0.35502956480536013,min,0.8602500038237764,0.8602500038237764,0.4777250530239423,0.26384630885072363,0.35502956480536013,,0.14200000208007815,0.06799999900390627,2.6140000331057744,0.1920000075000003,0.41399999191406267,0.052000000507812505,2.3860000167474364,1.0139999797311405,0.015872517214740804,0.01786679732913854,71,50000,0.010701894656100771,0.01269913471129969,34,50000,0.07041150573567877,0.07230690782763748,1307,50000,0.018606088111257617,0.020598368265654594,96,50000,0.027740495331519045,0.02972389566351227,207,50000,0.00924516668895976,0.011243046731358937,26,50000,0.06730426781710735,0.06920878972666925,1193,50000,0.04383498184175865,0.04579438265374259,507,50000,0.8929,0.9740606608000001,0.28172895833333333,0.35502956480536013,0.28660660116148245,False,/data/suehara/part/march/datasets/20250711_ilc_nnqq_sgv_10m_3cat_parquet,val50k_tail,,proxy
20,20,0,,lr_3e-6,1.3500000000000001e-05,validation_total_reference_mistag_geomean_percent,0.3559533057012778,min,0.8675000030720902,0.8675000030720902,0.4814795015265328,0.2631529596544728,0.3559533057012778,,0.14399999718750006,0.06600000112792971,2.628000013634033,0.1920000075000003,0.41600000406250004,0.052000000507812505,2.4120000092010496,1.0299999913558961,0.01599035816667656,0.01798455828267429,72,50000,0.010529894247015226,0.01252721430061417,33,50000,0.0705974429936456,0.07249228509680385,1314,50000,0.018606088111257617,0.020598368265654594,96,50000,0.02780948042589897,0.02979280075949232,208,50000,0.00924516668895976,0.011243046731358937,26,50000,0.06766645472550611,0.06956993665586803,1206,50000,0.04418366212426278,0.04614242294904633,515,50000,0.8928066666666666,0.9740083651666667,0.2820010546875,0.35502956480536013,0.2870424906521511,False,/data/suehara/part/march/datasets/20250711_ilc_nnqq_sgv_10m_3cat_parquet,val50k_tail,,proxy
20,20,0,,lr_5_75e-6,1.1200000000000001e-05,validation_total_reference_mistag_geomean_percent,0.35501628307356137,min,0.8605000063756183,0.8605000063756183,0.4776893101001265,0.26384630885072363,0.35501628307356137,,0.14200000208007815,0.06799999900390627,2.6140000331057744,0.1920000075000003,0.41399999191406267,0.052000000507812505,2.3900000437622078,1.0119999731311042,0.015872517214740804,0.01786679732913854,71,50000,0.010701894656100771,0.01269913471129969,34,50000,0.07041150573567877,0.07230690782763748,1307,50000,0.018606088111257617,0.020598368265654594,96,50000,0.027740495331519045,0.02972389566351227,207,50000,0.00924516668895976,0.011243046731358937,26,50000,0.06736012639214847,0.06926448830491053,1195,50000,0.0437911981791236,0.04575067898950746,506,50000,0.89298,0.9740561798666666,0.281773125,0.35501628307356137,0.2865995567634184,False,/data/suehara/part/march/datasets/20250711_ilc_nnqq_sgv_10m_3cat_parquet,val50k_tail,,proxy
20,20,0,,lr_8_5e-6,1.68e-05,validation_total_reference_mistag_geomean_percent,0.353513585289758,min,0.8582499947677616,0.8582499947677616,0.4776596846755302,0.2616336672191861,0.353513585289758,,0.14200000208007815,0.06600000112792971,2.603999970596924,0.1920000075000003,0.41399999191406267,0.052000000507812505,2.3799999527893076,1.0160000316259776,0.015872517214740804,0.01786679732913854,71,50000,0.010529894247015226,0.01252721430061417,33,50000,0.0702783634307605,0.07217416551471914,1302,50000,0.018606088111257617,0.020598368265654594,96,50000,0.027740495331519045,0.02972389566351227,207,50000,0.00924516668895976,0.011243046731358937,26,50000,0.06722038558307011,0.0691251474878321,1190,50000,0.043878721064451176,0.04583804187803485,508,50000,0.8928866666666667,0.9740860376666666,0.28159522135416665,0.353513585289758,0.2864325982241447,False,/data/suehara/part/march/datasets/20250711_ilc_nnqq_sgv_10m_3cat_parquet,val50k_tail,,proxy
21,21,0,,lr_11_25e-6,1.125e-05,validation_total_reference_mistag_geomean_percent,0.356979571414619,min,0.8709999942696767,0.8709999942696767,0.48272442541051885,0.2639899862100249,0.356979571414619,,0.14200000208007815,0.06600000112792971,2.643999929397585,0.1960000040673829,0.417999997321167,0.052000000507812505,2.4160000280175784,1.0339999916378786,0.015872517214740804,0.01786679732913854,71,50000,0.010529894247015226,0.01252721430061417,33,50000,0.07080928763855202,0.07270348975451021,1322,50000,0.018808383644857783,0.020800503802454642,98,50000,0.027878298100028925,0.029861538435222226,209,50000,0.00924516668895976,0.011243046731358937,26,50000,0.06772198925879096,0.06962531119235234,1208,50000,0.04427039547207877,0.04622899630006248,517,50000,0.8927733333333333,0.9739940268333335,0.28210626302083336,0.353513585289758,0.28705831511794583,False,/data/suehara/part/march/datasets/20250711_ilc_nnqq_sgv_10m_3cat_parquet,val50k_tail,,proxy
21,21,0,,lr_14e-6,1.4e-05,validation_total_reference_mistag_geomean_percent,0.3557687850387944,min,0.8599999999227149,0.8599999999227149,0.48105303476066,0.2631132520990194,0.3557687850387944,,0.14000000170898438,0.06799999900390627,2.622000059212648,0.1920000075000003,0.4100000062561036,0.05400000131835941,2.3759999209643583,1.0180000034173584,0.01575384307703153,0.01774820318982931,70,50000,0.010701894656100771,0.01269913471129969,34,50000,0.07051782137231857,0.07241290347067691,1311,50000,0.018606088111257617,0.020598368265654594,96,50000,0.027602018034883144,0.029585578363676597,205,50000,0.0094384043456773,0.011436204389676428,27,50000,0.06716440099887658,0.0690693229004391,1188,50000,0.0439224159769493,0.04588165679213305,509,50000,0.8930666666666667,0.9740942108333334,0.2815821484375,0.353513585289758,0.2862772614132615,False,/data/suehara/part/march/datasets/20250711_ilc_nnqq_sgv_10m_3cat_parquet,val50k_tail,,proxy
21,21,0,,lr_3e-6,1.3500000000000001e-05,validation_total_reference_mistag_geomean_percent,0.3562661131477316,min,0.8642499883841708,0.8642499883841708,0.48466275703920564,0.26188425154178896,0.3562661131477316,,0.14000000170898438,0.06600000112792971,2.623999974375,0.19399999597412118,0.41600000406250004,0.05400000131835941,2.3939999499545297,1.0259999785519414,0.01575384307703153,0.01774820318982931,70,50000,0.010529894247015226,0.01252721430061417,33,50000,0.0705443728549214,0.07243937495487948,1312,50000,0.018707497323864092,0.02069969747986102,97,50000,0.02780948042589897,0.02979280075949232,208,50000,0.0094384043456773,0.011436204389676428,27,50000,0.0674159347794738,0.06932013669543602,1197,50000,0.0440967550978227,0.04605567591940644,513,50000,0.8928133333333333,0.9740408768666665,0.28186631510416665,0.353513585289758,0.28670526574277583,False,/data/suehara/part/march/datasets/20250711_ilc_nnqq_sgv_10m_3cat_parquet,val50k_tail,,proxy
21,21,0,,lr_5_75e-6,1.1200000000000001e-05,validation_total_reference_mistag_geomean_percent,0.35601444985252184,min,0.8605000053856088,0.8605000053856088,0.48201898295464535,0.26294874887887915,0.35601444985252184,,0.13799999730468757,0.06799999900390627,2.6260000490852367,0.19399999597412118,0.41399999191406267,0.05400000131835941,2.3720000050671386,1.0180000034173584,0.015634317924008823,0.01762875803520661,69,50000,0.010701894656100771,0.01269913471129969,34,50000,0.07057091339130912,0.07246583549286763,1313,50000,0.018707497323864092,0.02069969747986102,97,50000,0.027740495331519045,0.02972389566351227,207,50000,0.0094384043456773,0.011436204389676428,27,50000,0.0671083657937211,0.06901344769208347,1186,50000,0.0439224159769493,0.04588165679213305,509,50000,0.8930266666666666,0.9740840874,0.2816454296875,0.353513585289758,0.2863036736895617,False,/data/suehara/part/march/datasets/20250711_ilc_nnqq_sgv_10m_3cat_parquet,val50k_tail,,proxy
21,21,0,,lr_8_5e-6,1.68e-05,validation_total_reference_mistag_geomean_percent,0.35524992420610885,min,0.8580000161813358,0.8580000161813358,0.4799256961942369,0.2629625995215914,0.35524992420610885,,0.14000000170898438,0.06799999900390627,2.6160000279418947,0.1920000075000003,0.4080000024902344,0.05400000131835941,2.3700000578613296,1.0160000316259776,0.01575384307703153,0.01774820318982931,70,50000,0.010701894656100771,0.01269913471129969,34,50000,0.07043810112523918,0.07233342321879763,1308,50000,0.018606088111257617,0.020598368265654594,96,50000,0.027532523372190067,0.02951616369938348,204,50000,0.0094384043456773,0.011436204389676428,27,50000,0.06708032916925392,0.06898549106601655,1185,50000,0.043878721064451176,0.04583804187803485,508,50000,0.89304,0.9741241143,0.28142596354166666,0.353513585289758,0.2860779132319881,False,/data/suehara/part/march/datasets/20250711_ilc_nnqq_sgv_10m_3cat_parquet,val50k_tail,,proxy
22,22,0,,lr_11_25e-6,1.125e-05,validation_total_reference_mistag_geomean_percent,0.3568774862606309,min,0.8672500145689019,0.8672500145689019,0.48243598347903677,0.26399676757370455,0.3568774862606309,,0.14000000170898438,0.06799999900390627,2.630000124404913,0.19399999597412118,0.42199999510620123,0.052000000507812505,2.4060000212933352,1.0259999785519414,0.01575384307703153,0.01774820318982931,70,50000,0.010701894656100771,0.01269913471129969,34,50000,0.07062396167407149,0.07251872377882947,1315,50000,0.018707497323864092,0.02069969747986102,97,50000,0.028015435948228976,0.029998516286622225,211,50000,0.00924516668895976,0.011243046731358937,26,50000,0.0675830600388904,0.06948678196445242,1203,50000,0.0440967550978227,0.04605567591940644,513,50000,0.8928666666666667,0.9740205357999999,0.28191126302083336,0.353513585289758,0.2872771249853429,False,/data/suehara/part/march/datasets/20250711_ilc_nnqq_sgv_10m_3cat_parquet,val50k_tail,,proxy
22,22,0,,lr_14e-6,1.4e-05,validation_total_reference_mistag_geomean_percent,0.35368328758893325,min,0.8562499993630986,0.8562499993630986,0.48072946809317024,0.260212606512135,0.35368328758893325,,0.13599999800781254,0.06600000112792971,2.6059999713696294,0.1960000040673829,0.41399999191406267,0.05400000131835941,2.3700000578613296,1.0079999692382822,0.015513923280260607,0.017508443389858443,68,50000,0.010529894247015226,0.01252721430061417,33,50000,0.07030501398048727,0.07220073606604566,1303,50000,0.018808383644857783,0.020800503802454642,98,50000,0.027740495331519045,0.02972389566351227,207,50000,0.0094384043456773,0.011436204389676428,27,50000,0.06708032916925392,0.06898549106601655,1185,50000,0.04370349701182767,0.04566313781901171,504,50000,0.8930933333333333,0.9741174164,0.2814296484375,0.353513585289758,0.2864870808025201,False,/data/suehara/part/march/datasets/20250711_ilc_nnqq_sgv_10m_3cat_parquet,val50k_tail,,proxy
22,22,0,,lr_3e-6,1.3500000000000001e-05,validation_total_reference_mistag_geomean_percent,0.35461141250819694,min,0.8625000064153294,0.8625000064153294,0.48347935565443384,0.2600922922775998,0.35461141250819694,,0.13599999800781254,0.06600000112792971,2.628000013634033,0.19399999597412118,0.417999997321167,0.05400000131835941,2.3920000708081077,1.0119999731311042,0.015513923280260607,0.017508443389858443,68,50000,0.010529894247015226,0.01252721430061417,33,50000,0.0705974429936456,0.07249228509680385,1314,50000,0.018707497323864092,0.02069969747986102,97,50000,0.027878298100028925,0.029861538435222226,209,50000,0.0094384043456773,0.011436204389676428,27,50000,0.06738803685159972,0.06929231876596151,1196,50000,0.0437911981791236,0.04575067898950746,506,50000,0.8929266666666666,0.9740695978000001,0.2816838151041667,0.353513585289758,0.28690503333296097,False,/data/suehara/part/march/datasets/20250711_ilc_nnqq_sgv_10m_3cat_parquet,val50k_tail,,proxy
22,22,0,,lr_5_75e-6,1.1200000000000001e-05,validation_total_reference_mistag_geomean_percent,0.35441709912227576,min,0.856750000616074,0.856750000616074,0.4809677492365706,0.2611640392721328,0.35441709912227576,,0.13799999730468757,0.06600000112792971,2.6059999713696294,0.1960000040673829,0.41399999191406267,0.05400000131835941,2.3700000578613296,1.0099999799652104,0.015634317924008823,0.01762875803520661,69,50000,0.010529894247015226,0.01252721430061417,33,50000,0.07030501398048727,0.07220073606604566,1303,50000,0.018808383644857783,0.020800503802454642,98,50000,0.027740495331519045,0.02972389566351227,207,50000,0.0094384043456773,0.011436204389676428,27,50000,0.06708032916925392,0.06898549106601655,1185,50000,0.04374736994615762,0.045706930754941394,505,50000,0.8930733333333334,0.9741046825,0.2814979296875,0.353513585289758,0.28654679370777947,False,/data/suehara/part/march/datasets/20250711_ilc_nnqq_sgv_10m_3cat_parquet,val50k_tail,,proxy
22,22,0,,lr_8_5e-6,1.68e-05,validation_total_reference_mistag_geomean_percent,0.3545055838656084,min,0.850250013774567,0.850250013774567,0.48191762073698696,0.2607794435897671,0.3545055838656084,,0.14000000170898438,0.06600000112792971,2.5800000393676763,0.19399999597412118,0.4080000024902344,0.05600000164062505,2.356000073696902,1.0019999941900635,0.01575384307703153,0.01774820318982931,70,50000,0.010529894247015226,0.01252721430061417,33,50000,0.06995768987239775,0.07185445193715681,1290,50000,0.018707497323864092,0.02069969747986102,97,50000,0.027532523372190067,0.02951616369938348,204,50000,0.009628122740163846,0.011625842785762949,28,50000,0.06688371625647796,0.06878943814204036,1178,50000,0.04357160868057441,0.04553148948295855,501,50000,0.89304,0.9741483426666666,0.2812605598958333,0.353513585289758,0.28626157383124035,False,/data/suehara/part/march/datasets/20250711_ilc_nnqq_sgv_10m_3cat_parquet,val50k_tail,,proxy
23,23,0,,lr_11_25e-6,1.125e-05,validation_total_reference_mistag_geomean_percent,0.35802456228583,min,0.8674999886470994,0.8674999886470994,0.48707791866252803,0.2631644389709458,0.35802456228583,,0.14200000208007815,0.06600000112792971,2.6380000452842722,0.19399999597412118,0.4239999937890626,0.05400000131835941,2.3959998910510305,1.0259999785519414,0.015872517214740804,0.01786679732913854,71,50000,0.010529894247015226,0.01252721430061417,33,50000,0.07072992741867616,0.07262436952983446,1319,50000,0.018707497323864092,0.02069969747986102,97,50000,0.028083758467464543,0.0300667588074577,212,50000,0.0094384043456773,0.011436204389676428,27,50000,0.06744382019108416,0.06934794210864612,1198,50000,0.0440967550978227,0.04605567591940644,513,50000,0.89298,0.9740358177999999,0.2818761328125,0.353513585289758,0.28647514350435827,False,/data/suehara/part/march/datasets/20250711_ilc_nnqq_sgv_10m_3cat_parquet,val50k_tail,,proxy
23,23,0,,lr_14e-6,1.4e-05,validation_total_reference_mistag_geomean_percent,0.3543262105699709,min,0.8540000011629871,0.8540000011629871,0.4812326880800883,0.26088639987810097,0.3543262105699709,,0.13599999800781254,0.06799999900390627,2.5819999507522593,0.19399999597412118,0.41200000301757816,0.05400000131835941,2.3680000578125013,1.0180000034173584,0.015513923280260607,0.017508443389858443,68,50000,0.010701894656100771,0.01269913471129969,34,50000,0.0699844740767331,0.07188115614309189,1291,50000,0.018707497323864092,0.02069969747986102,97,50000,0.027671341608769995,0.02965482193916331,206,50000,0.0094384043456773,0.011436204389676428,27,50000,0.06705227984264775,0.06895752173780995,1184,50000,0.0439224159769493,0.04588165679213305,509,50000,0.8930733333333334,0.9741345370666666,0.2813669401041667,0.353513585289758,0.2856708773962097,False,/data/suehara/part/march/datasets/20250711_ilc_nnqq_sgv_10m_3cat_parquet,val50k_tail,,proxy
23,23,0,,lr_3e-6,1.3500000000000001e-05,validation_total_reference_mistag_geomean_percent,0.35453458074527405,min,0.8577499832517249,0.8577499832517249,0.4822220623565711,0.26065744136626484,0.35453458074527405,,0.14000000170898438,0.06600000112792971,2.6019999380627454,0.1920000075000003,0.41399999191406267,0.05400000131835941,2.3759999209643583,1.0180000034173584,0.01575384307703153,0.01774820318982931,70,50000,0.010529894247015226,0.01252721430061417,33,50000,0.07025170181190338,0.07214758389426229,1301,50000,0.018606088111257617,0.020598368265654594,96,50000,0.027740495331519045,0.02972389566351227,207,50000,0.0094384043456773,0.011436204389676428,27,50000,0.06716440099887658,0.0690693229004391,1188,50000,0.0439224159769493,0.04588165679213305,509,50000,0.8930266666666666,0.9740869242333335,0.2816011328125,0.353513585289758,0.2860824195304788,False,/data/suehara/part/march/datasets/20250711_ilc_nnqq_sgv_10m_3cat_parquet,val50k_tail,,proxy
23,23,0,,lr_5_75e-6,1.1200000000000001e-05,validation_total_reference_mistag_geomean_percent,0.35449777433637025,min,0.8520000069204715,0.8520000069204715,0.482125313538961,0.26065561894477185,0.35449777433637025,,0.13799999730468757,0.06799999900390627,2.562000061376039,0.1920000075000003,0.41600000406250004,0.05400000131835941,2.3720000050671386,1.0139999797311405,0.015634317924008823,0.01762875803520661,69,50000,0.010701894656100771,0.01269913471129969,34,50000,0.06971612561353611,0.07161360766389548,1281,50000,0.018606088111257617,0.020598368265654594,96,50000,0.02780948042589897,0.02979280075949232,208,50000,0.0094384043456773,0.011436204389676428,27,50000,0.0671083657937211,0.06901344769208347,1186,50000,0.04383498184175865,0.04579438265374259,507,50000,0.89312,0.9741187258333334,0.281455703125,0.353513585289758,0.28576271591103725,False,/data/suehara/part/march/datasets/20250711_ilc_nnqq_sgv_10m_3cat_parquet,val50k_tail,,proxy
23,23,0,,lr_8_5e-6,1.68e-05,validation_total_reference_mistag_geomean_percent,0.35332372762729547,min,0.849249971544496,0.849249971544496,0.4783360671001411,0.26098315617566037,0.35332372762729547,,0.13399999640136728,0.07000000085449219,2.5759998773632873,0.1920000075000003,0.4080000024902344,0.05400000131835941,2.3479999132971225,1.0119999731311042,0.015392639991259324,0.01738724009925721,67,50000,0.010871397397403768,0.01286855745420266,35,50000,0.0699040877917223,0.0718010098532812,1288,50000,0.018606088111257617,0.020598368265654594,96,50000,0.027532523372190067,0.02951616369938348,204,50000,0.0094384043456773,0.011436204389676428,27,50000,0.06677108448815486,0.06867712636731763,1174,50000,0.0437911981791236,0.04575067898950746,506,50000,0.8930266666666666,0.9741672035666666,0.2811861328125,0.35332372762729547,0.2854183157719849,False,/data/suehara/part/march/datasets/20250711_ilc_nnqq_sgv_10m_3cat_parquet,val50k_tail,,proxy
24,24,0,,lr_11_25e-6,1.125e-05,validation_total_reference_mistag_geomean_percent,0.35718202314897324,min,0.8622500137173278,0.8622500137173278,0.4848383458727677,0.26313718530479685,0.35718202314897324,,0.14200000208007815,0.06600000112792971,2.610000108524327,0.1960000040673829,0.417999997321167,0.05400000131835941,2.3860000167474364,1.0259999785519414,0.015872517214740804,0.01786679732913854,71,50000,0.010529894247015226,0.01252721430061417,33,50000,0.07035828192211435,0.0722538440108729,1305,50000,0.018808383644857783,0.020800503802454642,98,50000,0.027878298100028925,0.029861538435222226,209,50000,0.0094384043456773,0.011436204389676428,27,50000,0.06730426781710735,0.06920878972666925,1193,50000,0.0440967550978227,0.04605567591940644,513,50000,0.8928866666666667,0.9740596732333334,0.2817741927083333,0.35332372762729547,0.28643422930383544,False,/data/suehara/part/march/datasets/20250711_ilc_nnqq_sgv_10m_3cat_parquet,val50k_tail,,proxy
24,24,0,,lr_14e-6,1.4e-05,validation_total_reference_mistag_geomean_percent,0.3502103331395126,min,0.8452500043811038,0.8452500043811038,0.4801713908691184,0.2554239585488314,0.3502103331395126,,0.13399999640136728,0.06600000112792971,2.56,0.1879999917382816,0.40199998920410185,0.05600000164062505,2.352000048808595,1.0040000061279297,0.015392639991259324,0.01738724009925721,67,50000,0.010529894247015226,0.01252721430061417,33,50000,0.06968922863662165,0.07158679068538128,1280,50000,0.018401668178712582,0.020394108329909573,94,50000,0.027323000245685562,0.02930688056807908,201,50000,0.009628122740163846,0.011625842785762949,28,50000,0.0668274260616334,0.06873330794399633,1176,50000,0.04361561651169965,0.04557541731568353,502,50000,0.89312,0.9741584558333333,0.2812613151041667,0.3502103331395126,0.2856185004526269,False,/data/suehara/part/march/datasets/20250711_ilc_nnqq_sgv_10m_3cat_parquet,val50k_tail,,proxy
24,24,0,,lr_3e-6,1.3500000000000001e-05,validation_total_reference_mistag_geomean_percent,0.35433617099606207,min,0.8509999911676605,0.8509999911676605,0.48366149412915455,0.25959089900719534,0.35433617099606207,,0.13799999730468757,0.06600000112792971,2.569999909805301,0.19399999597412118,0.4080000024902344,0.05600000164062505,2.362000041267243,1.0139999797311405,0.015634317924008823,0.01762875803520661,69,50000,0.010529894247015226,0.01252721430061417,33,50000,0.06982360029967154,0.07172076235643053,1285,50000,0.018707497323864092,0.02069969747986102,97,50000,0.027532523372190067,0.02951616369938348,204,50000,0.009628122740163846,0.011625842785762949,28,50000,0.06696805549281093,0.06887353738317323,1181,50000,0.04383498184175865,0.04579438265374259,507,50000,0.8930066666666666,0.9741130187000001,0.28149048177083336,0.3502103331395126,0.2860249205289513,False,/data/suehara/part/march/datasets/20250711_ilc_nnqq_sgv_10m_3cat_parquet,val50k_tail,,proxy
24,24,0,,lr_5_75e-6,1.1200000000000001e-05,validation_total_reference_mistag_geomean_percent,0.35351277894880956,min,0.8489999950134091,0.8489999950134091,0.4833646982700336,0.2585445013410851,0.35351277894880956,,0.13599999800781254,0.06600000112792971,2.5660000297570806,0.19399999597412118,0.4100000062561036,0.05600000164062505,2.3539999473783886,1.0099999799652104,0.015513923280260607,0.017508443389858443,68,50000,0.010529894247015226,0.01252721430061417,33,50000,0.06976988557512824,0.07166720762868777,1283,50000,0.018707497323864092,0.02069969747986102,97,50000,0.027602018034883144,0.029585578363676597,205,50000,0.009628122740163846,0.011625842785762949,28,50000,0.06685557757339644,0.0687613794573591,1177,50000,0.04374736994615762,0.045706930754941394,505,50000,0.8930666666666667,0.9741388942333332,0.28136752604166665,0.3502103331395126,0.2857412831001799,False,/data/suehara/part/march/datasets/20250711_ilc_nnqq_sgv_10m_3cat_parquet,val50k_tail,,proxy
24,24,0,,lr_8_5e-6,1.68e-05,validation_total_reference_mistag_geomean_percent,0.3490015094074359,min,0.8417499963163377,0.8417499963163377,0.4813372196250525,0.25304931470611974,0.3490015094074359,,0.12999999920654298,0.06600000112792971,2.5419999592727667,0.1879999917382816,0.4080000024902344,0.05600000164062505,2.3400000089263915,1.0040000061279297,0.015147327248533623,0.01714208735333156,65,50000,0.010529894247015226,0.01252721430061417,33,50000,0.0694466436247855,0.07134492565914544,1271,50000,0.018401668178712582,0.020394108329909573,94,50000,0.027532523372190067,0.02951616369938348,204,50000,0.009628122740163846,0.011625842785762949,28,50000,0.0666582466921313,0.06856460856489444,1170,50000,0.04361561651169965,0.04557541731568353,502,50000,0.8930666666666667,0.9741953861666667,0.281064296875,0.3490015094074359,0.2853407158767122,False,/data/suehara/part/march/datasets/20250711_ilc_nnqq_sgv_10m_3cat_parquet,val50k_tail,,proxy
25,25,0,,lr_11_25e-6,1.125e-05,validation_total_reference_mistag_geomean_percent,0.35925179131053864,min,0.8647500001574143,0.8647500001574143,0.4864999279635832,0.2652864720865728,0.35925179131053864,,0.14200000208007815,0.06799999900390627,2.643999929397585,0.19399999597412118,0.4100000062561036,0.05600000164062505,2.3780000883549532,1.0259999785519414,0.015872517214740804,0.01786679732913854,71,50000,0.010701894656100771,0.01269913471129969,34,50000,0.07080928763855202,0.07270348975451021,1322,50000,0.018707497323864092,0.02069969747986102,97,50000,0.027602018034883144,0.029585578363676597,205,50000,0.009628122740163846,0.011625842785762949,28,50000,0.06719239961080446,0.06909724151396672,1189,50000,0.0440967550978227,0.04605567591940644,513,50000,0.893,0.9740741737333334,0.2816787890625,0.3490015094074359,0.28632318639488574,False,/data/suehara/part/march/datasets/20250711_ilc_nnqq_sgv_10m_3cat_parquet,val50k_tail,,proxy
25,25,0,,lr_14e-6,1.4e-05,validation_total_reference_mistag_geomean_percent,0.35360211896415517,min,0.8460000041457368,0.8460000041457368,0.4827183607550348,0.25902155107663655,0.35360211896415517,,0.13200000225585942,0.07000000085449219,2.5639999902191164,0.18999999768066408,0.41399999191406267,0.05600000164062505,2.3420000486010752,1.0,0.01527044818788576,0.01726512829428365,66,50000,0.010871397397403768,0.01286855745420266,35,50000,0.0697430112554024,0.0716404133073615,1282,50000,0.018504147852544686,0.02049650800534169,95,50000,0.027740495331519045,0.02972389566351227,207,50000,0.009628122740163846,0.011625842785762949,28,50000,0.06668647551251045,0.06859275738687332,1171,50000,0.0435275556174234,0.04548751641820746,500,50000,0.89298,0.9741710791999999,0.28117884114583336,0.3490015094074359,0.2855053087363976,False,/data/suehara/part/march/datasets/20250711_ilc_nnqq_sgv_10m_3cat_parquet,val50k_tail,,proxy
25,25,0,,lr_3e-6,1.3500000000000001e-05,validation_total_reference_mistag_geomean_percent,0.35779096569780217,min,0.8574999946688084,0.8574999946688084,0.48929146243891497,0.26163214558632863,0.35779096569780217,,0.13599999800781254,0.07000000085449219,2.6179999480682383,0.1879999917382816,0.41399999191406267,0.057999999716796875,2.3680000578125013,1.0079999692382822,0.015513923280260607,0.017508443389858443,68,50000,0.010871397397403768,0.01286855745420266,35,50000,0.07046468551969928,0.07235992761485746,1309,50000,0.018401668178712582,0.020394108329909573,94,50000,0.027740495331519045,0.02972389566351227,207,50000,0.009814507069923326,0.0118121471171224,29,50000,0.06705227984264775,0.06895752173780995,1184,50000,0.04370349701182767,0.04566313781901171,504,50000,0.8930666666666667,0.9741277291666668,0.2813963151041667,0.3490015094074359,0.28590230726730476,False,/data/suehara/part/march/datasets/20250711_ilc_nnqq_sgv_10m_3cat_parquet,val50k_tail,,proxy
25,25,0,,lr_5_75e-6,1.1200000000000001e-05,validation_total_reference_mistag_geomean_percent,0.3559582320120148,min,0.8519999972142792,0.8519999972142792,0.48794036481048003,0.2596757146466722,0.3559582320120148,,0.13200000225585942,0.07000000085449219,2.589999990119934,0.18999999768066408,0.41200000301757816,0.057999999716796875,2.3579999960421754,1.0059999880267336,0.01527044818788576,0.01726512829428365,66,50000,0.010871397397403768,0.01286855745420266,35,50000,0.0700914989497807,0.07198786102253982,1295,50000,0.018504147852544686,0.02049650800534169,95,50000,0.027671341608769995,0.02965482193916331,206,50000,0.009814507069923326,0.0118121471171224,29,50000,0.06691184212681209,0.06881748401397492,1179,50000,0.043659579244453156,0.045619300050037115,503,50000,0.8930533333333334,0.9741501461666667,0.281293359375,0.3490015094074359,0.2856546635998822,False,/data/suehara/part/march/datasets/20250711_ilc_nnqq_sgv_10m_3cat_parquet,val50k_tail,,proxy
25,25,0,,lr_8_5e-6,1.68e-05,validation_total_reference_mistag_geomean_percent,0.34994502954863144,min,0.8422500033526233,0.8422500033526233,0.4755851518470339,0.2574965245028944,0.34994502954863144,,0.13200000225585942,0.07000000085449219,2.5580000636221327,0.186000003178711,0.4080000024902344,0.05400000131835941,2.3359999600781256,0.9939999930230713,0.01527044818788576,0.01726512829428365,66,50000,0.010871397397403768,0.01286855745420266,35,50000,0.06966232031172526,0.07155996235888445,1279,50000,0.018298640498242997,0.020291160647840055,93,50000,0.027532523372190067,0.02951616369938348,204,50000,0.0094384043456773,0.011436204389676428,27,50000,0.06660175021164123,0.0685082720812042,1168,50000,0.04339512368923739,0.04535532448522155,497,50000,0.89308,0.9742097565,0.28096055989583335,0.3490015094074359,0.28521070087852507,False,/data/suehara/part/march/datasets/20250711_ilc_nnqq_sgv_10m_3cat_parquet,val50k_tail,,proxy
26,26,0,,lr_11_25e-6,1.125e-05,validation_total_reference_mistag_geomean_percent,0.3540343304750637,min,0.8589999941683965,0.8589999941683965,0.48070111900920015,0.26074477923677924,0.3540343304750637,,0.13799999730468757,0.06600000112792971,2.6160000279418947,0.19399999597412118,0.4080000024902344,0.05400000131835941,2.3759999209643583,1.020000006225586,0.015634317924008823,0.01762875803520661,69,50000,0.010529894247015226,0.01252721430061417,33,50000,0.07043810112523918,0.07233342321879763,1308,50000,0.018707497323864092,0.02069969747986102,97,50000,0.027532523372190067,0.02951616369938348,204,50000,0.0094384043456773,0.011436204389676428,27,50000,0.06716440099887658,0.0690693229004391,1188,50000,0.043966066708366405,0.04592522752515024,510,50000,0.8929066666666666,0.9740934017666666,0.28155817708333336,0.3490015094074359,0.2866361260215536,False,/data/suehara/part/march/datasets/20250711_ilc_nnqq_sgv_10m_3cat_parquet,val50k_tail,,proxy
26,26,0,,lr_14e-6,1.4e-05,validation_total_reference_mistag_geomean_percent,0.3470263989895045,min,0.845999974583894,0.845999974583894,0.4712709811355075,0.255537315931183,0.3470263989895045,,0.13200000225585942,0.06600000112792971,2.5759998773632873,0.18999999768066408,0.4040000044384766,0.052000000507812505,2.3479999132971225,1.0,0.01527044818788576,0.01726512829428365,66,50000,0.010529894247015226,0.01252721430061417,33,50000,0.0699040877917223,0.0718010098532812,1288,50000,0.018504147852544686,0.02049650800534169,95,50000,0.027393015753673228,0.029376816077666783,202,50000,0.00924516668895976,0.011243046731358937,26,50000,0.06677108448815486,0.06867712636731763,1174,50000,0.0435275556174234,0.04548751641820746,500,50000,0.8930733333333334,0.9741940593999999,0.28102984375,0.3470263989895045,0.28581071112026546,False,/data/suehara/part/march/datasets/20250711_ilc_nnqq_sgv_10m_3cat_parquet,val50k_tail,,proxy
26,26,0,,lr_3e-6,1.3500000000000001e-05,validation_total_reference_mistag_geomean_percent,0.35068606798384927,min,0.8512499996705631,0.8512499996705631,0.4770047578923732,0.2578186406805635,0.35068606798384927,,0.13399999640136728,0.06600000112792971,2.6019999380627454,0.1920000075000003,0.40599999801757813,0.05400000131835941,2.352000048808595,1.0040000061279297,0.015392639991259324,0.01738724009925721,67,50000,0.010529894247015226,0.01252721430061417,33,50000,0.07025170181190338,0.07214758389426229,1301,50000,0.018606088111257617,0.020598368265654594,96,50000,0.027462856367866828,0.029446576693460333,203,50000,0.0094384043456773,0.011436204389676428,27,50000,0.0668274260616334,0.06873330794399633,1176,50000,0.04361561651169965,0.04557541731568353,502,50000,0.89302,0.9741487724666666,0.28126360677083334,0.3470263989895045,0.28620033589560095,False,/data/suehara/part/march/datasets/20250711_ilc_nnqq_sgv_10m_3cat_parquet,val50k_tail,,proxy
26,26,0,,lr_5_75e-6,1.1200000000000001e-05,validation_total_reference_mistag_geomean_percent,0.3518076362552025,min,0.8474999749775708,0.8474999749775708,0.48126753961249075,0.2571721604725917,0.3518076362552025,,0.13399999640136728,0.06600000112792971,2.5759998773632873,0.1920000075000003,0.4080000024902344,0.05600000164062505,2.3479999132971225,1.0,0.015392639991259324,0.01738724009925721,67,50000,0.010529894247015226,0.01252721430061417,33,50000,0.0699040877917223,0.0718010098532812,1288,50000,0.018606088111257617,0.020598368265654594,96,50000,0.027532523372190067,0.02951616369938348,204,50000,0.009628122740163846,0.011625842785762949,28,50000,0.06677108448815486,0.06867712636731763,1174,50000,0.0435275556174234,0.04548751641820746,500,50000,0.893,0.9741674897333333,0.2811860807291667,0.3470263989895045,0.2859853529422298,False,/data/suehara/part/march/datasets/20250711_ilc_nnqq_sgv_10m_3cat_parquet,val50k_tail,,proxy
26,26,0,,lr_8_5e-6,1.68e-05,validation_total_reference_mistag_geomean_percent,0.3458456140160013,min,0.8407500078788763,0.8407500078788763,0.4717607364823624,0.2535378200949047,0.3458456140160013,,0.13200000225585942,0.06600000112792971,2.5499999659538273,0.186000003178711,0.4080000024902344,0.052000000507812505,2.3300000933265723,1.0019999941900635,0.01527044818788576,0.01726512829428365,66,50000,0.010529894247015226,0.01252721430061417,33,50000,0.06955457327275476,0.07145253531351432,1275,50000,0.018298640498242997,0.020291160647840055,93,50000,0.027532523372190067,0.02951616369938348,204,50000,0.00924516668895976,0.011243046731358937,26,50000,0.06651690814794449,0.06842367001270756,1165,50000,0.04357160868057441,0.04553148948295855,501,50000,0.8932066666666667,0.9742319167,0.2808211328125,0.3458456140160013,0.2854959299980261,False,/data/suehara/part/march/datasets/20250711_ilc_nnqq_sgv_10m_3cat_parquet,val50k_tail,,proxy
27,27,0,,lr_11_25e-6,1.125e-05,validation_total_reference_mistag_geomean_percent,0.3538696800728194,min,0.8552500091765791,0.8552500091765791,0.4805883869327797,0.2605634132652371,0.3538696800728194,,0.13599999800781254,0.06799999900390627,2.5959999790057373,0.1920000075000003,0.41200000301757816,0.05400000131835941,2.374000105594029,1.0099999799652104,0.015513923280260607,0.017508443389858443,68,50000,0.010701894656100771,0.01269913471129969,34,50000,0.07017165041622066,0.07206777249377967,1298,50000,0.018606088111257617,0.020598368265654594,96,50000,0.027671341608769995,0.02965482193916331,206,50000,0.0094384043456773,0.011436204389676428,27,50000,0.06713638973171662,0.06904139163167872,1187,50000,0.04374736994615762,0.045706930754941394,505,50000,0.8930333333333333,0.9741060641666666,0.2814989583333333,0.3458456140160013,0.28633915345857075,False,/data/suehara/part/march/datasets/20250711_ilc_nnqq_sgv_10m_3cat_parquet,val50k_tail,,proxy
27,27,0,,lr_14e-6,1.4e-05,validation_total_reference_mistag_geomean_percent,0.34895819641906334,min,0.8424999857039648,0.8424999857039648,0.4777336771525132,0.25489478483881467,0.34895819641906334,,0.12999999920654298,0.06799999900390627,2.5399999806213382,0.1879999917382816,0.4100000062561036,0.05400000131835941,2.3479999132971225,1.0019999941900635,0.015147327248533623,0.01714208735333156,65,50000,0.010701894656100771,0.01269913471129969,34,50000,0.06941963258184844,0.07131799461460794,1270,50000,0.018401668178712582,0.020394108329909573,94,50000,0.027602018034883144,0.029585578363676597,205,50000,0.0094384043456773,0.011436204389676428,27,50000,0.06677108448815486,0.06867712636731763,1174,50000,0.04357160868057441,0.04553148948295855,501,50000,0.89314,0.9742021685000001,0.28099274739583335,0.3458456140160013,0.28549690095160146,False,/data/suehara/part/march/datasets/20250711_ilc_nnqq_sgv_10m_3cat_parquet,val50k_tail,,proxy
27,27,0,,lr_3e-6,1.3500000000000001e-05,validation_total_reference_mistag_geomean_percent,0.3524487482831129,min,0.8489999902343561,0.8489999902343561,0.47909744356751277,0.2592794468727496,0.3524487482831129,,0.13599999800781254,0.06799999900390627,2.5719999874414063,0.18999999768066408,0.41200000301757816,0.05400000131835941,2.3539999473783886,1.0059999880267336,0.015513923280260607,0.017508443389858443,68,50000,0.010701894656100771,0.01269913471129969,34,50000,0.06985044073018094,0.07174752278854037,1286,50000,0.018504147852544686,0.02049650800534169,95,50000,0.027671341608769995,0.02965482193916331,206,50000,0.0094384043456773,0.011436204389676428,27,50000,0.06685557757339644,0.0687613794573591,1177,50000,0.043659579244453156,0.045619300050037115,503,50000,0.8931066666666667,0.9741601725666668,0.2812210807291667,0.3458456140160013,0.2858852812369929,False,/data/suehara/part/march/datasets/20250711_ilc_nnqq_sgv_10m_3cat_parquet,val50k_tail,,proxy
27,27,0,,lr_5_75e-6,1.1200000000000001e-05,validation_total_reference_mistag_geomean_percent,0.351532478379545,min,0.8459999951060111,0.8459999951060111,0.4790313672174177,0.2579686672158534,0.351532478379545,,0.13399999640136728,0.06799999900390627,2.5580000636221327,0.18999999768066408,0.41399999191406267,0.05400000131835941,2.345999904779667,1.0040000061279297,0.015392639991259324,0.01738724009925721,67,50000,0.010701894656100771,0.01269913471129969,34,50000,0.06966232031172526,0.07155996235888445,1279,50000,0.018504147852544686,0.02049650800534169,95,50000,0.027740495331519045,0.02972389566351227,207,50000,0.0094384043456773,0.011436204389676428,27,50000,0.0667428943944004,0.06864901627196343,1173,50000,0.04361561651169965,0.04557541731568353,502,50000,0.8931266666666666,0.9741778368666667,0.28113479166666666,0.3458456140160013,0.2856991288068746,False,/data/suehara/part/march/datasets/20250711_ilc_nnqq_sgv_10m_3cat_parquet,val50k_tail,,proxy
27,27,0,,lr_8_5e-6,1.68e-05,validation_total_reference_mistag_geomean_percent,0.3458949748842696,min,0.8389999988893317,0.8389999988893317,0.4711043061661704,0.25396357469929026,0.3458949748842696,,0.12999999920654298,0.06799999900390627,2.5299999816627503,0.186000003178711,0.4040000044384766,0.052000000507812505,2.3400000089263915,1.0019999941900635,0.015147327248533623,0.01714208735333156,65,50000,0.010701894656100771,0.01269913471129969,34,50000,0.06928440492173712,0.07118316694649726,1265,50000,0.018298640498242997,0.020291160647840055,93,50000,0.027393015753673228,0.029376816077666783,202,50000,0.00924516668895976,0.011243046731358937,26,50000,0.0666582466921313,0.06856460856489444,1170,50000,0.04357160868057441,0.04553148948295855,501,50000,0.8932066666666667,0.9742439471666665,0.28077484375,0.3458456140160013,0.28515772533547185,False,/data/suehara/part/march/datasets/20250711_ilc_nnqq_sgv_10m_3cat_parquet,val50k_tail,,proxy
28,28,0,,lr_11_25e-6,1.125e-05,validation_total_reference_mistag_geomean_percent,0.3557637760917866,min,0.8545000124016005,0.8545000124016005,0.4875089533794159,0.2596216202835198,0.3557637760917866,,0.13799999730468757,0.06600000112792971,2.598000064022371,0.1920000075000003,0.4080000024902344,0.057999999716796875,2.3680000578125013,1.0079999692382822,0.015634317924008823,0.01762875803520661,69,50000,0.010529894247015226,0.01252721430061417,33,50000,0.07019834531709034,0.07209438739624908,1299,50000,0.018606088111257617,0.020598368265654594,96,50000,0.027532523372190067,0.02951616369938348,204,50000,0.009814507069923326,0.0118121471171224,29,50000,0.06705227984264775,0.06895752173780995,1184,50000,0.04370349701182767,0.04566313781901171,504,50000,0.8929266666666666,0.9741253611666666,0.28142373697916667,0.3458456140160013,0.285991315201088,False,/data/suehara/part/march/datasets/20250711_ilc_nnqq_sgv_10m_3cat_parquet,val50k_tail,,proxy
28,28,0,,lr_14e-6,1.4e-05,validation_total_reference_mistag_geomean_percent,0.3481304504288312,min,0.8410000206984337,0.8410000206984337,0.47350897530156344,0.2559503976426119,0.3481304504288312,,0.13399999640136728,0.06600000112792971,2.554000095089115,0.18999999768066408,0.4,0.05400000131835941,2.332000078995364,0.9979999949746704,0.015392639991259324,0.01738724009925721,67,50000,0.010529894247015226,0.01252721430061417,33,50000,0.06960846956612296,0.07150627161008269,1277,50000,0.018504147852544686,0.02049650800534169,95,50000,0.027252808544023274,0.029236768864816798,200,50000,0.0094384043456773,0.011436204389676428,27,50000,0.06654520183661874,0.06845188370298155,1166,50000,0.04348345718792508,0.04544349798710906,499,50000,0.8931,0.974225029,0.2809029557291667,0.3458456140160013,0.28514545467965435,False,/data/suehara/part/march/datasets/20250711_ilc_nnqq_sgv_10m_3cat_parquet,val50k_tail,,proxy
28,28,0,,lr_3e-6,1.3500000000000001e-05,validation_total_reference_mistag_geomean_percent,0.3495856458612787,min,0.8464999791399771,0.8464999791399771,0.4742321003919673,0.25770107863056296,0.3495856458612787,,0.13599999800781254,0.06600000112792971,2.5859999056924474,0.18999999768066408,0.40199998920410185,0.05400000131835941,2.3439999470654307,0.9939999930230713,0.015513923280260607,0.017508443389858443,68,50000,0.010529894247015226,0.01252721430061417,33,50000,0.07003800887682918,0.07193453094638813,1293,50000,0.018504147852544686,0.02049650800534169,95,50000,0.027323000245685562,0.02930688056807908,201,50000,0.0094384043456773,0.011436204389676428,27,50000,0.0667146914078872,0.06862089328384981,1172,50000,0.04339512368923739,0.04535532448522155,497,50000,0.8930266666666666,0.9741823509333333,0.28113962239583334,0.3458456140160013,0.2855274670255122,False,/data/suehara/part/march/datasets/20250711_ilc_nnqq_sgv_10m_3cat_parquet,val50k_tail,,proxy
28,28,0,,lr_5_75e-6,1.1200000000000001e-05,validation_total_reference_mistag_geomean_percent,0.34899606401903727,min,0.8450000002319914,0.8450000002319914,0.4747552231828142,0.25654957913728743,0.34899606401903727,,0.13399999640136728,0.06600000112792971,2.577999927816317,0.18999999768066408,0.4040000044384766,0.05400000131835941,2.338000046020814,0.9960000270520026,0.015392639991259324,0.01738724009925721,67,50000,0.010529894247015226,0.01252721430061417,33,50000,0.06993089444829736,0.07182773651145669,1289,50000,0.018504147852544686,0.02049650800534169,95,50000,0.027393015753673228,0.029376816077666783,202,50000,0.0094384043456773,0.011436204389676428,27,50000,0.06663000493057764,0.06853644680174034,1169,50000,0.04343931325708605,0.04539943405467029,498,50000,0.8930933333333333,0.9741932926666667,0.2810687369791667,0.3458456140160013,0.28537051142084774,False,/data/suehara/part/march/datasets/20250711_ilc_nnqq_sgv_10m_3cat_parquet,val50k_tail,,proxy
28,28,0,,lr_8_5e-6,1.68e-05,validation_total_reference_mistag_geomean_percent,0.3478055864514212,min,0.8397500173153121,0.8397500173153121,0.4707862647675589,0.2569504146994238,0.3478055864514212,,0.13200000225585942,0.06799999900390627,2.5560000097503663,0.18999999768066408,0.3920000081347658,0.05400000131835941,2.3300000933265723,0.9960000270520026,0.01527044818788576,0.01726512829428365,66,50000,0.010701894656100771,0.01269913471129969,34,50000,0.06963540062588716,0.07153312267144663,1278,50000,0.018504147852544686,0.02049650800534169,95,50000,0.02697025322873285,0.028954533543126652,196,50000,0.0094384043456773,0.011436204389676428,27,50000,0.06651690814794449,0.06842367001270756,1165,50000,0.04343931325708605,0.04539943405467029,498,50000,0.89318,0.9742681221666666,0.2806634375,0.3458456140160013,0.28478966688099844,False,/data/suehara/part/march/datasets/20250711_ilc_nnqq_sgv_10m_3cat_parquet,val50k_tail,,proxy
29,29,0,,lr_11_25e-6,1.125e-05,validation_total_reference_mistag_geomean_percent,0.3573687781195823,min,0.8542499818228918,0.8542499818228918,0.4869651596910226,0.26226197302434584,0.3573687781195823,,0.14200000208007815,0.06600000112792971,2.6019999380627454,0.19399999597412118,0.4100000062561036,0.057999999716796875,2.359999917175296,1.0019999941900635,0.015872517214740804,0.01786679732913854,71,50000,0.010529894247015226,0.01252721430061417,33,50000,0.07025170181190338,0.07214758389426229,1301,50000,0.018707497323864092,0.02069969747986102,97,50000,0.027602018034883144,0.029585578363676597,205,50000,0.009814507069923326,0.0118121471171224,29,50000,0.06693995520030069,0.06884551708906325,1180,50000,0.04357160868057441,0.04553148948295855,501,50000,0.8930466666666667,0.9741427864333333,0.2813119661458333,0.3458456140160013,0.28597222796005933,False,/data/suehara/part/march/datasets/20250711_ilc_nnqq_sgv_10m_3cat_parquet,val50k_tail,,proxy
29,29,0,,lr_14e-6,1.4e-05,validation_total_reference_mistag_geomean_percent,0.34795849627214287,min,0.838999979228669,0.838999979228669,0.47054064983414995,0.2573106386677662,0.34795849627214287,,0.13399999640136728,0.06799999900390627,2.5319998891168263,0.18999999768066408,0.40599999801757813,0.052000000507812505,2.3359999600781256,0.9939999930230713,0.015392639991259324,0.01738724009925721,67,50000,0.010701894656100771,0.01269913471129969,34,50000,0.06931147349066129,0.07121015551702116,1266,50000,0.018504147852544686,0.02049650800534169,95,50000,0.027462856367866828,0.029446576693460333,203,50000,0.00924516668895976,0.011243046731358937,26,50000,0.06660175021164123,0.0685082720812042,1168,50000,0.04339512368923739,0.04535532448522155,497,50000,0.8931266666666666,0.9742401305666668,0.2807932552083333,0.3458456140160013,0.28511145031106233,False,/data/suehara/part/march/datasets/20250711_ilc_nnqq_sgv_10m_3cat_parquet,val50k_tail,,proxy
29,29,0,,lr_3e-6,1.3500000000000001e-05,validation_total_reference_mistag_geomean_percent,0.34896569221174467,min,0.8454999983070377,0.8454999983070377,0.4722318530118903,0.25787556168464537,0.34896569221174467,,0.13599999800781254,0.06600000112792971,2.5660000297570806,0.1920000075000003,0.4080000024902344,0.052000000507812505,2.3439999470654307,1.0,0.015513923280260607,0.017508443389858443,68,50000,0.010529894247015226,0.01252721430061417,33,50000,0.06976988557512824,0.07166720762868777,1283,50000,0.018606088111257617,0.020598368265654594,96,50000,0.027532523372190067,0.02951616369938348,204,50000,0.00924516668895976,0.011243046731358937,26,50000,0.0667146914078872,0.06862089328384981,1172,50000,0.0435275556174234,0.04548751641820746,500,50000,0.8931133333333333,0.9742002439999999,0.2810015885416667,0.3458456140160013,0.285491276521778,False,/data/suehara/part/march/datasets/20250711_ilc_nnqq_sgv_10m_3cat_parquet,val50k_tail,,proxy
29,29,0,,lr_5_75e-6,1.1200000000000001e-05,validation_total_reference_mistag_geomean_percent,0.348898888542632,min,0.844500018803597,0.844500018803597,0.4722352102391039,0.25777500657913444,0.348898888542632,,0.13599999800781254,0.06600000112792971,2.562000061376039,0.1920000075000003,0.4100000062561036,0.052000000507812505,2.3420000486010752,0.9960000270520026,0.015513923280260607,0.017508443389858443,68,50000,0.010529894247015226,0.01252721430061417,33,50000,0.06971612561353611,0.07161360766389548,1281,50000,0.018606088111257617,0.020598368265654594,96,50000,0.027602018034883144,0.029585578363676597,205,50000,0.00924516668895976,0.011243046731358937,26,50000,0.06668647551251045,0.06859275738687332,1171,50000,0.04343931325708605,0.04539943405467029,498,50000,0.8930666666666667,0.9742101814333335,0.28096322916666666,0.3458456140160013,0.2853639529473888,False,/data/suehara/part/march/datasets/20250711_ilc_nnqq_sgv_10m_3cat_parquet,val50k_tail,,proxy
29,29,0,,lr_8_5e-6,1.68e-05,validation_total_reference_mistag_geomean_percent,0.34682178197197755,min,0.838750003508759,0.838750003508759,0.4684018231632542,0.2567994881785384,0.34682178197197755,,0.13200000225585942,0.06799999900390627,2.5499999659538273,0.18999999768066408,0.40199998920410185,0.052000000507812505,2.3260000764851405,0.9899999969787597,0.01527044818788576,0.01726512829428365,66,50000,0.010701894656100771,0.01269913471129969,34,50000,0.06955457327275476,0.07145253531351432,1275,50000,0.018504147852544686,0.02049650800534169,95,50000,0.027323000245685562,0.02930688056807908,201,50000,0.00924516668895976,0.011243046731358937,26,50000,0.0664602816865395,0.06836720354810241,1163,50000,0.0433066070964213,0.045266967889205645,495,50000,0.8933,0.9742855369666668,0.28055287760416664,0.3458456140160013,0.2847337439216737,False,/data/suehara/part/march/datasets/20250711_ilc_nnqq_sgv_10m_3cat_parquet,val50k_tail,,proxy
30,30,0,,lr_11_25e-6,2.0159999999999997e-05,validation_total_reference_mistag_geomean_percent,0.34604937532918373,min,0.8335000131249624,0.8335000131249624,0.4715600885382795,0.253944668084431,0.34604937532918373,,0.13200000225585942,0.06799999900390627,2.5180000541745007,0.18399999640625006,0.3979999917407228,0.05400000131835941,2.3240000631213396,0.9899999969787597,0.01527044818788576,0.01726512829428365,66,50000,0.010701894656100771,0.01269913471129969,34,50000,0.06912175059417512,0.07102099260933546,1259,50000,0.018195055988739096,0.02018765613673616,92,50000,0.027182439332570398,0.029166479651764055,199,50000,0.0094384043456773,0.011436204389676428,27,50000,0.0664319488810114,0.06833895074097457,1162,50000,0.0433066070964213,0.045266967889205645,495,50000,0.8932266666666666,0.9743073917333334,0.2804291666666667,0.3458456140160013,0.2845890290120689,False,/data/suehara/part/march/datasets/20250711_ilc_nnqq_sgv_10m_3cat_parquet,val50k_tail,,proxy
30,30,0,,lr_14e-6,1.4e-05,validation_total_reference_mistag_geomean_percent,0.3467606746854057,min,0.8357500154825787,0.8357500154825787,0.47147544147885,0.25503547996289805,0.3467606746854057,,0.13200000225585942,0.06799999900390627,2.5340000214595033,0.186000003178711,0.39599999879150394,0.05400000131835941,2.3200000708007833,0.9960000270520026,0.01527044818788576,0.01726512829428365,66,50000,0.010701894656100771,0.01269913471129969,34,50000,0.06933853052785502,0.07123713255581463,1267,50000,0.018298640498242997,0.020291160647840055,93,50000,0.02711189127868993,0.029096011596283465,198,50000,0.0094384043456773,0.011436204389676428,27,50000,0.06637524403804648,0.0682824058948095,1160,50000,0.04343931325708605,0.04539943405467029,498,50000,0.8930933333333333,0.9742554686666667,0.28072744791666665,0.3458456140160013,0.28496283992458593,False,/data/suehara/part/march/datasets/20250711_ilc_nnqq_sgv_10m_3cat_parquet,val50k_tail,,proxy
30,30,0,,lr_3e-6,1.344e-05,validation_total_reference_mistag_geomean_percent,0.3462196514268577,min,0.8324999928454596,0.8324999928454596,0.47140686590250425,0.2542772617548718,0.3462196514268577,,0.13200000225585942,0.06799999900390627,2.5039999006591835,0.186000003178711,0.39599999879150394,0.05400000131835941,2.3280000206030276,0.9920000169531253,0.01527044818788576,0.01726512829428365,66,50000,0.010701894656100771,0.01269913471129969,34,50000,0.06893145804228139,0.0708312600462415,1252,50000,0.018298640498242997,0.020291160647840055,93,50000,0.02711189127868993,0.029096011596283465,198,50000,0.0094384043456773,0.011436204389676428,27,50000,0.06648860143671186,0.0683954432998752,1164,50000,0.04335088834802794,0.04531116914241202,496,50000,0.8932333333333333,0.9742959683666667,0.2805195442708333,0.3458456140160013,0.2845573857653493,False,/data/suehara/part/march/datasets/20250711_ilc_nnqq_sgv_10m_3cat_parquet,val50k_tail,,proxy
30,30,0,,lr_5_75e-6,1.1200000000000001e-05,validation_total_reference_mistag_geomean_percent,0.3479040870226693,min,0.840249997574234,0.840249997574234,0.47402965647292944,0.2553368805396443,0.3479040870226693,,0.13200000225585942,0.06799999900390627,2.5459999836834717,0.186000003178711,0.40199998920410185,0.05400000131835941,2.3400000089263915,0.9939999930230713,0.01527044818788576,0.01726512829428365,66,50000,0.010701894656100771,0.01269913471129969,34,50000,0.06950063132723887,0.07139875336479827,1273,50000,0.018298640498242997,0.020291160647840055,93,50000,0.027323000245685562,0.02930688056807908,201,50000,0.0094384043456773,0.011436204389676428,27,50000,0.0666582466921313,0.06856460856489444,1170,50000,0.04339512368923739,0.04535532448522155,497,50000,0.8930333333333333,0.9742213949000001,0.280909921875,0.3458456140160013,0.2852365218180911,False,/data/suehara/part/march/datasets/20250711_ilc_nnqq_sgv_10m_3cat_parquet,val50k_tail,,proxy
30,30,0,,lr_8_5e-6,1.68e-05,validation_total_reference_mistag_geomean_percent,0.3460739767746197,min,0.8322500081500247,0.8322500081500247,0.47072851474323857,0.25442945062703004,0.3460739767746197,,0.13200000225585942,0.06799999900390627,2.5100000153198243,0.186000003178711,0.39599999879150394,0.05400000131835941,2.3240000631213396,0.9879999822106936,0.01527044818788576,0.01726512829428365,66,50000,0.010701894656100771,0.01269913471129969,34,50000,0.06901308204419615,0.07091264405295616,1255,50000,0.018298640498242997,0.020291160647840055,93,50000,0.02711189127868993,0.029096011596283465,198,50000,0.0094384043456773,0.011436204389676428,27,50000,0.0664319488810114,0.06833895074097457,1162,50000,0.04326227979669032,0.04522272058787458,494,50000,0.8931933333333333,0.9743000200999999,0.2804895703125,0.3458456140160013,0.2845723647358415,False,/data/suehara/part/march/datasets/20250711_ilc_nnqq_sgv_10m_3cat_parquet,val50k_tail,,proxy
31,31,0,,lr_11_25e-6,2.0159999999999997e-05,validation_total_reference_mistag_geomean_percent,0.346266921167865,min,0.837499991179104,0.837499991179104,0.4680858099344425,0.256151282842488,0.346266921167865,,0.13599999800781254,0.06799999900390627,2.5299999816627503,0.18399999640625006,0.39599999879150394,0.052000000507812505,2.3359999600781256,0.9979999949746704,0.015513923280260607,0.017508443389858443,68,50000,0.010701894656100771,0.01269913471129969,34,50000,0.06928440492173712,0.07118316694649726,1265,50000,0.018195055988739096,0.02018765613673616,92,50000,0.02711189127868993,0.029096011596283465,198,50000,0.00924516668895976,0.011243046731358937,26,50000,0.06660175021164123,0.0685082720812042,1168,50000,0.04348345718792508,0.04544349798710906,499,50000,0.8933066666666667,0.9743139434666667,0.280402578125,0.3458456140160013,0.28450968980732444,False,/data/suehara/part/march/datasets/20250711_ilc_nnqq_sgv_10m_3cat_parquet,val50k_tail,,proxy
31,31,0,,lr_14e-6,1.4e-05,validation_total_reference_mistag_geomean_percent,0.34711706865483966,min,0.8389999829109197,0.8389999829109197,0.4702347955587392,0.2562342482724201,0.34711706865483966,,0.13799999730468757,0.06799999900390627,2.5239999715002446,0.18199999600097666,0.4,0.052000000507812505,2.345999904779667,1.0019999941900635,0.015634317924008823,0.01762875803520661,69,50000,0.010701894656100771,0.01269913471129969,34,50000,0.06920312989126647,0.0711021319112267,1262,50000,0.018090905588142768,0.020083585734539902,91,50000,0.027252808544023274,0.029236768864816798,200,50000,0.00924516668895976,0.011243046731358937,26,50000,0.0667428943944004,0.06864901627196343,1173,50000,0.04357160868057441,0.04553148948295855,501,50000,0.8931466666666666,0.9742606471666667,0.2807095703125,0.3458456140160013,0.2849342897215212,False,/data/suehara/part/march/datasets/20250711_ilc_nnqq_sgv_10m_3cat_parquet,val50k_tail,,proxy
31,31,0,,lr_3e-6,1.344e-05,validation_total_reference_mistag_geomean_percent,0.34628524788677756,min,0.8357500011783602,0.8357500011783602,0.46869210887435175,0.2558470062404095,0.34628524788677756,,0.13599999800781254,0.06799999900390627,2.5180000541745007,0.18399999640625006,0.4,0.052000000507812505,2.3339999683035284,0.9939999930230713,0.015513923280260607,0.017508443389858443,68,50000,0.010701894656100771,0.01269913471129969,34,50000,0.06912175059417512,0.07102099260933546,1259,50000,0.018195055988739096,0.02018765613673616,92,50000,0.027252808544023274,0.029236768864816798,200,50000,0.00924516668895976,0.011243046731358937,26,50000,0.06657348251908023,0.06848008438704346,1167,50000,0.04339512368923739,0.04535532448522155,497,50000,0.8933,0.9742998580000001,0.2804999739583333,0.3458456140160013,0.2845352967471409,False,/data/suehara/part/march/datasets/20250711_ilc_nnqq_sgv_10m_3cat_parquet,val50k_tail,,proxy
31,31,0,,lr_5_75e-6,1.1200000000000001e-05,validation_total_reference_mistag_geomean_percent,0.3476086608239221,min,0.8397499923534013,0.8397499923534013,0.4699834433128723,0.25709795270247787,0.3476086608239221,,0.13599999800781254,0.06799999900390627,2.5399999806213382,0.186000003178711,0.40199998920410185,0.052000000507812505,2.3339999683035284,1.0,0.015513923280260607,0.017508443389858443,68,50000,0.010701894656100771,0.01269913471129969,34,50000,0.06941963258184844,0.07131799461460794,1270,50000,0.018298640498242997,0.020291160647840055,93,50000,0.027323000245685562,0.02930688056807908,201,50000,0.00924516668895976,0.011243046731358937,26,50000,0.06657348251908023,0.06848008438704346,1167,50000,0.0435275556174234,0.04548751641820746,500,50000,0.8930866666666667,0.9742256909,0.28089951822916664,0.3458456140160013,0.28523062612118466,False,/data/suehara/part/march/datasets/20250711_ilc_nnqq_sgv_10m_3cat_parquet,val50k_tail,,proxy
31,31,0,,lr_8_5e-6,1.68e-05,validation_total_reference_mistag_geomean_percent,0.34612614484275356,min,0.8369999900091937,0.8369999900091937,0.46926339396139316,0.25530077497066217,0.34612614484275356,,0.13599999800781254,0.06799999900390627,2.5239999715002446,0.18199999600097666,0.4,0.052000000507812505,2.3359999600781256,0.9979999949746704,0.015513923280260607,0.017508443389858443,68,50000,0.010701894656100771,0.01269913471129969,34,50000,0.06920312989126647,0.0711021319112267,1262,50000,0.018090905588142768,0.020083585734539902,91,50000,0.027252808544023274,0.029236768864816798,200,50000,0.00924516668895976,0.011243046731358937,26,50000,0.06660175021164123,0.0685082720812042,1168,50000,0.04348345718792508,0.04544349798710906,499,50000,0.8933133333333333,0.974305744,0.28046419270833334,0.3458456140160013,0.28452225220963706,False,/data/suehara/part/march/datasets/20250711_ilc_nnqq_sgv_10m_3cat_parquet,val50k_tail,,proxy
32,32,0,,lr_11_25e-6,2.0159999999999997e-05,validation_total_reference_mistag_geomean_percent,0.3478193506329978,min,0.8297499894427496,0.8297499894427496,0.4690131321994145,0.25794224589712095,0.3478193506329978,,0.13599999800781254,0.07000000085449219,2.5,0.186000003178711,0.39399998905822786,0.05400000131835941,2.3159999102380406,0.9820000128863527,0.015513923280260607,0.017508443389858443,68,50000,0.010871397397403768,0.01286855745420266,35,50000,0.06887698346071496,0.0707769454614756,1250,50000,0.018298640498242997,0.020291160647840055,93,50000,0.027041163032931338,0.02902536334892505,197,50000,0.0094384043456773,0.011436204389676428,27,50000,0.06631848677578177,0.06822580862934531,1158,50000,0.04312902022101297,0.045089701007397336,491,50000,0.8935,0.9743314679999999,0.280323125,0.3458456140160013,0.2841230108376516,False,/data/suehara/part/march/datasets/20250711_ilc_nnqq_sgv_10m_3cat_parquet,val50k_tail,,proxy
32,32,0,,lr_14e-6,1.4e-05,validation_total_reference_mistag_geomean_percent,0.34876791726906764,min,0.8360000082275775,0.8360000082275775,0.4722386717229804,0.25757962530344786,0.34876791726906764,,0.13799999730468757,0.06799999900390627,2.522000059648134,0.186000003178711,0.3979999917407228,0.05400000131835941,2.3280000206030276,0.9939999930230713,0.015634317924008823,0.01762875803520661,69,50000,0.010701894656100771,0.01269913471129969,34,50000,0.06917601506197281,0.07107509708033262,1261,50000,0.018298640498242997,0.020291160647840055,93,50000,0.027182439332570398,0.029166479651764055,199,50000,0.0094384043456773,0.011436204389676428,27,50000,0.06648860143671186,0.0683954432998752,1164,50000,0.04339512368923739,0.04535532448522155,497,50000,0.8932733333333334,0.9742796176666668,0.28060186197916664,0.3458456140160013,0.28459456326818533,False,/data/suehara/part/march/datasets/20250711_ilc_nnqq_sgv_10m_3cat_parquet,val50k_tail,,proxy
32,32,0,,lr_3e-6,1.344e-05,validation_total_reference_mistag_geomean_percent,0.3486550396504301,min,0.8330000042344861,0.8330000042344861,0.4707057601465649,0.25825121969145315,0.3486550396504301,,0.13599999800781254,0.07000000085449219,2.5119999494042977,0.186000003178711,0.3979999917407228,0.05400000131835941,2.3260000764851405,0.9820000128863527,0.015513923280260607,0.017508443389858443,68,50000,0.010871397397403768,0.01286855745420266,35,50000,0.06904026666729839,0.07093974867765883,1256,50000,0.018298640498242997,0.020291160647840055,93,50000,0.027182439332570398,0.029166479651764055,199,50000,0.0094384043456773,0.011436204389676428,27,50000,0.0664602816865395,0.06836720354810241,1163,50000,0.04312902022101297,0.045089701007397336,491,50000,0.8933066666666667,0.9743167469666666,0.2804143619791667,0.3458456140160013,0.2842068962756365,False,/data/suehara/part/march/datasets/20250711_ilc_nnqq_sgv_10m_3cat_parquet,val50k_tail,,proxy
32,32,0,,lr_5_75e-6,1.1200000000000001e-05,validation_total_reference_mistag_geomean_percent,0.35041830884933406,min,0.8392500160884863,0.8392500160884863,0.47516326191710284,0.2584227380740765,0.35041830884933406,,0.13799999730468757,0.06799999900390627,2.5280000617187515,0.1879999917382816,0.4040000044384766,0.05400000131835941,2.332000078995364,1.0019999941900635,0.015634317924008823,0.01762875803520661,69,50000,0.010701894656100771,0.01269913471129969,34,50000,0.06925732480776471,0.07115616683092442,1264,50000,0.018401668178712582,0.020394108329909573,94,50000,0.027393015753673228,0.029376816077666783,202,50000,0.0094384043456773,0.011436204389676428,27,50000,0.06654520183661874,0.06845188370298155,1166,50000,0.04357160868057441,0.04553148948295855,501,50000,0.8932533333333333,0.9742431277666667,0.28079809895833335,0.3458456140160013,0.28491627318923785,False,/data/suehara/part/march/datasets/20250711_ilc_nnqq_sgv_10m_3cat_parquet,val50k_tail,,proxy
32,32,0,,lr_8_5e-6,1.68e-05,validation_total_reference_mistag_geomean_percent,0.34939983390427215,min,0.831500012358475,0.831500012358475,0.4704901154260141,0.25947462003913324,0.34939983390427215,,0.13799999730468757,0.07000000085449219,2.4960000243750002,0.1879999917382816,0.39599999879150394,0.05400000131835941,2.3240000631213396,0.9860000213641362,0.015634317924008823,0.01762875803520661,69,50000,0.010871397397403768,0.01286855745420266,35,50000,0.0688224618870574,0.07072258388461788,1248,50000,0.018401668178712582,0.020394108329909573,94,50000,0.02711189127868993,0.029096011596283465,198,50000,0.0094384043456773,0.011436204389676428,27,50000,0.0664319488810114,0.06833895074097457,1162,50000,0.04321790631041187,0.04517842709999605,493,50000,0.8934066666666667,0.9743238350999999,0.2803660286458333,0.3458456140160013,0.28416458341775763,False,/data/suehara/part/march/datasets/20250711_ilc_nnqq_sgv_10m_3cat_parquet,val50k_tail,,proxy
33,33,0,,lr_11_25e-6,2.0159999999999997e-05,validation_total_reference_mistag_geomean_percent,0.3458614602893832,min,0.8347500070396616,0.8347500070396616,0.46389932666809297,0.25785799382953073,0.3458614602893832,,0.13399999640136728,0.07000000085449219,2.5340000214595033,0.186000003178711,0.38799999194824236,0.052000000507812505,2.3280000206030276,0.9860000213641362,0.015392639991259324,0.01738724009925721,67,50000,0.010871397397403768,0.01286855745420266,35,50000,0.06933853052785502,0.07123713255581463,1267,50000,0.018298640498242997,0.020291160647840055,93,50000,0.02682788339137001,0.028812323702563862,194,50000,0.00924516668895976,0.011243046731358937,26,50000,0.06648860143671186,0.0683954432998752,1164,50000,0.04321790631041187,0.04517842709999605,493,50000,0.8933933333333334,0.9743596901333333,0.28017497395833335,0.3458456140160013,0.2839173678838883,False,/data/suehara/part/march/datasets/20250711_ilc_nnqq_sgv_10m_3cat_parquet,val50k_tail,,proxy
33,33,0,,lr_14e-6,1.4e-05,validation_total_reference_mistag_geomean_percent,0.34650139164685734,min,0.8400000200766763,0.8400000200766763,0.4685916768174332,0.2562213977607339,0.34650139164685734,,0.13200000225585942,0.06799999900390627,2.554000095089115,0.1879999917382816,0.4,0.052000000507812505,2.332000078995364,0.9939999930230713,0.01527044818788576,0.01726512829428365,66,50000,0.010701894656100771,0.01269913471129969,34,50000,0.06960846956612296,0.07150627161008269,1277,50000,0.018401668178712582,0.020394108329909573,94,50000,0.027252808544023274,0.029236768864816798,200,50000,0.00924516668895976,0.011243046731358937,26,50000,0.06654520183661874,0.06845188370298155,1166,50000,0.04339512368923739,0.04535532448522155,497,50000,0.89332,0.9742953210666666,0.28053365885416665,0.3458456140160013,0.2844257192745599,False,/data/suehara/part/march/datasets/20250711_ilc_nnqq_sgv_10m_3cat_parquet,val50k_tail,,proxy
33,33,0,,lr_3e-6,1.344e-05,validation_total_reference_mistag_geomean_percent,0.34669955913773476,min,0.8370000046407132,0.8370000046407132,0.4662890752963618,0.2577812577528288,0.34669955913773476,,0.13200000225585942,0.07000000085449219,2.5419999592727667,0.1879999917382816,0.39399998905822786,0.052000000507812505,2.3260000764851405,0.9920000169531253,0.01527044818788576,0.01726512829428365,66,50000,0.010871397397403768,0.01286855745420266,35,50000,0.0694466436247855,0.07134492565914544,1271,50000,0.018401668178712582,0.020394108329909573,94,50000,0.027041163032931338,0.02902536334892505,197,50000,0.00924516668895976,0.011243046731358937,26,50000,0.0664602816865395,0.06836720354810241,1163,50000,0.04335088834802794,0.04531116914241202,496,50000,0.8933733333333334,0.9743327555666665,0.2803403255208333,0.3458456140160013,0.2840556150274808,False,/data/suehara/part/march/datasets/20250711_ilc_nnqq_sgv_10m_3cat_parquet,val50k_tail,,proxy
33,33,0,,lr_5_75e-6,1.1200000000000001e-05,validation_total_reference_mistag_geomean_percent,0.34837700181924425,min,0.8427500162544639,0.8427500162544639,0.4706541636482017,0.25786776102395886,0.34837700181924425,,0.13399999640136728,0.06799999900390627,2.554000095089115,0.18999999768066408,0.40199998920410185,0.052000000507812505,2.338000046020814,1.0040000061279297,0.015392639991259324,0.01738724009925721,67,50000,0.010701894656100771,0.01269913471129969,34,50000,0.06960846956612296,0.07150627161008269,1277,50000,0.018504147852544686,0.02049650800534169,95,50000,0.027323000245685562,0.02930688056807908,201,50000,0.00924516668895976,0.011243046731358937,26,50000,0.06663000493057764,0.06853644680174034,1169,50000,0.04361561651169965,0.04557541731568353,502,50000,0.8932866666666667,0.9742588365000001,0.28073403645833334,0.3458456140160013,0.28476105059458495,False,/data/suehara/part/march/datasets/20250711_ilc_nnqq_sgv_10m_3cat_parquet,val50k_tail,,proxy
33,33,0,,lr_8_5e-6,1.68e-05,validation_total_reference_mistag_geomean_percent,0.3482409794629758,min,0.8372500033815771,0.8372500033815771,0.47053709773982544,0.25773053890936276,0.3482409794629758,,0.13200000225585942,0.07000000085449219,2.5399999806213382,0.1879999917382816,0.39399998905822786,0.05400000131835941,2.332000078995364,0.9879999822106936,0.01527044818788576,0.01726512829428365,66,50000,0.010871397397403768,0.01286855745420266,35,50000,0.06941963258184844,0.07131799461460794,1270,50000,0.018401668178712582,0.020394108329909573,94,50000,0.027041163032931338,0.02902536334892505,197,50000,0.0094384043456773,0.011436204389676428,27,50000,0.06654520183661874,0.06845188370298155,1166,50000,0.04326227979669032,0.04522272058787458,494,50000,0.8933733333333334,0.9743457750000001,0.28025494791666666,0.3458456140160013,0.28398513086122423,False,/data/suehara/part/march/datasets/20250711_ilc_nnqq_sgv_10m_3cat_parquet,val50k_tail,,proxy
34,34,0,,lr_11_25e-6,2.0159999999999997e-05,validation_total_reference_mistag_geomean_percent,0.34732842873794806,min,0.8312500183100515,0.8312500183100515,0.4678539867706387,0.2578518957212886,0.34732842873794806,,0.13200000225585942,0.07000000085449219,2.5180000541745007,0.18999999768066408,0.39000001309204146,0.05400000131835941,2.3120000620898455,0.9840000150146486,0.01527044818788576,0.01726512829428365,66,50000,0.010871397397403768,0.01286855745420266,35,50000,0.06912175059417512,0.07102099260933546,1259,50000,0.018504147852544686,0.02049650800534169,95,50000,0.026899160482115422,0.028883520794909055,195,50000,0.0094384043456773,0.011436204389676428,27,50000,0.06626167696161533,0.06816915881197871,1156,50000,0.043173486498462345,0.04513408728644679,492,50000,0.8934666666666666,0.9743724239999999,0.28006588541666666,0.3458456140160013,0.28372876511364536,False,/data/suehara/part/march/datasets/20250711_ilc_nnqq_sgv_10m_3cat_parquet,val50k_tail,,proxy
34,34,0,,lr_14e-6,1.4e-05,validation_total_reference_mistag_geomean_percent,0.3462756273592917,min,0.8354999828505711,0.8354999828505711,0.4665539766662555,0.2570052257615738,0.3462756273592917,,0.13399999640136728,0.06799999900390627,2.5199999230957055,0.18999999768066408,0.39399998905822786,0.052000000507812505,2.3359999600781256,0.9899999969787597,0.015392639991259324,0.01738724009925721,67,50000,0.010701894656100771,0.01269913471129969,34,50000,0.06914888863409248,0.07104805065085255,1260,50000,0.018504147852544686,0.02049650800534169,95,50000,0.027041163032931338,0.02902536334892505,197,50000,0.00924516668895976,0.011243046731358937,26,50000,0.06660175021164123,0.0685082720812042,1168,50000,0.0433066070964213,0.045266967889205645,495,50000,0.8933333333333333,0.9743085552666667,0.280424921875,0.3458456140160013,0.28428413685249865,False,/data/suehara/part/march/datasets/20250711_ilc_nnqq_sgv_10m_3cat_parquet,val50k_tail,,proxy
34,34,0,,lr_3e-6,1.344e-05,validation_total_reference_mistag_geomean_percent,0.34840976750957064,min,0.8337499954752732,0.8337499954752732,0.4708651956654738,0.2578006767404277,0.34840976750957064,,0.13200000225585942,0.07000000085449219,2.51599997619751,0.18999999768066408,0.39599999879150394,0.05400000131835941,2.3219999897250365,0.9899999969787597,0.01527044818788576,0.01726512829428365,66,50000,0.010871397397403768,0.01286855745420266,35,50000,0.06909460092874437,0.07099392294230428,1258,50000,0.018504147852544686,0.02049650800534169,95,50000,0.02711189127868993,0.029096011596283465,198,50000,0.0094384043456773,0.011436204389676428,27,50000,0.06640360300367541,0.06831068486203885,1161,50000,0.0433066070964213,0.045266967889205645,495,50000,0.8934066666666667,0.9743427425666665,0.2802561848958333,0.3458456140160013,0.28392218739177316,False,/data/suehara/part/march/datasets/20250711_ilc_nnqq_sgv_10m_3cat_parquet,val50k_tail,,proxy
34,34,0,,lr_5_75e-6,1.1200000000000001e-05,validation_total_reference_mistag_geomean_percent,0.34688311331635746,min,0.8379999986662485,0.8379999986662485,0.4689681045092382,0.25658012378041917,0.34688311331635746,,0.13399999640136728,0.06799999900390627,2.5299999816627503,0.1879999917382816,0.40199998920410185,0.052000000507812505,2.3420000486010752,0.9879999822106936,0.015392639991259324,0.01738724009925721,67,50000,0.010701894656100771,0.01269913471129969,34,50000,0.06928440492173712,0.07118316694649726,1265,50000,0.018401668178712582,0.020394108329909573,94,50000,0.027323000245685562,0.02930688056807908,201,50000,0.00924516668895976,0.011243046731358937,26,50000,0.06668647551251045,0.06859275738687332,1171,50000,0.04326227979669032,0.04522272058787458,494,50000,0.8932866666666667,0.9742685177333333,0.28064946614583336,0.3458456140160013,0.2846416626187633,False,/data/suehara/part/march/datasets/20250711_ilc_nnqq_sgv_10m_3cat_parquet,val50k_tail,,proxy
34,34,0,,lr_8_5e-6,1.68e-05,validation_total_reference_mistag_geomean_percent,0.3479068213352256,min,0.8335000079687125,0.8335000079687125,0.4696000963090284,0.2577494282537981,0.3479068213352256,,0.13200000225585942,0.07000000085449219,2.5139999388148513,0.18999999768066408,0.3920000081347658,0.05400000131835941,2.3300000933265723,0.9860000213641362,0.01527044818788576,0.01726512829428365,66,50000,0.010871397397403768,0.01286855745420266,35,50000,0.06906743962429539,0.07096684163625556,1257,50000,0.018504147852544686,0.02049650800534169,95,50000,0.02697025322873285,0.028954533543126652,196,50000,0.0094384043456773,0.011436204389676428,27,50000,0.06651690814794449,0.06842367001270756,1165,50000,0.04321790631041187,0.04517842709999605,493,50000,0.8935,0.9743584846999999,0.28014916666666667,0.3458456140160013,0.28382407481303845,False,/data/suehara/part/march/datasets/20250711_ilc_nnqq_sgv_10m_3cat_parquet,val50k_tail,,proxy
35,35,0,,lr_11_25e-6,2.0159999999999997e-05,validation_total_reference_mistag_geomean_percent,0.3465043249512954,min,0.8262499968601993,0.8262499968601993,0.46789533967264774,0.2566070593777528,0.3465043249512954,,0.13200000225585942,0.07000000085449219,2.4960000243750002,0.1879999917382816,0.39399998905822786,0.05400000131835941,2.2939999523950205,0.9820000128863527,0.01527044818788576,0.01726512829428365,66,50000,0.010871397397403768,0.01286855745420266,35,50000,0.0688224618870574,0.07072258388461788,1248,50000,0.018401668178712582,0.020394108329909573,94,50000,0.027041163032931338,0.02902536334892505,197,50000,0.0094384043456773,0.011436204389676428,27,50000,0.0660053788838294,0.06791358071979309,1147,50000,0.04312902022101297,0.045089701007397336,491,50000,0.8934533333333333,0.9743884275333334,0.27998328125,0.3458456140160013,0.2834762970214226,False,/data/suehara/part/march/datasets/20250711_ilc_nnqq_sgv_10m_3cat_parquet,val50k_tail,,proxy
35,35,0,,lr_14e-6,1.4e-05,validation_total_reference_mistag_geomean_percent,0.34691510216547733,min,0.8335000026385502,0.8335000026385502,0.46933311207107503,0.25642786544380436,0.34691510216547733,,0.13399999640136728,0.06799999900390627,2.5239999715002446,0.1879999917382816,0.3920000081347658,0.05400000131835941,2.3200000708007833,0.9879999822106936,0.015392639991259324,0.01738724009925721,67,50000,0.010701894656100771,0.01269913471129969,34,50000,0.06920312989126647,0.0711021319112267,1262,50000,0.018401668178712582,0.020394108329909573,94,50000,0.02697025322873285,0.028954533543126652,196,50000,0.0094384043456773,0.011436204389676428,27,50000,0.06637524403804648,0.0682824058948095,1160,50000,0.04326227979669032,0.04522272058787458,494,50000,0.8934666666666666,0.9743216619,0.2803523958333333,0.3458456140160013,0.28406294643680446,False,/data/suehara/part/march/datasets/20250711_ilc_nnqq_sgv_10m_3cat_parquet,val50k_tail,,proxy
35,35,0,,lr_3e-6,1.344e-05,validation_total_reference_mistag_geomean_percent,0.347784766371145,min,0.8307499954646309,0.8307499954646309,0.46921551928629107,0.25777971688534856,0.347784766371145,,0.13399999640136728,0.07000000085449219,2.5039999006591835,0.1879999917382816,0.39399998905822786,0.05400000131835941,2.3200000708007833,0.9820000128863527,0.015392639991259324,0.01738724009925721,67,50000,0.010871397397403768,0.01286855745420266,35,50000,0.06893145804228139,0.0708312600462415,1252,50000,0.018401668178712582,0.020394108329909573,94,50000,0.027041163032931338,0.02902536334892505,197,50000,0.0094384043456773,0.011436204389676428,27,50000,0.06637524403804648,0.0682824058948095,1160,50000,0.04312902022101297,0.045089701007397336,491,50000,0.8934,0.9743567741333333,0.2801740625,0.3458456140160013,0.28371561217262675,False,/data/suehara/part/march/datasets/20250711_ilc_nnqq_sgv_10m_3cat_parquet,val50k_tail,,proxy
35,35,0,,lr_5_75e-6,1.1200000000000001e-05,validation_total_reference_mistag_geomean_percent,0.34603377276290825,min,0.8369999890814217,0.8369999890814217,0.46815482056438373,0.2557687470742698,0.34603377276290825,,0.13200000225585942,0.06799999900390627,2.535999881589361,0.1879999917382816,0.4,0.052000000507812505,2.3280000206030276,0.9920000169531253,0.01527044818788576,0.01726512829428365,66,50000,0.010701894656100771,0.01269913471129969,34,50000,0.06936557604661046,0.0712640980761705,1268,50000,0.018401668178712582,0.020394108329909573,94,50000,0.027252808544023274,0.029236768864816798,200,50000,0.00924516668895976,0.011243046731358937,26,50000,0.06648860143671186,0.0683954432998752,1164,50000,0.04335088834802794,0.04531116914241202,496,50000,0.8933733333333334,0.9742810198999999,0.2805811328125,0.3458456140160013,0.2844390418348598,False,/data/suehara/part/march/datasets/20250711_ilc_nnqq_sgv_10m_3cat_parquet,val50k_tail,,proxy
35,35,0,,lr_8_5e-6,1.68e-05,validation_total_reference_mistag_geomean_percent,0.3476824979401275,min,0.8297500102629478,0.8297500102629478,0.4688460071052645,0.2578311802637285,0.3476824979401275,,0.13399999640136728,0.07000000085449219,2.5060001028616377,0.1879999917382816,0.39399998905822786,0.05400000131835941,2.3079999848565675,0.9840000150146486,0.015392639991259324,0.01738724009925721,67,50000,0.010871397397403768,0.01286855745420266,35,50000,0.06895867774531217,0.07085839975087271,1253,50000,0.018401668178712582,0.020394108329909573,94,50000,0.027041163032931338,0.02902536334892505,197,50000,0.0094384043456773,0.011436204389676428,27,50000,0.06620481446237315,0.06811245630953637,1154,50000,0.043173486498462345,0.04513408728644679,492,50000,0.8933933333333334,0.9743739401,0.28007658854166667,0.3458456140160013,0.28359395323709347,False,/data/suehara/part/march/datasets/20250711_ilc_nnqq_sgv_10m_3cat_parquet,val50k_tail,,proxy
36,36,0,,lr_11_25e-6,2.0159999999999997e-05,validation_total_reference_mistag_geomean_percent,0.34704003531789873,min,0.8294999822343642,0.8294999822343642,0.46972688647635097,0.2563974717668454,0.34704003531789873,,0.13399999640136728,0.07000000085449219,2.5039999006591835,0.18399999640625006,0.39399998905822786,0.05400000131835941,2.3019999801539615,0.9939999930230713,0.015392639991259324,0.01738724009925721,67,50000,0.010871397397403768,0.01286855745420266,35,50000,0.06893145804228139,0.0708312600462415,1252,50000,0.018195055988739096,0.02018765613673616,92,50000,0.027041163032931338,0.02902536334892505,197,50000,0.0094384043456773,0.011436204389676428,27,50000,0.0661194216362588,0.06802730347862211,1151,50000,0.04339512368923739,0.04535532448522155,497,50000,0.8935333333333333,0.9744110136,0.2798619010416667,0.3458456140160013,0.28370103006074815,False,/data/suehara/part/march/datasets/20250711_ilc_nnqq_sgv_10m_3cat_parquet,val50k_tail,,proxy
36,36,0,,lr_14e-6,1.4e-05,validation_total_reference_mistag_geomean_percent,0.3446894692225022,min,0.8322499993212898,0.8322499993212898,0.4672491333787691,0.2542772617548718,0.3446894692225022,,0.13200000225585942,0.06799999900390627,2.5039999006591835,0.186000003178711,0.39599999879150394,0.052000000507812505,2.3240000631213396,0.9960000270520026,0.01527044818788576,0.01726512829428365,66,50000,0.010701894656100771,0.01269913471129969,34,50000,0.06893145804228139,0.0708312600462415,1252,50000,0.018298640498242997,0.020291160647840055,93,50000,0.02711189127868993,0.029096011596283465,198,50000,0.00924516668895976,0.011243046731358937,26,50000,0.0664319488810114,0.06833895074097457,1162,50000,0.04343931325708605,0.04539943405467029,498,50000,0.8934933333333334,0.9743383284333333,0.2802538671875,0.3446894692225022,0.28432956304610285,False,/data/suehara/part/march/datasets/20250711_ilc_nnqq_sgv_10m_3cat_parquet,val50k_tail,,proxy
36,36,0,,lr_3e-6,1.344e-05,validation_total_reference_mistag_geomean_percent,0.34423945281325385,min,0.8295000119970707,0.8295000119970707,0.4663094582899668,0.2541248065345496,0.34423945281325385,,0.13200000225585942,0.06799999900390627,2.4980000771858237,0.186000003178711,0.39599999879150394,0.052000000507812505,2.310000022029877,0.9939999930230713,0.01527044818788576,0.01726512829428365,66,50000,0.010701894656100771,0.01269913471129969,34,50000,0.0688497285547679,0.07074977055392812,1249,50000,0.018298640498242997,0.020291160647840055,93,50000,0.02711189127868993,0.029096011596283465,198,50000,0.00924516668895976,0.011243046731358937,26,50000,0.0662332523059743,0.06814081415473794,1155,50000,0.04339512368923739,0.04535532448522155,497,50000,0.8934133333333333,0.9743690272333332,0.2801030338541667,0.34423945281325385,0.28399064296858295,False,/data/suehara/part/march/datasets/20250711_ilc_nnqq_sgv_10m_3cat_parquet,val50k_tail,,proxy
36,36,0,,lr_5_75e-6,1.1200000000000001e-05,validation_total_reference_mistag_geomean_percent,0.3467404278985798,min,0.8359999927336504,0.8359999927336504,0.4706763683288504,0.2554386249859248,0.3467404278985798,,0.13399999640136728,0.06799999900390627,2.5119999494042977,0.186000003178711,0.40599999801757813,0.052000000507812505,2.3339999683035284,0.9960000270520026,0.015392639991259324,0.01738724009925721,67,50000,0.010701894656100771,0.01269913471129969,34,50000,0.06904026666729839,0.07093974867765883,1256,50000,0.018298640498242997,0.020291160647840055,93,50000,0.027462856367866828,0.029446576693460333,203,50000,0.00924516668895976,0.011243046731358937,26,50000,0.06657348251908023,0.06848008438704346,1167,50000,0.04343931325708605,0.04539943405467029,498,50000,0.89338,0.9742916153,0.28051674479166666,0.34423945281325385,0.28472528699519634,False,/data/suehara/part/march/datasets/20250711_ilc_nnqq_sgv_10m_3cat_parquet,val50k_tail,,proxy
36,36,0,,lr_8_5e-6,1.68e-05,validation_total_reference_mistag_geomean_percent,0.3460154678972958,min,0.8287499993850328,0.8287499993850328,0.47120280767243616,0.25408741644726024,0.3460154678972958,,0.13399999640136728,0.06799999900390627,2.4859999861543276,0.18399999640625006,0.39599999879150394,0.05400000131835941,2.310000022029877,0.9979999949746704,0.015392639991259324,0.01738724009925721,67,50000,0.010701894656100771,0.01269913471129969,34,50000,0.06868595163899184,0.07058647362855226,1243,50000,0.018195055988739096,0.02018765613673616,92,50000,0.02711189127868993,0.029096011596283465,198,50000,0.0094384043456773,0.011436204389676428,27,50000,0.0662332523059743,0.06814081415473794,1155,50000,0.04348345718792508,0.04544349798710906,499,50000,0.8935466666666667,0.9743896461666667,0.2799793489583333,0.34423945281325385,0.2838442094064008,False,/data/suehara/part/march/datasets/20250711_ilc_nnqq_sgv_10m_3cat_parquet,val50k_tail,,proxy
37,37,0,,lr_11_25e-6,2.0159999999999997e-05,validation_total_reference_mistag_geomean_percent,0.34316320526285327,min,0.8247499957353785,0.8247499957353785,0.4611331505818722,0.25537306371853913,0.34316320526285327,,0.12999999920654298,0.07000000085449219,2.4859999861543276,0.1879999917382816,0.3840000150000006,0.052000000507812505,2.305999959535218,0.9820000128863527,0.015147327248533623,0.01714208735333156,65,50000,0.010871397397403768,0.01286855745420266,35,50000,0.06868595163899184,0.07058647362855226,1243,50000,0.018401668178712582,0.020394108329909573,94,50000,0.026684770480086325,0.028669370788080323,192,50000,0.00924516668895976,0.011243046731358937,26,50000,0.06617636341407426,0.06808408525963774,1153,50000,0.04312902022101297,0.045089701007397336,491,50000,0.89368,0.9744250240333333,0.27980048177083333,0.34316320526285327,0.28325693023618803,False,/data/suehara/part/march/datasets/20250711_ilc_nnqq_sgv_10m_3cat_parquet,val50k_tail,,proxy
37,37,0,,lr_14e-6,1.4e-05,validation_total_reference_mistag_geomean_percent,0.34584362593833956,min,0.8327500174968345,0.8327500174968345,0.4654516035895344,0.2569715362021958,0.34584362593833956,,0.12999999920654298,0.07000000085449219,2.522000059648134,0.18999999768066408,0.39399998905822786,0.052000000507812505,2.314000096040043,0.9899999969787597,0.015147327248533623,0.01714208735333156,65,50000,0.010871397397403768,0.01286855745420266,35,50000,0.06917601506197281,0.07107509708033262,1261,50000,0.018504147852544686,0.02049650800534169,95,50000,0.027041163032931338,0.02902536334892505,197,50000,0.00924516668895976,0.011243046731358937,26,50000,0.06629008844599646,0.06819749029795957,1157,50000,0.0433066070964213,0.045266967889205645,495,50000,0.8935333333333333,0.9743495562,0.28022828125,0.34316320526285327,0.2839341522624218,False,/data/suehara/part/march/datasets/20250711_ilc_nnqq_sgv_10m_3cat_parquet,val50k_tail,,proxy
37,37,0,,lr_3e-6,1.344e-05,validation_total_reference_mistag_geomean_percent,0.3445540774192707,min,0.8300000050591282,0.8300000050591282,0.46339468397502753,0.2561909240043041,0.3445540774192707,,0.12999999920654298,0.07000000085449219,2.5180000541745007,0.1879999917382816,0.39000001309204146,0.052000000507812505,2.305999959535218,0.9860000213641362,0.015147327248533623,0.01714208735333156,65,50000,0.010871397397403768,0.01286855745420266,35,50000,0.06912175059417512,0.07102099260933546,1259,50000,0.018401668178712582,0.020394108329909573,94,50000,0.026899160482115422,0.028883520794909055,195,50000,0.00924516668895976,0.011243046731358937,26,50000,0.06617636341407426,0.06808408525963774,1153,50000,0.04321790631041187,0.04517842709999605,493,50000,0.8935733333333333,0.9743804256666667,0.28006704427083334,0.34316320526285327,0.28360216520180825,False,/data/suehara/part/march/datasets/20250711_ilc_nnqq_sgv_10m_3cat_parquet,val50k_tail,,proxy
37,37,0,,lr_5_75e-6,1.1200000000000001e-05,validation_total_reference_mistag_geomean_percent,0.34579869644156336,min,0.8345000152403074,0.8345000152403074,0.46711483441094226,0.2559900256892449,0.34579869644156336,,0.13200000225585942,0.06799999900390627,2.5180000541745007,0.18999999768066408,0.39599999879150394,0.052000000507812505,2.3260000764851405,0.9939999930230713,0.01527044818788576,0.01726512829428365,66,50000,0.010701894656100771,0.01269913471129969,34,50000,0.06912175059417512,0.07102099260933546,1259,50000,0.018504147852544686,0.02049650800534169,95,50000,0.02711189127868993,0.029096011596283465,198,50000,0.00924516668895976,0.011243046731358937,26,50000,0.0664602816865395,0.06836720354810241,1163,50000,0.04339512368923739,0.04535532448522155,497,50000,0.8934466666666666,0.9743018807666667,0.28048701822916666,0.34316320526285327,0.28435481470131396,False,/data/suehara/part/march/datasets/20250711_ilc_nnqq_sgv_10m_3cat_parquet,val50k_tail,,proxy
37,37,0,,lr_8_5e-6,1.68e-05,validation_total_reference_mistag_geomean_percent,0.344200504521591,min,0.8272499996995546,0.8272499996995546,0.4619579337233028,0.25646055336259194,0.344200504521591,,0.12999999920654298,0.07000000085449219,2.5020000232882693,0.18999999768066408,0.38799999194824236,0.052000000507812505,2.3079999848565675,0.9779999992538452,0.015147327248533623,0.01714208735333156,65,50000,0.010871397397403768,0.01286855745420266,35,50000,0.06890422661864626,0.07080410862100664,1251,50000,0.018504147852544686,0.02049650800534169,95,50000,0.02682788339137001,0.028812323702563862,194,50000,0.00924516668895976,0.011243046731358937,26,50000,0.06620481446237315,0.06811245630953637,1154,50000,0.04303994770673905,0.0450007884899236,489,50000,0.89362,0.9744016851333334,0.27992626302083334,0.34316320526285327,0.28342729071057715,False,/data/suehara/part/march/datasets/20250711_ilc_nnqq_sgv_10m_3cat_parquet,val50k_tail,,proxy
38,38,0,,lr_11_25e-6,2.0159999999999997e-05,validation_total_reference_mistag_geomean_percent,0.3450178315357342,min,0.8235000043839455,0.8235000043839455,0.46685858827738236,0.2549750761078313,0.3450178315357342,,0.13200000225585942,0.07000000085449219,2.4859999861543276,0.18399999640625006,0.3920000081347658,0.05400000131835941,2.2900000489196786,0.9799999910278321,0.01527044818788576,0.01726512829428365,66,50000,0.010871397397403768,0.01286855745420266,35,50000,0.06868595163899184,0.07058647362855226,1243,50000,0.018195055988739096,0.02018765613673616,92,50000,0.02697025322873285,0.028954533543126652,196,50000,0.0094384043456773,0.011436204389676428,27,50000,0.06594827763822739,0.06785663947099091,1145,50000,0.04308450733752373,0.04504526812230802,490,50000,0.89352,0.9744307573666666,0.2797534114583333,0.34316320526285327,0.2833394036689449,False,/data/suehara/part/march/datasets/20250711_ilc_nnqq_sgv_10m_3cat_parquet,val50k_tail,,proxy
38,38,0,,lr_14e-6,1.4e-05,validation_total_reference_mistag_geomean_percent,0.347373189087921,min,0.8279999963411334,0.8279999963411334,0.4703008312867731,0.2565764814128795,0.347373189087921,,0.13399999640136728,0.07000000085449219,2.4840000299432377,0.186000003178711,0.39399998905822786,0.05400000131835941,2.303999955000001,0.9979999949746704,0.015392639991259324,0.01738724009925721,67,50000,0.010871397397403768,0.01286855745420266,35,50000,0.06865861411047558,0.07055921609843627,1242,50000,0.018298640498242997,0.020291160647840055,93,50000,0.027041163032931338,0.02902536334892505,197,50000,0.0094384043456773,0.011436204389676428,27,50000,0.06614789914430597,0.06805570098826971,1152,50000,0.04348345718792508,0.04544349798710906,499,50000,0.89346,0.9743542967333333,0.2801804296875,0.34316320526285327,0.28404119839762415,False,/data/suehara/part/march/datasets/20250711_ilc_nnqq_sgv_10m_3cat_parquet,val50k_tail,,proxy
38,38,0,,lr_3e-6,1.344e-05,validation_total_reference_mistag_geomean_percent,0.34604349150196545,min,0.8274999972019198,0.8274999972019198,0.46935549843632507,0.25512878491848784,0.34604349150196545,,0.13200000225585942,0.07000000085449219,2.4920000357434087,0.18399999640625006,0.39399998905822786,0.05400000131835941,2.303999955000001,0.9899999969787597,0.01527044818788576,0.01726512829428365,66,50000,0.010871397397403768,0.01286855745420266,35,50000,0.06876789321122248,0.0706681752055828,1246,50000,0.018195055988739096,0.02018765613673616,92,50000,0.027041163032931338,0.02902536334892505,197,50000,0.0094384043456773,0.011436204389676428,27,50000,0.06614789914430597,0.06805570098826971,1152,50000,0.0433066070964213,0.045266967889205645,495,50000,0.8934333333333333,0.9743830348333334,0.2800250260416667,0.34316320526285327,0.28372380390522256,False,/data/suehara/part/march/datasets/20250711_ilc_nnqq_sgv_10m_3cat_parquet,val50k_tail,,proxy
38,38,0,,lr_5_75e-6,1.1200000000000001e-05,validation_total_reference_mistag_geomean_percent,0.345917206990871,min,0.8330000007976923,0.8330000007976923,0.46872422439212796,0.2552859610521438,0.345917206990871,,0.13399999640136728,0.06799999900390627,2.5060001028616377,0.186000003178711,0.4,0.052000000507812505,2.3159999102380406,1.0019999941900635,0.015392639991259324,0.01738724009925721,67,50000,0.010701894656100771,0.01269913471129969,34,50000,0.06895867774531217,0.07085839975087271,1253,50000,0.018298640498242997,0.020291160647840055,93,50000,0.027252808544023274,0.029236768864816798,200,50000,0.00924516668895976,0.011243046731358937,26,50000,0.06631848677578177,0.06822580862934531,1158,50000,0.04357160868057441,0.04553148948295855,501,50000,0.8933866666666667,0.9743076437333333,0.28044704427083333,0.34316320526285327,0.284473273367909,False,/data/suehara/part/march/datasets/20250711_ilc_nnqq_sgv_10m_3cat_parquet,val50k_tail,,proxy
38,38,0,,lr_8_5e-6,1.68e-05,validation_total_reference_mistag_geomean_percent,0.346340052329154,min,0.8269999978292281,0.8269999978292281,0.46811457460096995,0.2562437453471943,0.346340052329154,,0.13399999640136728,0.07000000085449219,2.4980000771858237,0.18399999640625006,0.3920000081347658,0.05400000131835941,2.295999920122073,0.9879999822106936,0.015392639991259324,0.01738724009925721,67,50000,0.010871397397403768,0.01286855745420266,35,50000,0.0688497285547679,0.07074977055392812,1249,50000,0.018195055988739096,0.02018765613673616,92,50000,0.02697025322873285,0.028954533543126652,196,50000,0.0094384043456773,0.011436204389676428,27,50000,0.06603390951380982,0.06794203135137324,1148,50000,0.04326227979669032,0.04522272058787458,494,50000,0.89342,0.9744063484666666,0.27988421875,0.34316320526285327,0.2835283980241398,False,/data/suehara/part/march/datasets/20250711_ilc_nnqq_sgv_10m_3cat_parquet,val50k_tail,,proxy
39,39,0,,lr_11_25e-6,2.0159999999999997e-05,validation_total_reference_mistag_geomean_percent,0.3461854817992481,min,0.8222500174760825,0.8222500174760825,0.46634161138951696,0.25698840695662517,0.3461854817992481,,0.13599999800781254,0.07000000085449219,2.4900001149330193,0.18399999640625006,0.3920000081347658,0.05400000131835941,2.2659999987898254,0.9860000213641362,0.015513923280260607,0.017508443389858443,68,50000,0.010871397397403768,0.01286855745420266,35,50000,0.06874059117546634,0.07064095316822692,1245,50000,0.018195055988739096,0.02018765613673616,92,50000,0.02697025322873285,0.028954533543126652,196,50000,0.0094384043456773,0.011436204389676428,27,50000,0.06560454336370959,0.06751386517727352,1133,50000,0.04321790631041187,0.04517842709999605,493,50000,0.8936,0.9744558793000001,0.2796278776041667,0.34316320526285327,0.282983288324866,False,/data/suehara/part/march/datasets/20250711_ilc_nnqq_sgv_10m_3cat_parquet,val50k_tail,,proxy
39,39,0,,lr_14e-6,1.4e-05,validation_total_reference_mistag_geomean_percent,0.3468742305907995,min,0.8322500148268512,0.8322500148268512,0.47020295221201835,0.2558931867227093,0.3468742305907995,,0.13200000225585942,0.07000000085449219,2.522000059648134,0.18399999640625006,0.3920000081347658,0.05400000131835941,2.3000000438690194,1.0040000061279297,0.01527044818788576,0.01726512829428365,66,50000,0.010871397397403768,0.01286855745420266,35,50000,0.06917601506197281,0.07107509708033262,1261,50000,0.018195055988739096,0.02018765613673616,92,50000,0.02697025322873285,0.028954533543126652,196,50000,0.0094384043456773,0.011436204389676428,27,50000,0.06609093087308754,0.06799889271385112,1150,50000,0.04361561651169965,0.04557541731568353,502,50000,0.8935666666666666,0.974378313,0.28005446614583335,0.34316320526285327,0.28371569570986915,False,/data/suehara/part/march/datasets/20250711_ilc_nnqq_sgv_10m_3cat_parquet,val50k_tail,,proxy
39,39,0,,lr_3e-6,1.344e-05,validation_total_reference_mistag_geomean_percent,0.34669246280934046,min,0.8297499921697237,0.8297499921697237,0.4687215358982965,0.2564329875273451,0.34669246280934046,,0.13200000225585942,0.07000000085449219,2.51599997619751,0.186000003178711,0.3920000081347658,0.05400000131835941,2.2939999523950205,0.9939999930230713,0.01527044818788576,0.01726512829428365,66,50000,0.010871397397403768,0.01286855745420266,35,50000,0.06909460092874437,0.07099392294230428,1258,50000,0.018298640498242997,0.020291160647840055,93,50000,0.02697025322873285,0.028954533543126652,196,50000,0.0094384043456773,0.011436204389676428,27,50000,0.0660053788838294,0.06791358071979309,1147,50000,0.04339512368923739,0.04535532448522155,497,50000,0.8935933333333334,0.9744056056666667,0.27991072916666665,0.34316320526285327,0.2834084076004069,False,/data/suehara/part/march/datasets/20250711_ilc_nnqq_sgv_10m_3cat_parquet,val50k_tail,,proxy
39,39,0,,lr_5_75e-6,1.1200000000000001e-05,validation_total_reference_mistag_geomean_percent,0.34496087711605095,min,0.8325000005855951,0.8325000005855951,0.46718937016562107,0.25471043294176365,0.34496087711605095,,0.12999999920654298,0.06799999900390627,2.5060001028616377,0.18999999768066408,0.39399998905822786,0.052000000507812505,2.3159999102380406,1.0040000061279297,0.015147327248533623,0.01714208735333156,65,50000,0.010701894656100771,0.01269913471129969,34,50000,0.06895867774531217,0.07085839975087271,1253,50000,0.018504147852544686,0.02049650800534169,95,50000,0.027041163032931338,0.02902536334892505,197,50000,0.00924516668895976,0.011243046731358937,26,50000,0.06631848677578177,0.06822580862934531,1158,50000,0.04361561651169965,0.04557541731568353,502,50000,0.89346,0.9743297499333333,0.2803265104166667,0.34316320526285327,0.28416117117673756,False,/data/suehara/part/march/datasets/20250711_ilc_nnqq_sgv_10m_3cat_parquet,val50k_tail,,proxy
39,39,0,,lr_8_5e-6,1.68e-05,validation_total_reference_mistag_geomean_percent,0.34590504818315554,min,0.8245000155130391,0.8245000155130391,0.4667526705158229,0.2563462619857362,0.34590504818315554,,0.13399999640136728,0.07000000085449219,2.5020000232882693,0.18399999640625006,0.3920000081347658,0.05400000131835941,2.2740000763366726,0.9860000213641362,0.015392639991259324,0.01738724009925721,67,50000,0.010871397397403768,0.01286855745420266,35,50000,0.06890422661864626,0.07080410862100664,1251,50000,0.018195055988739096,0.02018765613673616,92,50000,0.02697025322873285,0.028954533543126652,196,50000,0.0094384043456773,0.011436204389676428,27,50000,0.06571933700411543,0.06762833882407969,1137,50000,0.04321790631041187,0.04517842709999605,493,50000,0.8936466666666667,0.9744318656333334,0.2797636848958333,0.34316320526285327,0.2831899462060402,False,/data/suehara/part/march/datasets/20250711_ilc_nnqq_sgv_10m_3cat_parquet,val50k_tail,,proxy
40,40,0,,lr_11_25e-6,2.0159999999999997e-05,validation_total_reference_mistag_geomean_percent,0.3434356235621374,min,0.8197499787111673,0.8197499787111673,0.46675661470362567,0.252697066985129,0.3434356235621374,,0.12999999920654298,0.07000000085449219,2.4619999015741008,0.18199999600097666,0.3920000081347658,0.05400000131835941,2.287999931572268,0.9799999910278321,0.015147327248533623,0.01714208735333156,65,50000,0.010871397397403768,0.01286855745420266,35,50000,0.06835711553137593,0.07025859750173676,1231,50000,0.018090905588142768,0.020083585734539902,91,50000,0.02697025322873285,0.028954533543126652,196,50000,0.0094384043456773,0.011436204389676428,27,50000,0.06591970698851118,0.06782814881967497,1144,50000,0.04308450733752373,0.04504526812230802,490,50000,0.89366,0.9744657057333335,0.2795963411458333,0.34316320526285327,0.2829518853369808,False,/data/suehara/part/march/datasets/20250711_ilc_nnqq_sgv_10m_3cat_parquet,val50k_tail,,proxy
40,40,0,,lr_14e-6,1.4e-05,validation_total_reference_mistag_geomean_percent,0.3477908047770337,min,0.8319999976391412,0.8319999976391412,0.4696427193007332,0.2575541766463576,0.3477908047770337,,0.13599999800781254,0.07000000085449219,2.5119999494042977,0.18399999640625006,0.39000001309204146,0.05400000131835941,2.310000022029877,1.0,0.015513923280260607,0.017508443389858443,68,50000,0.010871397397403768,0.01286855745420266,35,50000,0.06904026666729839,0.07093974867765883,1256,50000,0.018195055988739096,0.02018765613673616,92,50000,0.026899160482115422,0.028883520794909055,195,50000,0.0094384043456773,0.011436204389676428,27,50000,0.0662332523059743,0.06814081415473794,1155,50000,0.0435275556174234,0.04548751641820746,500,50000,0.8935,0.9743828319333332,0.2800437890625,0.34316320526285327,0.28371803668185336,False,/data/suehara/part/march/datasets/20250711_ilc_nnqq_sgv_10m_3cat_parquet,val50k_tail,,proxy
40,40,0,,lr_3e-6,1.344e-05,validation_total_reference_mistag_geomean_percent,0.3475584070133258,min,0.8284999828160865,0.8284999828160865,0.46812253101699264,0.2580453583877076,0.3475584070133258,,0.13599999800781254,0.07000000085449219,2.5039999006591835,0.186000003178711,0.39000001309204146,0.05400000131835941,2.2939999523950205,0.9939999930230713,0.015513923280260607,0.017508443389858443,68,50000,0.010871397397403768,0.01286855745420266,35,50000,0.06893145804228139,0.0708312600462415,1252,50000,0.018298640498242997,0.020291160647840055,93,50000,0.026899160482115422,0.028883520794909055,195,50000,0.0094384043456773,0.011436204389676428,27,50000,0.0660053788838294,0.06791358071979309,1147,50000,0.04339512368923739,0.04535532448522155,497,50000,0.8934733333333333,0.9744084252333334,0.2799279557291667,0.34316320526285327,0.283420642640181,False,/data/suehara/part/march/datasets/20250711_ilc_nnqq_sgv_10m_3cat_parquet,val50k_tail,,proxy
40,40,0,,lr_5_75e-6,1.1200000000000001e-05,validation_total_reference_mistag_geomean_percent,0.34536533117292073,min,0.8359999942348489,0.8359999942348489,0.4665319483964741,0.25566783236636037,0.34536533117292073,,0.13200000225585942,0.06799999900390627,2.5319998891168263,0.1879999917382816,0.3920000081347658,0.052000000507812505,2.3240000631213396,1.0,0.01527044818788576,0.01726512829428365,66,50000,0.010701894656100771,0.01269913471129969,34,50000,0.06931147349066129,0.07121015551702116,1266,50000,0.018401668178712582,0.020394108329909573,94,50000,0.02697025322873285,0.028954533543126652,196,50000,0.00924516668895976,0.011243046731358937,26,50000,0.0664319488810114,0.06833895074097457,1162,50000,0.0435275556174234,0.04548751641820746,500,50000,0.8935066666666667,0.9743326125,0.28032959635416665,0.34316320526285327,0.2841792455291476,False,/data/suehara/part/march/datasets/20250711_ilc_nnqq_sgv_10m_3cat_parquet,val50k_tail,,proxy
40,40,0,,lr_8_5e-6,1.68e-05,validation_total_reference_mistag_geomean_percent,0.3469555859375458,min,0.8247500144445803,0.8247500144445803,0.4674362551742542,0.257528544867343,0.3469555859375458,,0.13599999800781254,0.07000000085449219,2.4840000299432377,0.186000003178711,0.3920000081347658,0.05400000131835941,2.2920000591046157,0.9840000150146486,0.015513923280260607,0.017508443389858443,68,50000,0.010871397397403768,0.01286855745420266,35,50000,0.06865861411047558,0.07055921609843627,1242,50000,0.018298640498242997,0.020291160647840055,93,50000,0.02697025322873285,0.028954533543126652,196,50000,0.0094384043456773,0.011436204389676428,27,50000,0.06597683493097806,0.06788511676534201,1146,50000,0.043173486498462345,0.04513408728644679,492,50000,0.8934866666666667,0.9744385486999999,0.279747578125,0.34316320526285327,0.2831814275475583,False,/data/suehara/part/march/datasets/20250711_ilc_nnqq_sgv_10m_3cat_parquet,val50k_tail,,proxy
41,41,0,,lr_11_25e-6,2.0159999999999997e-05,validation_total_reference_mistag_geomean_percent,0.34607300348373055,min,0.8207499964803315,0.8207499964803315,0.46725781614101985,0.25631786051087535,0.34607300348373055,,0.13399999640136728,0.07000000085449219,2.4739999913174437,0.186000003178711,0.39599999879150394,0.05400000131835941,2.2699999670944218,0.9820000128863527,0.015392639991259324,0.01738724009925721,67,50000,0.010871397397403768,0.01286855745420266,35,50000,0.06852174830664567,0.0704227502866063,1237,50000,0.018298640498242997,0.020291160647840055,93,50000,0.02711189127868993,0.029096011596283465,198,50000,0.0094384043456773,0.011436204389676428,27,50000,0.06566196724330023,0.06757112906006432,1135,50000,0.04312902022101297,0.045089701007397336,491,50000,0.8935933333333334,0.9744727987333334,0.27954088541666666,0.34316320526285327,0.2827030922729932,False,/data/suehara/part/march/datasets/20250711_ilc_nnqq_sgv_10m_3cat_parquet,val50k_tail,,proxy
41,41,0,,lr_14e-6,1.4e-05,validation_total_reference_mistag_geomean_percent,0.34648063174127225,min,0.8292499821121985,0.8292499821121985,0.46852180998305964,0.25622890037108775,0.34648063174127225,,0.13200000225585942,0.07000000085449219,2.5079999039447056,0.186000003178711,0.3920000081347658,0.05400000131835941,2.303999955000001,0.9879999822106936,0.01527044818788576,0.01726512829428365,66,50000,0.010871397397403768,0.01286855745420266,35,50000,0.0689858857414044,0.07088552774856469,1254,50000,0.018298640498242997,0.020291160647840055,93,50000,0.02697025322873285,0.028954533543126652,196,50000,0.0094384043456773,0.011436204389676428,27,50000,0.06614789914430597,0.06805570098826971,1152,50000,0.04326227979669032,0.04522272058787458,494,50000,0.8934533333333333,0.9743900058333334,0.28000497395833335,0.34316320526285327,0.2835054524466289,False,/data/suehara/part/march/datasets/20250711_ilc_nnqq_sgv_10m_3cat_parquet,val50k_tail,,proxy
41,41,0,,lr_3e-6,1.344e-05,validation_total_reference_mistag_geomean_percent,0.3455068460905471,min,0.8272499996382912,0.8272499996382912,0.46767359352485266,0.25525277105279476,0.3455068460905471,,0.12999999920654298,0.07000000085449219,2.5079999039447056,0.186000003178711,0.3920000081347658,0.05400000131835941,2.2920000591046157,0.9860000213641362,0.015147327248533623,0.01714208735333156,65,50000,0.010871397397403768,0.01286855745420266,35,50000,0.0689858857414044,0.07088552774856469,1254,50000,0.018298640498242997,0.020291160647840055,93,50000,0.02697025322873285,0.028954533543126652,196,50000,0.0094384043456773,0.011436204389676428,27,50000,0.06597683493097806,0.06788511676534201,1146,50000,0.04321790631041187,0.04517842709999605,493,50000,0.8935866666666666,0.9744156640333332,0.27988330729166666,0.34316320526285327,0.2832157476949215,False,/data/suehara/part/march/datasets/20250711_ilc_nnqq_sgv_10m_3cat_parquet,val50k_tail,,proxy
41,41,0,,lr_5_75e-6,1.1200000000000001e-05,validation_total_reference_mistag_geomean_percent,0.3449676958678518,min,0.8317499882062537,0.8317499882062537,0.4661222543240089,0.25530364638984615,0.3449676958678518,,0.12999999920654298,0.07000000085449219,2.5100000153198243,0.186000003178711,0.39399998905822786,0.052000000507812505,2.3179999045013466,0.9939999930230713,0.015147327248533623,0.01714208735333156,65,50000,0.010871397397403768,0.01286855745420266,35,50000,0.06901308204419615,0.07091264405295616,1255,50000,0.018298640498242997,0.020291160647840055,93,50000,0.027041163032931338,0.02902536334892505,197,50000,0.00924516668895976,0.011243046731358937,26,50000,0.06634687196760067,0.06825411382276395,1159,50000,0.04339512368923739,0.04535532448522155,497,50000,0.8934133333333333,0.9743399712,0.28028411458333335,0.34316320526285327,0.283986179843396,False,/data/suehara/part/march/datasets/20250711_ilc_nnqq_sgv_10m_3cat_parquet,val50k_tail,,proxy
41,41,0,,lr_8_5e-6,1.68e-05,validation_total_reference_mistag_geomean_percent,0.34735270858393413,min,0.8257499936407473,0.8257499936407473,0.46794278822891616,0.25783900766427015,0.34735270858393413,,0.13599999800781254,0.07000000085449219,2.4960000243750002,0.186000003178711,0.39599999879150394,0.05400000131835941,2.287999931572268,0.9799999910278321,0.015513923280260607,0.017508443389858443,68,50000,0.010871397397403768,0.01286855745420266,35,50000,0.0688224618870574,0.07072258388461788,1248,50000,0.018298640498242997,0.020291160647840055,93,50000,0.02711189127868993,0.029096011596283465,198,50000,0.0094384043456773,0.011436204389676428,27,50000,0.06591970698851118,0.06782814881967497,1144,50000,0.04308450733752373,0.04504526812230802,490,50000,0.8935266666666667,0.9744456079666666,0.27969876302083335,0.34316320526285327,0.28295425315348094,False,/data/suehara/part/march/datasets/20250711_ilc_nnqq_sgv_10m_3cat_parquet,val50k_tail,,proxy
42,42,0,,lr_11_25e-6,2.0159999999999997e-05,validation_total_reference_mistag_geomean_percent,0.3455695076445634,min,0.8197499831742103,0.8197499831742103,0.46408855427206464,0.25731788365480535,0.3455695076445634,,0.13799999730468757,0.07000000085449219,2.4399998994751018,0.186000003178711,0.39599999879150394,0.052000000507812505,2.2939999523950205,0.9820000128863527,0.015634317924008823,0.01762875803520661,69,50000,0.010871397397403768,0.01286855745420266,35,50000,0.068054163226762,0.06995652517952297,1220,50000,0.018298640498242997,0.020291160647840055,93,50000,0.02711189127868993,0.029096011596283465,198,50000,0.00924516668895976,0.011243046731358937,26,50000,0.0660053788838294,0.06791358071979309,1147,50000,0.04312902022101297,0.045089701007397336,491,50000,0.8935933333333334,0.9744837592333333,0.27949752604166667,0.34316320526285327,0.2821624521609151,False,/data/suehara/part/march/datasets/20250711_ilc_nnqq_sgv_10m_3cat_parquet,val50k_tail,,proxy
42,42,0,,lr_14e-6,1.4e-05,validation_total_reference_mistag_geomean_percent,0.3475319425724988,min,0.8302500087701423,0.8302500087701423,0.469694244804634,0.2571427102719804,0.3475319425724988,,0.13399999640136728,0.07000000085449219,2.5060001028616377,0.186000003178711,0.39399998905822786,0.05400000131835941,2.305999959535218,0.9920000169531253,0.015392639991259324,0.01738724009925721,67,50000,0.010871397397403768,0.01286855745420266,35,50000,0.06895867774531217,0.07085839975087271,1253,50000,0.018298640498242997,0.020291160647840055,93,50000,0.027041163032931338,0.02902536334892505,197,50000,0.0094384043456773,0.011436204389676428,27,50000,0.06617636341407426,0.06808408525963774,1153,50000,0.04335088834802794,0.04531116914241202,496,50000,0.8934133333333333,0.9743995803666667,0.27995411458333336,0.34316320526285327,0.282999553459809,False,/data/suehara/part/march/datasets/20250711_ilc_nnqq_sgv_10m_3cat_parquet,val50k_tail,,proxy
42,42,0,,lr_3e-6,1.344e-05,validation_total_reference_mistag_geomean_percent,0.34681761722804283,min,0.825000007136879,0.825000007136879,0.4692706913985565,0.25631786051087535,0.34681761722804283,,0.13399999640136728,0.07000000085449219,2.4739999913174437,0.186000003178711,0.39599999879150394,0.05400000131835941,2.3000000438690194,0.9860000213641362,0.015392639991259324,0.01738724009925721,67,50000,0.010871397397403768,0.01286855745420266,35,50000,0.06852174830664567,0.0704227502866063,1237,50000,0.018298640498242997,0.020291160647840055,93,50000,0.02711189127868993,0.029096011596283465,198,50000,0.0094384043456773,0.011436204389676428,27,50000,0.06609093087308754,0.06799889271385112,1150,50000,0.04321790631041187,0.04517842709999605,493,50000,0.89346,0.9744262079666667,0.279826640625,0.34316320526285327,0.28271744995033254,False,/data/suehara/part/march/datasets/20250711_ilc_nnqq_sgv_10m_3cat_parquet,val50k_tail,,proxy
42,42,0,,lr_5_75e-6,1.1200000000000001e-05,validation_total_reference_mistag_geomean_percent,0.3458890772202745,min,0.8345000133749586,0.8345000133749586,0.4669925533282477,0.2561909240043041,0.3458890772202745,,0.12999999920654298,0.07000000085449219,2.5180000541745007,0.1879999917382816,0.39399998905822786,0.052000000507812505,2.3260000764851405,0.9979999949746704,0.015147327248533623,0.01714208735333156,65,50000,0.010871397397403768,0.01286855745420266,35,50000,0.06912175059417512,0.07102099260933546,1259,50000,0.018401668178712582,0.020394108329909573,94,50000,0.027041163032931338,0.02902536334892505,197,50000,0.00924516668895976,0.011243046731358937,26,50000,0.0664602816865395,0.06836720354810241,1163,50000,0.04348345718792508,0.04544349798710906,499,50000,0.8933133333333333,0.9743510337666667,0.280227421875,0.34316320526285327,0.28349762043422116,False,/data/suehara/part/march/datasets/20250711_ilc_nnqq_sgv_10m_3cat_parquet,val50k_tail,,proxy
42,42,0,,lr_8_5e-6,1.68e-05,validation_total_reference_mistag_geomean_percent,0.3453240416658856,min,0.8214999984075362,0.8214999984075362,0.46445914709699676,0.2567474330041747,0.3453240416658856,,0.13599999800781254,0.07000000085449219,2.453999905451206,0.186000003178711,0.39599999879150394,0.052000000507812505,2.2920000591046157,0.9860000213641362,0.015513923280260607,0.017508443389858443,68,50000,0.010871397397403768,0.01286855745420266,35,50000,0.06824712025735036,0.07014892222131155,1227,50000,0.018298640498242997,0.020291160647840055,93,50000,0.02711189127868993,0.029096011596283465,198,50000,0.00924516668895976,0.011243046731358937,26,50000,0.06597683493097806,0.06788511676534201,1146,50000,0.04321790631041187,0.04517842709999605,493,50000,0.8935333333333333,0.9744564000333332,0.2796404036458333,0.34316320526285327,0.2824323922253925,False,/data/suehara/part/march/datasets/20250711_ilc_nnqq_sgv_10m_3cat_parquet,val50k_tail,,proxy
43,43,0,,lr_11_25e-6,2.0159999999999997e-05,validation_total_reference_mistag_geomean_percent,0.34301926210035144,min,0.8159999969700631,0.8159999969700631,0.46435508584309415,0.25338844724450316,0.34301926210035144,,0.12999999920654298,0.07000000085449219,2.4619999015741008,0.18399999640625006,0.39000001309204146,0.05400000131835941,2.2620000490118417,0.9760000142968752,0.015147327248533623,0.01714208735333156,65,50000,0.010871397397403768,0.01286855745420266,35,50000,0.06835711553137593,0.07025859750173676,1231,50000,0.018195055988739096,0.02018765613673616,92,50000,0.026899160482115422,0.028883520794909055,195,50000,0.0094384043456773,0.011436204389676428,27,50000,0.06554706522534509,0.06745654703570955,1131,50000,0.042995341186683085,0.044956261968267554,488,50000,0.89364,0.9744913279666667,0.2794621484375,0.34301926210035144,0.28243401717571986,False,/data/suehara/part/march/datasets/20250711_ilc_nnqq_sgv_10m_3cat_parquet,val50k_tail,,proxy
43,43,0,,lr_14e-6,1.4e-05,validation_total_reference_mistag_geomean_percent,0.34456096962514227,min,0.8247499920432857,0.8247499920432857,0.4666545794502982,0.2544114362466316,0.34456096962514227,,0.12999999920654298,0.07000000085449219,2.5020000232882693,0.18399999640625006,0.3920000081347658,0.05400000131835941,2.2859999161097746,0.9799999910278321,0.015147327248533623,0.01714208735333156,65,50000,0.010871397397403768,0.01286855745420266,35,50000,0.06890422661864626,0.07080410862100664,1251,50000,0.018195055988739096,0.02018765613673616,92,50000,0.02697025322873285,0.028954533543126652,196,50000,0.0094384043456773,0.011436204389676428,27,50000,0.06589112296472646,0.06779964479429051,1143,50000,0.04308450733752373,0.04504526812230802,490,50000,0.89348,0.9744048526333334,0.27995078125,0.34301926210035144,0.28330308538107646,False,/data/suehara/part/march/datasets/20250711_ilc_nnqq_sgv_10m_3cat_parquet,val50k_tail,,proxy
43,43,0,,lr_3e-6,1.344e-05,validation_total_reference_mistag_geomean_percent,0.3431875779822042,min,0.8195000031208808,0.8195000031208808,0.46614340920447445,0.252664118714651,0.3431875779822042,,0.128,0.07000000085449219,2.4719999404028337,0.18399999640625006,0.3920000081347658,0.05400000131835941,2.276000086822513,0.9799999910278321,0.015023255758590748,0.017018095861788735,64,50000,0.010871397397403768,0.01286855745420266,35,50000,0.06849433941545705,0.07039542139381794,1236,50000,0.018195055988739096,0.02018765613673616,92,50000,0.02697025322873285,0.028954533543126652,196,50000,0.0094384043456773,0.011436204389676428,27,50000,0.06574800163356431,0.0676569234551283,1138,50000,0.04308450733752373,0.04504526812230802,490,50000,0.8935266666666667,0.9744279549666667,0.27982787760416666,0.34301926210035144,0.2830293794047265,False,/data/suehara/part/march/datasets/20250711_ilc_nnqq_sgv_10m_3cat_parquet,val50k_tail,,proxy
43,43,0,,lr_5_75e-6,1.1200000000000001e-05,validation_total_reference_mistag_geomean_percent,0.3467277941528858,min,0.8347500063760761,0.8347500063760761,0.4694018985948813,0.25611350017542706,0.3467277941528858,,0.12999999920654298,0.07000000085449219,2.5419999592727667,0.186000003178711,0.3920000081347658,0.05400000131835941,2.3120000620898455,0.9920000169531253,0.015147327248533623,0.01714208735333156,65,50000,0.010871397397403768,0.01286855745420266,35,50000,0.0694466436247855,0.07134492565914544,1271,50000,0.018298640498242997,0.020291160647840055,93,50000,0.02697025322873285,0.028954533543126652,196,50000,0.0094384043456773,0.011436204389676428,27,50000,0.06626167696161533,0.06816915881197871,1156,50000,0.04335088834802794,0.04531116914241202,496,50000,0.8934266666666667,0.9743511304333333,0.2802465885416667,0.34301926210035144,0.28381582457394827,False,/data/suehara/part/march/datasets/20250711_ilc_nnqq_sgv_10m_3cat_parquet,val50k_tail,,proxy
43,43,0,,lr_8_5e-6,1.68e-05,validation_total_reference_mistag_geomean_percent,0.344032099108997,min,0.8187500148506168,0.8187500148506168,0.46466270955253514,0.25471827797698726,0.344032099108997,,0.13200000225585942,0.07000000085449219,2.4760000071783446,0.18399999640625006,0.39000001309204146,0.05400000131835941,2.268000083402713,0.9760000142968752,0.01527044818788576,0.01726512829428365,66,50000,0.010871397397403768,0.01286855745420266,35,50000,0.06854914526894657,0.07045006725050762,1238,50000,0.018195055988739096,0.02018765613673616,92,50000,0.026899160482115422,0.028883520794909055,195,50000,0.0094384043456773,0.011436204389676428,27,50000,0.06563326207708713,0.06754250389225148,1134,50000,0.042995341186683085,0.044956261968267554,488,50000,0.8936466666666667,0.9744605476666667,0.27964916666666667,0.34301926210035144,0.28272384239804177,False,/data/suehara/part/march/datasets/20250711_ilc_nnqq_sgv_10m_3cat_parquet,val50k_tail,,proxy
44,44,0,,lr_11_25e-6,2.0159999999999997e-05,validation_total_reference_mistag_geomean_percent,0.34213427884121184,min,0.8154999942136385,0.8154999942136385,0.4644023454063823,0.25205700599070957,0.34213427884121184,,0.128,0.07000000085449219,2.4219999312603777,0.186000003178711,0.3979999917407228,0.052000000507812505,2.2840000111523437,0.9840000150146486,0.015023255758590748,0.017018095861788735,64,50000,0.010871397397403768,0.01286855745420266,35,50000,0.06780519847169354,0.06970828041005482,1211,50000,0.018298640498242997,0.020291160647840055,93,50000,0.027182439332570398,0.029166479651764055,199,50000,0.00924516668895976,0.011243046731358937,26,50000,0.06586252554973346,0.06777112737769708,1142,50000,0.043173486498462345,0.04513408728644679,492,50000,0.8935533333333333,0.9744937559999999,0.27949421875,0.34213427884121184,0.2821984352638811,False,/data/suehara/part/march/datasets/20250711_ilc_nnqq_sgv_10m_3cat_parquet,val50k_tail,,proxy
44,44,0,,lr_14e-6,1.4e-05,validation_total_reference_mistag_geomean_percent,0.3474511446872443,min,0.8242499939556505,0.8242499939556505,0.4684879914309046,0.25768493569227635,0.3474511446872443,,0.13399999640136728,0.07000000085449219,2.4739999913174437,0.18999999768066408,0.39599999879150394,0.05400000131835941,2.2939999523950205,0.9820000128863527,0.015392639991259324,0.01738724009925721,67,50000,0.010871397397403768,0.01286855745420266,35,50000,0.06852174830664567,0.0704227502866063,1237,50000,0.018504147852544686,0.02049650800534169,95,50000,0.02711189127868993,0.029096011596283465,198,50000,0.0094384043456773,0.011436204389676428,27,50000,0.0660053788838294,0.06791358071979309,1147,50000,0.04312902022101297,0.045089701007397336,491,50000,0.8934266666666667,0.9744073462666666,0.2799678776041667,0.34213427884121184,0.2830925198934125,False,/data/suehara/part/march/datasets/20250711_ilc_nnqq_sgv_10m_3cat_parquet,val50k_tail,,proxy
44,44,0,,lr_3e-6,1.344e-05,validation_total_reference_mistag_geomean_percent,0.34731991733926987,min,0.8237500196835906,0.8237500196835906,0.4695641907412198,0.2569001796967051,0.34731991733926987,,0.13399999640136728,0.07000000085449219,2.4700000951652563,0.1879999917382816,0.4,0.05400000131835941,2.2920000591046157,0.9820000128863527,0.015392639991259324,0.01738724009925721,67,50000,0.010871397397403768,0.01286855745420266,35,50000,0.06846691858127148,0.07036808055803263,1235,50000,0.018401668178712582,0.020394108329909573,94,50000,0.027252808544023274,0.029236768864816798,200,50000,0.0094384043456773,0.011436204389676428,27,50000,0.06597683493097806,0.06788511676534201,1146,50000,0.04312902022101297,0.045089701007397336,491,50000,0.8935066666666667,0.9744322589333333,0.27983497395833334,0.34213427884121184,0.2828271989664085,False,/data/suehara/part/march/datasets/20250711_ilc_nnqq_sgv_10m_3cat_parquet,val50k_tail,,proxy
44,44,0,,lr_5_75e-6,1.1200000000000001e-05,validation_total_reference_mistag_geomean_percent,0.3455136949015354,min,0.8295000036359216,0.8295000036359216,0.4645330132711011,0.2569886530213976,0.3455136949015354,,0.13399999640136728,0.07000000085449219,2.5,0.186000003178711,0.39000001309204146,0.052000000507812505,2.310000022029877,0.9939999930230713,0.015392639991259324,0.01738724009925721,67,50000,0.010871397397403768,0.01286855745420266,35,50000,0.06887698346071496,0.0707769454614756,1250,50000,0.018298640498242997,0.020291160647840055,93,50000,0.026899160482115422,0.028883520794909055,195,50000,0.00924516668895976,0.011243046731358937,26,50000,0.0662332523059743,0.06814081415473794,1155,50000,0.04339512368923739,0.04535532448522155,497,50000,0.89342,0.9743573915999999,0.2802261588541667,0.34213427884121184,0.2836168573221554,False,/data/suehara/part/march/datasets/20250711_ilc_nnqq_sgv_10m_3cat_parquet,val50k_tail,,proxy
44,44,0,,lr_8_5e-6,1.68e-05,validation_total_reference_mistag_geomean_percent,0.3462411462717756,min,0.819249997551365,0.819249997551365,0.46812241486590184,0.25609312343211493,0.3462411462717756,,0.13200000225585942,0.07000000085449219,2.4500000233650208,0.18999999768066408,0.3979999917407228,0.05400000131835941,2.279999972167969,0.9799999910278321,0.01527044818788576,0.01726512829428365,66,50000,0.010871397397403768,0.01286855745420266,35,50000,0.06819205025008386,0.0700940122108449,1225,50000,0.018504147852544686,0.02049650800534169,95,50000,0.027182439332570398,0.029166479651764055,199,50000,0.0094384043456773,0.011436204389676428,27,50000,0.06580529047737448,0.06771405230213863,1140,50000,0.04308450733752373,0.04504526812230802,490,50000,0.8935533333333333,0.9744635460000001,0.279648359375,0.34213427884121184,0.28250423699319505,False,/data/suehara/part/march/datasets/20250711_ilc_nnqq_sgv_10m_3cat_parquet,val50k_tail,,proxy
45,45,0,,lr_11_25e-6,2.0159999999999997e-05,validation_total_reference_mistag_geomean_percent,0.3383257249278752,min,0.8117500151872643,0.8117500151872643,0.4552557359099371,0.2514285644730826,0.3383257249278752,,0.128,0.07000000085449219,2.4240001013452193,0.18399999640625006,0.38799999194824236,0.05,2.2780000552676407,0.9719999756762702,0.015023255758590748,0.017018095861788735,64,50000,0.010871397397403768,0.01286855745420266,35,50000,0.06783291024577663,0.06973591218573834,1212,50000,0.018195055988739096,0.02018765613673616,92,50000,0.02682788339137001,0.028812323702563862,194,50000,0.009048206756063586,0.011046166796862796,25,50000,0.06577665278554162,0.06768549460870535,1139,50000,0.04290598690721674,0.04486706768560139,486,50000,0.89374,0.9745239852333333,0.279286640625,0.3383257249278752,0.28216751010558583,False,/data/suehara/part/march/datasets/20250711_ilc_nnqq_sgv_10m_3cat_parquet,val50k_tail,,proxy
45,45,0,,lr_14e-6,1.4e-05,validation_total_reference_mistag_geomean_percent,0.34489595171416626,min,0.8207500089833071,0.8207500089833071,0.4675666940103304,0.2544090907942052,0.34489595171416626,,0.13200000225585942,0.07000000085449219,2.4640000090234375,0.18399999640625006,0.39599999879150394,0.05400000131835941,2.2900000489196786,0.9760000142968752,0.01527044818788576,0.01726512829428365,66,50000,0.010871397397403768,0.01286855745420266,35,50000,0.06838458427921267,0.07028598625117392,1232,50000,0.018195055988739096,0.02018765613673616,92,50000,0.02711189127868993,0.029096011596283465,198,50000,0.0094384043456773,0.011436204389676428,27,50000,0.06594827763822739,0.06785663947099091,1145,50000,0.042995341186683085,0.044956261968267554,488,50000,0.8935,0.9744318415000001,0.27980244791666664,0.3383257249278752,0.2830945471643721,False,/data/suehara/part/march/datasets/20250711_ilc_nnqq_sgv_10m_3cat_parquet,val50k_tail,,proxy
45,45,0,,lr_3e-6,1.344e-05,validation_total_reference_mistag_geomean_percent,0.3440723880060791,min,0.8169999873162656,0.8169999873162656,0.46619014011335647,0.25394318326728177,0.3440723880060791,,0.13200000225585942,0.07000000085449219,2.4459999218083217,0.18399999640625006,0.39399998905822786,0.05400000131835941,2.2840000111523437,0.9719999756762702,0.01527044818788576,0.01726512829428365,66,50000,0.010871397397403768,0.01286855745420266,35,50000,0.06813693184240868,0.07003905379996955,1223,50000,0.018195055988739096,0.02018765613673616,92,50000,0.027041163032931338,0.02902536334892505,197,50000,0.0094384043456773,0.011436204389676428,27,50000,0.06586252554973346,0.06777112737769708,1142,50000,0.04290598690721674,0.04486706768560139,486,50000,0.89358,0.9744550675000001,0.2796645442708333,0.3383257249278752,0.2828374532902955,False,/data/suehara/part/march/datasets/20250711_ilc_nnqq_sgv_10m_3cat_parquet,val50k_tail,,proxy
45,45,0,,lr_5_75e-6,1.1200000000000001e-05,validation_total_reference_mistag_geomean_percent,0.34765150874982004,min,0.8312500020579725,0.8312500020579725,0.4696431316981492,0.2573476824818271,0.34765150874982004,,0.13399999640136728,0.07000000085449219,2.5139999388148513,0.186000003178711,0.39599999879150394,0.05400000131835941,2.3120000620898455,0.9840000150146486,0.015392639991259324,0.01738724009925721,67,50000,0.010871397397403768,0.01286855745420266,35,50000,0.06906743962429539,0.07096684163625556,1257,50000,0.018298640498242997,0.020291160647840055,93,50000,0.02711189127868993,0.029096011596283465,198,50000,0.0094384043456773,0.011436204389676428,27,50000,0.06626167696161533,0.06816915881197871,1156,50000,0.043173486498462345,0.04513408728644679,492,50000,0.89346,0.9743793327666667,0.2800741145833333,0.3383257249278752,0.2836373540033169,False,/data/suehara/part/march/datasets/20250711_ilc_nnqq_sgv_10m_3cat_parquet,val50k_tail,,proxy
45,45,0,,lr_8_5e-6,1.68e-05,validation_total_reference_mistag_geomean_percent,0.3412669381631729,min,0.8145000072787859,0.8145000072787859,0.46253920450879643,0.251790814590403,0.3412669381631729,,0.128,0.07000000085449219,2.438000003720093,0.18399999640625006,0.4,0.052000000507812505,2.2780000552676407,0.966000001473999,0.015023255758590748,0.017018095861788735,64,50000,0.010871397397403768,0.01286855745420266,35,50000,0.06802654936229544,0.06992899131345667,1219,50000,0.018195055988739096,0.02018765613673616,92,50000,0.027252808544023274,0.029236768864816798,200,50000,0.00924516668895976,0.011243046731358937,26,50000,0.06577665278554162,0.06768549460870535,1139,50000,0.042771600227054125,0.04473292100063888,483,50000,0.8936533333333333,0.9744899325333334,0.27948580729166667,0.3383257249278752,0.2824944127510549,False,/data/suehara/part/march/datasets/20250711_ilc_nnqq_sgv_10m_3cat_parquet,val50k_tail,,proxy
46,46,0,,lr_11_25e-6,2.0159999999999997e-05,validation_total_reference_mistag_geomean_percent,0.3397984524746581,min,0.8122500092941861,0.8122500092941861,0.4552397711231783,0.2536311535771567,0.3397984524746581,,0.13200000225585942,0.07000000085449219,2.4340000872787506,0.18399999640625006,0.39000001309204146,0.05,2.2659999987898254,0.9719999756762702,0.01527044818788576,0.01726512829428365,66,50000,0.010871397397403768,0.01286855745420266,35,50000,0.06797128505690829,0.06987388700486936,1217,50000,0.018195055988739096,0.02018765613673616,92,50000,0.026899160482115422,0.028883520794909055,195,50000,0.009048206756063586,0.011046166796862796,25,50000,0.06560454336370959,0.06751386517727352,1133,50000,0.04290598690721674,0.04486706768560139,486,50000,0.8936133333333334,0.9745357632666667,0.279211875,0.3383257249278752,0.28197619655691475,False,/data/suehara/part/march/datasets/20250711_ilc_nnqq_sgv_10m_3cat_parquet,val50k_tail,,proxy
46,46,0,,lr_14e-6,1.4e-05,validation_total_reference_mistag_geomean_percent,0.3464163353597902,min,0.8224999994723512,0.8224999994723512,0.46646456858985835,0.25726343539206964,0.3464163353597902,,0.13399999640136728,0.07000000085449219,2.4840000299432377,0.1879999917382816,0.39399998905822786,0.05400000131835941,2.279999972167969,0.9760000142968752,0.015392639991259324,0.01738724009925721,67,50000,0.010871397397403768,0.01286855745420266,35,50000,0.06865861411047558,0.07055921609843627,1242,50000,0.018401668178712582,0.020394108329909573,94,50000,0.027041163032931338,0.02902536334892505,197,50000,0.0094384043456773,0.011436204389676428,27,50000,0.06580529047737448,0.06771405230213863,1140,50000,0.042995341186683085,0.044956261968267554,488,50000,0.8935466666666667,0.9744426322,0.27971924479166665,0.3383257249278752,0.28292954343767196,False,/data/suehara/part/march/datasets/20250711_ilc_nnqq_sgv_10m_3cat_parquet,val50k_tail,,proxy
46,46,0,,lr_3e-6,1.344e-05,validation_total_reference_mistag_geomean_percent,0.3440976430117988,min,0.8177499918955996,0.8177499918955996,0.4612600132572397,0.256695105847476,0.3440976430117988,,0.13599999800781254,0.07000000085449219,2.4519999386401383,0.186000003178711,0.3920000081347658,0.052000000507812505,2.279999972167969,0.9740000136730959,0.015513923280260607,0.017508443389858443,68,50000,0.010871397397403768,0.01286855745420266,35,50000,0.06821959129655122,0.07012147325891269,1226,50000,0.018298640498242997,0.020291160647840055,93,50000,0.02697025322873285,0.028954533543126652,196,50000,0.00924516668895976,0.011243046731358937,26,50000,0.06580529047737448,0.06771405230213863,1140,50000,0.04295068763465349,0.04491168841463788,487,50000,0.8935533333333333,0.9744628321333334,0.279625078125,0.3383257249278752,0.28268044285270627,False,/data/suehara/part/march/datasets/20250711_ilc_nnqq_sgv_10m_3cat_parquet,val50k_tail,,proxy
46,46,0,,lr_5_75e-6,1.1200000000000001e-05,validation_total_reference_mistag_geomean_percent,0.34722144591637577,min,0.8292499893898586,0.8292499893898586,0.46857512534218954,0.2572964845630986,0.34722144591637577,,0.13399999640136728,0.07000000085449219,2.5119999494042977,0.186000003178711,0.39399998905822786,0.05400000131835941,2.297999953539277,0.9860000213641362,0.015392639991259324,0.01738724009925721,67,50000,0.010871397397403768,0.01286855745420266,35,50000,0.06904026666729839,0.07093974867765883,1256,50000,0.018298640498242997,0.020291160647840055,93,50000,0.027041163032931338,0.02902536334892505,197,50000,0.0094384043456773,0.011436204389676428,27,50000,0.06606242683791057,0.06797046867707442,1149,50000,0.04321790631041187,0.04517842709999605,493,50000,0.89352,0.9743867578666667,0.2800191927083333,0.3383257249278752,0.28348333774210727,False,/data/suehara/part/march/datasets/20250711_ilc_nnqq_sgv_10m_3cat_parquet,val50k_tail,,proxy
46,46,0,,lr_8_5e-6,1.68e-05,validation_total_reference_mistag_geomean_percent,0.34295252976203516,min,0.816250000830613,0.816250000830613,0.459707922842912,0.25585036025226526,0.34295252976203516,,0.13399999640136728,0.07000000085449219,2.4559999160546906,0.186000003178711,0.38799999194824236,0.052000000507812505,2.268000083402713,0.9760000142968752,0.015392639991259324,0.01738724009925721,67,50000,0.010871397397403768,0.01286855745420266,35,50000,0.06827463714687912,0.07017635911244005,1228,50000,0.018298640498242997,0.020291160647840055,93,50000,0.02682788339137001,0.028812323702563862,194,50000,0.00924516668895976,0.011243046731358937,26,50000,0.06563326207708713,0.06754250389225148,1134,50000,0.042995341186683085,0.044956261968267554,488,50000,0.8936266666666667,0.9745002886666668,0.27940513020833335,0.3383257249278752,0.28231937243301,False,/data/suehara/part/march/datasets/20250711_ilc_nnqq_sgv_10m_3cat_parquet,val50k_tail,,proxy
47,47,0,,lr_11_25e-6,2.0159999999999997e-05,validation_total_reference_mistag_geomean_percent,0.33850233849935873,min,0.8185000137896734,0.8185000137896734,0.4577262980275644,0.25033264128213617,0.33850233849935873,,0.12999999920654298,0.06799999900390627,2.4679999977404785,0.18000000439453137,0.3920000081347658,0.05,2.276000086822513,0.9840000150146486,0.015147327248533623,0.01714208735333156,65,50000,0.010701894656100771,0.01269913471129969,34,50000,0.06843948578995132,0.07034072776511205,1234,50000,0.017986179985518026,0.019978940130315186,90,50000,0.02697025322873285,0.028954533543126652,196,50000,0.009048206756063586,0.011046166796862796,25,50000,0.06574800163356431,0.0676569234551283,1138,50000,0.043173486498462345,0.04513408728644679,492,50000,0.8937733333333333,0.9745465119333332,0.2791882421875,0.3383257249278752,0.2818901005357518,False,/data/suehara/part/march/datasets/20250711_ilc_nnqq_sgv_10m_3cat_parquet,val50k_tail,,proxy
47,47,0,,lr_14e-6,1.4e-05,validation_total_reference_mistag_geomean_percent,0.34586847440360174,min,0.8257500196077923,0.8257500196077923,0.4673342500128515,0.25597311043003007,0.34586847440360174,,0.13200000225585942,0.07000000085449219,2.4980000771858237,0.186000003178711,0.3920000081347658,0.05400000131835941,2.2900000489196786,0.9840000150146486,0.01527044818788576,0.01726512829428365,66,50000,0.010871397397403768,0.01286855745420266,35,50000,0.0688497285547679,0.07074977055392812,1249,50000,0.018298640498242997,0.020291160647840055,93,50000,0.02697025322873285,0.028954533543126652,196,50000,0.0094384043456773,0.011436204389676428,27,50000,0.06594827763822739,0.06785663947099091,1145,50000,0.043173486498462345,0.04513408728644679,492,50000,0.8935666666666666,0.9744527833,0.2796801302083333,0.3383257249278752,0.2828694371198938,False,/data/suehara/part/march/datasets/20250711_ilc_nnqq_sgv_10m_3cat_parquet,val50k_tail,,proxy
47,47,0,,lr_3e-6,1.344e-05,validation_total_reference_mistag_geomean_percent,0.3441390724437669,min,0.824499999100667,0.824499999100667,0.46439006480868644,0.2550263456459738,0.3441390724437669,,0.13200000225585942,0.07000000085449219,2.488000095668949,0.18399999640625006,0.39599999879150394,0.052000000507812505,2.2859999161097746,0.9879999822106936,0.01527044818788576,0.01726512829428365,66,50000,0.010871397397403768,0.01286855745420266,35,50000,0.06871327732268437,0.07061371931384522,1244,50000,0.018195055988739096,0.02018765613673616,92,50000,0.02711189127868993,0.029096011596283465,198,50000,0.00924516668895976,0.011243046731358937,26,50000,0.06589112296472646,0.06779964479429051,1143,50000,0.04326227979669032,0.04522272058787458,494,50000,0.8935866666666666,0.9744748394666667,0.2795676302083333,0.3383257249278752,0.28262646957302817,False,/data/suehara/part/march/datasets/20250711_ilc_nnqq_sgv_10m_3cat_parquet,val50k_tail,,proxy
47,47,0,,lr_5_75e-6,1.1200000000000001e-05,validation_total_reference_mistag_geomean_percent,0.3462724135928468,min,0.8274999961981966,0.8274999961981966,0.466575403254991,0.2569886530213976,0.3462724135928468,,0.13399999640136728,0.07000000085449219,2.5,0.186000003178711,0.38799999194824236,0.05400000131835941,2.3079999848565675,0.9799999910278321,0.015392639991259324,0.01738724009925721,67,50000,0.010871397397403768,0.01286855745420266,35,50000,0.06887698346071496,0.0707769454614756,1250,50000,0.018298640498242997,0.020291160647840055,93,50000,0.02682788339137001,0.028812323702563862,194,50000,0.0094384043456773,0.011436204389676428,27,50000,0.06620481446237315,0.06811245630953637,1154,50000,0.04308450733752373,0.04504526812230802,490,50000,0.89354,0.9743974189000001,0.2799762890625,0.3383257249278752,0.2834385680633179,False,/data/suehara/part/march/datasets/20250711_ilc_nnqq_sgv_10m_3cat_parquet,val50k_tail,,proxy
47,47,0,,lr_8_5e-6,1.68e-05,validation_total_reference_mistag_geomean_percent,0.3414232781721074,min,0.8195000046110537,0.8195000046110537,0.45926582147867734,0.2538178314738805,0.3414232781721074,,0.13200000225585942,0.07000000085449219,2.4679999977404785,0.18199999600097666,0.3979999917407228,0.05,2.2720000332812504,0.9840000150146486,0.01527044818788576,0.01726512829428365,66,50000,0.010871397397403768,0.01286855745420266,35,50000,0.06843948578995132,0.07034072776511205,1234,50000,0.018090905588142768,0.020083585734539902,91,50000,0.027182439332570398,0.029166479651764055,199,50000,0.009048206756063586,0.011046166796862796,25,50000,0.06569065887982901,0.06759974069819284,1136,50000,0.043173486498462345,0.04513408728644679,492,50000,0.8936466666666667,0.9745117402666666,0.27936897135416666,0.3383257249278752,0.2822488155650389,False,/data/suehara/part/march/datasets/20250711_ilc_nnqq_sgv_10m_3cat_parquet,val50k_tail,,proxy
48,48,0,,lr_11_25e-6,2.0159999999999997e-05,validation_total_reference_mistag_geomean_percent,0.33895147498530537,min,0.814500018506928,0.814500018506928,0.4567763469981399,0.25151937737087326,0.33895147498530537,,0.12999999920654298,0.06799999900390627,2.4340000872787506,0.186000003178711,0.39000001309204146,0.05,2.2780000552676407,0.9799999910278321,0.015147327248533623,0.01714208735333156,65,50000,0.010701894656100771,0.01269913471129969,34,50000,0.06797128505690829,0.06987388700486936,1217,50000,0.018298640498242997,0.020291160647840055,93,50000,0.026899160482115422,0.028883520794909055,195,50000,0.009048206756063586,0.011046166796862796,25,50000,0.06577665278554162,0.06768549460870535,1139,50000,0.04308450733752373,0.04504526812230802,490,50000,0.89388,0.9745444971333334,0.27919278645833334,0.3383257249278752,0.2818283519890693,False,/data/suehara/part/march/datasets/20250711_ilc_nnqq_sgv_10m_3cat_parquet,val50k_tail,,proxy
48,48,0,,lr_14e-6,1.4e-05,validation_total_reference_mistag_geomean_percent,0.3454422903249162,min,0.8212500037516028,0.8212500037516028,0.46793883401770714,0.25501276506665854,0.3454422903249162,,0.12999999920654298,0.07000000085449219,2.4719999404028337,0.1879999917382816,0.39599999879150394,0.05400000131835941,2.2740000763366726,0.9860000213641362,0.015147327248533623,0.01714208735333156,65,50000,0.010871397397403768,0.01286855745420266,35,50000,0.06849433941545705,0.07039542139381794,1236,50000,0.018401668178712582,0.020394108329909573,94,50000,0.02711189127868993,0.029096011596283465,198,50000,0.0094384043456773,0.011436204389676428,27,50000,0.06571933700411543,0.06762833882407969,1137,50000,0.04321790631041187,0.04517842709999605,493,50000,0.8934933333333334,0.9744500821666667,0.27969720052083336,0.3383257249278752,0.28284036911055904,False,/data/suehara/part/march/datasets/20250711_ilc_nnqq_sgv_10m_3cat_parquet,val50k_tail,,proxy
48,48,0,,lr_3e-6,1.344e-05,validation_total_reference_mistag_geomean_percent,0.34489005271134116,min,0.8184999959892283,0.8184999959892283,0.4669168245081751,0.2547544706373052,0.34489005271134116,,0.12999999920654298,0.07000000085449219,2.4619999015741008,0.1879999917382816,0.39599999879150394,0.05400000131835941,2.268000083402713,0.9799999910278321,0.015147327248533623,0.01714208735333156,65,50000,0.010871397397403768,0.01286855745420266,35,50000,0.06835711553137593,0.07025859750173676,1231,50000,0.018401668178712582,0.020394108329909573,94,50000,0.02711189127868993,0.029096011596283465,198,50000,0.0094384043456773,0.011436204389676428,27,50000,0.06563326207708713,0.06754250389225148,1134,50000,0.04308450733752373,0.04504526812230802,490,50000,0.8935666666666666,0.9744689250333334,0.27960763020833335,0.3383257249278752,0.2826034271507136,False,/data/suehara/part/march/datasets/20250711_ilc_nnqq_sgv_10m_3cat_parquet,val50k_tail,,proxy
48,48,0,,lr_5_75e-6,1.1200000000000001e-05,validation_total_reference_mistag_geomean_percent,0.3464726714770304,min,0.8274999969445422,0.8274999969445422,0.46931705391601586,0.25578297459847255,0.3464726714770304,,0.12999999920654298,0.07000000085449219,2.5020000232882693,0.1879999917382816,0.3979999917407228,0.05400000131835941,2.2939999523950205,0.9840000150146486,0.015147327248533623,0.01714208735333156,65,50000,0.010871397397403768,0.01286855745420266,35,50000,0.06890422661864626,0.07080410862100664,1251,50000,0.018401668178712582,0.020394108329909573,94,50000,0.027182439332570398,0.029166479651764055,199,50000,0.0094384043456773,0.011436204389676428,27,50000,0.0660053788838294,0.06791358071979309,1147,50000,0.043173486498462345,0.04513408728644679,492,50000,0.8935733333333333,0.9743921491333333,0.28001795572916666,0.3383257249278752,0.2834232901531081,False,/data/suehara/part/march/datasets/20250711_ilc_nnqq_sgv_10m_3cat_parquet,val50k_tail,,proxy
48,48,0,,lr_8_5e-6,1.68e-05,validation_total_reference_mistag_geomean_percent,0.3411542385641739,min,0.8164999993985373,0.8164999993985373,0.4575082036483878,0.25439153563189093,0.3411542385641739,,0.12999999920654298,0.07000000085449219,2.447999938740236,0.1879999917382816,0.39399998905822786,0.05,2.2740000763366726,0.9779999992538452,0.015147327248533623,0.01714208735333156,65,50000,0.010871397397403768,0.01286855745420266,35,50000,0.06816449710352161,0.07006653906268291,1224,50000,0.018401668178712582,0.020394108329909573,94,50000,0.027041163032931338,0.02902536334892505,197,50000,0.009048206756063586,0.011046166796862796,25,50000,0.06571933700411543,0.06762833882407969,1137,50000,0.04303994770673905,0.0450007884899236,489,50000,0.8936533333333333,0.9745091249,0.27937520833333335,0.3383257249278752,0.28220446151758816,False,/data/suehara/part/march/datasets/20250711_ilc_nnqq_sgv_10m_3cat_parquet,val50k_tail,,proxy
49,49,0,,lr_11_25e-6,2.0159999999999997e-05,validation_total_reference_mistag_geomean_percent,0.337726899098497,min,0.808749998496457,0.808749998496457,0.45428671332425635,0.2510737272944941,0.337726899098497,,0.13599999800781254,0.06799999900390627,2.4139999176744107,0.1780000073876956,0.38799999194824236,0.05,2.268000083402713,0.9679999905468751,0.015513923280260607,0.017508443389858443,68,50000,0.010701894656100771,0.01269913471129969,34,50000,0.06769422817458522,0.06959763010654686,1207,50000,0.01788086961137308,0.019873709754570246,89,50000,0.02682788339137001,0.028812323702563862,194,50000,0.009048206756063586,0.011046166796862796,25,50000,0.06563326207708713,0.06754250389225148,1134,50000,0.0428164433487024,0.04477768412388689,484,50000,0.8938733333333333,0.9745742406,0.279006796875,0.337726899098497,0.2813591085565759,False,/data/suehara/part/march/datasets/20250711_ilc_nnqq_sgv_10m_3cat_parquet,val50k_tail,,proxy
49,49,0,,lr_14e-6,1.4e-05,validation_total_reference_mistag_geomean_percent,0.34772519582058087,min,0.8217500221595584,0.8217500221595584,0.46721237771148305,0.2587962510769105,0.34772519582058087,,0.13799999730468757,0.07000000085449219,2.4700000951652563,0.1879999917382816,0.39399998905822786,0.05400000131835941,2.276000086822513,0.9840000150146486,0.015634317924008823,0.01762875803520661,69,50000,0.010871397397403768,0.01286855745420266,35,50000,0.06846691858127148,0.07036808055803263,1235,50000,0.018401668178712582,0.020394108329909573,94,50000,0.027041163032931338,0.02902536334892505,197,50000,0.0094384043456773,0.011436204389676428,27,50000,0.06574800163356431,0.0676569234551283,1138,50000,0.043173486498462345,0.04513408728644679,492,50000,0.89366,0.9744730552333335,0.27955830729166664,0.337726899098497,0.28239894301748414,False,/data/suehara/part/march/datasets/20250711_ilc_nnqq_sgv_10m_3cat_parquet,val50k_tail,,proxy
49,49,0,,lr_3e-6,1.344e-05,validation_total_reference_mistag_geomean_percent,0.3447068152642883,min,0.8192499952373322,0.8192499952373322,0.4632772127566827,0.25648312763454434,0.3447068152642883,,0.13399999640136728,0.07000000085449219,2.453999905451206,0.1879999917382816,0.39599999879150394,0.052000000507812505,2.2780000552676407,0.9820000128863527,0.015392639991259324,0.01738724009925721,67,50000,0.010871397397403768,0.01286855745420266,35,50000,0.06824712025735036,0.07014892222131155,1227,50000,0.018401668178712582,0.020394108329909573,94,50000,0.02711189127868993,0.029096011596283465,198,50000,0.00924516668895976,0.011243046731358937,26,50000,0.06577665278554162,0.06768549460870535,1139,50000,0.04312902022101297,0.045089701007397336,491,50000,0.89368,0.9744923353999999,0.2794645703125,0.337726899098497,0.28216893862504033,False,/data/suehara/part/march/datasets/20250711_ilc_nnqq_sgv_10m_3cat_parquet,val50k_tail,,proxy
49,49,0,,lr_5_75e-6,1.1200000000000001e-05,validation_total_reference_mistag_geomean_percent,0.34695611478990446,min,0.8274999863466077,0.8274999863466077,0.4671300333301229,0.25769815040993804,0.34695611478990446,,0.13200000225585942,0.07000000085449219,2.5119999494042977,0.18999999768066408,0.3920000081347658,0.05400000131835941,2.2859999161097746,0.9840000150146486,0.01527044818788576,0.01726512829428365,66,50000,0.010871397397403768,0.01286855745420266,35,50000,0.06904026666729839,0.07093974867765883,1256,50000,0.018504147852544686,0.02049650800534169,95,50000,0.02697025322873285,0.028954533543126652,196,50000,0.0094384043456773,0.011436204389676428,27,50000,0.06589112296472646,0.06779964479429051,1143,50000,0.043173486498462345,0.04513408728644679,492,50000,0.8934466666666666,0.9744136054,0.27989115885416666,0.337726899098497,0.2829964826792677,False,/data/suehara/part/march/datasets/20250711_ilc_nnqq_sgv_10m_3cat_parquet,val50k_tail,,proxy
49,49,0,,lr_8_5e-6,1.68e-05,validation_total_reference_mistag_geomean_percent,0.33997720131310005,min,0.812500026582757,0.812500026582757,0.4560894482077025,0.25342506358544636,0.33997720131310005,,0.13599999800781254,0.06799999900390627,2.4240001013452193,0.18399999640625006,0.3920000081347658,0.05,2.276000086822513,0.9700000229415899,0.015513923280260607,0.017508443389858443,68,50000,0.010701894656100771,0.01269913471129969,34,50000,0.06783291024577663,0.06973591218573834,1212,50000,0.018195055988739096,0.02018765613673616,92,50000,0.02697025322873285,0.028954533543126652,196,50000,0.009048206756063586,0.011046166796862796,25,50000,0.06574800163356431,0.0676569234551283,1138,50000,0.042861238860203606,0.044822399636988176,485,50000,0.8937333333333334,0.9745348024,0.27922838541666667,0.337726899098497,0.2817527920603185,False,/data/suehara/part/march/datasets/20250711_ilc_nnqq_sgv_10m_3cat_parquet,val50k_tail,,proxy
50,50,0,,lr_11_25e-6,2.0159999999999997e-05,validation_total_reference_mistag_geomean_percent,0.3354145351058672,min,0.8075000082784278,0.8075000082784278,0.45345225955547186,0.24810309793267732,0.3354145351058672,,0.12999999920654298,0.06799999900390627,2.407999941945802,0.1780000073876956,0.38200002098388786,0.05,2.268000083402713,0.9760000142968752,0.015147327248533623,0.01714208735333156,65,50000,0.010701894656100771,0.01269913471129969,34,50000,0.06761087067270397,0.06951451259986571,1204,50000,0.01788086961137308,0.019873709754570246,89,50000,0.02661293176456675,0.02859761207096071,191,50000,0.009048206756063586,0.011046166796862796,25,50000,0.06563326207708713,0.06754250389225148,1134,50000,0.042995341186683085,0.044956261968267554,488,50000,0.89388,0.9745573201666667,0.27915265625,0.3354145351058672,0.2817118829071919,False,/data/suehara/part/march/datasets/20250711_ilc_nnqq_sgv_10m_3cat_parquet,val50k_tail,,proxy
50,50,0,,lr_14e-6,1.4e-05,validation_total_reference_mistag_geomean_percent,0.343274779800297,min,0.8177499908926398,0.8177499908926398,0.46821469549802497,0.25167423316690724,0.343274779800297,,0.12999999920654298,0.06799999900390627,2.4399998994751018,0.186000003178711,0.39599999879150394,0.05400000131835941,2.2840000111523437,0.9840000150146486,0.015147327248533623,0.01714208735333156,65,50000,0.010701894656100771,0.01269913471129969,34,50000,0.068054163226762,0.06995652517952297,1220,50000,0.018298640498242997,0.020291160647840055,93,50000,0.02711189127868993,0.029096011596283465,198,50000,0.0094384043456773,0.011436204389676428,27,50000,0.06586252554973346,0.06777112737769708,1142,50000,0.043173486498462345,0.04513408728644679,492,50000,0.89362,0.9744598636,0.2796621223958333,0.3354145351058672,0.28277119690043717,False,/data/suehara/part/march/datasets/20250711_ilc_nnqq_sgv_10m_3cat_parquet,val50k_tail,,proxy
50,50,0,,lr_3e-6,1.344e-05,validation_total_reference_mistag_geomean_percent,0.3428652482010025,min,0.8152500027894594,0.8152500027894594,0.46676948007590535,0.25185146724849744,0.3428652482010025,,0.13200000225585942,0.06799999900390627,2.435999988105469,0.18399999640625006,0.39399998905822786,0.05400000131835941,2.2720000332812504,0.9820000128863527,0.01527044818788576,0.01726512829428365,66,50000,0.010701894656100771,0.01269913471129969,34,50000,0.06799892331055546,0.06990144526011696,1218,50000,0.018195055988739096,0.02018765613673616,92,50000,0.027041163032931338,0.02902536334892505,197,50000,0.0094384043456773,0.011436204389676428,27,50000,0.06569065887982901,0.06759974069819284,1136,50000,0.04312902022101297,0.045089701007397336,491,50000,0.8936466666666667,0.9744794236000001,0.2795687890625,0.3354145351058672,0.28254680171764884,False,/data/suehara/part/march/datasets/20250711_ilc_nnqq_sgv_10m_3cat_parquet,val50k_tail,,proxy
50,50,0,,lr_5_75e-6,1.1200000000000001e-05,validation_total_reference_mistag_geomean_percent,0.34495382723390955,min,0.8257499960552224,0.8257499960552224,0.466363735272019,0.255150934610977,0.34495382723390955,,0.12999999920654298,0.07000000085449219,2.5039999006591835,0.186000003178711,0.39000001309204146,0.05400000131835941,2.2920000591046157,0.9799999910278321,0.015147327248533623,0.01714208735333156,65,50000,0.010871397397403768,0.01286855745420266,35,50000,0.06893145804228139,0.0708312600462415,1252,50000,0.018298640498242997,0.020291160647840055,93,50000,0.026899160482115422,0.028883520794909055,195,50000,0.0094384043456773,0.011436204389676428,27,50000,0.06597683493097806,0.06788511676534201,1146,50000,0.04308450733752373,0.04504526812230802,490,50000,0.8934066666666667,0.9744033051333333,0.27996790364583335,0.3354145351058672,0.28337758003275926,False,/data/suehara/part/march/datasets/20250711_ilc_nnqq_sgv_10m_3cat_parquet,val50k_tail,,proxy
50,50,0,,lr_8_5e-6,1.68e-05,validation_total_reference_mistag_geomean_percent,0.33803808003332547,min,0.8125000178558357,0.8125000178558357,0.45564104447731896,0.2507889597253022,0.33803808003332547,,0.12999999920654298,0.06799999900390627,2.432000083125003,0.18399999640625006,0.39000001309204146,0.05,2.2740000763366726,0.9719999756762702,0.015147327248533623,0.01714208735333156,65,50000,0.010701894656100771,0.01269913471129969,34,50000,0.06794363458668927,0.06984631653305061,1216,50000,0.018195055988739096,0.02018765613673616,92,50000,0.026899160482115422,0.028883520794909055,195,50000,0.009048206756063586,0.011046166796862796,25,50000,0.06571933700411543,0.06762833882407969,1137,50000,0.04290598690721674,0.04486706768560139,486,50000,0.89378,0.9745193347000001,0.2793542708333333,0.3354145351058672,0.2821192595076266,False,/data/suehara/part/march/datasets/20250711_ilc_nnqq_sgv_10m_3cat_parquet,val50k_tail,,proxy
51,51,0,,lr_11_25e-6,2.0159999999999997e-05,validation_total_reference_mistag_geomean_percent,0.33664907163413077,min,0.809000014444428,0.809000014444428,0.4534107037867295,0.24995571671689135,0.33664907163413077,,0.13200000225585942,0.06799999900390627,2.4160000280175784,0.18000000439453137,0.3840000150000006,0.05,2.2740000763366726,0.9679999905468751,0.01527044818788576,0.01726512829428365,66,50000,0.010701894656100771,0.01269913471129969,34,50000,0.06772198925879096,0.06962531119235234,1208,50000,0.017986179985518026,0.019978940130315186,90,50000,0.026684770480086325,0.028669370788080323,192,50000,0.009048206756063586,0.011046166796862796,25,50000,0.06571933700411543,0.06762833882407969,1137,50000,0.0428164433487024,0.04477768412388689,484,50000,0.8938866666666667,0.9745775821999999,0.279025859375,0.3354145351058672,0.2808780043551265,False,/data/suehara/part/march/datasets/20250711_ilc_nnqq_sgv_10m_3cat_parquet,val50k_tail,,proxy
51,51,0,,lr_14e-6,1.4e-05,validation_total_reference_mistag_geomean_percent,0.3404428624202291,min,0.8157499917925266,0.8157499917925266,0.4641326520910692,0.24971598539922932,0.3404428624202291,,0.128,0.06799999900390627,2.4280000240814212,0.18399999640625006,0.3979999917407228,0.052000000507812505,2.287999931572268,0.9799999910278321,0.015023255758590748,0.017018095861788735,64,50000,0.010701894656100771,0.01269913471129969,34,50000,0.06788829693773375,0.06979113888089493,1214,50000,0.018195055988739096,0.02018765613673616,92,50000,0.027182439332570398,0.029166479651764055,199,50000,0.00924516668895976,0.011243046731358937,26,50000,0.06591970698851118,0.06782814881967497,1144,50000,0.04308450733752373,0.04504526812230802,490,50000,0.89366,0.9744795778333333,0.2795316145833333,0.3354145351058672,0.28197936305172494,False,/data/suehara/part/march/datasets/20250711_ilc_nnqq_sgv_10m_3cat_parquet,val50k_tail,,proxy
51,51,0,,lr_3e-6,1.344e-05,validation_total_reference_mistag_geomean_percent,0.33895312113250753,min,0.8159999759542284,0.8159999759542284,0.4576414435089107,0.2510463594480628,0.33895312113250753,,0.12999999920654298,0.06799999900390627,2.44199989417603,0.18399999640625006,0.39399998905822786,0.05,2.2859999161097746,0.9740000136730959,0.015147327248533623,0.01714208735333156,65,50000,0.010701894656100771,0.01269913471129969,34,50000,0.06808176491855805,0.06998404687291945,1221,50000,0.018195055988739096,0.02018765613673616,92,50000,0.027041163032931338,0.02902536334892505,197,50000,0.009048206756063586,0.011046166796862796,25,50000,0.06589112296472646,0.06779964479429051,1143,50000,0.04295068763465349,0.04491168841463788,487,50000,0.89372,0.9744977515666666,0.27944828125,0.3354145351058672,0.2817600666483716,False,/data/suehara/part/march/datasets/20250711_ilc_nnqq_sgv_10m_3cat_parquet,val50k_tail,,proxy
51,51,0,,lr_5_75e-6,1.1200000000000001e-05,validation_total_reference_mistag_geomean_percent,0.3448913144677611,min,0.8217499887538342,0.8217499887538342,0.4676016176321086,0.2543832491376997,0.3448913144677611,,0.12999999920654298,0.07000000085449219,2.4739999913174437,0.186000003178711,0.39599999879150394,0.05400000131835941,2.2859999161097746,0.9779999992538452,0.015147327248533623,0.01714208735333156,65,50000,0.010871397397403768,0.01286855745420266,35,50000,0.06852174830664567,0.0704227502866063,1237,50000,0.018298640498242997,0.020291160647840055,93,50000,0.02711189127868993,0.029096011596283465,198,50000,0.0094384043456773,0.011436204389676428,27,50000,0.06589112296472646,0.06779964479429051,1143,50000,0.04303994770673905,0.0450007884899236,489,50000,0.89354,0.9744220648666667,0.27985322916666666,0.3354145351058672,0.2826095211582488,False,/data/suehara/part/march/datasets/20250711_ilc_nnqq_sgv_10m_3cat_parquet,val50k_tail,,proxy
51,51,0,,lr_8_5e-6,1.68e-05,validation_total_reference_mistag_geomean_percent,0.33758522632888127,min,0.8100000128262334,0.8100000128262334,0.45517155456039626,0.25037545491081487,0.33758522632888127,,0.12999999920654298,0.06799999900390627,2.4160000280175784,0.18399999640625006,0.39000001309204146,0.05,2.2740000763366726,0.9679999905468751,0.015147327248533623,0.01714208735333156,65,50000,0.010701894656100771,0.01269913471129969,34,50000,0.06772198925879096,0.06962531119235234,1208,50000,0.018195055988739096,0.02018765613673616,92,50000,0.026899160482115422,0.028883520794909055,195,50000,0.009048206756063586,0.011046166796862796,25,50000,0.06571933700411543,0.06762833882407969,1137,50000,0.0428164433487024,0.04477768412388689,484,50000,0.8936866666666666,0.9745409326333334,0.27922040364583334,0.3354145351058672,0.2813060089683374,False,/data/suehara/part/march/datasets/20250711_ilc_nnqq_sgv_10m_3cat_parquet,val50k_tail,,proxy
52,52,0,,lr_11_25e-6,2.0159999999999997e-05,validation_total_reference_mistag_geomean_percent,0.3374410419053095,min,0.8065000051676564,0.8065000051676564,0.45497125353127693,0.25027176086041025,0.3374410419053095,,0.13399999640136728,0.06799999900390627,2.3920000708081077,0.18000000439453137,0.39000001309204146,0.05,2.2699999670944218,0.9679999905468751,0.015392639991259324,0.01738724009925721,67,50000,0.010701894656100771,0.01269913471129969,34,50000,0.06738803685159972,0.06929231876596151,1196,50000,0.017986179985518026,0.019978940130315186,90,50000,0.026899160482115422,0.028883520794909055,195,50000,0.009048206756063586,0.011046166796862796,25,50000,0.06566196724330023,0.06757112906006432,1135,50000,0.0428164433487024,0.04477768412388689,484,50000,0.8939266666666666,0.9746009558000001,0.2788946484375,0.3354145351058672,0.28131778575816874,False,/data/suehara/part/march/datasets/20250711_ilc_nnqq_sgv_10m_3cat_parquet,val50k_tail,,proxy
52,52,0,,lr_14e-6,1.4e-05,validation_total_reference_mistag_geomean_percent,0.3422201420517039,min,0.8132500062066846,0.8132500062066846,0.4653014456901614,0.2516962427489933,0.3422201420517039,,0.13200000225585942,0.06799999900390627,2.4299999842414857,0.18399999640625006,0.39399998905822786,0.05400000131835941,2.276000086822513,0.9679999905468751,0.01527044818788576,0.01726512829428365,66,50000,0.010701894656100771,0.01269913471129969,34,50000,0.06791597188520564,0.06981873382996724,1215,50000,0.018195055988739096,0.02018765613673616,92,50000,0.027041163032931338,0.02902536334892505,197,50000,0.0094384043456773,0.011436204389676428,27,50000,0.06574800163356431,0.0676569234551283,1138,50000,0.0428164433487024,0.04477768412388689,484,50000,0.8937666666666667,0.9744981150333333,0.279459140625,0.3354145351058672,0.2824261306666692,False,/data/suehara/part/march/datasets/20250711_ilc_nnqq_sgv_10m_3cat_parquet,val50k_tail,,proxy
52,52,0,,lr_3e-6,1.344e-05,validation_total_reference_mistag_geomean_percent,0.34015328870212225,min,0.8120000114462663,0.8120000114462663,0.4597926365184995,0.25164443843853085,0.34015328870212225,,0.13200000225585942,0.06799999900390627,2.4280000240814212,0.18399999640625006,0.39000001309204146,0.052000000507812505,2.2720000332812504,0.9700000229415899,0.01527044818788576,0.01726512829428365,66,50000,0.010701894656100771,0.01269913471129969,34,50000,0.06788829693773375,0.06979113888089493,1214,50000,0.018195055988739096,0.02018765613673616,92,50000,0.026899160482115422,0.028883520794909055,195,50000,0.00924516668895976,0.011243046731358937,26,50000,0.06569065887982901,0.06759974069819284,1136,50000,0.042861238860203606,0.044822399636988176,485,50000,0.89372,0.9745145100333333,0.2793775,0.3354145351058672,0.28221770355044407,False,/data/suehara/part/march/datasets/20250711_ilc_nnqq_sgv_10m_3cat_parquet,val50k_tail,,proxy
52,52,0,,lr_5_75e-6,1.1200000000000001e-05,validation_total_reference_mistag_geomean_percent,0.34590562769029276,min,0.8202500105451589,0.8202500105451589,0.4670894100071151,0.2561623121919908,0.34590562769029276,,0.13399999640136728,0.07000000085449219,2.4679999977404785,0.186000003178711,0.39599999879150394,0.05400000131835941,2.276000086822513,0.9779999992538452,0.015392639991259324,0.01738724009925721,67,50000,0.010871397397403768,0.01286855745420266,35,50000,0.06843948578995132,0.07034072776511205,1234,50000,0.018298640498242997,0.020291160647840055,93,50000,0.02711189127868993,0.029096011596283465,198,50000,0.0094384043456773,0.011436204389676428,27,50000,0.06574800163356431,0.0676569234551283,1138,50000,0.04303994770673905,0.0450007884899236,489,50000,0.8935666666666666,0.9744369914666667,0.27979078125,0.3354145351058672,0.2830597417715446,False,/data/suehara/part/march/datasets/20250711_ilc_nnqq_sgv_10m_3cat_parquet,val50k_tail,,proxy
52,52,0,,lr_8_5e-6,1.68e-05,validation_total_reference_mistag_geomean_percent,0.33609016699016325,min,0.8075000106509025,0.8075000106509025,0.453916694029673,0.24884874655015823,0.33609016699016325,,0.12999999920654298,0.06799999900390627,2.4100000882568393,0.18000000439453137,0.38799999194824236,0.05,2.2699999670944218,0.9640000353027357,0.015147327248533623,0.01714208735333156,65,50000,0.010701894656100771,0.01269913471129969,34,50000,0.06763866889655593,0.06954223082531741,1205,50000,0.017986179985518026,0.019978940130315186,90,50000,0.02682788339137001,0.028812323702563862,194,50000,0.009048206756063586,0.011046166796862796,25,50000,0.06566196724330023,0.06757112906006432,1135,50000,0.042726709348848285,0.04468811012083296,482,50000,0.89382,0.9745608420666668,0.279125859375,0.3354145351058672,0.2817533834953072,False,/data/suehara/part/march/datasets/20250711_ilc_nnqq_sgv_10m_3cat_parquet,val50k_tail,,proxy
53,53,0,,lr_11_25e-6,2.0159999999999997e-05,validation_total_reference_mistag_geomean_percent,0.3384551248654883,min,0.8077500019439322,0.8077500019439322,0.4538783774616766,0.2523845092342728,0.3384551248654883,,0.13399999640136728,0.06799999900390627,2.3939999499545297,0.186000003178711,0.3840000150000006,0.05,2.2740000763366726,0.9719999756762702,0.015392639991259324,0.01738724009925721,67,50000,0.010701894656100771,0.01269913471129969,34,50000,0.0674159347794738,0.06932013669543602,1197,50000,0.018298640498242997,0.020291160647840055,93,50000,0.026684770480086325,0.028669370788080323,192,50000,0.009048206756063586,0.011046166796862796,25,50000,0.06571933700411543,0.06762833882407969,1137,50000,0.04290598690721674,0.04486706768560139,486,50000,0.89392,0.9745977464333334,0.2789332421875,0.3354145351058672,0.2811397627130796,False,/data/suehara/part/march/datasets/20250711_ilc_nnqq_sgv_10m_3cat_parquet,val50k_tail,,proxy
53,53,0,,lr_14e-6,1.4e-05,validation_total_reference_mistag_geomean_percent,0.3421703151130225,min,0.8145000169738397,0.8145000169738397,0.462455383949488,0.2531715028261695,0.3421703151130225,,0.13399999640136728,0.06799999900390627,2.4240001013452193,0.186000003178711,0.39399998905822786,0.052000000507812505,2.2780000552676407,0.9799999910278321,0.015392639991259324,0.01738724009925721,67,50000,0.010701894656100771,0.01269913471129969,34,50000,0.06783291024577663,0.06973591218573834,1212,50000,0.018298640498242997,0.020291160647840055,93,50000,0.027041163032931338,0.02902536334892505,197,50000,0.00924516668895976,0.011243046731358937,26,50000,0.06577665278554162,0.06768549460870535,1139,50000,0.04308450733752373,0.04504526812230802,490,50000,0.89364,0.9744936029666666,0.2794734635416667,0.3354145351058672,0.2822857516499033,False,/data/suehara/part/march/datasets/20250711_ilc_nnqq_sgv_10m_3cat_parquet,val50k_tail,,proxy
53,53,0,,lr_3e-6,1.344e-05,validation_total_reference_mistag_geomean_percent,0.3417193240032588,min,0.8122500061101539,0.8122500061101539,0.4620014067266222,0.25275268580803506,0.3417193240032588,,0.13399999640136728,0.06799999900390627,2.407999941945802,0.186000003178711,0.3920000081347658,0.052000000507812505,2.276000086822513,0.9820000128863527,0.015392639991259324,0.01738724009925721,67,50000,0.010701894656100771,0.01269913471129969,34,50000,0.06761087067270397,0.06951451259986571,1204,50000,0.018298640498242997,0.020291160647840055,93,50000,0.02697025322873285,0.028954533543126652,196,50000,0.00924516668895976,0.011243046731358937,26,50000,0.06574800163356431,0.0676569234551283,1138,50000,0.04312902022101297,0.045089701007397336,491,50000,0.8936533333333333,0.9745106040000001,0.279391796875,0.3354145351058672,0.28208113218108455,False,/data/suehara/part/march/datasets/20250711_ilc_nnqq_sgv_10m_3cat_parquet,val50k_tail,,proxy
53,53,0,,lr_5_75e-6,1.1200000000000001e-05,validation_total_reference_mistag_geomean_percent,0.3439997172595381,min,0.822000000226651,0.822000000226651,0.4641326520910692,0.2549611731506083,0.3439997172595381,,0.12999999920654298,0.07000000085449219,2.4700000951652563,0.1879999917382816,0.3979999917407228,0.052000000507812505,2.287999931572268,0.9799999910278321,0.015147327248533623,0.01714208735333156,65,50000,0.010871397397403768,0.01286855745420266,35,50000,0.06846691858127148,0.07036808055803263,1235,50000,0.018401668178712582,0.020394108329909573,94,50000,0.027182439332570398,0.029166479651764055,199,50000,0.00924516668895976,0.011243046731358937,26,50000,0.06591970698851118,0.06782814881967497,1144,50000,0.04308450733752373,0.04504526812230802,490,50000,0.8935333333333333,0.9744332258666667,0.2797962890625,0.3354145351058672,0.28293839962297485,False,/data/suehara/part/march/datasets/20250711_ilc_nnqq_sgv_10m_3cat_parquet,val50k_tail,,proxy
53,53,0,,lr_8_5e-6,1.68e-05,validation_total_reference_mistag_geomean_percent,0.3385970429439055,min,0.8102500126088719,0.8102500126088719,0.4554004611957887,0.2517519573636682,0.3385970429439055,,0.13200000225585942,0.06799999900390627,2.4060000212933352,0.186000003178711,0.38600000777465837,0.05,2.2740000763366726,0.9799999910278321,0.01527044818788576,0.01726512829428365,66,50000,0.010701894656100771,0.01269913471129969,34,50000,0.0675830600388904,0.06948678196445242,1203,50000,0.018298640498242997,0.020291160647840055,93,50000,0.026756420536738636,0.028740940846332497,193,50000,0.009048206756063586,0.011046166796862796,25,50000,0.06571933700411543,0.06762833882407969,1137,50000,0.04308450733752373,0.04504526812230802,490,50000,0.8938066666666666,0.9745556176666664,0.279145234375,0.3354145351058672,0.28159586341962084,False,/data/suehara/part/march/datasets/20250711_ilc_nnqq_sgv_10m_3cat_parquet,val50k_tail,,proxy
54,54,0,,lr_11_25e-6,2.0159999999999997e-05,validation_total_reference_mistag_geomean_percent,0.3357189634283935,min,0.8079999900777819,0.8079999900777819,0.4529573567062193,0.24882523870461185,0.3357189634283935,,0.13399999640136728,0.06600000112792971,2.407999941945802,0.18000000439453137,0.37999999536132817,0.05,2.2699999670944218,0.9760000142968752,0.015392639991259324,0.01738724009925721,67,50000,0.010529894247015226,0.01252721430061417,33,50000,0.06761087067270397,0.06951451259986571,1204,50000,0.017986179985518026,0.019978940130315186,90,50000,0.026540902914279046,0.02852566321907301,190,50000,0.009048206756063586,0.011046166796862796,25,50000,0.06566196724330023,0.06757112906006432,1135,50000,0.042995341186683085,0.044956261968267554,488,50000,0.89404,0.9746147225666665,0.2788156640625,0.3354145351058672,0.28071368280363784,False,/data/suehara/part/march/datasets/20250711_ilc_nnqq_sgv_10m_3cat_parquet,val50k_tail,,proxy
54,54,0,,lr_14e-6,1.4e-05,validation_total_reference_mistag_geomean_percent,0.34229429136583295,min,0.814750012734776,0.814750012734776,0.46602202518019314,0.25141597514910224,0.34229429136583295,,0.12999999920654298,0.06799999900390627,2.4299999842414857,0.186000003178711,0.39000001309204146,0.05400000131835941,2.276000086822513,0.9840000150146486,0.015147327248533623,0.01714208735333156,65,50000,0.010701894656100771,0.01269913471129969,34,50000,0.06791597188520564,0.06981873382996724,1215,50000,0.018298640498242997,0.020291160647840055,93,50000,0.026899160482115422,0.028883520794909055,195,50000,0.0094384043456773,0.011436204389676428,27,50000,0.06574800163356431,0.0676569234551283,1138,50000,0.043173486498462345,0.04513408728644679,492,50000,0.8937466666666667,0.9745072162000001,0.27938174479166666,0.3354145351058672,0.28187550724914445,False,/data/suehara/part/march/datasets/20250711_ilc_nnqq_sgv_10m_3cat_parquet,val50k_tail,,proxy
54,54,0,,lr_3e-6,1.344e-05,validation_total_reference_mistag_geomean_percent,0.34179674696513135,min,0.8142500055944062,0.8142500055944062,0.46438183967454805,0.251571026803762,0.34179674696513135,,0.12999999920654298,0.06799999900390627,2.435999988105469,0.186000003178711,0.38600000777465837,0.05400000131835941,2.2720000332812504,0.9820000128863527,0.015147327248533623,0.01714208735333156,65,50000,0.010701894656100771,0.01269913471129969,34,50000,0.06799892331055546,0.06990144526011696,1218,50000,0.018298640498242997,0.020291160647840055,93,50000,0.026756420536738636,0.028740940846332497,193,50000,0.0094384043456773,0.011436204389676428,27,50000,0.06569065887982901,0.06759974069819284,1136,50000,0.04312902022101297,0.045089701007397336,491,50000,0.8937533333333333,0.9745254623333333,0.27929674479166666,0.3354145351058672,0.2816792058340428,False,/data/suehara/part/march/datasets/20250711_ilc_nnqq_sgv_10m_3cat_parquet,val50k_tail,,proxy
54,54,0,,lr_5_75e-6,1.1200000000000001e-05,validation_total_reference_mistag_geomean_percent,0.3470540886838694,min,0.8255000056534965,0.8255000056534965,0.4672321725426939,0.257787343317385,0.3470540886838694,,0.13599999800781254,0.07000000085449219,2.494000087146915,0.186000003178711,0.3920000081347658,0.05400000131835941,2.287999931572268,0.9840000150146486,0.015513923280260607,0.017508443389858443,68,50000,0.010871397397403768,0.01286855745420266,35,50000,0.06879518344380942,0.07069538543977016,1247,50000,0.018298640498242997,0.020291160647840055,93,50000,0.02697025322873285,0.028954533543126652,196,50000,0.0094384043456773,0.011436204389676428,27,50000,0.06591970698851118,0.06782814881967497,1144,50000,0.043173486498462345,0.04513408728644679,492,50000,0.8936866666666666,0.9744464862000001,0.27970873697916665,0.3354145351058672,0.28253651863191875,False,/data/suehara/part/march/datasets/20250711_ilc_nnqq_sgv_10m_3cat_parquet,val50k_tail,,proxy
54,54,0,,lr_8_5e-6,1.68e-05,validation_total_reference_mistag_geomean_percent,0.3366771928609253,min,0.8092499963116082,0.8092499963116082,0.4558328663628747,0.2486690639425657,0.3366771928609253,,0.12999999920654298,0.06600000112792971,2.3959998910510305,0.186000003178711,0.38600000777465837,0.05,2.2780000552676407,0.9820000128863527,0.015147327248533623,0.01714208735333156,65,50000,0.010529894247015226,0.01252721430061417,33,50000,0.06744382019108416,0.06934794210864612,1198,50000,0.018298640498242997,0.020291160647840055,93,50000,0.026756420536738636,0.028740940846332497,193,50000,0.009048206756063586,0.011046166796862796,25,50000,0.06577665278554162,0.06768549460870535,1139,50000,0.04312902022101297,0.045089701007397336,491,50000,0.8937866666666666,0.9745710401333333,0.27904768229166665,0.3354145351058672,0.28118005916228017,False,/data/suehara/part/march/datasets/20250711_ilc_nnqq_sgv_10m_3cat_parquet,val50k_tail,,proxy
55,55,0,,lr_11_25e-6,2.0159999999999997e-05,validation_total_reference_mistag_geomean_percent,0.33604266926431137,min,0.8060000045017628,0.8060000045017628,0.4538001451187017,0.2488423081855678,0.33604266926431137,,0.13200000225585942,0.06600000112792971,2.3920000708081077,0.18399999640625006,0.38600000777465837,0.05,2.2699999670944218,0.9679999905468751,0.01527044818788576,0.01726512829428365,66,50000,0.010529894247015226,0.01252721430061417,33,50000,0.06738803685159972,0.06929231876596151,1196,50000,0.018195055988739096,0.02018765613673616,92,50000,0.026756420536738636,0.028740940846332497,193,50000,0.009048206756063586,0.011046166796862796,25,50000,0.06566196724330023,0.06757112906006432,1135,50000,0.0428164433487024,0.04477768412388689,484,50000,0.8940533333333334,0.9746309952,0.27873321614583335,0.3354145351058672,0.2809919567618241,False,/data/suehara/part/march/datasets/20250711_ilc_nnqq_sgv_10m_3cat_parquet,val50k_tail,,proxy
55,55,0,,lr_14e-6,1.4e-05,validation_total_reference_mistag_geomean_percent,0.339864751674515,min,0.8112499984867861,0.8112499984867861,0.4550820913813457,0.2538180508931241,0.339864751674515,,0.12999999920654298,0.07000000085449219,2.4259999855630494,0.1879999917382816,0.3920000081347658,0.05,2.2699999670944218,0.9640000353027357,0.015147327248533623,0.01714208735333156,65,50000,0.010871397397403768,0.01286855745420266,35,50000,0.06786060972951875,0.0697635316710802,1213,50000,0.018401668178712582,0.020394108329909573,94,50000,0.02697025322873285,0.028954533543126652,196,50000,0.009048206756063586,0.011046166796862796,25,50000,0.06566196724330023,0.06757112906006432,1135,50000,0.042726709348848285,0.04468811012083296,482,50000,0.89378,0.9745233201,0.2793305078125,0.3354145351058672,0.28218519354309146,False,/data/suehara/part/march/datasets/20250711_ilc_nnqq_sgv_10m_3cat_parquet,val50k_tail,,proxy
55,55,0,,lr_3e-6,1.344e-05,validation_total_reference_mistag_geomean_percent,0.3407834891694545,min,0.8137499902229888,0.8137499902229888,0.4555876392705149,0.25490899330908107,0.3407834891694545,,0.12999999920654298,0.07000000085449219,2.44199989417603,0.18999999768066408,0.3920000081347658,0.05,2.2659999987898254,0.9700000229415899,0.015147327248533623,0.01714208735333156,65,50000,0.010871397397403768,0.01286855745420266,35,50000,0.06808176491855805,0.06998404687291945,1221,50000,0.018504147852544686,0.02049650800534169,95,50000,0.02697025322873285,0.028954533543126652,196,50000,0.009048206756063586,0.011046166796862796,25,50000,0.06560454336370959,0.06751386517727352,1133,50000,0.042861238860203606,0.044822399636988176,485,50000,0.8937733333333333,0.9745392899333334,0.2792355078125,0.3354145351058672,0.2819936062922539,False,/data/suehara/part/march/datasets/20250711_ilc_nnqq_sgv_10m_3cat_parquet,val50k_tail,,proxy
55,55,0,,lr_5_75e-6,1.1200000000000001e-05,validation_total_reference_mistag_geomean_percent,0.34587507396885053,min,0.8224999862528999,0.8224999862528999,0.4660902532363246,0.2566660983839568,0.34587507396885053,,0.13200000225585942,0.07000000085449219,2.4719999404028337,0.18999999768066408,0.39000001309204146,0.05400000131835941,2.295999920122073,0.9760000142968752,0.01527044818788576,0.01726512829428365,66,50000,0.010871397397403768,0.01286855745420266,35,50000,0.06849433941545705,0.07039542139381794,1236,50000,0.018504147852544686,0.02049650800534169,95,50000,0.026899160482115422,0.028883520794909055,195,50000,0.0094384043456773,0.011436204389676428,27,50000,0.06603390951380982,0.06794203135137324,1148,50000,0.042995341186683085,0.044956261968267554,488,50000,0.8935333333333333,0.9744596988,0.27965959635416665,0.3354145351058672,0.28286030511950266,False,/data/suehara/part/march/datasets/20250711_ilc_nnqq_sgv_10m_3cat_parquet,val50k_tail,,proxy
55,55,0,,lr_8_5e-6,1.68e-05,validation_total_reference_mistag_geomean_percent,0.33833272993726343,min,0.8114999897832492,0.8114999897832492,0.4550167704172581,0.251571026803762,0.33833272993726343,,0.12999999920654298,0.06799999900390627,2.435999988105469,0.186000003178711,0.3920000081347658,0.05,2.2639999191626003,0.966000001473999,0.015147327248533623,0.01714208735333156,65,50000,0.010701894656100771,0.01269913471129969,34,50000,0.06799892331055546,0.06990144526011696,1218,50000,0.018298640498242997,0.020291160647840055,93,50000,0.02697025322873285,0.028954533543126652,196,50000,0.009048206756063586,0.011046166796862796,25,50000,0.06557581108564796,0.06748521289761215,1132,50000,0.042771600227054125,0.04473292100063888,483,50000,0.8938866666666667,0.9745864948333334,0.27897684895833336,0.3354145351058672,0.2814769786363667,False,/data/suehara/part/march/datasets/20250711_ilc_nnqq_sgv_10m_3cat_parquet,val50k_tail,,proxy
56,56,0,,lr_11_25e-6,2.0159999999999997e-05,validation_total_reference_mistag_geomean_percent,0.3345295068980111,min,0.8045000214423378,0.8045000214423378,0.4529197313287482,0.24708570469454216,0.3345295068980111,,0.13399999640136728,0.064,2.3880000954675333,0.18199999600097666,0.38200002098388786,0.05,2.2620000490118417,0.9740000136730959,0.015392639991259324,0.01738724009925721,67,50000,0.0103552826863133,0.012352682738312273,32,50000,0.06733220338577643,0.06923664529693875,1194,50000,0.018090905588142768,0.020083585734539902,91,50000,0.02661293176456675,0.02859761207096071,191,50000,0.009048206756063586,0.011046166796862796,25,50000,0.06554706522534509,0.06745654703570955,1131,50000,0.04295068763465349,0.04491168841463788,487,50000,0.8941133333333333,0.9746363348666666,0.27873162760416664,0.3345295068980111,0.28090321932601203,False,/data/suehara/part/march/datasets/20250711_ilc_nnqq_sgv_10m_3cat_parquet,val50k_tail,,proxy
56,56,0,,lr_14e-6,1.4e-05,validation_total_reference_mistag_geomean_percent,0.339765942911676,min,0.8132499985321809,0.8132499985321809,0.45594129711235154,0.25319245414659974,0.339765942911676,,0.12999999920654298,0.07000000085449219,2.4280000240814212,0.186000003178711,0.39000001309204146,0.05,2.279999972167969,0.9719999756762702,0.015147327248533623,0.01714208735333156,65,50000,0.010871397397403768,0.01286855745420266,35,50000,0.06788829693773375,0.06979113888089493,1214,50000,0.018298640498242997,0.020291160647840055,93,50000,0.026899160482115422,0.028883520794909055,195,50000,0.009048206756063586,0.011046166796862796,25,50000,0.06580529047737448,0.06771405230213863,1140,50000,0.04290598690721674,0.04486706768560139,486,50000,0.8938066666666666,0.9745259792666666,0.279308515625,0.3345295068980111,0.28210462642555345,False,/data/suehara/part/march/datasets/20250711_ilc_nnqq_sgv_10m_3cat_parquet,val50k_tail,,proxy
56,56,0,,lr_3e-6,1.344e-05,validation_total_reference_mistag_geomean_percent,0.33732223578286125,min,0.8107500062876131,0.8107500062876131,0.45390007139681104,0.25068577408103854,0.33732223578286125,,0.12999999920654298,0.06799999900390627,2.4280000240814212,0.18399999640625006,0.38600000777465837,0.05,2.2720000332812504,0.9679999905468751,0.015147327248533623,0.01714208735333156,65,50000,0.010701894656100771,0.01269913471129969,34,50000,0.06788829693773375,0.06979113888089493,1214,50000,0.018195055988739096,0.02018765613673616,92,50000,0.026756420536738636,0.028740940846332497,193,50000,0.009048206756063586,0.011046166796862796,25,50000,0.06569065887982901,0.06759974069819284,1136,50000,0.0428164433487024,0.04477768412388689,484,50000,0.8938333333333334,0.9745415059666666,0.2792205859375,0.3345295068980111,0.28191865395779386,False,/data/suehara/part/march/datasets/20250711_ilc_nnqq_sgv_10m_3cat_parquet,val50k_tail,,proxy
56,56,0,,lr_5_75e-6,1.1200000000000001e-05,validation_total_reference_mistag_geomean_percent,0.3450519667187178,min,0.8174999987857057,0.8174999987857057,0.4664297695945926,0.2552599930316185,0.3450519667187178,,0.13200000225585942,0.07000000085449219,2.4439999802349854,0.1879999917382816,0.39399998905822786,0.05400000131835941,2.2840000111523437,0.9740000136730959,0.01527044818788576,0.01726512829428365,66,50000,0.010871397397403768,0.01286855745420266,35,50000,0.06810935445225874,0.07001155640821988,1222,50000,0.018401668178712582,0.020394108329909573,94,50000,0.027041163032931338,0.02902536334892505,197,50000,0.0094384043456773,0.011436204389676428,27,50000,0.06586252554973346,0.06777112737769708,1142,50000,0.04295068763465349,0.04491168841463788,487,50000,0.8936733333333333,0.9744600947333333,0.2796592708333333,0.3345295068980111,0.28278306759645777,False,/data/suehara/part/march/datasets/20250711_ilc_nnqq_sgv_10m_3cat_parquet,val50k_tail,,proxy
56,56,0,,lr_8_5e-6,1.68e-05,validation_total_reference_mistag_geomean_percent,0.33739900031372144,min,0.80800002587391,0.80800002587391,0.452753744108817,0.25143488462314784,0.33739900031372144,,0.13399999640136728,0.06799999900390627,2.4100000882568393,0.18199999600097666,0.38200002098388786,0.05,2.268000083402713,0.9700000229415899,0.015392639991259324,0.01738724009925721,67,50000,0.010701894656100771,0.01269913471129969,34,50000,0.06763866889655593,0.06954223082531741,1205,50000,0.018090905588142768,0.020083585734539902,91,50000,0.02661293176456675,0.02859761207096071,191,50000,0.009048206756063586,0.011046166796862796,25,50000,0.06563326207708713,0.06754250389225148,1134,50000,0.042861238860203606,0.044822399636988176,485,50000,0.8939533333333334,0.9745901560666668,0.2789723567708333,0.3345295068980111,0.2813944340843909,False,/data/suehara/part/march/datasets/20250711_ilc_nnqq_sgv_10m_3cat_parquet,val50k_tail,,proxy
57,57,0,,lr_11_25e-6,2.0159999999999997e-05,validation_total_reference_mistag_geomean_percent,0.33466704905712097,min,0.8062499785258298,0.8062499785258298,0.4540518691537698,0.24667233268600564,0.33466704905712097,,0.13200000225585942,0.064,2.407999941945802,0.18199999600097666,0.38799999194824236,0.05,2.253999920379489,0.9719999756762702,0.01527044818788576,0.01726512829428365,66,50000,0.0103552826863133,0.012352682738312273,32,50000,0.06761087067270397,0.06951451259986571,1204,50000,0.018090905588142768,0.020083585734539902,91,50000,0.02682788339137001,0.028812323702563862,194,50000,0.009048206756063586,0.011046166796862796,25,50000,0.06543194560921714,0.06734174741318127,1127,50000,0.04290598690721674,0.04486706768560139,486,50000,0.8941533333333334,0.9746372533000001,0.27869338541666666,0.3345295068980111,0.2807541485985725,False,/data/suehara/part/march/datasets/20250711_ilc_nnqq_sgv_10m_3cat_parquet,val50k_tail,,proxy
57,57,0,,lr_14e-6,1.4e-05,validation_total_reference_mistag_geomean_percent,0.3393086335595448,min,0.8125000152294928,0.8125000152294928,0.45644041641061583,0.252235219907594,0.3393086335595448,,0.12999999920654298,0.06799999900390627,2.4100000882568393,0.18999999768066408,0.39000001309204146,0.05,2.2900000489196786,0.9719999756762702,0.015147327248533623,0.01714208735333156,65,50000,0.010701894656100771,0.01269913471129969,34,50000,0.06763866889655593,0.06954223082531741,1205,50000,0.018504147852544686,0.02049650800534169,95,50000,0.026899160482115422,0.028883520794909055,195,50000,0.009048206756063586,0.011046166796862796,25,50000,0.06594827763822739,0.06785663947099091,1145,50000,0.04290598690721674,0.04486706768560139,486,50000,0.8937733333333333,0.9745259265,0.27930828125,0.3345295068980111,0.2819915053662405,False,/data/suehara/part/march/datasets/20250711_ilc_nnqq_sgv_10m_3cat_parquet,val50k_tail,,proxy
57,57,0,,lr_3e-6,1.344e-05,validation_total_reference_mistag_geomean_percent,0.3392745916783606,min,0.8117500018657684,0.8117500018657684,0.4562542088747254,0.25228753251923103,0.3392745916783606,,0.12999999920654298,0.06799999900390627,2.4120000092010496,0.18999999768066408,0.3920000081347658,0.05,2.2840000111523437,0.9679999905468751,0.015147327248533623,0.01714208735333156,65,50000,0.010701894656100771,0.01269913471129969,34,50000,0.06766645472550611,0.06956993665586803,1206,50000,0.018504147852544686,0.02049650800534169,95,50000,0.02697025322873285,0.028954533543126652,196,50000,0.009048206756063586,0.011046166796862796,25,50000,0.06586252554973346,0.06777112737769708,1142,50000,0.0428164433487024,0.04477768412388689,484,50000,0.8937933333333333,0.9745422305,0.27922078125,0.3345295068980111,0.28181036477367954,False,/data/suehara/part/march/datasets/20250711_ilc_nnqq_sgv_10m_3cat_parquet,val50k_tail,,proxy
57,57,0,,lr_5_75e-6,1.1200000000000001e-05,validation_total_reference_mistag_geomean_percent,0.34533570517864853,min,0.8184999748956499,0.8184999748956499,0.4678404936723194,0.25490899330908107,0.34533570517864853,,0.12999999920654298,0.07000000085449219,2.44199989417603,0.18999999768066408,0.39599999879150394,0.05400000131835941,2.2859999161097746,0.9799999910278321,0.015147327248533623,0.01714208735333156,65,50000,0.010871397397403768,0.01286855745420266,35,50000,0.06808176491855805,0.06998404687291945,1221,50000,0.018504147852544686,0.02049650800534169,95,50000,0.02711189127868993,0.029096011596283465,198,50000,0.0094384043456773,0.011436204389676428,27,50000,0.06589112296472646,0.06779964479429051,1143,50000,0.04308450733752373,0.04504526812230802,490,50000,0.8937666666666667,0.9744634666,0.27964696614583334,0.3345295068980111,0.2826913126968521,False,/data/suehara/part/march/datasets/20250711_ilc_nnqq_sgv_10m_3cat_parquet,val50k_tail,,proxy
57,57,0,,lr_8_5e-6,1.68e-05,validation_total_reference_mistag_geomean_percent,0.3360061530198849,min,0.8087499916565899,0.8087499916565899,0.4556385700426611,0.24778441135185628,0.3360061530198849,,0.12999999920654298,0.06600000112792971,2.4139999176744107,0.18199999600097666,0.39000001309204146,0.05,2.2600000068969726,0.9779999992538452,0.015147327248533623,0.01714208735333156,65,50000,0.010529894247015226,0.01252721430061417,33,50000,0.06769422817458522,0.06959763010654686,1207,50000,0.018090905588142768,0.020083585734539902,91,50000,0.026899160482115422,0.028883520794909055,195,50000,0.009048206756063586,0.011046166796862796,25,50000,0.06551830576520534,0.06742786757396937,1130,50000,0.04303994770673905,0.0450007884899236,489,50000,0.8939066666666666,0.9745913612999999,0.2789475,0.3345295068980111,0.28126390319455813,False,/data/suehara/part/march/datasets/20250711_ilc_nnqq_sgv_10m_3cat_parquet,val50k_tail,,proxy
58,58,0,,lr_11_25e-6,2.0159999999999997e-05,validation_total_reference_mistag_geomean_percent,0.33550042190464857,min,0.8049999996145253,0.8049999996145253,0.4527443328752644,0.24861831485190283,0.33550042190464857,,0.13399999640136728,0.06600000112792971,2.3999999267578147,0.18000000439453137,0.3840000150000006,0.05,2.2560000302929692,0.9700000229415899,0.015392639991259324,0.01738724009925721,67,50000,0.010529894247015226,0.01252721430061417,33,50000,0.0674995535266034,0.06940351544736552,1200,50000,0.017986179985518026,0.019978940130315186,90,50000,0.026684770480086325,0.028669370788080323,192,50000,0.009048206756063586,0.011046166796862796,25,50000,0.06546074597483416,0.06737046778039872,1128,50000,0.042861238860203606,0.044822399636988176,485,50000,0.8940066666666666,0.9746742736666666,0.2784690234375,0.3345295068980111,0.28063590355309614,False,/data/suehara/part/march/datasets/20250711_ilc_nnqq_sgv_10m_3cat_parquet,val50k_tail,,proxy
58,58,0,,lr_14e-6,1.4e-05,validation_total_reference_mistag_geomean_percent,0.3384256841393365,min,0.8127499956915478,0.8127499956915478,0.4559233106009004,0.2512087910886296,0.3384256841393365,,0.12999999920654298,0.06799999900390627,2.4219999312603777,0.186000003178711,0.38799999194824236,0.05,2.2820000266377263,0.9760000142968752,0.015147327248533623,0.01714208735333156,65,50000,0.010701894656100771,0.01269913471129969,34,50000,0.06780519847169354,0.06970828041005482,1211,50000,0.018298640498242997,0.020291160647840055,93,50000,0.02682788339137001,0.028812323702563862,194,50000,0.009048206756063586,0.011046166796862796,25,50000,0.0658339147263546,0.06774259655271848,1141,50000,0.042995341186683085,0.044956261968267554,488,50000,0.8938333333333334,0.9745569872333334,0.27909260416666665,0.3345295068980111,0.2818902369896987,False,/data/suehara/part/march/datasets/20250711_ilc_nnqq_sgv_10m_3cat_parquet,val50k_tail,,proxy
58,58,0,,lr_3e-6,1.344e-05,validation_total_reference_mistag_geomean_percent,0.33775479197584674,min,0.8104999852707294,0.8104999852707294,0.45544053684628744,0.2504790203625403,0.33775479197584674,,0.12999999920654298,0.06799999900390627,2.4199999316864034,0.18399999640625006,0.39000001309204146,0.05,2.2699999670944218,0.9719999756762702,0.015147327248533623,0.01714208735333156,65,50000,0.010701894656100771,0.01269913471129969,34,50000,0.06777747439242338,0.06968063632918492,1210,50000,0.018195055988739096,0.02018765613673616,92,50000,0.026899160482115422,0.028883520794909055,195,50000,0.009048206756063586,0.011046166796862796,25,50000,0.06566196724330023,0.06757112906006432,1135,50000,0.04290598690721674,0.04486706768560139,486,50000,0.8938733333333333,0.9745720838,0.27900760416666665,0.3345295068980111,0.2817145342647065,False,/data/suehara/part/march/datasets/20250711_ilc_nnqq_sgv_10m_3cat_parquet,val50k_tail,,proxy
58,58,0,,lr_5_75e-6,1.1200000000000001e-05,validation_total_reference_mistag_geomean_percent,0.3455596790211271,min,0.8169999963092052,0.8169999963092052,0.46614340920447445,0.2561690016576087,0.3455596790211271,,0.13399999640136728,0.07000000085449219,2.44199989417603,0.1879999917382816,0.3920000081347658,0.05400000131835941,2.276000086822513,0.9799999910278321,0.015392639991259324,0.01738724009925721,67,50000,0.010871397397403768,0.01286855745420266,35,50000,0.06808176491855805,0.06998404687291945,1221,50000,0.018401668178712582,0.020394108329909573,94,50000,0.02697025322873285,0.028954533543126652,196,50000,0.0094384043456773,0.011436204389676428,27,50000,0.06574800163356431,0.0676569234551283,1138,50000,0.04308450733752373,0.04504526812230802,490,50000,0.8937266666666667,0.9744903185333333,0.2794562890625,0.3345295068980111,0.2825966522905738,False,/data/suehara/part/march/datasets/20250711_ilc_nnqq_sgv_10m_3cat_parquet,val50k_tail,,proxy
58,58,0,,lr_8_5e-6,1.68e-05,validation_total_reference_mistag_geomean_percent,0.33477779089412346,min,0.8060000126679234,0.8060000126679234,0.45287709880617405,0.24747590366435532,0.33477779089412346,,0.12999999920654298,0.06600000112792971,2.402000005131226,0.18199999600097666,0.3840000150000006,0.05,2.268000083402713,0.966000001473999,0.015147327248533623,0.01714208735333156,65,50000,0.010529894247015226,0.01252721430061417,33,50000,0.06752740148097888,0.06943128340334073,1201,50000,0.018090905588142768,0.020083585734539902,91,50000,0.026684770480086325,0.028669370788080323,192,50000,0.009048206756063586,0.011046166796862796,25,50000,0.06563326207708713,0.06754250389225148,1134,50000,0.042771600227054125,0.04473292100063888,483,50000,0.8939466666666667,0.9746260553666667,0.2787264453125,0.3345295068980111,0.2811570720628372,False,/data/suehara/part/march/datasets/20250711_ilc_nnqq_sgv_10m_3cat_parquet,val50k_tail,,proxy
59,59,0,,lr_11_25e-6,2.0159999999999997e-05,validation_total_reference_mistag_geomean_percent,0.33606598197541304,min,0.8070000120365146,0.8070000120365146,0.44996825175142463,0.25099625096103473,0.33606598197541304,,0.13799999730468757,0.064,2.4160000280175784,0.186000003178711,0.3759999834765632,0.05,2.2620000490118417,0.9640000353027357,0.015634317924008823,0.01762875803520661,69,50000,0.0103552826863133,0.012352682738312273,32,50000,0.06772198925879096,0.06962531119235234,1208,50000,0.018298640498242997,0.020291160647840055,93,50000,0.026396268808411394,0.028381189110005457,188,50000,0.009048206756063586,0.011046166796862796,25,50000,0.06554706522534509,0.06745654703570955,1131,50000,0.042726709348848285,0.04468811012083296,482,50000,0.89408,0.9746530911333333,0.2786472265625,0.3345295068980111,0.2807602391894605,False,/data/suehara/part/march/datasets/20250711_ilc_nnqq_sgv_10m_3cat_parquet,val50k_tail,,proxy
59,59,0,,lr_14e-6,1.4e-05,validation_total_reference_mistag_geomean_percent,0.3398627764133903,min,0.8130000189904029,0.8130000189904029,0.45618796859087063,0.2531998096052586,0.3398627764133903,,0.13200000225585942,0.06799999900390627,2.4100000882568393,0.18999999768066408,0.38799999194824236,0.05,2.2920000591046157,0.9740000136730959,0.01527044818788576,0.01726512829428365,66,50000,0.010701894656100771,0.01269913471129969,34,50000,0.06763866889655593,0.06954223082531741,1205,50000,0.018504147852544686,0.02049650800534169,95,50000,0.02682788339137001,0.028812323702563862,194,50000,0.009048206756063586,0.011046166796862796,25,50000,0.06597683493097806,0.06788511676534201,1146,50000,0.04295068763465349,0.04491168841463788,487,50000,0.8937666666666667,0.9745421134333334,0.27922169270833336,0.3345295068980111,0.28204022957584496,False,/data/suehara/part/march/datasets/20250711_ilc_nnqq_sgv_10m_3cat_parquet,val50k_tail,,proxy
59,59,0,,lr_3e-6,1.344e-05,validation_total_reference_mistag_geomean_percent,0.34001097007059267,min,0.8114999912043764,0.8114999912043764,0.45496702214968254,0.25410074607629696,0.34001097007059267,,0.13399999640136728,0.06799999900390627,2.407999941945802,0.18999999768066408,0.38600000777465837,0.05,2.2840000111523437,0.9719999756762702,0.015392639991259324,0.01738724009925721,67,50000,0.010701894656100771,0.01269913471129969,34,50000,0.06761087067270397,0.06951451259986571,1204,50000,0.018504147852544686,0.02049650800534169,95,50000,0.026756420536738636,0.028740940846332497,193,50000,0.009048206756063586,0.011046166796862796,25,50000,0.06586252554973346,0.06777112737769708,1142,50000,0.04290598690721674,0.04486706768560139,486,50000,0.8937466666666667,0.9745553429,0.2791712890625,0.3345295068980111,0.28187018123186847,False,/data/suehara/part/march/datasets/20250711_ilc_nnqq_sgv_10m_3cat_parquet,val50k_tail,,proxy
59,59,0,,lr_5_75e-6,1.1200000000000001e-05,validation_total_reference_mistag_geomean_percent,0.34320983024416984,min,0.816000007539635,0.816000007539635,0.4656499369717908,0.25296468059732136,0.34320983024416984,,0.12999999920654298,0.06799999900390627,2.438000003720093,0.18999999768066408,0.39000001309204146,0.05400000131835941,2.2780000552676407,0.9799999910278321,0.015147327248533623,0.01714208735333156,65,50000,0.010701894656100771,0.01269913471129969,34,50000,0.06802654936229544,0.06992899131345667,1219,50000,0.018504147852544686,0.02049650800534169,95,50000,0.026899160482115422,0.028883520794909055,195,50000,0.0094384043456773,0.011436204389676428,27,50000,0.06577665278554162,0.06768549460870535,1139,50000,0.04308450733752373,0.04504526812230802,490,50000,0.8936333333333333,0.9744768307666667,0.279571640625,0.3345295068980111,0.2827610967558526,False,/data/suehara/part/march/datasets/20250711_ilc_nnqq_sgv_10m_3cat_parquet,val50k_tail,,proxy
59,59,0,,lr_8_5e-6,1.68e-05,validation_total_reference_mistag_geomean_percent,0.34107134284735974,min,0.8110000188028914,0.8110000188028914,0.4539285546704402,0.25627306261038924,0.34107134284735974,,0.14000000170898438,0.06799999900390627,2.4100000882568393,0.1879999917382816,0.38600000777465837,0.05,2.2820000266377263,0.9640000353027357,0.01575384307703153,0.01774820318982931,70,50000,0.010701894656100771,0.01269913471129969,34,50000,0.06763866889655593,0.06954223082531741,1205,50000,0.018401668178712582,0.020394108329909573,94,50000,0.026756420536738636,0.028740940846332497,193,50000,0.009048206756063586,0.011046166796862796,25,50000,0.0658339147263546,0.06774259655271848,1141,50000,0.042726709348848285,0.04468811012083296,482,50000,0.8939266666666666,0.9746061401,0.2788838411458333,0.3345295068980111,0.2812959113779463,False,/data/suehara/part/march/datasets/20250711_ilc_nnqq_sgv_10m_3cat_parquet,val50k_tail,,proxy
60,60,0,,lr_11_25e-6,2.0159999999999997e-05,validation_total_reference_mistag_geomean_percent,0.33489454106856653,min,0.8042499993663408,0.8042499993663408,0.4528646134261938,0.24765537052897663,0.33489454106856653,,0.13200000225585942,0.064,2.3939999499545297,0.186000003178711,0.38600000777465837,0.05,2.2560000302929692,0.966000001473999,0.01527044818788576,0.01726512829428365,66,50000,0.0103552826863133,0.012352682738312273,32,50000,0.0674159347794738,0.06932013669543602,1197,50000,0.018298640498242997,0.020291160647840055,93,50000,0.026756420536738636,0.028740940846332497,193,50000,0.009048206756063586,0.011046166796862796,25,50000,0.06546074597483416,0.06737046778039872,1128,50000,0.042771600227054125,0.04473292100063888,483,50000,0.8941133333333333,0.9746628109666666,0.278612578125,0.3345295068980111,0.2803039469328185,False,/data/suehara/part/march/datasets/20250711_ilc_nnqq_sgv_10m_3cat_parquet,val50k_tail,,proxy
60,60,0,,lr_14e-6,1.6128e-05,validation_total_reference_mistag_geomean_percent,0.3346462803897327,min,0.8037500155341344,0.8037500155341344,0.45247720312368545,0.24750005570572678,0.3346462803897327,,0.13200000225585942,0.064,2.3880000954675333,0.186000003178711,0.3840000150000006,0.05,2.2600000068969726,0.966000001473999,0.01527044818788576,0.01726512829428365,66,50000,0.0103552826863133,0.012352682738312273,32,50000,0.06733220338577643,0.06923664529693875,1194,50000,0.018298640498242997,0.020291160647840055,93,50000,0.026684770480086325,0.028669370788080323,192,50000,0.009048206756063586,0.011046166796862796,25,50000,0.06551830576520534,0.06742786757396937,1130,50000,0.042771600227054125,0.04473292100063888,483,50000,0.8941666666666667,0.9746626870666666,0.2786087890625,0.3345295068980111,0.28027498344230606,False,/data/suehara/part/march/datasets/20250711_ilc_nnqq_sgv_10m_3cat_parquet,val50k_tail,,proxy
60,60,0,,lr_3e-6,1.344e-05,validation_total_reference_mistag_geomean_percent,0.3376279063611916,min,0.8082500144286161,0.8082500144286161,0.4538342225586963,0.25117674579752175,0.3376279063611916,,0.13200000225585942,0.06799999900390627,2.4100000882568393,0.18399999640625006,0.38600000777465837,0.05,2.2659999987898254,0.9700000229415899,0.01527044818788576,0.01726512829428365,66,50000,0.010701894656100771,0.01269913471129969,34,50000,0.06763866889655593,0.06954223082531741,1205,50000,0.018195055988739096,0.02018765613673616,92,50000,0.026756420536738636,0.028740940846332497,193,50000,0.009048206756063586,0.011046166796862796,25,50000,0.06560454336370959,0.06751386517727352,1133,50000,0.042861238860203606,0.044822399636988176,485,50000,0.8937733333333333,0.9745629327333333,0.2791137109375,0.3345295068980111,0.28143897041550825,False,/data/suehara/part/march/datasets/20250711_ilc_nnqq_sgv_10m_3cat_parquet,val50k_tail,,proxy
60,60,0,,lr_5_75e-6,2.4191999999999995e-05,validation_total_reference_mistag_geomean_percent,0.334614626561724,min,0.8020000005597308,0.8020000005597308,0.45200848477826344,0.24770983749114434,0.334614626561724,,0.13399999640136728,0.064,2.3860000167474364,0.18399999640625006,0.3840000150000006,0.05,2.2459999893759157,0.9679999905468751,0.015392639991259324,0.01738724009925721,67,50000,0.0103552826863133,0.012352682738312273,32,50000,0.06730426781710735,0.06920878972666925,1193,50000,0.018195055988739096,0.02018765613673616,92,50000,0.026684770480086325,0.028669370788080323,192,50000,0.009048206756063586,0.011046166796862796,25,50000,0.06531660726253087,0.06722672906009537,1123,50000,0.0428164433487024,0.04477768412388689,484,50000,0.89406,0.9746649825333332,0.27858634114583336,0.3345295068980111,0.2803333947819602,False,/data/suehara/part/march/datasets/20250711_ilc_nnqq_sgv_10m_3cat_parquet,val50k_tail,,proxy
60,60,0,,lr_8_5e-6,1.68e-05,validation_total_reference_mistag_geomean_percent,0.3363584630125488,min,0.8070000200381475,0.8070000200381475,0.4525772776021231,0.2499838618491734,0.3363584630125488,,0.13200000225585942,0.06600000112792971,2.4100000882568393,0.186000003178711,0.3840000150000006,0.05,2.2620000490118417,0.966000001473999,0.01527044818788576,0.01726512829428365,66,50000,0.010529894247015226,0.01252721430061417,33,50000,0.06763866889655593,0.06954223082531741,1205,50000,0.018298640498242997,0.020291160647840055,93,50000,0.026684770480086325,0.028669370788080323,192,50000,0.009048206756063586,0.011046166796862796,25,50000,0.06554706522534509,0.06745654703570955,1131,50000,0.042771600227054125,0.04473292100063888,483,50000,0.89406,0.9746147683666666,0.2788520963541667,0.3345295068980111,0.28085278423341764,False,/data/suehara/part/march/datasets/20250711_ilc_nnqq_sgv_10m_3cat_parquet,val50k_tail,,proxy
61,61,0,,lr_11_25e-6,2.0159999999999997e-05,validation_total_reference_mistag_geomean_percent,0.3337749665845668,min,0.8029999971158984,0.8029999971158984,0.45132772445497504,0.24683998407822746,0.3337749665845668,,0.13200000225585942,0.06600000112792971,2.3939999499545297,0.1780000073876956,0.37999999536132817,0.05,2.2560000302929692,0.9679999905468751,0.01527044818788576,0.01726512829428365,66,50000,0.010529894247015226,0.01252721430061417,33,50000,0.0674159347794738,0.06932013669543602,1197,50000,0.01788086961137308,0.019873709754570246,89,50000,0.026540902914279046,0.02852566321907301,190,50000,0.009048206756063586,0.011046166796862796,25,50000,0.06546074597483416,0.06737046778039872,1128,50000,0.0428164433487024,0.04477768412388689,484,50000,0.8941266666666666,0.9746801684999999,0.2785040494791667,0.3337749665845668,0.28026190477394125,False,/data/suehara/part/march/datasets/20250711_ilc_nnqq_sgv_10m_3cat_parquet,val50k_tail,,proxy
61,61,0,,lr_14e-6,1.6128e-05,validation_total_reference_mistag_geomean_percent,0.3341805057866456,min,0.8045000038916398,0.8045000038916398,0.4505995129433006,0.24784006027514427,0.3341805057866456,,0.13200000225585942,0.06600000112792971,2.4060000212933352,0.18000000439453137,0.3780000029992676,0.05,2.257999997588196,0.966000001473999,0.01527044818788576,0.01726512829428365,66,50000,0.010529894247015226,0.01252721430061417,33,50000,0.0675830600388904,0.06948678196445242,1203,50000,0.017986179985518026,0.019978940130315186,90,50000,0.026468682433917427,0.028453522737111436,189,50000,0.009048206756063586,0.011046166796862796,25,50000,0.06548953268759282,0.06739917449475712,1129,50000,0.042771600227054125,0.04473292100063888,483,50000,0.8941666666666667,0.9746729477333332,0.278569453125,0.3337749665845668,0.28025378579615867,False,/data/suehara/part/march/datasets/20250711_ilc_nnqq_sgv_10m_3cat_parquet,val50k_tail,,proxy
61,61,0,,lr_3e-6,1.344e-05,validation_total_reference_mistag_geomean_percent,0.337940379322577,min,0.8085000081876376,0.8085000081876376,0.45268704266405546,0.25227958658723787,0.337940379322577,,0.13399999640136728,0.06799999900390627,2.4160000280175784,0.18399999640625006,0.38200002098388786,0.05,2.2620000490118417,0.9719999756762702,0.015392639991259324,0.01738724009925721,67,50000,0.010701894656100771,0.01269913471129969,34,50000,0.06772198925879096,0.06962531119235234,1208,50000,0.018195055988739096,0.02018765613673616,92,50000,0.02661293176456675,0.02859761207096071,191,50000,0.009048206756063586,0.011046166796862796,25,50000,0.06554706522534509,0.06745654703570955,1131,50000,0.04290598690721674,0.04486706768560139,486,50000,0.8938666666666667,0.9745763961666668,0.27905563802083333,0.3337749665845668,0.28143954949079525,False,/data/suehara/part/march/datasets/20250711_ilc_nnqq_sgv_10m_3cat_parquet,val50k_tail,,proxy
61,61,0,,lr_5_75e-6,2.4191999999999995e-05,validation_total_reference_mistag_geomean_percent,0.3335458327427072,min,0.800750024229661,0.800750024229661,0.4497331013549767,0.24737521477702745,0.3335458327427072,,0.13200000225585942,0.06600000112792971,2.3880000954675333,0.18000000439453137,0.3780000029992676,0.05,2.250000085830692,0.9620000017614746,0.01527044818788576,0.01726512829428365,66,50000,0.010529894247015226,0.01252721430061417,33,50000,0.06733220338577643,0.06923664529693875,1194,50000,0.017986179985518026,0.019978940130315186,90,50000,0.026468682433917427,0.028453522737111436,189,50000,0.009048206756063586,0.011046166796862796,25,50000,0.06537430384835896,0.06728426564912293,1125,50000,0.04268177056691545,0.044643251337300044,481,50000,0.8941,0.9746818206666665,0.2785032421875,0.3335458327427072,0.280269908958906,False,/data/suehara/part/march/datasets/20250711_ilc_nnqq_sgv_10m_3cat_parquet,val50k_tail,,proxy
61,61,0,,lr_8_5e-6,1.68e-05,validation_total_reference_mistag_geomean_percent,0.33563737381300873,min,0.8064999996015363,0.8064999996015363,0.45195228509595997,0.24925738936395606,0.33563737381300873,,0.13200000225585942,0.06600000112792971,2.407999941945802,0.18399999640625006,0.38200002098388786,0.05,2.2659999987898254,0.9640000353027357,0.01527044818788576,0.01726512829428365,66,50000,0.010529894247015226,0.01252721430061417,33,50000,0.06761087067270397,0.06951451259986571,1204,50000,0.018195055988739096,0.02018765613673616,92,50000,0.02661293176456675,0.02859761207096071,191,50000,0.009048206756063586,0.011046166796862796,25,50000,0.06560454336370959,0.06751386517727352,1133,50000,0.042726709348848285,0.04468811012083296,482,50000,0.8940533333333334,0.9746312506999999,0.278750234375,0.3335458327427072,0.2808295943757447,False,/data/suehara/part/march/datasets/20250711_ilc_nnqq_sgv_10m_3cat_parquet,val50k_tail,,proxy
62,62,0,,lr_11_25e-6,2.0159999999999997e-05,validation_total_reference_mistag_geomean_percent,0.3324801457872724,min,0.8000000116025549,0.8000000116025549,0.4527972716997503,0.24413364269568072,0.3324801457872724,,0.12999999920654298,0.064,2.3720000050671386,0.18000000439453137,0.38600000777465837,0.05,2.250000085830692,0.9679999905468751,0.015147327248533623,0.01714208735333156,65,50000,0.0103552826863133,0.012352682738312273,32,50000,0.0671083657937211,0.06901344769208347,1186,50000,0.017986179985518026,0.019978940130315186,90,50000,0.026756420536738636,0.028740940846332497,193,50000,0.009048206756063586,0.011046166796862796,25,50000,0.06537430384835896,0.06728426564912293,1125,50000,0.0428164433487024,0.04477768412388689,484,50000,0.8941133333333333,0.9747013786333333,0.278411875,0.3324801457872724,0.28017510842533694,False,/data/suehara/part/march/datasets/20250711_ilc_nnqq_sgv_10m_3cat_parquet,val50k_tail,,proxy
62,62,0,,lr_14e-6,1.6128e-05,validation_total_reference_mistag_geomean_percent,0.3336129884692188,min,0.800750003206788,0.800750003206788,0.4519758465375268,0.2462468446665595,0.3336129884692188,,0.12999999920654298,0.064,2.3759999209643583,0.186000003178711,0.3840000150000006,0.05,2.250000085830692,0.966000001473999,0.015147327248533623,0.01714208735333156,65,50000,0.0103552826863133,0.012352682738312273,32,50000,0.06716440099887658,0.0690693229004391,1188,50000,0.018298640498242997,0.020291160647840055,93,50000,0.026684770480086325,0.028669370788080323,192,50000,0.009048206756063586,0.011046166796862796,25,50000,0.06537430384835896,0.06728426564912293,1125,50000,0.042771600227054125,0.04473292100063888,483,50000,0.8941066666666667,0.9746935729,0.27845182291666665,0.3324801457872724,0.2801860651902957,False,/data/suehara/part/march/datasets/20250711_ilc_nnqq_sgv_10m_3cat_parquet,val50k_tail,,proxy
62,62,0,,lr_3e-6,1.344e-05,validation_total_reference_mistag_geomean_percent,0.3370922667259997,min,0.8087499899963956,0.8087499899963956,0.4534450969433278,0.2505952695319899,0.3370922667259997,,0.13200000225585942,0.06799999900390627,2.4139999176744107,0.18199999600097666,0.3840000150000006,0.05,2.2699999670944218,0.9700000229415899,0.01527044818788576,0.01726512829428365,66,50000,0.010701894656100771,0.01269913471129969,34,50000,0.06769422817458522,0.06959763010654686,1207,50000,0.018090905588142768,0.020083585734539902,91,50000,0.026684770480086325,0.028669370788080323,192,50000,0.009048206756063586,0.011046166796862796,25,50000,0.06566196724330023,0.06757112906006432,1135,50000,0.042861238860203606,0.044822399636988176,485,50000,0.8939333333333334,0.9745935581333334,0.27895967447916664,0.3324801457872724,0.2813658325346466,False,/data/suehara/part/march/datasets/20250711_ilc_nnqq_sgv_10m_3cat_parquet,val50k_tail,,proxy
62,62,0,,lr_5_75e-6,2.4191999999999995e-05,validation_total_reference_mistag_geomean_percent,0.33270593497088535,min,0.8012500091171653,0.8012500091171653,0.45303097737990683,0.24433922776107392,0.33270593497088535,,0.12999999920654298,0.064,2.3799999527893076,0.18000000439453137,0.38600000777465837,0.05,2.250000085830692,0.9700000229415899,0.015147327248533623,0.01714208735333156,65,50000,0.0103552826863133,0.012352682738312273,32,50000,0.06722038558307011,0.0691251474878321,1190,50000,0.017986179985518026,0.019978940130315186,90,50000,0.026756420536738636,0.028740940846332497,193,50000,0.009048206756063586,0.011046166796862796,25,50000,0.06537430384835896,0.06728426564912293,1125,50000,0.042861238860203606,0.044822399636988176,485,50000,0.8941133333333333,0.9747054769,0.27838109375,0.3324801457872724,0.28016306738635577,False,/data/suehara/part/march/datasets/20250711_ilc_nnqq_sgv_10m_3cat_parquet,val50k_tail,,proxy
62,62,0,,lr_8_5e-6,1.68e-05,validation_total_reference_mistag_geomean_percent,0.33432092735035557,min,0.802999992126656,0.802999992126656,0.452586943914224,0.24695914004444838,0.33432092735035557,,0.12999999920654298,0.06600000112792971,2.381999937120668,0.18199999600097666,0.38200002098388786,0.05,2.2600000068969726,0.9719999756762702,0.015147327248533623,0.01714208735333156,65,50000,0.010529894247015226,0.01252721430061417,33,50000,0.06724835893121076,0.06915304083757318,1191,50000,0.018090905588142768,0.020083585734539902,91,50000,0.02661293176456675,0.02859761207096071,191,50000,0.009048206756063586,0.011046166796862796,25,50000,0.06551830576520534,0.06742786757396937,1130,50000,0.04290598690721674,0.04486706768560139,486,50000,0.8941,0.9746506681333332,0.2786634895833333,0.3324801457872724,0.28074940212819194,False,/data/suehara/part/march/datasets/20250711_ilc_nnqq_sgv_10m_3cat_parquet,val50k_tail,,proxy
63,63,0,,lr_11_25e-6,2.0159999999999997e-05,validation_total_reference_mistag_geomean_percent,0.3315834571197674,min,0.798250022966462,0.798250022966462,0.4522025494160974,0.2431379238738602,0.3315834571197674,,0.128,0.064,2.3700000578613296,0.18000000439453137,0.3840000150000006,0.05,2.236000092802738,0.9740000136730959,0.015023255758590748,0.017018095861788735,64,50000,0.0103552826863133,0.012352682738312273,32,50000,0.06708032916925392,0.06898549106601655,1185,50000,0.017986179985518026,0.019978940130315186,90,50000,0.026684770480086325,0.028669370788080323,192,50000,0.009048206756063586,0.011046166796862796,25,50000,0.06517212499793437,0.06708264678749881,1118,50000,0.04295068763465349,0.04491168841463788,487,50000,0.8941666666666667,0.9746978129666667,0.27839071614583333,0.3315834571197674,0.27979163152762077,False,/data/suehara/part/march/datasets/20250711_ilc_nnqq_sgv_10m_3cat_parquet,val50k_tail,,proxy
63,63,0,,lr_14e-6,1.6128e-05,validation_total_reference_mistag_geomean_percent,0.33163660578932713,min,0.7992500232474143,0.7992500232474143,0.45244300816136107,0.24308661271264653,0.33163660578932713,,0.128,0.064,2.3680000578125013,0.18000000439453137,0.3840000150000006,0.05,2.250000085830692,0.9700000229415899,0.015023255758590748,0.017018095861788735,64,50000,0.0103552826863133,0.012352682738312273,32,50000,0.06705227984264775,0.06895752173780995,1184,50000,0.017986179985518026,0.019978940130315186,90,50000,0.026684770480086325,0.028669370788080323,192,50000,0.009048206756063586,0.011046166796862796,25,50000,0.06537430384835896,0.06728426564912293,1125,50000,0.042861238860203606,0.044822399636988176,485,50000,0.89414,0.9746892785666667,0.2784561197916667,0.3315834571197674,0.27982425735776023,False,/data/suehara/part/march/datasets/20250711_ilc_nnqq_sgv_10m_3cat_parquet,val50k_tail,,proxy
63,63,0,,lr_3e-6,1.344e-05,validation_total_reference_mistag_geomean_percent,0.3344544237466007,min,0.8087500262517938,0.8087500262517938,0.4518621940844659,0.24755282258192418,0.3344544237466007,,0.128,0.06799999900390627,2.4240001013452193,0.1780000073876956,0.3780000029992676,0.05,2.2740000763366726,0.9700000229415899,0.015023255758590748,0.017018095861788735,64,50000,0.010701894656100771,0.01269913471129969,34,50000,0.06783291024577663,0.06973591218573834,1212,50000,0.01788086961137308,0.019873709754570246,89,50000,0.026468682433917427,0.028453522737111436,189,50000,0.009048206756063586,0.011046166796862796,25,50000,0.06571933700411543,0.06762833882407969,1137,50000,0.042861238860203606,0.044822399636988176,485,50000,0.8939266666666666,0.9745898712666667,0.27895975260416667,0.3315834571197674,0.28100554931458693,False,/data/suehara/part/march/datasets/20250711_ilc_nnqq_sgv_10m_3cat_parquet,val50k_tail,,proxy
63,63,0,,lr_5_75e-6,2.4191999999999995e-05,validation_total_reference_mistag_geomean_percent,0.33114283209717815,min,0.8004999901139073,0.8004999901139073,0.45376028351611897,0.24165970278323098,0.33114283209717815,,0.12599999615478527,0.064,2.3759999209643583,0.1780000073876956,0.38600000777465837,0.05,2.2459999893759157,0.9779999992538452,0.014898211467070606,0.016893131568668597,63,50000,0.0103552826863133,0.012352682738312273,32,50000,0.06716440099887658,0.0690693229004391,1188,50000,0.01788086961137308,0.019873709754570246,89,50000,0.026756420536738636,0.028740940846332497,193,50000,0.009048206756063586,0.011046166796862796,25,50000,0.06531660726253087,0.06722672906009537,1123,50000,0.04303994770673905,0.0450007884899236,489,50000,0.8941333333333333,0.9747057311666666,0.27832947916666667,0.33114283209717815,0.2797598318116195,False,/data/suehara/part/march/datasets/20250711_ilc_nnqq_sgv_10m_3cat_parquet,val50k_tail,,proxy
63,63,0,,lr_8_5e-6,1.68e-05,validation_total_reference_mistag_geomean_percent,0.33207603135516456,min,0.8024999961344151,0.8024999961344151,0.45089854659721534,0.24456608128990867,0.33207603135516456,,0.12599999615478527,0.06600000112792971,2.3900000437622078,0.18000000439453137,0.3780000029992676,0.05,2.2639999191626003,0.966000001473999,0.014898211467070606,0.016893131568668597,63,50000,0.010529894247015226,0.01252721430061417,33,50000,0.06736012639214847,0.06926448830491053,1195,50000,0.017986179985518026,0.019978940130315186,90,50000,0.026468682433917427,0.028453522737111436,189,50000,0.009048206756063586,0.011046166796862796,25,50000,0.06557581108564796,0.06748521289761215,1132,50000,0.042771600227054125,0.04473292100063888,483,50000,0.8940666666666667,0.9746451514666665,0.2786681640625,0.33114283209717815,0.280376363421598,False,/data/suehara/part/march/datasets/20250711_ilc_nnqq_sgv_10m_3cat_parquet,val50k_tail,,proxy
64,64,0,,lr_11_25e-6,2.0159999999999997e-05,validation_total_reference_mistag_geomean_percent,0.334578194529129,min,0.8009999977113343,0.8009999977113343,0.4525754077055622,0.24734567178957198,0.334578194529129,,0.13399999640136728,0.064,2.3720000050671386,0.18399999640625006,0.3840000150000006,0.05,2.2479999931396484,0.9719999756762702,0.015392639991259324,0.01738724009925721,67,50000,0.0103552826863133,0.012352682738312273,32,50000,0.0671083657937211,0.06901344769208347,1186,50000,0.018195055988739096,0.02018765613673616,92,50000,0.026684770480086325,0.028669370788080323,192,50000,0.009048206756063586,0.011046166796862796,25,50000,0.0653454624174963,0.06725550421666053,1124,50000,0.04290598690721674,0.04486706768560139,486,50000,0.8941533333333334,0.9747001076333333,0.2784019010416667,0.33114283209717815,0.2797072688941724,False,/data/suehara/part/march/datasets/20250711_ilc_nnqq_sgv_10m_3cat_parquet,val50k_tail,,proxy
64,64,0,,lr_14e-6,1.6128e-05,validation_total_reference_mistag_geomean_percent,0.33439510194788996,min,0.8010000110251815,0.8010000110251815,0.4519849641350785,0.24739779656325378,0.33439510194788996,,0.13399999640136728,0.064,2.374000105594029,0.18399999640625006,0.38200002098388786,0.05,2.2479999931396484,0.9719999756762702,0.015392639991259324,0.01738724009925721,67,50000,0.0103552826863133,0.012352682738312273,32,50000,0.06713638973171662,0.06904139163167872,1187,50000,0.018195055988739096,0.02018765613673616,92,50000,0.02661293176456675,0.02859761207096071,191,50000,0.009048206756063586,0.011046166796862796,25,50000,0.0653454624174963,0.06725550421666053,1124,50000,0.04290598690721674,0.04486706768560139,486,50000,0.89412,0.9746904575666666,0.27847061197916667,0.33114283209717815,0.2797616862405719,False,/data/suehara/part/march/datasets/20250711_ilc_nnqq_sgv_10m_3cat_parquet,val50k_tail,,proxy
64,64,0,,lr_3e-6,1.344e-05,validation_total_reference_mistag_geomean_percent,0.3365443006160012,min,0.8092500131557848,0.8092500131557848,0.45304506086429247,0.25000176817078357,0.3365443006160012,,0.12999999920654298,0.06799999900390627,2.4280000240814212,0.18199999600097666,0.3840000150000006,0.05,2.2620000490118417,0.9700000229415899,0.015147327248533623,0.01714208735333156,65,50000,0.010701894656100771,0.01269913471129969,34,50000,0.06788829693773375,0.06979113888089493,1214,50000,0.018090905588142768,0.020083585734539902,91,50000,0.026684770480086325,0.028669370788080323,192,50000,0.009048206756063586,0.011046166796862796,25,50000,0.06554706522534509,0.06745654703570955,1131,50000,0.042861238860203606,0.044822399636988176,485,50000,0.8939533333333334,0.9745900321000001,0.27898967447916667,0.33114283209717815,0.2809560392565891,False,/data/suehara/part/march/datasets/20250711_ilc_nnqq_sgv_10m_3cat_parquet,val50k_tail,,proxy
64,64,0,,lr_5_75e-6,2.4191999999999995e-05,validation_total_reference_mistag_geomean_percent,0.33413308976838507,min,0.8014999904350284,0.8014999904350284,0.4525958893149169,0.24667683537108964,0.33413308976838507,,0.13200000225585942,0.064,2.381999937120668,0.18399999640625006,0.38600000777465837,0.05,2.2459999893759157,0.9679999905468751,0.01527044818788576,0.01726512829428365,66,50000,0.0103552826863133,0.012352682738312273,32,50000,0.06724835893121076,0.06915304083757318,1191,50000,0.018195055988739096,0.02018765613673616,92,50000,0.026756420536738636,0.028740940846332497,193,50000,0.009048206756063586,0.011046166796862796,25,50000,0.06531660726253087,0.06722672906009537,1123,50000,0.0428164433487024,0.04477768412388689,484,50000,0.8941466666666666,0.9747060120666666,0.27836111979166667,0.33114283209717815,0.2796556817901123,False,/data/suehara/part/march/datasets/20250711_ilc_nnqq_sgv_10m_3cat_parquet,val50k_tail,,proxy
64,64,0,,lr_8_5e-6,1.68e-05,validation_total_reference_mistag_geomean_percent,0.3362302116529153,min,0.8044999999956709,0.8044999999956709,0.4544018247511016,0.248790275633439,0.3362302116529153,,0.13200000225585942,0.06600000112792971,2.3900000437622078,0.18399999640625006,0.39000001309204146,0.05,2.253999920379489,0.9700000229415899,0.01527044818788576,0.01726512829428365,66,50000,0.010529894247015226,0.01252721430061417,33,50000,0.06736012639214847,0.06926448830491053,1195,50000,0.018195055988739096,0.02018765613673616,92,50000,0.026899160482115422,0.028883520794909055,195,50000,0.009048206756063586,0.011046166796862796,25,50000,0.06543194560921714,0.06734174741318127,1127,50000,0.042861238860203606,0.044822399636988176,485,50000,0.89408,0.9746457121000001,0.2786905859375,0.33114283209717815,0.28030928566725793,False,/data/suehara/part/march/datasets/20250711_ilc_nnqq_sgv_10m_3cat_parquet,val50k_tail,,proxy
65,65,0,,lr_11_25e-6,2.0159999999999997e-05,validation_total_reference_mistag_geomean_percent,0.33592763578828494,min,0.8037500069697191,0.8037500069697191,0.45293026558907873,0.24914956022984663,0.33592763578828494,,0.13399999640136728,0.064,2.3900000437622078,0.1879999917382816,0.38600000777465837,0.05,2.2479999931396484,0.9700000229415899,0.015392639991259324,0.01738724009925721,67,50000,0.0103552826863133,0.012352682738312273,32,50000,0.06736012639214847,0.06926448830491053,1195,50000,0.018401668178712582,0.020394108329909573,94,50000,0.026756420536738636,0.028740940846332497,193,50000,0.009048206756063586,0.011046166796862796,25,50000,0.0653454624174963,0.06725550421666053,1124,50000,0.042861238860203606,0.044822399636988176,485,50000,0.89414,0.9747244810333333,0.2782818359375,0.33114283209717815,0.2796661341323612,False,/data/suehara/part/march/datasets/20250711_ilc_nnqq_sgv_10m_3cat_parquet,val50k_tail,,proxy
65,65,0,,lr_14e-6,1.6128e-05,validation_total_reference_mistag_geomean_percent,0.3349920358919138,min,0.8017500055042655,0.8017500055042655,0.45331394956281845,0.24755396170630814,0.3349920358919138,,0.13399999640136728,0.064,2.3799999527893076,0.18399999640625006,0.38799999194824236,0.05,2.2440000835473666,0.9700000229415899,0.015392639991259324,0.01738724009925721,67,50000,0.0103552826863133,0.012352682738312273,32,50000,0.06722038558307011,0.0691251474878321,1190,50000,0.018195055988739096,0.02018765613673616,92,50000,0.02682788339137001,0.028812323702563862,194,50000,0.009048206756063586,0.011046166796862796,25,50000,0.0652877383655534,0.06719794016151748,1122,50000,0.042861238860203606,0.044822399636988176,485,50000,0.89416,0.9747121656000001,0.2783608984375,0.33114283209717815,0.27974147677818556,False,/data/suehara/part/march/datasets/20250711_ilc_nnqq_sgv_10m_3cat_parquet,val50k_tail,,proxy
65,65,0,,lr_3e-6,2.9030399999999992e-05,validation_total_reference_mistag_geomean_percent,0.3369034229145892,min,0.8047500011007312,0.8047500011007312,0.4532489552142569,0.25042289687774727,0.3369034229145892,,0.13799999730468757,0.064,2.3939999499545297,0.186000003178711,0.38799999194824236,0.05,2.2520000649456806,0.966000001473999,0.015634317924008823,0.01762875803520661,69,50000,0.0103552826863133,0.012352682738312273,32,50000,0.0674159347794738,0.06932013669543602,1197,50000,0.018298640498242997,0.020291160647840055,93,50000,0.02682788339137001,0.028812323702563862,194,50000,0.009048206756063586,0.011046166796862796,25,50000,0.06540313157298895,0.06731301337535335,1126,50000,0.042771600227054125,0.04473292100063888,483,50000,0.8941133333333333,0.9747406059,0.27818368489583334,0.33114283209717815,0.279626637009583,False,/data/suehara/part/march/datasets/20250711_ilc_nnqq_sgv_10m_3cat_parquet,val50k_tail,,proxy
65,65,0,,lr_5_75e-6,2.4191999999999995e-05,validation_total_reference_mistag_geomean_percent,0.336640624799194,min,0.8062499926983838,0.8062499926983838,0.45381812846278946,0.24971878194699285,0.336640624799194,,0.13599999800781254,0.064,2.402000005131226,0.186000003178711,0.38799999194824236,0.05,2.253999920379489,0.9700000229415899,0.015513923280260607,0.017508443389858443,68,50000,0.0103552826863133,0.012352682738312273,32,50000,0.06752740148097888,0.06943128340334073,1201,50000,0.018298640498242997,0.020291160647840055,93,50000,0.02682788339137001,0.028812323702563862,194,50000,0.009048206756063586,0.011046166796862796,25,50000,0.06543194560921714,0.06734174741318127,1127,50000,0.042861238860203606,0.044822399636988176,485,50000,0.8941066666666667,0.9747359438666666,0.27821567708333333,0.33114283209717815,0.2795930927872771,False,/data/suehara/part/march/datasets/20250711_ilc_nnqq_sgv_10m_3cat_parquet,val50k_tail,,proxy
65,65,0,,lr_8_5e-6,1.68e-05,validation_total_reference_mistag_geomean_percent,0.3359033874856481,min,0.805749981517926,0.805749981517926,0.45428525936196507,0.248370563206921,0.3359033874856481,,0.13200000225585942,0.06600000112792971,2.3999999267578147,0.18199999600097666,0.38799999194824236,0.05,2.253999920379489,0.9740000136730959,0.01527044818788576,0.01726512829428365,66,50000,0.010529894247015226,0.01252721430061417,33,50000,0.0674995535266034,0.06940351544736552,1200,50000,0.018090905588142768,0.020083585734539902,91,50000,0.02682788339137001,0.028812323702563862,194,50000,0.009048206756063586,0.011046166796862796,25,50000,0.06543194560921714,0.06734174741318127,1127,50000,0.04295068763465349,0.04491168841463788,487,50000,0.8941933333333333,0.9746733038000001,0.2785488020833333,0.33114283209717815,0.28027787669911824,False,/data/suehara/part/march/datasets/20250711_ilc_nnqq_sgv_10m_3cat_parquet,val50k_tail,,proxy
66,66,0,,lr_11_25e-6,2.0159999999999997e-05,validation_total_reference_mistag_geomean_percent,0.33491716127477267,min,0.8022500024532326,0.8022500024532326,0.4527367902302257,0.2477587581502083,0.33491716127477267,,0.13200000225585942,0.064,2.398000105380864,0.186000003178711,0.38799999194824236,0.05,2.2279999411859146,0.9719999756762702,0.01527044818788576,0.01726512829428365,66,50000,0.0103552826863133,0.012352682738312273,32,50000,0.06747169310171094,0.06937573502087263,1199,50000,0.018298640498242997,0.020291160647840055,93,50000,0.02682788339137001,0.028812323702563862,194,50000,0.009048206756063586,0.011046166796862796,25,50000,0.06505629031496284,0.06696713209812764,1114,50000,0.04290598690721674,0.04486706768560139,486,50000,0.8941133333333333,0.9747174589999998,0.278372109375,0.33114283209717815,0.2797189759255363,False,/data/suehara/part/march/datasets/20250711_ilc_nnqq_sgv_10m_3cat_parquet,val50k_tail,,proxy
66,66,0,,lr_14e-6,1.6128e-05,validation_total_reference_mistag_geomean_percent,0.3345099467896221,min,0.8010000060181051,0.8010000060181051,0.45191947721524395,0.24760363326385385,0.3345099467896221,,0.13200000225585942,0.064,2.3920000708081077,0.186000003178711,0.38600000777465837,0.05,2.2279999411859146,0.9700000229415899,0.01527044818788576,0.01726512829428365,66,50000,0.0103552826863133,0.012352682738312273,32,50000,0.06738803685159972,0.06929231876596151,1196,50000,0.018298640498242997,0.020291160647840055,93,50000,0.026756420536738636,0.028740940846332497,193,50000,0.009048206756063586,0.011046166796862796,25,50000,0.06505629031496284,0.06696713209812764,1114,50000,0.042861238860203606,0.044822399636988176,485,50000,0.89404,0.9747067988999999,0.27843119791666665,0.33114283209717815,0.2798116613041209,False,/data/suehara/part/march/datasets/20250711_ilc_nnqq_sgv_10m_3cat_parquet,val50k_tail,,proxy
66,66,0,,lr_3e-6,2.9030399999999992e-05,validation_total_reference_mistag_geomean_percent,0.33404723372551515,min,0.8007499954607401,0.8007499954607401,0.45010665304052616,0.24791358582656176,0.33404723372551515,,0.13200000225585942,0.064,2.4039998925213673,0.186000003178711,0.38200002098388786,0.05,2.22000005419922,0.9679999905468751,0.01527044818788576,0.01726512829428365,66,50000,0.0103552826863133,0.012352682738312273,32,50000,0.06755523698002315,0.06945903890398474,1202,50000,0.018298640498242997,0.020291160647840055,93,50000,0.02661293176456675,0.02859761207096071,191,50000,0.009048206756063586,0.011046166796862796,25,50000,0.06494023315113603,0.06685139492790051,1110,50000,0.0428164433487024,0.04477768412388689,484,50000,0.89422,0.9747339664666667,0.2782876692708333,0.33114283209717815,0.2796438003471077,False,/data/suehara/part/march/datasets/20250711_ilc_nnqq_sgv_10m_3cat_parquet,val50k_tail,,proxy
66,66,0,,lr_5_75e-6,2.4191999999999995e-05,validation_total_reference_mistag_geomean_percent,0.3344572027777951,min,0.8032499885275466,0.8032499885275466,0.450744127941156,0.24817099892325287,0.3344572027777951,,0.13200000225585942,0.064,2.4139999176744107,0.186000003178711,0.38200002098388786,0.05,2.2279999411859146,0.9700000229415899,0.01527044818788576,0.01726512829428365,66,50000,0.0103552826863133,0.012352682738312273,32,50000,0.06769422817458522,0.06959763010654686,1207,50000,0.018298640498242997,0.020291160647840055,93,50000,0.02661293176456675,0.02859761207096071,191,50000,0.009048206756063586,0.011046166796862796,25,50000,0.06505629031496284,0.06696713209812764,1114,50000,0.042861238860203606,0.044822399636988176,485,50000,0.8941933333333333,0.9747293706666667,0.2783121614583333,0.33114283209717815,0.27962900255119993,False,/data/suehara/part/march/datasets/20250711_ilc_nnqq_sgv_10m_3cat_parquet,val50k_tail,,proxy
66,66,0,,lr_8_5e-6,1.68e-05,validation_total_reference_mistag_geomean_percent,0.3372031356313561,min,0.8037500000055695,0.8037500000055695,0.4543330145510675,0.2502700685134518,0.3372031356313561,,0.12999999920654298,0.06799999900390627,2.3860000167474364,0.186000003178711,0.39000001309204146,0.05,2.2479999931396484,0.9719999756762702,0.015147327248533623,0.01714208735333156,65,50000,0.010701894656100771,0.01269913471129969,34,50000,0.06730426781710735,0.06920878972666925,1193,50000,0.018298640498242997,0.020291160647840055,93,50000,0.026899160482115422,0.028883520794909055,195,50000,0.009048206756063586,0.011046166796862796,25,50000,0.0653454624174963,0.06725550421666053,1124,50000,0.04290598690721674,0.04486706768560139,486,50000,0.89408,0.9746659322666668,0.27864283854166666,0.33114283209717815,0.2803379528146489,False,/data/suehara/part/march/datasets/20250711_ilc_nnqq_sgv_10m_3cat_parquet,val50k_tail,,proxy
67,67,0,,lr_11_25e-6,2.0159999999999997e-05,validation_total_reference_mistag_geomean_percent,0.3346333431922408,min,0.8027500203782089,0.8027500203782089,0.4534769278586479,0.2469353290029363,0.3346333431922408,,0.13200000225585942,0.064,2.3920000708081077,0.18399999640625006,0.38799999194824236,0.05,2.238000087934116,0.9740000136730959,0.01527044818788576,0.01726512829428365,66,50000,0.0103552826863133,0.012352682738312273,32,50000,0.06738803685159972,0.06929231876596151,1196,50000,0.018195055988739096,0.02018765613673616,92,50000,0.02682788339137001,0.028812323702563862,194,50000,0.009048206756063586,0.011046166796862796,25,50000,0.0652010490428543,0.06711149083401848,1119,50000,0.04295068763465349,0.04491168841463788,487,50000,0.89414,0.9747317981666667,0.27822063802083336,0.33114283209717815,0.27957978241787473,False,/data/suehara/part/march/datasets/20250711_ilc_nnqq_sgv_10m_3cat_parquet,val50k_tail,,proxy
67,67,0,,lr_14e-6,1.6128e-05,validation_total_reference_mistag_geomean_percent,0.3348927059054912,min,0.8032500039438247,0.8032500039438247,0.45446541067337975,0.24678033098828125,0.3348927059054912,,0.13200000225585942,0.064,2.3860000167474364,0.18399999640625006,0.39000001309204146,0.05,2.2459999893759157,0.9740000136730959,0.01527044818788576,0.01726512829428365,66,50000,0.0103552826863133,0.012352682738312273,32,50000,0.06730426781710735,0.06920878972666925,1193,50000,0.018195055988739096,0.02018765613673616,92,50000,0.026899160482115422,0.028883520794909055,195,50000,0.009048206756063586,0.011046166796862796,25,50000,0.06531660726253087,0.06722672906009537,1123,50000,0.04295068763465349,0.04491168841463788,487,50000,0.89422,0.9747174753666666,0.27831268229166667,0.33114283209717815,0.2796927226945822,False,/data/suehara/part/march/datasets/20250711_ilc_nnqq_sgv_10m_3cat_parquet,val50k_tail,,proxy
67,67,0,,lr_3e-6,2.9030399999999992e-05,validation_total_reference_mistag_geomean_percent,0.3335284279340327,min,0.8037499826345067,0.8037499826345067,0.4520365022093271,0.24608900320318414,0.3335284279340327,,0.12999999920654298,0.064,2.4219999312603777,0.18199999600097666,0.38799999194824236,0.05,2.2279999411859146,0.966000001473999,0.015147327248533623,0.01714208735333156,65,50000,0.0103552826863133,0.012352682738312273,32,50000,0.06780519847169354,0.06970828041005482,1211,50000,0.018090905588142768,0.020083585734539902,91,50000,0.02682788339137001,0.028812323702563862,194,50000,0.009048206756063586,0.011046166796862796,25,50000,0.06505629031496284,0.06696713209812764,1114,50000,0.042771600227054125,0.04473292100063888,483,50000,0.8940666666666667,0.9747522111666668,0.27808369791666665,0.33114283209717815,0.27945838514706567,False,/data/suehara/part/march/datasets/20250711_ilc_nnqq_sgv_10m_3cat_parquet,val50k_tail,,proxy
67,67,0,,lr_5_75e-6,2.4191999999999995e-05,validation_total_reference_mistag_geomean_percent,0.3339634087667952,min,0.8027500091701513,0.8027500091701513,0.4520507385484193,0.24672353982492462,0.3339634087667952,,0.13200000225585942,0.064,2.4100000882568393,0.18199999600097666,0.38600000777465837,0.05,2.2260000033966065,0.9719999756762702,0.01527044818788576,0.01726512829428365,66,50000,0.0103552826863133,0.012352682738312273,32,50000,0.06763866889655593,0.06954223082531741,1205,50000,0.018090905588142768,0.020083585734539902,91,50000,0.026756420536738636,0.028740940846332497,193,50000,0.009048206756063586,0.011046166796862796,25,50000,0.06502729692734292,0.0669382187089073,1113,50000,0.04290598690721674,0.04486706768560139,486,50000,0.89408,0.9747462167333333,0.27812778645833336,0.33114283209717815,0.27946778170867287,False,/data/suehara/part/march/datasets/20250711_ilc_nnqq_sgv_10m_3cat_parquet,val50k_tail,,proxy
67,67,0,,lr_8_5e-6,1.68e-05,validation_total_reference_mistag_geomean_percent,0.33506627027139413,min,0.8052500172933965,0.8052500172933965,0.455230334054657,0.24662109941931806,0.33506627027139413,,0.128,0.06600000112792971,2.4060000212933352,0.18199999600097666,0.39599999879150394,0.05,2.250000085830692,0.9640000353027357,0.015023255758590748,0.017018095861788735,64,50000,0.010529894247015226,0.01252721430061417,33,50000,0.0675830600388904,0.06948678196445242,1203,50000,0.018090905588142768,0.020083585734539902,91,50000,0.02711189127868993,0.029096011596283465,198,50000,0.009048206756063586,0.011046166796862796,25,50000,0.06537430384835896,0.06728426564912293,1125,50000,0.042726709348848285,0.04468811012083296,482,50000,0.8942066666666667,0.9746729258666665,0.2785421484375,0.33114283209717815,0.28021735311093526,False,/data/suehara/part/march/datasets/20250711_ilc_nnqq_sgv_10m_3cat_parquet,val50k_tail,,proxy
68,68,0,,lr_11_25e-6,2.0159999999999997e-05,validation_total_reference_mistag_geomean_percent,0.334626167913048,min,0.8049999989402009,0.8049999989402009,0.4495997339665937,0.24905413369415239,0.334626167913048,,0.13399999640136728,0.064,2.4120000092010496,0.186000003178711,0.37400001392456106,0.05,2.2479999931396484,0.9719999756762702,0.015392639991259324,0.01738724009925721,67,50000,0.0103552826863133,0.012352682738312273,32,50000,0.06766645472550611,0.06956993665586803,1206,50000,0.018298640498242997,0.020291160647840055,93,50000,0.026323660502558435,0.028308660802552454,187,50000,0.009048206756063586,0.011046166796862796,25,50000,0.0653454624174963,0.06725550421666053,1124,50000,0.04290598690721674,0.04486706768560139,486,50000,0.8940933333333333,0.9747225134333334,0.2783476822916667,0.33114283209717815,0.2797447150588206,False,/data/suehara/part/march/datasets/20250711_ilc_nnqq_sgv_10m_3cat_parquet,val50k_tail,,proxy
68,68,0,,lr_14e-6,1.6128e-05,validation_total_reference_mistag_geomean_percent,0.3346757952878399,min,0.8045000124215702,0.8045000124215702,0.4497331013549767,0.24905413369415239,0.3346757952878399,,0.13399999640136728,0.064,2.4120000092010496,0.186000003178711,0.3780000029992676,0.05,2.250000085830692,0.9620000017614746,0.015392639991259324,0.01738724009925721,67,50000,0.0103552826863133,0.012352682738312273,32,50000,0.06766645472550611,0.06956993665586803,1206,50000,0.018298640498242997,0.020291160647840055,93,50000,0.026468682433917427,0.028453522737111436,189,50000,0.009048206756063586,0.011046166796862796,25,50000,0.06537430384835896,0.06728426564912293,1125,50000,0.04268177056691545,0.044643251337300044,481,50000,0.8940333333333333,0.9747107587333333,0.2784034635416667,0.33114283209717815,0.2798776654034555,False,/data/suehara/part/march/datasets/20250711_ilc_nnqq_sgv_10m_3cat_parquet,val50k_tail,,proxy
68,68,0,,lr_3e-6,2.9030399999999992e-05,validation_total_reference_mistag_geomean_percent,0.331684706585679,min,0.8020000014288712,0.8020000014288712,0.44953308176530593,0.24473114225721193,0.331684706585679,,0.128,0.064,2.4060000212933352,0.18199999600097666,0.3780000029992676,0.05,2.2459999893759157,0.9620000017614746,0.015023255758590748,0.017018095861788735,64,50000,0.0103552826863133,0.012352682738312273,32,50000,0.0675830600388904,0.06948678196445242,1203,50000,0.018090905588142768,0.020083585734539902,91,50000,0.026468682433917427,0.028453522737111436,189,50000,0.009048206756063586,0.011046166796862796,25,50000,0.06531660726253087,0.06722672906009537,1123,50000,0.04268177056691545,0.044643251337300044,481,50000,0.8942066666666667,0.9747432568000001,0.2782407421875,0.33114283209717815,0.27958107630109175,False,/data/suehara/part/march/datasets/20250711_ilc_nnqq_sgv_10m_3cat_parquet,val50k_tail,,proxy
68,68,0,,lr_5_75e-6,2.4191999999999995e-05,validation_total_reference_mistag_geomean_percent,0.33347658123906504,min,0.8025000135560041,0.8025000135560041,0.4501919297818065,0.24702048810335855,0.33347658123906504,,0.12999999920654298,0.064,2.4060000212933352,0.186000003178711,0.37999999536132817,0.05,2.238000087934116,0.966000001473999,0.015147327248533623,0.01714208735333156,65,50000,0.0103552826863133,0.012352682738312273,32,50000,0.0675830600388904,0.06948678196445242,1203,50000,0.018298640498242997,0.020291160647840055,93,50000,0.026540902914279046,0.02852566321907301,190,50000,0.009048206756063586,0.011046166796862796,25,50000,0.0652010490428543,0.06711149083401848,1119,50000,0.042771600227054125,0.04473292100063888,483,50000,0.8941866666666667,0.9747360316,0.2782856640625,0.33114283209717815,0.27961292627424017,False,/data/suehara/part/march/datasets/20250711_ilc_nnqq_sgv_10m_3cat_parquet,val50k_tail,,proxy
68,68,0,,lr_8_5e-6,1.68e-05,validation_total_reference_mistag_geomean_percent,0.33613185593949296,min,0.8067500109163668,0.8067500109163668,0.4516868060479181,0.25013930684825414,0.33613185593949296,,0.13200000225585942,0.06600000112792971,2.4160000280175784,0.186000003178711,0.38200002098388786,0.05,2.2560000302929692,0.966000001473999,0.01527044818788576,0.01726512829428365,66,50000,0.010529894247015226,0.01252721430061417,33,50000,0.06772198925879096,0.06962531119235234,1208,50000,0.018298640498242997,0.020291160647840055,93,50000,0.02661293176456675,0.02859761207096071,191,50000,0.009048206756063586,0.011046166796862796,25,50000,0.06546074597483416,0.06737046778039872,1128,50000,0.042771600227054125,0.04473292100063888,483,50000,0.89424,0.9746727057666668,0.2785934375,0.33114283209717815,0.2803931963594115,False,/data/suehara/part/march/datasets/20250711_ilc_nnqq_sgv_10m_3cat_parquet,val50k_tail,,proxy
69,69,0,,lr_11_25e-6,2.0159999999999997e-05,validation_total_reference_mistag_geomean_percent,0.33270607658478485,min,0.7975000068140413,0.7975000068140413,0.44999063486001334,0.24599030473351094,0.33270607658478485,,0.13399999640136728,0.064,2.3720000050671386,0.18000000439453137,0.37999999536132817,0.05,2.234000051813966,0.966000001473999,0.015392639991259324,0.01738724009925721,67,50000,0.0103552826863133,0.012352682738312273,32,50000,0.0671083657937211,0.06901344769208347,1186,50000,0.017986179985518026,0.019978940130315186,90,50000,0.026540902914279046,0.02852566321907301,190,50000,0.009048206756063586,0.011046166796862796,25,50000,0.06514318712085576,0.06705378890882047,1117,50000,0.042771600227054125,0.04473292100063888,483,50000,0.8942066666666667,0.9747623156,0.2780832682291667,0.33114283209717815,0.2793645481273291,False,/data/suehara/part/march/datasets/20250711_ilc_nnqq_sgv_10m_3cat_parquet,val50k_tail,,proxy
69,69,0,,lr_14e-6,1.6128e-05,validation_total_reference_mistag_geomean_percent,0.3331390978191576,min,0.7992500079971512,0.7992500079971512,0.4507831295996435,0.2461974532949559,0.3331390978191576,,0.13399999640136728,0.064,2.3799999527893076,0.18000000439453137,0.38200002098388786,0.05,2.238000087934116,0.966000001473999,0.015392639991259324,0.01738724009925721,67,50000,0.0103552826863133,0.012352682738312273,32,50000,0.06722038558307011,0.0691251474878321,1190,50000,0.017986179985518026,0.019978940130315186,90,50000,0.02661293176456675,0.02859761207096071,191,50000,0.009048206756063586,0.011046166796862796,25,50000,0.0652010490428543,0.06711149083401848,1119,50000,0.042771600227054125,0.04473292100063888,483,50000,0.8942333333333333,0.9747444317666667,0.2781923828125,0.33114283209717815,0.27951772225317106,False,/data/suehara/part/march/datasets/20250711_ilc_nnqq_sgv_10m_3cat_parquet,val50k_tail,,proxy
69,69,0,,lr_3e-6,2.9030399999999992e-05,validation_total_reference_mistag_geomean_percent,0.3307340266836749,min,0.7997500115918734,0.7997500115918734,0.44916458776827234,0.24352987609706758,0.3307340266836749,,0.12999999920654298,0.064,2.402000005131226,0.17599999828125001,0.3780000029992676,0.05,2.234000051813966,0.9640000353027357,0.015147327248533623,0.01714208735333156,65,50000,0.0103552826863133,0.012352682738312273,32,50000,0.06752740148097888,0.06943128340334073,1201,50000,0.017774964627493357,0.019767884769090572,88,50000,0.026468682433917427,0.028453522737111436,189,50000,0.009048206756063586,0.011046166796862796,25,50000,0.06514318712085576,0.06705378890882047,1117,50000,0.042726709348848285,0.04468811012083296,482,50000,0.8942666666666667,0.9747895504333334,0.27792802083333334,0.3307340266836749,0.2791607308597592,False,/data/suehara/part/march/datasets/20250711_ilc_nnqq_sgv_10m_3cat_parquet,val50k_tail,,proxy
69,69,0,,lr_5_75e-6,2.4191999999999995e-05,validation_total_reference_mistag_geomean_percent,0.332871324121784,min,0.7987500055987551,0.7987500055987551,0.44958723387055555,0.2464556599364921,0.332871324121784,,0.13399999640136728,0.064,2.3900000437622078,0.18000000439453137,0.37999999536132817,0.05,2.2260000033966065,0.966000001473999,0.015392639991259324,0.01738724009925721,67,50000,0.0103552826863133,0.012352682738312273,32,50000,0.06736012639214847,0.06926448830491053,1195,50000,0.017986179985518026,0.019978940130315186,90,50000,0.026540902914279046,0.02852566321907301,190,50000,0.009048206756063586,0.011046166796862796,25,50000,0.06502729692734292,0.0669382187089073,1113,50000,0.042771600227054125,0.04473292100063888,483,50000,0.8942266666666666,0.9747789088,0.2779987760416667,0.3307340266836749,0.27921578631896726,False,/data/suehara/part/march/datasets/20250711_ilc_nnqq_sgv_10m_3cat_parquet,val50k_tail,,proxy
69,69,0,,lr_8_5e-6,1.68e-05,validation_total_reference_mistag_geomean_percent,0.3341735034076612,min,0.7992500134605602,0.7992500134605602,0.4519585805734945,0.24708443467994035,0.3341735034076612,,0.13200000225585942,0.064,2.3720000050671386,0.186000003178711,0.38600000777465837,0.05,2.238000087934116,0.966000001473999,0.01527044818788576,0.01726512829428365,66,50000,0.0103552826863133,0.012352682738312273,32,50000,0.0671083657937211,0.06901344769208347,1186,50000,0.018298640498242997,0.020291160647840055,93,50000,0.026756420536738636,0.028740940846332497,193,50000,0.009048206756063586,0.011046166796862796,25,50000,0.0652010490428543,0.06711149083401848,1119,50000,0.042771600227054125,0.04473292100063888,483,50000,0.8941333333333333,0.9747040167333333,0.2783856901041667,0.3307340266836749,0.28002700813603787,False,/data/suehara/part/march/datasets/20250711_ilc_nnqq_sgv_10m_3cat_parquet,val50k_tail,,proxy
70,70,0,,lr_11_25e-6,2.0159999999999997e-05,validation_total_reference_mistag_geomean_percent,0.332402820352093,min,0.796000006520157,0.796000006520157,0.44876192730136844,0.24621436948198278,0.332402820352093,,0.13599999800781254,0.064,2.3720000050671386,0.1780000073876956,0.3780000029992676,0.05,2.2260000033966065,0.9640000353027357,0.015513923280260607,0.017508443389858443,68,50000,0.0103552826863133,0.012352682738312273,32,50000,0.0671083657937211,0.06901344769208347,1186,50000,0.01788086961137308,0.019873709754570246,89,50000,0.026468682433917427,0.028453522737111436,189,50000,0.009048206756063586,0.011046166796862796,25,50000,0.06502729692734292,0.0669382187089073,1113,50000,0.042726709348848285,0.04468811012083296,482,50000,0.8942533333333333,0.9747626632999999,0.27807630208333334,0.3307340266836749,0.2793292282282115,False,/data/suehara/part/march/datasets/20250711_ilc_nnqq_sgv_10m_3cat_parquet,val50k_tail,,proxy
70,70,0,,lr_14e-6,1.6128e-05,validation_total_reference_mistag_geomean_percent,0.3330238751720264,min,0.7980000034770973,0.7980000034770973,0.4484296366270954,0.2473184026568244,0.3330238751720264,,0.13599999800781254,0.064,2.3880000954675333,0.18000000439453137,0.3759999834765632,0.05,2.221999955923463,0.9679999905468751,0.015513923280260607,0.017508443389858443,68,50000,0.0103552826863133,0.012352682738312273,32,50000,0.06733220338577643,0.06923664529693875,1194,50000,0.017986179985518026,0.019978940130315186,90,50000,0.026396268808411394,0.028381189110005457,188,50000,0.009048206756063586,0.011046166796862796,25,50000,0.06496926836380354,0.06688035014216845,1111,50000,0.0428164433487024,0.04477768412388689,484,50000,0.8942466666666666,0.9747431993000001,0.27820662760416665,0.3307340266836749,0.2794954193052397,False,/data/suehara/part/march/datasets/20250711_ilc_nnqq_sgv_10m_3cat_parquet,val50k_tail,,proxy
70,70,0,,lr_3e-6,2.9030399999999992e-05,validation_total_reference_mistag_geomean_percent,0.3311414337161175,min,0.7955000057589726,0.7955000057589726,0.44846883283546474,0.24450896270822056,0.3311414337161175,,0.13399999640136728,0.064,2.3680000578125013,0.17599999828125001,0.3759999834765632,0.05,2.231999974797364,0.9640000353027357,0.015392639991259324,0.01738724009925721,67,50000,0.0103552826863133,0.012352682738312273,32,50000,0.06705227984264775,0.06895752173780995,1184,50000,0.017774964627493357,0.019767884769090572,88,50000,0.026396268808411394,0.028381189110005457,188,50000,0.009048206756063586,0.011046166796862796,25,50000,0.06511423539346806,0.06702491717983233,1116,50000,0.042726709348848285,0.04468811012083296,482,50000,0.8942266666666666,0.9747914299999999,0.27791016927083334,0.3307340266836749,0.2790888583129866,False,/data/suehara/part/march/datasets/20250711_ilc_nnqq_sgv_10m_3cat_parquet,val50k_tail,,proxy
70,70,0,,lr_5_75e-6,2.4191999999999995e-05,validation_total_reference_mistag_geomean_percent,0.33268292074328876,min,0.7985000194635019,0.7985000194635019,0.449234726646033,0.24636992465075427,0.33268292074328876,,0.13599999800781254,0.064,2.3780000883549532,0.1780000073876956,0.3759999834765632,0.05,2.238000087934116,0.9679999905468751,0.015513923280260607,0.017508443389858443,68,50000,0.0103552826863133,0.012352682738312273,32,50000,0.06719239961080446,0.06909724151396672,1189,50000,0.01788086961137308,0.019873709754570246,89,50000,0.026396268808411394,0.028381189110005457,188,50000,0.009048206756063586,0.011046166796862796,25,50000,0.0652010490428543,0.06711149083401848,1119,50000,0.0428164433487024,0.04477768412388689,484,50000,0.8943733333333334,0.9747794130333333,0.2779796875,0.3307340266836749,0.2791643777949032,False,/data/suehara/part/march/datasets/20250711_ilc_nnqq_sgv_10m_3cat_parquet,val50k_tail,,proxy
70,70,0,,lr_8_5e-6,1.68e-05,validation_total_reference_mistag_geomean_percent,0.33344951072948326,min,0.7990000158160406,0.7990000158160406,0.4483364208722406,0.24800255127480803,0.33344951072948326,,0.13599999800781254,0.064,2.3880000954675333,0.18199999600097666,0.3759999834765632,0.05,2.234000051813966,0.9620000017614746,0.015513923280260607,0.017508443389858443,68,50000,0.0103552826863133,0.012352682738312273,32,50000,0.06733220338577643,0.06923664529693875,1194,50000,0.018090905588142768,0.020083585734539902,91,50000,0.026396268808411394,0.028381189110005457,188,50000,0.009048206756063586,0.011046166796862796,25,50000,0.06514318712085576,0.06705378890882047,1117,50000,0.04268177056691545,0.044643251337300044,481,50000,0.8941,0.9747065488333334,0.27836953125,0.3307340266836749,0.2799898214092377,False,/data/suehara/part/march/datasets/20250711_ilc_nnqq_sgv_10m_3cat_parquet,val50k_tail,,proxy
71,71,0,,lr_11_25e-6,2.0159999999999997e-05,validation_total_reference_mistag_geomean_percent,0.3331891986970275,min,0.8010000100552371,0.8010000100552371,0.4517063081478347,0.24576819080426526,0.3331891986970275,,0.13399999640136728,0.064,2.3900000437622078,0.1780000073876956,0.3840000150000006,0.05,2.24000002734375,0.9679999905468751,0.015392639991259324,0.01738724009925721,67,50000,0.0103552826863133,0.012352682738312273,32,50000,0.06736012639214847,0.06926448830491053,1195,50000,0.01788086961137308,0.019873709754570246,89,50000,0.026684770480086325,0.028669370788080323,192,50000,0.009048206756063586,0.011046166796862796,25,50000,0.06522995927372398,0.06714032106648858,1120,50000,0.0428164433487024,0.04477768412388689,484,50000,0.89422,0.9747606742,0.27809109375,0.3307340266836749,0.2793235472203549,False,/data/suehara/part/march/datasets/20250711_ilc_nnqq_sgv_10m_3cat_parquet,val50k_tail,,proxy
71,71,0,,lr_14e-6,1.6128e-05,validation_total_reference_mistag_geomean_percent,0.3330174247549973,min,0.801750000396233,0.801750000396233,0.45105207661070357,0.2458709557969001,0.3330174247549973,,0.13399999640136728,0.064,2.3939999499545297,0.1780000073876956,0.38200002098388786,0.05,2.2479999931396484,0.9640000353027357,0.015392639991259324,0.01738724009925721,67,50000,0.0103552826863133,0.012352682738312273,32,50000,0.0674159347794738,0.06932013669543602,1197,50000,0.01788086961137308,0.019873709754570246,89,50000,0.02661293176456675,0.02859761207096071,191,50000,0.009048206756063586,0.011046166796862796,25,50000,0.0653454624174963,0.06725550421666053,1124,50000,0.042726709348848285,0.04468811012083296,482,50000,0.8941533333333334,0.9747427884333333,0.27819147135416666,0.3307340266836749,0.2795122669374075,False,/data/suehara/part/march/datasets/20250711_ilc_nnqq_sgv_10m_3cat_parquet,val50k_tail,,proxy
71,71,0,,lr_3e-6,2.9030399999999992e-05,validation_total_reference_mistag_geomean_percent,0.3314098728732388,min,0.8012500102657323,0.8012500102657323,0.4508146084825216,0.24363119954688553,0.3314098728732388,,0.12999999920654298,0.064,2.4060000212933352,0.17599999828125001,0.38200002098388786,0.05,2.234000051813966,0.9679999905468751,0.015147327248533623,0.01714208735333156,65,50000,0.0103552826863133,0.012352682738312273,32,50000,0.0675830600388904,0.06948678196445242,1203,50000,0.017774964627493357,0.019767884769090572,88,50000,0.02661293176456675,0.02859761207096071,191,50000,0.009048206756063586,0.011046166796862796,25,50000,0.06514318712085576,0.06705378890882047,1117,50000,0.0428164433487024,0.04477768412388689,484,50000,0.8942866666666667,0.9747874639666666,0.27794536458333335,0.3307340266836749,0.27904394859078385,False,/data/suehara/part/march/datasets/20250711_ilc_nnqq_sgv_10m_3cat_parquet,val50k_tail,,proxy
71,71,0,,lr_5_75e-6,2.4191999999999995e-05,validation_total_reference_mistag_geomean_percent,0.33195548298606037,min,0.8017500048098191,0.8017500048098191,0.4508584790315257,0.24441027020543937,0.33195548298606037,,0.13200000225585942,0.064,2.3999999267578147,0.17599999828125001,0.37999999536132817,0.05,2.2420000928807107,0.9700000229415899,0.01527044818788576,0.01726512829428365,66,50000,0.0103552826863133,0.012352682738312273,32,50000,0.0674995535266034,0.06940351544736552,1200,50000,0.017774964627493357,0.019767884769090572,88,50000,0.026540902914279046,0.02852566321907301,190,50000,0.009048206756063586,0.011046166796862796,25,50000,0.06525885570861437,0.0671691375029787,1121,50000,0.042861238860203606,0.044822399636988176,485,50000,0.89422,0.9747777481333332,0.27800321614583334,0.3307340266836749,0.27914176136609886,False,/data/suehara/part/march/datasets/20250711_ilc_nnqq_sgv_10m_3cat_parquet,val50k_tail,,proxy
71,71,0,,lr_8_5e-6,1.68e-05,validation_total_reference_mistag_geomean_percent,0.33491025650969336,min,0.8054999813196956,0.8054999813196956,0.45314516376445046,0.2475252719980326,0.33491025650969336,,0.13599999800781254,0.064,2.3959998910510305,0.18000000439453137,0.3840000150000006,0.05,2.2639999191626003,0.9700000229415899,0.015513923280260607,0.017508443389858443,68,50000,0.0103552826863133,0.012352682738312273,32,50000,0.06744382019108416,0.06934794210864612,1198,50000,0.017986179985518026,0.019978940130315186,90,50000,0.026684770480086325,0.028669370788080323,192,50000,0.009048206756063586,0.011046166796862796,25,50000,0.06557581108564796,0.06748521289761215,1132,50000,0.042861238860203606,0.044822399636988176,485,50000,0.89416,0.9747041129,0.27838520833333336,0.3307340266836749,0.2800014700877105,False,/data/suehara/part/march/datasets/20250711_ilc_nnqq_sgv_10m_3cat_parquet,val50k_tail,,proxy
72,72,0,,lr_11_25e-6,2.0159999999999997e-05,validation_total_reference_mistag_geomean_percent,0.33147073033751356,min,0.7970000076066591,0.7970000076066591,0.4495916282512025,0.24438365433507328,0.33147073033751356,,0.13200000225585942,0.064,2.3720000050671386,0.1780000073876956,0.37999999536132817,0.05,2.24000002734375,0.9600000234375006,0.01527044818788576,0.01726512829428365,66,50000,0.0103552826863133,0.012352682738312273,32,50000,0.0671083657937211,0.06901344769208347,1186,50000,0.01788086961137308,0.019873709754570246,89,50000,0.026540902914279046,0.02852566321907301,190,50000,0.009048206756063586,0.011046166796862796,25,50000,0.06522995927372398,0.06714032106648858,1120,50000,0.042636783733323094,0.04459834450210795,480,50000,0.89422,0.9747794959,0.2779694010416667,0.3307340266836749,0.2786779995054205,False,/data/suehara/part/march/datasets/20250711_ilc_nnqq_sgv_10m_3cat_parquet,val50k_tail,,proxy
72,72,0,,lr_14e-6,1.6128e-05,validation_total_reference_mistag_geomean_percent,0.33265727781856685,min,0.7985000059663394,0.7985000059663394,0.45111699843093034,0.24530413367387716,0.33265727781856685,,0.13399999640136728,0.064,2.3720000050671386,0.1780000073876956,0.38200002098388786,0.05,2.24000002734375,0.9679999905468751,0.015392639991259324,0.01738724009925721,67,50000,0.0103552826863133,0.012352682738312273,32,50000,0.0671083657937211,0.06901344769208347,1186,50000,0.01788086961137308,0.019873709754570246,89,50000,0.02661293176456675,0.02859761207096071,191,50000,0.009048206756063586,0.011046166796862796,25,50000,0.06522995927372398,0.06714032106648858,1120,50000,0.0428164433487024,0.04477768412388689,484,50000,0.8942466666666666,0.9747586684000001,0.2780764192708333,0.3307340266836749,0.2788881897628591,False,/data/suehara/part/march/datasets/20250711_ilc_nnqq_sgv_10m_3cat_parquet,val50k_tail,,proxy
72,72,0,,lr_3e-6,2.9030399999999992e-05,validation_total_reference_mistag_geomean_percent,0.3315538335178945,min,0.7985000115168956,0.7985000115168956,0.44953308176530593,0.24453805288084082,0.3315538335178945,,0.13200000225585942,0.064,2.3780000883549532,0.1780000073876956,0.3780000029992676,0.05,2.2459999893759157,0.9620000017614746,0.01527044818788576,0.01726512829428365,66,50000,0.0103552826863133,0.012352682738312273,32,50000,0.06719239961080446,0.06909724151396672,1189,50000,0.01788086961137308,0.019873709754570246,89,50000,0.026468682433917427,0.028453522737111436,189,50000,0.009048206756063586,0.011046166796862796,25,50000,0.06531660726253087,0.06722672906009537,1123,50000,0.04268177056691545,0.044643251337300044,481,50000,0.8942866666666667,0.9748126939333334,0.2777778645833333,0.3307340266836749,0.2783510556938986,False,/data/suehara/part/march/datasets/20250711_ilc_nnqq_sgv_10m_3cat_parquet,val50k_tail,,proxy
72,72,0,,lr_5_75e-6,2.4191999999999995e-05,validation_total_reference_mistag_geomean_percent,0.33178689917905657,min,0.7985000056024179,0.7985000056024179,0.4502600119629478,0.24448661560447926,0.33178689917905657,,0.13200000225585942,0.064,2.3759999209643583,0.1780000073876956,0.37999999536132817,0.05,2.2440000835473666,0.9640000353027357,0.01527044818788576,0.01726512829428365,66,50000,0.0103552826863133,0.012352682738312273,32,50000,0.06716440099887658,0.0690693229004391,1188,50000,0.01788086961137308,0.019873709754570246,89,50000,0.026540902914279046,0.02852566321907301,190,50000,0.009048206756063586,0.011046166796862796,25,50000,0.0652877383655534,0.06719794016151748,1122,50000,0.042726709348848285,0.04468811012083296,482,50000,0.8942666666666667,0.974800308,0.27784321614583335,0.3307340266836749,0.2784740000424444,False,/data/suehara/part/march/datasets/20250711_ilc_nnqq_sgv_10m_3cat_parquet,val50k_tail,,proxy
72,72,0,,lr_8_5e-6,1.68e-05,validation_total_reference_mistag_geomean_percent,0.33315617386161944,min,0.8005000304251112,0.8005000304251112,0.449980934192327,0.2466616421900976,0.33315617386161944,,0.13399999640136728,0.064,2.398000105380864,0.18000000439453137,0.38200002098388786,0.05,2.236000092802738,0.9600000234375006,0.015392639991259324,0.01738724009925721,67,50000,0.0103552826863133,0.012352682738312273,32,50000,0.06747169310171094,0.06937573502087263,1199,50000,0.017986179985518026,0.019978940130315186,90,50000,0.02661293176456675,0.02859761207096071,191,50000,0.009048206756063586,0.011046166796862796,25,50000,0.06517212499793437,0.06708264678749881,1118,50000,0.042636783733323094,0.04459834450210795,480,50000,0.8942066666666667,0.9747243815333334,0.2782497265625,0.3307340266836749,0.27937695427268716,False,/data/suehara/part/march/datasets/20250711_ilc_nnqq_sgv_10m_3cat_parquet,val50k_tail,,proxy
73,73,0,,lr_11_25e-6,2.0159999999999997e-05,validation_total_reference_mistag_geomean_percent,0.3338467367483814,min,0.7972500155726057,0.7972500155726057,0.4476643023080415,0.2489670118053123,0.3338467367483814,,0.13599999800781254,0.06600000112792971,2.3780000883549532,0.18000000439453137,0.372000006357422,0.05,2.2260000033966065,0.9700000229415899,0.015513923280260607,0.017508443389858443,68,50000,0.010529894247015226,0.01252721430061417,33,50000,0.06719239961080446,0.06909724151396672,1189,50000,0.017986179985518026,0.019978940130315186,90,50000,0.026250855960646823,0.028235936259040934,186,50000,0.009048206756063586,0.011046166796862796,25,50000,0.06502729692734292,0.0669382187089073,1113,50000,0.042861238860203606,0.044822399636988176,485,50000,0.89414,0.9747898893666666,0.27792861979166666,0.3307340266836749,0.27899406924099085,False,/data/suehara/part/march/datasets/20250711_ilc_nnqq_sgv_10m_3cat_parquet,val50k_tail,,proxy
73,73,0,,lr_14e-6,1.6128e-05,validation_total_reference_mistag_geomean_percent,0.3335242238794718,min,0.7967499976532746,0.7967499976532746,0.4475031184011445,0.24857571565498957,0.3335242238794718,,0.13399999640136728,0.06600000112792971,2.3720000050671386,0.18199999600097666,0.372000006357422,0.05,2.231999974797364,0.966000001473999,0.015392639991259324,0.01738724009925721,67,50000,0.010529894247015226,0.01252721430061417,33,50000,0.0671083657937211,0.06901344769208347,1186,50000,0.018090905588142768,0.020083585734539902,91,50000,0.026250855960646823,0.028235936259040934,186,50000,0.009048206756063586,0.011046166796862796,25,50000,0.06511423539346806,0.06702491717983233,1116,50000,0.042771600227054125,0.04473292100063888,483,50000,0.8941533333333334,0.9747688259,0.27804692708333334,0.3307340266836749,0.27921954381046044,False,/data/suehara/part/march/datasets/20250711_ilc_nnqq_sgv_10m_3cat_parquet,val50k_tail,,proxy
73,73,0,,lr_3e-6,2.9030399999999992e-05,validation_total_reference_mistag_geomean_percent,0.3328909938263174,min,0.7965000123709682,0.7965000123709682,0.44720207484817043,0.24779941776499265,0.3328909938263174,,0.13200000225585942,0.06600000112792971,2.3780000883549532,0.18199999600097666,0.372000006357422,0.05,2.2260000033966065,0.966000001473999,0.01527044818788576,0.01726512829428365,66,50000,0.010529894247015226,0.01252721430061417,33,50000,0.06719239961080446,0.06909724151396672,1189,50000,0.018090905588142768,0.020083585734539902,91,50000,0.026250855960646823,0.028235936259040934,186,50000,0.009048206756063586,0.011046166796862796,25,50000,0.06502729692734292,0.0669382187089073,1113,50000,0.042771600227054125,0.04473292100063888,483,50000,0.8941933333333333,0.9748244726999999,0.277731171875,0.3307340266836749,0.27863492919172006,False,/data/suehara/part/march/datasets/20250711_ilc_nnqq_sgv_10m_3cat_parquet,val50k_tail,,proxy
73,73,0,,lr_5_75e-6,2.4191999999999995e-05,validation_total_reference_mistag_geomean_percent,0.3334274807870733,min,0.7977499931136325,0.7977499931136325,0.4481033944660071,0.24809873416936973,0.3334274807870733,,0.13399999640136728,0.06600000112792971,2.3799999527893076,0.18000000439453137,0.37400001392456106,0.05,2.231999974797364,0.966000001473999,0.015392639991259324,0.01738724009925721,67,50000,0.010529894247015226,0.01252721430061417,33,50000,0.06722038558307011,0.0691251474878321,1190,50000,0.017986179985518026,0.019978940130315186,90,50000,0.026323660502558435,0.028308660802552454,187,50000,0.009048206756063586,0.011046166796862796,25,50000,0.06511423539346806,0.06702491717983233,1116,50000,0.042771600227054125,0.04473292100063888,483,50000,0.8942266666666666,0.9748101885999999,0.27781947916666666,0.3307340266836749,0.2787768470353027,False,/data/suehara/part/march/datasets/20250711_ilc_nnqq_sgv_10m_3cat_parquet,val50k_tail,,proxy
73,73,0,,lr_8_5e-6,1.68e-05,validation_total_reference_mistag_geomean_percent,0.3347896407398583,min,0.799749997494126,0.799749997494126,0.44873205011479483,0.24977958119561547,0.3347896407398583,,0.13399999640136728,0.06600000112792971,2.3920000708081077,0.18399999640625006,0.3759999834765632,0.05,2.2279999411859146,0.9679999905468751,0.015392639991259324,0.01738724009925721,67,50000,0.010529894247015226,0.01252721430061417,33,50000,0.06738803685159972,0.06929231876596151,1196,50000,0.018195055988739096,0.02018765613673616,92,50000,0.026396268808411394,0.028381189110005457,188,50000,0.009048206756063586,0.011046166796862796,25,50000,0.06505629031496284,0.06696713209812764,1114,50000,0.0428164433487024,0.04477768412388689,484,50000,0.8941266666666666,0.9747324880666666,0.278230234375,0.3307340266836749,0.27969907741924516,False,/data/suehara/part/march/datasets/20250711_ilc_nnqq_sgv_10m_3cat_parquet,val50k_tail,,proxy
74,74,0,,lr_11_25e-6,2.0159999999999997e-05,validation_total_reference_mistag_geomean_percent,0.33284912092792585,min,0.803500008196068,0.803500008196068,0.44956697390721656,0.24643388801366442,0.33284912092792585,,0.13399999640136728,0.064,2.4160000280175784,0.1780000073876956,0.3759999834765632,0.05,2.24000002734375,0.9700000229415899,0.015392639991259324,0.01738724009925721,67,50000,0.0103552826863133,0.012352682738312273,32,50000,0.06772198925879096,0.06962531119235234,1208,50000,0.01788086961137308,0.019873709754570246,89,50000,0.026396268808411394,0.028381189110005457,188,50000,0.009048206756063586,0.011046166796862796,25,50000,0.06522995927372398,0.06714032106648858,1120,50000,0.042861238860203606,0.044822399636988176,485,50000,0.8941733333333334,0.9747765821,0.2780390494791667,0.3307340266836749,0.2790577951269304,False,/data/suehara/part/march/datasets/20250711_ilc_nnqq_sgv_10m_3cat_parquet,val50k_tail,,proxy
74,74,0,,lr_14e-6,1.6128e-05,validation_total_reference_mistag_geomean_percent,0.3340540907027652,min,0.8022499956300744,0.8022499956300744,0.45045574457174203,0.2477316292665872,0.3340540907027652,,0.13599999800781254,0.064,2.4039998925213673,0.18000000439453137,0.37999999536132817,0.05,2.234000051813966,0.9700000229415899,0.015513923280260607,0.017508443389858443,68,50000,0.0103552826863133,0.012352682738312273,32,50000,0.06755523698002315,0.06945903890398474,1202,50000,0.017986179985518026,0.019978940130315186,90,50000,0.026540902914279046,0.02852566321907301,190,50000,0.009048206756063586,0.011046166796862796,25,50000,0.06514318712085576,0.06705378890882047,1117,50000,0.042861238860203606,0.044822399636988176,485,50000,0.8941733333333334,0.9747575468999999,0.2781502604166667,0.3307340266836749,0.27929780917945757,False,/data/suehara/part/march/datasets/20250711_ilc_nnqq_sgv_10m_3cat_parquet,val50k_tail,,proxy
74,74,0,,lr_3e-6,2.9030399999999992e-05,validation_total_reference_mistag_geomean_percent,0.33037803872305216,min,0.8035000006539537,0.8035000006539537,0.4469934640046339,0.24418622924061145,0.33037803872305216,,0.12999999920654298,0.064,2.4280000240814212,0.17599999828125001,0.3679999928125001,0.05,2.2459999893759157,0.966000001473999,0.015147327248533623,0.01714208735333156,65,50000,0.0103552826863133,0.012352682738312273,32,50000,0.06788829693773375,0.06979113888089493,1214,50000,0.017774964627493357,0.019767884769090572,88,50000,0.02610465184093207,0.028089892136126237,184,50000,0.009048206756063586,0.011046166796862796,25,50000,0.06531660726253087,0.06722672906009537,1123,50000,0.042771600227054125,0.04473292100063888,483,50000,0.8941533333333334,0.9748115290666667,0.27785584635416666,0.33037803872305216,0.2786640546769329,False,/data/suehara/part/march/datasets/20250711_ilc_nnqq_sgv_10m_3cat_parquet,val50k_tail,,proxy
74,74,0,,lr_5_75e-6,2.4191999999999995e-05,validation_total_reference_mistag_geomean_percent,0.3322729399666933,min,0.8040000236780558,0.8040000236780558,0.44955861812187514,0.24558600855067797,0.3322729399666933,,0.13399999640136728,0.064,2.4100000882568393,0.17599999828125001,0.372000006357422,0.05,2.250000085830692,0.9760000142968752,0.015392639991259324,0.01738724009925721,67,50000,0.0103552826863133,0.012352682738312273,32,50000,0.06763866889655593,0.06954223082531741,1205,50000,0.017774964627493357,0.019767884769090572,88,50000,0.026250855960646823,0.028235936259040934,186,50000,0.009048206756063586,0.011046166796862796,25,50000,0.06537430384835896,0.06728426564912293,1125,50000,0.042995341186683085,0.044956261968267554,488,50000,0.8942133333333333,0.9747975143333333,0.27792576822916665,0.33037803872305216,0.27882291298611295,False,/data/suehara/part/march/datasets/20250711_ilc_nnqq_sgv_10m_3cat_parquet,val50k_tail,,proxy
74,74,0,,lr_8_5e-6,1.68e-05,validation_total_reference_mistag_geomean_percent,0.33552433056470893,min,0.8039999940275963,0.8039999940275963,0.4519394507407226,0.24909659074104862,0.33552433056470893,,0.13599999800781254,0.064,2.4039998925213673,0.18399999640625006,0.3840000150000006,0.05,2.24000002734375,0.9700000229415899,0.015513923280260607,0.017508443389858443,68,50000,0.0103552826863133,0.012352682738312273,32,50000,0.06755523698002315,0.06945903890398474,1202,50000,0.018195055988739096,0.02018765613673616,92,50000,0.026684770480086325,0.028669370788080323,192,50000,0.009048206756063586,0.011046166796862796,25,50000,0.06522995927372398,0.06714032106648858,1120,50000,0.042861238860203606,0.044822399636988176,485,50000,0.89422,0.9747210810333332,0.2783189973958333,0.33037803872305216,0.27976954129341103,False,/data/suehara/part/march/datasets/20250711_ilc_nnqq_sgv_10m_3cat_parquet,val50k_tail,,proxy
75,75,0,,lr_11_25e-6,2.0159999999999997e-05,validation_total_reference_mistag_geomean_percent,0.33249618360480304,min,0.7995000214074331,0.7995000214074331,0.44816622965456,0.24668014856222456,0.33249618360480304,,0.13599999800781254,0.064,2.3900000437622078,0.1780000073876956,0.372000006357422,0.05,2.236000092802738,0.9700000229415899,0.015513923280260607,0.017508443389858443,68,50000,0.0103552826863133,0.012352682738312273,32,50000,0.06736012639214847,0.06926448830491053,1195,50000,0.01788086961137308,0.019873709754570246,89,50000,0.026250855960646823,0.028235936259040934,186,50000,0.009048206756063586,0.011046166796862796,25,50000,0.06517212499793437,0.06708264678749881,1118,50000,0.042861238860203606,0.044822399636988176,485,50000,0.8942533333333333,0.9748009188333334,0.27792208333333335,0.33037803872305216,0.27873458689899244,False,/data/suehara/part/march/datasets/20250711_ilc_nnqq_sgv_10m_3cat_parquet,val50k_tail,,proxy
75,75,0,,lr_14e-6,1.6128e-05,validation_total_reference_mistag_geomean_percent,0.3341175728679244,min,0.801749999063111,0.801749999063111,0.4508146084825216,0.2476285160210839,0.3341175728679244,,0.13599999800781254,0.064,2.3999999267578147,0.18000000439453137,0.38200002098388786,0.05,2.234000051813966,0.9679999905468751,0.015513923280260607,0.017508443389858443,68,50000,0.0103552826863133,0.012352682738312273,32,50000,0.0674995535266034,0.06940351544736552,1200,50000,0.017986179985518026,0.019978940130315186,90,50000,0.02661293176456675,0.02859761207096071,191,50000,0.009048206756063586,0.011046166796862796,25,50000,0.06514318712085576,0.06705378890882047,1117,50000,0.0428164433487024,0.04477768412388689,484,50000,0.8942066666666667,0.9747754422666667,0.2780669791666667,0.33037803872305216,0.2789949992659203,False,/data/suehara/part/march/datasets/20250711_ilc_nnqq_sgv_10m_3cat_parquet,val50k_tail,,proxy
75,75,0,,lr_3e-6,2.9030399999999992e-05,validation_total_reference_mistag_geomean_percent,0.3304280549559612,min,0.7985000131325536,0.7985000131325536,0.4488017420878658,0.24327601536048427,0.3304280549559612,,0.12999999920654298,0.064,2.3920000708081077,0.17599999828125001,0.3759999834765632,0.05,2.234000051813966,0.966000001473999,0.015147327248533623,0.01714208735333156,65,50000,0.0103552826863133,0.012352682738312273,32,50000,0.06738803685159972,0.06929231876596151,1196,50000,0.017774964627493357,0.019767884769090572,88,50000,0.026396268808411394,0.028381189110005457,188,50000,0.009048206756063586,0.011046166796862796,25,50000,0.06514318712085576,0.06705378890882047,1117,50000,0.042771600227054125,0.04473292100063888,483,50000,0.89436,0.9748468726,0.27768186197916667,0.33037803872305216,0.27830185651155337,False,/data/suehara/part/march/datasets/20250711_ilc_nnqq_sgv_10m_3cat_parquet,val50k_tail,,proxy
75,75,0,,lr_5_75e-6,2.4191999999999995e-05,validation_total_reference_mistag_geomean_percent,0.33166134693401766,min,0.7992500077083974,0.7992500077083974,0.4491650334738996,0.24489717776857786,0.33166134693401766,,0.13200000225585942,0.064,2.3920000708081077,0.1780000073876956,0.3759999834765632,0.05,2.231999974797364,0.9700000229415899,0.01527044818788576,0.01726512829428365,66,50000,0.0103552826863133,0.012352682738312273,32,50000,0.06738803685159972,0.06929231876596151,1196,50000,0.01788086961137308,0.019873709754570246,89,50000,0.026396268808411394,0.028381189110005457,188,50000,0.009048206756063586,0.011046166796862796,25,50000,0.06511423539346806,0.06702491717983233,1116,50000,0.042861238860203606,0.044822399636988176,485,50000,0.8943133333333333,0.9748264886666665,0.27778799479166666,0.33037803872305216,0.2784840461543693,False,/data/suehara/part/march/datasets/20250711_ilc_nnqq_sgv_10m_3cat_parquet,val50k_tail,,proxy
75,75,0,,lr_8_5e-6,2.3224319999999995e-05,validation_total_reference_mistag_geomean_percent,0.33056085559140674,min,0.7977499969179919,0.7977499969179919,0.4478019470963178,0.2440151945695311,0.33056085559140674,,0.12999999920654298,0.064,2.3939999499545297,0.1780000073876956,0.37400001392456106,0.05,2.2260000033966065,0.966000001473999,0.015147327248533623,0.01714208735333156,65,50000,0.0103552826863133,0.012352682738312273,32,50000,0.0674159347794738,0.06932013669543602,1197,50000,0.01788086961137308,0.019873709754570246,89,50000,0.026323660502558435,0.028308660802552454,187,50000,0.009048206756063586,0.011046166796862796,25,50000,0.06502729692734292,0.0669382187089073,1113,50000,0.042771600227054125,0.04473292100063888,483,50000,0.8943666666666666,0.9748424694,0.2777117578125,0.33037803872305216,0.27825897807285516,False,/data/suehara/part/march/datasets/20250711_ilc_nnqq_sgv_10m_3cat_parquet,val50k_tail,,proxy
76,76,0,,lr_11_25e-6,2.0159999999999997e-05,validation_total_reference_mistag_geomean_percent,0.3287804982343391,min,0.8019999970692065,0.8019999970692065,0.44936828518370947,0.24055239228782796,0.3287804982343391,,0.12599999615478527,0.062000001059570334,2.407999941945802,0.1780000073876956,0.37400001392456106,0.05,2.2479999931396484,0.9700000229415899,0.014898211467070606,0.016893131568668597,63,50000,0.010177937621807402,0.012175417672206403,31,50000,0.06761087067270397,0.06951451259986571,1204,50000,0.01788086961137308,0.019873709754570246,89,50000,0.026323660502558435,0.028308660802552454,187,50000,0.009048206756063586,0.011046166796862796,25,50000,0.0653454624174963,0.06725550421666053,1124,50000,0.042861238860203606,0.044822399636988176,485,50000,0.89422,0.9748248452666667,0.27773109375,0.3287804982343391,0.27871420328017077,False,/data/suehara/part/march/datasets/20250711_ilc_nnqq_sgv_10m_3cat_parquet,val50k_tail,,proxy
76,76,0,,lr_14e-6,1.6128e-05,validation_total_reference_mistag_geomean_percent,0.3319571336072888,min,0.8035000047124482,0.8035000047124482,0.4510287946324072,0.2443204067327404,0.3319571336072888,,0.12999999920654298,0.064,2.4060000212933352,0.1780000073876956,0.3780000029992676,0.05,2.2479999931396484,0.9740000136730959,0.015147327248533623,0.01714208735333156,65,50000,0.0103552826863133,0.012352682738312273,32,50000,0.0675830600388904,0.06948678196445242,1203,50000,0.01788086961137308,0.019873709754570246,89,50000,0.026468682433917427,0.028453522737111436,189,50000,0.009048206756063586,0.011046166796862796,25,50000,0.0653454624174963,0.06725550421666053,1124,50000,0.04295068763465349,0.04491168841463788,487,50000,0.8941866666666667,0.9747972153666667,0.27788854166666666,0.3287804982343391,0.2789909688633584,False,/data/suehara/part/march/datasets/20250711_ilc_nnqq_sgv_10m_3cat_parquet,val50k_tail,,proxy
76,76,0,,lr_3e-6,2.9030399999999992e-05,validation_total_reference_mistag_geomean_percent,0.3291037511300574,min,0.7995000254649745,0.7995000254649745,0.4461036210143375,0.24278950877288166,0.3291037511300574,,0.128,0.064,2.4100000882568393,0.17599999828125001,0.37000000903320335,0.05,2.2440000835473666,0.9540000246011359,0.015023255758590748,0.017018095861788735,64,50000,0.0103552826863133,0.012352682738312273,32,50000,0.06763866889655593,0.06954223082531741,1205,50000,0.017774964627493357,0.019767884769090572,88,50000,0.026177853606070133,0.02816301390286425,185,50000,0.009048206756063586,0.011046166796862796,25,50000,0.0652877383655534,0.06719794016151748,1122,50000,0.04250153343169482,0.04446333419567978,477,50000,0.8942933333333334,0.9748668294333335,0.2775091276041667,0.3287804982343391,0.27824612921697545,False,/data/suehara/part/march/datasets/20250711_ilc_nnqq_sgv_10m_3cat_parquet,val50k_tail,,proxy
76,76,0,,lr_5_75e-6,2.4191999999999995e-05,validation_total_reference_mistag_geomean_percent,0.32940227986735043,min,0.7995000258882533,0.7995000258882533,0.44747136639765617,0.2424867156424528,0.32940227986735043,,0.128,0.064,2.398000105380864,0.17599999828125001,0.372000006357422,0.05,2.250000085830692,0.9580000112557985,0.015023255758590748,0.017018095861788735,64,50000,0.0103552826863133,0.012352682738312273,32,50000,0.06747169310171094,0.06937573502087263,1199,50000,0.017774964627493357,0.019767884769090572,88,50000,0.026250855960646823,0.028235936259040934,186,50000,0.009048206756063586,0.011046166796862796,25,50000,0.06537430384835896,0.06728426564912293,1125,50000,0.042591748699369845,0.04455338946655462,479,50000,0.8942133333333333,0.9748477864000001,0.2776115755208333,0.3287804982343391,0.27844651857236813,False,/data/suehara/part/march/datasets/20250711_ilc_nnqq_sgv_10m_3cat_parquet,val50k_tail,,proxy
76,76,0,,lr_8_5e-6,2.3224319999999995e-05,validation_total_reference_mistag_geomean_percent,0.32878130069437467,min,0.7977500078166965,0.7977500078166965,0.44606512479882565,0.2423348916484703,0.32878130069437467,,0.128,0.064,2.3920000708081077,0.17599999828125001,0.3679999928125001,0.05,2.2459999893759157,0.9580000112557985,0.015023255758590748,0.017018095861788735,64,50000,0.0103552826863133,0.012352682738312273,32,50000,0.06738803685159972,0.06929231876596151,1196,50000,0.017774964627493357,0.019767884769090572,88,50000,0.02610465184093207,0.028089892136126237,184,50000,0.009048206756063586,0.011046166796862796,25,50000,0.06531660726253087,0.06722672906009537,1123,50000,0.042591748699369845,0.04455338946655462,479,50000,0.8942733333333334,0.9748630107999999,0.27754821614583336,0.3287804982343391,0.2782245474937527,False,/data/suehara/part/march/datasets/20250711_ilc_nnqq_sgv_10m_3cat_parquet,val50k_tail,,proxy
77,77,0,,lr_11_25e-6,2.0159999999999997e-05,validation_total_reference_mistag_geomean_percent,0.3313067318431697,min,0.7997500097576525,0.7997500097576525,0.44956697390721656,0.2441552803815512,0.3313067318431697,,0.13200000225585942,0.064,2.3900000437622078,0.17599999828125001,0.3759999834765632,0.05,2.24000002734375,0.9700000229415899,0.01527044818788576,0.01726512829428365,66,50000,0.0103552826863133,0.012352682738312273,32,50000,0.06736012639214847,0.06926448830491053,1195,50000,0.017774964627493357,0.019767884769090572,88,50000,0.026396268808411394,0.028381189110005457,188,50000,0.009048206756063586,0.011046166796862796,25,50000,0.06522995927372398,0.06714032106648858,1120,50000,0.042861238860203606,0.044822399636988176,485,50000,0.8943066666666667,0.9748223092666667,0.2777739453125,0.3287804982343391,0.27866205314332027,False,/data/suehara/part/march/datasets/20250711_ilc_nnqq_sgv_10m_3cat_parquet,val50k_tail,,proxy
77,77,0,,lr_14e-6,1.6128e-05,validation_total_reference_mistag_geomean_percent,0.3320964348748119,min,0.8014999816120918,0.8014999816120918,0.44973570931093754,0.24522856373921917,0.3320964348748119,,0.13399999640136728,0.064,2.3959998910510305,0.17599999828125001,0.3759999834765632,0.05,2.2479999931396484,0.9679999905468751,0.015392639991259324,0.01738724009925721,67,50000,0.0103552826863133,0.012352682738312273,32,50000,0.06744382019108416,0.06934794210864612,1198,50000,0.017774964627493357,0.019767884769090572,88,50000,0.026396268808411394,0.028381189110005457,188,50000,0.009048206756063586,0.011046166796862796,25,50000,0.0653454624174963,0.06725550421666053,1124,50000,0.0428164433487024,0.04477768412388689,484,50000,0.8941733333333334,0.9747920887333333,0.27794225260416666,0.3287804982343391,0.278955066337345,False,/data/suehara/part/march/datasets/20250711_ilc_nnqq_sgv_10m_3cat_parquet,val50k_tail,,proxy
77,77,0,,lr_3e-6,2.9030399999999992e-05,validation_total_reference_mistag_geomean_percent,0.33100293960253535,min,0.7960000250506793,0.7960000250506793,0.44649509235759566,0.24538443512783617,0.33100293960253535,,0.12999999920654298,0.06600000112792971,2.374000105594029,0.1780000073876956,0.3679999928125001,0.05,2.236000092802738,0.966000001473999,0.015147327248533623,0.01714208735333156,65,50000,0.010529894247015226,0.01252721430061417,33,50000,0.06713638973171662,0.06904139163167872,1187,50000,0.01788086961137308,0.019873709754570246,89,50000,0.02610465184093207,0.028089892136126237,184,50000,0.009048206756063586,0.011046166796862796,25,50000,0.06517212499793437,0.06708264678749881,1118,50000,0.042771600227054125,0.04473292100063888,483,50000,0.8943333333333333,0.9748682188000002,0.27752703125,0.3287804982343391,0.27816012877435714,False,/data/suehara/part/march/datasets/20250711_ilc_nnqq_sgv_10m_3cat_parquet,val50k_tail,,proxy
77,77,0,,lr_5_75e-6,2.4191999999999995e-05,validation_total_reference_mistag_geomean_percent,0.3311060682178656,min,0.7975000178024109,0.7975000178024109,0.448697560128494,0.244332125138587,0.3311060682178656,,0.13200000225585942,0.064,2.3700000578613296,0.1780000073876956,0.372000006357422,0.05,2.2420000928807107,0.9719999756762702,0.01527044818788576,0.01726512829428365,66,50000,0.0103552826863133,0.012352682738312273,32,50000,0.06708032916925392,0.06898549106601655,1185,50000,0.01788086961137308,0.019873709754570246,89,50000,0.026250855960646823,0.028235936259040934,186,50000,0.009048206756063586,0.011046166796862796,25,50000,0.06525885570861437,0.0671691375029787,1121,50000,0.04290598690721674,0.04486706768560139,486,50000,0.89428,0.9748467618333333,0.2776415234375,0.3287804982343391,0.27837931114531606,False,/data/suehara/part/march/datasets/20250711_ilc_nnqq_sgv_10m_3cat_parquet,val50k_tail,,proxy
77,77,0,,lr_8_5e-6,2.3224319999999995e-05,validation_total_reference_mistag_geomean_percent,0.33117526102881595,min,0.7960000116522221,0.7960000116522221,0.4468939266614013,0.245420774314088,0.33117526102881595,,0.13200000225585942,0.06600000112792971,2.3660000137188724,0.17599999828125001,0.3679999928125001,0.05,2.2440000835473666,0.966000001473999,0.01527044818788576,0.01726512829428365,66,50000,0.010529894247015226,0.01252721430061417,33,50000,0.06702421779820021,0.06892953969176267,1183,50000,0.017774964627493357,0.019767884769090572,88,50000,0.02610465184093207,0.028089892136126237,184,50000,0.009048206756063586,0.011046166796862796,25,50000,0.0652877383655534,0.06719794016151748,1122,50000,0.042771600227054125,0.04473292100063888,483,50000,0.89434,0.9748633958333333,0.2775486197916667,0.3287804982343391,0.27816128396880163,False,/data/suehara/part/march/datasets/20250711_ilc_nnqq_sgv_10m_3cat_parquet,val50k_tail,,proxy
78,78,0,,lr_11_25e-6,2.0159999999999997e-05,validation_total_reference_mistag_geomean_percent,0.3323696033932936,min,0.797999998432541,0.797999998432541,0.44713155432871093,0.24706275410525613,0.3323696033932936,,0.12999999920654298,0.06600000112792971,2.3860000167474364,0.18199999600097666,0.37000000903320335,0.05,2.231999974797364,0.9679999905468751,0.015147327248533623,0.01714208735333156,65,50000,0.010529894247015226,0.01252721430061417,33,50000,0.06730426781710735,0.06920878972666925,1193,50000,0.018090905588142768,0.020083585734539902,91,50000,0.026177853606070133,0.02816301390286425,185,50000,0.009048206756063586,0.011046166796862796,25,50000,0.06511423539346806,0.06702491717983233,1116,50000,0.0428164433487024,0.04477768412388689,484,50000,0.8942533333333333,0.9748225683666667,0.27777576822916666,0.3287804982343391,0.2783432709694136,False,/data/suehara/part/march/datasets/20250711_ilc_nnqq_sgv_10m_3cat_parquet,val50k_tail,,proxy
78,78,0,,lr_14e-6,1.6128e-05,validation_total_reference_mistag_geomean_percent,0.33274398932117516,min,0.7997500031228453,0.7997500031228453,0.4465949010119322,0.24791721127691993,0.33274398932117516,,0.13399999640136728,0.064,2.3939999499545297,0.18399999640625006,0.3679999928125001,0.05,2.238000087934116,0.966000001473999,0.015392639991259324,0.01738724009925721,67,50000,0.0103552826863133,0.012352682738312273,32,50000,0.0674159347794738,0.06932013669543602,1197,50000,0.018195055988739096,0.02018765613673616,92,50000,0.02610465184093207,0.028089892136126237,184,50000,0.009048206756063586,0.011046166796862796,25,50000,0.0652010490428543,0.06711149083401848,1119,50000,0.042771600227054125,0.04473292100063888,483,50000,0.89422,0.9747940000666667,0.27794571614583335,0.3287804982343391,0.27865227279579113,False,/data/suehara/part/march/datasets/20250711_ilc_nnqq_sgv_10m_3cat_parquet,val50k_tail,,proxy
78,78,0,,lr_3e-6,2.9030399999999992e-05,validation_total_reference_mistag_geomean_percent,0.3307867641773139,min,0.7962500123332987,0.7962500123332987,0.44525708041193635,0.24574540904249384,0.3307867641773139,,0.12999999920654298,0.06600000112792971,2.3880000954675333,0.1780000073876956,0.3660000189880381,0.05,2.2279999411859146,0.9640000353027357,0.015147327248533623,0.01714208735333156,65,50000,0.010529894247015226,0.01252721430061417,33,50000,0.06733220338577643,0.06923664529693875,1194,50000,0.01788086961137308,0.019873709754570246,89,50000,0.026031249045641414,0.028016569339235544,183,50000,0.009048206756063586,0.011046166796862796,25,50000,0.06505629031496284,0.06696713209812764,1114,50000,0.042726709348848285,0.04468811012083296,482,50000,0.89428,0.9748701278666667,0.2775233984375,0.3287804982343391,0.2778046227307163,False,/data/suehara/part/march/datasets/20250711_ilc_nnqq_sgv_10m_3cat_parquet,val50k_tail,,proxy
78,78,0,,lr_5_75e-6,2.4191999999999995e-05,validation_total_reference_mistag_geomean_percent,0.33131708551646427,min,0.7952500057244308,0.7952500057244308,0.4460951783449306,0.24607083080877135,0.33131708551646427,,0.12999999920654298,0.06600000112792971,2.374000105594029,0.18000000439453137,0.3679999928125001,0.05,2.2279999411859146,0.966000001473999,0.015147327248533623,0.01714208735333156,65,50000,0.010529894247015226,0.01252721430061417,33,50000,0.06713638973171662,0.06904139163167872,1187,50000,0.017986179985518026,0.019978940130315186,90,50000,0.02610465184093207,0.028089892136126237,184,50000,0.009048206756063586,0.011046166796862796,25,50000,0.06505629031496284,0.06696713209812764,1114,50000,0.042771600227054125,0.04473292100063888,483,50000,0.8943533333333333,0.9748470891333333,0.27765334635416666,0.3287804982343391,0.2780436936487532,False,/data/suehara/part/march/datasets/20250711_ilc_nnqq_sgv_10m_3cat_parquet,val50k_tail,,proxy
78,78,0,,lr_8_5e-6,2.3224319999999995e-05,validation_total_reference_mistag_geomean_percent,0.33157589892288125,min,0.798000005533162,0.798000005533162,0.44641679265754636,0.2462778698176247,0.33157589892288125,,0.12999999920654298,0.06600000112792971,2.381999937120668,0.18000000439453137,0.3660000189880381,0.05,2.2420000928807107,0.9679999905468751,0.015147327248533623,0.01714208735333156,65,50000,0.010529894247015226,0.01252721430061417,33,50000,0.06724835893121076,0.06915304083757318,1191,50000,0.017986179985518026,0.019978940130315186,90,50000,0.026031249045641414,0.028016569339235544,183,50000,0.009048206756063586,0.011046166796862796,25,50000,0.06525885570861437,0.0671691375029787,1121,50000,0.0428164433487024,0.04477768412388689,484,50000,0.8943533333333333,0.9748619633333333,0.27759334635416666,0.3287804982343391,0.2778312702552867,False,/data/suehara/part/march/datasets/20250711_ilc_nnqq_sgv_10m_3cat_parquet,val50k_tail,,proxy
79,79,0,,lr_11_25e-6,2.0159999999999997e-05,validation_total_reference_mistag_geomean_percent,0.3311011788704341,min,0.8007500203147895,0.8007500203147895,0.45019987216298335,0.24350959968665475,0.3311011788704341,,0.13200000225585942,0.064,2.3920000708081077,0.17399999915039063,0.3780000029992676,0.05,2.250000085830692,0.966000001473999,0.01527044818788576,0.01726512829428365,66,50000,0.0103552826863133,0.012352682738312273,32,50000,0.06738803685159972,0.06929231876596151,1196,50000,0.01766845491625471,0.01966145505625193,87,50000,0.026468682433917427,0.028453522737111436,189,50000,0.009048206756063586,0.011046166796862796,25,50000,0.06537430384835896,0.06728426564912293,1125,50000,0.042771600227054125,0.04473292100063888,483,50000,0.8942066666666667,0.9748233033333333,0.27778625,0.3287804982343391,0.27837077225746854,False,/data/suehara/part/march/datasets/20250711_ilc_nnqq_sgv_10m_3cat_parquet,val50k_tail,,proxy
79,79,0,,lr_14e-6,1.6128e-05,validation_total_reference_mistag_geomean_percent,0.3318297902287819,min,0.7989999968937305,0.7989999968937305,0.4497665487949353,0.2448181394954763,0.3318297902287819,,0.13399999640136728,0.064,2.3799999527893076,0.17599999828125001,0.3780000029992676,0.05,2.2459999893759157,0.9640000353027357,0.015392639991259324,0.01738724009925721,67,50000,0.0103552826863133,0.012352682738312273,32,50000,0.06722038558307011,0.0691251474878321,1190,50000,0.017774964627493357,0.019767884769090572,88,50000,0.026468682433917427,0.028453522737111436,189,50000,0.009048206756063586,0.011046166796862796,25,50000,0.06531660726253087,0.06722672906009537,1123,50000,0.042726709348848285,0.04468811012083296,482,50000,0.8942066666666667,0.9747948274666668,0.27792826822916666,0.3287804982343391,0.27869722769125366,False,/data/suehara/part/march/datasets/20250711_ilc_nnqq_sgv_10m_3cat_parquet,val50k_tail,,proxy
79,79,0,,lr_3e-6,2.9030399999999992e-05,validation_total_reference_mistag_geomean_percent,0.3308735017198346,min,0.7985000081046684,0.7985000081046684,0.45120592998166303,0.24263261377082201,0.3308735017198346,,0.12999999920654298,0.064,2.3939999499545297,0.17399999915039063,0.37000000903320335,0.052000000507812505,2.2440000835473666,0.9600000234375006,0.015147327248533623,0.01714208735333156,65,50000,0.0103552826863133,0.012352682738312273,32,50000,0.0674159347794738,0.06932013669543602,1197,50000,0.01766845491625471,0.01966145505625193,87,50000,0.026177853606070133,0.02816301390286425,185,50000,0.00924516668895976,0.011243046731358937,26,50000,0.0652877383655534,0.06719794016151748,1122,50000,0.042636783733323094,0.04459834450210795,480,50000,0.89428,0.9748696724333333,0.27755345052083336,0.3287804982343391,0.27779791399531567,False,/data/suehara/part/march/datasets/20250711_ilc_nnqq_sgv_10m_3cat_parquet,val50k_tail,,proxy
79,79,0,,lr_5_75e-6,2.4191999999999995e-05,validation_total_reference_mistag_geomean_percent,0.3304600182056756,min,0.8012500146800235,0.8012500146800235,0.4478041855062066,0.24386512490732826,0.3304600182056756,,0.13200000225585942,0.064,2.4060000212933352,0.17399999915039063,0.372000006357422,0.05,2.2520000649456806,0.9600000234375006,0.01527044818788576,0.01726512829428365,66,50000,0.0103552826863133,0.012352682738312273,32,50000,0.0675830600388904,0.06948678196445242,1203,50000,0.01766845491625471,0.01966145505625193,87,50000,0.026250855960646823,0.028235936259040934,186,50000,0.009048206756063586,0.011046166796862796,25,50000,0.06540313157298895,0.06731301337535335,1126,50000,0.042636783733323094,0.04459834450210795,480,50000,0.89426,0.9748472429333335,0.2776663020833333,0.3287804982343391,0.2780545638366179,False,/data/suehara/part/march/datasets/20250711_ilc_nnqq_sgv_10m_3cat_parquet,val50k_tail,,proxy
79,79,0,,lr_8_5e-6,2.3224319999999995e-05,validation_total_reference_mistag_geomean_percent,0.330399263930554,min,0.7994999898994072,0.7994999898994072,0.4481058916967234,0.24361133300995183,0.330399263930554,,0.13200000225585942,0.064,2.3959998910510305,0.17399999915039063,0.37400001392456106,0.05,2.2459999893759157,0.9600000234375006,0.01527044818788576,0.01726512829428365,66,50000,0.0103552826863133,0.012352682738312273,32,50000,0.06744382019108416,0.06934794210864612,1198,50000,0.01766845491625471,0.01966145505625193,87,50000,0.026323660502558435,0.028308660802552454,187,50000,0.009048206756063586,0.011046166796862796,25,50000,0.06531660726253087,0.06722672906009537,1123,50000,0.042636783733323094,0.04459834450210795,480,50000,0.89434,0.9748621329999999,0.27759506510416665,0.3287804982343391,0.2778487692825117,False,/data/suehara/part/march/datasets/20250711_ilc_nnqq_sgv_10m_3cat_parquet,val50k_tail,,proxy
80,80,0,,lr_11_25e-6,2.0159999999999997e-05,validation_total_reference_mistag_geomean_percent,0.3319245351991902,min,0.7990000199626166,0.7990000199626166,0.4464305834839836,0.2467884171541108,0.3319245351991902,,0.13200000225585942,0.06600000112792971,2.3920000708081077,0.1780000073876956,0.3679999928125001,0.05,2.2440000835473666,0.9620000017614746,0.01527044818788576,0.01726512829428365,66,50000,0.010529894247015226,0.01252721430061417,33,50000,0.06738803685159972,0.06929231876596151,1196,50000,0.01788086961137308,0.019873709754570246,89,50000,0.02610465184093207,0.028089892136126237,184,50000,0.009048206756063586,0.011046166796862796,25,50000,0.0652877383655534,0.06719794016151748,1122,50000,0.04268177056691545,0.044643251337300044,481,50000,0.8942,0.9748348025666665,0.2777149609375,0.3287804982343391,0.27838414701066205,False,/data/suehara/part/march/datasets/20250711_ilc_nnqq_sgv_10m_3cat_parquet,val50k_tail,,proxy
80,80,0,,lr_14e-6,1.6128e-05,validation_total_reference_mistag_geomean_percent,0.3331471194681559,min,0.7987500112938692,0.7987500112938692,0.4470686360077606,0.2482549529777417,0.3331471194681559,,0.13399999640136728,0.06600000112792971,2.3860000167474364,0.18000000439453137,0.37000000903320335,0.05,2.24000002734375,0.9640000353027357,0.015392639991259324,0.01738724009925721,67,50000,0.010529894247015226,0.01252721430061417,33,50000,0.06730426781710735,0.06920878972666925,1193,50000,0.017986179985518026,0.019978940130315186,90,50000,0.026177853606070133,0.02816301390286425,185,50000,0.009048206756063586,0.011046166796862796,25,50000,0.06522995927372398,0.06714032106648858,1120,50000,0.042726709348848285,0.04468811012083296,482,50000,0.8941733333333334,0.9748075085000001,0.2778523828125,0.3287804982343391,0.2787296934703144,False,/data/suehara/part/march/datasets/20250711_ilc_nnqq_sgv_10m_3cat_parquet,val50k_tail,,proxy
80,80,0,,lr_3e-6,2.9030399999999992e-05,validation_total_reference_mistag_geomean_percent,0.33177844035908294,min,0.7957500123152929,0.7957500123152929,0.4499535287108508,0.24464067167665932,0.33177844035908294,,0.12999999920654298,0.06600000112792971,2.3720000050671386,0.17599999828125001,0.3679999928125001,0.052000000507812505,2.250000085830692,0.9520000156884768,0.015147327248533623,0.01714208735333156,65,50000,0.010529894247015226,0.01252721430061417,33,50000,0.0671083657937211,0.06901344769208347,1186,50000,0.017774964627493357,0.019767884769090572,88,50000,0.02610465184093207,0.028089892136126237,184,50000,0.00924516668895976,0.011243046731358937,26,50000,0.06537430384835896,0.06728426564912293,1125,50000,0.04245635289667413,0.044418233659059,476,50000,0.8942666666666667,0.9748872353666665,0.27744723958333334,0.3287804982343391,0.27777402921411776,False,/data/suehara/part/march/datasets/20250711_ilc_nnqq_sgv_10m_3cat_parquet,val50k_tail,,proxy
80,80,0,,lr_5_75e-6,2.4191999999999995e-05,validation_total_reference_mistag_geomean_percent,0.331537288582136,min,0.7982499981741339,0.7982499981741339,0.44739952734205796,0.24567968225938205,0.331537288582136,,0.13200000225585942,0.06600000112792971,2.3759999209643583,0.17599999828125001,0.37000000903320335,0.05,2.2560000302929692,0.9600000234375006,0.01527044818788576,0.01726512829428365,66,50000,0.010529894247015226,0.01252721430061417,33,50000,0.06716440099887658,0.0690693229004391,1188,50000,0.017774964627493357,0.019767884769090572,88,50000,0.026177853606070133,0.02816301390286425,185,50000,0.009048206756063586,0.011046166796862796,25,50000,0.06546074597483416,0.06737046778039872,1128,50000,0.042636783733323094,0.04459834450210795,480,50000,0.8941866666666667,0.9748658946333334,0.2775508984375,0.3287804982343391,0.2780511108808209,False,/data/suehara/part/march/datasets/20250711_ilc_nnqq_sgv_10m_3cat_parquet,val50k_tail,,proxy
80,80,0,,lr_8_5e-6,2.3224319999999995e-05,validation_total_reference_mistag_geomean_percent,0.33093978926248735,min,0.7957500070856859,0.7957500070856859,0.4461643939639919,0.245472623093134,0.33093978926248735,,0.13200000225585942,0.06600000112792971,2.3680000578125013,0.17599999828125001,0.3679999928125001,0.05,2.2479999931396484,0.9580000112557985,0.01527044818788576,0.01726512829428365,66,50000,0.010529894247015226,0.01252721430061417,33,50000,0.06705227984264775,0.06895752173780995,1184,50000,0.017774964627493357,0.019767884769090572,88,50000,0.02610465184093207,0.028089892136126237,184,50000,0.009048206756063586,0.011046166796862796,25,50000,0.0653454624174963,0.06725550421666053,1124,50000,0.042591748699369845,0.04455338946655462,479,50000,0.8941733333333334,0.9748786894333333,0.27748420572916666,0.3287804982343391,0.2778492440699623,False,/data/suehara/part/march/datasets/20250711_ilc_nnqq_sgv_10m_3cat_parquet,val50k_tail,,proxy
81,81,0,,lr_11_25e-6,2.0159999999999997e-05,validation_total_reference_mistag_geomean_percent,0.32894130523119064,min,0.8010000039878663,0.8010000039878663,0.44233984420623,0.24461369172240482,0.32894130523119064,,0.13200000225585942,0.064,2.407999941945802,0.17599999828125001,0.3660000189880381,0.04800000187500007,2.2420000928807107,0.9719999756762702,0.01527044818788576,0.01726512829428365,66,50000,0.0103552826863133,0.012352682738312273,32,50000,0.06761087067270397,0.06951451259986571,1204,50000,0.017774964627493357,0.019767884769090572,88,50000,0.026031249045641414,0.028016569339235544,183,50000,0.008847301220312359,0.010845341259511579,24,50000,0.06525885570861437,0.0671691375029787,1121,50000,0.04290598690721674,0.04486706768560139,486,50000,0.89426,0.974845884,0.27766390625,0.3287804982343391,0.2780908480797009,False,/data/suehara/part/march/datasets/20250711_ilc_nnqq_sgv_10m_3cat_parquet,val50k_tail,,proxy
81,81,0,,lr_14e-6,1.6128e-05,validation_total_reference_mistag_geomean_percent,0.3311742550591555,min,0.800749994823476,0.800749994823476,0.44728675898765874,0.24520374236477835,0.3311742550591555,,0.13200000225585942,0.064,2.4039998925213673,0.1780000073876956,0.3679999928125001,0.05,2.238000087934116,0.9719999756762702,0.01527044818788576,0.01726512829428365,66,50000,0.0103552826863133,0.012352682738312273,32,50000,0.06755523698002315,0.06945903890398474,1202,50000,0.01788086961137308,0.019873709754570246,89,50000,0.02610465184093207,0.028089892136126237,184,50000,0.009048206756063586,0.011046166796862796,25,50000,0.0652010490428543,0.06711149083401848,1119,50000,0.04290598690721674,0.04486706768560139,486,50000,0.8942133333333333,0.9748153932,0.2778183984375,0.3287804982343391,0.27845020668774306,False,/data/suehara/part/march/datasets/20250711_ilc_nnqq_sgv_10m_3cat_parquet,val50k_tail,,proxy
81,81,0,,lr_3e-6,2.9030399999999992e-05,validation_total_reference_mistag_geomean_percent,0.32981034232659656,min,0.8009999952854159,0.8009999952854159,0.44036088173520066,0.2470129986954556,0.32981034232659656,,0.13200000225585942,0.06600000112792971,2.4280000240814212,0.17599999828125001,0.3639999920019533,0.04800000187500007,2.2279999411859146,0.966000001473999,0.01527044818788576,0.01726512829428365,66,50000,0.010529894247015226,0.01252721430061417,33,50000,0.06788829693773375,0.06979113888089493,1214,50000,0.017774964627493357,0.019767884769090572,88,50000,0.02595764357849733,0.027943043870491593,182,50000,0.008847301220312359,0.010845341259511579,24,50000,0.06505629031496284,0.06696713209812764,1114,50000,0.042771600227054125,0.04473292100063888,483,50000,0.8943066666666667,0.9748965293999999,0.2774202734375,0.3287804982343391,0.27744584159835195,False,/data/suehara/part/march/datasets/20250711_ilc_nnqq_sgv_10m_3cat_parquet,val50k_tail,,proxy
81,81,0,,lr_5_75e-6,2.4191999999999995e-05,validation_total_reference_mistag_geomean_percent,0.3301355879334547,min,0.8022500212307937,0.8022500212307937,0.441229842136939,0.2470129986954556,0.3301355879334547,,0.13200000225585942,0.06600000112792971,2.4280000240814212,0.17599999828125001,0.3660000189880381,0.04800000187500007,2.238000087934116,0.9640000353027357,0.01527044818788576,0.01726512829428365,66,50000,0.010529894247015226,0.01252721430061417,33,50000,0.06788829693773375,0.06979113888089493,1214,50000,0.017774964627493357,0.019767884769090572,88,50000,0.026031249045641414,0.028016569339235544,183,50000,0.008847301220312359,0.010845341259511579,24,50000,0.0652010490428543,0.06711149083401848,1119,50000,0.042726709348848285,0.04468811012083296,482,50000,0.89422,0.9748737571333331,0.277530625,0.3287804982343391,0.27774356916674425,False,/data/suehara/part/march/datasets/20250711_ilc_nnqq_sgv_10m_3cat_parquet,val50k_tail,,proxy
81,81,0,,lr_8_5e-6,2.3224319999999995e-05,validation_total_reference_mistag_geomean_percent,0.33071491443840867,min,0.8032500090087134,0.8032500090087134,0.44075565508354486,0.2481473654859233,0.33071491443840867,,0.13399999640136728,0.06600000112792971,2.435999988105469,0.17599999828125001,0.3639999920019533,0.04800000187500007,2.236000092802738,0.966000001473999,0.015392639991259324,0.01738724009925721,67,50000,0.010529894247015226,0.01252721430061417,33,50000,0.06799892331055546,0.06990144526011696,1218,50000,0.017774964627493357,0.019767884769090572,88,50000,0.02595764357849733,0.027943043870491593,182,50000,0.008847301220312359,0.010845341259511579,24,50000,0.06517212499793437,0.06708264678749881,1118,50000,0.042771600227054125,0.04473292100063888,483,50000,0.8942266666666666,0.9748860194,0.27746729166666667,0.3287804982343391,0.27754620417995074,False,/data/suehara/part/march/datasets/20250711_ilc_nnqq_sgv_10m_3cat_parquet,val50k_tail,,proxy
82,82,0,,lr_11_25e-6,2.0159999999999997e-05,validation_total_reference_mistag_geomean_percent,0.3305219195823517,min,0.800499980010358,0.800499980010358,0.44715922026147165,0.24430836796907124,0.3305219195823517,,0.13200000225585942,0.064,2.3959998910510305,0.17599999828125001,0.3679999928125001,0.05,2.253999920379489,0.9640000353027357,0.01527044818788576,0.01726512829428365,66,50000,0.0103552826863133,0.012352682738312273,32,50000,0.06744382019108416,0.06934794210864612,1198,50000,0.017774964627493357,0.019767884769090572,88,50000,0.02610465184093207,0.028089892136126237,184,50000,0.009048206756063586,0.011046166796862796,25,50000,0.06543194560921714,0.06734174741318127,1127,50000,0.042726709348848285,0.04468811012083296,482,50000,0.8943066666666667,0.9748559531000001,0.27760571614583335,0.3287804982343391,0.2782391334762469,False,/data/suehara/part/march/datasets/20250711_ilc_nnqq_sgv_10m_3cat_parquet,val50k_tail,,proxy
82,82,0,,lr_14e-6,1.6128e-05,validation_total_reference_mistag_geomean_percent,0.33020571240176005,min,0.7972500253445635,0.7972500253445635,0.44733444114101123,0.24374562402268285,0.33020571240176005,,0.13200000225585942,0.064,2.374000105594029,0.17599999828125001,0.37000000903320335,0.05,2.250000085830692,0.9620000017614746,0.01527044818788576,0.01726512829428365,66,50000,0.0103552826863133,0.012352682738312273,32,50000,0.06713638973171662,0.06904139163167872,1187,50000,0.017774964627493357,0.019767884769090572,88,50000,0.026177853606070133,0.02816301390286425,185,50000,0.009048206756063586,0.011046166796862796,25,50000,0.06537430384835896,0.06728426564912293,1125,50000,0.04268177056691545,0.044643251337300044,481,50000,0.8942333333333333,0.9748243297333333,0.2777723307291667,0.3287804982343391,0.2786131414073518,False,/data/suehara/part/march/datasets/20250711_ilc_nnqq_sgv_10m_3cat_parquet,val50k_tail,,proxy
82,82,0,,lr_3e-6,2.9030399999999992e-05,validation_total_reference_mistag_geomean_percent,0.3301666532136458,min,0.7957500066479498,0.7957500066479498,0.44814580276842775,0.24324676973629727,0.3301666532136458,,0.12599999615478527,0.06600000112792971,2.3920000708081077,0.17599999828125001,0.36199998806884803,0.052000000507812505,2.231999974797364,0.9600000234375006,0.014898211467070606,0.016893131568668597,63,50000,0.010529894247015226,0.01252721430061417,33,50000,0.06738803685159972,0.06929231876596151,1196,50000,0.017774964627493357,0.019767884769090572,88,50000,0.025883833775264396,0.027869314065658665,181,50000,0.00924516668895976,0.011243046731358937,26,50000,0.06511423539346806,0.06702491717983233,1116,50000,0.042636783733323094,0.04459834450210795,480,50000,0.8942866666666667,0.9749100399666667,0.2773670833333333,0.3287804982343391,0.27756834085445875,False,/data/suehara/part/march/datasets/20250711_ilc_nnqq_sgv_10m_3cat_parquet,val50k_tail,,proxy
82,82,0,,lr_5_75e-6,2.4191999999999995e-05,validation_total_reference_mistag_geomean_percent,0.33280638999108336,min,0.7987500097625359,0.7987500097625359,0.4499814823546061,0.24614366937796126,0.33280638999108336,,0.13200000225585942,0.06600000112792971,2.3939999499545297,0.17599999828125001,0.3660000189880381,0.052000000507812505,2.2440000835473666,0.9600000234375006,0.01527044818788576,0.01726512829428365,66,50000,0.010529894247015226,0.01252721430061417,33,50000,0.0674159347794738,0.06932013669543602,1197,50000,0.017774964627493357,0.019767884769090572,88,50000,0.026031249045641414,0.028016569339235544,183,50000,0.00924516668895976,0.011243046731358937,26,50000,0.0652877383655534,0.06719794016151748,1122,50000,0.042636783733323094,0.04459834450210795,480,50000,0.89436,0.9748865174666667,0.277458671875,0.3287804982343391,0.27787883136666014,False,/data/suehara/part/march/datasets/20250711_ilc_nnqq_sgv_10m_3cat_parquet,val50k_tail,,proxy
82,82,0,,lr_8_5e-6,2.3224319999999995e-05,validation_total_reference_mistag_geomean_percent,0.3321865448090097,min,0.7982500229452332,0.7982500229452332,0.45011531378654374,0.24515473518076755,0.3321865448090097,,0.12999999920654298,0.06600000112792971,2.3920000708081077,0.17599999828125001,0.3660000189880381,0.052000000507812505,2.2420000928807107,0.9620000017614746,0.015147327248533623,0.01714208735333156,65,50000,0.010529894247015226,0.01252721430061417,33,50000,0.06738803685159972,0.06929231876596151,1196,50000,0.017774964627493357,0.019767884769090572,88,50000,0.026031249045641414,0.028016569339235544,183,50000,0.00924516668895976,0.011243046731358937,26,50000,0.06525885570861437,0.0671691375029787,1121,50000,0.04268177056691545,0.044643251337300044,481,50000,0.89432,0.9748983512666666,0.2774057682291667,0.3287804982343391,0.2776896942949204,False,/data/suehara/part/march/datasets/20250711_ilc_nnqq_sgv_10m_3cat_parquet,val50k_tail,,proxy
83,83,0,,lr_11_25e-6,2.0159999999999997e-05,validation_total_reference_mistag_geomean_percent,0.32952556666087796,min,0.7982499865588005,0.7982499865588005,0.44446737533329006,0.24430836796907124,0.32952556666087796,,0.13200000225585942,0.064,2.3959998910510305,0.17599999828125001,0.36199998806884803,0.05,2.2459999893759157,0.9600000234375006,0.01527044818788576,0.01726512829428365,66,50000,0.0103552826863133,0.012352682738312273,32,50000,0.06744382019108416,0.06934794210864612,1198,50000,0.017774964627493357,0.019767884769090572,88,50000,0.025883833775264396,0.027869314065658665,181,50000,0.009048206756063586,0.011046166796862796,25,50000,0.06531660726253087,0.06722672906009537,1123,50000,0.042636783733323094,0.04459834450210795,480,50000,0.8942,0.9748481387333333,0.277712109375,0.3287804982343391,0.27790841559521756,False,/data/suehara/part/march/datasets/20250711_ilc_nnqq_sgv_10m_3cat_parquet,val50k_tail,,proxy
83,83,0,,lr_14e-6,1.6128e-05,validation_total_reference_mistag_geomean_percent,0.3304146135595341,min,0.798500003590852,0.798500003590852,0.44686892127869055,0.24430836796907124,0.3304146135595341,,0.13200000225585942,0.064,2.3959998910510305,0.17599999828125001,0.37000000903320335,0.05,2.236000092802738,0.9640000353027357,0.01527044818788576,0.01726512829428365,66,50000,0.0103552826863133,0.012352682738312273,32,50000,0.06744382019108416,0.06934794210864612,1198,50000,0.017774964627493357,0.019767884769090572,88,50000,0.026177853606070133,0.02816301390286425,185,50000,0.009048206756063586,0.011046166796862796,25,50000,0.06517212499793437,0.06708264678749881,1118,50000,0.042726709348848285,0.04468811012083296,482,50000,0.89416,0.9748166417,0.2778599609375,0.3287804982343391,0.2783008120716441,False,/data/suehara/part/march/datasets/20250711_ilc_nnqq_sgv_10m_3cat_parquet,val50k_tail,,proxy
83,83,0,,lr_3e-6,2.9030399999999992e-05,validation_total_reference_mistag_geomean_percent,0.328460315959938,min,0.796500013108025,0.796500013108025,0.4439387190583842,0.2430204317148416,0.328460315959938,,0.128,0.064,2.3920000708081077,0.1780000073876956,0.36199998806884803,0.05,2.24000002734375,0.9580000112557985,0.015023255758590748,0.017018095861788735,64,50000,0.0103552826863133,0.012352682738312273,32,50000,0.06738803685159972,0.06929231876596151,1196,50000,0.01788086961137308,0.019873709754570246,89,50000,0.025883833775264396,0.027869314065658665,181,50000,0.009048206756063586,0.011046166796862796,25,50000,0.06522995927372398,0.06714032106648858,1120,50000,0.042591748699369845,0.04455338946655462,479,50000,0.8942866666666667,0.9749029619999999,0.27745723958333335,0.328460315959938,0.27720175448739487,False,/data/suehara/part/march/datasets/20250711_ilc_nnqq_sgv_10m_3cat_parquet,val50k_tail,,proxy
83,83,0,,lr_5_75e-6,2.4191999999999995e-05,validation_total_reference_mistag_geomean_percent,0.33013645694331634,min,0.7952499970950703,0.7952499970950703,0.44847944084301833,0.24302135232378705,0.33013645694331634,,0.12999999920654298,0.064,2.381999937120668,0.17599999828125001,0.36199998806884803,0.052000000507812505,2.234000051813966,0.9620000017614746,0.015147327248533623,0.01714208735333156,65,50000,0.0103552826863133,0.012352682738312273,32,50000,0.06724835893121076,0.06915304083757318,1191,50000,0.017774964627493357,0.019767884769090572,88,50000,0.025883833775264396,0.027869314065658665,181,50000,0.00924516668895976,0.011243046731358937,26,50000,0.06514318712085576,0.06705378890882047,1117,50000,0.04268177056691545,0.044643251337300044,481,50000,0.89426,0.9748770650333333,0.2775767578125,0.328460315959938,0.2775327370301251,False,/data/suehara/part/march/datasets/20250711_ilc_nnqq_sgv_10m_3cat_parquet,val50k_tail,,proxy
83,83,0,,lr_8_5e-6,2.3224319999999995e-05,validation_total_reference_mistag_geomean_percent,0.32948760515647757,min,0.7950000044722749,0.7950000044722749,0.44807739458655826,0.2422842197873456,0.32948760515647757,,0.128,0.064,2.3900000437622078,0.17599999828125001,0.36199998806884803,0.052000000507812505,2.2260000033966065,0.9620000017614746,0.015023255758590748,0.017018095861788735,64,50000,0.0103552826863133,0.012352682738312273,32,50000,0.06736012639214847,0.06926448830491053,1195,50000,0.017774964627493357,0.019767884769090572,88,50000,0.025883833775264396,0.027869314065658665,181,50000,0.00924516668895976,0.011243046731358937,26,50000,0.06502729692734292,0.0669382187089073,1113,50000,0.04268177056691545,0.044643251337300044,481,50000,0.89426,0.9748904584,0.277496328125,0.328460315959938,0.2773482562856184,False,/data/suehara/part/march/datasets/20250711_ilc_nnqq_sgv_10m_3cat_parquet,val50k_tail,,proxy
84,84,0,,lr_11_25e-6,2.0159999999999997e-05,validation_total_reference_mistag_geomean_percent,0.32762457719338245,min,0.7955000101707467,0.7955000101707467,0.44052734721440356,0.24365766225382945,0.32762457719338245,,0.12999999920654298,0.064,2.3799999527893076,0.1780000073876956,0.3639999920019533,0.04800000187500007,2.236000092802738,0.9640000353027357,0.015147327248533623,0.01714208735333156,65,50000,0.0103552826863133,0.012352682738312273,32,50000,0.06722038558307011,0.0691251474878321,1190,50000,0.01788086961137308,0.019873709754570246,89,50000,0.02595764357849733,0.027943043870491593,182,50000,0.008847301220312359,0.010845341259511579,24,50000,0.06517212499793437,0.06708264678749881,1118,50000,0.042726709348848285,0.04468811012083296,482,50000,0.8942533333333333,0.9748528193666667,0.277656328125,0.32762457719338245,0.27805328548493324,False,/data/suehara/part/march/datasets/20250711_ilc_nnqq_sgv_10m_3cat_parquet,val50k_tail,,proxy
84,84,0,,lr_14e-6,1.6128e-05,validation_total_reference_mistag_geomean_percent,0.329899359183246,min,0.7982500041474534,0.7982500041474534,0.4463849021979458,0.24381108467968515,0.329899359183246,,0.12999999920654298,0.064,2.3860000167474364,0.1780000073876956,0.3660000189880381,0.05,2.2459999893759157,0.966000001473999,0.015147327248533623,0.01714208735333156,65,50000,0.0103552826863133,0.012352682738312273,32,50000,0.06730426781710735,0.06920878972666925,1193,50000,0.01788086961137308,0.019873709754570246,89,50000,0.026031249045641414,0.028016569339235544,183,50000,0.009048206756063586,0.011046166796862796,25,50000,0.06531660726253087,0.06722672906009537,1123,50000,0.042771600227054125,0.04473292100063888,483,50000,0.8941933333333333,0.9748213135333333,0.27781162760416667,0.32762457719338245,0.27845454968859423,False,/data/suehara/part/march/datasets/20250711_ilc_nnqq_sgv_10m_3cat_parquet,val50k_tail,,proxy
84,84,0,,lr_3e-6,2.9030399999999992e-05,validation_total_reference_mistag_geomean_percent,0.32764078717785133,min,0.793750006275502,0.793750006275502,0.44683872082478326,0.24023989063520776,0.32764078717785133,,0.12599999615478527,0.064,2.374000105594029,0.17399999915039063,0.372000006357422,0.05,2.2279999411859146,0.9620000017614746,0.014898211467070606,0.016893131568668597,63,50000,0.0103552826863133,0.012352682738312273,32,50000,0.06713638973171662,0.06904139163167872,1187,50000,0.01766845491625471,0.01966145505625193,87,50000,0.026250855960646823,0.028235936259040934,186,50000,0.009048206756063586,0.011046166796862796,25,50000,0.06505629031496284,0.06696713209812764,1114,50000,0.04268177056691545,0.044643251337300044,481,50000,0.89438,0.9749069288666666,0.2773810807291667,0.32762457719338245,0.2773241583828581,False,/data/suehara/part/march/datasets/20250711_ilc_nnqq_sgv_10m_3cat_parquet,val50k_tail,,proxy
84,84,0,,lr_5_75e-6,2.4191999999999995e-05,validation_total_reference_mistag_geomean_percent,0.32629848306022624,min,0.7947500077740104,0.7947500077740104,0.44164170729940816,0.241079359778907,0.32629848306022624,,0.12599999615478527,0.064,2.3799999527893076,0.17599999828125001,0.37000000903320335,0.04800000187500007,2.236000092802738,0.9580000112557985,0.014898211467070606,0.016893131568668597,63,50000,0.0103552826863133,0.012352682738312273,32,50000,0.06722038558307011,0.0691251474878321,1190,50000,0.017774964627493357,0.019767884769090572,88,50000,0.026177853606070133,0.02816301390286425,185,50000,0.008847301220312359,0.010845341259511579,24,50000,0.06517212499793437,0.06708264678749881,1118,50000,0.042591748699369845,0.04455338946655462,479,50000,0.8943666666666666,0.9748817954,0.2775068359375,0.32629848306022624,0.2776657615980571,False,/data/suehara/part/march/datasets/20250711_ilc_nnqq_sgv_10m_3cat_parquet,val50k_tail,,proxy
84,84,0,,lr_8_5e-6,2.3224319999999995e-05,validation_total_reference_mistag_geomean_percent,0.3270604146781922,min,0.7945000045280461,0.7945000045280461,0.4404390979649246,0.24286789102903328,0.3270604146781922,,0.128,0.064,2.3860000167474364,0.1780000073876956,0.3660000189880381,0.04800000187500007,2.221999955923463,0.9640000353027357,0.015023255758590748,0.017018095861788735,64,50000,0.0103552826863133,0.012352682738312273,32,50000,0.06730426781710735,0.06920878972666925,1193,50000,0.01788086961137308,0.019873709754570246,89,50000,0.026031249045641414,0.028016569339235544,183,50000,0.008847301220312359,0.010845341259511579,24,50000,0.06496926836380354,0.06688035014216845,1111,50000,0.042726709348848285,0.04468811012083296,482,50000,0.8943666666666666,0.9748938384666666,0.27744973958333335,0.32629848306022624,0.2774881795332275,False,/data/suehara/part/march/datasets/20250711_ilc_nnqq_sgv_10m_3cat_parquet,val50k_tail,,proxy
85,85,0,,lr_11_25e-6,2.0159999999999997e-05,validation_total_reference_mistag_geomean_percent,0.33130035587814316,min,0.7960000157795719,0.7960000157795719,0.44512579774643707,0.2465818120645263,0.33130035587814316,,0.13200000225585942,0.06600000112792971,2.3840000334667972,0.1780000073876956,0.3660000189880381,0.05,2.230000061248781,0.9620000017614746,0.01527044818788576,0.01726512829428365,66,50000,0.010529894247015226,0.01252721430061417,33,50000,0.06727631967073204,0.0691809215786942,1192,50000,0.01788086961137308,0.019873709754570246,89,50000,0.026031249045641414,0.028016569339235544,183,50000,0.009048206756063586,0.011046166796862796,25,50000,0.0650852697975806,0.06699603158234514,1115,50000,0.04268177056691545,0.044643251337300044,481,50000,0.8942266666666666,0.9748655651666667,0.2776083203125,0.32629848306022624,0.27789245045848937,False,/data/suehara/part/march/datasets/20250711_ilc_nnqq_sgv_10m_3cat_parquet,val50k_tail,,proxy
85,85,0,,lr_14e-6,1.6128e-05,validation_total_reference_mistag_geomean_percent,0.32974040469199406,min,0.7965000179049305,0.7965000179049305,0.44604834564139434,0.24375997702691563,0.32974040469199406,,0.12999999920654298,0.064,2.3840000334667972,0.1780000073876956,0.3660000189880381,0.05,2.230000061248781,0.9700000229415899,0.015147327248533623,0.01714208735333156,65,50000,0.0103552826863133,0.012352682738312273,32,50000,0.06727631967073204,0.0691809215786942,1192,50000,0.01788086961137308,0.019873709754570246,89,50000,0.026031249045641414,0.028016569339235544,183,50000,0.009048206756063586,0.011046166796862796,25,50000,0.0650852697975806,0.06699603158234514,1115,50000,0.042861238860203606,0.044822399636988176,485,50000,0.8941466666666666,0.9748313436,0.2777832421875,0.32629848306022624,0.2783113384902165,False,/data/suehara/part/march/datasets/20250711_ilc_nnqq_sgv_10m_3cat_parquet,val50k_tail,,proxy
85,85,0,,lr_3e-6,2.9030399999999992e-05,validation_total_reference_mistag_geomean_percent,0.3272974496540168,min,0.7915000150984579,0.7915000150984579,0.44266577791074824,0.24199661662488461,0.3272974496540168,,0.128,0.06600000112792971,2.3880000954675333,0.17000000103759766,0.3660000189880381,0.05,2.2179999959387207,0.9460000082278444,0.015023255758590748,0.017018095861788735,64,50000,0.010529894247015226,0.01252721430061417,33,50000,0.06733220338577643,0.06923664529693875,1194,50000,0.017453579376129062,0.019446739512926376,85,50000,0.026031249045641414,0.028016569339235544,183,50000,0.009048206756063586,0.011046166796862796,25,50000,0.06491118395996892,0.06682242573513367,1109,50000,0.04232051786245486,0.04428263862003984,473,50000,0.8943733333333334,0.9749263097666668,0.27729850260416666,0.32629848306022624,0.27713220829285085,False,/data/suehara/part/march/datasets/20250711_ilc_nnqq_sgv_10m_3cat_parquet,val50k_tail,,proxy
85,85,0,,lr_5_75e-6,2.4191999999999995e-05,validation_total_reference_mistag_geomean_percent,0.32703882846988885,min,0.7932500099199683,0.7932500099199683,0.44025672400626903,0.24293642662328632,0.32703882846988885,,0.12999999920654298,0.06600000112792971,2.3880000954675333,0.17000000103759766,0.37000000903320335,0.04800000187500007,2.221999955923463,0.9520000156884768,0.015147327248533623,0.01714208735333156,65,50000,0.010529894247015226,0.01252721430061417,33,50000,0.06733220338577643,0.06923664529693875,1194,50000,0.017453579376129062,0.019446739512926376,85,50000,0.026177853606070133,0.02816301390286425,185,50000,0.008847301220312359,0.010845341259511579,24,50000,0.06496926836380354,0.06688035014216845,1111,50000,0.04245635289667413,0.044418233659059,476,50000,0.8943733333333334,0.9748971240333333,0.27744673177083334,0.32629848306022624,0.2774925438819302,False,/data/suehara/part/march/datasets/20250711_ilc_nnqq_sgv_10m_3cat_parquet,val50k_tail,,proxy
85,85,0,,lr_8_5e-6,2.3224319999999995e-05,validation_total_reference_mistag_geomean_percent,0.3287806639619455,min,0.794000006603165,0.794000006603165,0.44477276410291766,0.2430380943250491,0.3287806639619455,,0.12999999920654298,0.06600000112792971,2.3920000708081077,0.17000000103759766,0.37000000903320335,0.05,2.221999955923463,0.9520000156884768,0.015147327248533623,0.01714208735333156,65,50000,0.010529894247015226,0.01252721430061417,33,50000,0.06738803685159972,0.06929231876596151,1196,50000,0.017453579376129062,0.019446739512926376,85,50000,0.026177853606070133,0.02816301390286425,185,50000,0.009048206756063586,0.011046166796862796,25,50000,0.06496926836380354,0.06688035014216845,1111,50000,0.04245635289667413,0.044418233659059,476,50000,0.8943933333333334,0.9749067813666668,0.2774150651041667,0.32629848306022624,0.2773196660496404,False,/data/suehara/part/march/datasets/20250711_ilc_nnqq_sgv_10m_3cat_parquet,val50k_tail,,proxy
86,86,0,,lr_11_25e-6,2.0159999999999997e-05,validation_total_reference_mistag_geomean_percent,0.327067552694688,min,0.7962500138307959,0.7962500138307959,0.4435086244333347,0.24119752837359315,0.327067552694688,,0.128,0.064,2.402000005131226,0.17200000713867217,0.36199998806884803,0.05,2.236000092802738,0.9560000175048832,0.015023255758590748,0.017018095861788735,64,50000,0.0103552826863133,0.012352682738312273,32,50000,0.06752740148097888,0.06943128340334073,1201,50000,0.01756133006938351,0.019554410207780776,86,50000,0.025883833775264396,0.027869314065658665,181,50000,0.009048206756063586,0.011046166796862796,25,50000,0.06517212499793437,0.06708264678749881,1118,50000,0.04254666531557927,0.04450838608116396,478,50000,0.89424,0.9748769018666668,0.2775157161458333,0.32629848306022624,0.27773643153888855,False,/data/suehara/part/march/datasets/20250711_ilc_nnqq_sgv_10m_3cat_parquet,val50k_tail,,proxy
86,86,0,,lr_14e-6,1.6128e-05,validation_total_reference_mistag_geomean_percent,0.3287574560762722,min,0.7950000187099272,0.7950000187099272,0.4449275098938815,0.2429192677960513,0.3287574560762722,,0.12999999920654298,0.064,2.3780000883549532,0.17599999828125001,0.3660000189880381,0.05,2.24000002734375,0.9560000175048832,0.015147327248533623,0.01714208735333156,65,50000,0.0103552826863133,0.012352682738312273,32,50000,0.06719239961080446,0.06909724151396672,1189,50000,0.017774964627493357,0.019767884769090572,88,50000,0.026031249045641414,0.028016569339235544,183,50000,0.009048206756063586,0.011046166796862796,25,50000,0.06522995927372398,0.06714032106648858,1120,50000,0.04254666531557927,0.04450838608116396,478,50000,0.89418,0.9748423327666668,0.27770733072916665,0.32629848306022624,0.278178532339356,False,/data/suehara/part/march/datasets/20250711_ilc_nnqq_sgv_10m_3cat_parquet,val50k_tail,,proxy
86,86,0,,lr_3e-6,2.9030399999999992e-05,validation_total_reference_mistag_geomean_percent,0.3278099074898609,min,0.7942500026560597,0.7942500026560597,0.4424788551996179,0.24285756073029172,0.3278099074898609,,0.128,0.06600000112792971,2.3939999499545297,0.17200000713867217,0.36199998806884803,0.05,2.234000051813966,0.9480000231445318,0.015023255758590748,0.017018095861788735,64,50000,0.010529894247015226,0.01252721430061417,33,50000,0.0674159347794738,0.06932013669543602,1197,50000,0.01756133006938351,0.019554410207780776,86,50000,0.025883833775264396,0.027869314065658665,181,50000,0.009048206756063586,0.011046166796862796,25,50000,0.06514318712085576,0.06705378890882047,1117,50000,0.042365845265087895,0.044327886024272956,474,50000,0.8944133333333333,0.9749381234,0.27720501302083334,0.32629848306022624,0.27692984067236776,False,/data/suehara/part/march/datasets/20250711_ilc_nnqq_sgv_10m_3cat_parquet,val50k_tail,,proxy
86,86,0,,lr_5_75e-6,2.4191999999999995e-05,validation_total_reference_mistag_geomean_percent,0.3275032033189605,min,0.7975000233935367,0.7975000233935367,0.44395197264176417,0.2415989899671643,0.3275032033189605,,0.12599999615478527,0.06600000112792971,2.4100000882568393,0.17000000103759766,0.3639999920019533,0.05,2.2420000928807107,0.9520000156884768,0.014898211467070606,0.016893131568668597,63,50000,0.010529894247015226,0.01252721430061417,33,50000,0.06763866889655593,0.06954223082531741,1205,50000,0.017453579376129062,0.019446739512926376,85,50000,0.02595764357849733,0.027943043870491593,182,50000,0.009048206756063586,0.011046166796862796,25,50000,0.06525885570861437,0.0671691375029787,1121,50000,0.04245635289667413,0.044418233659059,476,50000,0.8943333333333333,0.9749104126333332,0.2773478645833333,0.32629848306022624,0.2773147560195283,False,/data/suehara/part/march/datasets/20250711_ilc_nnqq_sgv_10m_3cat_parquet,val50k_tail,,proxy
86,86,0,,lr_8_5e-6,2.3224319999999995e-05,validation_total_reference_mistag_geomean_percent,0.32754563871401376,min,0.7955000264550602,0.7955000264550602,0.44287445784174634,0.2422495665327083,0.32754563871401376,,0.128,0.06600000112792971,2.398000105380864,0.17000000103759766,0.36199998806884803,0.05,2.2420000928807107,0.9480000231445318,0.015023255758590748,0.017018095861788735,64,50000,0.010529894247015226,0.01252721430061417,33,50000,0.06747169310171094,0.06937573502087263,1199,50000,0.017453579376129062,0.019446739512926376,85,50000,0.025883833775264396,0.027869314065658665,181,50000,0.009048206756063586,0.011046166796862796,25,50000,0.06525885570861437,0.0671691375029787,1121,50000,0.042365845265087895,0.044327886024272956,474,50000,0.8943,0.9749191525666667,0.27729953125,0.32629848306022624,0.27714411855509574,False,/data/suehara/part/march/datasets/20250711_ilc_nnqq_sgv_10m_3cat_parquet,val50k_tail,,proxy
87,87,0,,lr_11_25e-6,2.0159999999999997e-05,validation_total_reference_mistag_geomean_percent,0.32809658044866835,min,0.7945000141722686,0.7945000141722686,0.44412855960947567,0.2423788422810826,0.32809658044866835,,0.12999999920654298,0.064,2.3840000334667972,0.17399999915039063,0.3660000189880381,0.05,2.238000087934116,0.9499999746322638,0.015147327248533623,0.01714208735333156,65,50000,0.0103552826863133,0.012352682738312273,32,50000,0.06727631967073204,0.0691809215786942,1192,50000,0.01766845491625471,0.01966145505625193,87,50000,0.026031249045641414,0.028016569339235544,183,50000,0.009048206756063586,0.011046166796862796,25,50000,0.0652010490428543,0.06711149083401848,1119,50000,0.04241112355868257,0.04437308431946736,475,50000,0.8942533333333333,0.9748892980333332,0.27747912760416665,0.32629848306022624,0.2777516948507583,False,/data/suehara/part/march/datasets/20250711_ilc_nnqq_sgv_10m_3cat_parquet,val50k_tail,,proxy
87,87,0,,lr_14e-6,1.6128e-05,validation_total_reference_mistag_geomean_percent,0.3308700226248943,min,0.7955000218464096,0.7955000218464096,0.4464709638206292,0.24520065299426702,0.3308700226248943,,0.13399999640136728,0.064,2.3680000578125013,0.1780000073876956,0.37000000903320335,0.05,2.2420000928807107,0.9580000112557985,0.015392639991259324,0.01738724009925721,67,50000,0.0103552826863133,0.012352682738312273,32,50000,0.06705227984264775,0.06895752173780995,1184,50000,0.01788086961137308,0.019873709754570246,89,50000,0.026177853606070133,0.02816301390286425,185,50000,0.009048206756063586,0.011046166796862796,25,50000,0.06525885570861437,0.0671691375029787,1121,50000,0.042591748699369845,0.04455338946655462,479,50000,0.89406,0.9748511907999999,0.27767114583333335,0.32629848306022624,0.27819989856286464,False,/data/suehara/part/march/datasets/20250711_ilc_nnqq_sgv_10m_3cat_parquet,val50k_tail,,proxy
87,87,0,,lr_3e-6,2.9030399999999992e-05,validation_total_reference_mistag_geomean_percent,0.3252566809853754,min,0.7897500188254746,0.7897500188254746,0.44212445794771654,0.23928083286026372,0.3252566809853754,,0.12400000211914067,0.064,2.374000105594029,0.17399999915039063,0.3639999920019533,0.05,2.2240000678710956,0.9439999838671878,0.014772171240145963,0.016767171340144,62,50000,0.0103552826863133,0.012352682738312273,32,50000,0.06713638973171662,0.06904139163167872,1187,50000,0.01766845491625471,0.01966145505625193,87,50000,0.02595764357849733,0.027943043870491593,182,50000,0.009048206756063586,0.011046166796862796,25,50000,0.06499828961640738,0.06690929139637203,1112,50000,0.04227514119653827,0.044237341952523164,472,50000,0.8942733333333334,0.9749545940666667,0.2771363802083333,0.3252566809853754,0.27693054437297054,False,/data/suehara/part/march/datasets/20250711_ilc_nnqq_sgv_10m_3cat_parquet,val50k_tail,,proxy
87,87,0,,lr_5_75e-6,2.4191999999999995e-05,validation_total_reference_mistag_geomean_percent,0.32605602221144736,min,0.790500016932679,0.790500016932679,0.44224991759963495,0.240390162642372,0.32605602221144736,,0.128,0.064,2.3700000578613296,0.17200000713867217,0.3639999920019533,0.05,2.236000092802738,0.9399999856567385,0.015023255758590748,0.017018095861788735,64,50000,0.0103552826863133,0.012352682738312273,32,50000,0.06708032916925392,0.06898549106601655,1185,50000,0.01756133006938351,0.019554410207780776,86,50000,0.02595764357849733,0.027943043870491593,182,50000,0.009048206756063586,0.011046166796862796,25,50000,0.06517212499793437,0.06708264678749881,1118,50000,0.042184239453790275,0.044146600206575355,470,50000,0.8942666666666667,0.9749235275666667,0.2772975390625,0.3252566809853754,0.2773246903798333,False,/data/suehara/part/march/datasets/20250711_ilc_nnqq_sgv_10m_3cat_parquet,val50k_tail,,proxy
87,87,0,,lr_8_5e-6,2.3224319999999995e-05,validation_total_reference_mistag_geomean_percent,0.3279148984098229,min,0.7915000110334593,0.7915000110334593,0.44711836847600794,0.24049153016377223,0.3279148984098229,,0.128,0.064,2.374000105594029,0.17200000713867217,0.3639999920019533,0.052000000507812505,2.231999974797364,0.9460000082278444,0.015023255758590748,0.017018095861788735,64,50000,0.0103552826863133,0.012352682738312273,32,50000,0.06713638973171662,0.06904139163167872,1187,50000,0.01756133006938351,0.019554410207780776,86,50000,0.02595764357849733,0.027943043870491593,182,50000,0.00924516668895976,0.011243046731358937,26,50000,0.06511423539346806,0.06702491717983233,1116,50000,0.04232051786245486,0.04428263862003984,473,50000,0.8942666666666667,0.9749328942999999,0.27726127604166667,0.3252566809853754,0.2771596933593646,False,/data/suehara/part/march/datasets/20250711_ilc_nnqq_sgv_10m_3cat_parquet,val50k_tail,,proxy
88,88,0,,lr_11_25e-6,2.0159999999999997e-05,validation_total_reference_mistag_geomean_percent,0.3278773127267345,min,0.7950000045732881,0.7950000045732881,0.4415678719332958,0.24345868219584726,0.3278773127267345,,0.13200000225585942,0.064,2.3900000437622078,0.17399999915039063,0.37000000903320335,0.04800000187500007,2.2159999790356446,0.966000001473999,0.01527044818788576,0.01726512829428365,66,50000,0.0103552826863133,0.012352682738312273,32,50000,0.06736012639214847,0.06926448830491053,1195,50000,0.01766845491625471,0.01966145505625193,87,50000,0.026177853606070133,0.02816301390286425,185,50000,0.008847301220312359,0.010845341259511579,24,50000,0.06488212077182462,0.06679344254538963,1108,50000,0.042771600227054125,0.04473292100063888,483,50000,0.8942533333333333,0.9748741806666666,0.27756061197916665,0.3252566809853754,0.27776968074888914,False,/data/suehara/part/march/datasets/20250711_ilc_nnqq_sgv_10m_3cat_parquet,val50k_tail,,proxy
88,88,0,,lr_14e-6,1.6128e-05,validation_total_reference_mistag_geomean_percent,0.33073646759842545,min,0.8000000130463987,0.8000000130463987,0.4470565008977472,0.2446818484460508,0.33073646759842545,,0.13399999640136728,0.064,2.402000005131226,0.17399999915039063,0.3679999928125001,0.05,2.238000087934116,0.9700000229415899,0.015392639991259324,0.01738724009925721,67,50000,0.0103552826863133,0.012352682738312273,32,50000,0.06752740148097888,0.06943128340334073,1201,50000,0.01766845491625471,0.01966145505625193,87,50000,0.02610465184093207,0.028089892136126237,184,50000,0.009048206756063586,0.011046166796862796,25,50000,0.0652010490428543,0.06711149083401848,1119,50000,0.042861238860203606,0.044822399636988176,485,50000,0.8942533333333333,0.9748425447666667,0.27770805989583336,0.3252566809853754,0.27823463666728426,False,/data/suehara/part/march/datasets/20250711_ilc_nnqq_sgv_10m_3cat_parquet,val50k_tail,,proxy
88,88,0,,lr_3e-6,2.9030399999999992e-05,validation_total_reference_mistag_geomean_percent,0.32138124685977204,min,0.788999997557259,0.788999997557259,0.4335924478784237,0.2382096513408425,0.32138124685977204,,0.1220000017871094,0.064,2.3700000578613296,0.17399999915039063,0.3639999920019533,0.045999999101562515,2.221999955923463,0.9499999746322638,0.014645111011309716,0.016640191109707762,61,50000,0.0103552826863133,0.012352682738312273,32,50000,0.06708032916925392,0.06898549106601655,1185,50000,0.01766845491625471,0.01966145505625193,87,50000,0.02595764357849733,0.027943043870491593,182,50000,0.00864220347746196,0.010640323515061223,23,50000,0.06496926836380354,0.06688035014216845,1111,50000,0.04241112355868257,0.04437308431946736,475,50000,0.8943466666666666,0.9749335062666665,0.277251171875,0.32138124685977204,0.27691152379774925,False,/data/suehara/part/march/datasets/20250711_ilc_nnqq_sgv_10m_3cat_parquet,val50k_tail,,proxy
88,88,0,,lr_5_75e-6,2.4191999999999995e-05,validation_total_reference_mistag_geomean_percent,0.32232575276897935,min,0.7910000072978596,0.7910000072978596,0.43572457118252883,0.23843936690585926,0.32232575276897935,,0.12400000211914067,0.064,2.3680000578125013,0.17200000713867217,0.3679999928125001,0.045999999101562515,2.231999974797364,0.9540000246011359,0.014772171240145963,0.016767171340144,62,50000,0.0103552826863133,0.012352682738312273,32,50000,0.06705227984264775,0.06895752173780995,1184,50000,0.01756133006938351,0.019554410207780776,86,50000,0.02610465184093207,0.028089892136126237,184,50000,0.00864220347746196,0.010640323515061223,23,50000,0.06511423539346806,0.06702491717983233,1116,50000,0.04250153343169482,0.04446333419567978,477,50000,0.89428,0.9749058188666666,0.27738859375,0.32138124685977204,0.27732501951698346,False,/data/suehara/part/march/datasets/20250711_ilc_nnqq_sgv_10m_3cat_parquet,val50k_tail,,proxy
88,88,0,,lr_8_5e-6,2.3224319999999995e-05,validation_total_reference_mistag_geomean_percent,0.32167196668014647,min,0.7917499925352484,0.7917499925352484,0.43535922785391606,0.23767235773992457,0.32167196668014647,,0.1220000017871094,0.064,2.3759999209643583,0.17200000713867217,0.3660000189880381,0.045999999101562515,2.231999974797364,0.9560000175048832,0.014645111011309716,0.016640191109707762,61,50000,0.0103552826863133,0.012352682738312273,32,50000,0.06716440099887658,0.0690693229004391,1188,50000,0.01756133006938351,0.019554410207780776,86,50000,0.026031249045641414,0.028016569339235544,183,50000,0.00864220347746196,0.010640323515061223,23,50000,0.06511423539346806,0.06702491717983233,1116,50000,0.04254666531557927,0.04450838608116396,478,50000,0.89428,0.9749157091333333,0.27734233072916664,0.32138124685977204,0.27716493777494555,False,/data/suehara/part/march/datasets/20250711_ilc_nnqq_sgv_10m_3cat_parquet,val50k_tail,,proxy
89,89,0,,lr_11_25e-6,2.0159999999999997e-05,validation_total_reference_mistag_geomean_percent,0.3253996407938243,min,0.7907500211913497,0.7907500211913497,0.44664012643352,0.23706989131105366,0.3253996407938243,,0.1220000017871094,0.064,2.352000048808595,0.17200000713867217,0.372000006357422,0.05,2.238000087934116,0.9560000175048832,0.014645111011309716,0.016640191109707762,61,50000,0.0103552826863133,0.012352682738312273,32,50000,0.0668274260616334,0.06873330794399633,1176,50000,0.01756133006938351,0.019554410207780776,86,50000,0.026250855960646823,0.028235936259040934,186,50000,0.009048206756063586,0.011046166796862796,25,50000,0.0652010490428543,0.06711149083401848,1119,50000,0.04254666531557927,0.04450838608116396,478,50000,0.89438,0.9748953913333334,0.27739915364583334,0.32138124685977204,0.2770044237134232,False,/data/suehara/part/march/datasets/20250711_ilc_nnqq_sgv_10m_3cat_parquet,val50k_tail,,proxy
89,89,0,,lr_14e-6,1.6128e-05,validation_total_reference_mistag_geomean_percent,0.3288704752727853,min,0.7950000190244491,0.7950000190244491,0.44733927641948523,0.24177575099559628,0.3288704752727853,,0.128,0.064,2.3700000578613296,0.17599999828125001,0.372000006357422,0.05,2.238000087934116,0.9620000017614746,0.015023255758590748,0.017018095861788735,64,50000,0.0103552826863133,0.012352682738312273,32,50000,0.06708032916925392,0.06898549106601655,1185,50000,0.017774964627493357,0.019767884769090572,88,50000,0.026250855960646823,0.028235936259040934,186,50000,0.009048206756063586,0.011046166796862796,25,50000,0.0652010490428543,0.06711149083401848,1119,50000,0.04268177056691545,0.044643251337300044,481,50000,0.8943,0.9748590658,0.2775932682291667,0.32138124685977204,0.2774896051674429,False,/data/suehara/part/march/datasets/20250711_ilc_nnqq_sgv_10m_3cat_parquet,val50k_tail,,proxy
89,89,0,,lr_3e-6,2.9030399999999992e-05,validation_total_reference_mistag_geomean_percent,0.32590700742379297,min,0.7877500061204339,0.7877500061204339,0.44837324021795494,0.23689053663483753,0.32590700742379297,,0.12400000211914067,0.064,2.362000041267243,0.1679999991796875,0.372000006357422,0.052000000507812505,2.2179999959387207,0.9420000035934448,0.014772171240145963,0.016767171340144,62,50000,0.0103552826863133,0.012352682738312273,32,50000,0.06696805549281093,0.06887353738317323,1181,50000,0.017345191810809416,0.019338431946006734,84,50000,0.026250855960646823,0.028235936259040934,186,50000,0.00924516668895976,0.011243046731358937,26,50000,0.06491118395996892,0.06682242573513367,1109,50000,0.04222971511227726,0.04419199586666242,471,50000,0.8943466666666666,0.9749567391666667,0.2770846614583333,0.32138124685977204,0.27611280660845916,False,/data/suehara/part/march/datasets/20250711_ilc_nnqq_sgv_10m_3cat_parquet,val50k_tail,,proxy
89,89,0,,lr_5_75e-6,2.4191999999999995e-05,validation_total_reference_mistag_geomean_percent,0.32597465112011803,min,0.7889999989021884,0.7889999989021884,0.44981970568886587,0.23622680782771416,0.32597465112011803,,0.1220000017871094,0.064,2.345999904779667,0.17000000103759766,0.372000006357422,0.052000000507812505,2.2420000928807107,0.9439999838671878,0.014645111011309716,0.016640191109707762,61,50000,0.0103552826863133,0.012352682738312273,32,50000,0.0667428943944004,0.06864901627196343,1173,50000,0.017453579376129062,0.019446739512926376,85,50000,0.026250855960646823,0.028235936259040934,186,50000,0.00924516668895976,0.011243046731358937,26,50000,0.06525885570861437,0.0671691375029787,1121,50000,0.04227514119653827,0.044237341952523164,472,50000,0.8944266666666667,0.9749279497,0.27722627604166666,0.32138124685977204,0.2765431829243473,False,/data/suehara/part/march/datasets/20250711_ilc_nnqq_sgv_10m_3cat_parquet,val50k_tail,,proxy
89,89,0,,lr_8_5e-6,2.3224319999999995e-05,validation_total_reference_mistag_geomean_percent,0.3244843861565864,min,0.7847500123172001,0.7847500123172001,0.4474187768464211,0.23532789035261722,0.3244843861565864,,0.1220000017871094,0.064,2.338000046020814,0.1679999991796875,0.37000000903320335,0.052000000507812505,2.230000061248781,0.9339999807601933,0.014645111011309716,0.016640191109707762,61,50000,0.0103552826863133,0.012352682738312273,32,50000,0.06663000493057764,0.06853644680174034,1169,50000,0.017345191810809416,0.019338431946006734,84,50000,0.026177853606070133,0.02816301390286425,185,50000,0.00924516668895976,0.011243046731358937,26,50000,0.0650852697975806,0.06699603158234514,1115,50000,0.042047513461698945,0.04401011420968413,467,50000,0.8943733333333334,0.9749372542666667,0.2771913020833333,0.32138124685977204,0.27639077744888874,False,/data/suehara/part/march/datasets/20250711_ilc_nnqq_sgv_10m_3cat_parquet,val50k_tail,,proxy
90,90,0,,lr_11_25e-6,2.0159999999999997e-05,validation_total_reference_mistag_geomean_percent,0.3290332706249554,min,0.7952500107098012,0.7952500107098012,0.4507341198358952,0.24019236266731234,0.3290332706249554,,0.128,0.064,2.3900000437622078,0.17000000103759766,0.37400001392456106,0.052000000507812505,2.234000051813966,0.9499999746322638,0.015023255758590748,0.017018095861788735,64,50000,0.0103552826863133,0.012352682738312273,32,50000,0.06736012639214847,0.06926448830491053,1195,50000,0.017453579376129062,0.019446739512926376,85,50000,0.026323660502558435,0.028308660802552454,187,50000,0.00924516668895976,0.011243046731358937,26,50000,0.06514318712085576,0.06705378890882047,1117,50000,0.04241112355868257,0.04437308431946736,475,50000,0.89434,0.9748917616666667,0.2774606380208333,0.32138124685977204,0.27728476282076175,False,/data/suehara/part/march/datasets/20250711_ilc_nnqq_sgv_10m_3cat_parquet,val50k_tail,,proxy
90,90,0,,lr_14e-6,1.6128e-05,validation_total_reference_mistag_geomean_percent,0.33033202250357985,min,0.7967499903883747,0.7967499903883747,0.44673880122662896,0.24425737095522576,0.33033202250357985,,0.13200000225585942,0.064,2.3939999499545297,0.17599999828125001,0.37400001392456106,0.05,2.2279999411859146,0.9560000175048832,0.01527044818788576,0.01726512829428365,66,50000,0.0103552826863133,0.012352682738312273,32,50000,0.0674159347794738,0.06932013669543602,1197,50000,0.017774964627493357,0.019767884769090572,88,50000,0.026323660502558435,0.028308660802552454,187,50000,0.009048206756063586,0.011046166796862796,25,50000,0.06505629031496284,0.06696713209812764,1114,50000,0.04254666531557927,0.04450838608116396,478,50000,0.8942533333333333,0.9748517032333334,0.2776680078125,0.32138124685977204,0.277781256795043,False,/data/suehara/part/march/datasets/20250711_ilc_nnqq_sgv_10m_3cat_parquet,val50k_tail,,proxy
90,90,0,,lr_3e-6,2.9030399999999992e-05,validation_total_reference_mistag_geomean_percent,0.32762607519608433,min,0.7917500193334966,0.7917500193334966,0.4453393889076806,0.24102706345304165,0.32762607519608433,,0.12400000211914067,0.06600000112792971,2.3700000578613296,0.17399999915039063,0.37000000903320335,0.05,2.2240000678710956,0.9560000175048832,0.014772171240145963,0.016767171340144,62,50000,0.010529894247015226,0.01252721430061417,33,50000,0.06708032916925392,0.06898549106601655,1185,50000,0.01766845491625471,0.01966145505625193,87,50000,0.026177853606070133,0.02816301390286425,185,50000,0.009048206756063586,0.011046166796862796,25,50000,0.06499828961640738,0.06690929139637203,1112,50000,0.04254666531557927,0.04450838608116396,478,50000,0.8944266666666667,0.9749590523666667,0.2771120833333333,0.32138124685977204,0.27636492128232615,False,/data/suehara/part/march/datasets/20250711_ilc_nnqq_sgv_10m_3cat_parquet,val50k_tail,,proxy
90,90,0,,lr_5_75e-6,2.4191999999999995e-05,validation_total_reference_mistag_geomean_percent,0.3270588192508548,min,0.7919999902438738,0.7919999902438738,0.4441366804139391,0.2408435870463766,0.3270588192508548,,0.12599999615478527,0.06600000112792971,2.3799999527893076,0.17000000103759766,0.3679999928125001,0.05,2.2260000033966065,0.9499999746322638,0.014898211467070606,0.016893131568668597,63,50000,0.010529894247015226,0.01252721430061417,33,50000,0.06722038558307011,0.0691251474878321,1190,50000,0.017453579376129062,0.019446739512926376,85,50000,0.02610465184093207,0.028089892136126237,184,50000,0.009048206756063586,0.011046166796862796,25,50000,0.06502729692734292,0.0669382187089073,1113,50000,0.04241112355868257,0.04437308431946736,475,50000,0.8943066666666667,0.97492482,0.2772832421875,0.32138124685977204,0.27681354301733835,False,/data/suehara/part/march/datasets/20250711_ilc_nnqq_sgv_10m_3cat_parquet,val50k_tail,,proxy
90,90,0,,lr_8_5e-6,2.3224319999999995e-05,validation_total_reference_mistag_geomean_percent,0.32816758614856406,min,0.792749987816277,0.792749987816277,0.4440024171043378,0.24255265388176436,0.32816758614856406,,0.128,0.06600000112792971,2.381999937120668,0.17200000713867217,0.3679999928125001,0.05,2.2279999411859146,0.9480000231445318,0.015023255758590748,0.017018095861788735,64,50000,0.010529894247015226,0.01252721430061417,33,50000,0.06724835893121076,0.06915304083757318,1191,50000,0.01756133006938351,0.019554410207780776,86,50000,0.02610465184093207,0.028089892136126237,184,50000,0.009048206756063586,0.011046166796862796,25,50000,0.06505629031496284,0.06696713209812764,1114,50000,0.042365845265087895,0.044327886024272956,474,50000,0.89438,0.9749349072333334,0.27724407552083336,0.32138124685977204,0.27666283653838925,False,/data/suehara/part/march/datasets/20250711_ilc_nnqq_sgv_10m_3cat_parquet,val50k_tail,,proxy
91,91,0,,lr_11_25e-6,2.0159999999999997e-05,validation_total_reference_mistag_geomean_percent,0.3281146907669856,min,0.7922499863451392,0.7922499863451392,0.44460446054730735,0.24214613178776073,0.3281146907669856,,0.12599999615478527,0.06600000112792971,2.3759999209643583,0.17399999915039063,0.37000000903320335,0.05,2.2279999411859146,0.9480000231445318,0.014898211467070606,0.016893131568668597,63,50000,0.010529894247015226,0.01252721430061417,33,50000,0.06716440099887658,0.0690693229004391,1188,50000,0.01766845491625471,0.01966145505625193,87,50000,0.026177853606070133,0.02816301390286425,185,50000,0.009048206756063586,0.011046166796862796,25,50000,0.06505629031496284,0.06696713209812764,1114,50000,0.042365845265087895,0.044327886024272956,474,50000,0.8943866666666667,0.9749074039666666,0.27735006510416665,0.32138124685977204,0.27752285187213777,False,/data/suehara/part/march/datasets/20250711_ilc_nnqq_sgv_10m_3cat_parquet,val50k_tail,,proxy
91,91,0,,lr_14e-6,1.6128e-05,validation_total_reference_mistag_geomean_percent,0.3297246997294666,min,0.7972499974478159,0.7972499974478159,0.44670649552921016,0.24337765109703402,0.3297246997294666,,0.12999999920654298,0.064,2.3959998910510305,0.17599999828125001,0.372000006357422,0.05,2.230000061248781,0.9600000234375006,0.015147327248533623,0.01714208735333156,65,50000,0.0103552826863133,0.012352682738312273,32,50000,0.06744382019108416,0.06934794210864612,1198,50000,0.017774964627493357,0.019767884769090572,88,50000,0.026250855960646823,0.028235936259040934,186,50000,0.009048206756063586,0.011046166796862796,25,50000,0.0650852697975806,0.06699603158234514,1115,50000,0.042636783733323094,0.04459834450210795,480,50000,0.8942866666666667,0.9748687091333333,0.2775566536458333,0.32138124685977204,0.2780373027031334,False,/data/suehara/part/march/datasets/20250711_ilc_nnqq_sgv_10m_3cat_parquet,val50k_tail,,proxy
91,91,0,,lr_3e-6,2.9030399999999992e-05,validation_total_reference_mistag_geomean_percent,0.326632532872683,min,0.7919999988350307,0.7919999988350307,0.43713404114755655,0.2440642949031075,0.326632532872683,,0.128,0.06799999900390627,2.398000105380864,0.17000000103759766,0.36199998806884803,0.04800000187500007,2.2119999206817655,0.9499999746322638,0.015023255758590748,0.017018095861788735,64,50000,0.010701894656100771,0.01269913471129969,34,50000,0.06747169310171094,0.06937573502087263,1199,50000,0.017453579376129062,0.019446739512926376,85,50000,0.025883833775264396,0.027869314065658665,181,50000,0.008847301220312359,0.010845341259511579,24,50000,0.06482395233048735,0.0667354341008522,1106,50000,0.04241112355868257,0.04437308431946736,475,50000,0.8944733333333333,0.9749735458666665,0.27703479166666667,0.32138124685977204,0.27656682527870974,False,/data/suehara/part/march/datasets/20250711_ilc_nnqq_sgv_10m_3cat_parquet,val50k_tail,,proxy
91,91,0,,lr_5_75e-6,2.4191999999999995e-05,validation_total_reference_mistag_geomean_percent,0.32768156413617205,min,0.7925000156583029,0.7925000156583029,0.43766990870824024,0.24533376715717223,0.32768156413617205,,0.128,0.06799999900390627,2.3920000708081077,0.17399999915039063,0.3639999920019533,0.04800000187500007,2.22000005419922,0.9460000082278444,0.015023255758590748,0.017018095861788735,64,50000,0.010701894656100771,0.01269913471129969,34,50000,0.06738803685159972,0.06929231876596151,1196,50000,0.01766845491625471,0.01966145505625193,87,50000,0.02595764357849733,0.027943043870491593,182,50000,0.008847301220312359,0.010845341259511579,24,50000,0.06494023315113603,0.06685139492790051,1110,50000,0.04232051786245486,0.04428263862003984,473,50000,0.8943933333333334,0.9749407966999999,0.277190546875,0.32138124685977204,0.27703149764949736,False,/data/suehara/part/march/datasets/20250711_ilc_nnqq_sgv_10m_3cat_parquet,val50k_tail,,proxy
91,91,0,,lr_8_5e-6,2.3224319999999995e-05,validation_total_reference_mistag_geomean_percent,0.32699758311593013,min,0.7919999906755069,0.7919999906755069,0.4374726230472199,0.2444208248252328,0.32699758311593013,,0.12599999615478527,0.06799999900390627,2.3939999499545297,0.17399999915039063,0.3639999920019533,0.04800000187500007,2.2159999790356446,0.9460000082278444,0.014898211467070606,0.016893131568668597,63,50000,0.010701894656100771,0.01269913471129969,34,50000,0.0674159347794738,0.06932013669543602,1197,50000,0.01766845491625471,0.01966145505625193,87,50000,0.02595764357849733,0.027943043870491593,182,50000,0.008847301220312359,0.010845341259511579,24,50000,0.06488212077182462,0.06679344254538963,1108,50000,0.04232051786245486,0.04428263862003984,473,50000,0.8944266666666667,0.9749511436999999,0.2771401432291667,0.32138124685977204,0.27688724960048444,False,/data/suehara/part/march/datasets/20250711_ilc_nnqq_sgv_10m_3cat_parquet,val50k_tail,,proxy
92,92,0,,lr_11_25e-6,2.0159999999999997e-05,validation_total_reference_mistag_geomean_percent,0.32894643561165854,min,0.7947500049000549,0.7947500049000549,0.44613674373685835,0.24253944338966452,0.32894643561165854,,0.12400000211914067,0.06799999900390627,2.3860000167474364,0.17200000713867217,0.37000000903320335,0.05,2.2260000033966065,0.9620000017614746,0.014772171240145963,0.016767171340144,62,50000,0.010701894656100771,0.01269913471129969,34,50000,0.06730426781710735,0.06920878972666925,1193,50000,0.01756133006938351,0.019554410207780776,86,50000,0.026177853606070133,0.02816301390286425,185,50000,0.009048206756063586,0.011046166796862796,25,50000,0.06502729692734292,0.0669382187089073,1113,50000,0.04268177056691545,0.044643251337300044,481,50000,0.8942466666666666,0.9749067287666667,0.27740791666666664,0.32138124685977204,0.27721944343527405,False,/data/suehara/part/march/datasets/20250711_ilc_nnqq_sgv_10m_3cat_parquet,val50k_tail,,proxy
92,92,0,,lr_14e-6,1.6128e-05,validation_total_reference_mistag_geomean_percent,0.3324748763364332,min,0.7962499984239204,0.7962499984239204,0.44703136110666714,0.24727469482515896,0.3324748763364332,,0.12999999920654298,0.06799999900390627,2.3759999209643583,0.1780000073876956,0.37000000903320335,0.05,2.230000061248781,0.9679999905468751,0.015147327248533623,0.01714208735333156,65,50000,0.010701894656100771,0.01269913471129969,34,50000,0.06716440099887658,0.0690693229004391,1188,50000,0.01788086961137308,0.019873709754570246,89,50000,0.026177853606070133,0.02816301390286425,185,50000,0.009048206756063586,0.011046166796862796,25,50000,0.0650852697975806,0.06699603158234514,1115,50000,0.0428164433487024,0.04477768412388689,484,50000,0.8942133333333333,0.9748671697,0.27760243489583336,0.32138124685977204,0.2777353150895072,False,/data/suehara/part/march/datasets/20250711_ilc_nnqq_sgv_10m_3cat_parquet,val50k_tail,,proxy
92,92,0,,lr_3e-6,2.9030399999999992e-05,validation_total_reference_mistag_geomean_percent,0.32565832804054057,min,0.7922500041744622,0.7922500041744622,0.44058471231322344,0.24071045512528857,0.32565832804054057,,0.12000000292968757,0.06799999900390627,2.3920000708081077,0.17200000713867217,0.372000006357422,0.04800000187500007,2.2119999206817655,0.9540000246011359,0.014517005727858294,0.016512165824656387,60,50000,0.010701894656100771,0.01269913471129969,34,50000,0.06738803685159972,0.06929231876596151,1196,50000,0.01756133006938351,0.019554410207780776,86,50000,0.026250855960646823,0.028235936259040934,186,50000,0.008847301220312359,0.010845341259511579,24,50000,0.06482395233048735,0.0667354341008522,1106,50000,0.04250153343169482,0.04446333419567978,477,50000,0.89442,0.9749794184333332,0.2770584765625,0.32138124685977204,0.2762625350278653,False,/data/suehara/part/march/datasets/20250711_ilc_nnqq_sgv_10m_3cat_parquet,val50k_tail,,proxy
92,92,0,,lr_5_75e-6,2.4191999999999995e-05,validation_total_reference_mistag_geomean_percent,0.3292968989940546,min,0.794500002005635,0.794500002005635,0.44449922480100207,0.24395193880404747,0.3292968989940546,,0.12400000211914067,0.06799999900390627,2.4139999176744107,0.17399999915039063,0.372000006357422,0.05,2.200000067138674,0.9540000246011359,0.014772171240145963,0.016767171340144,62,50000,0.010701894656100771,0.01269913471129969,34,50000,0.06769422817458522,0.06959763010654686,1207,50000,0.01766845491625471,0.01966145505625193,87,50000,0.026250855960646823,0.028235936259040934,186,50000,0.009048206756063586,0.011046166796862796,25,50000,0.06464910914443858,0.06656107090520363,1100,50000,0.04250153343169482,0.04446333419567978,477,50000,0.89436,0.9749439608333335,0.27723673177083336,0.32138124685977204,0.27673040341048627,False,/data/suehara/part/march/datasets/20250711_ilc_nnqq_sgv_10m_3cat_parquet,val50k_tail,,proxy
92,92,0,,lr_8_5e-6,2.3224319999999995e-05,validation_total_reference_mistag_geomean_percent,0.3275139638147168,min,0.7944999968938833,0.7944999968938833,0.4413376414195759,0.24304610898042878,0.3275139638147168,,0.12400000211914067,0.06799999900390627,2.4060000212933352,0.17200000713867217,0.37400001392456106,0.04800000187500007,2.2059999185406522,0.9580000112557985,0.014772171240145963,0.016767171340144,62,50000,0.010701894656100771,0.01269913471129969,34,50000,0.0675830600388904,0.06948678196445242,1203,50000,0.01756133006938351,0.019554410207780776,86,50000,0.026323660502558435,0.028308660802552454,187,50000,0.008847301220312359,0.010845341259511579,24,50000,0.06473659422682257,0.06664831599238752,1103,50000,0.042591748699369845,0.04455338946655462,479,50000,0.8944,0.9749524408666667,0.27718130208333336,0.32138124685977204,0.2765916441733471,False,/data/suehara/part/march/datasets/20250711_ilc_nnqq_sgv_10m_3cat_parquet,val50k_tail,,proxy
93,93,0,,lr_11_25e-6,2.0159999999999997e-05,validation_total_reference_mistag_geomean_percent,0.33163371321323987,min,0.7940000013898856,0.7940000013898856,0.4490438070595047,0.24492247306514436,0.33163371321323987,,0.128,0.06799999900390627,2.3759999209643583,0.17399999915039063,0.3660000189880381,0.052000000507812505,2.230000061248781,0.9580000112557985,0.015023255758590748,0.017018095861788735,64,50000,0.010701894656100771,0.01269913471129969,34,50000,0.06716440099887658,0.0690693229004391,1188,50000,0.01766845491625471,0.01966145505625193,87,50000,0.026031249045641414,0.028016569339235544,183,50000,0.00924516668895976,0.011243046731358937,26,50000,0.0650852697975806,0.06699603158234514,1115,50000,0.042591748699369845,0.04455338946655462,479,50000,0.8943866666666667,0.9749215297333333,0.27731430989583333,0.32138124685977204,0.2768384967879687,False,/data/suehara/part/march/datasets/20250711_ilc_nnqq_sgv_10m_3cat_parquet,val50k_tail,,proxy
93,93,0,,lr_14e-6,1.6128e-05,validation_total_reference_mistag_geomean_percent,0.3312707261509647,min,0.7947499893997959,0.7947499893997959,0.446140353160996,0.2459770635564681,0.3312707261509647,,0.12999999920654298,0.06799999900390627,2.3799999527893076,0.17399999915039063,0.372000006357422,0.05,2.2279999411859146,0.9560000175048832,0.015147327248533623,0.01714208735333156,65,50000,0.010701894656100771,0.01269913471129969,34,50000,0.06722038558307011,0.0691251474878321,1190,50000,0.01766845491625471,0.01966145505625193,87,50000,0.026250855960646823,0.028235936259040934,186,50000,0.009048206756063586,0.011046166796862796,25,50000,0.06505629031496284,0.06696713209812764,1114,50000,0.04254666531557927,0.04450838608116396,478,50000,0.8942,0.9748808353,0.2775275911458333,0.32138124685977204,0.2773793310252927,False,/data/suehara/part/march/datasets/20250711_ilc_nnqq_sgv_10m_3cat_parquet,val50k_tail,,proxy
93,93,0,,lr_3e-6,2.9030399999999992e-05,validation_total_reference_mistag_geomean_percent,0.3282719232909618,min,0.7939999949989709,0.7939999949989709,0.4390649307002889,0.2454362625802767,0.3282719232909618,,0.128,0.06799999900390627,2.3959998910510305,0.17399999915039063,0.3679999928125001,0.04800000187500007,2.2240000678710956,0.9460000082278444,0.015023255758590748,0.017018095861788735,64,50000,0.010701894656100771,0.01269913471129969,34,50000,0.06744382019108416,0.06934794210864612,1198,50000,0.01766845491625471,0.01966145505625193,87,50000,0.02610465184093207,0.028089892136126237,184,50000,0.008847301220312359,0.010845341259511579,24,50000,0.06499828961640738,0.06690929139637203,1112,50000,0.04232051786245486,0.04428263862003984,473,50000,0.89436,0.9749915053333332,0.2769636067708333,0.32138124685977204,0.2758361168464365,False,/data/suehara/part/march/datasets/20250711_ilc_nnqq_sgv_10m_3cat_parquet,val50k_tail,,proxy
93,93,0,,lr_5_75e-6,2.4191999999999995e-05,validation_total_reference_mistag_geomean_percent,0.327410890731005,min,0.7935000160513692,0.7935000160513692,0.4387625929419827,0.2443186659338682,0.327410890731005,,0.12599999615478527,0.06799999900390627,2.3900000437622078,0.17399999915039063,0.3660000189880381,0.04800000187500007,2.230000061248781,0.9460000082278444,0.014898211467070606,0.016893131568668597,63,50000,0.010701894656100771,0.01269913471129969,34,50000,0.06736012639214847,0.06926448830491053,1195,50000,0.01766845491625471,0.01966145505625193,87,50000,0.026031249045641414,0.028016569339235544,183,50000,0.008847301220312359,0.010845341259511579,24,50000,0.0650852697975806,0.06699603158234514,1115,50000,0.04232051786245486,0.04428263862003984,473,50000,0.8943533333333333,0.9749580954333332,0.27713479166666666,0.32138124685977204,0.2763261604439458,False,/data/suehara/part/march/datasets/20250711_ilc_nnqq_sgv_10m_3cat_parquet,val50k_tail,,proxy
93,93,0,,lr_8_5e-6,2.3224319999999995e-05,validation_total_reference_mistag_geomean_percent,0.3290618682714079,min,0.7930000047342302,0.7930000047342302,0.44319869190665484,0.2443186659338682,0.3290618682714079,,0.12599999615478527,0.06799999900390627,2.3900000437622078,0.17399999915039063,0.3679999928125001,0.05,2.2260000033966065,0.9420000035934448,0.014898211467070606,0.016893131568668597,63,50000,0.010701894656100771,0.01269913471129969,34,50000,0.06736012639214847,0.06926448830491053,1195,50000,0.01766845491625471,0.01966145505625193,87,50000,0.02610465184093207,0.028089892136126237,184,50000,0.009048206756063586,0.011046166796862796,25,50000,0.06502729692734292,0.0669382187089073,1113,50000,0.04222971511227726,0.04419199586666242,471,50000,0.8943933333333334,0.9749649130666667,0.277105625,0.32138124685977204,0.2761922235495694,False,/data/suehara/part/march/datasets/20250711_ilc_nnqq_sgv_10m_3cat_parquet,val50k_tail,,proxy
94,94,0,,lr_11_25e-6,2.0159999999999997e-05,validation_total_reference_mistag_geomean_percent,0.33139459027916435,min,0.7960000058805852,0.7960000058805852,0.4517796149760434,0.24308837943500128,0.33139459027916435,,0.12400000211914067,0.06799999900390627,2.3799999527893076,0.17399999915039063,0.372000006357422,0.052000000507812505,2.234000051813966,0.9640000353027357,0.014772171240145963,0.016767171340144,62,50000,0.010701894656100771,0.01269913471129969,34,50000,0.06722038558307011,0.0691251474878321,1190,50000,0.01766845491625471,0.01966145505625193,87,50000,0.026250855960646823,0.028235936259040934,186,50000,0.00924516668895976,0.011243046731358937,26,50000,0.06514318712085576,0.06705378890882047,1117,50000,0.042726709348848285,0.04468811012083296,482,50000,0.8943733333333334,0.9749012498333333,0.27748526041666666,0.32138124685977204,0.2768820548531104,False,/data/suehara/part/march/datasets/20250711_ilc_nnqq_sgv_10m_3cat_parquet,val50k_tail,,proxy
94,94,0,,lr_14e-6,1.6128e-05,validation_total_reference_mistag_geomean_percent,0.3322576929474339,min,0.7974999992742542,0.7974999992742542,0.45382546809306074,0.24325469213224896,0.3322576929474339,,0.128,0.06600000112792971,2.381999937120668,0.17399999915039063,0.3780000029992676,0.052000000507812505,2.234000051813966,0.966000001473999,0.015023255758590748,0.017018095861788735,64,50000,0.010529894247015226,0.01252721430061417,33,50000,0.06724835893121076,0.06915304083757318,1191,50000,0.01766845491625471,0.01966145505625193,87,50000,0.026468682433917427,0.028453522737111436,189,50000,0.00924516668895976,0.011243046731358937,26,50000,0.06514318712085576,0.06705378890882047,1117,50000,0.042771600227054125,0.04473292100063888,483,50000,0.89424,0.9748625739333332,0.2776789453125,0.32138124685977204,0.2774294898495234,False,/data/suehara/part/march/datasets/20250711_ilc_nnqq_sgv_10m_3cat_parquet,val50k_tail,,proxy
94,94,0,,lr_3e-6,2.9030399999999992e-05,validation_total_reference_mistag_geomean_percent,0.33052922643937277,min,0.7972499778474623,0.7972499778474623,0.44302428852321823,0.2465995033698577,0.33052922643937277,,0.128,0.06799999900390627,2.4139999176744107,0.17599999828125001,0.3639999920019533,0.05,2.2279999411859146,0.9499999746322638,0.015023255758590748,0.017018095861788735,64,50000,0.010701894656100771,0.01269913471129969,34,50000,0.06769422817458522,0.06959763010654686,1207,50000,0.017774964627493357,0.019767884769090572,88,50000,0.02595764357849733,0.027943043870491593,182,50000,0.009048206756063586,0.011046166796862796,25,50000,0.06505629031496284,0.06696713209812764,1114,50000,0.04241112355868257,0.04437308431946736,475,50000,0.89438,0.9749717048000001,0.27716372395833333,0.32138124685977204,0.2758579913289291,False,/data/suehara/part/march/datasets/20250711_ilc_nnqq_sgv_10m_3cat_parquet,val50k_tail,,proxy
94,94,0,,lr_5_75e-6,2.4191999999999995e-05,validation_total_reference_mistag_geomean_percent,0.3319548263418005,min,0.7947499857600411,0.7947499857600411,0.44945710555841095,0.24517135310322566,0.3319548263418005,,0.12599999615478527,0.06799999900390627,2.3959998910510305,0.17599999828125001,0.372000006357422,0.052000000507812505,2.2159999790356446,0.9520000156884768,0.014898211467070606,0.016893131568668597,63,50000,0.010701894656100771,0.01269913471129969,34,50000,0.06744382019108416,0.06934794210864612,1198,50000,0.017774964627493357,0.019767884769090572,88,50000,0.026250855960646823,0.028235936259040934,186,50000,0.00924516668895976,0.011243046731358937,26,50000,0.06488212077182462,0.06679344254538963,1108,50000,0.04245635289667413,0.044418233659059,476,50000,0.8943533333333333,0.9749387996333333,0.27729614583333334,0.32138124685977204,0.2763611299936597,False,/data/suehara/part/march/datasets/20250711_ilc_nnqq_sgv_10m_3cat_parquet,val50k_tail,,proxy
94,94,0,,lr_8_5e-6,2.3224319999999995e-05,validation_total_reference_mistag_geomean_percent,0.33178361319412647,min,0.7944999945715334,0.7944999945715334,0.44908733260211314,0.24512017594956262,0.33178361319412647,,0.12599999615478527,0.06799999900390627,2.3939999499545297,0.17599999828125001,0.37000000903320335,0.052000000507812505,2.2159999790356446,0.9540000246011359,0.014898211467070606,0.016893131568668597,63,50000,0.010701894656100771,0.01269913471129969,34,50000,0.0674159347794738,0.06932013669543602,1197,50000,0.017774964627493357,0.019767884769090572,88,50000,0.026177853606070133,0.02816301390286425,185,50000,0.00924516668895976,0.011243046731358937,26,50000,0.06488212077182462,0.06679344254538963,1108,50000,0.04250153343169482,0.04446333419567978,477,50000,0.89426,0.9749460862666667,0.2772607421875,0.32138124685977204,0.2762310933162211,False,/data/suehara/part/march/datasets/20250711_ilc_nnqq_sgv_10m_3cat_parquet,val50k_tail,,proxy
95,95,0,,lr_11_25e-6,3e-05,validation_total_reference_mistag_geomean_percent,0.32658352090776444,min,0.7887499982537848,0.7887499982537848,0.4410224915403603,0.24183981128942372,0.32658352090776444,,0.12599999615478527,0.06600000112792971,2.363999934349367,0.17399999915039063,0.357999985360108,0.05,2.22000005419922,0.9520000156884768,0.014898211467070606,0.016893131568668597,63,50000,0.010529894247015226,0.01252721430061417,33,50000,0.06699614302017702,0.06890154491213975,1182,50000,0.01766845491625471,0.01966145505625193,87,50000,0.02573559438829192,0.02772123467548629,179,50000,0.009048206756063586,0.011046166796862796,25,50000,0.06494023315113603,0.06685139492790051,1110,50000,0.04245635289667413,0.044418233659059,476,50000,0.8943666666666666,0.9750108661333333,0.2769059635416667,0.32138124685977204,0.27559994734196025,False,/data/suehara/part/march/datasets/20250711_ilc_nnqq_sgv_10m_3cat_parquet,val50k_tail,,proxy
95,95,0,,lr_14e-6,1.6128e-05,validation_total_reference_mistag_geomean_percent,0.32761360382520927,min,0.7977500181147581,0.7977500181147581,0.4429948987414285,0.2422842197873456,0.32761360382520927,,0.128,0.064,2.3900000437622078,0.17599999828125001,0.372000006357422,0.04800000187500007,2.2420000928807107,0.9620000017614746,0.015023255758590748,0.017018095861788735,64,50000,0.0103552826863133,0.012352682738312273,32,50000,0.06736012639214847,0.06926448830491053,1195,50000,0.017774964627493357,0.019767884769090572,88,50000,0.026250855960646823,0.028235936259040934,186,50000,0.008847301220312359,0.010845341259511579,24,50000,0.06525885570861437,0.0671691375029787,1121,50000,0.04268177056691545,0.044643251337300044,481,50000,0.8943133333333333,0.9748887406666666,0.2774755208333333,0.32138124685977204,0.27720182512783537,False,/data/suehara/part/march/datasets/20250711_ilc_nnqq_sgv_10m_3cat_parquet,val50k_tail,,proxy
95,95,0,,lr_3e-6,2.9030399999999992e-05,validation_total_reference_mistag_geomean_percent,0.3255978042766654,min,0.7892500088375858,0.7892500088375858,0.4410224915403603,0.2403821396489567,0.3255978042766654,,0.12400000211914067,0.06600000112792971,2.3720000050671386,0.17200000713867217,0.357999985360108,0.05,2.22000005419922,0.9520000156884768,0.014772171240145963,0.016767171340144,62,50000,0.010529894247015226,0.01252721430061417,33,50000,0.0671083657937211,0.06901344769208347,1186,50000,0.01756133006938351,0.019554410207780776,86,50000,0.02573559438829192,0.02772123467548629,179,50000,0.009048206756063586,0.011046166796862796,25,50000,0.06494023315113603,0.06685139492790051,1110,50000,0.04245635289667413,0.044418233659059,476,50000,0.8943866666666667,0.9750098961666667,0.27691760416666666,0.32138124685977204,0.2755921402895581,False,/data/suehara/part/march/datasets/20250711_ilc_nnqq_sgv_10m_3cat_parquet,val50k_tail,,proxy
95,95,0,,lr_5_75e-6,2.4191999999999995e-05,validation_total_reference_mistag_geomean_percent,0.3266817794504698,min,0.7912500099505618,0.7912500099505618,0.44212445794771654,0.24138222418255287,0.3266817794504698,,0.12400000211914067,0.06600000112792971,2.3840000334667972,0.17399999915039063,0.3639999920019533,0.05,2.2240000678710956,0.9439999838671878,0.014772171240145963,0.016767171340144,62,50000,0.010529894247015226,0.01252721430061417,33,50000,0.06727631967073204,0.0691809215786942,1192,50000,0.01766845491625471,0.01966145505625193,87,50000,0.02595764357849733,0.027943043870491593,182,50000,0.009048206756063586,0.011046166796862796,25,50000,0.06499828961640738,0.06690929139637203,1112,50000,0.04227514119653827,0.044237341952523164,472,50000,0.89432,0.9749733750666666,0.27707704427083335,0.32138124685977204,0.27610865948116253,False,/data/suehara/part/march/datasets/20250711_ilc_nnqq_sgv_10m_3cat_parquet,val50k_tail,,proxy
95,95,0,,lr_8_5e-6,2.3224319999999995e-05,validation_total_reference_mistag_geomean_percent,0.3257682275694386,min,0.7887499908161929,0.7887499908161929,0.44048897586949454,0.2409252987188846,0.3257682275694386,,0.12400000211914067,0.06600000112792971,2.3660000137188724,0.17399999915039063,0.357999985360108,0.05,2.2279999411859146,0.9439999838671878,0.014772171240145963,0.016767171340144,62,50000,0.010529894247015226,0.01252721430061417,33,50000,0.06702421779820021,0.06892953969176267,1183,50000,0.01766845491625471,0.01966145505625193,87,50000,0.02573559438829192,0.02772123467548629,179,50000,0.009048206756063586,0.011046166796862796,25,50000,0.06505629031496284,0.06696713209812764,1114,50000,0.04227514119653827,0.044237341952523164,472,50000,0.8942933333333334,0.9749808432333333,0.2770428776041667,0.32138124685977204,0.2759841205902408,False,/data/suehara/part/march/datasets/20250711_ilc_nnqq_sgv_10m_3cat_parquet,val50k_tail,,proxy
96,96,0,,lr_11_25e-6,3e-05,validation_total_reference_mistag_geomean_percent,0.32662908829862225,min,0.7884999984316637,0.7884999984316637,0.44500051214603314,0.23974480570435494,0.32662908829862225,,0.1220000017871094,0.06600000112792971,2.3579999960421754,0.17399999915039063,0.37000000903320335,0.05,2.207999956875001,0.9600000234375006,0.014645111011309716,0.016640191109707762,61,50000,0.010529894247015226,0.01252721430061417,33,50000,0.06691184212681209,0.06881748401397492,1179,50000,0.01766845491625471,0.01966145505625193,87,50000,0.026177853606070133,0.02816301390286425,185,50000,0.009048206756063586,0.011046166796862796,25,50000,0.06476572767847195,0.06667736944563664,1104,50000,0.042636783733323094,0.04459834450210795,480,50000,0.8945533333333333,0.9750127858000001,0.27685829427083336,0.32138124685977204,0.2759532751014606,False,/data/suehara/part/march/datasets/20250711_ilc_nnqq_sgv_10m_3cat_parquet,val50k_tail,,proxy
96,96,0,,lr_14e-6,1.6128e-05,validation_total_reference_mistag_geomean_percent,0.32745291861278086,min,0.7920000143009189,0.7920000143009189,0.44153817267597584,0.24284517295114186,0.32745291861278086,,0.128,0.06600000112792971,2.3660000137188724,0.17399999915039063,0.37000000903320335,0.04800000187500007,2.22000005419922,0.9640000353027357,0.015023255758590748,0.017018095861788735,64,50000,0.010529894247015226,0.01252721430061417,33,50000,0.06702421779820021,0.06892953969176267,1183,50000,0.01766845491625471,0.01966145505625193,87,50000,0.026177853606070133,0.02816301390286425,185,50000,0.008847301220312359,0.010845341259511579,24,50000,0.06494023315113603,0.06685139492790051,1110,50000,0.042726709348848285,0.04468811012083296,482,50000,0.8943533333333333,0.9748960770666666,0.27744069010416667,0.32138124685977204,0.27761717571893346,False,/data/suehara/part/march/datasets/20250711_ilc_nnqq_sgv_10m_3cat_parquet,val50k_tail,,proxy
96,96,0,,lr_3e-6,2.9030399999999992e-05,validation_total_reference_mistag_geomean_percent,0.3266612918326866,min,0.7887499992930036,0.7887499992930036,0.4448997059207098,0.23984641518467784,0.3266612918326866,,0.1220000017871094,0.06600000112792971,2.362000041267243,0.17399999915039063,0.37000000903320335,0.05,2.2059999185406522,0.9600000234375006,0.014645111011309716,0.016640191109707762,61,50000,0.010529894247015226,0.01252721430061417,33,50000,0.06696805549281093,0.06887353738317323,1181,50000,0.01766845491625471,0.01966145505625193,87,50000,0.026177853606070133,0.02816301390286425,185,50000,0.009048206756063586,0.011046166796862796,25,50000,0.06473659422682257,0.06664831599238752,1103,50000,0.042636783733323094,0.04459834450210795,480,50000,0.8945533333333333,0.9750127139666667,0.2768624609375,0.32138124685977204,0.27594724345751914,False,/data/suehara/part/march/datasets/20250711_ilc_nnqq_sgv_10m_3cat_parquet,val50k_tail,,proxy
96,96,0,,lr_5_75e-6,2.4191999999999995e-05,validation_total_reference_mistag_geomean_percent,0.3274441398756146,min,0.7892500244394883,0.7892500244394883,0.44269594918699184,0.24219707665224688,0.3274441398756146,,0.12599999615478527,0.06600000112792971,2.3780000883549532,0.17399999915039063,0.3660000189880381,0.05,2.200000067138674,0.9540000246011359,0.014898211467070606,0.016893131568668597,63,50000,0.010529894247015226,0.01252721430061417,33,50000,0.06719239961080446,0.06909724151396672,1189,50000,0.01766845491625471,0.01966145505625193,87,50000,0.026031249045641414,0.028016569339235544,183,50000,0.009048206756063586,0.011046166796862796,25,50000,0.06464910914443858,0.06656107090520363,1100,50000,0.04250153343169482,0.04446333419567978,477,50000,0.8945066666666667,0.9749776957999999,0.27701700520833333,0.32138124685977204,0.27648260682353176,False,/data/suehara/part/march/datasets/20250711_ilc_nnqq_sgv_10m_3cat_parquet,val50k_tail,,proxy
96,96,0,,lr_8_5e-6,2.3224319999999995e-05,validation_total_reference_mistag_geomean_percent,0.3282209283550602,min,0.7910000120930295,0.7910000120930295,0.4447988361351602,0.24219707665224688,0.3282209283550602,,0.12599999615478527,0.06600000112792971,2.3780000883549532,0.17399999915039063,0.37000000903320335,0.05,2.2039999794854737,0.9600000234375006,0.014898211467070606,0.016893131568668597,63,50000,0.010529894247015226,0.01252721430061417,33,50000,0.06719239961080446,0.06909724151396672,1189,50000,0.01766845491625471,0.01966145505625193,87,50000,0.026177853606070133,0.02816301390286425,185,50000,0.009048206756063586,0.011046166796862796,25,50000,0.06470744666645482,0.06661924843042004,1102,50000,0.042636783733323094,0.04459834450210795,480,50000,0.8945466666666667,0.9749839258666668,0.277008671875,0.32138124685977204,0.27636250301748727,False,/data/suehara/part/march/datasets/20250711_ilc_nnqq_sgv_10m_3cat_parquet,val50k_tail,,proxy
97,97,0,,lr_11_25e-6,3e-05,validation_total_reference_mistag_geomean_percent,0.32716024403585686,min,0.7910000214062697,0.7910000214062697,0.4436999296979741,0.24123020562671532,0.32716024403585686,,0.12400000211914067,0.06600000112792971,2.3780000883549532,0.17399999915039063,0.37000000903320335,0.05,2.2240000678710956,0.9420000035934448,0.014772171240145963,0.016767171340144,62,50000,0.010529894247015226,0.01252721430061417,33,50000,0.06719239961080446,0.06909724151396672,1189,50000,0.01766845491625471,0.01966145505625193,87,50000,0.026177853606070133,0.02816301390286425,185,50000,0.009048206756063586,0.011046166796862796,25,50000,0.06499828961640738,0.06690929139637203,1112,50000,0.04222971511227726,0.04419199586666242,471,50000,0.8943666666666666,0.9749985033333332,0.276948828125,0.32138124685977204,0.2758401958050329,False,/data/suehara/part/march/datasets/20250711_ilc_nnqq_sgv_10m_3cat_parquet,val50k_tail,,proxy
97,97,0,,lr_14e-6,1.6128e-05,validation_total_reference_mistag_geomean_percent,0.32847485198412774,min,0.7974999935670475,0.7974999935670475,0.44780203433086085,0.24094515012023215,0.32847485198412774,,0.12599999615478527,0.064,2.402000005131226,0.17399999915039063,0.3759999834765632,0.05,2.2279999411859146,0.9600000234375006,0.014898211467070606,0.016893131568668597,63,50000,0.0103552826863133,0.012352682738312273,32,50000,0.06752740148097888,0.06943128340334073,1201,50000,0.01766845491625471,0.01966145505625193,87,50000,0.026396268808411394,0.028381189110005457,188,50000,0.009048206756063586,0.011046166796862796,25,50000,0.06505629031496284,0.06696713209812764,1114,50000,0.042636783733323094,0.04459834450210795,480,50000,0.89428,0.9748871179999999,0.27750697916666667,0.32138124685977204,0.27752914252760974,False,/data/suehara/part/march/datasets/20250711_ilc_nnqq_sgv_10m_3cat_parquet,val50k_tail,,proxy
97,97,0,,lr_3e-6,2.9030399999999992e-05,validation_total_reference_mistag_geomean_percent,0.32731574260963586,min,0.791750000036202,0.791750000036202,0.4439352496190458,0.24133158034202887,0.32731574260963586,,0.12400000211914067,0.06600000112792971,2.381999937120668,0.17399999915039063,0.37000000903320335,0.05,2.2240000678710956,0.9439999838671878,0.014772171240145963,0.016767171340144,62,50000,0.010529894247015226,0.01252721430061417,33,50000,0.06724835893121076,0.06915304083757318,1191,50000,0.01766845491625471,0.01966145505625193,87,50000,0.026177853606070133,0.02816301390286425,185,50000,0.009048206756063586,0.011046166796862796,25,50000,0.06499828961640738,0.06690929139637203,1112,50000,0.04227514119653827,0.044237341952523164,472,50000,0.8943733333333334,0.9749980892000001,0.27694966145833333,0.32138124685977204,0.27583844040287436,False,/data/suehara/part/march/datasets/20250711_ilc_nnqq_sgv_10m_3cat_parquet,val50k_tail,,proxy
97,97,0,,lr_5_75e-6,2.4191999999999995e-05,validation_total_reference_mistag_geomean_percent,0.32898857174430574,min,0.7952499872003945,0.7952499872003945,0.4456686472155583,0.24285639345414506,0.32898857174430574,,0.12599999615478527,0.06600000112792971,2.4039998925213673,0.17399999915039063,0.37400001392456106,0.05,2.2159999790356446,0.9520000156884768,0.014898211467070606,0.016893131568668597,63,50000,0.010529894247015226,0.01252721430061417,33,50000,0.06755523698002315,0.06945903890398474,1202,50000,0.01766845491625471,0.01966145505625193,87,50000,0.026323660502558435,0.028308660802552454,187,50000,0.009048206756063586,0.011046166796862796,25,50000,0.06488212077182462,0.06679344254538963,1108,50000,0.04245635289667413,0.044418233659059,476,50000,0.8943466666666666,0.974964843,0.2770937239583333,0.32138124685977204,0.2763831344504905,False,/data/suehara/part/march/datasets/20250711_ilc_nnqq_sgv_10m_3cat_parquet,val50k_tail,,proxy
97,97,0,,lr_8_5e-6,2.3224319999999995e-05,validation_total_reference_mistag_geomean_percent,0.32816640548484144,min,0.793249977593919,0.793249977593919,0.4455924475755211,0.24168540170463512,0.32816640548484144,,0.12400000211914067,0.06600000112792971,2.3959998910510305,0.17399999915039063,0.3759999834765632,0.05,2.2119999206817655,0.9480000231445318,0.014772171240145963,0.016767171340144,62,50000,0.010529894247015226,0.01252721430061417,33,50000,0.06744382019108416,0.06934794210864612,1198,50000,0.01766845491625471,0.01966145505625193,87,50000,0.026396268808411394,0.028381189110005457,188,50000,0.009048206756063586,0.011046166796862796,25,50000,0.06482395233048735,0.0667354341008522,1106,50000,0.042365845265087895,0.044327886024272956,474,50000,0.8943333333333333,0.9749728952000001,0.27707165364583336,0.32138124685977204,0.27626827101867385,False,/data/suehara/part/march/datasets/20250711_ilc_nnqq_sgv_10m_3cat_parquet,val50k_tail,,proxy
98,98,0,,lr_11_25e-6,3e-05,validation_total_reference_mistag_geomean_percent,0.32694541799695753,min,0.78849998810299,0.78849998810299,0.44249457950683907,0.24156975316700613,0.32694541799695753,,0.1220000017871094,0.06600000112792971,2.3759999209643583,0.1780000073876956,0.3660000189880381,0.05,2.1959999299676536,0.9540000246011359,0.014645111011309716,0.016640191109707762,61,50000,0.010529894247015226,0.01252721430061417,33,50000,0.06716440099887658,0.0690693229004391,1188,50000,0.01788086961137308,0.019873709754570246,89,50000,0.026031249045641414,0.028016569339235544,183,50000,0.009048206756063586,0.011046166796862796,25,50000,0.06459071496174619,0.06650283671931108,1098,50000,0.04250153343169482,0.04446333419567978,477,50000,0.8944066666666667,0.9750080841333334,0.27690009114583336,0.32138124685977204,0.2753477278675044,False,/data/suehara/part/march/datasets/20250711_ilc_nnqq_sgv_10m_3cat_parquet,val50k_tail,,proxy
98,98,0,,lr_14e-6,1.6128e-05,validation_total_reference_mistag_geomean_percent,0.3306726410885099,min,0.794500008597775,0.794500008597775,0.444669394295555,0.24590043067316075,0.3306726410885099,,0.128,0.06600000112792971,2.3780000883549532,0.18199999600097666,0.3679999928125001,0.05,2.231999974797364,0.9520000156884768,0.015023255758590748,0.017018095861788735,64,50000,0.010529894247015226,0.01252721430061417,33,50000,0.06719239961080446,0.06909724151396672,1189,50000,0.018090905588142768,0.020083585734539902,91,50000,0.02610465184093207,0.028089892136126237,184,50000,0.009048206756063586,0.011046166796862796,25,50000,0.06511423539346806,0.06702491717983233,1116,50000,0.04245635289667413,0.044418233659059,476,50000,0.8942666666666667,0.9748873746000001,0.277501953125,0.32138124685977204,0.27705360051567046,False,/data/suehara/part/march/datasets/20250711_ilc_nnqq_sgv_10m_3cat_parquet,val50k_tail,,proxy
98,98,0,,lr_3e-6,2.9030399999999992e-05,validation_total_reference_mistag_geomean_percent,0.32766467892151474,min,0.788749997699452,0.788749997699452,0.4428270804366487,0.24245161724724051,0.32766467892151474,,0.12400000211914067,0.06600000112792971,2.3720000050671386,0.1780000073876956,0.3660000189880381,0.05,2.1979999294007895,0.9560000175048832,0.014772171240145963,0.016767171340144,62,50000,0.010529894247015226,0.01252721430061417,33,50000,0.0671083657937211,0.06901344769208347,1186,50000,0.01788086961137308,0.019873709754570246,89,50000,0.026031249045641414,0.028016569339235544,183,50000,0.009048206756063586,0.011046166796862796,25,50000,0.06461991914512091,0.06653196090428623,1099,50000,0.04254666531557927,0.04450838608116396,478,50000,0.8944,0.9750072963333333,0.27690216145833335,0.32138124685977204,0.27534869581205745,False,/data/suehara/part/march/datasets/20250711_ilc_nnqq_sgv_10m_3cat_parquet,val50k_tail,,proxy
98,98,0,,lr_5_75e-6,2.4191999999999995e-05,validation_total_reference_mistag_geomean_percent,0.32854420434536213,min,0.7905000164222914,0.7905000164222914,0.44343025935598857,0.24342338379364212,0.32854420434536213,,0.12599999615478527,0.06600000112792971,2.3720000050671386,0.1780000073876956,0.3660000189880381,0.05,2.2100000851478607,0.9560000175048832,0.014898211467070606,0.016893131568668597,63,50000,0.010529894247015226,0.01252721430061417,33,50000,0.0671083657937211,0.06901344769208347,1186,50000,0.01788086961137308,0.019873709754570246,89,50000,0.026031249045641414,0.028016569339235544,183,50000,0.009048206756063586,0.011046166796862796,25,50000,0.06479484704013105,0.06670640880889617,1105,50000,0.04254666531557927,0.04450838608116396,478,50000,0.89432,0.9749723643333335,0.27706498697916665,0.32138124685977204,0.2758990854918106,False,/data/suehara/part/march/datasets/20250711_ilc_nnqq_sgv_10m_3cat_parquet,val50k_tail,,proxy
98,98,0,,lr_8_5e-6,2.3224319999999995e-05,validation_total_reference_mistag_geomean_percent,0.3282482011514702,min,0.7904999902531437,0.7904999902531437,0.4422591721466436,0.24362837074965057,0.3282482011514702,,0.12599999615478527,0.06600000112792971,2.3799999527893076,0.1780000073876956,0.3639999920019533,0.05,2.207999956875001,0.9520000156884768,0.014898211467070606,0.016893131568668597,63,50000,0.010529894247015226,0.01252721430061417,33,50000,0.06722038558307011,0.0691251474878321,1190,50000,0.01788086961137308,0.019873709754570246,89,50000,0.02595764357849733,0.027943043870491593,182,50000,0.009048206756063586,0.011046166796862796,25,50000,0.06476572767847195,0.06667736944563664,1104,50000,0.04245635289667413,0.044418233659059,476,50000,0.89438,0.9749779025333334,0.2770466536458333,0.32138124685977204,0.27578738513983053,False,/data/suehara/part/march/datasets/20250711_ilc_nnqq_sgv_10m_3cat_parquet,val50k_tail,,proxy
99,99,0,,lr_11_25e-6,3e-05,validation_total_reference_mistag_geomean_percent,0.32581385288854586,min,0.786249983538056,0.786249983538056,0.43896541672071937,0.24182922547089225,0.32581385288854586,,0.12599999615478527,0.06799999900390627,2.3759999209643583,0.1679999991796875,0.357999985360108,0.05,2.201999964048157,0.9420000035934448,0.014898211467070606,0.016893131568668597,63,50000,0.010701894656100771,0.01269913471129969,34,50000,0.06716440099887658,0.0690693229004391,1188,50000,0.017345191810809416,0.019338431946006734,84,50000,0.02573559438829192,0.02772123467548629,179,50000,0.009048206756063586,0.011046166796862796,25,50000,0.06467828497859832,0.0665901667409631,1101,50000,0.04222971511227726,0.04419199586666242,471,50000,0.8943933333333334,0.9750071793,0.2769460026041667,0.32138124685977204,0.2755220155067721,False,/data/suehara/part/march/datasets/20250711_ilc_nnqq_sgv_10m_3cat_parquet,val50k_tail,,proxy
99,99,0,,lr_14e-6,1.6128e-05,validation_total_reference_mistag_geomean_percent,0.32908049338588996,min,0.7932499990561298,0.7932499990561298,0.4450941902619427,0.2433057395410365,0.32908049338588996,,0.128,0.06600000112792971,2.3840000334667972,0.17399999915039063,0.37400001392456106,0.05,2.2279999411859146,0.9420000035934448,0.015023255758590748,0.017018095861788735,64,50000,0.010529894247015226,0.01252721430061417,33,50000,0.06727631967073204,0.0691809215786942,1192,50000,0.01766845491625471,0.01966145505625193,87,50000,0.026323660502558435,0.028308660802552454,187,50000,0.009048206756063586,0.011046166796862796,25,50000,0.06505629031496284,0.06696713209812764,1114,50000,0.04222971511227726,0.04419199586666242,471,50000,0.8942333333333333,0.9748907061333334,0.2775077604166667,0.32138124685977204,0.27732502530150815,False,/data/suehara/part/march/datasets/20250711_ilc_nnqq_sgv_10m_3cat_parquet,val50k_tail,,proxy
99,99,0,,lr_3e-6,2.9030399999999992e-05,validation_total_reference_mistag_geomean_percent,0.32585605674024765,min,0.786499993154259,0.786499993154259,0.4392641340760323,0.24172738331494278,0.32585605674024765,,0.12599999615478527,0.06799999900390627,2.3720000050671386,0.1679999991796875,0.357999985360108,0.05,2.207999956875001,0.9420000035934448,0.014898211467070606,0.016893131568668597,63,50000,0.010701894656100771,0.01269913471129969,34,50000,0.0671083657937211,0.06901344769208347,1186,50000,0.017345191810809416,0.019338431946006734,84,50000,0.02573559438829192,0.02772123467548629,179,50000,0.009048206756063586,0.011046166796862796,25,50000,0.06476572767847195,0.06667736944563664,1104,50000,0.04222971511227726,0.04419199586666242,471,50000,0.8943933333333334,0.9750060560999999,0.2769580729166667,0.32138124685977204,0.27552777885341506,False,/data/suehara/part/march/datasets/20250711_ilc_nnqq_sgv_10m_3cat_parquet,val50k_tail,,proxy
99,99,0,,lr_5_75e-6,2.4191999999999995e-05,validation_total_reference_mistag_geomean_percent,0.3282593232410036,min,0.7875000006346519,0.7875000006346519,0.44159777568142666,0.2440097963092475,0.3282593232410036,,0.128,0.06799999900390627,2.3680000578125013,0.17200000713867217,0.3660000189880381,0.05,2.2059999185406522,0.9420000035934448,0.015023255758590748,0.017018095861788735,64,50000,0.010701894656100771,0.01269913471129969,34,50000,0.06705227984264775,0.06895752173780995,1184,50000,0.01756133006938351,0.019554410207780776,86,50000,0.026031249045641414,0.028016569339235544,183,50000,0.009048206756063586,0.011046166796862796,25,50000,0.06473659422682257,0.06664831599238752,1103,50000,0.04222971511227726,0.04419199586666242,471,50000,0.8943733333333334,0.9749711455666666,0.2771066796875,0.32138124685977204,0.27610953968837076,False,/data/suehara/part/march/datasets/20250711_ilc_nnqq_sgv_10m_3cat_parquet,val50k_tail,,proxy
99,99,0,,lr_8_5e-6,2.3224319999999995e-05,validation_total_reference_mistag_geomean_percent,0.3277230276096487,min,0.7864999876617816,0.7864999876617816,0.4416315601676769,0.24319453705902824,0.3277230276096487,,0.128,0.06799999900390627,2.363999934349367,0.17000000103759766,0.3660000189880381,0.05,2.201999964048157,0.9439999838671878,0.015023255758590748,0.017018095861788735,64,50000,0.010701894656100771,0.01269913471129969,34,50000,0.06699614302017702,0.06890154491213975,1182,50000,0.017453579376129062,0.019446739512926376,85,50000,0.026031249045641414,0.028016569339235544,183,50000,0.009048206756063586,0.011046166796862796,25,50000,0.06467828497859832,0.0665901667409631,1101,50000,0.04227514119653827,0.044237341952523164,472,50000,0.8943533333333333,0.9749776219333333,0.27708584635416666,0.32138124685977204,0.27600149144653363,False,/data/suehara/part/march/datasets/20250711_ilc_nnqq_sgv_10m_3cat_parquet,val50k_tail,,proxy
