generation,training_chunk,samples_seen,epoch_fraction,trial,LR,optimization_metric_name,optimization_metric_value,optimization_metric_mode,controller_objective_mistag_percent,validation_working_point_mistag_percent,btag_c_mistag_percent_at_0p80,btag_d_mistag_percent_at_0p80,btag_c_mistag_percent_at_0p90,btag_d_mistag_percent_at_0p90,ctag_b_mistag_percent_at_0p50,ctag_d_mistag_percent_at_0p50,ctag_b_mistag_percent_at_0p80,ctag_d_mistag_percent_at_0p80,btag_c_mistag_percent_at_0p80_err_low,btag_c_mistag_percent_at_0p80_err_high,btag_c_mistag_percent_at_0p80_passed,btag_c_mistag_percent_at_0p80_total,btag_d_mistag_percent_at_0p80_err_low,btag_d_mistag_percent_at_0p80_err_high,btag_d_mistag_percent_at_0p80_passed,btag_d_mistag_percent_at_0p80_total,btag_c_mistag_percent_at_0p90_err_low,btag_c_mistag_percent_at_0p90_err_high,btag_c_mistag_percent_at_0p90_passed,btag_c_mistag_percent_at_0p90_total,btag_d_mistag_percent_at_0p90_err_low,btag_d_mistag_percent_at_0p90_err_high,btag_d_mistag_percent_at_0p90_passed,btag_d_mistag_percent_at_0p90_total,ctag_b_mistag_percent_at_0p50_err_low,ctag_b_mistag_percent_at_0p50_err_high,ctag_b_mistag_percent_at_0p50_passed,ctag_b_mistag_percent_at_0p50_total,ctag_d_mistag_percent_at_0p50_err_low,ctag_d_mistag_percent_at_0p50_err_high,ctag_d_mistag_percent_at_0p50_passed,ctag_d_mistag_percent_at_0p50_total,ctag_b_mistag_percent_at_0p80_err_low,ctag_b_mistag_percent_at_0p80_err_high,ctag_b_mistag_percent_at_0p80_passed,ctag_b_mistag_percent_at_0p80_total,ctag_d_mistag_percent_at_0p80_err_low,ctag_d_mistag_percent_at_0p80_err_high,ctag_d_mistag_percent_at_0p80_passed,ctag_d_mistag_percent_at_0p80_total,validation_accuracy,validation_auc,validation_loss,best_so_far,training_loss,validation_shutdown_warning,validation_dataset,validation_suffix,validation_sample_count,evaluation_type
0,0,20000,,lr_14e-6,1.4e-05,validation_working_point_mistag_percent,1.141145443855642,min,1.141145443855642,1.141145443855642,0.18828452844516788,0.04215851602023609,3.535564901523194,0.27403036294555544,0.5195345086226667,0.06323777240315037,3.262676688285584,1.2436762725995834,0.05313693772646183,0.073974300404216,9,4780,0.021077776650175538,0.04213482258652106,2,4744,0.25754574739101577,0.2769828673016804,169,4780,0.06613063497126836,0.08708994778301483,13,4744,0.09385399104834477,0.11441516516133443,25,4812,0.027457993015367266,0.048506154122203785,3,4744,0.2465536766206297,0.2659749620385704,157,4812,0.15093839862095232,0.17148900927528438,59,4744,0.88651,0.9705540431446796,0.3094,1.1400000057487494,0.31846,False,/data/suehara/part/march/datasets/20250711_ilc_nnqq_sgv_10m_3cat_parquet,val5k_tail,15000,proxy
0,0,20000,,lr_3e-6,3e-06,validation_working_point_mistag_percent,1.1206691953219494,min,1.1206691953219494,1.1206691953219494,0.18828452844516788,0.042096400757735214,3.45188295537982,0.27362659789482546,0.4994797213260449,0.06314460275901523,3.204994893775492,1.2418438622374943,0.05313693772646183,0.073974300404216,9,4780,0.021046723381260735,0.042072777084645505,2,4751,0.25446565649001884,0.2739377824698602,165,4780,0.06603328727477825,0.08696189560603862,13,4751,0.09191088521645525,0.11251035267020593,24,4805,0.027417542346838734,0.048434737380030395,3,4751,0.24451671533777045,0.26399029220123893,154,4805,0.15071715814827802,0.17123826765065436,59,4751,0.88672,0.9706842713348239,0.30952,1.1206691953219494,0.3193,False,/data/suehara/part/march/datasets/20250711_ilc_nnqq_sgv_10m_3cat_parquet,val5k_tail,15000,proxy
0,0,20000,,lr_6e-6,6e-06,validation_working_point_mistag_percent,1.1234312948901193,min,1.1234312948901193,1.1234312948901193,0.14565127294625393,0.042096400757735214,3.370786589092867,0.27362659789482546,0.5440468682563313,0.06314460275901523,3.285206020905993,1.2628920065079328,0.045603182376751164,0.06634557835376521,7,4806,0.021046723381260735,0.042072777084645505,2,4751,0.2507855692761369,0.2701861157638208,162,4806,0.06603328727477825,0.08696189560603862,13,4751,0.09655006035181324,0.11724292776949911,26,4779,0.027417542346838734,0.048434737380030395,3,4751,0.24823053921685345,0.26777647808293514,157,4779,0.1520570668091907,0.17256931764137418,60,4751,0.88616,0.970647246121036,0.3094,1.1206691953219494,0.32005,False,/data/suehara/part/march/datasets/20250711_ilc_nnqq_sgv_10m_3cat_parquet,val5k_tail,15000,proxy
0,0,20000,,lr_9e-6,9e-06,validation_working_point_mistag_percent,1.1234459949604987,min,1.1234459949604987,1.1234459949604987,0.14565127294625393,0.042096400757735214,3.349979249844334,0.27362659789482546,0.5440468682563313,0.06314460275901523,3.306130960717561,1.2628920065079328,0.045603182376751164,0.06634557835376521,7,4806,0.021046723381260735,0.042072777084645505,2,4751,0.25000522594563374,0.26941442952679795,161,4806,0.06603328727477825,0.08696189560603862,13,4751,0.09655006035181324,0.11724292776949911,26,4779,0.027417542346838734,0.048434737380030395,3,4751,0.24902597871275833,0.26856316239905687,158,4779,0.1520570668091907,0.17256931764137418,60,4751,0.88623,0.9706657767301997,0.30899,1.1206691953219494,0.31984,False,/data/suehara/part/march/datasets/20250711_ilc_nnqq_sgv_10m_3cat_parquet,val5k_tail,15000,proxy
1,1,40000,,lr_14e-6,1.4e-05,validation_working_point_mistag_percent,1.099652613468706,min,1.099652613468706,1.099652613468706,0.2107481559536354,0.06255212836441991,3.4773445452792062,0.31276062988127734,0.4796663297672349,0.06255212836441991,2.898852983376691,1.2927440067627618,0.05689794718691703,0.07787951138584093,10,4745,0.027160321423668924,0.04798060404748701,3,4796,0.2563125698061379,0.2759175657719042,165,4745,0.07092435028420159,0.09164031416418429,15,4796,0.08997432135121235,0.110625002619318,23,4795,0.027160321423668924,0.04798060404748701,3,4796,0.2326402744743678,0.252282120607877,139,4795,0.15325905196270986,0.17356643409600392,62,4796,0.88783,0.9707118359910306,0.30566,1.099652613468706,0.31252,False,/data/suehara/part/march/datasets/20250711_ilc_nnqq_sgv_10m_3cat_parquet,val5k_tail,15000,proxy
1,1,40000,,lr_3e-6,3e-06,validation_working_point_mistag_percent,1.1671051477869365,min,1.1671051477869365,1.1671051477869365,0.18785223009742655,0.06266973211826066,3.527447405147473,0.31334865459842115,0.48339637883476805,0.06266973211826066,3.3207229955165096,1.3787340538643726,0.053015005672246145,0.07380471676451744,9,4791,0.027211378778731362,0.04807074814777055,3,4787,0.25696406110304115,0.27635995121280055,169,4791,0.071057553314127,0.0918122113539763,15,4787,0.0906727585282362,0.11148242594364449,23,4758,0.027211378778731362,0.04807074814777055,3,4787,0.25010833766836926,0.26972560054172245,158,4758,0.15866970945226117,0.17897934434305315,66,4787,0.88553,0.9699738797174507,0.31185,1.099652613468706,0.32263,False,/data/suehara/part/march/datasets/20250711_ilc_nnqq_sgv_10m_3cat_parquet,val5k_tail,15000,proxy
1,1,40000,,lr_6e-6,6e-06,validation_working_point_mistag_percent,1.1697504029792813,min,1.1697504029792813,1.1697504029792813,0.18785223009742655,0.06266973211826066,3.506574894810378,0.31334865459842115,0.48339637883476805,0.06266973211826066,3.362757547392363,1.3787340538643726,0.053015005672246145,0.07380471676451744,9,4791,0.027211378778731362,0.04807074814777055,3,4787,0.2561995213551903,0.27560412284609104,168,4791,0.071057553314127,0.0918122113539763,15,4787,0.0906727585282362,0.11148242594364449,23,4758,0.027211378778731362,0.04807074814777055,3,4787,0.25169759615506837,0.27129719377594685,160,4758,0.15866970945226117,0.17897934434305315,66,4787,0.88588,0.9700276442053317,0.31067,1.099652613468706,0.32153,False,/data/suehara/part/march/datasets/20250711_ilc_nnqq_sgv_10m_3cat_parquet,val5k_tail,15000,proxy
1,1,40000,,lr_9e-6,9e-06,validation_working_point_mistag_percent,1.1874167175931107,min,1.1874167175931107,1.1874167175931107,0.14625992291537876,0.041884816753926704,3.5520267984639013,0.2931937060344773,0.6282722312320975,0.06282722673703439,3.4345549024824154,1.3403141361256545,0.04579367340945279,0.06662247644902643,7,4786,0.02094094619055311,0.04186142993563103,2,4775,0.2579909316307513,0.2773968114115441,170,4786,0.06851776402953991,0.08933300954156778,14,4775,0.10446233774198954,0.1251372656099507,30,4775,0.027279754607573575,0.04819146849989734,3,4775,0.25395064411773,0.2734504117166317,164,4775,0.15651852919063794,0.1768952820649575,64,4775,0.88602,0.9700378639138725,0.31061,1.099652613468706,0.31541,False,/data/suehara/part/march/datasets/20250711_ilc_nnqq_sgv_10m_3cat_parquet,val5k_tail,15000,proxy
2,2,60000,,lr_14e-6,1.4e-05,validation_working_point_mistag_percent,1.0582896219116886,min,1.0582896219116886,1.0582896219116886,0.166216496987326,0.04206098843322818,3.199667612654008,0.25236593059936907,0.5453020204032286,0.02103049421661409,3.104026766168306,1.1356466658314286,0.049265222029484086,0.06996891272454539,8,4813,0.0210290197031243,0.042037404485111986,2,4755,0.24411623918962552,0.26355966770353967,154,4813,0.06304025881190707,0.08396020585538923,12,4755,0.09677235275244367,0.11751242320183633,26,4768,0.012997271625452122,0.03401450018129037,1,4755,0.24149087952522186,0.2611578844127719,148,4768,0.14371463438785265,0.16426314292961147,54,4755,0.88944,0.9710320576934776,0.30146,1.0582896219116886,0.31234,False,/data/suehara/part/march/datasets/20250711_ilc_nnqq_sgv_10m_3cat_parquet,val5k_tail,15000,proxy
2,2,60000,,lr_3e-6,3e-06,validation_working_point_mistag_percent,1.1504968026947378,min,1.1504968026947378,1.1504968026947378,0.1889168838353725,0.06284038381421339,3.442485311978186,0.3142019311221961,0.6044185192447203,0.06284038381421339,3.418090844020463,1.1101801637285358,0.053315298035165194,0.07422236335454635,9,4764,0.02728546810740553,0.04820155590408782,3,4774,0.2545277171613236,0.27406917138736164,164,4764,0.07125084340287619,0.09206164887843424,15,4774,0.10206588831538094,0.122651669308208,29,4798,0.02728546810740553,0.04820155590408782,3,4774,0.2527524490838262,0.27216562229857993,164,4798,0.14173682466109924,0.16221423611976396,53,4774,0.8877,0.9708174613086031,0.30773,1.0582896219116886,0.3182,False,/data/suehara/part/march/datasets/20250711_ilc_nnqq_sgv_10m_3cat_parquet,val5k_tail,15000,proxy
2,2,60000,,lr_6e-6,6e-06,validation_working_point_mistag_percent,1.1158391301868957,min,1.1158391301868957,1.1158391301868957,0.18711018236162194,0.042034468263976464,3.4303533351348063,0.25220680958385877,0.5662751750341221,0.021017234131988232,3.2927852375337623,1.13493059945103,0.05280570859649905,0.07351362371306103,9,4810,0.021015761477475876,0.0420109140438705,2,4758,0.25290363364859414,0.2722632871799364,165,4810,0.0630005431613772,0.08390736946539733,12,4758,0.09878697397373293,0.11951824880376619,27,4768,0.012989076806294294,0.03399306199892636,1,4758,0.24879457172103034,0.26838241603434554,157,4768,0.14362444314116612,0.16416029914321384,54,4758,0.88811,0.9708632847425275,0.30516,1.0582896219116886,0.31705,False,/data/suehara/part/march/datasets/20250711_ilc_nnqq_sgv_10m_3cat_parquet,val5k_tail,15000,proxy
2,2,60000,,lr_9e-6,9e-06,validation_working_point_mistag_percent,1.0982652632618377,min,1.0982652632618377,1.0982652632618377,0.2097755348002171,0.06224066547670902,3.4403187817357477,0.26970954698376853,0.526426597523909,0.04149377593360996,3.0743314480755055,1.1618257555652352,0.056635529627588374,0.0775206908942948,10,4767,0.027025100525597628,0.04774186440699134,3,4820,0.25437007377694526,0.273900141369722,164,4767,0.06508883386346234,0.08571952892939541,13,4820,0.09509662351297102,0.11592760177986383,25,4749,0.020745452957365237,0.04147082372030504,2,4820,0.24078118221740608,0.2605393584539546,146,4749,0.14453676155261938,0.16479736071207135,56,4820,0.88874,0.9710927581874054,0.30296,1.0582896219116886,0.3149,False,/data/suehara/part/march/datasets/20250711_ilc_nnqq_sgv_10m_3cat_parquet,val5k_tail,15000,proxy
3,3,80000,,lr_14e-6,1.4e-05,validation_working_point_mistag_percent,1.1476950149604104,min,1.1476950149604104,1.1476950149604104,0.1668752607425949,0.06298551494618129,3.3375052573435866,0.31492757473090643,0.5649717514124294,0.041990342221289105,3.1596569051142294,1.5326475131720665,0.049460379450174646,0.07024583293891602,8,4794,0.0273484749269465,0.04831279670976264,3,4763,0.24983648181710685,0.26929946191518794,160,4794,0.07141521979385068,0.09227377245268373,15,4763,0.09856007442578885,0.11924418666369148,27,4779,0.020993701546624947,0.04196683742310633,2,4763,0.24339841196848594,0.2629968819132675,151,4779,0.16810103781113028,0.188448373037378,73,4763,0.88749,0.9707208773044281,0.30333,1.0582896219116886,0.30532,False,/data/suehara/part/march/datasets/20250711_ilc_nnqq_sgv_10m_3cat_parquet,val5k_tail,15000,proxy
3,3,80000,,lr_3e-6,3e-06,validation_working_point_mistag_percent,1.0881584242562736,min,1.0881584242562736,1.0881584242562736,0.18899622976515282,0.06276150467336475,3.254934974310072,0.3138075413981654,0.5214852047590935,0.06276150467336475,3.108051822837347,1.192468611633629,0.0533376772994073,0.07425348825045679,9,4762,0.0272512229625944,0.04814109474411451,3,4780,0.2474985977889973,0.26712701059550537,155,4762,0.07116150208814637,0.09194635566213473,15,4780,0.09420570271667042,0.11484324799724589,25,4794,0.0272512229625944,0.04814109474411451,3,4780,0.2410186579296321,0.26057734333887855,149,4794,0.14710828770664128,0.16752557755426845,57,4780,0.88735,0.9711510044035744,0.30498,1.0582896219116886,0.31629,False,/data/suehara/part/march/datasets/20250711_ilc_nnqq_sgv_10m_3cat_parquet,val5k_tail,15000,proxy
3,3,80000,,lr_6e-6,6e-06,validation_working_point_mistag_percent,1.109709506619656,min,1.109709506619656,1.109709506619656,0.16736401673640167,0.04175365344467641,3.3263598512182826,0.2713987404739605,0.5035669453358318,0.06263048176311534,3.2102391030767508,1.2943632609082287,0.04960517193378195,0.07045128612883048,8,4780,0.020875373680074177,0.04173041285626091,2,4790,0.24976718951503668,0.2692918245986442,159,4780,0.06549612541394854,0.0862552993870688,13,4790,0.09266159364186966,0.1134278756085412,24,4766,0.02719433834479813,0.04804066250252428,3,4790,0.24567914742176822,0.26530984211684194,153,4766,0.15344998701593837,0.17378212508448976,62,4790,0.88797,0.9712590450612382,0.30164,1.0582896219116886,0.31154,False,/data/suehara/part/march/datasets/20250711_ilc_nnqq_sgv_10m_3cat_parquet,val5k_tail,15000,proxy
3,3,80000,,lr_9e-6,9e-06,validation_working_point_mistag_percent,1.098829089337277,min,1.098829089337277,1.098829089337277,0.16680567139282734,0.06276150467336475,3.148457082599197,0.3138075413981654,0.5042016936025333,0.06276150467336475,3.1092436376765216,1.4225940786822424,0.04943976378243364,0.07021658026298695,8,4796,0.0272512229625944,0.04814109474411451,3,4780,0.24254806627455466,0.26208175105773557,151,4796,0.07116150208814637,0.09194635566213473,15,4780,0.09277817706231797,0.11357036287173933,24,4760,0.0272512229625944,0.04814109474411451,3,4780,0.24189099176602258,0.26158885200652654,148,4760,0.16140609254366844,0.18172711570105804,68,4780,0.88839,0.9712268461470804,0.30143,1.0582896219116886,0.31246,False,/data/suehara/part/march/datasets/20250711_ilc_nnqq_sgv_10m_3cat_parquet,val5k_tail,15000,proxy
4,4,100000,,lr_14e-6,1.26e-05,validation_working_point_mistag_percent,1.0439924979430277,min,1.0439924979430277,1.0439924979430277,0.18750000715255766,0.06277463904582549,2.9375000210106372,0.29294831180578657,0.5465629773804692,0.04184975936388366,3.069161265607537,1.213643002177524,0.052915658525468305,0.07366654375771156,9,4800,0.027256924516033818,0.048151161068734315,3,4779,0.2340906659201017,0.2536959564845669,141,4800,0.06846047098733074,0.08925840056241553,14,4779,0.09699567109863445,0.1177831603967225,26,4757,0.020923419942392277,0.04182641167487599,2,4779,0.24038191347732601,0.260109042003567,146,4757,0.14849477312767045,0.16890747479229254,58,4779,0.88888,0.9710380733745047,0.3004,1.0439924979430277,0.30751,False,/data/suehara/part/march/datasets/20250711_ilc_nnqq_sgv_10m_3cat_parquet,val5k_tail,15000,proxy
4,4,100000,,lr_3e-6,3e-06,validation_working_point_mistag_percent,1.1223757881512966,min,1.1223757881512966,1.1223757881512966,0.18750000715255766,0.06277463904582549,3.312500055283309,0.31387318921616475,0.5465629773804692,0.06277463904582549,3.2793777959086965,1.213643002177524,0.052915658525468305,0.07366654375771156,9,4800,0.027256924516033818,0.048151161068734315,3,4779,0.24874231856359258,0.26819139167336137,159,4800,0.07117637674503366,0.09196555114033521,15,4779,0.09699567109863445,0.1177831603967225,26,4757,0.027256924516033818,0.048151161068734315,3,4779,0.24855942877351003,0.26819819390209787,156,4757,0.14849477312767045,0.16890747479229254,58,4779,0.88756,0.9707579810075009,0.30669,1.0439924979430277,0.31611,False,/data/suehara/part/march/datasets/20250711_ilc_nnqq_sgv_10m_3cat_parquet,val5k_tail,15000,proxy
4,4,100000,,lr_6e-6,6e-06,validation_working_point_mistag_percent,1.1086017672708428,min,1.1086017672708428,1.1086017672708428,0.18734388248013387,0.06290627126839761,3.4138218476836726,0.3145313623801946,0.5458744523742948,0.06290627126839761,3.0233046011908735,1.2581254495207783,0.05287162365564175,0.07360529945997069,9,4804,0.02731407154343503,0.04825205633603117,3,4769,0.25244173291628647,0.27183244183817956,164,4804,0.07132546604163154,0.09215794765660393,15,4769,0.09687373348192634,0.11763533111044164,26,4763,0.02731407154343503,0.04825205633603117,3,4769,0.23841342674264,0.25813496131865465,144,4763,0.15148615394386927,0.1719229986427524,60,4769,0.88728,0.970964498389579,0.30443,1.0439924979430277,0.31396,False,/data/suehara/part/march/datasets/20250711_ilc_nnqq_sgv_10m_3cat_parquet,val5k_tail,15000,proxy
4,4,100000,,lr_9e-6,9e-06,validation_working_point_mistag_percent,1.1117545734254892,min,1.1117545734254892,1.1117545734254892,0.1678556441460344,0.06273525721455459,3.1892572796174603,0.31367629808361475,0.6056808456759659,0.04182350480970305,3.1328320727125276,1.3801756851440523,0.04975081464967093,0.07065794465002924,8,4766,0.027239827008565667,0.04812097471619078,3,4782,0.2448673936740267,0.2645068913712051,152,4766,0.07113177141784459,0.09190798873497906,15,4782,0.10227856874815994,0.12290680810132809,29,4788,0.020910294496419086,0.041800186403251734,2,4782,0.24213342978272948,0.2617062708434099,150,4788,0.15883464879144163,0.17916491194899087,66,4782,0.88888,0.9707832829705122,0.30202,1.0439924979430277,0.30398,False,/data/suehara/part/march/datasets/20250711_ilc_nnqq_sgv_10m_3cat_parquet,val5k_tail,15000,proxy
5,5,120000,,lr_14e-6,1.26e-05,validation_working_point_mistag_percent,1.0834399732202389,min,1.0834399732202389,1.0834399732202389,0.19015422640516128,0.062009096231804416,3.2748784650606257,0.22736668331487414,0.5666317075469333,0.02066969822240595,3.1269674461103167,1.1988424628697896,0.05366430080707956,0.07470775064391359,9,4733,0.02692456515751017,0.0475643630105099,3,4838,0.24899232030547586,0.2687325490707604,155,4733,0.05895113118436226,0.07952258533586196,11,4838,0.09884903709449985,0.1195932117947088,27,4765,0.012774297255835603,0.03343118103421031,1,4838,0.2424645806082544,0.26213433827877786,149,4765,0.1466928690786351,0.16686280398382214,58,4838,0.88832,0.9710734351861935,0.29837,1.0439924979430277,0.30659,False,/data/suehara/part/march/datasets/20250711_ilc_nnqq_sgv_10m_3cat_parquet,val5k_tail,15000,proxy
5,5,120000,,lr_3e-6,3e-06,validation_working_point_mistag_percent,1.1224751708636762,min,1.1224751708636762,1.1224751708636762,0.2305113189583601,0.062111801242236024,3.5205364176704754,0.2484472049689441,0.5280946328563404,0.041407867494824016,3.168567860969512,1.1801242627487174,0.059765871807038747,0.08062046585019396,11,4772,0.02696915504496845,0.047643089302371794,3,4830,0.2572030220969204,0.2766790177128012,168,4772,0.062062156541840025,0.08265894925350678,12,4830,0.0953973536390462,0.11629361778495595,25,4734,0.020702504674366694,0.04138501021462967,2,4830,0.24485544988561736,0.2646364138529457,150,4734,0.14559286967401347,0.16580395465699752,57,4830,0.88735,0.970804408537432,0.30551,1.0439924979430277,0.31632,False,/data/suehara/part/march/datasets/20250711_ilc_nnqq_sgv_10m_3cat_parquet,val5k_tail,15000,proxy
5,5,120000,,lr_6e-6,6e-06,validation_working_point_mistag_percent,1.0941010110966833,min,1.0941010110966833,1.0941010110966833,0.21128249013127395,0.062009096231804416,3.3593914793681354,0.24803638492721766,0.5666317075469333,0.02066969822240595,3.1479538552119433,1.1368333771337527,0.05704211160461863,0.07807663526972972,10,4733,0.02692456515751017,0.0475643630105099,3,4838,0.25220919082962756,0.2719137149080203,159,4733,0.06195961408531976,0.08252252527413194,12,4838,0.09884903709449985,0.1195932117947088,27,4765,0.012774297255835603,0.03343118103421031,1,4838,0.24328537708892572,0.26294632806248486,150,4765,0.1426373962487003,0.16283296004194983,55,4838,0.88902,0.9708803966522073,0.30195,1.0439924979430277,0.31183,False,/data/suehara/part/march/datasets/20250711_ilc_nnqq_sgv_10m_3cat_parquet,val5k_tail,15000,proxy
5,5,120000,,lr_9e-6,9e-06,validation_working_point_mistag_percent,1.0726213827757076,min,1.0726213827757076,1.0726213827757076,0.2305113189583601,0.062111801242236024,3.310980702344358,0.2484472049689441,0.5280946328563404,0.020703933747412008,3.0207011782329385,1.1594202898550725,0.059765871807038747,0.08062046585019396,11,4772,0.02696915504496845,0.047643089302371794,3,4830,0.24938572305241644,0.26894952748532164,158,4772,0.062062156541840025,0.08265894925350678,12,4830,0.0953973536390462,0.11629361778495595,25,4734,0.01279545504960757,0.033486531872730166,1,4830,0.2390091013035188,0.25885252208084664,143,4734,0.14423894734846063,0.1644586036143045,56,4830,0.88818,0.9710481344680947,0.30071,1.0439924979430277,0.30946,False,/data/suehara/part/march/datasets/20250711_ilc_nnqq_sgv_10m_3cat_parquet,val5k_tail,15000,proxy
6,6,140000,,lr_14e-6,1.26e-05,validation_working_point_mistag_percent,1.1338328604184975,min,1.1338328604184975,1.1338328604184975,0.24963594123712557,0.04206983592763988,3.5365093078495575,0.252419022047301,0.5026178138962751,0.04206983592763988,3.1832459919204537,1.2620951345419873,0.06235886577817301,0.0830536927550547,12,4807,0.021033442829888737,0.042046242057679414,2,4754,0.2568822789653251,0.2762098541494624,170,4807,0.06305350849187996,0.08397783277555369,12,4754,0.09248726683659123,0.11321481382107748,24,4775,0.021033442829888737,0.042046242057679414,2,4754,0.2444125801240541,0.26401758595600633,152,4775,0.15196161603019068,0.17246126058210273,60,4754,0.88728,0.9707538686811997,0.30115,1.0439924979430277,0.30295,False,/data/suehara/part/march/datasets/20250711_ilc_nnqq_sgv_10m_3cat_parquet,val5k_tail,15000,proxy
6,6,140000,,lr_3e-6,3e-06,validation_working_point_mistag_percent,1.1834258188743323,min,1.1834258188743323,1.1834258188743323,0.208029951030938,0.04206983592763988,3.76534234374118,0.27345392299728466,0.5445026386809237,0.06310475551182525,3.3298429412477906,1.2410601618570756,0.056164556698577166,0.07687669066017712,10,4807,0.021033442829888737,0.042046242057679414,2,4754,0.2650796073519465,0.2843119941201344,181,4807,0.06599165451315775,0.08690713130241981,13,4754,0.09663077569415368,0.11734078297313144,26,4775,0.027400242807467567,0.04840419454084655,3,4754,0.25002472767948825,0.2695683445421614,159,4775,0.15062253921189675,0.17113103125822055,59,4754,0.88623,0.9704322509613462,0.30791,1.0439924979430277,0.31268,False,/data/suehara/part/march/datasets/20250711_ilc_nnqq_sgv_10m_3cat_parquet,val5k_tail,15000,proxy
6,6,140000,,lr_6e-6,6e-06,validation_working_point_mistag_percent,1.1250444799871233,min,1.1250444799871233,1.1250444799871233,0.22897585781918525,0.06274838060232471,3.2681098915415228,0.25099352240929884,0.5683013974529282,0.04183225266680611,3.136181838824439,1.4432126985804827,0.059368052306116414,0.08008439950551068,11,4804,0.027245523793936976,0.048131032627479364,3,4781,0.24695810576956176,0.2664094648087263,157,4804,0.06269771102282982,0.0835044891424447,12,4781,0.09913969911732037,0.11994428606587693,27,4751,0.020914667814981247,0.04180892450562669,2,4781,0.24316883737984207,0.2628926665648367,149,4751,0.1626106466861243,0.18291879695086533,69,4781,0.88839,0.9707460307392721,0.30314,1.0439924979430277,0.31353,False,/data/suehara/part/march/datasets/20250711_ilc_nnqq_sgv_10m_3cat_parquet,val5k_tail,15000,proxy
6,6,140000,,lr_9e-6,9e-06,validation_working_point_mistag_percent,1.0840505042735622,min,1.0840505042735622,1.0840505042735622,0.18975332068311196,0.06253908692933083,3.4788108498120582,0.29184907605025096,0.479566294573977,0.04169272461955389,2.939950075219136,1.18824260630108,0.05355122108876003,0.07455048191477895,9,4743,0.027154660208927775,0.04797060890132905,3,4797,0.2564189174590815,0.2760315604273832,165,4743,0.06820383355290635,0.08892419659069849,14,4797,0.0899555939725548,0.11060201202331395,23,4796,0.02084491350545256,0.04166955180281832,2,4797,0.23428329917158652,0.25390391624129716,141,4796,0.14658951866168174,0.16693622868600155,57,4797,0.88874,0.9713754222406714,0.29827,1.0439924979430277,0.30459,False,/data/suehara/part/march/datasets/20250711_ilc_nnqq_sgv_10m_3cat_parquet,val5k_tail,15000,proxy
7,7,160000,,lr_14e-6,1.26e-05,validation_working_point_mistag_percent,1.1202406212852705,min,1.1202406212852705,1.1202406212852705,0.1879306840429139,0.06263048176311534,3.257465112234761,0.25052192705246135,0.5045196681914806,0.04175365344467641,3.258356075435,1.3987473681177547,0.053037133496975135,0.07383549229678206,9,4789,0.02719433834479813,0.04804066250252428,3,4790,0.24692335531019438,0.2664400713753241,156,4789,0.06258000249629564,0.08334789148787651,12,4790,0.09283657885180568,0.11364174082942446,24,4757,0.020875373680074177,0.04173041285626091,2,4790,0.24775485670050884,0.2674024581688625,155,4757,0.15982586185286934,0.1801144248291177,67,4790,0.88728,0.9705590174723149,0.30134,1.0439924979430277,0.30355,False,/data/suehara/part/march/datasets/20250711_ilc_nnqq_sgv_10m_3cat_parquet,val5k_tail,15000,proxy
7,7,160000,,lr_3e-6,3e-06,validation_working_point_mistag_percent,1.125901050544005,min,1.125901050544005,1.125901050544005,0.20995171648727098,0.020846362309776944,3.6321646312315945,0.2501563477173233,0.5653266440027639,0.04169272461955389,3.0988273716826775,1.18824260630108,0.05668306171712986,0.0775856848442892,10,4763,0.012883476880352901,0.03371680478268314,1,4797,0.2615001639138782,0.28096608977360094,173,4763,0.0624887565346247,0.08322649878234573,12,4797,0.09862185268701981,0.11931880615858549,27,4776,0.02084491350545256,0.04166955180281832,2,4797,0.24109208830325676,0.2607283338671315,148,4776,0.14658951866168174,0.16693622868600155,57,4797,0.88763,0.9707451435605928,0.30389,1.0439924979430277,0.31226,False,/data/suehara/part/march/datasets/20250711_ilc_nnqq_sgv_10m_3cat_parquet,val5k_tail,15000,proxy
7,7,160000,,lr_6e-6,6e-06,validation_working_point_mistag_percent,1.0762369404391607,min,1.0762369404391607,1.0762369404391607,0.18840276564772707,0.020833333333333332,3.0353778110019247,0.25,0.5673460720140638,0.041666666666666664,3.1729355415162366,1.3333333333333333,0.05317028932623419,0.07402068582550558,9,4777,0.012875424884436151,0.03369574009654474,1,4800,0.23855846306755807,0.258217157980823,145,4777,0.06244973252634259,0.08317458151613634,12,4800,0.09897339757606446,0.11974342023106038,27,4759,0.02083188633959509,0.04164352280422051,2,4800,0.24440648111058658,0.2640817182993881,151,4759,0.1557078881217115,0.1759814422423808,64,4800,0.88895,0.9707249036371226,0.3015,1.0439924979430277,0.31077,False,/data/suehara/part/march/datasets/20250711_ilc_nnqq_sgv_10m_3cat_parquet,val5k_tail,15000,proxy
7,7,160000,,lr_9e-6,9e-06,validation_working_point_mistag_percent,1.0577325441859622,min,1.0577325441859622,1.0577325441859622,0.23094688221709006,0.020846362309776944,3.191266090606519,0.229309983948721,0.5862646641086171,0.04169272461955389,2.994137341476416,1.1673963042010038,0.05987872096138395,0.08077252999487802,11,4763,0.012883476880352901,0.03371680478268314,1,4797,0.24501937443796062,0.26467039626465394,152,4763,0.05945462212256364,0.08020105397524915,11,4797,0.10059599613745587,0.1212841834279662,28,4776,0.02084491350545256,0.04166955180281832,2,4797,0.23693587157535279,0.2566159480445036,143,4776,0.14522642343016978,0.16558182305945435,56,4797,0.88846,0.9709721545453021,0.29928,1.0439924979430277,0.30529,False,/data/suehara/part/march/datasets/20250711_ilc_nnqq_sgv_10m_3cat_parquet,val5k_tail,15000,proxy
8,8,180000,,lr_14e-6,1.26e-05,validation_working_point_mistag_percent,1.0300705050621988,min,1.0300705050621988,1.0300705050621988,0.18765637076427363,0.06291946147638458,3.2318599770627,0.2726510102016143,0.4191114729335565,0.04194630872483222,2.8918690892659833,1.1325503500682441,0.05295976680649698,0.07372789005839736,9,4796,0.027319799428565467,0.04826216912322376,3,4768,0.245769992324733,0.26526890419330196,155,4796,0.0657980603866448,0.08665247388770936,13,4768,0.08369721073136,0.10447277683919365,20,4772,0.02097168787917094,0.04192285319318862,2,4768,0.2328922439492429,0.252631666016196,138,4772,0.14332462149098893,0.16381841459831933,54,4768,0.88951,0.9713561692285023,0.29731,1.0300705050621988,0.30094,False,/data/suehara/part/march/datasets/20250711_ilc_nnqq_sgv_10m_3cat_parquet,val5k_tail,15000,proxy
8,8,180000,,lr_3e-6,3e-06,validation_working_point_mistag_percent,1.0693207658054364,min,1.0693207658054364,1.0693207658054364,0.18765637076427363,0.06291946147638458,3.3152626411429655,0.29362414979777945,0.4610226379167202,0.06291946147638458,2.975691624340273,1.195469779528711,0.05295976680649698,0.07372789005839736,9,4796,0.027319799428565467,0.04826216912322376,3,4768,0.24894661960829165,0.2684107585622493,159,4796,0.06861825793762141,0.08946387581932656,14,4768,0.08822202987906437,0.10898003422349324,22,4772,0.027319799428565467,0.04826216912322376,3,4768,0.23629039492502923,0.2559946934651728,142,4772,0.14747669374464822,0.16794409999390023,57,4768,0.8886,0.9710188421813131,0.30334,1.0300705050621988,0.31035,False,/data/suehara/part/march/datasets/20250711_ilc_nnqq_sgv_10m_3cat_parquet,val5k_tail,15000,proxy
8,8,180000,,lr_6e-6,6e-06,validation_working_point_mistag_percent,1.0736738269148505,min,1.0736738269148505,1.0736738269148505,0.18867924528301888,0.06246096189881324,3.207547250613917,0.24984384759525297,0.5458744523742948,0.041640641265875494,3.0233046011908735,1.2700396150967588,0.05324827277860887,0.07412914502959059,9,4770,0.027120742418842384,0.0479107253655956,3,4803,0.24547615016870145,0.26509151501053274,153,4770,0.06241075722828614,0.08312272898199341,12,4803,0.09687373348192634,0.11763533111044164,26,4763,0.02081887544639369,0.04161752630348535,2,4803,0.23841342674264,0.25813496131865465,144,4763,0.1517336698357739,0.17202091398289768,61,4803,0.88818,0.9707764880833119,0.30144,1.0300705050621988,0.30922,False,/data/suehara/part/march/datasets/20250711_ilc_nnqq_sgv_10m_3cat_parquet,val5k_tail,15000,proxy
8,8,180000,,lr_9e-6,9e-06,validation_working_point_mistag_percent,1.0379878957028124,min,1.0379878957028124,1.0379878957028124,0.2085070865875182,0.06291946147638458,3.1276063361278417,0.2726510102016143,0.4610226379167202,0.04194630872483222,2.9337805450588754,1.195469779528711,0.05629329160413833,0.07705272162738577,10,4796,0.027319799428565467,0.04826216912322376,3,4768,0.24173530445672325,0.2612776824685567,150,4796,0.0657980603866448,0.08665247388770936,13,4768,0.08822202987906437,0.10898003422349324,22,4772,0.02097168787917094,0.04192285319318862,2,4768,0.2345979158012136,0.25431977610476175,140,4772,0.14747669374464822,0.16794409999390023,57,4768,0.88923,0.9712538378348455,0.29864,1.0300705050621988,0.30317,False,/data/suehara/part/march/datasets/20250711_ilc_nnqq_sgv_10m_3cat_parquet,val5k_tail,15000,proxy
9,9,200000,,lr_14e-6,1.26e-05,validation_working_point_mistag_percent,1.0573044866336012,min,1.0573044866336012,1.0573044866336012,0.189155099908505,0.04177982034677251,3.404791872056903,0.22978900897739543,0.48006678272773395,0.020889910173386254,2.943018313705652,1.1489450851724619,0.053382492237807694,0.07431581642054022,9,4758,0.02088845530916811,0.04175655062230647,2,4787,0.2532759491154536,0.27285788148385737,162,4758,0.05957873216122685,0.08036829397747276,11,4787,0.09004930890544366,0.1107170606617451,23,4791,0.012910389754171756,0.03378721101140925,1,4787,0.23452453689150748,0.25416434567320684,141,4791,0.14414983406496312,0.16455545434084592,55,4787,0.88888,0.9714296118143059,0.29604,1.0300705050621988,0.29467,False,/data/suehara/part/march/datasets/20250711_ilc_nnqq_sgv_10m_3cat_parquet,val5k_tail,15000,proxy
9,9,200000,,lr_3e-6,3e-06,validation_working_point_mistag_percent,1.1502885250610286,min,1.1502885250610286,1.1502885250610286,0.18800918197186564,0.0629987384102739,3.363275488332413,0.3149936920513695,0.5222477659874827,0.0629987384102739,3.070816895818615,1.616967699505936,0.05305927980117917,0.07386629350562336,9,4787,0.02735421725177228,0.04832293497588514,3,4762,0.2509821800417974,0.2704628502431673,161,4787,0.07143020071831434,0.09229310489630048,15,4762,0.09434319240204277,0.11501059100090041,25,4787,0.02735421725177228,0.04832293497588514,3,4762,0.23972266506362,0.25932549848237985,147,4787,0.1728795002119322,0.193195701068263,77,4762,0.88616,0.9705966008142765,0.30601,1.0300705050621988,0.31462,False,/data/suehara/part/march/datasets/20250711_ilc_nnqq_sgv_10m_3cat_parquet,val5k_tail,15000,proxy
9,9,200000,,lr_6e-6,6e-06,validation_working_point_mistag_percent,1.0826790541909794,min,1.0826790541909794,1.0826790541909794,0.16704948841094175,0.041911148365465216,3.1948214798559245,0.2305113189583601,0.5235602094240838,0.041911148365465216,2.9738218279774578,1.4878458121701366,0.0495119939167952,0.07031907137466124,8,4789,0.02095411015713718,0.04188773213561382,2,4772,0.24451647479311195,0.26405934683241955,153,4789,0.059765871807038747,0.08062046585019396,11,4772,0.09457982502879798,0.11529860216052999,25,4775,0.02095411015713718,0.04188773213561382,2,4772,0.23614394550968454,0.25583664986917887,142,4775,0.16536857968043728,0.18569632082144957,71,4772,0.88777,0.97102703563178,0.30021,1.0300705050621988,0.3097,False,/data/suehara/part/march/datasets/20250711_ilc_nnqq_sgv_10m_3cat_parquet,val5k_tail,15000,proxy
9,9,200000,,lr_9e-6,9e-06,validation_working_point_mistag_percent,1.0440097333295937,min,1.0440097333295937,1.0440097333295937,0.18828452844516788,0.04179728317659352,3.242677908372306,0.2507836990595611,0.44015929715286056,0.04179728317659352,2.9553552454387675,1.1912226218149005,0.05313693772646183,0.073974300404216,9,4780,0.02089718550753811,0.041773993997644004,2,4785,0.24658043709695834,0.26614007824974295,155,4780,0.0626453415008838,0.08343481759822621,12,4785,0.08600454902951728,0.10677564739676582,21,4771,0.02089718550753811,0.041773993997644004,2,4785,0.23549447476494295,0.25521142561513893,141,4771,0.14695532783610532,0.16735180816601236,57,4785,0.88818,0.9713712711228081,0.29714,1.0300705050621988,0.30315,False,/data/suehara/part/march/datasets/20250711_ilc_nnqq_sgv_10m_3cat_parquet,val5k_tail,15000,proxy
10,10,220000,,lr_14e-6,1.26e-05,validation_working_point_mistag_percent,1.1091409650259219,min,1.1091409650259219,1.1091409650259219,0.2490143120155105,0.06272213931496735,3.465449314082453,0.2508885572598694,0.4858470794538194,0.04181476061049551,3.0629487471592736,1.2544428103109855,0.06220370788093254,0.08284727040444984,12,4819,0.027234132604985795,0.04811092100761301,3,4783,0.25397203061285484,0.27328097282724034,167,4819,0.06267151532162907,0.08346963883180346,12,4783,0.09113162610602468,0.1120457350547917,23,4734,0.020905923006422064,0.04179145195265513,2,4783,0.2406951356945391,0.2605207116690097,145,4734,0.15104506574908136,0.17142364316617367,60,4783,0.88783,0.9710552404907924,0.29895,1.0300705050621988,0.30141,False,/data/suehara/part/march/datasets/20250711_ilc_nnqq_sgv_10m_3cat_parquet,val5k_tail,15000,proxy
10,10,220000,,lr_3e-6,3e-06,validation_working_point_mistag_percent,1.0995154915019578,min,1.0995154915019578,1.0995154915019578,0.20742584263425248,0.06325110689437065,3.27732826434961,0.2740881245849637,0.5448449113292675,0.0421674045962471,3.185247235035192,1.201771042591759,0.05600156136792549,0.07665381112103194,10,4821,0.027463781427893897,0.048516373709978924,3,4743,0.24688911280950876,0.2662680724299524,158,4821,0.06614456522049174,0.08710827174246658,13,4743,0.09669140082013304,0.1174142816377525,26,4772,0.02108222031341292,0.04214370117150893,2,4743,0.24456399686645092,0.26418048658957,152,4772,0.14825016360867327,0.16882277278616395,57,4743,0.88797,0.9710837238687864,0.30303,1.0300705050621988,0.31126,False,/data/suehara/part/march/datasets/20250711_ilc_nnqq_sgv_10m_3cat_parquet,val5k_tail,15000,proxy
10,10,220000,,lr_6e-6,6e-06,validation_working_point_mistag_percent,1.1656691908686836,min,1.1656691908686836,1.1656691908686836,0.25136153525685356,0.06240898530928139,3.7913699416088185,0.24963594123712557,0.5678233329157143,0.04160599126274184,3.154574056569432,1.206573742789504,0.06278956868232001,0.08362669473815908,12,4774,0.02709817759222114,0.047870886000335074,3,4807,0.2668796690856512,0.2862340691189902,181,4774,0.06235886577817301,0.0830536927550547,12,4807,0.09905647854826262,0.11984376898398641,27,4755,0.020801552849157405,0.04158291474963047,2,4807,0.24378964838541634,0.2634891546375223,150,4755,0.14763414533037356,0.1679309116587353,58,4807,0.88777,0.9707016804653591,0.30239,1.0300705050621988,0.30483,False,/data/suehara/part/march/datasets/20250711_ilc_nnqq_sgv_10m_3cat_parquet,val5k_tail,15000,proxy
10,10,220000,,lr_9e-6,9e-06,validation_working_point_mistag_percent,1.0992784756321403,min,1.0992784756321403,1.0992784756321403,0.2304147465437788,0.06325110689437065,3.414327622881325,0.2530044275774826,0.5395310025334972,0.02108370229812355,3.091927837246346,1.1806873590822,0.05974085195753634,0.0805867515401358,11,4774,0.027463781427893897,0.048516373709978924,3,4743,0.25322299459572123,0.2727353181107464,163,4774,0.06319962341546351,0.08417221851344941,12,4743,0.09575026177298462,0.1162732779459997,26,4819,0.013030154566051824,0.03410052400015887,1,4743,0.239785938806179,0.2592498691854954,149,4819,0.1468717871470227,0.1674532849005244,56,4743,0.88895,0.9716085984120957,0.29658,1.0300705050621988,0.30231,False,/data/suehara/part/march/datasets/20250711_ilc_nnqq_sgv_10m_3cat_parquet,val5k_tail,15000,proxy
11,11,240000,,lr_14e-6,1.26e-05,validation_working_point_mistag_percent,1.051639564936067,min,1.051639564936067,1.051639564936067,0.20846361779294997,0.06276150467336475,3.1061081002494304,0.251046018693459,0.4202563617672647,0.04184100418410042,2.9628072435881134,1.3598326685398534,0.056281564049762756,0.07703668550741276,10,4797,0.0272512229625944,0.04814109474411451,3,4780,0.2408700630558775,0.26041732942346585,149,4797,0.06271081708717677,0.08352192521304805,12,4780,0.08392550047114297,0.1047573255314885,20,4759,0.020919042963256147,0.04181766626207058,2,4780,0.2360802968588097,0.2558438231981111,141,4759,0.15763328791551165,0.17798056562478431,65,4780,0.88881,0.9714478213560898,0.29691,1.0300705050621988,0.29913,False,/data/suehara/part/march/datasets/20250711_ilc_nnqq_sgv_10m_3cat_parquet,val5k_tail,15000,proxy
11,11,240000,,lr_3e-6,3e-06,validation_working_point_mistag_percent,1.1527531789856773,min,1.1527531789856773,1.1527531789856773,0.20920502092050208,0.0629987384102739,3.45188295537982,0.2939941238857575,0.5423446043183329,0.041999160016799666,3.170629873375098,1.4489709555788344,0.05648159938472768,0.07731021054518758,10,4780,0.02735421725177228,0.04832293497588514,3,4762,0.25446565649001884,0.2739377824698602,165,4780,0.06870463049327441,0.08957635246677112,14,4762,0.09624857499953071,0.11687741979727286,26,4794,0.020998109827060435,0.04197564534668387,2,4762,0.2434579428770272,0.26299052683777313,152,4794,0.1632554742945448,0.18364221751496057,69,4762,0.88797,0.9704884365343102,0.30542,1.0300705050621988,0.31052,False,/data/suehara/part/march/datasets/20250711_ilc_nnqq_sgv_10m_3cat_parquet,val5k_tail,15000,proxy
11,11,240000,,lr_6e-6,5.4e-06,validation_working_point_mistag_percent,0.9880391944321032,min,0.9880391944321032,0.9880391944321032,0.1669449081803005,0.06298551494618129,2.8589314342425265,0.2729372261871474,0.54381929161098,0.020995171110644553,3.011922153559268,0.9657778556197768,0.04948101231795033,0.07027510999865957,8,4792,0.0273484749269465,0.04831279670976264,3,4763,0.23107848293897892,0.25074928137311725,137,4792,0.06586707061732264,0.08674325146348616,13,4763,0.09650975322506775,0.11719406134523998,26,4781,0.01297544171407336,0.03395739168422002,1,4763,0.23752811995210626,0.25718018093411865,144,4781,0.1317727064239011,0.15235802217911099,46,4763,0.88993,0.9717261958859901,0.29579,0.9880391944321032,0.30395,False,/data/suehara/part/march/datasets/20250711_ilc_nnqq_sgv_10m_3cat_parquet,val5k_tail,15000,proxy
11,11,240000,,lr_9e-6,8.55e-06,validation_working_point_mistag_percent,1.054310045828542,min,1.054310045828542,1.054310045828542,0.229309983948721,0.06276150467336475,3.064415332644258,0.251046018693459,0.4202563617672647,0.04184100418410042,3.04685853733263,1.3179916233845372,0.05945462212256364,0.08020105397524915,11,4797,0.0272512229625944,0.04814109474411451,3,4780,0.2392299084593895,0.2587945540369063,147,4797,0.06271081708717677,0.08352192521304805,12,4780,0.08392550047114297,0.1047573255314885,20,4759,0.020919042963256147,0.04181766626207058,2,4780,0.23944825226610322,0.2591764629452049,145,4759,0.15506780210645388,0.17543258285031527,63,4780,0.8886,0.9712786885523897,0.29825,0.9880391944321032,0.30434,False,/data/suehara/part/march/datasets/20250711_ilc_nnqq_sgv_10m_3cat_parquet,val5k_tail,15000,proxy
12,12,260000,,lr_14e-6,1.26e-05,validation_working_point_mistag_percent,1.1014519406354646,min,1.1014519406354646,1.1014519406354646,0.22988505747126436,0.06272213931496735,3.531870352398864,0.27179595263909073,0.4823825410731039,0.04181476061049551,3.083053590143129,1.1080911314328032,0.059603616373245065,0.08040182570986384,11,4785,0.027234132604985795,0.04811092100761301,3,4783,0.2572810185469322,0.2766993760778873,169,4785,0.06559189461517781,0.08638127758174631,13,4783,0.09048292467640495,0.11124938198387585,23,4768,0.020905923006422064,0.04179145195265513,2,4783,0.24066451513986875,0.26034031564677806,147,4768,0.1414713371963196,0.16191109841865292,53,4783,0.88825,0.9712952038495105,0.29773,0.9880391944321032,0.30092,False,/data/suehara/part/march/datasets/20250711_ilc_nnqq_sgv_10m_3cat_parquet,val5k_tail,15000,proxy
12,12,260000,,lr_3e-6,9.405e-06,validation_working_point_mistag_percent,1.1101043170388245,min,1.1101043170388245,1.1101043170388245,0.18824513459745426,0.06252605093110158,3.409328482174227,0.2292621896638071,0.4834980184519535,0.02083767451552407,3.1532478655096674,1.3338891204668613,0.05312582982242167,0.07395885151334572,9,4781,0.02714900135370744,0.04796061791860766,3,4798,0.2528580603787016,0.2723439120757558,163,4781,0.059442239551803396,0.08018436824837344,11,4798,0.0906917857323622,0.11150578404974643,23,4757,0.0,0.02083767451552407,0,4798,0.24368862701717592,0.2633804101843551,150,4757,0.15577243028843998,0.17605420185732215,64,4798,0.8877,0.9706727382209045,0.30075,0.9880391944321032,0.30279,False,/data/suehara/part/march/datasets/20250711_ilc_nnqq_sgv_10m_3cat_parquet,val5k_tail,15000,proxy
12,12,260000,,lr_6e-6,5.4e-06,validation_working_point_mistag_percent,1.0926665070993982,min,1.0926665070993982,1.0926665070993982,0.22911892627353184,0.06298551494618129,3.2701519853981846,0.29393238801586846,0.502933793250898,0.041990342221289105,3.0595137181744643,1.280705388514768,0.05940512276707216,0.08013435269895244,11,4801,0.0273484749269465,0.04831279670976264,3,4763,0.24711010884457055,0.2665727693811577,157,4801,0.0686902199704454,0.08955758672294367,14,4763,0.09254530284513617,0.11328574542616042,24,4772,0.020993701546624947,0.04196683742310633,2,4763,0.23963684136002195,0.2593060163733552,146,4772,0.15300112987975678,0.1734542342299878,61,4763,0.88811,0.9708698854194786,0.30118,0.9880391944321032,0.30229,False,/data/suehara/part/march/datasets/20250711_ilc_nnqq_sgv_10m_3cat_parquet,val5k_tail,15000,proxy
12,12,260000,,lr_9e-6,8.55e-06,validation_working_point_mistag_percent,1.0768766755458616,min,1.0768766755458616,1.0768766755458616,0.22911892627353184,0.06298551494618129,3.3534680341556267,0.29393238801586846,0.4191114729335565,0.041990342221289105,2.975691624340273,1.2387151014805666,0.05940512276707216,0.08013435269895244,11,4801,0.0273484749269465,0.04831279670976264,3,4763,0.2502615812814659,0.2696895412866739,161,4801,0.0686902199704454,0.08955758672294367,14,4763,0.08369721073136,0.10447277683919365,20,4772,0.020993701546624947,0.04196683742310633,2,4763,0.23629039492502923,0.2559946934651728,142,4772,0.1503393938409852,0.1708101263785466,59,4763,0.88832,0.9709606692715426,0.30005,0.9880391944321032,0.30011,False,/data/suehara/part/march/datasets/20250711_ilc_nnqq_sgv_10m_3cat_parquet,val5k_tail,15000,proxy
13,13,280000,,lr_14e-6,1.1969999999999999e-05,validation_working_point_mistag_percent,1.1223752454544997,min,1.1223752454544997,1.1223752454544997,0.2313840946313495,0.06274838060232471,3.5128313070048316,0.29282576866764276,0.47906684888984796,0.04183225266680611,3.145178034168945,1.2131352770042505,0.0599919970820954,0.0809251688601808,11,4754,0.027245523793936976,0.048131032627479364,3,4781,0.2573882587842725,0.27694122143413424,167,4754,0.06843186038152332,0.08922114278693215,14,4781,0.08986207389527628,0.11048720223302277,23,4801,0.020914667814981247,0.04180892450562669,2,4781,0.24229909379766892,0.2618138051313217,151,4801,0.1484329671068785,0.16883734379975324,58,4781,0.8879,0.971057306835907,0.29836,0.9880391944321032,0.30163,False,/data/suehara/part/march/datasets/20250711_ilc_nnqq_sgv_10m_3cat_parquet,val5k_tail,15000,proxy
13,13,280000,,lr_3e-6,9.405e-06,validation_working_point_mistag_percent,1.1079895474442116,min,1.1079895474442116,1.1079895474442116,0.2101723467120227,0.062421972534332085,3.5308953681445066,0.24968789013732834,0.4610226379167202,0.020807324178110695,3.080469365461666,1.248439474469007,0.05674258914278162,0.07766708069927661,10,4758,0.027103815277973762,0.047880839628906,3,4806,0.25794748626337266,0.2774764228743523,168,4758,0.0623718305493114,0.08307094105892768,12,4806,0.08822202987906437,0.10898003422349324,22,4772,0.012859351049228083,0.03365368958711945,1,4806,0.24046561659396143,0.2601260107255927,147,4772,0.1503259704133843,0.17060954043598228,60,4806,0.88783,0.9708668332348998,0.29979,0.9880391944321032,0.30183,False,/data/suehara/part/march/datasets/20250711_ilc_nnqq_sgv_10m_3cat_parquet,val5k_tail,15000,proxy
13,13,280000,,lr_6e-6,5.4e-06,validation_working_point_mistag_percent,1.1211053113619207,min,1.1211053113619207,1.1211053113619207,0.2101723467120227,0.062421972534332085,3.5308953681445066,0.24968789013732834,0.5238893411669456,0.020807324178110695,3.143336109820593,1.2276321382015272,0.05674258914278162,0.07766708069927661,10,4758,0.027103815277973762,0.047880839628906,3,4806,0.25794748626337266,0.2774764228743523,168,4758,0.0623718305493114,0.08307094105892768,12,4806,0.0946391687769531,0.11537083047627487,25,4772,0.012859351049228083,0.03365368958711945,1,4806,0.24293362620620776,0.2625676776927315,150,4772,0.1490011498985734,0.16929337701465097,59,4806,0.88742,0.9707692539962745,0.30092,0.9880391944321032,0.30436,False,/data/suehara/part/march/datasets/20250711_ilc_nnqq_sgv_10m_3cat_parquet,val5k_tail,15000,proxy
13,13,280000,,lr_9e-6,8.55e-06,validation_working_point_mistag_percent,1.1223712899004041,min,1.1223712899004041,1.1223712899004041,0.2313840946313495,0.06274838060232471,3.4917964548430387,0.29282576866764276,0.47906684888984796,0.04183225266680611,3.124348954919195,1.2549675639830284,0.0599919970820954,0.0809251688601808,11,4754,0.027245523793936976,0.048131032627479364,3,4781,0.25661297033813396,0.27617478048240635,166,4754,0.06843186038152332,0.08922114278693215,14,4781,0.08986207389527628,0.11048720223302277,23,4801,0.020914667814981247,0.04180892450562669,2,4781,0.24148714005793673,0.2610105265244349,150,4801,0.15110792102509157,0.1714948020037601,60,4781,0.88783,0.970899937604344,0.29954,0.9880391944321032,0.30342,False,/data/suehara/part/march/datasets/20250711_ilc_nnqq_sgv_10m_3cat_parquet,val5k_tail,15000,proxy
14,14,300000,,lr_14e-6,1.1969999999999999e-05,validation_working_point_mistag_percent,1.059894989043661,min,1.059894989043661,1.059894989043661,0.188797978902886,0.06263048176311534,3.167610678143391,0.229645086630259,0.4812722342213081,0.020876826722338204,2.971332867400145,1.3569937585658471,0.053281764328474396,0.07417572490475176,9,4767,0.02719433834479813,0.04804066250252428,3,4790,0.24400225345159524,0.2636467120687942,151,4767,0.059541444777651664,0.08031804878769308,11,4790,0.09027502340859242,0.11099415636562802,23,4779,0.012902304093322754,0.03376605828797008,1,4790,0.2359489616891461,0.25562622825197645,142,4779,0.15730607612684713,0.1776120691400167,65,4790,0.88818,0.9715927684535464,0.29543,0.9880391944321032,0.30184,False,/data/suehara/part/march/datasets/20250711_ilc_nnqq_sgv_10m_3cat_parquet,val5k_tail,15000,proxy
14,14,300000,,lr_3e-6,9.405e-06,validation_working_point_mistag_percent,1.1043256068220413,min,1.1043256068220413,1.1043256068220413,0.18804847711608194,0.04177109440267335,3.447555257165365,0.2506265664160401,0.5039899072821912,0.04177109440267335,3.0659385436885485,1.2949039141027574,0.05307035989031991,0.07388170374880415,9,4786,0.020884092944817145,0.04174783439630902,2,4788,0.2541517108674826,0.2736012386009984,165,4786,0.06260612173568893,0.08338264018780163,12,4788,0.09273928334027262,0.11352282735866362,24,4762,0.020884092944817145,0.04174783439630902,2,4788,0.24013304201755575,0.2598408149836584,146,4762,0.15351373779350397,0.17385414124872073,62,4788,0.88728,0.9707117942367439,0.30028,0.9880391944321032,0.30123,False,/data/suehara/part/march/datasets/20250711_ilc_nnqq_sgv_10m_3cat_parquet,val5k_tail,15000,proxy
14,14,300000,,lr_6e-6,5.4e-06,validation_working_point_mistag_percent,1.0912462768871822,min,1.0912462768871822,1.0912462768871822,0.188797978902886,0.06263048176311534,3.167610678143391,0.25052192705246135,0.5231219820269413,0.020876826722338204,3.055032516475585,1.4613778240107391,0.053281764328474396,0.07417572490475176,9,4767,0.02719433834479813,0.04804066250252428,3,4790,0.24400225345159524,0.2636467120687942,151,4767,0.06258000249629564,0.08334789148787651,12,4790,0.09450081570332577,0.1152024383007949,25,4779,0.012902304093322754,0.03376605828797008,1,4790,0.2392907188772334,0.25893296472093047,146,4779,0.16353354934666373,0.1837959672675306,70,4790,0.88797,0.9713307982684464,0.29756,0.9880391944321032,0.30607,False,/data/suehara/part/march/datasets/20250711_ilc_nnqq_sgv_10m_3cat_parquet,val5k_tail,15000,proxy
14,14,300000,,lr_9e-6,8.122499999999999e-06,validation_working_point_mistag_percent,1.1039004198218971,min,1.1039004198218971,1.1039004198218971,0.1877346611649472,0.04184100418410042,3.4626616080577577,0.251046018693459,0.5039899072821912,0.04184100418410042,3.0659385436885485,1.276150611320073,0.052981848533603985,0.07375860153951204,9,4794,0.020919042963256147,0.04181766626207058,2,4780,0.2545060330536364,0.2739168102547179,166,4794,0.06271081708717677,0.08352192521304805,12,4780,0.09273928334027262,0.11352282735866362,24,4762,0.020919042963256147,0.04181766626207058,2,4780,0.24013304201755575,0.2598408149836584,146,4762,0.1524598813626413,0.17284216514109105,61,4780,0.88749,0.9707868745168025,0.30021,0.9880391944321032,0.30133,False,/data/suehara/part/march/datasets/20250711_ilc_nnqq_sgv_10m_3cat_parquet,val5k_tail,15000,proxy
15,15,320000,,lr_14e-6,1.1969999999999999e-05,validation_working_point_mistag_percent,1.0664473998517041,min,1.0664473998517041,1.0664473998517041,0.2282157647449824,0.06293266205160478,3.360995887862354,0.2727081917486131,0.4211412983163666,0.04195510803440319,2.9269320985338543,1.2166981875214546,0.05917112196977374,0.07981903079879892,11,4820,0.02732552971652683,0.04827228615023003,3,4767,0.25006840355710386,0.26941667327267316,162,4820,0.06581185086183385,0.08667061419982734,13,4767,0.08410195716953059,0.10497726609883432,20,4749,0.020976086918577042,0.0419316426618512,2,4767,0.23486379004095947,0.2546840292048835,139,4749,0.14886669279836565,0.16932948720566557,58,4767,0.88825,0.9712421170577364,0.29754,0.9880391944321032,0.29719,False,/data/suehara/part/march/datasets/20250711_ilc_nnqq_sgv_10m_3cat_parquet,val5k_tail,15000,proxy
15,15,320000,,lr_3e-6,9.405e-06,validation_working_point_mistag_percent,1.06925505131068,min,1.06925505131068,1.06925505131068,0.18664454819408527,0.06289308176100629,3.40107837994684,0.25157232704402516,0.4215851656263736,0.041928721174004195,3.014334023911236,1.174004162827871,0.05267437030940922,0.07333095561074385,9,4822,0.02730834605962452,0.048241947785987525,3,4770,0.25151414934712,0.27083777431468825,164,4822,0.06284217972148852,0.08369668723477958,12,4770,0.08419046406573606,0.10508758307091948,20,4744,0.020962895333354704,0.0419052853056146,2,4770,0.23851219216106112,0.25831647713663725,143,4744,0.146044471386462,0.16651229608029022,56,4770,0.88825,0.9712579510882692,0.29729,0.9880391944321032,0.30051,False,/data/suehara/part/march/datasets/20250711_ilc_nnqq_sgv_10m_3cat_parquet,val5k_tail,15000,proxy
15,15,320000,,lr_6e-6,5.4e-06,validation_working_point_mistag_percent,1.040869055702371,min,1.040869055702371,1.040869055702371,0.209995794700913,0.062176164230080044,3.254934974310072,0.24870465692032018,0.4632554311249319,0.04145077720207254,2.947989040854339,1.0984456062762382,0.0566949572083424,0.07760195036388132,10,4762,0.026997098801675213,0.04769242571182726,3,4825,0.2474985977889973,0.26712701059550537,155,4762,0.06212641811366385,0.08274444353297081,12,4825,0.08864858160199524,0.1095061582663346,22,4749,0.02072395656440789,0.04142787252909829,2,4825,0.23571890854207148,0.2555302815735131,140,4749,0.1402454316945122,0.1605113058777469,53,4825,0.88916,0.9712672717232694,0.29728,0.9880391944321032,0.30115,False,/data/suehara/part/march/datasets/20250711_ilc_nnqq_sgv_10m_3cat_parquet,val5k_tail,15000,proxy
15,15,320000,,lr_9e-6,8.122499999999999e-06,validation_working_point_mistag_percent,1.0768401604564064,min,1.0768401604564064,1.0768401604564064,0.23027003954744574,0.0629987384102739,3.4749842137457825,0.27299455060621486,0.479466336175141,0.041999160016799666,2.9810296870273625,1.0709785581222315,0.05970336143641148,0.0805362329123593,11,4777,0.02735421725177228,0.04832293497588514,3,4762,0.2553972409622428,0.27487192313061026,166,4777,0.06588089003808544,0.08676142980709264,13,4762,0.08993687438811361,0.11057903098122537,23,4797,0.020998109827060435,0.04197564534668387,2,4762,0.2359126820957822,0.25551208609315734,143,4797,0.13922674642970184,0.15977220996930777,51,4762,0.88909,0.9712365423974454,0.29748,0.9880391944321032,0.29889,False,/data/suehara/part/march/datasets/20250711_ilc_nnqq_sgv_10m_3cat_parquet,val5k_tail,15000,proxy
16,16,340000,,lr_14e-6,1.1969999999999999e-05,validation_working_point_mistag_percent,1.040750588015309,min,1.040750588015309,1.040750588015309,0.20876826722338204,0.06285355122564425,3.31941548586136,0.272365393868803,0.4399748459205216,0.04190236748376283,2.7655561743575645,1.2151686181814338,0.05636375969438313,0.07714907872288516,10,4790,0.02729118400102127,0.048211647532137455,3,4773,0.2492537009529675,0.2687404822308427,159,4790,0.06572919461114231,0.08656188611150073,13,4773,0.08596856819304277,0.106731042068795,21,4773,0.02094972032973308,0.04187896106392506,2,4773,0.22764612502221526,0.2474343293565568,132,4773,0.1486805003874287,0.16911821774937724,58,4773,0.88951,0.9718088580114904,0.29419,0.9880391944321032,0.29748,False,/data/suehara/part/march/datasets/20250711_ilc_nnqq_sgv_10m_3cat_parquet,val5k_tail,15000,proxy
16,16,340000,,lr_3e-6,9.405e-06,validation_working_point_mistag_percent,1.0260854591541917,min,1.0260854591541917,1.0260854591541917,0.20968756821101142,0.06259128054256982,3.22918844196314,0.27122886508168403,0.4608294930875576,0.041727519298977674,2.7859237225001303,1.1475067825484628,0.056611793464106774,0.0774882347364224,10,4769,0.027177319239783962,0.0480106144926215,3,4793,0.24633523329481988,0.2659456364356494,154,4769,0.06545516702732729,0.0862014211468753,13,4793,0.08818513233566361,0.10893452312389901,22,4774,0.020862308425758556,0.041704307791925035,2,4793,0.2284739411624267,0.2482494704802624,133,4774,0.14397023760942262,0.16435091896915485,55,4793,0.89007,0.9719174611688676,0.29422,0.9880391944321032,0.29483,False,/data/suehara/part/march/datasets/20250711_ilc_nnqq_sgv_10m_3cat_parquet,val5k_tail,15000,proxy
16,16,340000,,lr_6e-6,5.4e-06,validation_working_point_mistag_percent,1.0837735764468377,min,1.0837735764468377,1.0837735764468377,0.20959966195913893,0.06255212836441991,3.206874894641075,0.2710592246372718,0.5451876599049232,0.041701417848206836,3.0404696174569055,1.2927440067627618,0.05658807718810304,0.0774558057444146,10,4771,0.027160321423668924,0.04798060404748701,3,4796,0.245425453241261,0.26503698933975295,153,4771,0.06541425983574221,0.08614761017303077,13,4796,0.09675210206439802,0.11748787243321523,26,4769,0.02084925951549509,0.04167823536796614,2,4796,0.23895310744023768,0.25864263796428544,145,4769,0.15325905196270986,0.17356643409600392,62,4796,0.88867,0.9710986044503702,0.29888,0.9880391944321032,0.3023,False,/data/suehara/part/march/datasets/20250711_ilc_nnqq_sgv_10m_3cat_parquet,val5k_tail,15000,proxy
16,16,340000,,lr_9e-6,8.122499999999999e-06,validation_working_point_mistag_percent,1.0968565902428413,min,1.0968565902428413,1.0968565902428413,0.20959966195913893,0.06255212836441991,3.353594591346223,0.2710592246372718,0.5242189289139263,0.041701417848206836,2.998532098296454,1.313594670577091,0.05658807718810304,0.0774558057444146,10,4771,0.027160321423668924,0.04798060404748701,3,4796,0.2510223383786786,0.2705723825386752,160,4771,0.06541425983574221,0.08614761017303077,13,4796,0.09469858704134279,0.11544314934162861,25,4769,0.02084925951549509,0.04167823536796614,2,4796,0.23727890929227252,0.25698602367925716,143,4769,0.15455332407128072,0.1748520129759219,63,4796,0.88881,0.9712168266566219,0.29783,0.9880391944321032,0.30011,False,/data/suehara/part/march/datasets/20250711_ilc_nnqq_sgv_10m_3cat_parquet,val5k_tail,15000,proxy
17,17,360000,,lr_14e-6,1.1969999999999999e-05,validation_working_point_mistag_percent,1.0449479124944774,min,1.0449479124944774,1.0449479124944774,0.2101723467120227,0.062447958446494214,3.2576713609772616,0.22897585781918525,0.3560955333201116,0.041631973355537054,2.974445057287319,1.2281432120378875,0.05674258914278162,0.07766708069927661,10,4758,0.027115097689818735,0.04790075930895162,3,4804,0.24770356249033365,0.2673473232424006,155,4758,0.059368052306116414,0.08008439950551068,11,4804,0.07643096910926192,0.09722422753129924,17,4774,0.02081454209287024,0.04160886801447044,2,4804,0.23619274181305022,0.2558893093900425,142,4774,0.14906286531550464,0.16936332599646695,59,4804,0.88972,0.9718463036576995,0.29402,0.9880391944321032,0.29913,False,/data/suehara/part/march/datasets/20250711_ilc_nnqq_sgv_10m_3cat_parquet,val5k_tail,15000,proxy
17,17,360000,,lr_3e-6,9.405e-06,validation_working_point_mistag_percent,1.0932311119510496,min,1.0932311119510496,1.0932311119510496,0.23089840322282534,0.06281407035175879,3.295550031906532,0.25125628140703515,0.479566294573977,0.04187604690117253,3.1276063361278417,1.256281431117253,0.059866161125924015,0.080755605657004,11,4764,0.027274043500021987,0.04818138531691472,3,4776,0.24900031023403837,0.26860343721913027,157,4764,0.06276329618306728,0.08359174237046238,12,4776,0.0899555939725548,0.11060201202331395,23,4796,0.020936561876467648,0.04185266987441565,2,4776,0.24173530445672325,0.2612776824685567,150,4796,0.15126528831037567,0.1716729578071164,60,4776,0.88965,0.9713646660399231,0.29656,0.9880391944321032,0.29929,False,/data/suehara/part/march/datasets/20250711_ilc_nnqq_sgv_10m_3cat_parquet,val5k_tail,15000,proxy
17,17,360000,,lr_6e-6,5.13e-06,validation_working_point_mistag_percent,1.08534638303323,min,1.08534638303323,1.08534638303323,0.20990764332740255,0.06281407035175879,3.211586921050428,0.25125628140703515,0.479566294573977,0.04187604690117253,3.1276063361278417,1.2981574705262235,0.056671171216586935,0.07756942614181753,10,4764,0.027274043500021987,0.04818138531691472,3,4776,0.2457807719561722,0.26541914051786686,153,4764,0.06276329618306728,0.08359174237046238,12,4776,0.0899555939725548,0.11060201202331395,23,4796,0.020936561876467648,0.04185266987441565,2,4776,0.24173530445672325,0.2612776824685567,150,4796,0.1538973575615615,0.17428749469619154,62,4776,0.8893,0.971211542838303,0.29782,0.9880391944321032,0.30146,False,/data/suehara/part/march/datasets/20250711_ilc_nnqq_sgv_10m_3cat_parquet,val5k_tail,15000,proxy
17,17,360000,,lr_9e-6,8.122499999999999e-06,validation_working_point_mistag_percent,1.0742067322435203,min,1.0742067322435203,1.0742067322435203,0.18761726078799248,0.0630119722747322,3.3771107425240343,0.23104390130262561,0.35579738659175464,0.04200798151648813,3.01381315701251,1.3232514559380242,0.05294873284390229,0.07371254390651678,9,4797,0.027359961988521787,0.04833307749785622,3,4761,0.25124877967776515,0.2706830811808156,162,4797,0.05990385644913622,0.08080639996096298,11,4761,0.07636706226453764,0.09714304158875962,17,4778,0.02100251995919585,0.04198445696821873,2,4761,0.23767521435895667,0.2573388204225653,144,4778,0.15568321092777823,0.1761270364558049,63,4761,0.88735,0.9710459226441951,0.29865,0.9880391944321032,0.30187,False,/data/suehara/part/march/datasets/20250711_ilc_nnqq_sgv_10m_3cat_parquet,val5k_tail,15000,proxy
18,18,380000,,lr_14e-6,1.1969999999999999e-05,validation_working_point_mistag_percent,0.9859024733461326,min,0.9859024733461326,0.9859024733461326,0.20916126066383806,0.04189359028068706,3.0328384732146163,0.2304147465437788,0.43923864318850686,0.04189359028068706,2.9491737118262265,0.9426057707707207,0.05646979324728247,0.07729406708110349,10,4781,0.02094533234125682,0.04187019366469945,2,4774,0.23836162915280845,0.25800494227771753,145,4781,0.05974085195753634,0.0805867515401358,11,4774,0.08582494540135743,0.10655299280704503,21,4781,0.02094533234125682,0.04187019366469945,2,4774,0.23500850534401777,0.2546868098973396,141,4781,0.12994000722384072,0.15048760689658822,45,4774,0.8916,0.9722559895095116,0.29075,0.9859024733461326,0.29874,False,/data/suehara/part/march/datasets/20250711_ilc_nnqq_sgv_10m_3cat_parquet,val5k_tail,15000,proxy
18,18,380000,,lr_3e-6,8.93475e-06,validation_working_point_mistag_percent,1.065238801265055,min,1.065238801265055,1.065238801265055,0.251414204902577,0.06264355655733587,3.3940917499089474,0.2714554203976116,0.4608294930875576,0.04176237210273544,3.079179057861231,0.9605345553024444,0.06280271318184487,0.08364418188527901,12,4773,0.027200016117583457,0.04805068686574458,3,4789,0.25249241089819324,0.27201729914026057,162,4773,0.06550978960277784,0.08627327377034874,13,4789,0.08818513233566361,0.10893452312389901,22,4774,0.02087973240216612,0.041739121808386265,2,4789,0.24036629051452305,0.2600189904577138,147,4774,0.13106007274707523,0.15153584119869806,46,4789,0.89035,0.9719789324120219,0.29412,0.9859024733461326,0.30159,False,/data/suehara/part/march/datasets/20250711_ilc_nnqq_sgv_10m_3cat_parquet,val5k_tail,15000,proxy
18,18,380000,,lr_6e-6,5.13e-06,validation_working_point_mistag_percent,1.0623981665389426,min,1.0623981665389426,1.0623981665389426,0.20968756821101142,0.06266973211826066,3.187250996015936,0.22978900897739543,0.4602510607173093,0.020889910173386254,3.0334726459904418,1.295174410107799,0.056611793464106774,0.0774882347364224,10,4769,0.027211378778731362,0.04807074814777055,3,4787,0.24471560126679315,0.26434358827056026,152,4769,0.05957873216122685,0.08036829397747276,11,4787,0.08807462465455075,0.10879821760747896,22,4780,0.012910389754171756,0.03378721101140925,1,4787,0.23841080718373342,0.2580579635094612,145,4780,0.15354563304932986,0.1738901717165184,62,4787,0.88881,0.9709263484295043,0.29811,0.9859024733461326,0.30362,False,/data/suehara/part/march/datasets/20250711_ilc_nnqq_sgv_10m_3cat_parquet,val5k_tail,15000,proxy
18,18,380000,,lr_9e-6,8.122499999999999e-06,validation_working_point_mistag_percent,1.0015971966045591,min,1.0015971966045591,1.0015971966045591,0.23007739554185727,0.04189359028068706,3.0746703992835025,0.2304147465437788,0.46015479108371454,0.04189359028068706,2.9491737118262265,0.9844993479960182,0.05965344720958701,0.08046897318630497,11,4781,0.02094533234125682,0.04187019366469945,2,4774,0.24001929426964164,0.2596451116803449,147,4781,0.05974085195753634,0.0805867515401358,11,4774,0.08805623362875313,0.10877553317733762,22,4781,0.02094533234125682,0.04187019366469945,2,4774,0.23500850534401777,0.2546868098973396,141,4781,0.13298362694682905,0.1535136795660556,47,4774,0.89083,0.9720835326531555,0.29194,0.9859024733461326,0.30066,False,/data/suehara/part/march/datasets/20250711_ilc_nnqq_sgv_10m_3cat_parquet,val5k_tail,15000,proxy
19,19,400000,,lr_14e-6,1.1969999999999999e-05,validation_working_point_mistag_percent,1.0668189843818194,min,1.0668189843818194,1.0668189843818194,0.20955573646677825,0.020964360587002098,3.331936256433412,0.25157232704402516,0.4589069728847432,0.041928721174004195,3.003754578639155,1.2159329218254356,0.056576226500096284,0.07743960142495387,10,4772,0.012956400606867183,0.03390757882502396,1,4770,0.25017950556368085,0.2697345291148838,159,4772,0.06284217972148852,0.08369668723477958,12,4770,0.08781784732560376,0.10848149405467897,22,4794,0.020962895333354704,0.0419052853056146,2,4770,0.23689280848384134,0.2564949963072546,144,4794,0.1487735383398579,0.1692237865418925,58,4770,0.88902,0.9717086919753618,0.29468,0.9859024733461326,0.29753,False,/data/suehara/part/march/datasets/20250711_ilc_nnqq_sgv_10m_3cat_parquet,val5k_tail,15000,proxy
19,19,400000,,lr_3e-6,8.93475e-06,validation_working_point_mistag_percent,1.0880188811604443,min,1.0880188811604443,1.0880188811604443,0.23094688221709006,0.06282722673703439,3.3802225569354563,0.2722513193404619,0.4793664194372784,0.020942408376963352,3.0429345076787246,1.214659728560545,0.05987872096138395,0.08077252999487802,11,4763,0.027279754607573575,0.04819146849989734,3,4775,0.2522271906665763,0.27179888565028176,161,4763,0.06570168864683357,0.08652570401161559,13,4775,0.08991816259302388,0.1105560594870986,23,4798,0.012942833995247701,0.033872087593079796,1,4775,0.23835626232250223,0.257925783241,146,4798,0.14861853970352407,0.1690479116943684,58,4775,0.88832,0.9711547206375707,0.29752,0.9859024733461326,0.30103,False,/data/suehara/part/march/datasets/20250711_ilc_nnqq_sgv_10m_3cat_parquet,val5k_tail,15000,proxy
19,19,400000,,lr_6e-6,5.13e-06,validation_working_point_mistag_percent,1.0694035117300937,min,1.0694035117300937,1.0694035117300937,0.2305113189583601,0.041928721174004195,3.2481140775172763,0.25157232704402516,0.4589069728847432,0.041928721174004195,3.066333033262901,1.2159329218254356,0.059765871807038747,0.08062046585019396,11,4772,0.020962895333354704,0.0419052853056146,2,4770,0.24698766641642023,0.266577813494432,155,4772,0.06284217972148852,0.08369668723477958,12,4770,0.08781784732560376,0.10848149405467897,22,4794,0.020962895333354704,0.0419052853056146,2,4770,0.23937752267618184,0.25895360905109494,147,4794,0.1487735383398579,0.1692237865418925,58,4770,0.88867,0.9713617314658922,0.29714,0.9859024733461326,0.30151,False,/data/suehara/part/march/datasets/20250711_ilc_nnqq_sgv_10m_3cat_parquet,val5k_tail,15000,proxy
19,19,400000,,lr_9e-6,8.122499999999999e-06,validation_working_point_mistag_percent,1.0741185205612152,min,1.0741185205612152,1.0741185205612152,0.25109855618330196,0.04201680672268908,3.3270558017077585,0.25210084680126665,0.479466336175141,0.04201680672268908,3.022722421941581,1.1764705882352942,0.06272392863193436,0.08353936856658564,12,4779,0.02100693194419809,0.041993272290040275,2,4760,0.24981865471158765,0.26934708321810286,159,4779,0.06297409385047034,0.08387218213430311,12,4760,0.08993687438811361,0.11057903098122537,23,4797,0.02100693194419809,0.041993272290040275,2,4760,0.23757752991123982,0.2571595546986858,145,4797,0.1463497956647939,0.16685957487578493,56,4760,0.8886,0.9715134504429374,0.29606,0.9859024733461326,0.29943,False,/data/suehara/part/march/datasets/20250711_ilc_nnqq_sgv_10m_3cat_parquet,val5k_tail,15000,proxy
20,20,420000,,lr_14e-6,1.1969999999999999e-05,validation_working_point_mistag_percent,1.0420310458794029,min,1.0420310458794029,1.0420310458794029,0.18955350108231994,0.041684035014589414,3.222409355293176,0.25010420372440634,0.48016702685055096,0.041684035014589414,2.860125167571821,1.2505210424837696,0.0534948597498922,0.07447209559061278,9,4748,0.020840569306876444,0.041660871855317964,2,4798,0.2465968038050874,0.2662967787743227,153,4748,0.06247574311398112,0.08320918582700992,12,4798,0.09006807532829678,0.11074009911681126,23,4790,0.020840569306876444,0.041660871855317964,2,4798,0.23117371759678074,0.25085222928078776,137,4790,0.15057531268886198,0.17089182819190923,60,4798,0.88965,0.9714334615484729,0.29595,0.9859024733461326,0.29737,False,/data/suehara/part/march/datasets/20250711_ilc_nnqq_sgv_10m_3cat_parquet,val5k_tail,15000,proxy
20,20,420000,,lr_3e-6,8.93475e-06,validation_working_point_mistag_percent,1.1040795469351639,min,1.1040795469351639,1.1040795469351639,0.2501563477173233,0.06269592476489028,3.314571615162031,0.2507836990595611,0.48380312248495977,0.04179728317659352,2.9659234019597607,1.4629049811561918,0.0624887565346247,0.08322649878234573,12,4797,0.027222750937228025,0.048090826188057566,3,4785,0.24889551290344925,0.2683558832213939,159,4797,0.0626453415008838,0.08343481759822621,12,4785,0.09074891528774565,0.1115759171328905,23,4754,0.02089718550753811,0.041773993997644004,2,4785,0.23632525024074313,0.2561082477453076,141,4754,0.16370337198119786,0.18398632020051234,70,4785,0.88721,0.9707094048677735,0.29996,0.9859024733461326,0.29973,False,/data/suehara/part/march/datasets/20250711_ilc_nnqq_sgv_10m_3cat_parquet,val5k_tail,15000,proxy
20,20,420000,,lr_6e-6,5.13e-06,validation_working_point_mistag_percent,1.067932782595519,min,1.067932782595519,1.067932782595519,0.22974101482175896,0.06259128054256982,3.3208020804164278,0.2295013605281613,0.5047318611987381,0.041727519298977674,2.944269095844414,1.210098048113104,0.05956629784535845,0.08035153859740911,11,4788,0.027177319239783962,0.0480106144926215,3,4793,0.2493562297560488,0.2688505701172871,159,4788,0.05950420403749304,0.080267866383699,11,4793,0.09287555424236771,0.11368937599964321,24,4755,0.020862308425758556,0.041704307791925035,2,4793,0.23542544442847585,0.2552133884190868,140,4755,0.14806320868033396,0.16841777770007937,58,4793,0.88951,0.9711822032571105,0.29797,0.9859024733461326,0.30072,False,/data/suehara/part/march/datasets/20250711_ilc_nnqq_sgv_10m_3cat_parquet,val5k_tail,15000,proxy
20,20,420000,,lr_9e-6,8.122499999999999e-06,validation_working_point_mistag_percent,1.0893287891533694,min,1.0893287891533694,1.0893287891533694,0.22911892627353184,0.0632111251580278,3.24932311449574,0.2739148668781939,0.43850490009286514,0.04214075010535188,3.0277718230941524,1.3906448071290918,0.05940512276707216,0.08013435269895244,11,4801,0.027446423507208873,0.048485727857258167,3,4746,0.2463153647721955,0.2657867004416267,156,4801,0.06610279206790154,0.08705332298187463,13,4746,0.08568180169181727,0.10637553659491594,21,4789,0.021068894941085044,0.04211707663474193,2,4746,0.23796893384706308,0.2575815551508428,145,4789,0.1600324105612559,0.18051244226402544,66,4746,0.88672,0.9707986858752587,0.30019,0.9859024733461326,0.29997,False,/data/suehara/part/march/datasets/20250711_ilc_nnqq_sgv_10m_3cat_parquet,val5k_tail,15000,proxy
21,21,440000,,lr_14e-6,1.1969999999999999e-05,validation_working_point_mistag_percent,1.0313928422406562,min,1.0313928422406562,1.0313928422406562,0.16680567139282734,0.020855057351407715,3.148457082599197,0.2502606818457978,0.4636459311701994,0.04171011470281543,2.887249738885982,1.2721584599770226,0.04943976378243364,0.07021658026298695,8,4796,0.012888850475002026,0.03373086254449684,1,4795,0.24254806627455466,0.26208175105773557,151,4796,0.06251479964649513,0.08326114631529544,12,4795,0.08872318591311867,0.1095981770875401,22,4745,0.020853607338137303,0.041686922553023524,2,4795,0.2333374385625444,0.2531911049188165,137,4745,0.15198547919952674,0.1723056799925059,61,4795,0.88916,0.9714518615723747,0.29595,0.9859024733461326,0.2981,False,/data/suehara/part/march/datasets/20250711_ilc_nnqq_sgv_10m_3cat_parquet,val5k_tail,15000,proxy
21,21,440000,,lr_3e-6,8.93475e-06,validation_working_point_mistag_percent,1.0341802081686748,min,1.0341802081686748,1.0341802081686748,0.21039344112829647,0.041701417848206836,3.2190196040509123,0.18765637076427363,0.4386881206328071,0.041701417848206836,3.1125965265406133,1.0216847665360824,0.05680224172880043,0.07774864751940846,10,4753,0.02084925951549509,0.04167823536796614,2,4796,0.24634121258099786,0.26602189429467615,153,4753,0.05295976680649698,0.07372789005839736,9,4796,0.08571754283639726,0.10641984521165149,21,4787,0.02084925951549509,0.04167823536796614,2,4796,0.2413660930702024,0.2609514746007641,149,4787,0.13534067280811332,0.15576106691389588,49,4796,0.89062,0.9716377741613638,0.29428,0.9859024733461326,0.2976,False,/data/suehara/part/march/datasets/20250711_ilc_nnqq_sgv_10m_3cat_parquet,val5k_tail,15000,proxy
21,21,440000,,lr_6e-6,5.13e-06,validation_working_point_mistag_percent,1.096881295624064,min,1.096881295624064,1.096881295624064,0.1879306840429139,0.041701417848206836,3.5289204103549228,0.2085070865875182,0.48410861182357867,0.041701417848206836,3.0519889667171327,1.2301917697700309,0.053037133496975135,0.07383549229678206,9,4789,0.02084925951549509,0.04167823536796614,2,4796,0.2570696268153184,0.2764730003256811,169,4789,0.05629329160413833,0.07705272162738577,10,4796,0.09080611686340512,0.11164613849273426,23,4751,0.02084925951549509,0.04167823536796614,2,4796,0.2398458475504222,0.2596051114161901,145,4751,0.14931023905144278,0.16964370087069555,59,4796,0.88853,0.9710084238348679,0.2986,0.9859024733461326,0.29975,False,/data/suehara/part/march/datasets/20250711_ilc_nnqq_sgv_10m_3cat_parquet,val5k_tail,15000,proxy
21,21,440000,,lr_9e-6,8.122499999999999e-06,validation_working_point_mistag_percent,1.0341802081686748,min,1.0341802081686748,1.0341802081686748,0.21039344112829647,0.041701417848206836,3.2190196040509123,0.18765637076427363,0.4386881206328071,0.041701417848206836,3.1125965265406133,1.0216847665360824,0.05680224172880043,0.07774864751940846,10,4753,0.02084925951549509,0.04167823536796614,2,4796,0.24634121258099786,0.26602189429467615,153,4753,0.05295976680649698,0.07372789005839736,9,4796,0.08571754283639726,0.10641984521165149,21,4787,0.02084925951549509,0.04167823536796614,2,4796,0.2413660930702024,0.2609514746007641,149,4787,0.13534067280811332,0.15576106691389588,49,4796,0.89069,0.9716091353708741,0.29445,0.9859024733461326,0.29509,False,/data/suehara/part/march/datasets/20250711_ilc_nnqq_sgv_10m_3cat_parquet,val5k_tail,15000,proxy
22,22,460000,,lr_14e-6,1.1969999999999999e-05,validation_working_point_mistag_percent,0.9804035939960777,min,0.9804035939960777,0.9804035939960777,0.16764459346186086,0.04141644232760406,2.87091379614348,0.2692068683242563,0.42238648363252373,0.04141644232760406,2.787750800958332,1.2424933247929613,0.0496882917530497,0.07056922844131211,8,4772,0.020706791498776533,0.04139357558062846,2,4829,0.2320343740766867,0.2517825770253418,137,4772,0.06496763233640926,0.08556009325768071,13,4829,0.0843502468062013,0.10528673900061314,20,4735,0.020706791498776533,0.04139357558062846,2,4829,0.2294500877149278,0.24938769295480312,132,4735,0.14961368925198987,0.1698031330325993,60,4829,0.88958,0.9716097134154014,0.29483,0.9804035939960777,0.2945,False,/data/suehara/part/march/datasets/20250711_ilc_nnqq_sgv_10m_3cat_parquet,val5k_tail,15000,proxy
22,22,460000,,lr_3e-6,8.93475e-06,validation_working_point_mistag_percent,1.0171267638036754,min,1.0171267638036754,1.0171267638036754,0.16764459346186086,0.062124665061830044,3.0595137181744643,0.2692068683242563,0.42238648363252373,0.04141644232760406,2.8722280146539028,1.2424933247929613,0.0496882917530497,0.07056922844131211,8,4772,0.026974739167574324,0.04765294841664618,3,4829,0.23963684136002195,0.2593060163733552,146,4772,0.06496763233640926,0.08556009325768071,13,4829,0.0843502468062013,0.10528673900061314,20,4735,0.020706791498776533,0.04139357558062846,2,4829,0.2329560495411231,0.2528579802469077,136,4735,0.14961368925198987,0.1698031330325993,60,4829,0.8893,0.9714296954743142,0.29588,0.9804035939960777,0.29692,False,/data/suehara/part/march/datasets/20250711_ilc_nnqq_sgv_10m_3cat_parquet,val5k_tail,15000,proxy
22,22,460000,,lr_6e-6,5.13e-06,validation_working_point_mistag_percent,1.0607377968406313,min,1.0607377968406313,1.0607377968406313,0.18875839167804068,0.042096400757735214,3.1879194120765626,0.25257841103606093,0.4567158011081296,0.042096400757735214,2.968652733063259,1.3470848242475268,0.053270595798354935,0.07416019177685698,9,4768,0.021046723381260735,0.042072777084645505,2,4751,0.24476617782895962,0.26439800023907234,152,4768,0.0630932909703426,0.084030757971796,12,4751,0.08739923373962873,0.10796514665029101,22,4817,0.021046723381260735,0.042072777084645505,2,4751,0.23494639567145578,0.25446957844920853,143,4817,0.15730472503383916,0.17778154118525002,64,4751,0.88853,0.971150500123846,0.2982,0.9804035939960777,0.29931,False,/data/suehara/part/march/datasets/20250711_ilc_nnqq_sgv_10m_3cat_parquet,val5k_tail,15000,proxy
22,22,460000,,lr_9e-6,8.122499999999999e-06,validation_working_point_mistag_percent,1.087787865956508,min,1.087787865956508,1.087787865956508,0.23114100193642664,0.06290627126839761,3.3620508941381178,0.293562595495416,0.4367720535197719,0.04193751310547285,3.0158071486676823,1.2581254495207783,0.059929013048139426,0.08084029834393452,11,4759,0.02731407154343503,0.04825205633603117,3,4769,0.25164552434832377,0.2712413013016758,160,4759,0.06860388362075558,0.08944515716719664,14,4769,0.08534374149796517,0.10595643767322432,21,4808,0.020967290684483532,0.041914067408548326,2,4769,0.23704144639363905,0.25658155577673175,145,4808,0.15148615394386927,0.1719229986427524,60,4769,0.88916,0.9712688136825447,0.29757,0.9804035939960777,0.30298,False,/data/suehara/part/march/datasets/20250711_ilc_nnqq_sgv_10m_3cat_parquet,val5k_tail,15000,proxy
23,23,480000,,lr_14e-6,1.1969999999999999e-05,validation_working_point_mistag_percent,1.0682042384404058,min,1.0682042384404058,1.0682042384404058,0.18899622976515282,0.04169272461955389,3.4229315811283056,0.27100271002710025,0.43960643632763347,0.04169272461955389,2.9097761169344967,1.2299353841014486,0.0533376772994073,0.07425348825045679,9,4762,0.02084491350545256,0.04166955180281832,2,4797,0.25385105186160467,0.2734089223040276,163,4762,0.065400635465302,0.08612968810805853,13,4797,0.08589669676173774,0.1066419431210673,21,4777,0.02084491350545256,0.04166955180281832,2,4797,0.23350531468657384,0.2532165846698107,139,4777,0.14927927244485548,0.16960860325924645,59,4797,0.88902,0.97159972505467,0.29626,0.9804035939960777,0.2988,False,/data/suehara/part/march/datasets/20250711_ilc_nnqq_sgv_10m_3cat_parquet,val5k_tail,15000,proxy
23,23,480000,,lr_3e-6,8.93475e-06,validation_working_point_mistag_percent,1.0599015864903507,min,1.0599015864903507,1.0599015864903507,0.20924879949184624,0.06263048176311534,3.2224315378965516,0.29227557783696984,0.4615061765604776,0.04175365344467641,2.915880024724648,1.2734864402045203,0.05649341045981817,0.07732636075403593,10,4779,0.02719433834479813,0.04804066250252428,3,4790,0.2458273827280151,0.26539958713344625,154,4779,0.06830340802962595,0.08905386698428568,14,4790,0.08831440896342815,0.10909397851528273,22,4767,0.020875373680074177,0.04173041285626091,2,4790,0.23398867722761763,0.25373872755966864,139,4767,0.15214328489079365,0.1724841379778054,61,4790,0.88944,0.971606486000217,0.29632,0.9804035939960777,0.29974,False,/data/suehara/part/march/datasets/20250711_ilc_nnqq_sgv_10m_3cat_parquet,val5k_tail,15000,proxy
23,23,480000,,lr_6e-6,5.13e-06,validation_working_point_mistag_percent,1.0855692495745275,min,1.0855692495745275,1.0855692495745275,0.20916126066383806,0.06277463904582549,3.3256641918244894,0.29294831180578657,0.4815745347477528,0.04184975936388366,3.036013397910077,1.2345679012345678,0.05646979324728247,0.07729406708110349,10,4781,0.027256924516033818,0.048151161068734315,3,4779,0.24971574551045442,0.2692365886359217,159,4781,0.06846047098733074,0.08925840056241553,14,4779,0.09033162894675649,0.11106364714254324,23,4776,0.020923419942392277,0.04182641167487599,2,4779,0.23860772233440208,0.2582702664414422,145,4776,0.14983864389167578,0.17024259037651465,59,4779,0.88811,0.9710872959658533,0.29937,0.9804035939960777,0.30099,False,/data/suehara/part/march/datasets/20250711_ilc_nnqq_sgv_10m_3cat_parquet,val5k_tail,15000,proxy
23,23,480000,,lr_9e-6,7.716374999999998e-06,validation_working_point_mistag_percent,1.106403824613864,min,1.106403824613864,1.106403824613864,0.25120367790150483,0.04186728072011723,3.4749842137457825,0.25120367790150483,0.48097031298517834,0.04186728072011723,3.0531157634291834,1.256018389507524,0.06275016817643705,0.08357427714072302,12,4777,0.020932179397847108,0.04184391347875119,2,4777,0.2553972409622428,0.27487192313061026,166,4777,0.06275016817643705,0.08357427714072302,12,4777,0.09021848876832701,0.11092475249180099,23,4782,0.020932179397847108,0.04184391347875119,2,4777,0.23914268645797432,0.2587734136789189,146,4782,0.15123378863829365,0.17163729704281258,60,4777,0.88839,0.971076478468276,0.2985,0.9804035939960777,0.30075,False,/data/suehara/part/march/datasets/20250711_ilc_nnqq_sgv_10m_3cat_parquet,val5k_tail,15000,proxy
24,24,500000,,lr_14e-6,1.1969999999999999e-05,validation_working_point_mistag_percent,1.089920899031322,min,1.089920899031322,1.089920899031322,0.20933639825125402,0.04200798151648813,3.5796524701259798,0.2520478890989288,0.4168403607511115,0.04200798151648813,3.001250673765572,1.1762234372247544,0.05651704743533028,0.07735868142293993,10,4777,0.02100251995919585,0.04198445696821873,2,4761,0.25923067044905723,0.2786615400591157,171,4777,0.06296087752135299,0.08385459953349131,12,4761,0.083244336966101,0.10390829181079952,20,4798,0.02100251995919585,0.04198445696821873,2,4761,0.23669801097739895,0.25628490386297964,144,4798,0.14631920580268717,0.16682478182853314,56,4761,0.88888,0.9718126882083156,0.29518,0.9804035939960777,0.29959,False,/data/suehara/part/march/datasets/20250711_ilc_nnqq_sgv_10m_3cat_parquet,val5k_tail,15000,proxy
24,24,500000,,lr_3e-6,8.4880125e-06,validation_working_point_mistag_percent,1.052661077157259,min,1.052661077157259,1.052661077157259,0.2085070865875182,0.06318450036077332,3.2318599770627,0.2527380014430933,0.45909850919079687,0.04212299915754002,2.963272106046762,1.2005054374088895,0.05629329160413833,0.07705272162738577,10,4796,0.027434863744637963,0.04846531878833717,3,4748,0.245769992324733,0.26526890419330196,155,4796,0.06313312368050826,0.08408374991973962,12,4748,0.08785443809547046,0.10852662733081544,22,4792,0.02106002071395339,0.042099345624815654,2,4748,0.2353174814227213,0.2549447411263728,142,4792,0.148094821286472,0.16864630350336401,57,4748,0.88881,0.971474186365458,0.29545,0.9804035939960777,0.30078,False,/data/suehara/part/march/datasets/20250711_ilc_nnqq_sgv_10m_3cat_parquet,val5k_tail,15000,proxy
24,24,500000,,lr_6e-6,5.13e-06,validation_working_point_mistag_percent,1.0605327747502649,min,1.0605327747502649,1.0605327747502649,0.2085070865875182,0.06318450036077332,3.2527106283806275,0.27379949100433976,0.4799666156033239,0.04212299915754002,2.9424038895619775,1.221566987346019,0.05629329160413833,0.07705272162738577,10,4796,0.027434863744637963,0.04846531878833717,3,4748,0.24656833006423512,0.26605854870415047,156,4796,0.06607497259995816,0.08701672897202636,13,4748,0.09003055030119156,0.1106940317904391,23,4792,0.02106002071395339,0.042099345624815654,2,4748,0.2344762496239678,0.254112217073716,141,4792,0.1494593907377672,0.17000200308749625,58,4748,0.88797,0.9712565832596658,0.29696,0.9804035939960777,0.30324,False,/data/suehara/part/march/datasets/20250711_ilc_nnqq_sgv_10m_3cat_parquet,val5k_tail,15000,proxy
24,24,500000,,lr_9e-6,7.716374999999998e-06,validation_working_point_mistag_percent,1.0552454112196576,min,1.0552454112196576,1.0552454112196576,0.22935779816513763,0.06318450036077332,3.211009230500129,0.2527380014430933,0.4799666156033239,0.04212299915754002,2.984140152954486,1.1794439915727777,0.0594670098532854,0.08021774664787985,11,4796,0.027434863744637963,0.04846531878833717,3,4748,0.24496882394153263,0.2644764290387541,154,4796,0.06313312368050826,0.08408374991973962,12,4748,0.09003055030119156,0.1106940317904391,23,4792,0.02106002071395339,0.042099345624815654,2,4748,0.2361554965102295,0.25577404846778284,143,4792,0.14671787412740572,0.16727822621146107,56,4748,0.88881,0.971439662724238,0.29571,0.9804035939960777,0.30108,False,/data/suehara/part/march/datasets/20250711_ilc_nnqq_sgv_10m_3cat_parquet,val5k_tail,15000,proxy
25,25,520000,,lr_14e-6,1.1969999999999999e-05,validation_working_point_mistag_percent,1.0691855665167185,min,1.0691855665167185,1.0691855665167185,0.1677500524218914,0.041981528127623846,3.4388761681738798,0.2518891687657431,0.45804706556609376,0.041981528127623846,2.9564854923069843,1.1964735286439079,0.049719533545559705,0.07061355868081258,8,4769,0.020989295116723355,0.04195803319515878,2,4764,0.25426508658255714,0.2737875704086998,164,4769,0.06292126179743338,0.08380189593436274,12,4764,0.08765356533874764,0.10827885798907053,22,4803,0.020989295116723355,0.04195803319515878,2,4764,0.23478578528478533,0.25437092869449485,142,4803,0.14759990612927282,0.16808407252942495,57,4764,0.8893,0.9714015124832924,0.29581,0.9804035939960777,0.29223,False,/data/suehara/part/march/datasets/20250711_ilc_nnqq_sgv_10m_3cat_parquet,val5k_tail,15000,proxy
25,25,520000,,lr_3e-6,8.4880125e-06,validation_working_point_mistag_percent,1.07420362010169,min,1.07420362010169,1.07420362010169,0.18955350108231994,0.062253578003877624,3.201348028567449,0.2697655012667486,0.4613126589202612,0.04150238638721727,2.977563435252046,1.3903298713336005,0.0534948597498922,0.07447209559061278,9,4748,0.027030707842324083,0.04775176444830715,3,4819,0.2457821159124289,0.26549096074882717,152,4748,0.06510232862031837,0.08573728069022836,13,4819,0.08827743412384276,0.1090483722185346,22,4769,0.02074975758849585,0.04147942464808624,2,4819,0.23643702604373812,0.2561529323621917,142,4769,0.15886969167438567,0.1790396792495017,67,4819,0.88923,0.9712730302100553,0.29663,0.9804035939960777,0.29907,False,/data/suehara/part/march/datasets/20250711_ilc_nnqq_sgv_10m_3cat_parquet,val5k_tail,15000,proxy
25,25,520000,,lr_6e-6,5.13e-06,validation_working_point_mistag_percent,1.092465677393471,min,1.092465677393471,1.092465677393471,0.21061500120257773,0.062253578003877624,3.222409355293176,0.2697655012667486,0.48228140534222913,0.04150238638721727,2.977563435252046,1.4733347563998933,0.05686201987033851,0.07783038584389607,10,4748,0.027030707842324083,0.04775176444830715,3,4819,0.2465968038050874,0.2662967787743227,153,4748,0.06510232862031837,0.08573728069022836,13,4819,0.09046398500010093,0.11122613116332417,23,4769,0.02074975758849585,0.04147942464808624,2,4819,0.23643702604373812,0.2561529323621917,142,4769,0.1637658099184494,0.183901355679136,71,4819,0.88846,0.9710530671594572,0.29811,0.9804035939960777,0.30147,False,/data/suehara/part/march/datasets/20250711_ilc_nnqq_sgv_10m_3cat_parquet,val5k_tail,15000,proxy
25,25,520000,,lr_9e-6,7.716374999999998e-06,validation_working_point_mistag_percent,1.0820900667601843,min,1.0820900667601843,1.0820900667601843,0.21061500120257773,0.062253578003877624,3.222409355293176,0.2697655012667486,0.48228140534222913,0.04150238638721727,2.977563435252046,1.3903298713336005,0.05686201987033851,0.07783038584389607,10,4748,0.027030707842324083,0.04775176444830715,3,4819,0.2465968038050874,0.2662967787743227,153,4748,0.06510232862031837,0.08573728069022836,13,4819,0.09046398500010093,0.11122613116332417,23,4769,0.02074975758849585,0.04147942464808624,2,4819,0.23643702604373812,0.2561529323621917,142,4769,0.15886969167438567,0.1790396792495017,67,4819,0.88937,0.9712464597662681,0.29689,0.9804035939960777,0.29867,False,/data/suehara/part/march/datasets/20250711_ilc_nnqq_sgv_10m_3cat_parquet,val5k_tail,15000,proxy
26,26,540000,,lr_14e-6,1.1969999999999999e-05,validation_working_point_mistag_percent,1.086377835374789,min,1.086377835374789,1.086377835374789,0.16792611251049538,0.041736227045075125,3.5894205859317236,0.2712854740653223,0.4602510607173093,0.041736227045075125,3.054393212811664,1.0642737828716489,0.049771690595513625,0.07068756630904541,8,4764,0.020866661693008874,0.04171300585030281,2,4792,0.25992632042524455,0.2794061018922288,171,4764,0.06546881412978636,0.08621937308000843,13,4792,0.08807462465455075,0.10879821760747896,22,4780,0.020866661693008874,0.04171300585030281,2,4792,0.2392413543852584,0.258879759193692,146,4780,0.13835891900007974,0.15877858359859864,51,4792,0.88909,0.9714217671748336,0.29628,0.9804035939960777,0.29623,False,/data/suehara/part/march/datasets/20250711_ilc_nnqq_sgv_10m_3cat_parquet,val5k_tail,15000,proxy
26,26,540000,,lr_3e-6,8.4880125e-06,validation_working_point_mistag_percent,1.0915750807671698,min,1.0915750807671698,1.0915750807671698,0.20990764332740255,0.06260433897284406,3.484466817851991,0.2712854740653223,0.4602510607173093,0.041736227045075125,3.1380753012857663,1.0642737828716489,0.056671171216586935,0.07756942614181753,10,4764,0.02718298990738121,0.048020626318577724,3,4792,0.25608297375672856,0.2756068071944659,166,4764,0.06546881412978636,0.08621937308000843,13,4792,0.08807462465455075,0.10879821760747896,22,4780,0.020866661693008874,0.04171300585030281,2,4792,0.24253286819770176,0.26213626693695896,150,4780,0.13835891900007974,0.15877858359859864,51,4792,0.8886,0.9712494593631832,0.29735,0.9804035939960777,0.2981,False,/data/suehara/part/march/datasets/20250711_ilc_nnqq_sgv_10m_3cat_parquet,val5k_tail,15000,proxy
26,26,540000,,lr_6e-6,5.13e-06,validation_working_point_mistag_percent,1.0367368347722516,min,1.0367368347722516,1.0367368347722516,0.16701461377870563,0.041701417848206836,3.110647117219081,0.25020851345767964,0.48421051542752364,0.041701417848206836,2.9473685630735007,1.2510425195251094,0.04950166240729509,0.07030441147271829,8,4790,0.02084925951549509,0.04167823536796614,2,4796,0.24121706975920795,0.26079100122168786,149,4790,0.06250177537766607,0.08324381894360762,12,4796,0.09082520008334088,0.11166956525853955,23,4750,0.02084925951549509,0.04167823536796614,2,4796,0.23566994707538874,0.2554774114319234,140,4750,0.15063777754840862,0.17096254613900852,60,4796,0.88909,0.9715604383889235,0.29524,0.9804035939960777,0.30061,False,/data/suehara/part/march/datasets/20250711_ilc_nnqq_sgv_10m_3cat_parquet,val5k_tail,15000,proxy
26,26,540000,,lr_9e-6,7.716374999999998e-06,validation_working_point_mistag_percent,1.0905414665786175,min,1.0905414665786175,1.0905414665786175,0.22969304071023153,0.06284038381421339,3.3409898107992975,0.27230833334302856,0.4399748459205216,0.02094679514034353,3.079824076516259,1.2777544463850443,0.059553868718582564,0.08033479020227151,11,4789,0.02728546810740553,0.04820155590408782,3,4774,0.2500933230221124,0.26957516445500695,160,4789,0.06571543875075717,0.08654379127983591,13,4774,0.08596856819304277,0.106731042068795,21,4773,0.01294554504420561,0.0338791798944086,1,4774,0.2404159432987118,0.2600724895869166,147,4773,0.15265047246111937,0.17305769570570093,61,4774,0.88874,0.9712296909330167,0.29773,0.9804035939960777,0.2976,False,/data/suehara/part/march/datasets/20250711_ilc_nnqq_sgv_10m_3cat_parquet,val5k_tail,15000,proxy
27,27,560000,,lr_14e-6,1.1969999999999999e-05,validation_working_point_mistag_percent,1.0669201228491016,min,1.0669201228491016,1.0669201228491016,0.18816641794490205,0.041911148365465216,3.3869956931907295,0.251466896625449,0.4183225213276761,0.041911148365465216,2.907341574261403,1.299245582711723,0.05310362794068574,0.0739279730816776,9,4783,0.02095411015713718,0.04188773213561382,2,4772,0.2519727387329085,0.2714597807022018,162,4783,0.06281586318590843,0.08366167634736126,12,4772,0.08353989015852403,0.1042766854213146,20,4781,0.02095411015713718,0.04188773213561382,2,4772,0.23331252820760276,0.2530083284751305,139,4781,0.15402565721207798,0.17443242628841174,62,4772,0.88846,0.9713413446762337,0.29664,0.9804035939960777,0.29162,False,/data/suehara/part/march/datasets/20250711_ilc_nnqq_sgv_10m_3cat_parquet,val5k_tail,15000,proxy
27,27,560000,,lr_3e-6,8.4880125e-06,validation_working_point_mistag_percent,1.119993293487017,min,1.119993293487017,1.119993293487017,0.2516778459055383,0.04179728317659352,3.649328975848031,0.2089864158829676,0.4599623725849624,0.02089864158829676,3.0524776170776846,1.274817195832062,0.06286851831676246,0.08373172743718635,12,4768,0.02089718550753811,0.041773993997644004,2,4785,0.26198622356516443,0.28142454234936987,174,4768,0.05642261801207999,0.07722956058797506,10,4785,0.08801947460900109,0.1087301926831167,22,4783,0.012915785827257708,0.03380132755663996,1,4785,0.23909338299750554,0.2587202736644929,146,4783,0.15230141860390728,0.17266296597670885,61,4785,0.88825,0.9711992833051809,0.29766,0.9804035939960777,0.29716,False,/data/suehara/part/march/datasets/20250711_ilc_nnqq_sgv_10m_3cat_parquet,val5k_tail,15000,proxy
27,27,560000,,lr_6e-6,5.13e-06,validation_working_point_mistag_percent,1.1225705574725189,min,1.1225705574725189,1.1225705574725189,0.2516778459055383,0.04179728317659352,3.5654363328930216,0.22988505747126436,0.4599623725849624,0.02089864158829676,3.094292443119902,1.3166144830405726,0.06286851831676246,0.08373172743718635,12,4768,0.02089718550753811,0.041773993997644004,2,4785,0.25894884661031153,0.27842234787195524,170,4768,0.059603616373245065,0.08040182570986384,11,4785,0.08801947460900109,0.1087301926831167,22,4783,0.012915785827257708,0.03380132755663996,1,4785,0.24074422449844696,0.2603536340782222,148,4783,0.15490666018154048,0.17525074107578933,63,4785,0.8877,0.9709668804574281,0.29926,0.9804035939960777,0.29972,False,/data/suehara/part/march/datasets/20250711_ilc_nnqq_sgv_10m_3cat_parquet,val5k_tail,15000,proxy
27,27,560000,,lr_9e-6,7.716374999999998e-06,validation_working_point_mistag_percent,1.1173623226610947,min,1.1173623226610947,1.1173623226610947,0.2516778459055383,0.04179728317659352,3.607382567652356,0.22988505747126436,0.4599623725849624,0.02089864158829676,3.0524776170776846,1.274817195832062,0.06286851831676246,0.08373172743718635,12,4768,0.02089718550753811,0.041773993997644004,2,4785,0.26047243638868334,0.2799283464116086,172,4768,0.059603616373245065,0.08040182570986384,11,4785,0.08801947460900109,0.1087301926831167,22,4783,0.012915785827257708,0.03380132755663996,1,4785,0.23909338299750554,0.2587202736644929,146,4783,0.15230141860390728,0.17266296597670885,61,4785,0.88797,0.9711681168153542,0.29785,0.9804035939960777,0.29743,False,/data/suehara/part/march/datasets/20250711_ilc_nnqq_sgv_10m_3cat_parquet,val5k_tail,15000,proxy
28,28,580000,,lr_14e-6,1.1969999999999999e-05,validation_working_point_mistag_percent,1.0289708392477364,min,1.0289708392477364,1.0289708392477364,0.1876955185518301,0.04169272461955389,3.211678796345745,0.27100271002710025,0.505902179225203,0.04169272461955389,2.908937572648814,1.0631644879440918,0.052970805368771946,0.07374324260139804,9,4795,0.02084491350545256,0.04166955180281832,2,4797,0.24501916141715513,0.26453055473153464,154,4795,0.065400635465302,0.08612968810805853,13,4797,0.093090505216201,0.11395208490334839,24,4744,0.02084491350545256,0.04166955180281832,2,4797,0.23424870458490857,0.25409741370802963,138,4744,0.13821533178385667,0.15861417943796324,51,4797,0.88993,0.9721970017299298,0.29328,0.9804035939960777,0.29629,False,/data/suehara/part/march/datasets/20250711_ilc_nnqq_sgv_10m_3cat_parquet,val5k_tail,15000,proxy
28,28,580000,,lr_3e-6,8.4880125e-06,validation_working_point_mistag_percent,1.0526953359070097,min,1.0526953359070097,1.0526953359070097,0.16849199663016007,0.04164931278633902,3.2855938920520775,0.2707205348316816,0.4387797883310661,0.04164931278633902,2.9251984583075754,1.2494793915308382,0.04993933098883863,0.07092543669672237,8,4748,0.020823210604603754,0.04162618819661444,2,4802,0.249023486561889,0.2686968519296354,156,4748,0.06533259865421971,0.08604018952113154,13,4802,0.08573542459271075,0.10644201336465903,21,4786,0.020823210604603754,0.04162618819661444,2,4802,0.23392077594688204,0.25358854344401593,140,4786,0.15045053824713323,0.17075056765225893,60,4802,0.88993,0.971932911208877,0.29389,0.9804035939960777,0.29737,False,/data/suehara/part/march/datasets/20250711_ilc_nnqq_sgv_10m_3cat_parquet,val5k_tail,15000,proxy
28,28,580000,,lr_6e-6,5.13e-06,validation_working_point_mistag_percent,1.075308282078119,min,1.075308282078119,1.075308282078119,0.24948024314882927,0.06273525721455459,3.2640333455750357,0.2927645224578032,0.5269814655079872,0.04182350480970305,3.0354133096685714,1.1292346082424685,0.062320003783253655,0.08300199079240748,12,4810,0.027239827008565667,0.04812097471619078,3,4782,0.2466546597209386,0.2660834548720369,157,4810,0.06841756404431347,0.08920252556065553,14,4782,0.09519665599711921,0.11604935085475768,25,4744,0.020910294496419086,0.041800186403251734,2,4782,0.23935510269920585,0.2591505028452731,144,4744,0.1429069679607608,0.16334216150880077,54,4782,0.88867,0.9717914603214743,0.29618,0.9804035939960777,0.30057,False,/data/suehara/part/march/datasets/20250711_ilc_nnqq_sgv_10m_3cat_parquet,val5k_tail,15000,proxy
28,28,580000,,lr_9e-6,7.716374999999998e-06,validation_working_point_mistag_percent,1.057990318702901,min,1.057990318702901,1.057990318702901,0.16849199663016007,0.04164931278633902,3.34877843436969,0.2707205348316816,0.4387797883310661,0.04164931278633902,2.9251984583075754,1.2286547115803557,0.04993933098883863,0.07092543669672237,8,4748,0.020823210604603754,0.04162618819661444,2,4802,0.25142465889573007,0.2710714146619865,159,4748,0.06533259865421971,0.08604018952113154,13,4802,0.08573542459271075,0.10644201336465903,21,4786,0.020823210604603754,0.04162618819661444,2,4802,0.23392077594688204,0.25358854344401593,140,4786,0.1491246318756077,0.16943333280119727,59,4802,0.88986,0.9718979073682745,0.2941,0.9804035939960777,0.29764,False,/data/suehara/part/march/datasets/20250711_ilc_nnqq_sgv_10m_3cat_parquet,val5k_tail,15000,proxy
29,29,600000,,lr_14e-6,1.1969999999999999e-05,validation_working_point_mistag_percent,1.0025775332306155,min,1.0025775332306155,1.0025775332306155,0.16760946993505133,0.041718815185648725,3.121726295206674,0.2503128911138924,0.41937513642202284,0.020859407592824362,2.8517508181769524,1.147267432211858,0.04967788654531877,0.07055446406105609,8,4773,0.0208579569745134,0.041695613360254534,2,4794,0.24206397602777874,0.26170296790983155,149,4773,0.06252782934450443,0.08327848090191264,12,4794,0.08374978267679539,0.10453830463442448,20,4769,0.012891538953639552,0.03373789582221398,1,4794,0.23131664711081684,0.2510853050180822,136,4769,0.1439403483648566,0.16431687916043294,55,4794,0.88972,0.9716475203934817,0.294,0.9804035939960777,0.2956,False,/data/suehara/part/march/datasets/20250711_ilc_nnqq_sgv_10m_3cat_parquet,val5k_tail,15000,proxy
29,29,600000,,lr_3e-6,8.4880125e-06,validation_working_point_mistag_percent,1.02474448646564,min,1.02474448646564,1.02474448646564,0.16753926701570682,0.020977554017201593,3.3298429412477906,0.2307530882802388,0.4380475469009854,0.04195510803440319,2.9828953237508307,0.9859450624779648,0.04965708919808202,0.0705249538266349,8,4775,0.01296455423406401,0.033928909286909135,1,4767,0.25002472767948825,0.2695683445421614,159,4775,0.05982851321342246,0.08070487517055787,11,4767,0.08559257909324883,0.10626492630515741,21,4794,0.020976086918577042,0.0419316426618512,2,4767,0.2360583108075045,0.25566919911375086,143,4794,0.13317812449048558,0.15373771130306624,47,4767,0.88972,0.9722251789397777,0.29189,0.9804035939960777,0.29743,False,/data/suehara/part/march/datasets/20250711_ilc_nnqq_sgv_10m_3cat_parquet,val5k_tail,15000,proxy
29,29,600000,,lr_6e-6,5.13e-06,validation_working_point_mistag_percent,1.0313964138494316,min,1.0313964138494316,1.0313964138494316,0.23046302263422863,0.0625782227784731,3.184579938946749,0.2503128911138924,0.4403438735183177,0.020859407592824362,2.93562595495416,1.1264079992568072,0.05975335926322084,0.0806036051697308,11,4773,0.027171650937619127,0.04800060684052697,3,4794,0.24451350378530967,0.2641261640581344,152,4773,0.06252782934450443,0.08327848090191264,12,4794,0.08604055999691936,0.10682029002307986,21,4769,0.012891538953639552,0.03373789582221398,1,4794,0.23474352739888474,0.25447701758027524,140,4769,0.14255091167863532,0.16293614295704514,54,4794,0.8886,0.9712255170675449,0.29658,0.9804035939960777,0.30198,False,/data/suehara/part/march/datasets/20250711_ilc_nnqq_sgv_10m_3cat_parquet,val5k_tail,15000,proxy
29,29,600000,,lr_9e-6,7.716374999999998e-06,validation_working_point_mistag_percent,1.0774104828395359,min,1.0774104828395359,1.0774104828395359,0.22935779816513763,0.02094679514034353,3.356964092723993,0.25136153525685356,0.4616030125344066,0.04189359028068706,2.958455739913568,1.2987012987012987,0.0594670098532854,0.08021774664787985,11,4796,0.01294554504420561,0.0338791798944086,1,4774,0.2505184626781808,0.26996521517483263,161,4796,0.06278956868232001,0.08362669473815908,12,4774,0.08833290800072313,0.10911679597160563,22,4766,0.02094533234125682,0.04187019366469945,2,4774,0.23573821371930884,0.25547454443964784,141,4766,0.15396148065944473,0.174359930377266,62,4774,0.88853,0.9711784506822179,0.29766,0.9804035939960777,0.29855,False,/data/suehara/part/march/datasets/20250711_ilc_nnqq_sgv_10m_3cat_parquet,val5k_tail,15000,proxy
30,30,620000,,lr_14e-6,1.1969999999999999e-05,validation_working_point_mistag_percent,1.0464745047668158,min,1.0464745047668158,1.0464745047668158,0.14625992291537876,0.04183225266680611,3.1968240536425085,0.25099352240929884,0.5032501701471809,0.04183225266680611,3.019500789015976,1.171303074670571,0.04579367340945279,0.06662247644902643,7,4786,0.020914667814981247,0.04180892450562669,2,4781,0.24466750350290478,0.26422178632295595,153,4786,0.06269771102282982,0.0835044891424447,12,4781,0.09260341173443903,0.11335676596619365,24,4769,0.020914667814981247,0.04180892450562669,2,4781,0.23811759236002616,0.25781591481554256,144,4769,0.14571008269032346,0.1661319550974044,56,4781,0.89049,0.9720054436599918,0.29415,0.9804035939960777,0.29721,False,/data/suehara/part/march/datasets/20250711_ilc_nnqq_sgv_10m_3cat_parquet,val5k_tail,15000,proxy
30,30,620000,,lr_3e-6,8.4880125e-06,validation_working_point_mistag_percent,1.0990811892158354,min,1.0990811892158354,1.0990811892158354,0.18856066091064072,0.06265664160401002,3.3940917499089474,0.29239766081871343,0.46073298134859586,0.04177109440267335,3.036649251048893,1.3157894736842106,0.05321482330612249,0.07408262361878397,9,4773,0.02720569626173256,0.04806071541328652,3,4788,0.25249241089819324,0.27201729914026057,162,4773,0.06833191130505875,0.08909098515729563,14,4788,0.08816669513536483,0.10891178182535939,22,4775,0.020884092944817145,0.04174783439630902,2,4788,0.23865700194166603,0.2583233967428978,145,4775,0.15481013567367874,0.1751418168289576,63,4788,0.88881,0.9714342430656212,0.2967,0.9804035939960777,0.29938,False,/data/suehara/part/march/datasets/20250711_ilc_nnqq_sgv_10m_3cat_parquet,val5k_tail,15000,proxy
30,30,620000,,lr_6e-6,5.13e-06,validation_working_point_mistag_percent,1.0808086906846694,min,1.0808086906846694,1.0808086906846694,0.2304147465437788,0.04177982034677251,3.4562213044827947,0.25067892847304263,0.5026178138962751,0.04177982034677251,3.0575916963169845,1.0653853950709344,0.05974085195753634,0.0805867515401358,11,4774,0.02088845530916811,0.04175655062230647,2,4787,0.25478037835258494,0.2742751548140888,165,4774,0.06261918953319122,0.083400025405338,12,4787,0.09248726683659123,0.11321481382107748,24,4775,0.02088845530916811,0.04175655062230647,2,4787,0.23948838066135786,0.2591460056098359,146,4775,0.13850280485224187,0.15894332890452126,51,4787,0.88923,0.9714993319119892,0.2966,0.9804035939960777,0.3021,False,/data/suehara/part/march/datasets/20250711_ilc_nnqq_sgv_10m_3cat_parquet,val5k_tail,15000,proxy
30,30,620000,,lr_9e-6,1.0773e-05,validation_working_point_mistag_percent,1.035990642604104,min,1.035990642604104,1.035990642604104,0.146781297747708,0.04183225266680611,3.250157242276097,0.27190964580549,0.39699123579574797,0.04183225266680611,2.8416213232600076,1.2967998906141693,0.04595684649664389,0.06685966356336547,7,4769,0.020914667814981247,0.04180892450562669,2,4781,0.2471407242752549,0.26674233548461546,155,4769,0.06561930870688792,0.08641733896939978,13,4781,0.08111234202485625,0.10183638997789393,19,4786,0.020914667814981247,0.04180892450562669,2,4781,0.23050556596842553,0.25020825182773787,136,4786,0.15373728324357994,0.17410666850804257,62,4781,0.88951,0.9719948493273648,0.29402,0.9804035939960777,0.29778,False,/data/suehara/part/march/datasets/20250711_ilc_nnqq_sgv_10m_3cat_parquet,val5k_tail,15000,proxy
31,31,640000,,lr_14e-6,1.1371499999999998e-05,validation_working_point_mistag_percent,1.0906839109915754,min,1.0906839109915754,1.0906839109915754,0.16680567139282734,0.02092487968194183,3.648874095094355,0.2301736691521836,0.5040957781978576,0.04184975936388366,3.045578535493391,1.0671688995561632,0.04943976378243364,0.07021658026298695,8,4796,0.01293200114484,0.03384374805710697,1,4779,0.261231499226388,0.28055654652189776,175,4796,0.05967839388611147,0.080502589000546,11,4779,0.09275872612428898,0.1135465901401656,24,4761,0.020923419942392277,0.04182641167487599,2,4779,0.23934905926077837,0.2590695218143507,145,4761,0.13873364570768482,0.1592076336307896,51,4779,0.88965,0.9713258733454295,0.29656,0.9804035939960777,0.29666,False,/data/suehara/part/march/datasets/20250711_ilc_nnqq_sgv_10m_3cat_parquet,val5k_tail,15000,proxy
31,31,640000,,lr_3e-6,8.063611875e-06,validation_working_point_mistag_percent,1.1089241681119917,min,1.1089241681119917,1.1089241681119917,0.16771488469601678,0.06282722673703439,3.501048268427234,0.2722513193404619,0.48006678272773395,0.041884816753926704,3.1099979796117556,1.235602066601772,0.049709115250428426,0.07059877574730708,8,4770,0.027279754607573575,0.04819146849989734,3,4775,0.25653884595643395,0.27603117535570865,167,4770,0.06570168864683357,0.08652570401161559,13,4775,0.09004930890544366,0.1107170606617451,23,4791,0.02094094619055311,0.04186142993563103,2,4775,0.2411674361928937,0.26073755392546744,149,4791,0.14996351840238456,0.1703841205404748,59,4775,0.88839,0.9713969105357965,0.29689,0.9804035939960777,0.29754,False,/data/suehara/part/march/datasets/20250711_ilc_nnqq_sgv_10m_3cat_parquet,val5k_tail,15000,proxy
31,31,640000,,lr_6e-6,4.8735e-06,validation_working_point_mistag_percent,1.1062806304082837,min,1.1062806304082837,1.1062806304082837,0.20964360587002095,0.06282722673703439,3.3962263906498573,0.2931937060344773,0.48006678272773395,0.041884816753926704,3.151742785932674,1.214659728560545,0.056599932841732696,0.07747201684681752,10,4770,0.027279754607573575,0.04819146849989734,3,4775,0.25264873062755544,0.2721850012563143,162,4770,0.06851776402953991,0.08933300954156778,14,4775,0.09004930890544366,0.1107170606617451,23,4791,0.02094094619055311,0.04186142993563103,2,4775,0.24279755075699744,0.2623502457272886,151,4791,0.14861853970352407,0.1690479116943684,58,4775,0.8877,0.9711769010193688,0.29825,0.9804035939960777,0.30011,False,/data/suehara/part/march/datasets/20250711_ilc_nnqq_sgv_10m_3cat_parquet,val5k_tail,15000,proxy
31,31,640000,,lr_9e-6,1.0773e-05,validation_working_point_mistag_percent,1.1346872422052312,min,1.1346872422052312,1.1346872422052312,0.1260239445494644,0.04151961801951422,3.6336903968090435,0.24911771443011776,0.5044136191677175,0.02075980900975711,3.152585188042511,1.3493876476137245,0.0419938575059094,0.06294050851617843,6,4761,0.020758372212185027,0.041496637210931595,2,4817,0.26160816727663283,0.2810816278389271,173,4761,0.062229513889503624,0.08288160284420798,12,4817,0.09281710342093924,0.11361793821011018,24,4758,0.012829986349038421,0.0335768689521892,1,4817,0.2436381477113829,0.2633260715946363,150,4758,0.15642935149965087,0.17662470742093211,65,4817,0.88825,0.9710856759195732,0.29771,0.9804035939960777,0.29593,False,/data/suehara/part/march/datasets/20250711_ilc_nnqq_sgv_10m_3cat_parquet,val5k_tail,15000,proxy
32,32,660000,,lr_14e-6,1.1371499999999998e-05,validation_working_point_mistag_percent,0.9969811406320843,min,0.9969811406320843,0.9969811406320843,0.16736401673640167,0.041788549937317176,2.845188157364485,0.2507312932288242,0.4821802765340968,0.041788549937317176,2.9140460679931484,1.2327622133250844,0.04960517193378195,0.07045128612883048,8,4780,0.020892819496360855,0.04176527048865778,2,4786,0.23079117979630873,0.25051709977768555,136,4780,0.06263226278711677,0.08341741787396706,12,4786,0.090445053250909,0.1112028900593344,23,4770,0.020892819496360855,0.04176527048865778,2,4786,0.233843458537418,0.2535818588218056,139,4770,0.1496206131644107,0.1699954774956618,59,4786,0.89083,0.9716448942916616,0.29408,0.9804035939960777,0.29367,False,/data/suehara/part/march/datasets/20250711_ilc_nnqq_sgv_10m_3cat_parquet,val5k_tail,15000,proxy
32,32,660000,,lr_3e-6,8.063611875e-06,validation_working_point_mistag_percent,0.994366109260556,min,0.994366109260556,0.994366109260556,0.16736401673640167,0.041788549937317176,2.824267906392257,0.2507312932288242,0.4821802765340968,0.041788549937317176,2.9140460679931484,1.2327622133250844,0.04960517193378195,0.07045128612883048,8,4780,0.020892819496360855,0.04176527048865778,2,4786,0.22992785527485016,0.24966252677352113,135,4780,0.06263226278711677,0.08341741787396706,12,4786,0.090445053250909,0.1112028900593344,23,4770,0.020892819496360855,0.04176527048865778,2,4786,0.233843458537418,0.2535818588218056,139,4770,0.1496206131644107,0.1699954774956618,59,4786,0.89007,0.9714600534268191,0.29504,0.9804035939960777,0.29892,False,/data/suehara/part/march/datasets/20250711_ilc_nnqq_sgv_10m_3cat_parquet,val5k_tail,15000,proxy
32,32,660000,,lr_6e-6,4.8735e-06,validation_working_point_mistag_percent,1.1144042847437412,min,1.1144042847437412,1.1144042847437412,0.2306563294601306,0.06278777891681117,3.5437198446567453,0.27208037530618173,0.43850490009286514,0.041858518208455424,2.9233661310217673,1.4022604002869739,0.05980344090021992,0.08067109024106692,11,4769,0.0272626284557524,0.04816123160397897,3,4778,0.25813007196867493,0.2776085961374755,169,4769,0.06566047283772056,0.08647148754022957,13,4778,0.08568180169181727,0.10637553659491594,21,4789,0.02092779875353912,0.041835160746337426,2,4778,0.23377618264865985,0.25343239724273414,140,4789,0.16022489333129605,0.1805629304269302,67,4778,0.88679,0.9708343031399039,0.29994,0.9804035939960777,0.29609,False,/data/suehara/part/march/datasets/20250711_ilc_nnqq_sgv_10m_3cat_parquet,val5k_tail,15000,proxy
32,32,660000,,lr_9e-6,1.0773e-05,validation_working_point_mistag_percent,1.0590596846897709,min,1.0590596846897709,1.0590596846897709,0.18832391713747645,0.04191993292810731,3.34798079186954,0.25151959113328964,0.4387797883310661,0.04191993292810731,2.8625156273562515,1.299517895834329,0.053148050276499846,0.07398975575050087,9,4779,0.020958501824625306,0.04189650688207371,2,4771,0.250608592313856,0.27012826564058734,160,4779,0.06282901869796918,0.08367917812899663,12,4771,0.08573542459271075,0.10644201336465903,21,4786,0.020958501824625306,0.04189650688207371,2,4771,0.23136442253447986,0.2510583788032473,137,4786,0.15405776555481743,0.17446869685373967,62,4771,0.88958,0.9716531397002836,0.29489,0.9804035939960777,0.29509,False,/data/suehara/part/march/datasets/20250711_ilc_nnqq_sgv_10m_3cat_parquet,val5k_tail,15000,proxy
33,33,680000,,lr_14e-6,1.1371499999999998e-05,validation_working_point_mistag_percent,1.0318769775580754,min,1.0318769775580754,1.0318769775580754,0.1466890174029365,0.021052631578947368,3.185247235035192,0.23157895034409628,0.4570004270432457,0.042105263157894736,2.908184360588058,1.2631579353142326,0.04592796680175737,0.06681768437172209,7,4772,0.01301095265987158,0.03405029063857966,1,4750,0.24456399686645092,0.26418048658957,152,4772,0.060042479709862755,0.08099319368697556,11,4750,0.08745360904350756,0.10803221738599775,22,4814,0.021051153959330354,0.042081629537878924,2,4750,0.23257815240121243,0.2521386157607202,140,4814,0.15208891038644995,0.17260536675574642,60,4750,0.89062,0.9716132584886411,0.29443,0.9804035939960777,0.29328,False,/data/suehara/part/march/datasets/20250711_ilc_nnqq_sgv_10m_3cat_parquet,val5k_tail,15000,proxy
33,33,680000,,lr_3e-6,8.063611875e-06,validation_working_point_mistag_percent,0.9920621696771467,min,0.9920621696771467,0.9920621696771467,0.1464435202541024,0.041736227045075125,2.991631684563991,0.2712854740653223,0.44080603686880815,0.041736227045075125,2.9177162913135097,1.085141896261289,0.04585113143477425,0.06670599714711709,7,4780,0.020866661693008874,0.04171300585030281,2,4792,0.23674029484478457,0.25640495420510034,143,4780,0.06546881412978636,0.08621937308000843,13,4792,0.08613071948687044,0.10693206007644446,21,4764,0.020866661693008874,0.04171300585030281,2,4792,0.23413407634023317,0.2538957904200362,139,4764,0.13978990149860812,0.1602008583510296,52,4792,0.89083,0.9721283802073741,0.2922,0.9804035939960777,0.29496,False,/data/suehara/part/march/datasets/20250711_ilc_nnqq_sgv_10m_3cat_parquet,val5k_tail,15000,proxy
33,33,680000,,lr_6e-6,1.0234349999999998e-05,validation_working_point_mistag_percent,1.0731518907668165,min,1.0731518907668165,1.0731518907668165,0.14690451018544812,0.041736227045075125,3.37880376266734,0.2712854740653223,0.4812722342213081,0.041736227045075125,2.9922579617114624,1.2312187291935006,0.045995409300632256,0.06691571794013411,7,4765,0.020866661693008874,0.04171300585030281,2,4792,0.2521229683955267,0.27168704570247476,161,4765,0.06546881412978636,0.08621937308000843,13,4792,0.09027502340859242,0.11099415636562802,23,4779,0.020866661693008874,0.04171300585030281,2,4792,0.2367891587612161,0.25645767014426285,143,4779,0.1494342340532787,0.16978423668301806,59,4792,0.89028,0.9719743365669716,0.29344,0.9804035939960777,0.2973,False,/data/suehara/part/march/datasets/20250711_ilc_nnqq_sgv_10m_3cat_parquet,val5k_tail,15000,proxy
33,33,680000,,lr_9e-6,1.0773e-05,validation_working_point_mistag_percent,1.0371280032239993,min,1.0371280032239993,1.0371280032239993,0.1466890174029365,0.021052631578947368,3.206202820483451,0.23157895034409628,0.4570004270432457,0.042105263157894736,2.908184360588058,1.2842105551933654,0.04592796680175737,0.06681768437172209,7,4772,0.01301095265987158,0.03405029063857966,1,4750,0.24537477724221185,0.2649824860836286,153,4772,0.060042479709862755,0.08099319368697556,11,4750,0.08745360904350756,0.10803221738599775,22,4814,0.021051153959330354,0.042081629537878924,2,4750,0.23257815240121243,0.2521386157607202,140,4814,0.15341762574451223,0.17392521971364913,61,4750,0.89062,0.9716141802611141,0.29438,0.9804035939960777,0.29327,False,/data/suehara/part/march/datasets/20250711_ilc_nnqq_sgv_10m_3cat_parquet,val5k_tail,15000,proxy
34,34,700000,,lr_14e-6,1.1371499999999998e-05,validation_working_point_mistag_percent,0.970158538790283,min,0.970158538790283,0.970158538790283,0.1257334483127245,0.04190236748376283,3.0176026437175505,0.251414204902577,0.43832186185129723,0.04190236748376283,2.8177834312691794,1.0266079853014098,0.04189708940998368,0.06279558786165082,6,4772,0.02094972032973308,0.04187896106392506,2,4773,0.2379699502237348,0.2576566870004734,144,4772,0.06280271318184487,0.08364418188527901,12,4773,0.08564609034022469,0.10633126485880742,21,4791,0.02094972032973308,0.04187896106392506,2,4773,0.2294066713953175,0.24909874846386104,135,4791,0.13599012460077942,0.1565068367904099,49,4773,0.89097,0.9719295137628551,0.29276,0.970158538790283,0.29491,False,/data/suehara/part/march/datasets/20250711_ilc_nnqq_sgv_10m_3cat_parquet,val5k_tail,15000,proxy
34,34,700000,,lr_3e-6,8.063611875e-06,validation_working_point_mistag_percent,1.078369852714781,min,1.078369852714781,1.078369852714781,0.18800918197186564,0.041718815185648725,3.4677251440498083,0.27117230215916643,0.4416403742972257,0.041718815185648725,2.944269095844414,1.2307050930244676,0.05305927980117917,0.07386629350562336,9,4787,0.0208579569745134,0.041695613360254534,2,4794,0.25487224700357847,0.27430928748445393,166,4787,0.06544152561320354,0.08618347668777845,13,4794,0.08629348362328322,0.10713383670211044,21,4755,0.0208579569745134,0.041695613360254534,2,4794,0.23542544442847585,0.2552133884190868,140,4755,0.14937221082125512,0.1697139396854985,59,4794,0.88783,0.9708980715518857,0.29878,0.970158538790283,0.29628,False,/data/suehara/part/march/datasets/20250711_ilc_nnqq_sgv_10m_3cat_parquet,val5k_tail,15000,proxy
34,34,700000,,lr_6e-6,1.0234349999999998e-05,validation_working_point_mistag_percent,0.9753870689487169,min,0.9753870689487169,0.9753870689487169,0.1257334483127245,0.04190236748376283,3.0385584095231284,0.251414204902577,0.4591943373131904,0.04190236748376283,2.8177834312691794,1.0266079853014098,0.04189708940998368,0.06279558786165082,6,4772,0.02094972032973308,0.04187896106392506,2,4773,0.23880496293200265,0.2584829188270396,145,4772,0.06280271318184487,0.08364418188527901,12,4773,0.08787274491734096,0.1085492080547831,22,4791,0.02094972032973308,0.04187896106392506,2,4773,0.2294066713953175,0.24909874846386104,135,4791,0.13599012460077942,0.1565068367904099,49,4773,0.89104,0.9719357472930893,0.29267,0.970158538790283,0.29492,False,/data/suehara/part/march/datasets/20250711_ilc_nnqq_sgv_10m_3cat_parquet,val5k_tail,15000,proxy
34,34,700000,,lr_9e-6,1.0773e-05,validation_working_point_mistag_percent,0.9922404313090228,min,0.9922404313090228,0.9922404313090228,0.1681732184149674,0.041718815185648725,3.237334464872357,0.2503128911138924,0.4179728317659352,0.041718815185648725,2.737722004415546,1.042970409518187,0.04984489457500263,0.0707914379888677,8,4757,0.0208579569745134,0.041695613360254534,2,4794,0.24694742960637145,0.2666038674144888,154,4757,0.06252782934450443,0.08327848090191264,12,4794,0.08347015958056497,0.10418976976369673,20,4785,0.0208579569745134,0.041695613360254534,2,4794,0.22620577341504639,0.2459559940385037,131,4785,0.136856610728512,0.15727664393825475,50,4794,0.89056,0.9723400906474232,0.29159,0.970158538790283,0.29277,False,/data/suehara/part/march/datasets/20250711_ilc_nnqq_sgv_10m_3cat_parquet,val5k_tail,15000,proxy
35,35,720000,,lr_14e-6,1.1371499999999998e-05,validation_working_point_mistag_percent,1.0363002157048555,min,1.0363002157048555,1.0363002157048555,0.16792611251049538,0.04176237210273544,3.1486145868809605,0.2505742262293435,0.4599623725849624,0.04176237210273544,2.8434037759400774,1.336395907287534,0.049771690595513625,0.07068756630904541,8,4764,0.02087973240216612,0.041739121808386265,2,4789,0.2433357103558284,0.2630005100999755,150,4764,0.06259305939119454,0.08336526221682443,12,4789,0.08801947460900109,0.1087301926831167,22,4783,0.02087973240216612,0.041739121808386265,2,4789,0.2306482844877219,0.250362580590768,136,4783,0.15606353338237303,0.17638236598893353,64,4789,0.88993,0.9718383535722585,0.29442,0.970158538790283,0.29461,False,/data/suehara/part/march/datasets/20250711_ilc_nnqq_sgv_10m_3cat_parquet,val5k_tail,15000,proxy
35,35,720000,,lr_3e-6,8.063611875e-06,validation_working_point_mistag_percent,1.0573359551754702,min,1.0573359551754702,1.0573359551754702,0.1889168838353725,0.04176237210273544,3.379513119811284,0.2714554203976116,0.4599623725849624,0.04176237210273544,2.780681569509243,1.2946335310598163,0.053315298035165194,0.07422236335454635,9,4764,0.02087973240216612,0.041739121808386265,2,4789,0.25217506876686474,0.2717429541753552,161,4764,0.06550978960277784,0.08627327377034874,13,4789,0.08801947460900109,0.1087301926831167,22,4783,0.02087973240216612,0.041739121808386265,2,4789,0.22804942616698534,0.2477899439008488,133,4783,0.15348185578512377,0.1738181257078024,62,4789,0.88923,0.971648505409041,0.29543,0.970158538790283,0.29645,False,/data/suehara/part/march/datasets/20250711_ilc_nnqq_sgv_10m_3cat_parquet,val5k_tail,15000,proxy
35,35,720000,,lr_6e-6,1.0234349999999998e-05,validation_working_point_mistag_percent,0.9881746435885737,min,0.9881746435885737,0.9881746435885737,0.1671541997492687,0.04195510803440319,3.155035544157397,0.2307530882802388,0.4599623725849624,0.04195510803440319,2.780681569509243,1.0279001583586722,0.04954301433700945,0.07036308778603842,8,4786,0.020976086918577042,0.0419316426618512,2,4767,0.24304754882543028,0.26261929082657187,151,4786,0.05982851321342246,0.08070487517055787,11,4767,0.08801947460900109,0.1087301926831167,22,4783,0.020976086918577042,0.0419316426618512,2,4767,0.22804942616698534,0.2477899439008488,133,4783,0.13616057314346908,0.15670256133690758,49,4767,0.89049,0.9718534383942506,0.29377,0.970158538790283,0.29616,False,/data/suehara/part/march/datasets/20250711_ilc_nnqq_sgv_10m_3cat_parquet,val5k_tail,15000,proxy
35,35,720000,,lr_9e-6,1.0773e-05,validation_working_point_mistag_percent,0.9881817751049415,min,0.9881817751049415,0.9881817751049415,0.1671541997492687,0.04195510803440319,3.1759298863659837,0.2517306482064191,0.4599623725849624,0.04195510803440319,2.738866719505419,1.0279001583586722,0.04954301433700945,0.07036308778603842,8,4786,0.020976086918577042,0.0419316426618512,2,4767,0.24385898530398414,0.2634219977145802,152,4786,0.0628816958954542,0.08374925854301869,12,4767,0.08801947460900109,0.1087301926831167,22,4783,0.020976086918577042,0.0419316426618512,2,4767,0.2262991931449656,0.24605719196604087,131,4783,0.13616057314346908,0.15670256133690758,49,4767,0.89062,0.9718523569397552,0.29379,0.970158538790283,0.29617,False,/data/suehara/part/march/datasets/20250711_ilc_nnqq_sgv_10m_3cat_parquet,val5k_tail,15000,proxy
36,36,740000,,lr_14e-6,1.0802924999999998e-05,validation_working_point_mistag_percent,1.0144191331230323,min,1.0144191331230323,1.0144191331230323,0.16736401673640167,0.04193751310547285,3.1589959091783855,0.20968756821101142,0.4386881206328071,0.020968756552736424,2.9663670886061624,1.1113440919612816,0.04960517193378195,0.07045128612883048,8,4780,0.020967290684483532,0.041914067408548326,2,4769,0.2433482266759348,0.26294287389789645,151,4780,0.056611793464106774,0.0774882347364224,10,4769,0.08571754283639726,0.10641984521165149,21,4787,0.012959117342815208,0.033914685998348654,1,4769,0.23555995814587527,0.2552064212851306,142,4787,0.1418847486894373,0.1623831369086011,53,4769,0.89007,0.9718055030363839,0.29381,0.970158538790283,0.2956,False,/data/suehara/part/march/datasets/20250711_ilc_nnqq_sgv_10m_3cat_parquet,val5k_tail,15000,proxy
36,36,740000,,lr_3e-6,8.063611875e-06,validation_working_point_mistag_percent,1.0491240356811478,min,1.0491240356811478,1.0491240356811478,0.18816641794490205,0.020903010033444816,3.449717748990212,0.25083612680176515,0.398406374501992,0.04180602006688963,2.8307819897024777,1.2123745974074986,0.05310362794068574,0.0739279730816776,9,4783,0.012918485555675891,0.033808390253676546,1,4784,0.25430858682826546,0.2737694071667407,165,4783,0.06265842567791326,0.08345222458265669,12,4784,0.0814010746826627,0.1021983885717604,19,4769,0.020901553343843624,0.041782721151548165,2,4784,0.23045141201814764,0.250228861856882,135,4769,0.14834035447883998,0.1687322564299626,58,4784,0.88881,0.9715617496100816,0.29538,0.970158538790283,0.29523,False,/data/suehara/part/march/datasets/20250711_ilc_nnqq_sgv_10m_3cat_parquet,val5k_tail,15000,proxy
36,36,740000,,lr_6e-6,1.0234349999999998e-05,validation_working_point_mistag_percent,1.0229982443308658,min,1.0229982443308658,1.0229982443308658,0.14687369427053643,0.04180602006688963,3.1263112933976434,0.22993311183465753,0.4387797883310661,0.04180602006688963,2.9251984583075754,1.2332775683716695,0.045985762533710735,0.06690169553617448,7,4766,0.020901553343843624,0.041782721151548165,2,4784,0.2424144325620825,0.2620803392655774,149,4766,0.05961606627590368,0.08041860207094326,11,4784,0.08573542459271075,0.10644201336465903,21,4786,0.020901553343843624,0.041782721151548165,2,4784,0.23392077594688204,0.25358854344401593,140,4786,0.14968284288760653,0.17006600794843285,59,4784,0.89,0.9719952650779055,0.29279,0.970158538790283,0.2943,False,/data/suehara/part/march/datasets/20250711_ilc_nnqq_sgv_10m_3cat_parquet,val5k_tail,15000,proxy
36,36,740000,,lr_9e-6,1.0773e-05,validation_working_point_mistag_percent,1.0065837905602166,min,1.0065837905602166,1.0065837905602166,0.16736401673640167,0.04193751310547285,3.0962342009011232,0.20968756821101142,0.4386881206328071,0.020968756552736424,2.9454772546422525,1.1323128936999287,0.04960517193378195,0.07045128612883048,8,4780,0.020967290684483532,0.041914067408548326,2,4769,0.24089318603228993,0.2605140878061345,148,4780,0.056611793464106774,0.0774882347364224,10,4769,0.08571754283639726,0.10641984521165149,21,4787,0.012959117342815208,0.033914685998348654,1,4769,0.23471788494764284,0.2543730740309974,141,4787,0.14329470815678952,0.16378430444448472,54,4769,0.89,0.9718008153782733,0.29382,0.970158538790283,0.29562,False,/data/suehara/part/march/datasets/20250711_ilc_nnqq_sgv_10m_3cat_parquet,val5k_tail,15000,proxy
37,37,760000,,lr_14e-6,1.0802924999999998e-05,validation_working_point_mistag_percent,1.0261370608132394,min,1.0261370608132394,1.0261370608132394,0.14659685301723865,0.04171011470281543,2.994764326131188,0.16684045881126172,0.4196391049910327,0.04171011470281543,3.0214016720149908,1.376433842134573,0.045899123380580886,0.06677575786188795,7,4775,0.020853607338137303,0.041686922553023524,2,4795,0.23698481624333315,0.2566687507500737,143,4775,0.049450069467644325,0.07023120355487897,8,4795,0.08380242070649851,0.10460391468159183,20,4766,0.020853607338137303,0.041686922553023524,2,4795,0.23826541775256482,0.257975339466587,144,4766,0.15840651780512255,0.17868323432505898,66,4795,0.88972,0.9719551342913156,0.29271,0.970158538790283,0.29517,False,/data/suehara/part/march/datasets/20250711_ilc_nnqq_sgv_10m_3cat_parquet,val5k_tail,15000,proxy
37,37,760000,,lr_3e-6,8.063611875e-06,validation_working_point_mistag_percent,1.0616037638513884,min,1.0616037638513884,1.0616037638513884,0.18852115144264017,0.041928721174004195,3.288646939518749,0.25157232704402516,0.45909850919079687,0.041928721174004195,2.963272106046762,1.2578616352201257,0.05320368281878638,0.07406712945490652,9,4774,0.020962895333354704,0.0419052853056146,2,4770,0.24848660039105755,0.2680515650666453,157,4774,0.06284217972148852,0.08369668723477958,12,4770,0.08785443809547046,0.10852662733081544,22,4792,0.020962895333354704,0.0419052853056146,2,4770,0.2353174814227213,0.2549447411263728,142,4792,0.15145456223201614,0.1718872339422568,60,4770,0.88958,0.9716990126180427,0.2945,0.970158538790283,0.29848,False,/data/suehara/part/march/datasets/20250711_ilc_nnqq_sgv_10m_3cat_parquet,val5k_tail,15000,proxy
37,37,760000,,lr_6e-6,1.0234349999999998e-05,validation_working_point_mistag_percent,1.0228622043677074,min,1.0228622043677074,1.0228622043677074,0.16757436112274823,0.04183225266680611,3.037285370585683,0.23007739554185727,0.46015479108371454,0.04183225266680611,2.9282575558370003,1.2758836554370436,0.04966748569457489,0.0705397058574554,8,4774,0.020914667814981247,0.04180892450562669,2,4781,0.23870630190194822,0.25837654889865996,145,4774,0.05965344720958701,0.08046897318630497,11,4781,0.08805623362875313,0.10877553317733762,22,4781,0.020914667814981247,0.04180892450562669,2,4781,0.2341621625466198,0.2538492149570436,140,4781,0.15242816243796042,0.17280629555952598,61,4781,0.89014,0.9719024150929299,0.29328,0.970158538790283,0.29523,False,/data/suehara/part/march/datasets/20250711_ilc_nnqq_sgv_10m_3cat_parquet,val5k_tail,15000,proxy
37,37,760000,,lr_9e-6,1.0773e-05,validation_working_point_mistag_percent,1.0523888939276824,min,1.0523888939276824,1.0523888939276824,0.12589173633395795,0.041684035014589414,3.1892572796174603,0.20842018037555576,0.44006705220880943,0.041684035014589414,2.975691624340273,1.3964152085162236,0.04194981665228388,0.06287455265685302,6,4766,0.020840569306876444,0.041660871855317964,2,4798,0.2448673936740267,0.2645068913712051,152,4766,0.05626984138075658,0.07702065606086791,10,4798,0.08598655484727816,0.1067533400734095,21,4772,0.020840569306876444,0.041660871855317964,2,4798,0.23629039492502923,0.2559946934651728,142,4772,0.15956094315513186,0.17981665677339054,67,4798,0.88902,0.9716394299191814,0.29464,0.970158538790283,0.29406,False,/data/suehara/part/march/datasets/20250711_ilc_nnqq_sgv_10m_3cat_parquet,val5k_tail,15000,proxy
38,38,780000,,lr_14e-6,1.0802924999999998e-05,validation_working_point_mistag_percent,1.0868749858275164,min,1.0868749858275164,1.0868749858275164,0.1461682967708886,0.042078687144961074,3.508039200742921,0.2524721163855775,0.4797663715808703,0.042078687144961074,2.962035920606355,1.262360606243596,0.04576499836529851,0.06658079448122352,7,4789,0.021037867817716226,0.042055083346893785,2,4753,0.256304784275322,0.2757168764437441,168,4789,0.06306676374260034,0.08399546709856598,12,4753,0.08999305652895502,0.110648002775197,23,4794,0.021037867817716226,0.042055083346893785,2,4753,0.23522063040708857,0.25484021919616845,142,4794,0.15199341963942659,0.17249726456397518,60,4753,0.88937,0.97159475837028,0.29543,0.970158538790283,0.28935,False,/data/suehara/part/march/datasets/20250711_ilc_nnqq_sgv_10m_3cat_parquet,val5k_tail,15000,proxy
38,38,780000,,lr_3e-6,8.063611875e-06,validation_working_point_mistag_percent,1.0085103302565461,min,1.0085103302565461,1.0085103302565461,0.1669797537048633,0.042078687144961074,3.0056356815588248,0.2524721163855775,0.4799666156033239,0.042078687144961074,2.9006678604509477,1.1782032400589102,0.04949133520857928,0.07028975768199122,8,4791,0.021037867817716226,0.042055083346893785,2,4753,0.23703911708933856,0.25665279172761535,144,4791,0.06306676374260034,0.08399546709856598,12,4753,0.09003055030119156,0.1106940317904391,23,4792,0.021037867817716226,0.042055083346893785,2,4753,0.23278400261348453,0.252437385555428,139,4792,0.1465642833402149,0.1671035331340484,56,4753,0.89083,0.972140617740811,0.29215,0.970158538790283,0.29643,False,/data/suehara/part/march/datasets/20250711_ilc_nnqq_sgv_10m_3cat_parquet,val5k_tail,15000,proxy
38,38,780000,,lr_6e-6,1.0234349999999998e-05,validation_working_point_mistag_percent,1.0283146454968715,min,1.0283146454968715,1.0283146454968715,0.16632016632016633,0.04179728317659352,3.1808732136679603,0.2507836990595611,0.46403712296983757,0.04179728317659352,2.88968577378936,1.1912226218149005,0.049295933907841843,0.07001249172687313,8,4810,0.02089718550753811,0.041773993997644004,2,4785,0.24346447022150913,0.26292783618248466,153,4810,0.0626453415008838,0.08343481759822621,12,4785,0.08879791589936625,0.10969035068512344,22,4741,0.02089718550753811,0.041773993997644004,2,4785,0.23353173055280646,0.2534011165838859,137,4741,0.14695532783610532,0.16735180816601236,57,4785,0.89021,0.9717473381192661,0.29518,0.970158538790283,0.29939,False,/data/suehara/part/march/datasets/20250711_ilc_nnqq_sgv_10m_3cat_parquet,val5k_tail,15000,proxy
38,38,780000,,lr_9e-6,1.023435e-05,validation_working_point_mistag_percent,1.0159113113313254,min,1.0159113113313254,1.0159113113313254,0.1461682967708886,0.0416579879191835,3.0486532703500373,0.24994792115992068,0.4635482362554051,0.02082899395959175,2.8234301708217044,1.333055613413872,0.04576499836529851,0.06658079448122352,7,4789,0.020827547568628035,0.041634853696108594,2,4801,0.23879798848825268,0.258401891133973,146,4789,0.06243673535258212,0.08315729015161785,12,4801,0.0887045230656865,0.1095751578871912,22,4746,0.012872743121947704,0.033688724382272744,1,4801,0.23068110682104778,0.25055747915849885,134,4746,0.15567563708971335,0.1759450849808367,64,4801,0.88923,0.9717813936597158,0.2944,0.970158538790283,0.29371,False,/data/suehara/part/march/datasets/20250711_ilc_nnqq_sgv_10m_3cat_parquet,val5k_tail,15000,proxy
39,39,800000,,lr_14e-6,1.0262778749999998e-05,validation_working_point_mistag_percent,1.0423074671221102,min,1.0423074671221102,1.0423074671221102,0.16614745586708204,0.042105263157894736,3.281412229977498,0.2526315724549863,0.3982393513540448,0.042105263157894736,2.850555384410786,1.3052632165966958,0.04924476869487338,0.06993989018330073,8,4815,0.021051153959330354,0.042081629537878924,2,4750,0.24719213222296477,0.2665935390944882,158,4815,0.06310656295440126,0.08404841453135457,12,4750,0.0813669994886395,0.10215566698117215,19,4771,0.021051153959330354,0.042081629537878924,2,4750,0.231220929747869,0.25098180341127585,136,4771,0.1547351465084083,0.1752338780773856,62,4750,0.88923,0.9718835812095373,0.29463,0.970158538790283,0.2928,False,/data/suehara/part/march/datasets/20250711_ilc_nnqq_sgv_10m_3cat_parquet,val5k_tail,15000,proxy
39,39,800000,,lr_3e-6,8.063611875e-06,validation_working_point_mistag_percent,1.0247061838429634,min,1.0247061838429634,1.0247061838429634,0.1267427122940431,0.04154549231408392,3.3375581603350493,0.2700457103130134,0.4177109546762963,0.04154549231408392,2.903090912956886,1.0594100355402516,0.04223328514590816,0.06329907491896238,6,4734,0.02077130756799322,0.04152248285675165,2,4814,0.251356893054256,0.2710664778101536,158,4734,0.06516988642691038,0.08582614989522123,13,4814,0.08341793799168531,0.10412467804429464,20,4788,0.02077130756799322,0.04152248285675165,2,4814,0.23297591653634458,0.2526447028963416,139,4788,0.13772935657205848,0.15805774284245958,51,4814,0.89125,0.9721555010393202,0.29222,0.970158538790283,0.29642,False,/data/suehara/part/march/datasets/20250711_ilc_nnqq_sgv_10m_3cat_parquet,val5k_tail,15000,proxy
39,39,800000,,lr_6e-6,1.0234349999999998e-05,validation_working_point_mistag_percent,0.988468687566384,min,0.988468687566384,0.988468687566384,0.14749262536873156,0.020938023450586266,2.9498523745983034,0.23031825501308403,0.43622766376709105,0.04187604690117253,2.866639124138868,1.2144053872932348,0.0461794699445974,0.06718326492021619,7,4746,0.012940124081544822,0.03386499826054814,1,4776,0.23586591504459986,0.25568902332040594,140,4746,0.05971585304741607,0.08055306541586643,11,4776,0.08523753917666689,0.10582477586647057,21,4814,0.020936561876467648,0.04185266987441565,2,4776,0.23088674661838754,0.2504644666725217,138,4814,0.14858757872265785,0.16901278058150895,58,4776,0.89083,0.9720763932490991,0.29245,0.970158538790283,0.2939,False,/data/suehara/part/march/datasets/20250711_ilc_nnqq_sgv_10m_3cat_parquet,val5k_tail,15000,proxy
39,39,800000,,lr_9e-6,1.023435e-05,validation_working_point_mistag_percent,0.9981961338006757,min,0.9981961338006757,0.9981961338006757,0.14610728076907506,0.041588687876897484,2.9638905857828814,0.2495321272613849,0.4645270419934969,0.041588687876897484,2.9138513982916425,1.1644832605531295,0.04574590161165752,0.06655303546621015,7,4791,0.020792902356151097,0.04156563055246009,2,4809,0.23536593683596457,0.25499703423652287,142,4791,0.06233295239850159,0.08301921762625154,12,4809,0.08889150559710929,0.10980578593190893,22,4736,0.020792902356151097,0.04156563055246009,2,4809,0.23463917099991077,0.2545193266463741,138,4736,0.1448657807836812,0.1651716089497714,56,4809,0.8909,0.9721541624591925,0.29264,0.970158538790283,0.29377,False,/data/suehara/part/march/datasets/20250711_ilc_nnqq_sgv_10m_3cat_parquet,val5k_tail,15000,proxy
40,40,820000,,lr_14e-6,1.0262778749999998e-05,validation_working_point_mistag_percent,1.0484175542735157,min,1.0484175542735157,1.0484175542735157,0.16827934371055953,0.020977554017201593,3.3655869174209347,0.16782043213761275,0.4984423676012461,0.04195510803440319,2.9075805237447123,1.2166981875214546,0.04987633366984711,0.07083604793116766,8,4754,0.01296455423406401,0.033928909286909135,1,4767,0.25190609897255967,0.27152099408330327,160,4754,0.0497403832424323,0.07064314312828063,8,4767,0.09172035114170599,0.11227747640433008,24,4815,0.020976086918577042,0.0419316426618512,2,4767,0.23253048646811636,0.252087139093668,140,4815,0.14886669279836565,0.16932948720566557,58,4767,0.88979,0.9714926053502507,0.29452,0.970158538790283,0.29049,False,/data/suehara/part/march/datasets/20250711_ilc_nnqq_sgv_10m_3cat_parquet,val5k_tail,15000,proxy
40,40,820000,,lr_3e-6,8.063611875e-06,validation_working_point_mistag_percent,1.0670143364150897,min,1.0670143364150897,1.0670143364150897,0.12658227848101267,0.041990342221289105,3.502109763828958,0.2729372261871474,0.47589489531270834,0.041990342221289105,2.7519140228424064,1.3226958202259074,0.04217984336000699,0.06321904088015844,6,4740,0.020993701546624947,0.04196683742310633,2,4763,0.2573586601995338,0.27697388496028474,166,4740,0.06586707061732264,0.08674325146348616,13,4763,0.08926811955339989,0.10975802650859115,23,4833,0.020993701546624947,0.04196683742310633,2,4763,0.22571943530818525,0.24526767116871545,133,4833,0.1556182011339738,0.1760536772968741,63,4763,0.88874,0.9711860763006427,0.29661,0.970158538790283,0.29688,False,/data/suehara/part/march/datasets/20250711_ilc_nnqq_sgv_10m_3cat_parquet,val5k_tail,15000,proxy
40,40,820000,,lr_6e-6,1.0234349999999998e-05,validation_working_point_mistag_percent,1.0478631220491224,min,1.0478631220491224,1.0478631220491224,0.14632106650053128,0.041588687876897484,3.2608696328219047,0.2703264797771984,0.4849251512967804,0.041588687876897484,2.97280200968964,1.1644832605531295,0.04581281007718561,0.0666502934334096,7,4784,0.020792902356151097,0.04156563055246009,2,4809,0.24717757112412003,0.2667132578262246,156,4784,0.06523758459072168,0.08591520352161575,13,4809,0.09095900753506624,0.11183382829693103,23,4743,0.020792902356151097,0.04156563055246009,2,4809,0.2368659405060744,0.25669190929864005,141,4743,0.1448657807836812,0.1651716089497714,56,4809,0.88937,0.971565962650562,0.29545,0.970158538790283,0.28957,False,/data/suehara/part/march/datasets/20250711_ilc_nnqq_sgv_10m_3cat_parquet,val5k_tail,15000,proxy
40,40,820000,,lr_9e-6,1.023435e-05,validation_working_point_mistag_percent,1.0306386978448916,min,1.0306386978448916,1.0306386978448916,0.16803192606595252,0.0413393964448119,3.2556185388340286,0.22736668331487414,0.40109773085030076,0.0413393964448119,2.82879460484779,1.2815213059565633,0.04980303738404252,0.0707320453949346,8,4761,0.020668273871993853,0.04131661468768105,2,4838,0.2475498071697429,0.26718205472642875,155,4761,0.05895113118436226,0.07952258533586196,11,4838,0.08195018543438173,0.10288682632033078,19,4737,0.020668273871993853,0.04131661468768105,2,4838,0.2311137847195086,0.2510256485457069,134,4737,0.15193569536007326,0.17207145841451021,62,4838,0.89014,0.9720491598408006,0.29306,0.970158538790283,0.29143,False,/data/suehara/part/march/datasets/20250711_ilc_nnqq_sgv_10m_3cat_parquet,val5k_tail,15000,proxy
41,41,840000,,lr_14e-6,1.0262778749999998e-05,validation_working_point_mistag_percent,0.996891198213983,min,0.996891198213983,0.996891198213983,0.16722408026755853,0.04180602006688963,2.9473244899207405,0.25083612680176515,0.4404362345632093,0.04180602006688963,2.873322016617312,1.2123745974074986,0.04956371622062809,0.070392462686556,8,4784,0.020901553343843624,0.041782721151548165,2,4784,0.2348631052695227,0.2545298453260687,141,4784,0.06265842567791326,0.08345222458265669,12,4784,0.0860585767915483,0.1068426253377378,21,4768,0.020901553343843624,0.041782721151548165,2,4784,0.23222650182222299,0.25199025852272566,137,4768,0.14834035447883998,0.1687322564299626,58,4784,0.89111,0.9721778861547281,0.29234,0.970158538790283,0.29205,False,/data/suehara/part/march/datasets/20250711_ilc_nnqq_sgv_10m_3cat_parquet,val5k_tail,15000,proxy
41,41,840000,,lr_3e-6,7.660431281249999e-06,validation_working_point_mistag_percent,1.0125684509720816,min,1.0125684509720816,1.0125684509720816,0.18812709510132386,0.04180602006688963,3.0309364935187464,0.2717391304347826,0.4404362345632093,0.04180602006688963,2.873322016617312,1.2123745974074986,0.05309253395717104,0.07391254353280285,9,4784,0.020901553343843624,0.041782721151548165,2,4784,0.23821421667545062,0.2578460091708118,145,4784,0.06557819615720163,0.08636325817164901,13,4784,0.0860585767915483,0.1068426253377378,21,4768,0.020901553343843624,0.041782721151548165,2,4784,0.23222650182222299,0.25199025852272566,137,4768,0.14834035447883998,0.1687322564299626,58,4784,0.89097,0.9719873134774124,0.29327,0.970158538790283,0.29528,False,/data/suehara/part/march/datasets/20250711_ilc_nnqq_sgv_10m_3cat_parquet,val5k_tail,15000,proxy
41,41,840000,,lr_6e-6,9.722632499999998e-06,validation_working_point_mistag_percent,1.0083397120008548,min,1.0083397120008548,1.0083397120008548,0.12568076762842678,0.04162330905306972,2.974445057287319,0.18730488122190828,0.46247633580654013,0.04162330905306972,2.9640531219322788,1.2695109140242253,0.04187954310510526,0.06276931032150644,6,4774,0.020810210542906705,0.041600213327320744,2,4805,0.23619274181305022,0.2558893093900425,142,4774,0.05286062638721282,0.07359000429368852,9,4805,0.08849974873915249,0.10932258339630216,22,4757,0.020810210542906705,0.041600213327320744,2,4805,0.23617821726988966,0.2559495274949579,141,4757,0.15167084780863208,0.1719498694789946,61,4805,0.89021,0.9713770783371017,0.29534,0.970158538790283,0.29455,False,/data/suehara/part/march/datasets/20250711_ilc_nnqq_sgv_10m_3cat_parquet,val5k_tail,15000,proxy
41,41,840000,,lr_9e-6,1.023435e-05,validation_working_point_mistag_percent,1.0021344868581186,min,1.0021344868581186,1.0021344868581186,0.16722408026755853,0.04180602006688963,2.926421395348318,0.25083612680176515,0.4404362345632093,0.04180602006688963,2.9152684493786496,1.2332775683716695,0.04956371622062809,0.070392462686556,8,4784,0.020901553343843624,0.041782721151548165,2,4784,0.23401727085987784,0.2536927478067198,140,4784,0.06265842567791326,0.08345222458265669,12,4784,0.0860585767915483,0.1068426253377378,21,4768,0.020901553343843624,0.041782721151548165,2,4784,0.2339402509672014,0.2536864164289856,139,4768,0.14968284288760653,0.17006600794843285,59,4784,0.89097,0.9721674147969894,0.29245,0.970158538790283,0.29205,False,/data/suehara/part/march/datasets/20250711_ilc_nnqq_sgv_10m_3cat_parquet,val5k_tail,15000,proxy
42,42,860000,,lr_14e-6,1.0262778749999998e-05,validation_working_point_mistag_percent,0.9919788491968758,min,0.9919788491968758,0.9919788491968758,0.14632106650053128,0.020863759649488837,2.9473244899207405,0.20863760180856608,0.4622820038728533,0.041727519298977674,2.7316662857981258,1.377008066725723,0.04581281007718561,0.0666502934334096,7,4784,0.012894228554087821,0.033744932033583225,1,4793,0.2348631052695227,0.2545298453260687,141,4784,0.0563285036100398,0.07710087006957464,10,4793,0.08846261857674691,0.10927678580699256,22,4759,0.020862308425758556,0.041704307791925035,2,4793,0.2265414771379145,0.2464021215427662,130,4759,0.15847223383158754,0.17875716994470126,66,4793,0.89049,0.972251416444725,0.2914,0.970158538790283,0.29688,False,/data/suehara/part/march/datasets/20250711_ilc_nnqq_sgv_10m_3cat_parquet,val5k_tail,15000,proxy
42,42,860000,,lr_3e-6,7.660431281249999e-06,validation_working_point_mistag_percent,1.0205618692232303,min,1.0205618692232303,1.0205618692232303,0.1889168838353725,0.041788549937317176,3.232577730537917,0.2507312932288242,0.5014625864576484,0.020894274968658588,2.8834098997102555,1.0447137351098483,0.053315298035165194,0.07422236335454635,9,4764,0.020892819496360855,0.04176527048865778,2,4786,0.24658994596924338,0.2662195041367881,154,4764,0.06263226278711677,0.08341741787396706,12,4786,0.0922750894632749,0.11295548946358919,24,4786,0.012913087226991995,0.033794267809833585,1,4786,0.23221988604868565,0.2519051127269082,138,4786,0.1370843975858269,0.15753782823198018,50,4786,0.89014,0.9717603238749959,0.29433,0.970158538790283,0.2937,False,/data/suehara/part/march/datasets/20250711_ilc_nnqq_sgv_10m_3cat_parquet,val5k_tail,15000,proxy
42,42,860000,,lr_6e-6,9.722632499999998e-06,validation_working_point_mistag_percent,0.9605431659177098,min,0.9605431659177098,0.9605431659177098,0.14610728076907506,0.04175365344467641,2.984762957259015,0.25052192705246135,0.46267086385724865,0.04175365344467641,2.7129336886497115,1.0438413028648137,0.04574590161165752,0.06655303546621015,7,4791,0.020875373680074177,0.04173041285626091,2,4790,0.23620411936706373,0.2558265053864812,143,4791,0.06258000249629564,0.08334789148787651,12,4790,0.08853691008355079,0.10936841938852743,22,4755,0.020875373680074177,0.04173041285626091,2,4790,0.22584049934996597,0.24572572485293298,129,4755,0.13697040945580222,0.15740712774588075,50,4790,0.89216,0.9725598717090754,0.29053,0.9605431659177098,0.29704,False,/data/suehara/part/march/datasets/20250711_ilc_nnqq_sgv_10m_3cat_parquet,val5k_tail,15000,proxy
42,42,860000,,lr_9e-6,1.023435e-05,validation_working_point_mistag_percent,1.0315527239129907,min,1.0315527239129907,1.0315527239129907,0.1470279296530943,0.020842017507294707,3.2136105744244317,0.20842018037555576,0.43960643632763347,0.041684035014589414,2.930709575517556,1.2505210424837696,0.046034036875737754,0.06697186638631833,7,4761,0.01288079176293968,0.03370978029492246,1,4798,0.24593336643553704,0.2655832569916014,153,4761,0.05626984138075658,0.07702065606086791,10,4798,0.08589669676173774,0.1066419431210673,21,4777,0.020840569306876444,0.041660871855317964,2,4798,0.23435563070563387,0.2540581381772086,140,4777,0.15057531268886198,0.17089182819190923,60,4798,0.88986,0.9715790396120192,0.29464,0.9605431659177098,0.29184,False,/data/suehara/part/march/datasets/20250711_ilc_nnqq_sgv_10m_3cat_parquet,val5k_tail,15000,proxy
43,43,880000,,lr_14e-6,1.0262778749999998e-05,validation_working_point_mistag_percent,0.9650910860981596,min,0.9650910860981596,0.9650910860981596,0.1461682967708886,0.041884816753926704,2.9442472707668808,0.2094240837696335,0.3772003304646938,0.041884816753926704,2.87091379614348,1.0890052773618475,0.04576499836529851,0.06658079448122352,7,4789,0.02094094619055311,0.04186142993563103,2,4775,0.2346211710977975,0.2542686670338131,141,4789,0.05654070419863584,0.07739102912168042,10,4775,0.07894028574081603,0.09973341361205457,18,4772,0.02094094619055311,0.04186142993563103,2,4775,0.2320343740766867,0.2517825770253418,137,4772,0.14028536209206074,0.16076735319943014,52,4775,0.89083,0.972275814775616,0.29122,0.9605431659177098,0.29212,False,/data/suehara/part/march/datasets/20250711_ilc_nnqq_sgv_10m_3cat_parquet,val5k_tail,15000,proxy
43,43,880000,,lr_3e-6,7.660431281249999e-06,validation_working_point_mistag_percent,0.9986271605794466,min,0.9986271605794466,0.9986271605794466,0.1454696554951109,0.020995171110644553,3.013300090291871,0.20995171648727098,0.4410838186460081,0.020995171110644553,2.793530710412771,1.3436909510812514,0.045546343717023874,0.06626295719752032,7,4812,0.01297544171407336,0.03395739168422002,1,4763,0.23684710607589088,0.2563720177388352,145,4812,0.05668306171712986,0.0775856848442892,10,4763,0.08618490593403326,0.10699923444897533,21,4761,0.01297544171407336,0.03395739168422002,1,4763,0.22908992647315723,0.24891624702299103,133,4761,0.1569106423709013,0.17733730444013662,64,4763,0.88916,0.9716703731336817,0.2944,0.9605431659177098,0.29399,False,/data/suehara/part/march/datasets/20250711_ilc_nnqq_sgv_10m_3cat_parquet,val5k_tail,15000,proxy
43,43,880000,,lr_6e-6,9.722632499999998e-06,validation_working_point_mistag_percent,1.0050644035813072,min,1.0050644035813072,1.0050644035813072,0.14629049485009957,0.04176237210273544,3.1138976140334456,0.2505742262293435,0.48299035412193014,0.04176237210273544,2.9609408902927936,1.002296904917374,0.045803239744487356,0.06663638203821157,7,4785,0.02087973240216612,0.041739121808386265,2,4789,0.2414655442471214,0.26105856656360416,149,4785,0.06259305939119454,0.08336526221682443,12,4789,0.090596729482742,0.11138909129664362,23,4762,0.02087973240216612,0.041739121808386265,2,4789,0.2359335683440711,0.2556854302877262,141,4762,0.13406112083028318,0.15451945196578826,48,4789,0.89132,0.9722403680324088,0.29217,0.9605431659177098,0.29295,False,/data/suehara/part/march/datasets/20250711_ilc_nnqq_sgv_10m_3cat_parquet,val5k_tail,15000,proxy
43,43,880000,,lr_9e-6,1.023435e-05,validation_working_point_mistag_percent,0.9881974428033948,min,0.9881974428033948,0.9881974428033948,0.14568157798472514,0.020995171110644553,2.9344432719338003,0.20995171648727098,0.4404362345632093,0.020995171110644553,2.8313757528456436,1.30170064639122,0.0456126692816467,0.06635936858181907,7,4805,0.01297544171407336,0.03395739168422002,1,4763,0.2338503192294783,0.2534364851519741,141,4805,0.05668306171712986,0.0775856848442892,10,4763,0.0860585767915483,0.1068426253377378,21,4768,0.01297544171407336,0.03395739168422002,1,4763,0.2304991263083891,0.25028047424761024,135,4768,0.1543151149969375,0.17475940525350317,62,4763,0.88972,0.9720282760588278,0.29243,0.9605431659177098,0.2921,False,/data/suehara/part/march/datasets/20250711_ilc_nnqq_sgv_10m_3cat_parquet,val5k_tail,15000,proxy
44,44,900000,,lr_14e-6,1.0262778749999998e-05,validation_working_point_mistag_percent,1.0698095515759396,min,1.0698095515759396,1.0698095515759396,0.16684045881126172,0.041858518208455424,3.3368091762252345,0.2302218442647023,0.4828889278098884,0.020929259104227712,2.981314130569649,1.2976140976140975,0.049450069467644325,0.07023120355487897,8,4795,0.02092779875353912,0.041835160746337426,2,4778,0.24978517684298776,0.26924438902971515,160,4795,0.05969087505040239,0.08051940744205491,11,4778,0.09057774213904356,0.11136578204855455,23,4763,0.01293470765705301,0.03385082849442308,1,4778,0.23673083474515277,0.2564699975084982,142,4763,0.15383328785167366,0.1742151191701664,62,4778,0.88895,0.9715979277463003,0.29598,0.9605431659177098,0.29106,False,/data/suehara/part/march/datasets/20250711_ilc_nnqq_sgv_10m_3cat_parquet,val5k_tail,15000,proxy
44,44,900000,,lr_3e-6,7.660431281249999e-06,validation_working_point_mistag_percent,1.0563791420917983,min,1.0563791420917983,1.0563791420917983,0.1877346611649472,0.04191993292810731,3.295786407533851,0.25151959113328964,0.48207922558962685,0.020959966464053657,2.8086355600792845,1.3623977918412253,0.052981848533603985,0.07375860153951204,9,4794,0.020958501824625306,0.04189650688207371,2,4771,0.24825858076019808,0.2677389618239448,158,4794,0.06282901869796918,0.08367917812899663,12,4771,0.09042612942385311,0.11117965866581733,23,4771,0.012953685009747844,0.03390047462983835,1,4771,0.229487677840921,0.2492661206296123,134,4771,0.15792894452211145,0.1783135221331073,65,4771,0.88846,0.9715545397568429,0.29597,0.9605431659177098,0.2946,False,/data/suehara/part/march/datasets/20250711_ilc_nnqq_sgv_10m_3cat_parquet,val5k_tail,15000,proxy
44,44,900000,,lr_6e-6,9.236500874999997e-06,validation_working_point_mistag_percent,0.9602202712820982,min,0.9602202712820982,0.9602202712820982,0.14690451018544812,0.04180602006688963,2.9590765528311387,0.22993311183465753,0.3969082869685191,0.020903010033444816,2.7574681077287453,1.1287625706079432,0.045995409300632256,0.06691571794013411,7,4765,0.020901553343843624,0.041782721151548165,2,4784,0.2357870220494572,0.2555272332956982,141,4765,0.05961606627590368,0.08041860207094326,11,4784,0.0810954215249259,0.10181517578837862,19,4787,0.012918485555675891,0.033808390253676546,1,4784,0.22698863507156947,0.24672235765181677,132,4787,0.14284750178389874,0.1632743512962059,54,4784,0.89028,0.9721750737886755,0.29184,0.9602202712820982,0.29189,False,/data/suehara/part/march/datasets/20250711_ilc_nnqq_sgv_10m_3cat_parquet,val5k_tail,15000,proxy
44,44,900000,,lr_9e-6,1.023435e-05,validation_working_point_mistag_percent,0.9963120051102224,min,0.9963120051102224,0.9963120051102224,0.1465354787758778,0.041911148365465216,3.160979727183661,0.2305113189583601,0.3969082869685191,0.020955574182732608,2.8201378913857904,1.1525566150613733,0.04587991455145648,0.06674783607405153,7,4777,0.02095411015713718,0.04188773213561382,2,4772,0.24349884465500599,0.2631049644983008,151,4777,0.059765871807038747,0.08062046585019396,11,4772,0.0810954215249259,0.10181517578837862,19,4787,0.012950970550741254,0.033893373410920295,1,4772,0.22959591927844586,0.24930346402639547,135,4787,0.14460079159538103,0.16506902684363128,55,4772,0.88993,0.9724584694432751,0.29124,0.9602202712820982,0.29136,False,/data/suehara/part/march/datasets/20250711_ilc_nnqq_sgv_10m_3cat_parquet,val5k_tail,15000,proxy
45,45,920000,,lr_14e-6,1.1083801049999996e-05,validation_working_point_mistag_percent,1.0051098080977192,min,1.0051098080977192,1.0051098080977192,0.1479915414307216,0.020833333333333332,2.9386891229580603,0.20833333333333334,0.43695379941649704,0.041666666666666664,2.8714106545301195,1.375000013113022,0.04633561482873302,0.06741023265019129,7,4730,0.012875424884436151,0.03369574009654474,1,4800,0.235794647621676,0.2556895158449861,139,4730,0.056246410686646854,0.07698861717140697,10,4800,0.08537920110634699,0.10600039777464718,21,4806,0.02083188633959509,0.04164352280422051,2,4800,0.23126607957309925,0.25087439630429137,138,4806,0.15824246592812535,0.17849866255382832,66,4800,0.89097,0.9720154550209754,0.29184,0.9602202712820982,0.29202,False,/data/suehara/part/march/datasets/20250711_ilc_nnqq_sgv_10m_3cat_parquet,val5k_tail,15000,proxy
45,45,920000,,lr_3e-6,7.277409717187499e-06,validation_working_point_mistag_percent,1.0211360252905863,min,1.0211360252905863,1.0211360252905863,0.16913319238900634,0.020820320632937747,3.065539136774004,0.22902353278304688,0.45804706556609376,0.041640641265875494,2.8315635341141276,1.353320778799599,0.05012928141770385,0.07119496174220648,8,4730,0.012867382947006449,0.033674701714436525,1,4803,0.24089584273514592,0.26073708597672207,145,4730,0.05938040398470314,0.08010104364874886,11,4803,0.08765356533874764,0.10827885798907053,22,4803,0.02081887544639369,0.04161752630348535,2,4803,0.22970015126843013,0.24933730214017036,136,4803,0.15688272608666495,0.17713529859243493,65,4803,0.89076,0.9717435823704053,0.29304,0.9602202712820982,0.29377,False,/data/suehara/part/march/datasets/20250711_ilc_nnqq_sgv_10m_3cat_parquet,val5k_tail,15000,proxy
45,45,920000,,lr_6e-6,9.236500874999997e-06,validation_working_point_mistag_percent,1.0077407966892697,min,1.0077407966892697,1.0077407966892697,0.16666666666666666,0.042265426880811495,2.9166667593850057,0.25359255474300035,0.4579517156383705,0.042265426880811495,2.8934222722786473,1.2890955510408448,0.04939858396109716,0.07015814794082362,8,4800,0.021131224557080303,0.04224161313646725,2,4732,0.2332475326558954,0.25286150196784374,140,4800,0.06334641709999281,0.08436750623530449,12,4732,0.08763534971785525,0.10825638959010885,22,4804,0.021131224557080303,0.04224161313646725,2,4732,0.23221015268472464,0.2518174691683011,139,4804,0.15399806976738145,0.17458159162672474,61,4732,0.89042,0.9718912162697241,0.29365,0.9602202712820982,0.29494,False,/data/suehara/part/march/datasets/20250711_ilc_nnqq_sgv_10m_3cat_parquet,val5k_tail,15000,proxy
45,45,920000,,lr_9e-6,1.023435e-05,validation_working_point_mistag_percent,1.0057108197675408,min,1.0057108197675408,1.0057108197675408,0.14562096757062648,0.020833333333333332,3.0580404039202143,0.20833333333333334,0.46521463611698544,0.041666666666666664,2.939310565367435,1.166666651831733,0.045593699417365324,0.0663317938560427,7,4807,0.012875424884436151,0.03369574009654474,1,4800,0.23873917278353085,0.2582657782919287,147,4807,0.056246410686646854,0.07698861717140697,10,4800,0.08902286309248222,0.10996780405099589,22,4729,0.02083188633959509,0.04164352280422051,2,4800,0.23584384450325846,0.2557426560734495,139,4729,0.14513609453927767,0.16547907863981234,56,4800,0.89069,0.9722366053918221,0.2914,0.9602202712820982,0.29028,False,/data/suehara/part/march/datasets/20250711_ilc_nnqq_sgv_10m_3cat_parquet,val5k_tail,15000,proxy
46,46,940000,,lr_14e-6,1.1083801049999996e-05,validation_working_point_mistag_percent,1.0655293917204085,min,1.0655293917204085,1.0655293917204085,0.12568076762842678,0.041684035014589414,3.3305403501371824,0.25010420372440634,0.5037783375314862,0.041684035014589414,2.9177162913135097,1.313047113399077,0.04187954310510526,0.06276931032150644,6,4774,0.020840569306876444,0.041660871855317964,2,4798,0.25007629903248363,0.26962371665454965,159,4774,0.06247574311398112,0.08320918582700992,12,4798,0.0927004222137759,0.11347533162089805,24,4764,0.020840569306876444,0.041660871855317964,2,4798,0.23413407634023317,0.2538957904200362,139,4764,0.15448925423965054,0.17477971179207413,63,4798,0.88902,0.9718770089101469,0.2947,0.9602202712820982,0.29025,False,/data/suehara/part/march/datasets/20250711_ilc_nnqq_sgv_10m_3cat_parquet,val5k_tail,15000,proxy
46,46,940000,,lr_3e-6,7.277409717187499e-06,validation_working_point_mistag_percent,0.9943924786128022,min,0.9943924786128022,0.9943924786128022,0.18844220383065366,0.041788549937317176,3.245393716494164,0.20894274702196966,0.5027230705137071,0.020894274968658588,2.744030093220651,1.0029251729152968,0.05318141583176865,0.07403616056232964,9,4776,0.020892819496360855,0.04176527048865778,2,4786,0.24678388382282576,0.2663587661193144,155,4776,0.05641083651647802,0.07721345078441763,10,4786,0.0925066040833763,0.11323844781809109,24,4774,0.012913087226991995,0.033794267809833585,1,4786,0.22672053833842007,0.24651361470977642,131,4774,0.13414481207418022,0.15461570190142288,48,4786,0.89111,0.9722490769691259,0.29184,0.9602202712820982,0.29526,False,/data/suehara/part/march/datasets/20250711_ilc_nnqq_sgv_10m_3cat_parquet,val5k_tail,15000,proxy
46,46,940000,,lr_6e-6,8.774675831249997e-06,validation_working_point_mistag_percent,0.9996237176091038,min,0.9996237176091038,0.9996237176091038,0.16750418760469013,0.041788549937317176,3.245393716494164,0.20894274702196966,0.5027230705137071,0.020894274968658588,2.7859237225001303,1.0238194718321934,0.049646697053106405,0.07051020796472263,8,4776,0.020892819496360855,0.04176527048865778,2,4786,0.24678388382282576,0.2663587661193144,155,4776,0.05641083651647802,0.07721345078441763,10,4786,0.0925066040833763,0.11323844781809109,24,4774,0.012913087226991995,0.033794267809833585,1,4786,0.2284739411624267,0.2482494704802624,133,4774,0.13562227938133092,0.1560844396180287,49,4786,0.89118,0.9724354434341501,0.29084,0.9602202712820982,0.29029,False,/data/suehara/part/march/datasets/20250711_ilc_nnqq_sgv_10m_3cat_parquet,val5k_tail,15000,proxy
46,46,940000,,lr_9e-6,1.023435e-05,validation_working_point_mistag_percent,0.9754068382213261,min,0.9754068382213261,0.9754068382213261,0.1669100771959107,0.041911148365465216,2.983517608505957,0.251466896625449,0.3982393513540448,0.041911148365465216,2.892475353537761,1.0268231218205555,0.049470693732713095,0.07026046841890586,8,4793,0.02095411015713718,0.04188773213561382,2,4772,0.2361068936611574,0.25572161304794233,143,4793,0.06281586318590843,0.08366167634736126,12,4772,0.0813669994886395,0.10215566698117215,19,4771,0.02095411015713718,0.04188773213561382,2,4772,0.2329404184839543,0.252683723022077,138,4771,0.13601850305111837,0.15653942358958284,49,4772,0.89097,0.9724201776710565,0.29107,0.9602202712820982,0.29129,False,/data/suehara/part/march/datasets/20250711_ilc_nnqq_sgv_10m_3cat_parquet,val5k_tail,15000,proxy
47,47,960000,,lr_14e-6,1.0529610997499996e-05,validation_working_point_mistag_percent,1.0057025296966906,min,1.0057025296966906,1.0057025296966906,0.12489591689298843,0.021057064645188462,3.1432139945828528,0.18951357449969006,0.4390549920129187,0.021057064645188462,2.8434037759400774,1.2634238543546201,0.041618101116324704,0.06237776982805558,6,4804,0.013013692323667713,0.03405745777013288,1,4749,0.24214995541916792,0.2616533002731368,151,4804,0.05348360171565283,0.07445643810226046,9,4749,0.08578911465377524,0.1065085732714968,21,4783,0.013013692323667713,0.03405745777013288,1,4749,0.2306482844877219,0.250362580590768,136,4783,0.15212076730312696,0.1726414309331431,60,4749,0.89021,0.9718334118614842,0.29367,0.9602202712820982,0.29464,False,/data/suehara/part/march/datasets/20250711_ilc_nnqq_sgv_10m_3cat_parquet,val5k_tail,15000,proxy
47,47,960000,,lr_3e-6,7.277409717187499e-06,validation_working_point_mistag_percent,1.0344362590993343,min,1.0344362590993343,1.0344362590993343,0.14805414169352468,0.04160599126274184,3.1514381538196687,0.2288329519450801,0.4582378525470637,0.04160599126274184,2.811914294022805,1.3938006962410492,0.04635520721593871,0.06743871148935118,7,4728,0.020801552849157405,0.04158291474963047,2,4807,0.2443347516184604,0.26414805750119497,149,4728,0.059331028082268505,0.08003450855150933,11,4807,0.08769001930732491,0.10832382277791595,22,4801,0.020801552849157405,0.04158291474963047,2,4807,0.22893491342272781,0.24858842688189262,135,4801,0.15926395736207774,0.17948284225920724,67,4807,0.88979,0.9717459473385555,0.2937,0.9602202712820982,0.295,False,/data/suehara/part/march/datasets/20250711_ilc_nnqq_sgv_10m_3cat_parquet,val5k_tail,15000,proxy
47,47,960000,,lr_6e-6,8.774675831249997e-06,validation_working_point_mistag_percent,1.0827956571887416,min,1.0827956571887416,1.0827956571887416,0.1257071024512885,0.020729684908789386,3.519798767364173,0.1865671641791045,0.485334472810835,0.04145936981757877,3.0597172670164268,1.223051428961737,0.04188831442008261,0.06278244634197151,6,4773,0.012811369446340239,0.033528165431870274,1,4824,0.25715001041158314,0.2766222354351963,168,4773,0.052652544086610506,0.07330059914809077,9,4824,0.09103564609943957,0.11192791004089658,23,4739,0.020728252278338223,0.041436455648362035,2,4824,0.2404447215642872,0.26025074804533166,145,4739,0.14844800214747178,0.16866642643364044,59,4824,0.88979,0.9718761578038926,0.29365,0.9602202712820982,0.29458,False,/data/suehara/part/march/datasets/20250711_ilc_nnqq_sgv_10m_3cat_parquet,val5k_tail,15000,proxy
47,47,960000,,lr_9e-6,1.023435e-05,validation_working_point_mistag_percent,1.0802054193549626,min,1.0802054193549626,1.0802054193549626,0.1257071024512885,0.020729684908789386,3.4150428557628882,0.1865671641791045,0.485334472810835,0.04145936981757877,3.1230216339870682,1.243781070922148,0.04188831442008261,0.06278244634197151,6,4773,0.012811369446340239,0.033528165431870274,1,4824,0.2532752140267026,0.2727913250656945,163,4773,0.052652544086610506,0.07330059914809077,9,4824,0.09103564609943957,0.11192791004089658,23,4739,0.020728252278338223,0.041436455648362035,2,4824,0.24294761989709576,0.2627269356209164,148,4739,0.14976795822767253,0.1699777898983349,60,4824,0.88979,0.9718672521809664,0.29377,0.9602202712820982,0.29058,False,/data/suehara/part/march/datasets/20250711_ilc_nnqq_sgv_10m_3cat_parquet,val5k_tail,15000,proxy
48,48,980000,,lr_14e-6,1.0529610997499996e-05,validation_working_point_mistag_percent,1.0106838668487188,min,1.0106838668487188,1.0106838668487188,0.1259974768205478,0.0416579879191835,3.0659385436885485,0.24994792115992068,0.4190236855542326,0.0416579879191835,2.9331657051093414,1.2080816266187926,0.041985041938959966,0.06292730627654114,6,4762,0.020827547568628035,0.041634853696108594,2,4801,0.24013304201755575,0.2598408149836584,146,4762,0.06243673535258212,0.08315729015161785,12,4801,0.08367970141343598,0.104450952492264,20,4773,0.020827547568628035,0.041634853696108594,2,4801,0.2345494187251735,0.2542674054349086,140,4773,0.14781772476261754,0.16813922345080748,58,4801,0.89076,0.9719326384437035,0.29332,0.9602202712820982,0.29362,False,/data/suehara/part/march/datasets/20250711_ilc_nnqq_sgv_10m_3cat_parquet,val5k_tail,15000,proxy
48,48,980000,,lr_3e-6,6.913539231328123e-06,validation_working_point_mistag_percent,1.0355148328452801,min,1.0355148328452801,1.0355148328452801,0.1671541997492687,0.04191993292810731,3.1341413302334336,0.25151959113328964,0.4603473383043672,0.04191993292810731,2.908558336153381,1.2785580013322864,0.04954301433700945,0.07036308778603842,8,4786,0.020958501824625306,0.04189650688207371,2,4771,0.24223316603102923,0.26181363762271537,150,4786,0.06282901869796918,0.08367917812899663,12,4771,0.08809302336404431,0.10882091150086316,22,4779,0.020958501824625306,0.04189650688207371,2,4771,0.23340888165035328,0.25311241375253307,139,4779,0.15274594680755785,0.1731656626691223,61,4771,0.88986,0.971558535324438,0.29518,0.9602202712820982,0.29231,False,/data/suehara/part/march/datasets/20250711_ilc_nnqq_sgv_10m_3cat_parquet,val5k_tail,15000,proxy
48,48,980000,,lr_6e-6,8.774675831249997e-06,validation_working_point_mistag_percent,1.023754857667224,min,1.023754857667224,1.023754857667224,0.12581254253679522,0.020842017507294707,3.124344858812493,0.20842018037555576,0.4613126589202612,0.041684035014589414,3.0404696174569055,1.1671529507138962,0.041923436452338834,0.06283504545052901,6,4769,0.01288079176293968,0.03370978029492246,1,4798,0.24226411276669324,0.26191847556486686,149,4769,0.05626984138075658,0.07702065606086791,10,4798,0.08827743412384276,0.1090483722185346,22,4769,0.020840569306876444,0.041660871855317964,2,4798,0.23895310744023768,0.25864263796428544,145,4769,0.14519630131001604,0.16554756074722843,56,4798,0.89042,0.9717946658679816,0.29354,0.9602202712820982,0.29256,False,/data/suehara/part/march/datasets/20250711_ilc_nnqq_sgv_10m_3cat_parquet,val5k_tail,15000,proxy
48,48,980000,,lr_9e-6,1.023435e-05,validation_working_point_mistag_percent,1.0143263026975569,min,1.0143263026975569,1.0143263026975569,0.12528711311467175,0.0419639110365086,3.1739403303721927,0.2308015062672033,0.4183225213276761,0.0419639110365086,2.907341574261403,1.1749895541642914,0.041748412806382106,0.06257292758036614,6,4789,0.02098048780386294,0.041940435816853715,2,4766,0.24370843971011288,0.2632600304074785,152,4789,0.05984105725525533,0.08072177824929744,11,4766,0.08353989015852403,0.1042766854213146,20,4781,0.02098048780386294,0.041940435816853715,2,4766,0.23331252820760276,0.2530083284751305,139,4781,0.1461664480996168,0.1666510339989151,56,4766,0.88979,0.9722003741596389,0.29247,0.9602202712820982,0.29309,False,/data/suehara/part/march/datasets/20250711_ilc_nnqq_sgv_10m_3cat_parquet,val5k_tail,15000,proxy
49,49,1000000,,lr_14e-6,1.0529610997499996e-05,validation_working_point_mistag_percent,0.9992548580974319,min,0.9992548580974319,0.9992548580974319,0.1672940192388122,0.04184975936388366,3.074027537303413,0.18832391713747645,0.418848167539267,0.04184975936388366,2.8900524576095727,1.1717932472231463,0.04958443541231393,0.07042186212390122,8,4782,0.020923419942392277,0.04182641167487599,2,4779,0.23996980511771723,0.2595917881394547,147,4782,0.053148050276499846,0.07398975575050087,9,4779,0.08364470474582272,0.10440733114132558,20,4775,0.020923419942392277,0.04182641167487599,2,4779,0.23274783979220504,0.25247562356271597,138,4775,0.14577076669722908,0.16620097872141765,56,4779,0.8909,0.9721680513685862,0.29225,0.9602202712820982,0.29351,False,/data/suehara/part/march/datasets/20250711_ilc_nnqq_sgv_10m_3cat_parquet,val5k_tail,15000,proxy
49,49,1000000,,lr_3e-6,6.913539231328123e-06,validation_working_point_mistag_percent,1.0273664186083622,min,1.0273664186083622,1.0273664186083622,0.12615643074012722,0.0419639110365086,3.0698064074760953,0.2517834726679159,0.4985459204108135,0.0419639110365086,2.845866142330652,1.3428451531682752,0.04203799092893485,0.0630066028969911,6,4756,0.02098048780386294,0.041940435816853715,2,4766,0.24043174966425807,0.2601627538433054,146,4756,0.06289487899947895,0.08376679699141558,12,4766,0.09173936899357221,0.11230072064143566,24,4814,0.02098048780386294,0.041940435816853715,2,4766,0.2300360556446005,0.2496224040460484,137,4814,0.1568124300146091,0.1772265918970643,64,4766,0.89014,0.9716539357827161,0.29422,0.9602202712820982,0.29359,False,/data/suehara/part/march/datasets/20250711_ilc_nnqq_sgv_10m_3cat_parquet,val5k_tail,15000,proxy
49,49,1000000,,lr_6e-6,8.774675831249997e-06,validation_working_point_mistag_percent,1.0166559859679272,min,1.0166559859679272,1.0166559859679272,0.16806722689075632,0.041999160016799666,3.130252158538273,0.2519949536410956,0.4985459204108135,0.041999160016799666,2.887411610579216,1.1129776976496635,0.04981349508986605,0.07074688419850257,8,4760,0.020998109827060435,0.04197564534668387,2,4762,0.24271563227588577,0.26240466731018985,149,4760,0.0629476667384676,0.08383702430298542,12,4762,0.09173936899357221,0.11230072064143566,24,4814,0.020998109827060435,0.04197564534668387,2,4762,0.2317341005962363,0.2513031923030574,139,4814,0.1420923617901018,0.16262018973868653,53,4762,0.89062,0.9720090778311636,0.29347,0.9602202712820982,0.29064,False,/data/suehara/part/march/datasets/20250711_ilc_nnqq_sgv_10m_3cat_parquet,val5k_tail,15000,proxy
49,49,1000000,,lr_9e-6,1.023435e-05,validation_working_point_mistag_percent,1.0616738701110058,min,1.0616738701110058,1.0616738701110058,0.14665829181938722,0.041911148365465216,3.1636286969835683,0.2305113189583601,0.4591943373131904,0.041911148365465216,3.026508153979421,1.3830678651031882,0.04591834830099592,0.06680370301980901,7,4773,0.02095411015713718,0.04188773213561382,2,4772,0.24369995879249018,0.2633213962683907,151,4773,0.059765871807038747,0.08062046585019396,11,4772,0.08787274491734096,0.1085492080547831,22,4791,0.02095411015713718,0.04188773213561382,2,4772,0.23787096204622785,0.25747592530336383,145,4791,0.1591655582921238,0.179537203841648,66,4772,0.88937,0.9717546553569334,0.29522,0.9602202712820982,0.29521,False,/data/suehara/part/march/datasets/20250711_ilc_nnqq_sgv_10m_3cat_parquet,val5k_tail,15000,proxy
50,50,1020000,,lr_14e-6,1.0529610997499996e-05,validation_working_point_mistag_percent,1.0704717278409759,min,1.0704717278409759,1.0704717278409759,0.10482180293501048,0.04174493842621582,3.375262090947724,0.25046963055729493,0.48167540960159544,0.02087246921310791,3.015706883377651,1.2732205976692075,0.03754332593357119,0.05845935116814047,5,4770,0.020871016777401427,0.041721707537657575,2,4791,0.25186278899828884,0.271407847872944,161,4770,0.06256695104758252,0.08333052799643173,12,4791,0.09035051323762192,0.11108683007486223,23,4775,0.01289961112322625,0.033759013264623106,1,4791,0.23782249100324504,0.2574976556572316,144,4775,0.15211169754347845,0.17244841681643314,61,4791,0.88916,0.9715864849243303,0.29499,0.9602202712820982,0.291,False,/data/suehara/part/march/datasets/20250711_ilc_nnqq_sgv_10m_3cat_parquet,val5k_tail,15000,proxy
50,50,1020000,,lr_3e-6,6.913539231328123e-06,validation_working_point_mistag_percent,0.9911877618145967,min,0.9911877618145967,0.9911877618145967,0.16732901066722444,0.041884816753926704,3.0955866775842273,0.25130890694813757,0.481171563477187,0.041884816753926704,2.9288703396349525,0.9214659626971917,0.04959480150546654,0.07043657105349366,8,4781,0.02094094619055311,0.04186142993563103,2,4775,0.24084351171646706,0.260460581270067,148,4781,0.0627764296838784,0.08360921490141457,12,4775,0.09025617065754002,0.11097101209317384,23,4780,0.02094094619055311,0.04186142993563103,2,4775,0.2342104996427532,0.2539014135549522,140,4780,0.12836551012752312,0.14891766005692575,44,4775,0.89153,0.9719914610010084,0.29325,0.9602202712820982,0.29107,False,/data/suehara/part/march/datasets/20250711_ilc_nnqq_sgv_10m_3cat_parquet,val5k_tail,15000,proxy
50,50,1020000,,lr_6e-6,8.774675831249997e-06,validation_working_point_mistag_percent,1.0704744456479347,min,1.0704744456479347,1.0704744456479347,0.10482180293501048,0.04174493842621582,3.3962263906498573,0.25046963055729493,0.48167540960159544,0.02087246921310791,2.994764326131188,1.2732205976692075,0.03754332593357119,0.05845935116814047,5,4770,0.020871016777401427,0.041721707537657575,2,4791,0.25264873062755544,0.2721850012563143,162,4770,0.06256695104758252,0.08333052799643173,12,4791,0.09035051323762192,0.11108683007486223,23,4775,0.01289961112322625,0.033759013264623106,1,4791,0.23698481624333315,0.2566687507500737,143,4775,0.15211169754347845,0.17244841681643314,61,4791,0.88916,0.9715827478412168,0.29497,0.9602202712820982,0.29112,False,/data/suehara/part/march/datasets/20250711_ilc_nnqq_sgv_10m_3cat_parquet,val5k_tail,15000,proxy
50,50,1020000,,lr_9e-6,9.7226325e-06,validation_working_point_mistag_percent,0.9964250030533567,min,0.9964250030533567,0.9964250030533567,0.14641288433382138,0.041884816753926704,3.0537545323926722,0.25130890694813757,0.481171563477187,0.041884816753926704,2.991631684563991,0.9633508192031909,0.045841545086336505,0.0666920624914667,7,4781,0.02094094619055311,0.04186142993563103,2,4775,0.23919201024969994,0.2588265755175057,146,4781,0.0627764296838784,0.08360921490141457,12,4775,0.09025617065754002,0.11097101209317384,23,4780,0.02094094619055311,0.04186142993563103,2,4775,0.23674029484478457,0.25640495420510034,143,4780,0.13144283801296408,0.15197744823685858,46,4775,0.89181,0.9721514276549477,0.2925,0.9602202712820982,0.28923,False,/data/suehara/part/march/datasets/20250711_ilc_nnqq_sgv_10m_3cat_parquet,val5k_tail,15000,proxy
51,51,1040000,,lr_14e-6,1.0003130447624996e-05,validation_working_point_mistag_percent,1.08546011016315,min,1.08546011016315,1.08546011016315,0.1669449081803005,0.04187604690117253,3.23455768740181,0.23031825501308403,0.4614093812069035,0.04187604690117253,2.9991609250555284,1.5075376306452293,0.04948101231795033,0.07027510999865957,8,4792,0.020936561876467648,0.04185266987441565,2,4776,0.2459721038459064,0.26548616285029036,155,4792,0.05971585304741607,0.08055306541586643,11,4776,0.08829591767275641,0.10907117059958654,22,4768,0.020936561876467648,0.04185266987441565,2,4776,0.23732799575776864,0.2570389787421152,143,4768,0.16644306260121983,0.18674553792529697,72,4776,0.88853,0.971654834334856,0.29572,0.9602202712820982,0.28726,False,/data/suehara/part/march/datasets/20250711_ilc_nnqq_sgv_10m_3cat_parquet,val5k_tail,15000,proxy
51,51,1040000,,lr_3e-6,6.913539231328123e-06,validation_working_point_mistag_percent,0.9761681818798018,min,0.9761681818798018,0.9761681818798018,0.14690451018544812,0.04176237210273544,3.0430221087610163,0.22969304071023153,0.43914681311326587,0.04176237210273544,2.7603513702881046,1.106702867774878,0.045995409300632256,0.06691571794013411,7,4765,0.02087973240216612,0.041739121808386265,2,4789,0.23915091951391687,0.25885590397229863,145,4765,0.059553868718582564,0.08033479020227151,11,4789,0.08580702628709128,0.10653077840898041,21,4782,0.02087973240216612,0.041739121808386265,2,4789,0.2272230165880844,0.24697616259793526,132,4782,0.1412948973826506,0.16170963522786042,53,4789,0.89076,0.9721204373243211,0.29173,0.9602202712820982,0.29337,False,/data/suehara/part/march/datasets/20250711_ilc_nnqq_sgv_10m_3cat_parquet,val5k_tail,15000,proxy
51,51,1040000,,lr_6e-6,8.335942039687496e-06,validation_working_point_mistag_percent,0.9964432647974235,min,0.9964432647974235,0.9964432647974235,0.1672940192388122,0.04189359028068706,2.864910086320848,0.20946795408146404,0.43933054112817904,0.04189359028068706,2.824267906392257,1.382488430656453,0.04958443541231393,0.07042186212390122,8,4782,0.02094533234125682,0.04187019366469945,2,4774,0.23155544228304903,0.25126486729686176,137,4782,0.056552540008477856,0.0774072131178376,10,4774,0.08584287200126177,0.10657521647148413,21,4780,0.02094533234125682,0.04187019366469945,2,4774,0.22992785527485016,0.24966252677352113,135,4780,0.1590992661399693,0.17946262175074934,66,4774,0.89014,0.9723801473223678,0.29133,0.9602202712820982,0.29263,False,/data/suehara/part/march/datasets/20250711_ilc_nnqq_sgv_10m_3cat_parquet,val5k_tail,15000,proxy
51,51,1040000,,lr_9e-6,9.7226325e-06,validation_working_point_mistag_percent,0.9759614314757571,min,0.9759614314757571,0.9759614314757571,0.14675052035348388,0.04179728317659352,2.997903535171251,0.22988505747126436,0.39740640413968237,0.04179728317659352,2.7609287465022874,1.1912226218149005,0.045947215897046485,0.06684566463982199,7,4770,0.02089718550753811,0.041773993997644004,2,4785,0.23722984312125017,0.2569330904220502,143,4770,0.059603616373245065,0.08040182570986384,11,4785,0.08119705054820095,0.10194259366809463,19,4781,0.02089718550753811,0.041773993997644004,2,4785,0.22726995097170494,0.2470269862389539,132,4781,0.14695532783610532,0.16735180816601236,57,4785,0.89049,0.9724126289474923,0.29089,0.9602202712820982,0.29362,False,/data/suehara/part/march/datasets/20250711_ilc_nnqq_sgv_10m_3cat_parquet,val5k_tail,15000,proxy
52,52,1060000,,lr_14e-6,1.0003130447624996e-05,validation_working_point_mistag_percent,0.9868698583093329,min,0.9868698583093329,0.9868698583093329,0.16722408026755853,0.020868113522537562,3.05183938214409,0.1878130169185322,0.4831932633704839,0.020868113522537562,2.857142857142857,1.1060100395860664,0.04956371622062809,0.070392462686556,8,4784,0.012896919277049088,0.03375197118044048,1,4792,0.2390440998557307,0.25866715546079555,146,4784,0.0530039486824583,0.0737893386170701,9,4792,0.09063472806132444,0.1114357390769467,23,4760,0.012896919277049088,0.03375197118044048,1,4792,0.23174835748033007,0.2515521201952458,136,4760,0.14120684240569692,0.16160909151202094,53,4792,0.89056,0.9723838658950467,0.29086,0.9602202712820982,0.29151,False,/data/suehara/part/march/datasets/20250711_ilc_nnqq_sgv_10m_3cat_parquet,val5k_tail,15000,proxy
52,52,1060000,,lr_3e-6,6.913539231328123e-06,validation_working_point_mistag_percent,1.0024093635725588,min,1.0024093635725588,1.0024093635725588,0.14625992291537876,0.020868113522537562,3.02966983181856,0.20868112990948023,0.4413619210180633,0.020863759649488837,2.774274798658073,1.3772954310888885,0.04579367340945279,0.06662247644902643,7,4786,0.012896919277049088,0.03375197118044048,1,4792,0.23811604291150806,0.25774016245591824,145,4786,0.05634025073646405,0.07711693292497845,10,4792,0.08623916060319756,0.10706649327108068,21,4758,0.0,0.02086375964948884,0,4792,0.22835481732729965,0.24820172848282682,132,4758,0.15850511229491634,0.1787941607019736,66,4792,0.88944,0.9721222982115911,0.29236,0.9602202712820982,0.29507,False,/data/suehara/part/march/datasets/20250711_ilc_nnqq_sgv_10m_3cat_parquet,val5k_tail,15000,proxy
52,52,1060000,,lr_6e-6,8.335942039687496e-06,validation_working_point_mistag_percent,1.0638566228709843,min,1.0638566228709843,1.0638566228709843,0.14656616602715428,0.020990764063811923,3.203517534206566,0.20990764332740255,0.45871559633027525,0.020990764063811923,3.106755614864889,1.343408900083963,0.04588951695587028,0.06676179404854182,7,4776,0.012972718130085084,0.0339502666026711,1,4764,0.24517228227103788,0.2647646969296362,153,4776,0.056671171216586935,0.07756942614181753,10,4764,0.08778128702249346,0.10843639830190546,22,4796,0.012972718130085084,0.0339502666026711,1,4764,0.24091957432477787,0.2604706455652653,149,4796,0.1568778912533389,0.17730038489443684,64,4764,0.88825,0.9718950510594951,0.2936,0.9602202712820982,0.29264,False,/data/suehara/part/march/datasets/20250711_ilc_nnqq_sgv_10m_3cat_parquet,val5k_tail,15000,proxy
52,52,1060000,,lr_9e-6,9.7226325e-06,validation_working_point_mistag_percent,1.0664738809092964,min,1.0664738809092964,1.0664738809092964,0.14656616602715428,0.020990764063811923,3.2244555985130634,0.20990764332740255,0.45871559633027525,0.020990764063811923,3.106755614864889,1.343408900083963,0.04588951695587028,0.06676179404854182,7,4776,0.012972718130085084,0.0339502666026711,1,4764,0.2459795179739252,0.2655631664514685,154,4776,0.056671171216586935,0.07756942614181753,10,4764,0.08778128702249346,0.10843639830190546,22,4796,0.012972718130085084,0.0339502666026711,1,4764,0.24091957432477787,0.2604706455652653,149,4796,0.1568778912533389,0.17730038489443684,64,4764,0.88825,0.9719098933560061,0.29349,0.9602202712820982,0.29151,False,/data/suehara/part/march/datasets/20250711_ilc_nnqq_sgv_10m_3cat_parquet,val5k_tail,15000,proxy
53,53,1080000,,lr_14e-6,1.0003130447624996e-05,validation_working_point_mistag_percent,0.9872603232792733,min,0.9872603232792733,0.9872603232792733,0.1466275659824047,0.0416579879191835,2.974445057287319,0.1874609408699405,0.5040957781978576,0.0416579879191835,2.8565425966397617,1.1455946714185352,0.04590873382811361,0.06678972751775446,7,4774,0.020827547568628035,0.041634853696108594,2,4801,0.23619274181305022,0.2558893093900425,142,4774,0.052904642932874966,0.07365122313044425,9,4801,0.09275872612428898,0.1135465901401656,24,4761,0.020827547568628035,0.041634853696108594,2,4801,0.2317003101244039,0.25150016617517257,136,4761,0.14373147062721678,0.16407899471394016,55,4801,0.89125,0.9720480990306638,0.29196,0.9602202712820982,0.29212,False,/data/suehara/part/march/datasets/20250711_ilc_nnqq_sgv_10m_3cat_parquet,val5k_tail,15000,proxy
53,53,1080000,,lr_3e-6,6.913539231328123e-06,validation_working_point_mistag_percent,0.9808328781747688,min,0.9808328781747688,0.9808328781747688,0.125,0.041884816753926704,3.02083345337047,0.23036649067429793,0.5040957781978576,0.041884816753926704,2.8145348202376717,1.0680628494099995,0.04165277129201827,0.06242969276671103,6,4800,0.02094094619055311,0.04186142993563103,2,4775,0.2374310850677304,0.25700166064226254,145,4800,0.059728349886696695,0.08056990495698713,11,4775,0.09275872612428898,0.1135465901401656,24,4761,0.02094094619055311,0.04186142993563103,2,4775,0.229963564958845,0.24978106400899042,134,4761,0.1388493549208999,0.15934011588102337,51,4775,0.89062,0.9719174864996818,0.29317,0.9602202712820982,0.29443,False,/data/suehara/part/march/datasets/20250711_ilc_nnqq_sgv_10m_3cat_parquet,val5k_tail,15000,proxy
53,53,1080000,,lr_6e-6,8.335942039687496e-06,validation_working_point_mistag_percent,0.9782654355756465,min,0.9782654355756465,0.9782654355756465,0.125,0.041884816753926704,2.9791667211221333,0.2094240837696335,0.5040957781978576,0.041884816753926704,2.8775468491595264,1.0471204188481675,0.04165277129201827,0.06242969276671103,6,4800,0.02094094619055311,0.04186142993563103,2,4775,0.23576723289946006,0.2553551659689589,143,4800,0.05654070419863584,0.07739102912168042,10,4775,0.09275872612428898,0.1135465901401656,24,4761,0.02094094619055311,0.04186142993563103,2,4775,0.23256349186091785,0.2523545264119981,137,4761,0.13739884542037523,0.15789837623325312,50,4775,0.89083,0.97207742347824,0.29238,0.9602202712820982,0.29261,False,/data/suehara/part/march/datasets/20250711_ilc_nnqq_sgv_10m_3cat_parquet,val5k_tail,15000,proxy
53,53,1080000,,lr_9e-6,9.7226325e-06,validation_working_point_mistag_percent,0.9808832393958755,min,0.9808832393958755,0.9808832393958755,0.125,0.041884816753926704,2.9791667211221333,0.2094240837696335,0.5040957781978576,0.041884816753926704,2.8775468491595264,1.0680628494099995,0.04165277129201827,0.06242969276671103,6,4800,0.02094094619055311,0.04186142993563103,2,4775,0.23576723289946006,0.2553551659689589,143,4800,0.05654070419863584,0.07739102912168042,10,4775,0.09275872612428898,0.1135465901401656,24,4761,0.02094094619055311,0.04186142993563103,2,4775,0.23256349186091785,0.2523545264119981,137,4761,0.1388493549208999,0.15934011588102337,51,4775,0.89069,0.9720937038025227,0.29234,0.9602202712820982,0.29243,False,/data/suehara/part/march/datasets/20250711_ilc_nnqq_sgv_10m_3cat_parquet,val5k_tail,15000,proxy
54,54,1100000,,lr_14e-6,1.0003130447624996e-05,validation_working_point_mistag_percent,1.0734546426141445,min,1.0734546426141445,1.0734546426141445,0.14635166400430621,0.04169272461955389,3.491532523507449,0.229309983948721,0.4835996651343871,0.020846362309776944,3.0277543377630534,1.1465498796259088,0.04582238441005386,0.06666421063825757,7,4783,0.02084491350545256,0.04166955180281832,2,4797,0.25585281328583814,0.27529615253710227,167,4783,0.05945462212256364,0.08020105397524915,11,4797,0.09071082092363499,0.11152915194588302,23,4756,0.012883476880352901,0.03371680478268314,1,4797,0.23875949696670928,0.2585081812570281,144,4756,0.143850755044499,0.164214844278748,55,4797,0.88944,0.9718380397492451,0.29461,0.9602202712820982,0.29125,False,/data/suehara/part/march/datasets/20250711_ilc_nnqq_sgv_10m_3cat_parquet,val5k_tail,15000,proxy
54,54,1100000,,lr_3e-6,6.913539231328123e-06,validation_working_point_mistag_percent,1.033957320333156,min,1.033957320333156,1.033957320333156,0.16670139612419255,0.020859407592824362,3.3757032527316104,0.1877346611649472,0.4849251512967804,0.041718815185648725,2.8884672427205436,1.1055486358487,0.04940887248386877,0.07017274690215033,8,4799,0.012891538953639552,0.03373789582221398,1,4794,0.2511456962781853,0.27057248658172023,162,4799,0.052981848533603985,0.07375860153951204,9,4794,0.09095900753506624,0.11183382829693103,23,4743,0.0208579569745134,0.041695613360254534,2,4794,0.23343454414120923,0.2532960672378185,137,4743,0.14114820003335357,0.16154213179459653,53,4794,0.89,0.9718824290822957,0.2936,0.9602202712820982,0.29606,False,/data/suehara/part/march/datasets/20250711_ilc_nnqq_sgv_10m_3cat_parquet,val5k_tail,15000,proxy
54,54,1100000,,lr_6e-6,8.335942039687496e-06,validation_working_point_mistag_percent,1.0264067594969388,min,1.0264067594969388,1.0264067594969388,0.16852749104697703,0.020863759649488837,3.4548135886733817,0.18777384162770946,0.43786489019236363,0.041727519298977674,2.939950075219136,0.9597329102674771,0.04994984601720675,0.07094035676234282,8,4747,0.012894228554087821,0.033744932033583225,1,4793,0.25542473190325043,0.27503096039252495,164,4747,0.05299289630387224,0.07377396687673604,9,4793,0.08555694206135055,0.1062207465694155,21,4796,0.020862308425758556,0.041704307791925035,2,4793,0.23428329917158652,0.25390391624129716,141,4796,0.13095112034458514,0.1514101387242778,46,4793,0.89139,0.9720823852097725,0.29208,0.9602202712820982,0.29419,False,/data/suehara/part/march/datasets/20250711_ilc_nnqq_sgv_10m_3cat_parquet,val5k_tail,15000,proxy
54,54,1100000,,lr_9e-6,9.7226325e-06,validation_working_point_mistag_percent,1.0041559432900173,min,1.0041559432900173,1.0041559432900173,0.1669797537048633,0.041911148365465216,3.0891255812791525,0.1886001652323469,0.48187721527969,0.020955574182732608,2.9960194259419963,1.0477786823338913,0.04949133520857928,0.07028975768199122,8,4791,0.02095411015713718,0.04188773213561382,2,4772,0.24034789262239975,0.25992672173611453,148,4791,0.05322596845991612,0.07409812426647608,9,4772,0.09038830551626759,0.1111332249858682,23,4773,0.012950970550741254,0.033893373410920295,1,4772,0.23708276624928443,0.2567744213497921,143,4773,0.13748485443398245,0.15799699409074464,50,4772,0.89049,0.9718302112104825,0.2926,0.9602202712820982,0.29362,False,/data/suehara/part/march/datasets/20250711_ilc_nnqq_sgv_10m_3cat_parquet,val5k_tail,15000,proxy
55,55,1120000,,lr_14e-6,1.0003130447624996e-05,validation_working_point_mistag_percent,1.0065115605933428,min,1.0065115605933428,1.0065115605933428,0.14647415590289328,0.0419639110365086,2.908558336153381,0.2517834726679159,0.48006678272773395,0.0209819555182543,2.8804006963664035,1.3218631743736524,0.04586072179342854,0.06671993762699603,7,4779,0.02098048780386294,0.041940435816853715,2,4766,0.23340888165035328,0.25311241375253307,139,4779,0.06289487899947895,0.08376679699141558,12,4766,0.09004930890544366,0.1107170606617451,23,4791,0.01296727439079965,0.033936025405895826,1,4766,0.23198069782130631,0.2516466407464273,138,4791,0.15552078817390266,0.17594375305846327,63,4766,0.89062,0.9722455964922257,0.29184,0.9602202712820982,0.29444,False,/data/suehara/part/march/datasets/20250711_ilc_nnqq_sgv_10m_3cat_parquet,val5k_tail,15000,proxy
55,55,1120000,,lr_3e-6,6.567862269761717e-06,validation_working_point_mistag_percent,1.018176026678625,min,1.018176026678625,1.018176026678625,0.1670843776106934,0.041736227045075125,3.1328320727125276,0.22954925459539843,0.4835996651343871,0.020868113522537562,2.8385197736148813,1.2312187291935006,0.04952232973977934,0.0703337373916437,8,4788,0.020866661693008874,0.04171300585030281,2,4792,0.24213342978272948,0.2617062708434099,150,4788,0.05951661244034767,0.08028458688276464,11,4792,0.09071082092363499,0.11152915194588302,23,4756,0.012896919277049088,0.03375197118044048,1,4792,0.23107324233767013,0.25090148712871124,135,4756,0.1494342340532787,0.16978423668301806,59,4792,0.89014,0.971882567691399,0.29383,0.9602202712820982,0.29137,False,/data/suehara/part/march/datasets/20250711_ilc_nnqq_sgv_10m_3cat_parquet,val5k_tail,15000,proxy
55,55,1120000,,lr_6e-6,8.335942039687496e-06,validation_working_point_mistag_percent,0.9809023614020659,min,0.9809023614020659,0.9809023614020659,0.16711928138709004,0.02092487968194183,3.2797158723927993,0.18832391713747645,0.4612159447171435,0.02092487968194183,2.809224282712486,0.8997698335056488,0.049532669878949366,0.07034840952749269,8,4787,0.01293200114484,0.03384374805710697,1,4779,0.24782193679632714,0.26733751077409396,157,4787,0.053148050276499846,0.07398975575050087,9,4779,0.08825895831182677,0.10902558336614915,22,4770,0.01293200114484,0.03384374805710697,1,4779,0.22953517792647404,0.24931751944034625,134,4770,0.12669433672656794,0.14723836608793867,43,4779,0.89188,0.9724992731572527,0.29013,0.9602202712820982,0.2928,False,/data/suehara/part/march/datasets/20250711_ilc_nnqq_sgv_10m_3cat_parquet,val5k_tail,15000,proxy
55,55,1120000,,lr_9e-6,9.7226325e-06,validation_working_point_mistag_percent,0.9756985065452605,min,0.9756985065452605,0.9756985065452605,0.16711928138709004,0.02092487968194183,3.196156185212803,0.18832391713747645,0.4612159447171435,0.02092487968194183,2.8511531310380382,0.8997698335056488,0.049532669878949366,0.07034840952749269,8,4787,0.01293200114484,0.03384374805710697,1,4779,0.2446171398814631,0.26416761763562724,153,4787,0.053148050276499846,0.07398975575050087,9,4779,0.08825895831182677,0.10902558336614915,22,4770,0.01293200114484,0.03384374805710697,1,4779,0.23126877852828465,0.2510335435503629,136,4770,0.12669433672656794,0.14723836608793867,43,4779,0.89174,0.9725111543074286,0.29004,0.9602202712820982,0.29257,False,/data/suehara/part/march/datasets/20250711_ilc_nnqq_sgv_10m_3cat_parquet,val5k_tail,15000,proxy
56,56,1140000,,lr_14e-6,1.0003130447624996e-05,validation_working_point_mistag_percent,1.0739286481406891,min,1.0739286481406891,1.0739286481406891,0.12507817385866166,0.04206983592763988,3.3354178846871996,0.252419022047301,0.4179728317659352,0.02103491796381994,3.051201769190479,1.3462347496844762,0.04167881185532606,0.06246869173283393,6,4797,0.021033442829888737,0.042046242057679414,2,4754,0.2496826300578174,0.2691343107707973,160,4797,0.06305350849187996,0.08397783277555369,12,4754,0.08347015958056497,0.10418976976369673,20,4785,0.013000005530151655,0.03402165225235406,1,4754,0.23899483702009666,0.2586140590544094,146,4785,0.15720601891818958,0.17767027349245498,64,4754,0.88916,0.9720563690008186,0.29379,0.9602202712820982,0.28986,False,/data/suehara/part/march/datasets/20250711_ilc_nnqq_sgv_10m_3cat_parquet,val5k_tail,15000,proxy
56,56,1140000,,lr_3e-6,6.567862269761717e-06,validation_working_point_mistag_percent,1.09636004042908,min,1.09636004042908,1.09636004042908,0.14562096757062648,0.04179728317659352,3.411691234811266,0.2716823319842353,0.505902179225203,0.04179728317659352,3.077571847656061,1.274817195832062,0.045593699417365324,0.0663317938560427,7,4807,0.02089718550753811,0.041773993997644004,2,4785,0.2522866610164168,0.27166615715470965,164,4807,0.06556450341969641,0.08634524627776247,13,4785,0.093090505216201,0.11395208490334839,24,4744,0.02089718550753811,0.041773993997644004,2,4785,0.2410313991931753,0.2608090296802243,146,4744,0.15230141860390728,0.17266296597670885,61,4785,0.8893,0.9716190950582079,0.29565,0.9602202712820982,0.29035,False,/data/suehara/part/march/datasets/20250711_ilc_nnqq_sgv_10m_3cat_parquet,val5k_tail,15000,proxy
56,56,1140000,,lr_6e-6,8.335942039687496e-06,validation_working_point_mistag_percent,1.0863257188733206,min,1.0863257188733206,1.0863257188733206,0.16849199663016007,0.041718815185648725,3.3698400192412437,0.2503128911138924,0.5006257822277848,0.041718815185648725,2.962035920606355,1.355861510795832,0.04993933098883863,0.07092543669672237,8,4748,0.0208579569745134,0.041695613360254534,2,4794,0.2522195014443302,0.27185738734342296,160,4748,0.06252782934450443,0.08327848090191264,12,4794,0.0921213890928003,0.11276763485620908,24,4794,0.0208579569745134,0.041695613360254534,2,4794,0.23522063040708857,0.25484021919616845,142,4794,0.15717557143696098,0.1774650974042044,65,4794,0.88944,0.9714536095958565,0.29574,0.9602202712820982,0.28735,False,/data/suehara/part/march/datasets/20250711_ilc_nnqq_sgv_10m_3cat_parquet,val5k_tail,15000,proxy
56,56,1140000,,lr_9e-6,9.7226325e-06,validation_working_point_mistag_percent,1.0345506947221155,min,1.0345506947221155,1.0345506947221155,0.16704948841094175,0.042078687144961074,3.1739403303721927,0.2524721163855775,0.5006257822277848,0.021039343572480537,2.962035920606355,1.1571638890566296,0.0495119939167952,0.07031907137466124,8,4789,0.021037867817716226,0.042055083346893785,2,4753,0.24370843971011288,0.2632600304074785,152,4789,0.06306676374260034,0.08399546709856598,12,4753,0.0921213890928003,0.11276763485620908,24,4794,0.013002740585216842,0.0340288073317156,1,4753,0.23522063040708857,0.25484021919616845,142,4794,0.14517607090372334,0.16572417191487773,55,4753,0.8909,0.9721762899387884,0.29271,0.9602202712820982,0.28466,False,/data/suehara/part/march/datasets/20250711_ilc_nnqq_sgv_10m_3cat_parquet,val5k_tail,15000,proxy
57,57,1160000,,lr_14e-6,9.502973925243746e-06,validation_working_point_mistag_percent,1.0074963385603064,min,1.0074963385603064,1.0074963385603064,0.16813787305590586,0.04179728317659352,3.2576713609772616,0.22988505747126436,0.41727520361713216,0.04179728317659352,2.774880044424502,1.128526602583199,0.049834423682576554,0.07077658049154655,8,4758,0.02089718550753811,0.041773993997644004,2,4785,0.24770356249033365,0.2673473232424006,155,4758,0.059603616373245065,0.08040182570986384,11,4785,0.08333104706495387,0.10401637239119912,20,4793,0.02089718550753811,0.041773993997644004,2,4785,0.22757958873133832,0.24728134925141204,133,4793,0.1428177872496125,0.16324046729734848,54,4785,0.89083,0.9722288357222925,0.29204,0.9602202712820982,0.29035,False,/data/suehara/part/march/datasets/20250711_ilc_nnqq_sgv_10m_3cat_parquet,val5k_tail,15000,proxy
57,57,1160000,,lr_3e-6,6.567862269761717e-06,validation_working_point_mistag_percent,1.032447859671647,min,1.032447859671647,1.032447859671647,0.1668752607425949,0.041981528127623846,3.295786407533851,0.20990764332740255,0.481372947098923,0.041981528127623846,2.9091670991028264,1.1125104633123295,0.049460379450174646,0.07024583293891602,8,4794,0.020989295116723355,0.04195803319515878,2,4764,0.24825858076019808,0.2677389618239448,158,4794,0.056671171216586935,0.07756942614181753,10,4764,0.09029388403718622,0.11101731029397764,23,4778,0.020989295116723355,0.04195803319515878,2,4764,0.23345708821311886,0.2531644884995857,139,4778,0.14203298179154106,0.1625523897682956,53,4764,0.89056,0.9719913721700322,0.29346,0.9602202712820982,0.29375,False,/data/suehara/part/march/datasets/20250711_ilc_nnqq_sgv_10m_3cat_parquet,val5k_tail,15000,proxy
57,57,1160000,,lr_6e-6,8.335942039687496e-06,validation_working_point_mistag_percent,1.07420891908557,min,1.07420891908557,1.07420891908557,0.16732901066722444,0.04200798151648813,3.4302447077303118,0.21003990488976718,0.4589069728847432,0.04200798151648813,2.9828953237508307,1.260239469728706,0.04959480150546654,0.07043657105349366,8,4781,0.02100251995919585,0.04198445696821873,2,4761,0.25363697808820224,0.27311408192815384,164,4781,0.05670685769336718,0.0776182227048824,10,4761,0.08781784732560376,0.10848149405467897,22,4794,0.02100251995919585,0.04198445696821873,2,4761,0.2360583108075045,0.25566919911375086,143,4794,0.1517393628652549,0.1722096528923467,60,4761,0.88944,0.9718933403878327,0.29429,0.9602202712820982,0.29201,False,/data/suehara/part/march/datasets/20250711_ilc_nnqq_sgv_10m_3cat_parquet,val5k_tail,15000,proxy
57,57,1160000,,lr_9e-6,9.236500874999999e-06,validation_working_point_mistag_percent,1.0031528942361143,min,1.0031528942361143,1.0031528942361143,0.16842105263157894,0.04161464835622139,3.094737008624733,0.24968789013732834,0.481171563477187,0.04161464835622139,2.845188157364485,1.1027881849411594,0.049918314207726626,0.07089561538531806,8,4750,0.02080588079537736,0.04159156223978917,2,4806,0.2415636442197378,0.26130907177515583,147,4750,0.0623718305493114,0.08307094105892768,12,4806,0.09025617065754002,0.11097101209317384,23,4780,0.02080588079537736,0.04159156223978917,2,4806,0.23079117979630873,0.25051709977768555,136,4780,0.14079736608073376,0.16114153575768844,53,4806,0.89097,0.972181076209853,0.29185,0.9602202712820982,0.29024,False,/data/suehara/part/march/datasets/20250711_ilc_nnqq_sgv_10m_3cat_parquet,val5k_tail,15000,proxy
58,58,1180000,,lr_14e-6,9.502973925243746e-06,validation_working_point_mistag_percent,1.0197504971528588,min,1.0197504971528588,1.0197504971528588,0.14656616602715428,0.04193751310547285,3.1825795339851486,0.25162508507359044,0.43832186185129723,0.020968756552736424,2.796910919095673,1.279094141531798,0.04588951695587028,0.06676179404854182,7,4776,0.020967290684483532,0.041914067408548326,2,4769,0.24436214951816665,0.26396333035782066,152,4776,0.0628553462599305,0.08371420366930878,12,4769,0.08564609034022469,0.10633126485880742,21,4791,0.012959117342815208,0.033914685998348654,1,4769,0.22854178646455442,0.24824257491423868,134,4791,0.15280966274494773,0.17323771551236225,61,4769,0.89042,0.9720185558350188,0.29302,0.9602202712820982,0.29117,False,/data/suehara/part/march/datasets/20250711_ilc_nnqq_sgv_10m_3cat_parquet,val5k_tail,15000,proxy
58,58,1180000,,lr_3e-6,6.567862269761717e-06,validation_working_point_mistag_percent,1.068194086426252,min,1.068194086426252,1.068194086426252,0.14647415590289328,0.020846362309776944,3.494454966855239,0.18761726078799248,0.44117646068850214,0.020846362309776944,3.0042017384543875,1.2299353841014486,0.04586072179342854,0.06671993762699603,7,4779,0.012883476880352901,0.03371680478268314,1,4797,0.2560635093137843,0.27552189638203395,167,4779,0.05294873284390229,0.07371254390651678,9,4797,0.08620298323717261,0.10702164466519677,21,4760,0.012883476880352901,0.03371680478268314,1,4797,0.2377214195957253,0.25746340586723404,143,4760,0.14927927244485548,0.16960860325924645,59,4797,0.89014,0.971561785419861,0.29478,0.9602202712820982,0.29056,False,/data/suehara/part/march/datasets/20250711_ilc_nnqq_sgv_10m_3cat_parquet,val5k_tail,15000,proxy
58,58,1180000,,lr_6e-6,8.335942039687496e-06,validation_working_point_mistag_percent,1.0520983241656425,min,1.0520983241656425,1.0520983241656425,0.16796136888515642,0.020885547201336674,3.4012178234380475,0.18796992481203006,0.4388714649571823,0.020885547201336674,3.0094042735551976,1.1695906432748537,0.04978213513962889,0.07070238645411869,8,4763,0.012907693408090577,0.03378015715952037,1,4788,0.25301423016136915,0.27257711105140997,162,4763,0.05304820433769623,0.07385088968962271,9,4788,0.08575331381126287,0.10646419075511825,21,4785,0.012907693408090577,0.03378015715952037,1,4788,0.23733227697281778,0.25696896548568215,144,4785,0.14549808595680885,0.16589082321165316,56,4788,0.89007,0.9721590889033284,0.2921,0.9602202712820982,0.28861,False,/data/suehara/part/march/datasets/20250711_ilc_nnqq_sgv_10m_3cat_parquet,val5k_tail,15000,proxy
58,58,1180000,,lr_9e-6,9.236500874999999e-06,validation_working_point_mistag_percent,1.049499674310302,min,1.049499674310302,1.049499674310302,0.16796136888515642,0.020885547201336674,3.4222128170319004,0.18796992481203006,0.4388714649571823,0.020885547201336674,2.9885055898816906,1.1487051345117831,0.04978213513962889,0.07070238645411869,8,4763,0.012907693408090577,0.03378015715952037,1,4788,0.2537985948365809,0.2733526616329557,163,4763,0.05304820433769623,0.07385088968962271,9,4788,0.08575331381126287,0.10646419075511825,21,4785,0.012907693408090577,0.03378015715952037,1,4788,0.23649627736355183,0.2561416991156924,143,4785,0.14411987021360867,0.16452132976839084,55,4788,0.89014,0.9721686084985167,0.29213,0.9602202712820982,0.28834,False,/data/suehara/part/march/datasets/20250711_ilc_nnqq_sgv_10m_3cat_parquet,val5k_tail,15000,proxy
59,59,1200000,,lr_14e-6,9.502973925243746e-06,validation_working_point_mistag_percent,0.9729059127930261,min,0.9729059127930261,0.9729059127930261,0.10510825881215094,0.041858518208455424,2.922009594977796,0.2302218442647023,0.49989584231984135,0.020929259104227712,2.7702562252405656,1.1929677594164696,0.037645897809872375,0.058618950243033624,5,4757,0.02092779875353912,0.041835160746337426,2,4778,0.23447404446997783,0.25426302737457696,139,4757,0.05969087505040239,0.08051940744205491,11,4778,0.09198732067919567,0.11260377388409779,24,4801,0.01293470765705301,0.03385082849442308,1,4778,0.22720511001003002,0.24687597373488426,133,4801,0.14716956084560967,0.1675951863869613,57,4778,0.89181,0.9722297811686994,0.29082,0.9602202712820982,0.29125,False,/data/suehara/part/march/datasets/20250711_ilc_nnqq_sgv_10m_3cat_parquet,val5k_tail,15000,proxy
59,59,1200000,,lr_3e-6,6.567862269761717e-06,validation_working_point_mistag_percent,1.0151183049322916,min,1.0151183049322916,1.0151183049322916,0.16656256506350198,0.041858518208455424,2.8732042336534613,0.2302218442647023,0.4206098843322818,0.041858518208455424,2.965299713089516,1.3813311626379599,0.049367744085550586,0.0701143874806116,8,4803,0.02092779875353912,0.041835160746337426,2,4778,0.23140865088510965,0.251028465936173,138,4803,0.05969087505040239,0.08051940744205491,11,4778,0.0839959942213437,0.10484519107402147,20,4755,0.02092779875353912,0.041835160746337426,2,4778,0.23627621891971345,0.25605531913647367,141,4755,0.15896684735131547,0.17931364329152114,66,4778,0.89014,0.9715946929597985,0.29525,0.9602202712820982,0.29354,False,/data/suehara/part/march/datasets/20250711_ilc_nnqq_sgv_10m_3cat_parquet,val5k_tail,15000,proxy
59,59,1200000,,lr_6e-6,8.335942039687496e-06,validation_working_point_mistag_percent,0.9638589501170014,min,0.9638589501170014,0.9638589501170014,0.1464435202541024,0.0416579879191835,2.9079498279261866,0.20828993694792566,0.4206098843322818,0.0416579879191835,2.965299713089516,0.9789627425476319,0.04585113143477425,0.06670599714711709,7,4780,0.020827547568628035,0.041634853696108594,2,4801,0.23336069498595263,0.25306036041544655,139,4780,0.05623470265544684,0.07697260772017156,10,4801,0.0839959942213437,0.10484519107402147,20,4755,0.020827547568628035,0.041634853696108594,2,4801,0.23627621891971345,0.25605531913647367,141,4755,0.13223871377418625,0.15265563892366568,47,4801,0.89139,0.9725929619835109,0.28996,0.9602202712820982,0.29273,False,/data/suehara/part/march/datasets/20250711_ilc_nnqq_sgv_10m_3cat_parquet,val5k_tail,15000,proxy
59,59,1200000,,lr_9e-6,8.774675831249999e-06,validation_working_point_mistag_percent,0.970241596469092,min,0.970241596469092,0.970241596469092,0.10510825881215094,0.041858518208455424,2.879966215240078,0.2302218442647023,0.49989584231984135,0.020929259104227712,2.811914294022805,1.1720385397804753,0.037645897809872375,0.058618950243033624,5,4757,0.02092779875353912,0.041835160746337426,2,4778,0.23275649695046266,0.25256315253459233,137,4757,0.05969087505040239,0.08051940744205491,11,4778,0.09198732067919567,0.11260377388409779,24,4801,0.01293470765705301,0.03385082849442308,1,4778,0.22893491342272781,0.24858842688189262,135,4801,0.14580112765868405,0.16623551204460757,56,4778,0.89174,0.972233608633348,0.29077,0.9602202712820982,0.29126,False,/data/suehara/part/march/datasets/20250711_ilc_nnqq_sgv_10m_3cat_parquet,val5k_tail,15000,proxy
60,60,1220000,,lr_14e-6,9.502973925243746e-06,validation_working_point_mistag_percent,0.9732422674324309,min,0.9732422674324309,0.9732422674324309,0.1670843776106934,0.04182350480970305,2.9448621342723857,0.25094102885821834,0.5035669453358318,0.020911752404851526,2.6856903063365505,1.1710580898312128,0.04952232973977934,0.0703337373916437,8,4788,0.020910294496419086,0.041800186403251734,2,4782,0.23466951806112546,0.2543208598212471,141,4788,0.06268461043545809,0.08348706035021525,12,4782,0.09266159364186966,0.1134278756085412,24,4766,0.012923888399800581,0.03382252450584078,1,4782,0.22443465853070887,0.24428542827841793,128,4766,0.14567975962909396,0.16609746477871876,56,4782,0.89083,0.9721324709748541,0.29222,0.9602202712820982,0.29124,False,/data/suehara/part/march/datasets/20250711_ilc_nnqq_sgv_10m_3cat_parquet,val5k_tail,15000,proxy
60,60,1220000,,lr_3e-6,6.567862269761717e-06,validation_working_point_mistag_percent,0.9683097030702392,min,0.9683097030702392,0.9683097030702392,0.14650481747255942,0.020885547201336674,3.0556717316327955,0.22974101482175896,0.5031446540880503,0.04177109440267335,2.725366963492242,1.0233918014504972,0.04587031616481625,0.06673388393475574,7,4778,0.012907693408090577,0.03378015715952037,1,4788,0.23934010373822012,0.2589861921126854,146,4778,0.05956629784535845,0.08035153859740911,11,4788,0.09258403399833694,0.11333308256086554,24,4770,0.020884092944817145,0.04174783439630902,2,4788,0.22602546810442936,0.24584296260188876,130,4770,0.13556586435730117,0.15601965771171092,49,4788,0.89125,0.9719829567367605,0.29208,0.9602202712820982,0.29306,False,/data/suehara/part/march/datasets/20250711_ilc_nnqq_sgv_10m_3cat_parquet,val5k_tail,15000,proxy
60,60,1220000,,lr_6e-6,8.335942039687496e-06,validation_working_point_mistag_percent,1.0516549431975821,min,1.0516549431975821,1.0516549431975821,0.14684287812041116,0.04184100418410042,3.3564085568034736,0.251046018693459,0.4176237263499122,0.04184100418410042,2.9442472707668808,1.2133890864783194,0.04597611981243478,0.06688767900785407,7,4767,0.020919042963256147,0.04181766626207058,2,4780,0.2512297239380082,0.2707949887690686,160,4767,0.06271081708717677,0.08352192521304805,12,4780,0.08340054531296294,0.10410299887412067,20,4789,0.020919042963256147,0.04181766626207058,2,4780,0.2346211710977975,0.2542686670338131,141,4789,0.1484638636850475,0.16887240201538012,58,4780,0.88909,0.9718018265483502,0.29468,0.9602202712820982,0.29322,False,/data/suehara/part/march/datasets/20250711_ilc_nnqq_sgv_10m_3cat_parquet,val5k_tail,15000,proxy
60,60,1220000,,lr_9e-6,8.774675831249999e-06,validation_working_point_mistag_percent,0.960941884905949,min,0.960941884905949,0.960941884905949,0.14665829181938722,0.02083767451552407,2.9331657051093414,0.20837674780544016,0.5037783375314862,0.04167534903104814,2.7078085317082183,1.1252344417271463,0.04591834830099592,0.06680370301980901,7,4773,0.012878107764533887,0.033702758733485744,1,4799,0.2345494187251735,0.2542674054349086,140,4773,0.056258123594067753,0.07700463328358642,10,4799,0.0927004222137759,0.11347533162089805,24,4764,0.020836226918634407,0.0416521955232048,2,4799,0.22541904900151877,0.24526886702282807,129,4764,0.14240307798054108,0.16276756363727482,54,4799,0.89097,0.9721620368998044,0.29116,0.9602202712820982,0.2909,False,/data/suehara/part/march/datasets/20250711_ilc_nnqq_sgv_10m_3cat_parquet,val5k_tail,15000,proxy
61,61,1240000,,lr_14e-6,9.502973925243746e-06,validation_working_point_mistag_percent,0.9814636754945917,min,0.9814636754945917,0.9814636754945917,0.1270378963566471,0.02082899395959175,2.8583528619511,0.20828993694792566,0.457190342942288,0.02082899395959175,2.8886117442853987,1.2705686335541906,0.042331614291375906,0.0634463315226883,6,4723,0.012872743121947704,0.033688724382272744,1,4801,0.23266690557998437,0.2526252659771463,135,4723,0.05623470265544684,0.07697260772017156,10,4801,0.08748989684984038,0.10807697752408113,22,4812,0.012872743121947704,0.033688724382272744,1,4801,0.23182915484328998,0.25140587962873656,139,4812,0.1517965439236428,0.17209201721329925,61,4801,0.89076,0.9720154464694469,0.29184,0.9602202712820982,0.29357,False,/data/suehara/part/march/datasets/20250711_ilc_nnqq_sgv_10m_3cat_parquet,val5k_tail,15000,proxy
61,61,1240000,,lr_3e-6,6.567862269761717e-06,validation_working_point_mistag_percent,1.0363111006766244,min,1.0363111006766244,1.0363111006766244,0.16635475150758994,0.042283298097251586,3.015179993055093,0.23255813953488372,0.479466336175141,0.042283298097251586,3.022722421941581,1.2896405670042028,0.04930617971161267,0.07002703012678627,8,4809,0.021140158905832627,0.042259464212069234,2,4730,0.23699283143072092,0.256529139176636,145,4809,0.06029617264976823,0.08133504048340387,11,4730,0.08993687438811361,0.11057903098122537,23,4797,0.021140158905832627,0.042259464212069234,2,4730,0.23757752991123982,0.2571595546986858,145,4797,0.1540628347671878,0.17465482775304003,61,4730,0.88916,0.9715149842581251,0.29565,0.9602202712820982,0.29184,False,/data/suehara/part/march/datasets/20250711_ilc_nnqq_sgv_10m_3cat_parquet,val5k_tail,15000,proxy
61,61,1240000,,lr_6e-6,8.335942039687496e-06,validation_working_point_mistag_percent,1.0636970814759519,min,1.0636970814759519,1.0636970814759519,0.12484394506866417,0.020785699438786116,3.4540158382405792,0.22864268802525786,0.5297732724630828,0.020785699438786116,2.9667303257932636,1.163999183339196,0.04160078766306563,0.06235184073355923,6,4806,0.012845986812257284,0.033618727585557874,1,4811,0.25388067906650935,0.2732465971802753,166,4806,0.059281734225469514,0.0799680838955332,11,4811,0.09569999182132286,0.11666195230562544,25,4719,0.012845986812257284,0.033618727585557874,1,4811,0.23719726886540504,0.2571266204588557,140,4719,0.1448058477389786,0.16510343744447625,56,4811,0.88951,0.9718506546889305,0.29384,0.9602202712820982,0.29181,False,/data/suehara/part/march/datasets/20250711_ilc_nnqq_sgv_10m_3cat_parquet,val5k_tail,15000,proxy
61,61,1240000,,lr_9e-6,8.774675831249999e-06,validation_working_point_mistag_percent,0.984158419441876,min,0.984158419441876,0.984158419441876,0.1267427122940431,0.02082899395959175,2.8517111093415557,0.20828993694792566,0.47906684888984796,0.02082899395959175,2.999375053919048,1.1664237062234033,0.04223328514590816,0.06329907491896238,6,4734,0.012872743121947704,0.033688724382272744,1,4801,0.23213324831066126,0.2520480482994185,135,4734,0.05623470265544684,0.07697260772017156,10,4801,0.08986207389527628,0.11048720223302277,23,4801,0.012872743121947704,0.033688724382272744,1,4801,0.23655212289109273,0.2561275601546571,144,4801,0.14510600987316086,0.16544485882703988,56,4801,0.89111,0.9720783389370818,0.29159,0.9602202712820982,0.28723,False,/data/suehara/part/march/datasets/20250711_ilc_nnqq_sgv_10m_3cat_parquet,val5k_tail,15000,proxy
62,62,1260000,,lr_14e-6,9.502973925243746e-06,validation_working_point_mistag_percent,1.0217100109832669,min,1.0217100109832669,1.0217100109832669,0.1251564455569462,0.04206983592763988,3.003754578639155,0.18931425924383144,0.4594820296435179,0.02103491796381994,2.9866332712067494,1.3462347496844762,0.04170488499917736,0.06250773945358529,6,4794,0.021033442829888737,0.042046242057679414,2,4754,0.23689280848384134,0.2564949963072546,144,4794,0.053427382547549855,0.07437824931445863,9,4754,0.08792771118793238,0.10861700664066597,22,4788,0.013000005530151655,0.03402165225235406,1,4754,0.23635010810771873,0.25598400526796394,143,4788,0.15720601891818958,0.17767027349245498,64,4754,0.89042,0.9723737228563314,0.2915,0.9602202712820982,0.29346,False,/data/suehara/part/march/datasets/20250711_ilc_nnqq_sgv_10m_3cat_parquet,val5k_tail,15000,proxy
62,62,1260000,,lr_3e-6,6.239469156273631e-06,validation_working_point_mistag_percent,1.0997121768808493,min,1.0997121768808493,1.0997121768808493,0.166631951676734,0.04208754208754209,3.624245046878467,0.23148148148148148,0.48086973321400617,0.04208754208754209,2.9897554480316373,1.220538669589384,0.04938829972223656,0.07014355505265027,8,4801,0.021042294667781625,0.04206392835510013,2,4752,0.26021566503337396,0.27953084831160435,174,4801,0.06001722778030895,0.08095916698439838,11,4752,0.09019965962031003,0.11090163715081974,23,4783,0.021042294667781625,0.04206392835510013,2,4752,0.2365938239856702,0.25624693628347495,143,4783,0.14933422036521715,0.16985997726799898,58,4752,0.88944,0.9716013131937742,0.29639,0.9602202712820982,0.29084,False,/data/suehara/part/march/datasets/20250711_ilc_nnqq_sgv_10m_3cat_parquet,val5k_tail,15000,proxy
62,62,1260000,,lr_6e-6,8.335942039687496e-06,validation_working_point_mistag_percent,1.044641320993156,min,1.044641320993156,1.044641320993156,0.1668752607425949,0.041701417848206836,3.3166457676720915,0.25020851345767964,0.4424778761061947,0.020850708924103418,3.034134124645291,1.0842368985490871,0.049460379450174646,0.07024583293891602,8,4794,0.02084925951549509,0.04167823536796614,2,4796,0.24904889598275567,0.26852057656366957,159,4794,0.06250177537766607,0.08324381894360762,12,4796,0.08645686408315281,0.10733637624826507,21,4746,0.012886163117473504,0.0337238321985975,1,4796,0.23925562887004495,0.2590432277714199,144,4746,0.13967383070814468,0.16006814512796816,52,4796,0.88944,0.9719781739140076,0.2948,0.9602202712820982,0.29192,False,/data/suehara/part/march/datasets/20250711_ilc_nnqq_sgv_10m_3cat_parquet,val5k_tail,15000,proxy
62,62,1260000,,lr_9e-6,8.774675831249999e-06,validation_working_point_mistag_percent,1.0420558964219941,min,1.0420558964219941,1.0420558964219941,0.1251303409228989,0.04169272461955389,3.2325338830390313,0.20846361779294997,0.4426644324505126,0.020846362309776944,3.014334023911236,1.2507817863299948,0.04169619032739298,0.062494718123844835,6,4795,0.02084491350545256,0.04166955180281832,2,4797,0.24582048907170856,0.26532318553147904,155,4795,0.056281564049762756,0.07703668550741276,10,4797,0.08649325490255334,0.1073814890782278,21,4744,0.012883476880352901,0.03371680478268314,1,4797,0.23851219216106112,0.25831647713663725,143,4744,0.15060653864203688,0.17092717985146347,60,4797,0.88965,0.9720472513242767,0.29342,0.9602202712820982,0.29417,False,/data/suehara/part/march/datasets/20250711_ilc_nnqq_sgv_10m_3cat_parquet,val5k_tail,15000,proxy
63,63,1280000,,lr_14e-6,9.027825228981558e-06,validation_working_point_mistag_percent,1.0194105349325784,min,1.0194105349325784,1.0194105349325784,0.16649323621227888,0.04200798151648813,3.0593130526714547,0.23104390130262561,0.4821802765340968,0.021003990758244065,2.935010341347892,1.2182314991175462,0.04934720555243737,0.0700852441557614,8,4805,0.02100251995919585,0.04198445696821873,2,4761,0.23883715884123574,0.2583713605826415,147,4805,0.05990385644913622,0.08080639996096298,11,4761,0.090445053250909,0.1112028900593344,23,4770,0.012980892314341748,0.03397165082305312,1,4761,0.2346949701256273,0.2544245821641183,140,4770,0.14905335211003873,0.1695412851365076,58,4761,0.88986,0.972236217835531,0.29297,0.9602202712820982,0.29091,False,/data/suehara/part/march/datasets/20250711_ilc_nnqq_sgv_10m_3cat_parquet,val5k_tail,15000,proxy
63,63,1280000,,lr_3e-6,6.239469156273631e-06,validation_working_point_mistag_percent,1.00283038911369,min,1.00283038911369,1.00283038911369,0.16732901066722444,0.0416579879191835,2.907341574261403,0.20828993694792566,0.4417332800758582,0.0416579879191835,2.86074878798709,1.3538845471316514,0.04959480150546654,0.07043657105349366,8,4781,0.020827547568628035,0.041634853696108594,2,4801,0.23331252820760276,0.2530083284751305,139,4781,0.05623470265544684,0.07697260772017156,10,4801,0.0863116065080681,0.10715630334203648,21,4754,0.020827547568628035,0.041634853696108594,2,4801,0.23203706048533812,0.25186429546196104,136,4754,0.15694770849248013,0.17720848125075875,65,4801,0.89007,0.9719222412209528,0.29314,0.9602202712820982,0.2916,False,/data/suehara/part/march/datasets/20250711_ilc_nnqq_sgv_10m_3cat_parquet,val5k_tail,15000,proxy
63,63,1280000,,lr_6e-6,8.335942039687496e-06,validation_working_point_mistag_percent,1.0854519126628974,min,1.0854519126628974,1.0854519126628974,0.16782043213761275,0.041884816753926704,3.4403187817357477,0.25130890694813757,0.4589069728847432,0.020942408376963352,2.9411764705882355,1.3612565118778126,0.0497403832424323,0.07064314312828063,8,4767,0.02094094619055311,0.04186142993563103,2,4775,0.25437007377694526,0.273900141369722,164,4767,0.0627764296838784,0.08360921490141457,12,4775,0.08781784732560376,0.10848149405467897,22,4794,0.012942833995247701,0.033872087593079796,1,4775,0.23437973469873294,0.2540080239706463,141,4794,0.15779740478604978,0.17816538780761493,65,4775,0.88881,0.9714573886633789,0.29644,0.9602202712820982,0.28999,False,/data/suehara/part/march/datasets/20250711_ilc_nnqq_sgv_10m_3cat_parquet,val5k_tail,15000,proxy
63,63,1280000,,lr_9e-6,8.774675831249999e-06,validation_working_point_mistag_percent,1.0220120023082773,min,1.0220120023082773,1.0220120023082773,0.16649323621227888,0.04200798151648813,3.080124791677046,0.23104390130262561,0.4821802765340968,0.021003990758244065,2.935010341347892,1.2182314991175462,0.04934720555243737,0.0700852441557614,8,4805,0.02100251995919585,0.04198445696821873,2,4761,0.2396574417945097,0.2591829828390669,148,4805,0.05990385644913622,0.08080639996096298,11,4761,0.090445053250909,0.1112028900593344,23,4770,0.012980892314341748,0.03397165082305312,1,4761,0.2346949701256273,0.2544245821641183,140,4770,0.14905335211003873,0.1695412851365076,58,4761,0.88993,0.9722407691041797,0.29293,0.9602202712820982,0.29101,False,/data/suehara/part/march/datasets/20250711_ilc_nnqq_sgv_10m_3cat_parquet,val5k_tail,15000,proxy
64,64,1300000,,lr_14e-6,9.027825228981558e-06,validation_working_point_mistag_percent,1.0027259167971645,min,1.0027259167971645,1.0027259167971645,0.14684287812041116,0.041701417848206836,3.062722940430866,0.25020851345767964,0.502828409805154,0.020850708924103418,2.9541169996843535,1.0425354661065414,0.04597611981243478,0.06688767900785407,7,4767,0.02084925951549509,0.04167823536796614,2,4796,0.23988468517645545,0.2595731403415097,146,4767,0.06250177537766607,0.08324381894360762,12,4796,0.09252594941786627,0.11326209168439107,24,4773,0.012886163117473504,0.0337238321985975,1,4796,0.23539712020806297,0.25510632971472263,141,4773,0.13679978224343717,0.15721148312056646,50,4796,0.89111,0.9722656005721501,0.29122,0.9602202712820982,0.29016,False,/data/suehara/part/march/datasets/20250711_ilc_nnqq_sgv_10m_3cat_parquet,val5k_tail,15000,proxy
64,64,1300000,,lr_3e-6,6.239469156273631e-06,validation_working_point_mistag_percent,1.0210205290934384,min,1.0210205290934384,1.0210205290934384,0.14684287812041116,0.041701417848206836,3.062722940430866,0.25020851345767964,0.502828409805154,0.041701417848206836,3.0379217566878975,1.0842368985490871,0.04597611981243478,0.06688767900785407,7,4767,0.02084925951549509,0.04167823536796614,2,4796,0.23988468517645545,0.2595731403415097,146,4767,0.06250177537766607,0.08324381894360762,12,4796,0.09252594941786627,0.11326209168439107,24,4773,0.02084925951549509,0.04167823536796614,2,4796,0.23875562222785385,0.2584297229222102,145,4773,0.13967383070814468,0.16006814512796816,52,4796,0.89139,0.9721201374012035,0.29187,0.9602202712820982,0.2925,False,/data/suehara/part/march/datasets/20250711_ilc_nnqq_sgv_10m_3cat_parquet,val5k_tail,15000,proxy
64,64,1300000,,lr_6e-6,7.91914493770312e-06,validation_working_point_mistag_percent,1.0699670586006138,min,1.0699670586006138,1.0699670586006138,0.14659685301723865,0.04183225266680611,3.28795809679624,0.20916126066383806,0.4602510607173093,0.020916126333403055,3.0334726459904418,1.3595481726196341,0.045899123380580886,0.06677575786188795,7,4775,0.020914667814981247,0.04180892450562669,2,4781,0.24843534591900313,0.26799650248718543,157,4775,0.05646979324728247,0.07729406708110349,10,4781,0.08807462465455075,0.10879821760747896,22,4780,0.01292659151692404,0.033829596064672514,1,4781,0.23841080718373342,0.2580579635094612,145,4780,0.15760050549600263,0.17794364718915612,65,4781,0.88895,0.9720454975049493,0.29396,0.9602202712820982,0.29123,False,/data/suehara/part/march/datasets/20250711_ilc_nnqq_sgv_10m_3cat_parquet,val5k_tail,15000,proxy
64,64,1300000,,lr_9e-6,8.774675831249999e-06,validation_working_point_mistag_percent,0.9948625952272017,min,0.9948625952272017,0.9948625952272017,0.14684287812041116,0.041701417848206836,3.020767662446176,0.25020851345767964,0.502828409805154,0.020850708924103418,2.9331657051093414,1.0425354661065414,0.04597611981243478,0.06688767900785407,7,4767,0.02084925951549509,0.04167823536796614,2,4796,0.23821612223886396,0.25792217602305967,144,4767,0.06250177537766607,0.08324381894360762,12,4796,0.09252594941786627,0.11326209168439107,24,4773,0.012886163117473504,0.0337238321985975,1,4796,0.2345494187251735,0.2542674054349086,140,4773,0.13679978224343717,0.15721148312056646,50,4796,0.89125,0.9722738265811054,0.29118,0.9602202712820982,0.29025,False,/data/suehara/part/march/datasets/20250711_ilc_nnqq_sgv_10m_3cat_parquet,val5k_tail,15000,proxy
65,65,1320000,,lr_14e-6,9.027825228981558e-06,validation_working_point_mistag_percent,0.9776705139262198,min,0.9776705139262198,0.9776705139262198,0.16725904244198203,0.04195510803440319,3.0106626871184328,0.188797978902886,0.45967404637941106,0.020977554017201593,2.9460926320374763,0.9859450624779648,0.04957407365160625,0.07040715933620409,8,4783,0.020976086918577042,0.0419316426618512,2,4767,0.23743015809031648,0.25707452984451534,144,4783,0.053281764328474396,0.07417572490475176,9,4767,0.08796439358691616,0.1086622527683199,22,4786,0.01296455423406401,0.033928909286909135,1,4767,0.23476627176966353,0.25442530967625215,141,4786,0.13317812449048558,0.15373771130306624,47,4767,0.89181,0.9723361536612045,0.29049,0.9602202712820982,0.29103,False,/data/suehara/part/march/datasets/20250711_ilc_nnqq_sgv_10m_3cat_parquet,val5k_tail,15000,proxy
65,65,1320000,,lr_3e-6,6.239469156273631e-06,validation_working_point_mistag_percent,1.0367050449672812,min,1.0367050449672812,1.0367050449672812,0.12615643074012722,0.020859407592824362,3.364171529576801,0.2294534864423716,0.4178854940439393,0.041718815185648725,2.9669871968997303,1.1264079992568072,0.04203799092893485,0.0630066028969911,6,4756,0.012891538953639552,0.03373789582221398,1,4794,0.25180180441895655,0.2714090478191031,160,4756,0.05949180080752005,0.08025115284776159,11,4794,0.08345274512094308,0.10416806348343602,20,4786,0.0208579569745134,0.041695613360254534,2,4794,0.23560851344927997,0.2552588217653248,142,4786,0.14255091167863532,0.16293614295704514,54,4794,0.89,0.9715790964761862,0.29504,0.9602202712820982,0.29601,False,/data/suehara/part/march/datasets/20250711_ilc_nnqq_sgv_10m_3cat_parquet,val5k_tail,15000,proxy
65,65,1320000,,lr_6e-6,7.91914493770312e-06,validation_working_point_mistag_percent,1.0131296684324245,min,1.0131296684324245,1.0131296684324245,0.12615643074012722,0.020859407592824362,3.2590412803731668,0.2294534864423716,0.4178854940439393,0.020859407592824362,2.9460926320374763,1.0846892086366657,0.04203799092893485,0.0630066028969911,6,4756,0.012891538953639552,0.03373789582221398,1,4794,0.24780617215096507,0.26745761582928973,155,4756,0.05949180080752005,0.08025115284776159,11,4794,0.08345274512094308,0.10416806348343602,20,4786,0.012891538953639552,0.03373789582221398,1,4794,0.23476627176966353,0.25442530967625215,141,4786,0.1397318420001497,0.16013447424422617,52,4794,0.88993,0.9717115443274204,0.2945,0.9602202712820982,0.29127,False,/data/suehara/part/march/datasets/20250711_ilc_nnqq_sgv_10m_3cat_parquet,val5k_tail,15000,proxy
65,65,1320000,,lr_9e-6,8.774675831249999e-06,validation_working_point_mistag_percent,0.9916429201498024,min,0.9916429201498024,0.9916429201498024,0.1260239445494644,0.04179728317659352,3.0875865227149806,0.22988505747126436,0.459290173260518,0.020894274968658588,2.943632663964878,1.0240334410920606,0.0419938575059094,0.06294050851617843,6,4761,0.02089718550753811,0.041773993997644004,2,4785,0.24101338021355057,0.26071619976774585,147,4761,0.059603616373245065,0.08040182570986384,11,4785,0.08789105937019254,0.10857179817716751,22,4790,0.0,0.020894274968658588,0,4785,0.23457284404535608,0.25421649565552096,141,4790,0.13565050450407706,0.1561168507481947,49,4785,0.89021,0.9719226062908911,0.29314,0.9602202712820982,0.2911,False,/data/suehara/part/march/datasets/20250711_ilc_nnqq_sgv_10m_3cat_parquet,val5k_tail,15000,proxy
66,66,1340000,,lr_14e-6,9.027825228981558e-06,validation_working_point_mistag_percent,1.0275867609314921,min,1.0275867609314921,1.0275867609314921,0.14625992291537876,0.04193751310547285,3.050564067617361,0.25162508507359044,0.5019870448185977,0.020968756552736424,2.9282575558370003,1.279094141531798,0.04579367340945279,0.06662247644902643,7,4786,0.020967290684483532,0.041914067408548326,2,4769,0.23894559447805927,0.25856098443192527,146,4786,0.0628553462599305,0.08371420366930878,12,4769,0.09237141291402011,0.11307321674839857,24,4781,0.012959117342815208,0.033914685998348654,1,4769,0.2341621625466198,0.2538492149570436,140,4781,0.15280966274494773,0.17323771551236225,61,4769,0.88979,0.9721166587085732,0.29328,0.9602202712820982,0.29265,False,/data/suehara/part/march/datasets/20250711_ilc_nnqq_sgv_10m_3cat_parquet,val5k_tail,15000,proxy
66,66,1340000,,lr_3e-6,6.239469156273631e-06,validation_working_point_mistag_percent,1.0433040245782739,min,1.0433040245782739,1.0433040245782739,0.14635166400430621,0.041928721174004195,3.177921745568174,0.25157232704402516,0.41814761677679496,0.041928721174004195,2.9897554480316373,1.2788259528532449,0.04582238441005386,0.06666421063825757,7,4783,0.020962895333354704,0.0419052853056146,2,4770,0.2440097169387534,0.26358416434410503,152,4783,0.06284217972148852,0.08369668723477958,12,4770,0.08350501031253918,0.10423320947386666,20,4783,0.020962895333354704,0.0419052853056146,2,4770,0.2365938239856702,0.25624693628347495,143,4783,0.15277779813340742,0.1732016815977514,61,4770,0.89021,0.9719207618234291,0.29405,0.9602202712820982,0.29206,False,/data/suehara/part/march/datasets/20250711_ilc_nnqq_sgv_10m_3cat_parquet,val5k_tail,15000,proxy
66,66,1340000,,lr_6e-6,7.91914493770312e-06,validation_working_point_mistag_percent,1.023443461100043,min,1.023443461100043,1.023443461100043,0.16789087093389296,0.020868113522537562,3.189926537528979,0.22954925459539843,0.5021971123666039,0.020868113522537562,2.8876332992992744,1.1686143870311192,0.04976125043311323,0.07067275237565045,8,4765,0.012896919277049088,0.03375197118044048,1,4792,0.2449180329828493,0.2645613705624786,152,4765,0.05951661244034767,0.08028458688276464,11,4792,0.09240999862514965,0.11312037640240202,24,4779,0.012896919277049088,0.03375197118044048,1,4792,0.23255557916586378,0.2522678664478268,138,4779,0.1453772216900205,0.1657533475580522,56,4792,0.88979,0.9718969567337264,0.2937,0.9602202712820982,0.2934,False,/data/suehara/part/march/datasets/20250711_ilc_nnqq_sgv_10m_3cat_parquet,val5k_tail,15000,proxy
66,66,1340000,,lr_9e-6,8.774675831249999e-06,validation_working_point_mistag_percent,1.030229785884969,min,1.030229785884969,1.030229785884969,0.14635166400430621,0.041928721174004195,3.198829139505029,0.25157232704402516,0.41814761677679496,0.020964360587002098,2.8852185051353443,1.2788259528532449,0.04582238441005386,0.06666421063825757,7,4783,0.020962895333354704,0.0419052853056146,2,4770,0.24481871882983985,0.26438442569158627,153,4783,0.06284217972148852,0.08369668723477958,12,4770,0.08350501031253918,0.10423320947386666,20,4783,0.012956400606867183,0.03390757882502396,1,4770,0.2323636358178359,0.2520604508336702,138,4783,0.15277779813340742,0.1732016815977514,61,4770,0.89007,0.9720897882299511,0.29332,0.9602202712820982,0.2899,False,/data/suehara/part/march/datasets/20250711_ilc_nnqq_sgv_10m_3cat_parquet,val5k_tail,15000,proxy
67,67,1360000,,lr_14e-6,8.57643396753248e-06,validation_working_point_mistag_percent,1.1042971007053297,min,1.1042971007053297,1.1042971007053297,0.14650481747255942,0.04177982034677251,3.537044695424674,0.18800918197186564,0.46111927105779293,0.020889910173386254,3.1020748580988666,1.3369542510967203,0.04587031616481625,0.06673388393475574,7,4778,0.02088845530916811,0.04175655062230647,2,4787,0.25765179146217954,0.2770964264114939,169,4778,0.05305927980117917,0.07386629350562336,9,4787,0.08824049023185149,0.10900280403645796,22,4771,0.012910389754171756,0.03378721101140925,1,4787,0.24134117836171962,0.26099663727342065,148,4771,0.15612837076653327,0.17645545754552372,64,4787,0.88735,0.9711529172559823,0.29769,0.9602202712820982,0.29034,False,/data/suehara/part/march/datasets/20250711_ilc_nnqq_sgv_10m_3cat_parquet,val5k_tail,15000,proxy
67,67,1360000,,lr_3e-6,6.239469156273631e-06,validation_working_point_mistag_percent,1.0012590829649841,min,1.0012590829649841,1.0012590829649841,0.14610728076907506,0.04195510803440319,3.151742785932674,0.2307530882802388,0.4395144524176782,0.04195510803440319,2.9091670991028264,1.0488777411485737,0.04574590161165752,0.06655303546621015,7,4791,0.020976086918577042,0.0419316426618512,2,4767,0.24279755075699744,0.2623502457272886,151,4791,0.05982851321342246,0.08070487517055787,11,4767,0.08587874767675423,0.10661969162268914,21,4778,0.020976086918577042,0.0419316426618512,2,4767,0.23345708821311886,0.2531644884995857,139,4778,0.1376284423208687,0.15816163120473628,50,4767,0.89049,0.9720572776691728,0.293,0.9602202712820982,0.29272,False,/data/suehara/part/march/datasets/20250711_ilc_nnqq_sgv_10m_3cat_parquet,val5k_tail,15000,proxy
67,67,1360000,,lr_6e-6,7.91914493770312e-06,validation_working_point_mistag_percent,0.9542436148038465,min,0.9542436148038465,0.9542436148038465,0.166631951676734,0.04194630872483222,2.999375053919048,0.16778523489932887,0.44052863436123346,0.02097315436241611,2.706104539680721,1.0906040408064572,0.04938829972223656,0.07014355505265027,8,4801,0.02097168787917094,0.04192285319318862,2,4768,0.23655212289109273,0.2561275601546571,144,4801,0.04972995620864517,0.07062834780650663,8,4768,0.0860766011331129,0.1068649699945386,21,4767,0.012961835218308444,0.03392179615168549,1,4768,0.22527891479586815,0.24511695822362867,129,4767,0.14049039756438095,0.16100178191042983,52,4768,0.89104,0.9723670403822956,0.29,0.9542436148038465,0.29056,False,/data/suehara/part/march/datasets/20250711_ilc_nnqq_sgv_10m_3cat_parquet,val5k_tail,15000,proxy
67,67,1360000,,lr_9e-6,8.335942039687497e-06,validation_working_point_mistag_percent,0.9907692403602228,min,0.9907692403602228,0.9907692403602228,0.14610728076907506,0.04195510803440319,3.17261527997473,0.2097755348002171,0.4395144524176782,0.020977554017201593,2.867308554509806,1.0279001583586722,0.04574590161165752,0.06655303546621015,7,4791,0.020976086918577042,0.0419316426618512,2,4767,0.24360817916696323,0.26315216275611464,152,4791,0.056635529627588374,0.0775206908942948,10,4767,0.08587874767675423,0.10661969162268914,21,4778,0.01296455423406401,0.033928909286909135,1,4767,0.23174677762241963,0.25147169559803056,137,4778,0.13616057314346908,0.15670256133690758,49,4767,0.89021,0.9722203110247271,0.29229,0.9542436148038465,0.29042,False,/data/suehara/part/march/datasets/20250711_ilc_nnqq_sgv_10m_3cat_parquet,val5k_tail,15000,proxy
68,68,1380000,,lr_14e-6,8.57643396753248e-06,validation_working_point_mistag_percent,1.007115306092452,min,1.007115306092452,1.007115306092452,0.16701461377870563,0.04184100418410042,3.235908232158739,0.23012553035865466,0.48258497537480854,0.02092050209205021,2.8115819449299146,1.066945645862643,0.04950166240729509,0.07030441147271829,8,4790,0.020919042963256147,0.04181766626207058,2,4780,0.24607328426773517,0.26559492561945147,155,4790,0.059665917940263734,0.08048577758342926,11,4780,0.0905208278302718,0.11129591279904891,23,4766,0.012929295765033856,0.0338366705811426,1,4780,0.22972537501200624,0.24952332674708297,134,4766,0.1387047485300611,0.15917454748145404,51,4780,0.89035,0.9720822779154888,0.29309,0.9542436148038465,0.29055,False,/data/suehara/part/march/datasets/20250711_ilc_nnqq_sgv_10m_3cat_parquet,val5k_tail,15000,proxy
68,68,1380000,,lr_3e-6,6.239469156273631e-06,validation_working_point_mistag_percent,1.043351802678448,min,1.043351802678448,1.043351802678448,0.14659685301723865,0.041911148365465216,3.3298429412477906,0.16764459346186086,0.4802672776512222,0.041911148365465216,2.965128320095049,1.173512139223492,0.045899123380580886,0.06677575786188795,7,4775,0.02095411015713718,0.04188773213561382,2,4772,0.25002472767948825,0.2695683445421614,159,4775,0.0496882917530497,0.07056922844131211,8,4772,0.0900868495746404,0.110763147161621,23,4789,0.02095411015713718,0.04188773213561382,2,4772,0.23546290753486998,0.2551016848128262,142,4789,0.14598355933755272,0.16644301370410067,56,4772,0.89021,0.9716854341087343,0.29342,0.9542436148038465,0.28988,False,/data/suehara/part/march/datasets/20250711_ilc_nnqq_sgv_10m_3cat_parquet,val5k_tail,15000,proxy
68,68,1380000,,lr_6e-6,7.91914493770312e-06,validation_working_point_mistag_percent,1.0309307251915556,min,1.0309307251915556,1.0309307251915556,0.14635166400430621,0.041788549937317176,3.219736608094737,0.2507312932288242,0.48248375475077465,0.020894274968658588,2.7900146374020798,1.2954450191457467,0.04582238441005386,0.06666421063825757,7,4783,0.020892819496360855,0.04176527048865778,2,4786,0.24562482812062747,0.265181794438768,154,4783,0.06263226278711677,0.08341741787396706,12,4786,0.0905018722848005,0.11127264252708416,23,4767,0.012913087226991995,0.033794267809833585,1,4786,0.22880521345409188,0.24860805964356872,133,4767,0.1535775415608594,0.17392621712047657,62,4786,0.88965,0.9717996194309335,0.29482,0.9542436148038465,0.28795,False,/data/suehara/part/march/datasets/20250711_ilc_nnqq_sgv_10m_3cat_parquet,val5k_tail,15000,proxy
68,68,1380000,,lr_9e-6,8.335942039687497e-06,validation_working_point_mistag_percent,1.0058910172145066,min,1.0058910172145066,1.0058910172145066,0.14705882352941177,0.04160599126274184,3.0672267481866795,0.2288329519450801,0.48228140534222913,0.02080299563137092,2.977563435252046,1.0817557865664933,0.04604370390912872,0.06698591822396618,7,4760,0.020801552849157405,0.04158291474963047,2,4807,0.24023252875773754,0.259948039410644,146,4760,0.059331028082268505,0.08003450855150933,11,4807,0.09046398500010093,0.11122613116332417,23,4769,0.012856675977753477,0.03364669137058569,1,4807,0.23643702604373812,0.2561529323621917,142,4769,0.13935562761571654,0.1597043148982331,52,4807,0.88979,0.9720665196317565,0.29349,0.9542436148038465,0.28934,False,/data/suehara/part/march/datasets/20250711_ilc_nnqq_sgv_10m_3cat_parquet,val5k_tail,15000,proxy
69,69,1400000,,lr_14e-6,8.57643396753248e-06,validation_working_point_mistag_percent,0.994190650981129,min,0.994190650981129,0.994190650981129,0.12502605027338384,0.04181476061049551,3.0631380783010465,0.18816641794490205,0.42069836467761684,0.020907380305247754,2.7766091355761944,1.3171650201601457,0.041661447863497576,0.062442687010542085,6,4799,0.020905923006422064,0.04179145195265513,2,4783,0.23913160004830694,0.2586886258175637,147,4799,0.05310362794068574,0.0739279730816776,9,4783,0.08401363616634487,0.10486718049472496,20,4754,0.012921186412954123,0.03381545590279305,1,4783,0.22854454758513415,0.2484071725394041,132,4754,0.15497107674798655,0.17532343253426116,63,4783,0.88902,0.9720068740071407,0.29274,0.9542436148038465,0.28737,False,/data/suehara/part/march/datasets/20250711_ilc_nnqq_sgv_10m_3cat_parquet,val5k_tail,15000,proxy
69,69,1400000,,lr_3e-6,5.927495698459949e-06,validation_working_point_mistag_percent,1.0073549330262581,min,1.0073549330262581,1.0073549330262581,0.12502605027338384,0.04181476061049551,3.0214629632660532,0.18816641794490205,0.42069836467761684,0.04181476061049551,2.8817838072912614,1.3380723395358562,0.041661447863497576,0.062442687010542085,6,4799,0.020905923006422064,0.04179145195265513,2,4783,0.23747987995791087,0.2570542704559309,145,4799,0.05310362794068574,0.0739279730816776,9,4783,0.08401363616634487,0.10486718049472496,20,4754,0.020905923006422064,0.04179145195265513,2,4783,0.2329014610679983,0.2527198485502098,137,4754,0.15625820728243714,0.17660182252510587,64,4783,0.88986,0.9718448353283146,0.29342,0.9542436148038465,0.2896,False,/data/suehara/part/march/datasets/20250711_ilc_nnqq_sgv_10m_3cat_parquet,val5k_tail,15000,proxy
69,69,1400000,,lr_6e-6,7.91914493770312e-06,validation_working_point_mistag_percent,0.9692456329429765,min,0.9692456329429765,0.9692456329429765,0.1257334483127245,0.020807324178110695,2.996647199159571,0.16645859342488556,0.4623791657321273,0.020807324178110695,2.8583438236171226,1.1027881849411594,0.04189708940998368,0.06279558786165082,6,4772,0.012859351049228083,0.03365368958711945,1,4806,0.2371317716123197,0.25682728927076126,143,4772,0.04933694269305103,0.0700706815765855,8,4806,0.08848117976265409,0.10929967980429994,22,4758,0.012859351049228083,0.03365368958711945,1,4806,0.23184451198104833,0.2516560926316261,136,4758,0.14079736608073376,0.16114153575768844,53,4806,0.89069,0.9721971332329641,0.29048,0.9542436148038465,0.28929,False,/data/suehara/part/march/datasets/20250711_ilc_nnqq_sgv_10m_3cat_parquet,val5k_tail,15000,proxy
69,69,1400000,,lr_9e-6,8.335942039687497e-06,validation_working_point_mistag_percent,0.9968200154059093,min,0.9968200154059093,0.9968200154059093,0.12502605027338384,0.04181476061049551,3.0631380783010465,0.18816641794490205,0.4417332800758582,0.020907380305247754,2.7766091355761944,1.3171650201601457,0.041661447863497576,0.062442687010542085,6,4799,0.020905923006422064,0.04179145195265513,2,4783,0.23913160004830694,0.2586886258175637,147,4799,0.05310362794068574,0.0739279730816776,9,4783,0.0863116065080681,0.10715630334203648,21,4754,0.012921186412954123,0.03381545590279305,1,4783,0.22854454758513415,0.2484071725394041,132,4754,0.15497107674798655,0.17532343253426116,63,4783,0.8893,0.9720078146940921,0.29272,0.9542436148038465,0.28744,False,/data/suehara/part/march/datasets/20250711_ilc_nnqq_sgv_10m_3cat_parquet,val5k_tail,15000,proxy
70,70,1420000,,lr_14e-6,8.57643396753248e-06,validation_working_point_mistag_percent,0.9884151037296766,min,0.9884151037296766,0.9884151037296766,0.145985401459854,0.041911148365465216,3.1699686871512722,0.1886001652323469,0.41937513642202284,0.020955574182732608,2.914657130521923,1.005867586501796,0.045707755876486116,0.06649758681832936,7,4795,0.02095411015713718,0.04188773213561382,2,4772,0.24340790526954717,0.2629366922931441,152,4795,0.05322596845991612,0.07409812426647608,9,4772,0.08374978267679539,0.10453830463442448,20,4769,0.012950970550741254,0.033893373410920295,1,4772,0.23389184474127722,0.2536341268541364,139,4769,0.1345367568375869,0.15506645825775403,48,4772,0.89,0.9726066871929525,0.29089,0.9542436148038465,0.28846,False,/data/suehara/part/march/datasets/20250711_ilc_nnqq_sgv_10m_3cat_parquet,val5k_tail,15000,proxy
70,70,1420000,,lr_3e-6,5.927495698459949e-06,validation_working_point_mistag_percent,1.0226079659348701,min,1.0226079659348701,1.0226079659348701,0.1677500524218914,0.04187604690117253,3.22918844196314,0.25125628140703515,0.48006678272773395,0.04187604690117253,2.984762957259015,0.9840871178977991,0.049719533545559705,0.07061355868081258,8,4769,0.020936561876467648,0.04185266987441565,2,4776,0.24633523329481988,0.2659456364356494,154,4769,0.06276329618306728,0.08359174237046238,12,4776,0.09004930890544366,0.1107170606617451,23,4791,0.020936561876467648,0.04185266987441565,2,4776,0.23620411936706373,0.2558265053864812,143,4791,0.13292816051861495,0.1534497903690743,47,4776,0.89104,0.9722261557101514,0.29196,0.9542436148038465,0.29241,False,/data/suehara/part/march/datasets/20250711_ilc_nnqq_sgv_10m_3cat_parquet,val5k_tail,15000,proxy
70,70,1420000,,lr_6e-6,7.91914493770312e-06,validation_working_point_mistag_percent,0.9964725744486561,min,0.9964725744486561,0.9964725744486561,0.1677500524218914,0.04187604690117253,3.20821969226209,0.25125628140703515,0.48006678272773395,0.020938023450586266,2.8804006963664035,0.9212730200523361,0.049719533545559705,0.07061355868081258,8,4769,0.020936561876467648,0.04185266987441565,2,4776,0.24552686803749335,0.26514606310979183,153,4769,0.06276329618306728,0.08359174237046238,12,4776,0.09004930890544366,0.1107170606617451,23,4791,0.012940124081544822,0.03386499826054814,1,4776,0.23198069782130631,0.2516466407464273,138,4791,0.12833873235590462,0.14888666074953008,44,4776,0.89076,0.9723710168955085,0.29126,0.9542436148038465,0.29046,False,/data/suehara/part/march/datasets/20250711_ilc_nnqq_sgv_10m_3cat_parquet,val5k_tail,15000,proxy
70,70,1420000,,lr_9e-6,8.335942039687497e-06,validation_working_point_mistag_percent,1.030432267786043,min,1.030432267786043,1.030432267786043,0.1460767983788899,0.04187604690117253,3.4015024825113485,0.25125628140703515,0.4823825410731039,0.020938023450586266,2.957214895228267,0.9422110733379397,0.045736359210087695,0.06653916463689442,7,4792,0.020936561876467648,0.04185266987441565,2,4776,0.2522867118182843,0.2717311088538892,163,4792,0.06276329618306728,0.08359174237046238,12,4776,0.09048292467640495,0.11124938198387585,23,4768,0.012940124081544822,0.03386499826054814,1,4776,0.23564065763584352,0.25536923185890853,141,4768,0.12988579993458443,0.15042496214715453,45,4776,0.89,0.9723582863624439,0.29252,0.9542436148038465,0.28755,False,/data/suehara/part/march/datasets/20250711_ilc_nnqq_sgv_10m_3cat_parquet,val5k_tail,15000,proxy
71,71,1440000,,lr_14e-6,8.57643396753248e-06,validation_working_point_mistag_percent,1.0087430671900484,min,1.0087430671900484,1.0087430671900484,0.16863406408094436,0.020764119601328904,3.014334023911236,0.20764119338176648,0.46063651002616807,0.020764119601328904,2.931323386099853,1.2458471208177622,0.04998141768712368,0.07098515464641514,8,4744,0.012832650324339506,0.033583838150953026,1,4816,0.23851219216106112,0.25831647713663725,143,4744,0.05605966526977821,0.07673326244809946,10,4816,0.08814826564288394,0.10888905001972607,22,4776,0.012832650324339506,0.033583838150953026,1,4816,0.2344040476926372,0.2541104227049545,140,4776,0.15001545137837585,0.17025798939951792,60,4816,0.88993,0.9721479139945495,0.29187,0.9542436148038465,0.2897,False,/data/suehara/part/march/datasets/20250711_ilc_nnqq_sgv_10m_3cat_parquet,val5k_tail,15000,proxy
71,71,1440000,,lr_3e-6,5.927495698459949e-06,validation_working_point_mistag_percent,1.033725048988357,min,1.033725048988357,1.033725048988357,0.16884761502743773,0.041736227045075125,3.1025749061454047,0.20868112990948023,0.43695379941649704,0.041736227045075125,2.9754474283214596,1.2938230589964244,0.050044680910984,0.07107492036444363,8,4738,0.020866661693008874,0.04171300585030281,2,4792,0.2421668040675208,0.26195892268911675,147,4738,0.05634025073646405,0.07711693292497845,10,4792,0.08537920110634699,0.10600039777464718,21,4806,0.020866661693008874,0.04171300585030281,2,4792,0.23547687172735082,0.25504190299114604,143,4806,0.15338628916218117,0.1737101685536282,62,4792,0.89083,0.9720411228666777,0.29274,0.9542436148038465,0.29203,False,/data/suehara/part/march/datasets/20250711_ilc_nnqq_sgv_10m_3cat_parquet,val5k_tail,15000,proxy
71,71,1440000,,lr_6e-6,7.91914493770312e-06,validation_working_point_mistag_percent,1.0134657929023037,min,1.0134657929023037,1.0134657929023037,0.16649323621227888,0.04214075010535188,3.0593130526714547,0.23177411812770254,0.45977011494252873,0.02107037505267594,2.884012621955875,1.2431520741505613,0.04934720555243737,0.0700852441557614,8,4805,0.021068894941085044,0.04211707663474193,2,4746,0.23883715884123574,0.2583713605826415,147,4805,0.06009304737027638,0.08106133297146466,11,4746,0.08798274626633769,0.1086848899709167,22,4785,0.013021918241991223,0.03407897727925573,1,4746,0.2322677828779325,0.25195687082645546,138,4785,0.1508751208100862,0.1714172939181087,59,4746,0.88951,0.9723613178621298,0.29238,0.9542436148038465,0.29079,False,/data/suehara/part/march/datasets/20250711_ilc_nnqq_sgv_10m_3cat_parquet,val5k_tail,15000,proxy
71,71,1440000,,lr_9e-6,8.335942039687497e-06,validation_working_point_mistag_percent,1.0139775523759742,min,1.0139775523759742,1.0139775523759742,0.16863406408094436,0.020764119601328904,3.014334023911236,0.20764119338176648,0.4815745347477528,0.020764119601328904,2.9522612428656747,1.2458471208177622,0.04998141768712368,0.07098515464641514,8,4744,0.012832650324339506,0.033583838150953026,1,4816,0.23851219216106112,0.25831647713663725,143,4744,0.05605966526977821,0.07673326244809946,10,4816,0.09033162894675649,0.11106364714254324,23,4776,0.012832650324339506,0.033583838150953026,1,4816,0.2352512391588804,0.25494884799014234,141,4776,0.15001545137837585,0.17025798939951792,60,4816,0.89007,0.9721482412739689,0.29184,0.9542436148038465,0.28978,False,/data/suehara/part/march/datasets/20250711_ilc_nnqq_sgv_10m_3cat_parquet,val5k_tail,15000,proxy
72,72,1460000,,lr_14e-6,8.57643396753248e-06,validation_working_point_mistag_percent,1.0171673251259854,min,1.0171673251259854,1.0171673251259854,0.1260769036792925,0.04191993292810731,3.067871435982772,0.23055963552889647,0.4785684424216866,0.020955574182732608,2.808988884443171,1.3623977918412253,0.04201149975045788,0.06296692962150273,6,4759,0.020958501824625306,0.04189650688207371,2,4771,0.2402823030368869,0.2600016848009392,146,4759,0.05977838959228135,0.08063733358595086,11,4771,0.089768748066516,0.11037263054785723,23,4806,0.0,0.020955574182732608,0,4771,0.2286997610916563,0.2483340491032871,135,4806,0.15792894452211145,0.1783135221331073,65,4771,0.88895,0.9720043900638866,0.29335,0.9542436148038465,0.29311,False,/data/suehara/part/march/datasets/20250711_ilc_nnqq_sgv_10m_3cat_parquet,val5k_tail,15000,proxy
72,72,1460000,,lr_3e-6,5.927495698459949e-06,validation_working_point_mistag_percent,1.0532454088915346,min,1.0532454088915346,1.0532454088915346,0.16635475150758994,0.020995171110644553,3.3894781157406233,0.20995171648727098,0.5037783375314862,0.041990342221289105,3.064651420802112,1.0287634157312613,0.04930617971161267,0.07002703012678627,8,4809,0.01297544171407336,0.03395739168422002,1,4763,0.2514087774651834,0.27078945186769166,163,4809,0.05668306171712986,0.0775856848442892,10,4763,0.0927004222137759,0.11347533162089805,24,4764,0.020993701546624947,0.04196683742310633,2,4763,0.24003363761628677,0.2597336789370359,146,4764,0.13627444307228975,0.1568333165465039,49,4763,0.89021,0.9718246690996842,0.29422,0.9542436148038465,0.29026,False,/data/suehara/part/march/datasets/20250711_ilc_nnqq_sgv_10m_3cat_parquet,val5k_tail,15000,proxy
72,72,1460000,,lr_6e-6,7.91914493770312e-06,validation_working_point_mistag_percent,1.0297033365018415,min,1.0297033365018415,1.0297033365018415,0.14556040756914118,0.020995171110644553,3.347889290436203,0.20995171648727098,0.5037783375314862,0.020995171110644553,2.9806883586304416,1.0077682391389007,0.04557474532528143,0.06630424203731092,7,4809,0.01297544171407336,0.03395739168422002,1,4763,0.24985166458181482,0.2692496315780356,161,4809,0.05668306171712986,0.0775856848442892,10,4763,0.0927004222137759,0.11347533162089805,24,4764,0.01297544171407336,0.03395739168422002,1,4763,0.23668181594596743,0.2564170988433187,142,4764,0.13478993302424805,0.15535762059212724,48,4763,0.88979,0.9719779625984875,0.29356,0.9542436148038465,0.28831,False,/data/suehara/part/march/datasets/20250711_ilc_nnqq_sgv_10m_3cat_parquet,val5k_tail,15000,proxy
72,72,1460000,,lr_9e-6,8.335942039687497e-06,validation_working_point_mistag_percent,1.024989689001626,min,1.024989689001626,1.024989689001626,0.1260769036792925,0.04191993292810731,3.067871435982772,0.23055963552889647,0.4785684424216866,0.020959966464053657,2.8506034305021872,1.383357764506011,0.04201149975045788,0.06296692962150273,6,4759,0.020958501824625306,0.04189650688207371,2,4771,0.2402823030368869,0.2600016848009392,146,4759,0.05977838959228135,0.08063733358595086,11,4771,0.089768748066516,0.11037263054785723,23,4806,0.012953685009747844,0.03390047462983835,1,4771,0.23041403044559775,0.2500310042702694,137,4806,0.15919872508783317,0.1795745181361873,66,4771,0.88923,0.9720002075745269,0.29337,0.9542436148038465,0.29319,False,/data/suehara/part/march/datasets/20250711_ilc_nnqq_sgv_10m_3cat_parquet,val5k_tail,15000,proxy
73,73,1480000,,lr_14e-6,8.57643396753248e-06,validation_working_point_mistag_percent,1.0416201704031338,min,1.0416201704031338,1.0416201704031338,0.12644889682521734,0.020863759649488837,3.1612223520117033,0.1669100771959107,0.4793664194372784,0.020863759649488837,3.1054604876045873,1.2518256108513965,0.04213541174548359,0.06315250028590831,6,4745,0.012894228554087821,0.033744932033583225,1,4793,0.2442960137463708,0.26403422599276594,150,4745,0.049470693732713095,0.07026046841890586,8,4793,0.08991816259302388,0.1105560594870986,23,4798,0.012894228554087821,0.033744932033583225,1,4793,0.24082057212594307,0.2603640350938175,149,4798,0.15073157206734572,0.171068732860433,60,4793,0.88958,0.9722658410607123,0.29066,0.9542436148038465,0.28715,False,/data/suehara/part/march/datasets/20250711_ilc_nnqq_sgv_10m_3cat_parquet,val5k_tail,15000,proxy
73,73,1480000,,lr_3e-6,5.927495698459949e-06,validation_working_point_mistag_percent,1.0469552889422091,min,1.0469552889422091,1.0469552889422091,0.12634238787113075,0.020850708924103418,3.09538856251659,0.18765637076427363,0.48006678272773395,0.041701417848206836,3.151742785932674,1.2718932949529596,0.042099933794277136,0.06309936857833134,6,4749,0.012886163117473504,0.0337238321985975,1,4796,0.2416137927980143,0.2613631029020805,147,4749,0.05295976680649698,0.07372789005839736,9,4796,0.09004930890544366,0.1107170606617451,23,4791,0.02084925951549509,0.04167823536796614,2,4796,0.24279755075699744,0.2623502457272886,151,4791,0.1519539573341019,0.17227003269604887,61,4796,0.89035,0.9722132525400639,0.29082,0.9542436148038465,0.28954,False,/data/suehara/part/march/datasets/20250711_ilc_nnqq_sgv_10m_3cat_parquet,val5k_tail,15000,proxy
73,73,1480000,,lr_6e-6,7.91914493770312e-06,validation_working_point_mistag_percent,1.06288479959491,min,1.06288479959491,1.06288479959491,0.14574223887441162,0.04214075010535188,3.4769935539852246,0.21070374781703832,0.4386881206328071,0.02107037505267594,2.92458753614121,1.2431520741505613,0.04563165493782046,0.06638696624321988,7,4803,0.021068894941085044,0.04211707663474193,2,4746,0.2548045105725184,0.2741729562237678,167,4803,0.05688596637133008,0.07786312931612598,10,4746,0.08571754283639726,0.10641984521165149,21,4787,0.013021918241991223,0.03407897727925573,1,4746,0.23387255831692244,0.2535364733443769,140,4787,0.1508751208100862,0.1714172939181087,59,4746,0.88839,0.9718483774849295,0.29489,0.9542436148038465,0.28874,False,/data/suehara/part/march/datasets/20250711_ilc_nnqq_sgv_10m_3cat_parquet,val5k_tail,15000,proxy
73,73,1480000,,lr_9e-6,8.335942039687497e-06,validation_working_point_mistag_percent,1.0415910568466,min,1.0415910568466,1.0415910568466,0.12644889682521734,0.020863759649488837,3.1401474555478983,0.1669100771959107,0.5002084074488127,0.020863759649488837,3.1054604876045873,1.2518256108513965,0.04213541174548359,0.06315250028590831,6,4745,0.012894228554087821,0.033744932033583225,1,4793,0.24347191522264244,0.2632190085544127,149,4745,0.049470693732713095,0.07026046841890586,8,4793,0.09204473075776418,0.11267394166829761,24,4798,0.012894228554087821,0.033744932033583225,1,4793,0.24082057212594307,0.2603640350938175,149,4798,0.15073157206734572,0.171068732860433,60,4793,0.88972,0.9722617564514421,0.29074,0.9542436148038465,0.28725,False,/data/suehara/part/march/datasets/20250711_ilc_nnqq_sgv_10m_3cat_parquet,val5k_tail,15000,proxy
74,74,1500000,,lr_14e-6,8.57643396753248e-06,validation_working_point_mistag_percent,0.9888367430596936,min,0.9888367430596936,0.9888367430596936,0.1677500524218914,0.04183225266680611,2.977563435252046,0.23007739554185727,0.4387797883310661,0.020916126333403055,2.904304118788591,1.1294707751418882,0.049719533545559705,0.07061355868081258,8,4769,0.020914667814981247,0.04180892450562669,2,4781,0.23643702604373812,0.2561529323621917,142,4769,0.05965344720958701,0.08046897318630497,11,4781,0.08573542459271075,0.10644201336465903,21,4786,0.01292659151692404,0.033829596064672514,1,4781,0.23307199217634278,0.2527484892640215,139,4786,0.142936719618786,0.1633760877400728,54,4781,0.89097,0.9722531068050168,0.29085,0.9542436148038465,0.28981,False,/data/suehara/part/march/datasets/20250711_ilc_nnqq_sgv_10m_3cat_parquet,val5k_tail,15000,proxy
74,74,1500000,,lr_3e-6,5.927495698459949e-06,validation_working_point_mistag_percent,1.03080197629383,min,1.03080197629383,1.03080197629383,0.1671541997492687,0.04181476061049551,3.5311324640742994,0.2508885572598694,0.4615061765604776,0.04181476061049551,2.8949023153785283,0.8572025761072047,0.04954301433700945,0.07036308778603842,8,4786,0.020905923006422064,0.04179145195265513,2,4783,0.25722813804223765,0.2766427474135753,169,4786,0.06267151532162907,0.08346963883180346,12,4783,0.08831440896342815,0.10909397851528273,22,4767,0.020905923006422064,0.04179145195265513,2,4783,0.23313331603080945,0.2528921656724314,138,4767,0.12340654689101255,0.14395119463661635,41,4783,0.89146,0.9722297912284151,0.29202,0.9542436148038465,0.29415,False,/data/suehara/part/march/datasets/20250711_ilc_nnqq_sgv_10m_3cat_parquet,val5k_tail,15000,proxy
74,74,1500000,,lr_6e-6,7.91914493770312e-06,validation_working_point_mistag_percent,1.0124986856080662,min,1.0124986856080662,1.0124986856080662,0.1671541997492687,0.04181476061049551,3.4266611713344965,0.2508885572598694,0.4615061765604776,0.020907380305247754,2.852947255018837,0.8781099840258374,0.04954301433700945,0.07036308778603842,8,4786,0.020905923006422064,0.04179145195265513,2,4783,0.25337618076885365,0.2728344380929143,164,4786,0.06267151532162907,0.08346963883180346,12,4783,0.08831440896342815,0.10909397851528273,22,4767,0.012921186412954123,0.03381545590279305,1,4783,0.23141244373140815,0.25118889199217187,136,4767,0.12500729954906253,0.14554320675106042,42,4783,0.89097,0.9723735522277798,0.29135,0.9542436148038465,0.29119,False,/data/suehara/part/march/datasets/20250711_ilc_nnqq_sgv_10m_3cat_parquet,val5k_tail,15000,proxy
74,74,1500000,,lr_9e-6,8.335942039687497e-06,validation_working_point_mistag_percent,0.9833661679998046,min,0.9833661679998046,0.9833661679998046,0.1672940192388122,0.020942408376963352,2.9903805986647414,0.2094240837696335,0.4394224775298524,0.020942408376963352,2.8876332992992744,1.1308900487421962,0.04958443541231393,0.07042186212390122,8,4782,0.012942833995247701,0.033872087593079796,1,4775,0.23664262746947196,0.2562995872880398,143,4782,0.05654070419863584,0.07739102912168042,10,4775,0.08586080609149552,0.10659744940809757,21,4779,0.012942833995247701,0.033872087593079796,1,4775,0.23255557916586378,0.2522678664478268,138,4779,0.1431154900289465,0.16357994143080778,54,4775,0.89097,0.9724098717753279,0.2909,0.9542436148038465,0.28993,False,/data/suehara/part/march/datasets/20250711_ilc_nnqq_sgv_10m_3cat_parquet,val5k_tail,15000,proxy
75,75,1520000,,lr_14e-6,8.57643396753248e-06,validation_working_point_mistag_percent,1.0462218002111243,min,1.0462218002111243,1.0462218002111243,0.14604631568663473,0.04186728072011723,3.2756103392699063,0.23027003954744574,0.4406210729367856,0.020933640360058615,2.937473687914263,1.2769520252537838,0.04572682078869536,0.06652529958821708,7,4793,0.020932179397847108,0.04184391347875119,2,4777,0.2475163663220585,0.2670092281222385,157,4793,0.05970336143641148,0.0805362329123593,11,4777,0.08609463302635625,0.10688732399934414,21,4766,0.01293741530238404,0.033857911894949945,1,4777,0.23488931981237549,0.2546344535348195,140,4766,0.15255511738726507,0.17294986328012224,61,4777,0.88874,0.9717184015871183,0.29536,0.9542436148038465,0.28876,False,/data/suehara/part/march/datasets/20250711_ilc_nnqq_sgv_10m_3cat_parquet,val5k_tail,15000,proxy
75,75,1520000,,lr_3e-6,5.927495698459949e-06,validation_working_point_mistag_percent,1.0251891448727803,min,1.0251891448727803,1.0251891448727803,0.1249479415352841,0.04191993292810731,3.040399794758168,0.25151959113328964,0.41990343297454197,0.04191993292810731,3.0233046011908735,1.257597931533871,0.04163542898663716,0.06240372049679372,6,4802,0.020958501824625306,0.04189650688207371,2,4771,0.23816046353926854,0.25771474218453105,146,4802,0.06282901869796918,0.08367917812899663,12,4771,0.08385512494515136,0.10466960713565827,20,4763,0.020958501824625306,0.04189650688207371,2,4771,0.23841342674264,0.25813496131865465,144,4763,0.1514229836933792,0.17185148411758555,60,4771,0.89007,0.971884258355202,0.29435,0.9542436148038465,0.29325,False,/data/suehara/part/march/datasets/20250711_ilc_nnqq_sgv_10m_3cat_parquet,val5k_tail,15000,proxy
75,75,1520000,,lr_6e-6,7.91914493770312e-06,validation_working_point_mistag_percent,0.9941414941736291,min,0.9941414941736291,0.9941414941736291,0.1460158587268048,0.04182350480970305,3.1289112285545615,0.23002928085734203,0.4621848828391365,0.020911752404851526,2.773109101464582,1.1501463437320525,0.04571728634499069,0.06651144031656535,7,4794,0.020910294496419086,0.041800186403251734,2,4782,0.24183471304024506,0.2613846979666587,150,4794,0.059640981690812125,0.08045217580477676,11,4782,0.08844406517652921,0.10925390139835253,22,4760,0.012923888399800581,0.03382252450584078,1,4782,0.22826007024885597,0.24809913378857523,132,4760,0.1442998404016063,0.16472628975043851,55,4782,0.89,0.9723751231990256,0.29173,0.9542436148038465,0.29379,False,/data/suehara/part/march/datasets/20250711_ilc_nnqq_sgv_10m_3cat_parquet,val5k_tail,15000,proxy
75,75,1520000,,lr_9e-6,8.335942039687497e-06,validation_working_point_mistag_percent,0.9740967910485147,min,0.9740967910485147,0.9740967910485147,0.1674340728338217,0.04167534903104814,3.034742490157265,0.2292144152979357,0.4412691713665757,0.02083767451552407,2.815717465849984,1.0418836893359622,0.04962592580678351,0.07048073473215127,8,4778,0.020836226918634407,0.0416521955232048,2,4799,0.23850922412854725,0.2581640713475844,145,4778,0.059429862137781383,0.0801676894629186,11,4799,0.0862210681253024,0.10704406427059802,21,4759,0.012878107764533887,0.033702758733485744,1,4799,0.23005897925808885,0.2498843080027402,134,4759,0.13671462794859843,0.15711384306285828,50,4799,0.89049,0.9726247310440931,0.29055,0.9542436148038465,0.28992,False,/data/suehara/part/march/datasets/20250711_ilc_nnqq_sgv_10m_3cat_parquet,val5k_tail,15000,proxy
76,76,1540000,,lr_14e-6,8.147612269155855e-06,validation_working_point_mistag_percent,0.955500504959175,min,0.955500504959175,0.955500504959175,0.10490977624775817,0.041701417848206836,2.853546005297931,0.2085070865875182,0.48177629130763416,0.020850708924103418,2.7859237225001303,1.1467890309601192,0.037574826928369255,0.05850836593504381,5,4766,0.02084925951549509,0.04167823536796614,2,4796,0.23146037179408058,0.25124071752494653,136,4766,0.05629329160413833,0.07705272162738577,10,4796,0.09036940542580738,0.11111002268728246,23,4774,0.012886163117473504,0.0337238321985975,1,4796,0.2284739411624267,0.2482494704802624,133,4774,0.14388060709011521,0.16424884182397997,55,4796,0.89125,0.9725572490742594,0.29028,0.9542436148038465,0.29173,False,/data/suehara/part/march/datasets/20250711_ilc_nnqq_sgv_10m_3cat_parquet,val5k_tail,15000,proxy
76,76,1540000,,lr_3e-6,5.927495698459949e-06,validation_working_point_mistag_percent,1.0589727935500692,min,1.0589727935500692,1.0589727935500692,0.1671541997492687,0.041928721174004195,3.1968240536425085,0.25157232704402516,0.481171563477187,0.020964360587002098,3.0962342009011232,1.2159329218254356,0.04954301433700945,0.07036308778603842,8,4786,0.020962895333354704,0.0419052853056146,2,4770,0.24466750350290478,0.26422178632295595,153,4786,0.06284217972148852,0.08369668723477958,12,4770,0.09025617065754002,0.11097101209317384,23,4780,0.012956400606867183,0.03390757882502396,1,4770,0.24089318603228993,0.2605140878061345,148,4780,0.1487735383398579,0.1692237865418925,58,4770,0.89028,0.9717725593188344,0.29454,0.9542436148038465,0.28753,False,/data/suehara/part/march/datasets/20250711_ilc_nnqq_sgv_10m_3cat_parquet,val5k_tail,15000,proxy
76,76,1540000,,lr_6e-6,7.91914493770312e-06,validation_working_point_mistag_percent,1.01167397102864,min,1.01167397102864,1.01167397102864,0.16732901066722444,0.0419639110365086,3.137418985056735,0.2308015062672033,0.4802672776512222,0.0209819555182543,2.881603560321098,1.1330255617108727,0.04959480150546654,0.07043657105349366,8,4781,0.02098048780386294,0.041940435816853715,2,4766,0.24248286636436509,0.2620824402037598,150,4781,0.05984105725525533,0.08072177824929744,11,4766,0.0900868495746404,0.110763147161621,23,4789,0.01296727439079965,0.033936025405895826,1,4766,0.2320763139772461,0.25174996588743886,138,4789,0.14338448564074918,0.16388667754425826,54,4766,0.8909,0.9722714334839943,0.29175,0.9542436148038465,0.29033,False,/data/suehara/part/march/datasets/20250711_ilc_nnqq_sgv_10m_3cat_parquet,val5k_tail,15000,proxy
76,76,1540000,,lr_9e-6,8.335942039687497e-06,validation_working_point_mistag_percent,0.9607459858280402,min,0.9607459858280402,0.9607459858280402,0.10490977624775817,0.041701417848206836,2.8955098522488516,0.2085070865875182,0.48177629130763416,0.020850708924103418,2.7859237225001303,1.1467890309601192,0.037574826928369255,0.05850836593504381,5,4766,0.02084925951549509,0.04167823536796614,2,4796,0.23318159033142472,0.2529443300580799,138,4766,0.05629329160413833,0.07705272162738577,10,4796,0.09036940542580738,0.11111002268728246,23,4774,0.012886163117473504,0.0337238321985975,1,4796,0.2284739411624267,0.2482494704802624,133,4774,0.14388060709011521,0.16424884182397997,55,4796,0.8916,0.9725169216383517,0.29056,0.9542436148038465,0.29184,False,/data/suehara/part/march/datasets/20250711_ilc_nnqq_sgv_10m_3cat_parquet,val5k_tail,15000,proxy
77,77,1560000,,lr_14e-6,8.147612269155855e-06,validation_working_point_mistag_percent,1.1227466525782401,min,1.1227466525782401,1.1227466525782401,0.1461682967708886,0.06264355655733587,3.4871580122465033,0.2714554203976116,0.5254308330791806,0.02088118605136772,3.1736023844632175,1.2946335310598163,0.04576499836529851,0.06658079448122352,7,4789,0.027200016117583457,0.04805068686574458,3,4789,0.2555374182820605,0.2749582291085406,167,4789,0.06550978960277784,0.08627327377034874,13,4789,0.09491709381192975,0.11570909597486316,25,4758,0.012904998188042647,0.03377310625232182,1,4789,0.244457103725643,0.2641361949826587,151,4758,0.15348185578512377,0.1738181257078024,62,4789,0.88839,0.9711669071973925,0.29782,0.9542436148038465,0.29276,False,/data/suehara/part/march/datasets/20250711_ilc_nnqq_sgv_10m_3cat_parquet,val5k_tail,15000,proxy
77,77,1560000,,lr_3e-6,5.927495698459949e-06,validation_working_point_mistag_percent,1.1462890187189643,min,1.1462890187189643,1.1462890187189643,0.1461682967708886,0.04176237210273544,3.5915639951134977,0.2505742262293435,0.5044136191677175,0.04176237210273544,3.2576713609772616,1.336395907287534,0.04576499836529851,0.06658079448122352,7,4789,0.02087973240216612,0.041739121808386265,2,4789,0.25934922735042154,0.27872644488660736,172,4789,0.06259305939119454,0.08336526221682443,12,4789,0.09281710342093924,0.11361793821011018,24,4758,0.02087973240216612,0.041739121808386265,2,4789,0.24770356249033365,0.2673473232424006,155,4758,0.15606353338237303,0.17638236598893353,64,4789,0.88874,0.9710106562408765,0.29848,0.9542436148038465,0.29534,False,/data/suehara/part/march/datasets/20250711_ilc_nnqq_sgv_10m_3cat_parquet,val5k_tail,15000,proxy
77,77,1560000,,lr_6e-6,7.91914493770312e-06,validation_working_point_mistag_percent,1.0209784080222195,min,1.0209784080222195,1.0209784080222195,0.16803192606595252,0.020863759649488837,3.2976265728239915,0.20863760180856608,0.48097031298517834,0.020863759649488837,2.927645355362745,1.043187975832345,0.04980303738404252,0.0707320453949346,8,4761,0.012894228554087821,0.033744932033583225,1,4793,0.24915483747119488,0.2687694420285047,157,4761,0.0563285036100398,0.07710087006957464,10,4793,0.09021848876832701,0.11092475249180099,23,4782,0.012894228554087821,0.033744932033583225,1,4793,0.234113845392318,0.2537970378085081,140,4782,0.13688504267964866,0.1573092446060258,50,4793,0.89042,0.9720293384012484,0.29306,0.9542436148038465,0.28764,False,/data/suehara/part/march/datasets/20250711_ilc_nnqq_sgv_10m_3cat_parquet,val5k_tail,15000,proxy
77,77,1560000,,lr_9e-6,8.335942039687497e-06,validation_working_point_mistag_percent,1.078641863512268,min,1.078641863512268,1.078641863512268,0.14625992291537876,0.020859407592824362,3.384872636652108,0.2294534864423716,0.5256517930640688,0.020859407592824362,3.1539108216267104,1.147267432211858,0.04579367340945279,0.06662247644902643,7,4786,0.012891538953639552,0.03373789582221398,1,4794,0.25181725378834036,0.27129297029349075,162,4786,0.05949180080752005,0.08025115284776159,11,4794,0.09495693069672909,0.11575758160770558,25,4756,0.012891538953639552,0.03373789582221398,1,4794,0.24373912723752236,0.2634347711940259,150,4756,0.1439403483648566,0.16431687916043294,55,4794,0.88937,0.9714863429867299,0.2964,0.9542436148038465,0.28844,False,/data/suehara/part/march/datasets/20250711_ilc_nnqq_sgv_10m_3cat_parquet,val5k_tail,15000,proxy
78,78,1580000,,lr_14e-6,8.147612269155855e-06,validation_working_point_mistag_percent,1.0024153868463237,min,1.0024153868463237,1.0024153868463237,0.16827934371055953,0.04171011470281543,2.9028186277630974,0.2294056323255275,0.45957801795479086,0.020855057351407715,2.882807746358138,1.3138685546042537,0.04987633366984711,0.07083604793116766,8,4754,0.020853607338137303,0.041686922553023524,2,4795,0.2337624447448977,0.25357198473269715,138,4754,0.05947940274719462,0.08023444627060354,11,4795,0.08794604856237716,0.10863962499353232,22,4787,0.012888850475002026,0.03373086254449684,1,4795,0.23217200896362214,0.2518533758792747,138,4787,0.1545853789184655,0.17488818600222764,63,4795,0.89021,0.9719628416462219,0.29265,0.9542436148038465,0.29076,False,/data/suehara/part/march/datasets/20250711_ilc_nnqq_sgv_10m_3cat_parquet,val5k_tail,15000,proxy
78,78,1580000,,lr_3e-6,6.335315950162496e-06,validation_working_point_mistag_percent,1.0416251454727494,min,1.0416251454727494,1.0416251454727494,0.16820857863751051,0.04175365344467641,3.2169891348199644,0.20876826722338204,0.459290173260518,0.02087246921310791,2.964509323745059,1.2526095634377763,0.049855369868505826,0.0708063017252905,8,4756,0.020875373680074177,0.04173041285626091,2,4790,0.24618811191226345,0.26585723570186004,153,4756,0.05636375969438313,0.07714907872288516,10,4790,0.08789105937019254,0.10857179817716751,22,4790,0.0,0.02087246921310791,0,4790,0.23541441220257286,0.25504934879427704,142,4790,0.1508254834556527,0.17117505156112514,60,4790,0.88874,0.9718211290125156,0.29361,0.9542436148038465,0.28998,False,/data/suehara/part/march/datasets/20250711_ilc_nnqq_sgv_10m_3cat_parquet,val5k_tail,15000,proxy
78,78,1580000,,lr_6e-6,7.91914493770312e-06,validation_working_point_mistag_percent,1.0416251454727494,min,1.0416251454727494,1.0416251454727494,0.16820857863751051,0.04175365344467641,3.2169891348199644,0.20876826722338204,0.459290173260518,0.02087246921310791,2.964509323745059,1.2526095634377763,0.049855369868505826,0.0708063017252905,8,4756,0.020875373680074177,0.04173041285626091,2,4790,0.24618811191226345,0.26585723570186004,153,4756,0.05636375969438313,0.07714907872288516,10,4790,0.08789105937019254,0.10857179817716751,22,4790,0.0,0.02087246921310791,0,4790,0.23541441220257286,0.25504934879427704,142,4790,0.1508254834556527,0.17117505156112514,60,4790,0.88881,0.9718214433071228,0.29361,0.9542436148038465,0.28997,False,/data/suehara/part/march/datasets/20250711_ilc_nnqq_sgv_10m_3cat_parquet,val5k_tail,15000,proxy
78,78,1580000,,lr_9e-6,8.335942039687497e-06,validation_working_point_mistag_percent,1.051234579924959,min,1.051234579924959,1.051234579924959,0.16739903745553464,0.04190236748376283,3.41075528197762,0.2095118427771163,0.5225752491693425,0.02094679514034353,2.9473244899207405,1.089461575475212,0.049615546699980174,0.07046600735376443,8,4779,0.02094972032973308,0.04187896106392506,2,4773,0.2529622199662802,0.27245562775366283,163,4779,0.05656438077459335,0.07742340388417908,10,4773,0.09440223948262491,0.11508245881351897,25,4784,0.0,0.020946795140343526,0,4773,0.2348631052695227,0.2545298453260687,141,4784,0.1403438825640471,0.16083426314445012,52,4773,0.88867,0.9715393628856921,0.29532,0.9542436148038465,0.28559,False,/data/suehara/part/march/datasets/20250711_ilc_nnqq_sgv_10m_3cat_parquet,val5k_tail,15000,proxy
79,79,1600000,,lr_14e-6,8.147612269155855e-06,validation_working_point_mistag_percent,1.0101492843123818,min,1.0101492843123818,1.0101492843123818,0.12547051442910917,0.020894274968658588,3.2622333127004643,0.20894274702196966,0.5243288557044364,0.020894274968658588,2.9781878956357275,0.94024239907003,0.04180950460597525,0.06266441971597765,6,4782,0.012913087226991995,0.033794267809833585,1,4786,0.24727940401976373,0.26682268924863445,156,4782,0.05641083651647802,0.07721345078441763,10,4786,0.09471840971289926,0.11546727578165134,25,4768,0.012913087226991995,0.033794267809833585,1,4786,0.2364859435202749,0.2562057221239804,142,4768,0.12961544047109444,0.15011251906997103,45,4786,0.89056,0.9726247942498759,0.29014,0.9542436148038465,0.29127,False,/data/suehara/part/march/datasets/20250711_ilc_nnqq_sgv_10m_3cat_parquet,val5k_tail,15000,proxy
79,79,1600000,,lr_3e-6,6.335315950162496e-06,validation_working_point_mistag_percent,0.9890189318943262,min,0.9890189318943262,0.9890189318943262,0.1257071024512885,0.04179728317659352,2.8912633979734554,0.22988505747126436,0.4604436885294046,0.02089864158829676,2.8882377886665003,1.2539184952978057,0.04188831442008261,0.06278244634197151,6,4773,0.02089718550753811,0.041773993997644004,2,4785,0.23284408933060863,0.25257963044649534,138,4773,0.059603616373245065,0.08040182570986384,11,4785,0.08811142976205008,0.10884361486341318,22,4778,0.012915785827257708,0.03380132755663996,1,4785,0.23260361454690537,0.25231977367794445,138,4778,0.1509822627397338,0.1713525433518116,60,4785,0.89104,0.9724991604136797,0.29044,0.9542436148038465,0.29,False,/data/suehara/part/march/datasets/20250711_ilc_nnqq_sgv_10m_3cat_parquet,val5k_tail,15000,proxy
79,79,1600000,,lr_6e-6,7.91914493770312e-06,validation_working_point_mistag_percent,1.0257358630968083,min,1.0257358630968083,1.0257358630968083,0.16732901066722444,0.04179728317659352,3.0746703992835025,0.22988505747126436,0.5031446540880503,0.02089864158829676,2.976939236684635,1.1912226218149005,0.04959480150546654,0.07043657105349366,8,4781,0.02089718550753811,0.041773993997644004,2,4785,0.24001929426964164,0.2596451116803449,147,4781,0.059603616373245065,0.08040182570986384,11,4785,0.09258403399833694,0.11333308256086554,24,4770,0.012915785827257708,0.03380132755663996,1,4785,0.23638812879404267,0.25610016434073934,142,4770,0.14695532783610532,0.16735180816601236,57,4785,0.89028,0.972203915564274,0.29224,0.9542436148038465,0.29002,False,/data/suehara/part/march/datasets/20250711_ilc_nnqq_sgv_10m_3cat_parquet,val5k_tail,15000,proxy
79,79,1600000,,lr_9e-6,8.335942039687497e-06,validation_working_point_mistag_percent,0.983794271497252,min,0.983794271497252,0.983794271497252,0.1257071024512885,0.04179728317659352,2.8912633979734554,0.22988505747126436,0.4604436885294046,0.02089864158829676,2.8882377886665003,1.2121212121212122,0.04188831442008261,0.06278244634197151,6,4773,0.02089718550753811,0.041773993997644004,2,4785,0.23284408933060863,0.25257963044649534,138,4773,0.059603616373245065,0.08040182570986384,11,4785,0.08811142976205008,0.10884361486341318,22,4778,0.012915785827257708,0.03380132755663996,1,4785,0.23260361454690537,0.25231977367794445,138,4778,0.14830950927826342,0.16869725636889393,58,4785,0.89125,0.9725255659409643,0.29032,0.9542436148038465,0.28964,False,/data/suehara/part/march/datasets/20250711_ilc_nnqq_sgv_10m_3cat_parquet,val5k_tail,15000,proxy
80,80,1620000,,lr_14e-6,8.147612269155855e-06,validation_working_point_mistag_percent,1.0246488308901922,min,1.0246488308901922,1.0246488308901922,0.12489591689298843,0.020990764063811923,3.24729387016052,0.20990764332740255,0.5453020204032286,0.02098635886673662,2.873322016617312,1.1544920567895376,0.041618101116324704,0.06237776982805558,6,4804,0.012972718130085084,0.0339502666026711,1,4764,0.24616383449734375,0.2656238578389758,156,4804,0.056671171216586935,0.07756942614181753,10,4764,0.09677235275244367,0.11751242320183633,26,4768,0.0,0.02098635886673662,0,4764,0.23222650182222299,0.25199025852272566,137,4768,0.14484245785882713,0.1653442450472803,55,4764,0.88986,0.9719277853725737,0.29286,0.9542436148038465,0.28722,False,/data/suehara/part/march/datasets/20250711_ilc_nnqq_sgv_10m_3cat_parquet,val5k_tail,15000,proxy
80,80,1620000,,lr_3e-6,6.335315950162496e-06,validation_working_point_mistag_percent,1.0168423189674265,min,1.0168423189674265,1.0168423189674265,0.1457119085956597,0.02098635886673662,3.164030015220039,0.1889168838353725,0.5243288557044364,0.02098635886673662,2.894295352956991,1.1754828176934413,0.04562216013451481,0.06637316454377838,7,4804,0.0,0.02098635886673662,0,4764,0.2429584903406383,0.26245317089214004,152,4804,0.053315298035165194,0.07422236335454635,9,4764,0.09471840971289926,0.11546727578165134,25,4768,0.0,0.02098635886673662,0,4764,0.2330850617081444,0.25284002278928785,138,4768,0.14622751289136965,0.16672048968567246,56,4764,0.88965,0.9718906797846706,0.29307,0.9542436148038465,0.28771,False,/data/suehara/part/march/datasets/20250711_ilc_nnqq_sgv_10m_3cat_parquet,val5k_tail,15000,proxy
80,80,1620000,,lr_6e-6,7.91914493770312e-06,validation_working_point_mistag_percent,1.0750192733147255,min,1.0750192733147255,1.0750192733147255,0.16753926701570682,0.04186728072011723,3.5183246298158632,0.20933639825125402,0.4807692307692308,0.020933640360058615,3.0100335216211818,1.1513502179643909,0.04965708919808202,0.0705249538266349,8,4775,0.020932179397847108,0.04184391347875119,2,4777,0.25704405254152807,0.27650874072941356,168,4775,0.05651704743533028,0.07735868142293993,10,4777,0.09018083833012215,0.11087853144160845,23,4784,0.01293741530238404,0.033857911894949945,1,4777,0.2373812074447687,0.2570217368304262,144,4784,0.14445015925254912,0.16489748021537715,55,4777,0.88818,0.9714292002073096,0.29619,0.9542436148038465,0.28436,False,/data/suehara/part/march/datasets/20250711_ilc_nnqq_sgv_10m_3cat_parquet,val5k_tail,15000,proxy
80,80,1620000,,lr_9e-6,8.335942039687497e-06,validation_working_point_mistag_percent,1.0527885405939041,min,1.0527885405939041,1.0527885405939041,0.16792611251049538,0.020815986677768527,3.274559178222353,0.22897585781918525,0.5453020204032286,0.020815986677768527,2.873322016617312,1.290591165823123,0.049771690595513625,0.07068756630904541,8,4764,0.012864704533158982,0.033667694757226516,1,4804,0.24819968849162133,0.26781162587086393,156,4764,0.059368052306116414,0.08008439950551068,11,4804,0.09677235275244367,0.11751242320183633,26,4768,0.012864704533158982,0.033667694757226516,1,4804,0.23222650182222299,0.25199025852272566,137,4768,0.15300520975837817,0.17327967753193835,62,4804,0.88916,0.9718189970220584,0.29361,0.9542436148038465,0.29039,False,/data/suehara/part/march/datasets/20250711_ilc_nnqq_sgv_10m_3cat_parquet,val5k_tail,15000,proxy
81,81,1640000,,lr_14e-6,8.147612269155855e-06,validation_working_point_mistag_percent,0.9858746182850799,min,0.9858746182850799,0.9858746182850799,0.14696619400793423,0.041884816753926704,3.065295026344133,0.23036649067429793,0.5002084074488127,0.020942408376963352,2.8970403759309504,0.9842932267436206,0.0460147149816005,0.06694378038975558,7,4763,0.02094094619055311,0.04186142993563103,2,4775,0.2400833295309452,0.2597872359196288,146,4763,0.059728349886696695,0.08056990495698713,11,4775,0.09204473075776418,0.11267394166829761,24,4798,0.012942833995247701,0.033872087593079796,1,4775,0.2324967236583035,0.2521270464615897,139,4798,0.1329558879480268,0.15348172831916723,47,4775,0.89153,0.972610475742728,0.28998,0.9542436148038465,0.28911,False,/data/suehara/part/march/datasets/20250711_ilc_nnqq_sgv_10m_3cat_parquet,val5k_tail,15000,proxy
81,81,1640000,,lr_3e-6,6.335315950162496e-06,validation_working_point_mistag_percent,1.0247326391530729,min,1.0247326391530729,1.0247326391530729,0.1257334483127245,0.0419639110365086,3.143336109820593,0.20981955249551634,0.4793664194372784,0.0209819555182543,2.9387243727336188,1.2379353438700893,0.04189708940998368,0.06279558786165082,6,4772,0.02098048780386294,0.041940435816853715,2,4766,0.24293362620620776,0.2625676776927315,150,4772,0.05664740517495226,0.07753692917109975,10,4766,0.08991816259302388,0.1105560594870986,23,4798,0.01296727439079965,0.033936025405895826,1,4766,0.23418694294462356,0.25379989378082823,141,4798,0.15024524845430165,0.17070342534728378,59,4766,0.88958,0.9721047727215497,0.29306,0.9542436148038465,0.28959,False,/data/suehara/part/march/datasets/20250711_ilc_nnqq_sgv_10m_3cat_parquet,val5k_tail,15000,proxy
81,81,1640000,,lr_6e-6,7.523187690817964e-06,validation_working_point_mistag_percent,0.9777541387149145,min,0.9777541387149145,0.9777541387149145,0.1669449081803005,0.04195510803440319,3.088480663653871,0.2307530882802388,0.41867279650250805,0.020977554017201593,2.6795059660875027,1.1747430249632893,0.04948101231795033,0.07027510999865957,8,4792,0.020976086918577042,0.0419316426618512,2,4767,0.24029844284207852,0.259873456069145,148,4792,0.05982851321342246,0.08070487517055787,11,4767,0.08360973733857677,0.10436374620956829,20,4777,0.01296455423406401,0.033928909286909135,1,4767,0.22392408123694113,0.24373173884845722,128,4777,0.1461359348245003,0.16661632785094205,56,4767,0.89007,0.9722341590507005,0.29163,0.9542436148038465,0.28915,False,/data/suehara/part/march/datasets/20250711_ilc_nnqq_sgv_10m_3cat_parquet,val5k_tail,15000,proxy
81,81,1640000,,lr_9e-6,7.919144937703122e-06,validation_working_point_mistag_percent,0.9834130065455562,min,0.9834130065455562,0.9834130065455562,0.1669449081803005,0.04186728072011723,3.1093487440683503,0.23027003954744574,0.4195510696004342,0.020933640360058615,2.706104539680721,1.1722838302070224,0.04948101231795033,0.07027510999865957,8,4792,0.020932179397847108,0.04184391347875119,2,4777,0.2411178230409164,0.2606841285218854,149,4792,0.05970336143641148,0.0805362329123593,11,4777,0.08378486734621111,0.10458203551720768,20,4767,0.01293741530238404,0.033857911894949945,1,4777,0.22527891479586815,0.24511695822362867,129,4767,0.14583150126933914,0.1662700597205054,56,4777,0.88979,0.9721852521203959,0.29194,0.9542436148038465,0.29162,False,/data/suehara/part/march/datasets/20250711_ilc_nnqq_sgv_10m_3cat_parquet,val5k_tail,15000,proxy
82,82,1660000,,lr_14e-6,8.147612269155855e-06,validation_working_point_mistag_percent,0.9935405553468495,min,0.9935405553468495,0.9935405553468495,0.16764459346186086,0.041928721174004195,3.0176026437175505,0.16771488469601678,0.4589069728847432,0.020959966464053657,2.8785981241191196,1.194968536257447,0.0496882917530497,0.07056922844131211,8,4772,0.020962895333354704,0.0419052853056146,2,4770,0.2379699502237348,0.2576566870004734,144,4772,0.049709115250428426,0.07059877574730708,8,4770,0.08781784732560376,0.10848149405467897,22,4794,0.0,0.020959966464053653,0,4770,0.23183742118158163,0.2514918119019948,138,4794,0.14741516465757476,0.16787420110550635,57,4770,0.88993,0.9722386874013168,0.2918,0.9542436148038465,0.2861,False,/data/suehara/part/march/datasets/20250711_ilc_nnqq_sgv_10m_3cat_parquet,val5k_tail,15000,proxy
82,82,1660000,,lr_3e-6,6.335315950162496e-06,validation_working_point_mistag_percent,1.0380236300175365,min,1.0380236300175365,1.0380236300175365,0.1257334483127245,0.041928721174004195,3.331936256433412,0.23060797235857175,0.4797663715808703,0.020964360587002098,2.9411764705882355,1.132075439105471,0.04189708940998368,0.06279558786165082,6,4772,0.020962895333354704,0.0419052853056146,2,4770,0.25017950556368085,0.2697345291148838,159,4772,0.059790912622242856,0.08065420838143078,11,4770,0.08999305652895502,0.110648002775197,23,4794,0.012956400606867183,0.03390757882502396,1,4770,0.23437973469873294,0.2540080239706463,141,4794,0.1432648073059503,0.16375020849157246,54,4770,0.88937,0.9721226863758737,0.29313,0.9542436148038465,0.28935,False,/data/suehara/part/march/datasets/20250711_ilc_nnqq_sgv_10m_3cat_parquet,val5k_tail,15000,proxy
82,82,1660000,,lr_6e-6,7.523187690817964e-06,validation_working_point_mistag_percent,1.0408186743357204,min,1.0408186743357204,1.0408186743357204,0.1460158587268048,0.04189359028068706,3.3375052573435866,0.18852115144264017,0.4823825410731039,0.020942408376963352,2.957214895228267,1.152073692213711,0.04571728634499069,0.06651144031656535,7,4794,0.02094533234125682,0.04187019366469945,2,4774,0.24983648181710685,0.26929946191518794,160,4794,0.05320368281878638,0.07406712945490652,9,4774,0.09048292467640495,0.11124938198387585,23,4768,0.0,0.02094240837696335,0,4774,0.23564065763584352,0.25536923185890853,141,4768,0.1445405009764863,0.16500036538163004,55,4774,0.88923,0.9720130096414378,0.2934,0.9542436148038465,0.28376,False,/data/suehara/part/march/datasets/20250711_ilc_nnqq_sgv_10m_3cat_parquet,val5k_tail,15000,proxy
82,82,1660000,,lr_9e-6,7.919144937703122e-06,validation_working_point_mistag_percent,0.9834492660906545,min,0.9834492660906545,0.9834492660906545,0.16711928138709004,0.04187604690117253,2.9663670886061624,0.2093802318300764,0.48187721527969,0.020933640360058615,2.8912633979734554,1.0887772263875302,0.049532669878949366,0.07034840952749269,8,4787,0.020936561876467648,0.04185266987441565,2,4776,0.23555995814587527,0.2552064212851306,142,4787,0.05652887334195618,0.07737485189146182,10,4776,0.09038830551626759,0.1111332249858682,23,4773,0.0,0.020933640360058615,0,4776,0.23284408933060863,0.25257963044649534,138,4773,0.14025612015296784,0.16073391909815077,52,4776,0.89035,0.9721571628072576,0.29232,0.9542436148038465,0.29178,False,/data/suehara/part/march/datasets/20250711_ilc_nnqq_sgv_10m_3cat_parquet,val5k_tail,15000,proxy
83,83,1680000,,lr_14e-6,8.147612269155855e-06,validation_working_point_mistag_percent,1.0106278110199176,min,1.0106278110199176,1.0106278110199176,0.14559068774094241,0.04171011470281543,3.078202819165213,0.1876955185518301,0.4859497163353062,0.020855057351407715,2.894570196452124,1.2304483778597022,0.045584220401028365,0.06631801508508056,7,4808,0.020853607338137303,0.041686922553023524,2,4795,0.2395100036622747,0.25902416336491124,148,4808,0.052970805368771946,0.07374324260139804,9,4795,0.09115084639861439,0.11206932983132732,23,4733,0.012888850475002026,0.03373086254449684,1,4795,0.23392128654989366,0.2538221864061906,137,4733,0.14934121850757615,0.16967881300977272,59,4795,0.88993,0.9721068533060483,0.29267,0.9542436148038465,0.2892,False,/data/suehara/part/march/datasets/20250711_ilc_nnqq_sgv_10m_3cat_parquet,val5k_tail,15000,proxy
83,83,1680000,,lr_3e-6,6.335315950162496e-06,validation_working_point_mistag_percent,1.0470684024064958,min,1.0470684024064958,1.0470684024064958,0.1665972511453561,0.04167534903104814,3.311120383611202,0.20837674780544016,0.443505796380382,0.020833333333333332,2.8299895725748896,1.3544487853703162,0.04937801976461196,0.07012896823384146,8,4802,0.020836226918634407,0.0416521955232048,2,4799,0.2486402936870434,0.2680818425662791,159,4802,0.056258123594067753,0.07700463328358642,10,4799,0.08665739341230218,0.10758496697319134,21,4735,0.0,0.020833333333333332,0,4799,0.23121015581627907,0.25112992378910903,134,4735,0.15701274475028154,0.1772817243988192,65,4799,0.88853,0.9720851994020911,0.29386,0.9542436148038465,0.28487,False,/data/suehara/part/march/datasets/20250711_ilc_nnqq_sgv_10m_3cat_parquet,val5k_tail,15000,proxy
83,83,1680000,,lr_6e-6,7.523187690817964e-06,validation_working_point_mistag_percent,1.0080602732068629,min,1.0080602732068629,1.0080602732068629,0.1475548041724219,0.04169272461955389,3.2251264197909064,0.20846361779294997,0.39624608589390903,0.020842017507294707,2.898852983376691,1.1257035325011768,0.04619893047911811,0.06721155226791863,7,4744,0.02084491350545256,0.04166955180281832,2,4797,0.24680165883198962,0.26651709551247516,153,4744,0.056281564049762756,0.07703668550741276,10,4797,0.08096031124045422,0.10164577992699429,19,4795,0.0,0.02084201750729471,0,4797,0.2326402744743678,0.252282120607877,139,4795,0.14246217465096728,0.16283495349018062,54,4797,0.89021,0.9725449301451565,0.29105,0.9542436148038465,0.28784,False,/data/suehara/part/march/datasets/20250711_ilc_nnqq_sgv_10m_3cat_parquet,val5k_tail,15000,proxy
83,83,1680000,,lr_9e-6,7.919144937703122e-06,validation_working_point_mistag_percent,1.0211787527396519,min,1.0211787527396519,1.0211787527396519,0.1475548041724219,0.04169272461955389,3.2883641490985833,0.20846361779294997,0.4171011470281543,0.020842017507294707,2.9197080291970803,1.1257035325011768,0.04619893047911811,0.06721155226791863,7,4744,0.02084491350545256,0.04166955180281832,2,4797,0.24923029091687698,0.26891907310883506,156,4744,0.056281564049762756,0.07703668550741276,10,4797,0.08329634135769777,0.10397311318962911,20,4795,0.0,0.02084201750729471,0,4797,0.2334875314947145,0.253120680773615,140,4795,0.14246217465096728,0.16283495349018062,54,4797,0.89021,0.9725654161523042,0.29095,0.9542436148038465,0.28751,False,/data/suehara/part/march/datasets/20250711_ilc_nnqq_sgv_10m_3cat_parquet,val5k_tail,15000,proxy
84,84,1700000,,lr_14e-6,8.147612269155855e-06,validation_working_point_mistag_percent,0.9984638875221657,min,0.9984638875221657,0.9984638875221657,0.1049317943336831,0.04156275976724855,3.294858294598119,0.1662510390689942,0.48329481758194337,0.020781379883624274,2.857743369970845,1.018287644972869,0.03758271043852964,0.05852063247196075,5,4765,0.02077994009839568,0.04153973118097735,2,4812,0.24894884372466014,0.2685481478194654,157,4765,0.04927545506942929,0.06998343302950866,8,4812,0.09065373930623082,0.1114590776214266,23,4759,0.012843317297517415,0.03361174390051611,1,4812,0.2317964247617467,0.25160409567629854,136,4759,0.1348925266342645,0.1552464482572449,49,4812,0.89111,0.9726842097050469,0.28942,0.9542436148038465,0.28747,False,/data/suehara/part/march/datasets/20250711_ilc_nnqq_sgv_10m_3cat_parquet,val5k_tail,15000,proxy
84,84,1700000,,lr_3e-6,6.335315950162496e-06,validation_working_point_mistag_percent,1.0319030715156428,min,1.0319030715156428,1.0319030715156428,0.14675052035348388,0.04162330905306972,3.2914045792565196,0.2081165452653486,0.46208780260525123,0.02081165452653486,2.8565425966397617,1.227887564425173,0.045947215897046485,0.06684566463982199,7,4770,0.020810210542906705,0.041600213327320744,2,4805,0.24869182985748084,0.2682720417157239,157,4770,0.056187919232006174,0.07690863644163357,10,4805,0.08842551955710347,0.10923102657235699,22,4761,0.012862027234131487,0.03366069071539384,1,4805,0.2317003101244039,0.25150016617517257,136,4761,0.14903200121811344,0.16932834428217242,59,4805,0.88951,0.9719545785128525,0.29323,0.9542436148038465,0.28695,False,/data/suehara/part/march/datasets/20250711_ilc_nnqq_sgv_10m_3cat_parquet,val5k_tail,15000,proxy
84,84,1700000,,lr_6e-6,7.523187690817964e-06,validation_working_point_mistag_percent,1.006816277566451,min,1.006816277566451,1.006816277566451,0.16796136888515642,0.04189359028068706,3.1702707780390202,0.18852115144264017,0.5209418446679811,0.02094679514034353,2.8547613587036658,1.0892333333721143,0.04978213513962889,0.07070238645411869,8,4763,0.02094533234125682,0.04187019366469945,2,4774,0.2442042000627035,0.2638640359830614,151,4763,0.05320368281878638,0.07406712945490652,9,4774,0.09410774089098828,0.11472401511478493,25,4799,0.01294554504420561,0.0338791798944086,1,4774,0.23074577849180983,0.2503896279048814,137,4799,0.14031461622654365,0.16080080121196866,52,4774,0.88979,0.9721578540629302,0.29173,0.9542436148038465,0.28684,False,/data/suehara/part/march/datasets/20250711_ilc_nnqq_sgv_10m_3cat_parquet,val5k_tail,15000,proxy
84,84,1700000,,lr_9e-6,7.523187690817966e-06,validation_working_point_mistag_percent,1.0345476811959111,min,1.0345476811959111,1.0345476811959111,0.14675052035348388,0.04162330905306972,3.312369046918068,0.2081165452653486,0.4830917874396135,0.02081165452653486,2.8565425966397617,1.20707598937141,0.045947215897046485,0.06684566463982199,7,4770,0.020810210542906705,0.041600213327320744,2,4805,0.2494886980595662,0.26906012167191296,158,4770,0.056187919232006174,0.07690863644163357,10,4805,0.09061572478849923,0.11141241030406422,23,4761,0.012862027234131487,0.03366069071539384,1,4805,0.2317003101244039,0.25150016617517257,136,4761,0.14769528779060187,0.16800029155150942,58,4805,0.88937,0.9719741407371479,0.29316,0.9542436148038465,0.28796,False,/data/suehara/part/march/datasets/20250711_ilc_nnqq_sgv_10m_3cat_parquet,val5k_tail,15000,proxy
85,85,1720000,,lr_14e-6,8.147612269155855e-06,validation_working_point_mistag_percent,1.0473845345087973,min,1.0473845345087973,1.0473845345087973,0.12575979556664482,0.02083767451552407,3.3116746245319537,0.20837674780544016,0.5245488896357492,0.02083767451552407,2.958455739913568,1.2085851295859744,0.04190586807711847,0.06280873488399848,6,4771,0.012878107764533887,0.033702758733485744,1,4799,0.2494371999323737,0.26900481321765546,158,4771,0.056258123594067753,0.07700463328358642,10,4799,0.09475807996240632,0.11551555892697248,25,4766,0.012878107764533887,0.033702758733485744,1,4799,0.23573821371930884,0.25547454443964784,141,4766,0.14787901940049447,0.16820877559970243,58,4799,0.8893,0.9721026199192481,0.29281,0.9542436148038465,0.28997,False,/data/suehara/part/march/datasets/20250711_ilc_nnqq_sgv_10m_3cat_parquet,val5k_tail,15000,proxy
85,85,1720000,,lr_3e-6,6.335315950162496e-06,validation_working_point_mistag_percent,1.0657686931121915,min,1.0657686931121915,1.0657686931121915,0.16782043213761275,0.02082899395959175,3.377386158931848,0.20828993694792566,0.4823825410731039,0.02082899395959175,2.957214895228267,1.2913975926595902,0.0497403832424323,0.07064314312828063,8,4767,0.012872743121947704,0.033688724382272744,1,4801,0.2520188321846646,0.27157529770615374,161,4767,0.05623470265544684,0.07697260772017156,10,4801,0.09048292467640495,0.11124938198387585,23,4768,0.012872743121947704,0.033688724382272744,1,4801,0.23564065763584352,0.25536923185890853,141,4768,0.1531003019887506,0.1733871001455627,62,4801,0.88874,0.9716940749940167,0.29452,0.9542436148038465,0.2894,False,/data/suehara/part/march/datasets/20250711_ilc_nnqq_sgv_10m_3cat_parquet,val5k_tail,15000,proxy
85,85,1720000,,lr_6e-6,7.523187690817964e-06,validation_working_point_mistag_percent,1.0070638232812583,min,1.0070638232812583,1.0070638232812583,0.1669797537048633,0.02092487968194183,3.297850177684158,0.14647415590289328,0.48258497537480854,0.02092487968194183,2.8745278001655783,1.0462439640538825,0.04949133520857928,0.07028975768199122,8,4791,0.01293200114484,0.03384374805710697,1,4779,0.24841168189436227,0.2679033971966692,158,4791,0.04586072179342854,0.06671993762699603,7,4779,0.0905208278302718,0.11129591279904891,23,4766,0.01293200114484,0.03384374805710697,1,4779,0.23232268502343043,0.25209422775219065,137,4766,0.13728433398798157,0.1577670770908696,50,4779,0.89062,0.9721930397369501,0.29136,0.9542436148038465,0.28893,False,/data/suehara/part/march/datasets/20250711_ilc_nnqq_sgv_10m_3cat_parquet,val5k_tail,15000,proxy
85,85,1720000,,lr_9e-6,7.523187690817966e-06,validation_working_point_mistag_percent,1.0566539803544803,min,1.0566539803544803,1.0566539803544803,0.1670843776106934,0.04186728072011723,3.425229762850818,0.23027003954744574,0.5030391822665793,0.020929259104227712,2.934395314352404,1.1304166263835578,0.04952232973977934,0.0703337373916437,8,4788,0.020932179397847108,0.04184391347875119,2,4777,0.2532720118856101,0.27272274074715896,164,4788,0.05970336143641148,0.0805362329123593,11,4777,0.09256466437026516,0.11330940904958732,24,4771,0.0,0.020929259104227712,0,4777,0.23464643293055232,0.2543721683433909,140,4771,0.14305585022873335,0.16351193370322312,54,4777,0.88909,0.9718120358546084,0.29513,0.9542436148038465,0.29034,False,/data/suehara/part/march/datasets/20250711_ilc_nnqq_sgv_10m_3cat_parquet,val5k_tail,15000,proxy
86,86,1740000,,lr_14e-6,7.740231655698061e-06,validation_working_point_mistag_percent,1.0099684154269835,min,1.0099684154269835,1.0099684154269835,0.1678556441460344,0.04182350480970305,3.3571128399282615,0.2091175187103637,0.43859649122807015,0.020911752404851526,2.7360067247919195,1.1083228473966649,0.04975081464967093,0.07065794465002924,8,4766,0.020910294496419086,0.041800186403251734,2,4782,0.2512816238593219,0.27085069753965685,160,4766,0.05645799204438687,0.07727793035755912,10,4782,0.08569966853765416,0.10639768629032562,21,4788,0.012923888399800581,0.03382252450584078,1,4782,0.22606578831232613,0.2458043530718268,131,4788,0.14150078668053404,0.16194472442778146,53,4782,0.89014,0.9724536854922053,0.29095,0.9542436148038465,0.29209,False,/data/suehara/part/march/datasets/20250711_ilc_nnqq_sgv_10m_3cat_parquet,val5k_tail,15000,proxy
86,86,1740000,,lr_3e-6,6.335315950162496e-06,validation_working_point_mistag_percent,0.9920636688568429,min,0.9920636688568429,0.9920636688568429,0.16767973171242925,0.04174493842621582,3.2278347554580624,0.18785223009742655,0.4608294930875576,0.02087246921310791,2.827817210630765,1.0018785222291797,0.04969870132050605,0.07058399900210187,8,4771,0.020871016777401427,0.041721707537657575,2,4791,0.24623349544733789,0.2658362469831872,154,4771,0.053015005672246145,0.07380471676451744,9,4791,0.08818513233566361,0.10893452312389901,22,4774,0.01289961112322625,0.033759013264623106,1,4791,0.23021313649011568,0.24997111875443082,135,4774,0.13400538465729947,0.15445535188508328,48,4791,0.8909,0.9722503118967117,0.29185,0.9542436148038465,0.28964,False,/data/suehara/part/march/datasets/20250711_ilc_nnqq_sgv_10m_3cat_parquet,val5k_tail,15000,proxy
86,86,1740000,,lr_6e-6,7.523187690817964e-06,validation_working_point_mistag_percent,1.0381540544958456,min,1.0381540544958456,1.0381540544958456,0.14629049485009957,0.04190236748376283,3.3855799534983855,0.251414204902577,0.4604436885294046,0.020951183741881416,2.8882377886665003,1.110412754294153,0.045803239744487356,0.06663638203821157,7,4785,0.02094972032973308,0.04187896106392506,2,4773,0.25186906078642146,0.27134855099231125,162,4785,0.06280271318184487,0.08364418188527901,12,4773,0.08811142976205008,0.10884361486341318,22,4778,0.012948257229132083,0.03388627516639983,1,4773,0.23260361454690537,0.25231977367794445,138,4778,0.141766384787273,0.16224798816460023,53,4773,0.88888,0.9720286456803365,0.29332,0.9542436148038465,0.29308,False,/data/suehara/part/march/datasets/20250711_ilc_nnqq_sgv_10m_3cat_parquet,val5k_tail,15000,proxy
86,86,1740000,,lr_9e-6,7.523187690817966e-06,validation_working_point_mistag_percent,1.041838337474144,min,1.041838337474144,1.041838337474144,0.1678556441460344,0.041736227045075125,3.399076685132618,0.22954925459539843,0.481372947098923,0.020868113522537562,2.8882377886665003,1.1060100395860664,0.04975081464967093,0.07065794465002924,8,4766,0.020866661693008874,0.04171300585030281,2,4792,0.2528574581462322,0.272408925822356,162,4766,0.05951661244034767,0.08028458688276464,11,4792,0.09029388403718622,0.11101731029397764,23,4778,0.012896919277049088,0.03375197118044048,1,4792,0.23260361454690537,0.25231977367794445,138,4778,0.14120684240569692,0.16160909151202094,53,4792,0.89021,0.9723755127290827,0.2921,0.9542436148038465,0.2932,False,/data/suehara/part/march/datasets/20250711_ilc_nnqq_sgv_10m_3cat_parquet,val5k_tail,15000,proxy
87,87,1760000,,lr_14e-6,7.740231655698061e-06,validation_working_point_mistag_percent,1.0515131388207952,min,1.0515131388207952,1.0515131388207952,0.1465354787758778,0.041858518208455424,3.3075152402788497,0.2092925963893706,0.5019870448185977,0.020929259104227712,2.9700899488224173,1.2138970241685645,0.04587991455145648,0.06674783607405153,7,4777,0.02092779875353912,0.041835160746337426,2,4778,0.24912865690157118,0.2686734391632327,158,4777,0.056505226475652,0.07734251771187631,10,4778,0.09237141291402011,0.11307321674839857,24,4781,0.01293470765705301,0.03385082849442308,1,4778,0.23585159044020693,0.25552114713642515,142,4781,0.14852569544278343,0.16894256213956324,58,4778,0.88923,0.9716663618040832,0.29456,0.9542436148038465,0.28635,False,/data/suehara/part/march/datasets/20250711_ilc_nnqq_sgv_10m_3cat_parquet,val5k_tail,15000,proxy
87,87,1760000,,lr_3e-6,6.335315950162496e-06,validation_working_point_mistag_percent,1.0358194462102288,min,1.0358194462102288,1.0358194462102288,0.1465354787758778,0.041858518208455424,3.2447142376715057,0.2092925963893706,0.4810708995268275,0.020929259104227712,2.9282575558370003,1.2138970241685645,0.04587991455145648,0.06674783607405153,7,4777,0.02092779875353912,0.041835160746337426,2,4778,0.24673299068620308,0.2663040604828505,155,4777,0.056505226475652,0.07734251771187631,10,4778,0.09023732577909489,0.11094787747057627,23,4781,0.01293470765705301,0.03385082849442308,1,4778,0.2341621625466198,0.2538492149570436,140,4781,0.14852569544278343,0.16894256213956324,58,4778,0.88958,0.9716351425193004,0.29464,0.9542436148038465,0.28695,False,/data/suehara/part/march/datasets/20250711_ilc_nnqq_sgv_10m_3cat_parquet,val5k_tail,15000,proxy
87,87,1760000,,lr_6e-6,7.523187690817964e-06,validation_working_point_mistag_percent,1.017726481995714,min,1.017726481995714,1.017726481995714,0.16760946993505133,0.04182350480970305,3.2474334592281995,0.23002928085734203,0.46015479108371454,0.020911752404851526,2.9491737118262265,1.0246758858206237,0.04967788654531877,0.07055446406105609,8,4773,0.020910294496419086,0.041800186403251734,2,4782,0.24693668923496498,0.2665230178985629,155,4773,0.059640981690812125,0.08045217580477676,11,4782,0.08805623362875313,0.10877553317733762,22,4781,0.012923888399800581,0.03382252450584078,1,4782,0.23500850534401777,0.2546868098973396,141,4781,0.13573525040325077,0.15621416494732854,49,4782,0.88993,0.9723647068134805,0.29213,0.9542436148038465,0.28876,False,/data/suehara/part/march/datasets/20250711_ilc_nnqq_sgv_10m_3cat_parquet,val5k_tail,15000,proxy
87,87,1760000,,lr_9e-6,7.523187690817966e-06,validation_working_point_mistag_percent,1.0309855304063862,min,1.0309855304063862,1.0309855304063862,0.1672940192388122,0.041788549937317176,3.1367629433022657,0.22983702318970553,0.4823825410731039,0.020894274968658588,2.9152684493786496,1.2536564421625764,0.04958443541231393,0.07042186212390122,8,4782,0.020892819496360855,0.04176527048865778,2,4786,0.2424328851368819,0.26202863556099787,150,4782,0.059591171669438066,0.08038505634683298,11,4786,0.09048292467640495,0.11124938198387585,23,4768,0.012913087226991995,0.033794267809833585,1,4786,0.2339402509672014,0.2536864164289856,139,4768,0.15095088081469085,0.1713170155553974,60,4786,0.88979,0.9720167631001292,0.29328,0.9542436148038465,0.29206,False,/data/suehara/part/march/datasets/20250711_ilc_nnqq_sgv_10m_3cat_parquet,val5k_tail,15000,proxy
88,88,1780000,,lr_14e-6,7.3532200729131576e-06,validation_working_point_mistag_percent,1.0437687411171745,min,1.0437687411171745,1.0437687411171745,0.1460767983788899,0.04184975936388366,3.1928214134273425,0.2301736691521836,0.5246589548674495,0.02092487968194183,2.9590765528311387,1.2345679012345678,0.045736359210087695,0.06653916463689442,7,4792,0.020923419942392277,0.04182641167487599,2,4779,0.24436563235534503,0.26389710685192497,153,4792,0.05967839388611147,0.080502589000546,11,4779,0.09477792755079031,0.11553971564492857,25,4765,0.01293200114484,0.03384374805710697,1,4779,0.2357870220494572,0.2555272332956982,141,4765,0.14983864389167578,0.17024259037651465,59,4779,0.88979,0.9721211003540389,0.29313,0.9542436148038465,0.28865,False,/data/suehara/part/march/datasets/20250711_ilc_nnqq_sgv_10m_3cat_parquet,val5k_tail,15000,proxy
88,88,1780000,,lr_3e-6,6.018550152654371e-06,validation_working_point_mistag_percent,1.0392108449088961,min,1.0392108449088961,1.0392108449088961,0.16792611251049538,0.020855057351407715,3.1696053342964285,0.20855057351407716,0.48147373750894645,0.020855057351407715,2.8888422128189286,1.355578673919476,0.049771690595513625,0.07068756630904541,8,4764,0.012888850475002026,0.03373086254449684,1,4795,0.24415368208888544,0.26380967143888046,151,4764,0.056305024046937865,0.07706876442495539,10,4795,0.0903127525482602,0.1110404738842663,23,4777,0.012888850475002026,0.03373086254449684,1,4795,0.23265166977011303,0.25237170226501093,138,4777,0.1571429790898169,0.17742839246436165,65,4795,0.88993,0.9720769799216281,0.29342,0.9542436148038465,0.28788,False,/data/suehara/part/march/datasets/20250711_ilc_nnqq_sgv_10m_3cat_parquet,val5k_tail,15000,proxy
88,88,1780000,,lr_6e-6,7.523187690817964e-06,validation_working_point_mistag_percent,1.035854808310693,min,1.035854808310693,1.035854808310693,0.16782043213761275,0.04184975936388366,3.14663303459341,0.2301736691521836,0.459290173260518,0.02092487968194183,2.901879041511159,1.3182674767848361,0.0497403832424323,0.07064314312828063,8,4767,0.020923419942392277,0.04182641167487599,2,4779,0.24318477297513783,0.26283803090190805,150,4767,0.05967839388611147,0.080502589000546,11,4779,0.08789105937019254,0.10857179817716751,22,4790,0.01293200114484,0.03384374805710697,1,4779,0.2328799200479726,0.2525410016950589,139,4790,0.15510007072841672,0.17546899649412262,63,4779,0.88923,0.9720146241246427,0.29363,0.9542436148038465,0.28825,False,/data/suehara/part/march/datasets/20250711_ilc_nnqq_sgv_10m_3cat_parquet,val5k_tail,15000,proxy
88,88,1780000,,lr_9e-6,7.523187690817966e-06,validation_working_point_mistag_percent,1.038464384124483,min,1.038464384124483,1.038464384124483,0.16782043213761275,0.04184975936388366,3.14663303459341,0.2301736691521836,0.459290173260518,0.02092487968194183,2.9227556480214782,1.3182674767848361,0.0497403832424323,0.07064314312828063,8,4767,0.020923419942392277,0.04182641167487599,2,4779,0.24318477297513783,0.26283803090190805,150,4767,0.05967839388611147,0.080502589000546,11,4779,0.08789105937019254,0.10857179817716751,22,4790,0.01293200114484,0.03384374805710697,1,4779,0.23372802458582093,0.25338039121444617,140,4790,0.15510007072841672,0.17546899649412262,63,4779,0.8893,0.9720244072758714,0.2936,0.9542436148038465,0.28824,False,/data/suehara/part/march/datasets/20250711_ilc_nnqq_sgv_10m_3cat_parquet,val5k_tail,15000,proxy
89,89,1800000,,lr_14e-6,7.3532200729131576e-06,validation_working_point_mistag_percent,1.0066532764083205,min,1.0066532764083205,1.0066532764083205,0.14568157798472514,0.06289308176100629,3.184183060402171,0.20964360587002095,0.4830917874396135,0.020964360587002098,2.898550724637681,1.048218012584342,0.0456126692816467,0.06635936858181907,7,4805,0.02730834605962452,0.048241947785987525,3,4770,0.24371412588721983,0.26319636344753694,153,4805,0.056599932841732696,0.07747201684681752,10,4770,0.09061572478849923,0.11141241030406422,23,4761,0.012956400606867183,0.03390757882502396,1,4770,0.233423261938321,0.2532054749897119,138,4761,0.1375422536216071,0.15806280779081683,50,4770,0.8893,0.9721158083118665,0.29218,0.9542436148038465,0.28887,False,/data/suehara/part/march/datasets/20250711_ilc_nnqq_sgv_10m_3cat_parquet,val5k_tail,15000,proxy
89,89,1800000,,lr_3e-6,6.018550152654371e-06,validation_working_point_mistag_percent,1.0009459790830164,min,1.0009459790830164,1.0009459790830164,0.16722408026755853,0.041999160016799666,3.135451495016055,0.209995794700913,0.48016702685055096,0.020995171110644553,2.9227556480214782,1.0289794566801314,0.04956371622062809,0.070392462686556,8,4784,0.020998109827060435,0.04197564534668387,2,4762,0.2423329844485636,0.26192109249244394,150,4784,0.0566949572083424,0.07760195036388132,10,4762,0.09006807532829678,0.11074009911681126,23,4790,0.0,0.02099517111064455,0,4762,0.23372802458582093,0.25338039121444617,140,4790,0.1363029403186779,0.15686603944930505,49,4762,0.89049,0.9722442134492679,0.29201,0.9542436148038465,0.29318,False,/data/suehara/part/march/datasets/20250711_ilc_nnqq_sgv_10m_3cat_parquet,val5k_tail,15000,proxy
89,89,1800000,,lr_6e-6,7.523187690817964e-06,validation_working_point_mistag_percent,1.0247452750269572,min,1.0247452750269572,1.0247452750269572,0.16677089847821555,0.04149377593360996,3.2311861528763823,0.2282157647449824,0.4238186111184224,0.02074688796680498,2.9031574650397687,1.1825726440574713,0.04942946239185639,0.07020196305943535,8,4797,0.020745452957365237,0.04147082372030504,2,4820,0.24571951631200475,0.2652146450498071,155,4797,0.05917112196977374,0.07981903079879892,11,4820,0.08463580759161672,0.10564266411465205,20,4719,0.012822001055293498,0.03355597869977937,1,4820,0.23460614504406918,0.2545624342607584,137,4719,0.14589345048692648,0.16614544276483245,57,4820,0.88916,0.9721258997544995,0.29395,0.9542436148038465,0.28699,False,/data/suehara/part/march/datasets/20250711_ilc_nnqq_sgv_10m_3cat_parquet,val5k_tail,15000,proxy
89,89,1800000,,lr_9e-6,7.523187690817966e-06,validation_working_point_mistag_percent,1.0299999369627841,min,1.0299999369627841,1.0299999369627841,0.16677089847821555,0.04149377593360996,3.252032520325203,0.2282157647449824,0.4238186111184224,0.02074688796680498,2.9243483930775636,1.1825726440574713,0.04942946239185639,0.07020196305943535,8,4797,0.020745452957365237,0.04147082372030504,2,4820,0.24651769546284452,0.26600413459568206,156,4797,0.05917112196977374,0.07981903079879892,11,4820,0.08463580759161672,0.10564266411465205,20,4719,0.012822001055293498,0.03355597869977937,1,4820,0.23547324834468747,0.255420558353631,138,4719,0.14589345048692648,0.16614544276483245,57,4820,0.88888,0.9721378668171051,0.29395,0.9542436148038465,0.28665,False,/data/suehara/part/march/datasets/20250711_ilc_nnqq_sgv_10m_3cat_parquet,val5k_tail,15000,proxy
