generation,samples_seen,tier,member,dataset,suffix,status,rank,population_size,metric_name,metric_value,controller_objective_mistag_percent,validation_working_point_mistag_percent,btag_c_mistag_percent_at_0p80,btag_d_mistag_percent_at_0p80,btag_c_mistag_percent_at_0p90,btag_d_mistag_percent_at_0p90,ctag_b_mistag_percent_at_0p50,ctag_d_mistag_percent_at_0p50,ctag_b_mistag_percent_at_0p80,ctag_d_mistag_percent_at_0p80,btag_c_mistag_percent_at_0p80_err_low,btag_c_mistag_percent_at_0p80_err_high,btag_c_mistag_percent_at_0p80_passed,btag_c_mistag_percent_at_0p80_total,btag_d_mistag_percent_at_0p80_err_low,btag_d_mistag_percent_at_0p80_err_high,btag_d_mistag_percent_at_0p80_passed,btag_d_mistag_percent_at_0p80_total,btag_c_mistag_percent_at_0p90_err_low,btag_c_mistag_percent_at_0p90_err_high,btag_c_mistag_percent_at_0p90_passed,btag_c_mistag_percent_at_0p90_total,btag_d_mistag_percent_at_0p90_err_low,btag_d_mistag_percent_at_0p90_err_high,btag_d_mistag_percent_at_0p90_passed,btag_d_mistag_percent_at_0p90_total,ctag_b_mistag_percent_at_0p50_err_low,ctag_b_mistag_percent_at_0p50_err_high,ctag_b_mistag_percent_at_0p50_passed,ctag_b_mistag_percent_at_0p50_total,ctag_d_mistag_percent_at_0p50_err_low,ctag_d_mistag_percent_at_0p50_err_high,ctag_d_mistag_percent_at_0p50_passed,ctag_d_mistag_percent_at_0p50_total,ctag_b_mistag_percent_at_0p80_err_low,ctag_b_mistag_percent_at_0p80_err_high,ctag_b_mistag_percent_at_0p80_passed,ctag_b_mistag_percent_at_0p80_total,ctag_d_mistag_percent_at_0p80_err_low,ctag_d_mistag_percent_at_0p80_err_high,ctag_d_mistag_percent_at_0p80_passed,ctag_d_mistag_percent_at_0p80_total
-1,0,monitor,initial_resume,/data/suehara/part/march/datasets/20250711_ilc_nnqq_sgv_10m_3cat_parquet,val50k_tail,completed,1,1,validation_working_point_mistag_percent,1.1257500139983279,1.1257500139983279,1.1257500139983279,0.1879999917382816,0.07800000076171876,3.5140000550939186,0.22000000671386738,0.619999975402833,0.07000000085449219,3.058000093322757,1.257999988098755,0.018401668178712582,0.020394108329909573,94,50000,0.011526437055627167,0.01352327711882593,39,50000,0.08142176978122029,0.08328117259316509,1757,50000,0.01998094010080432,0.021972100277600857,110,50000,0.03413025950578025,0.036105420002570304,310,50000,0.010871397397403768,0.01286855745420266,35,50000,0.07606595478549354,0.07794359723264539,1529,50000,0.0488774543595848,0.05082709536676482,629,50000
-1,0,full,initial_resume,/data/suehara/part/march/datasets/20250711_ilc_nnqq_sgv_10m_3cat_parquet,val1000k,completed,1,1,validation_working_point_mistag_percent,1.1313072129623953,1.1313072129623953,1.1313072129623953,0.19247839904587857,0.06304770869064794,3.627500640517944,0.21076234827899176,0.6021158580573605,0.06465658254444331,3.0198921154416616,1.2700040511222364,0.004339936560047281,0.0044398517484781986,1919,996995,0.0024673747861924744,0.0025678024489084704,627,994485,0.01867905326837435,0.01877207771252623,36166,996995,0.00454894912166005,0.004649079717054284,2096,994485,0.007692152247386775,0.007791081966492409,6013,998645,0.0024992632286233076,0.0025996876557524183,643,994485,0.017078047258652432,0.017172134869370206,30158,998645,0.01117976279529885,0.011277763161171225,12630,994485
1,40000,control,lr_14e-6,/data/suehara/part/march/datasets/20250711_ilc_nnqq_sgv_10m_3cat_parquet,val5k_tail,completed,1,4,validation_working_point_mistag_percent,1.099652613468706,1.099652613468706,1.099652613468706,0.2107481559536354,0.06255212836441991,3.4773445452792062,0.31276062988127734,0.4796663297672349,0.06255212836441991,2.898852983376691,1.2927440067627618,0.05689794718691703,0.07787951138584093,10,4745,0.027160321423668924,0.04798060404748701,3,4796,0.2563125698061379,0.2759175657719042,165,4745,0.07092435028420159,0.09164031416418429,15,4796,0.08997432135121235,0.110625002619318,23,4795,0.027160321423668924,0.04798060404748701,3,4796,0.2326402744743678,0.252282120607877,139,4795,0.15325905196270986,0.17356643409600392,62,4796
1,40000,control,lr_3e-6,/data/suehara/part/march/datasets/20250711_ilc_nnqq_sgv_10m_3cat_parquet,val5k_tail,completed,2,4,validation_working_point_mistag_percent,1.1671051477869365,1.1671051477869365,1.1671051477869365,0.18785223009742655,0.06266973211826066,3.527447405147473,0.31334865459842115,0.48339637883476805,0.06266973211826066,3.3207229955165096,1.3787340538643726,0.053015005672246145,0.07380471676451744,9,4791,0.027211378778731362,0.04807074814777055,3,4787,0.25696406110304115,0.27635995121280055,169,4791,0.071057553314127,0.0918122113539763,15,4787,0.0906727585282362,0.11148242594364449,23,4758,0.027211378778731362,0.04807074814777055,3,4787,0.25010833766836926,0.26972560054172245,158,4758,0.15866970945226117,0.17897934434305315,66,4787
1,40000,control,lr_6e-6,/data/suehara/part/march/datasets/20250711_ilc_nnqq_sgv_10m_3cat_parquet,val5k_tail,completed,3,4,validation_working_point_mistag_percent,1.1697504029792813,1.1697504029792813,1.1697504029792813,0.18785223009742655,0.06266973211826066,3.506574894810378,0.31334865459842115,0.48339637883476805,0.06266973211826066,3.362757547392363,1.3787340538643726,0.053015005672246145,0.07380471676451744,9,4791,0.027211378778731362,0.04807074814777055,3,4787,0.2561995213551903,0.27560412284609104,168,4791,0.071057553314127,0.0918122113539763,15,4787,0.0906727585282362,0.11148242594364449,23,4758,0.027211378778731362,0.04807074814777055,3,4787,0.25169759615506837,0.27129719377594685,160,4758,0.15866970945226117,0.17897934434305315,66,4787
1,40000,control,lr_9e-6,/data/suehara/part/march/datasets/20250711_ilc_nnqq_sgv_10m_3cat_parquet,val5k_tail,completed,4,4,validation_working_point_mistag_percent,1.1874167175931107,1.1874167175931107,1.1874167175931107,0.14625992291537876,0.041884816753926704,3.5520267984639013,0.2931937060344773,0.6282722312320975,0.06282722673703439,3.4345549024824154,1.3403141361256545,0.04579367340945279,0.06662247644902643,7,4786,0.02094094619055311,0.04186142993563103,2,4775,0.2579909316307513,0.2773968114115441,170,4786,0.06851776402953991,0.08933300954156778,14,4775,0.10446233774198954,0.1251372656099507,30,4775,0.027279754607573575,0.04819146849989734,3,4775,0.25395064411773,0.2734504117166317,164,4775,0.15651852919063794,0.1768952820649575,64,4775
1,40000,monitor,lr_14e-6,/data/suehara/part/march/datasets/20250711_ilc_nnqq_sgv_10m_3cat_parquet,val50k_tail,completed,1,4,validation_working_point_mistag_percent,1.0967500196016697,1.0967500196016697,1.0967500196016697,0.18199999600097666,0.07800000076171876,3.384000045439454,0.2179999950769044,0.6060000253363048,0.07000000085449219,2.988000081156008,1.2480000121875001,0.018090905588142768,0.020083585734539902,91,50000,0.011526437055627167,0.01352327711882593,39,50000,0.0799361677116181,0.08180077041956557,1692,50000,0.019885761057873055,0.0218770012330696,109,50000,0.033733992461741635,0.03570971294733199,303,50000,0.010871397397403768,0.01286855745420266,35,50000,0.07520572544292246,0.07708616783407528,1494,50000,0.04868131131179256,0.05063135231097287,624,50000
1,40000,monitor,lr_3e-6,/data/suehara/part/march/datasets/20250711_ilc_nnqq_sgv_10m_3cat_parquet,val50k_tail,completed,4,4,validation_working_point_mistag_percent,1.1225000038680464,1.1225000038680464,1.1225000038680464,0.1879999917382816,0.07800000076171876,3.504000018178711,0.2179999950769044,0.6179999851007084,0.07000000085449219,3.0500000872612025,1.2539999519723528,0.018401668178712582,0.020394108329909573,94,50000,0.011526437055627167,0.01352327711882593,39,50000,0.08130858806937313,0.08316839087331857,1752,50000,0.019885761057873055,0.0218770012330696,109,50000,0.034073930588247786,0.03604917108343793,309,50000,0.010871397397403768,0.01286855745420266,35,50000,0.07596819275642389,0.07784615519717542,1525,50000,0.048799094525391225,0.05074889552937143,627,50000
1,40000,monitor,lr_6e-6,/data/suehara/part/march/datasets/20250711_ilc_nnqq_sgv_10m_3cat_parquet,val50k_tail,completed,3,4,validation_working_point_mistag_percent,1.1149999762169367,1.1149999762169367,1.1149999762169367,0.1879999917382816,0.07800000076171876,3.477999903279803,0.2179999950769044,0.6160000022558594,0.07000000085449219,3.019999965438843,1.2519999503295918,0.018401668178712582,0.020394108329909573,94,50000,0.011526437055627167,0.01352327711882593,39,50000,0.08101347237266729,0.0828743151558127,1739,50000,0.019885761057873055,0.0218770012330696,109,50000,0.03401750887199722,0.03599282936558746,308,50000,0.010871397397403768,0.01286855745420266,35,50000,0.0756003277499584,0.07747949016671044,1510,50000,0.04875986599256737,0.05070974699494749,626,50000
1,40000,monitor,lr_9e-6,/data/suehara/part/march/datasets/20250711_ilc_nnqq_sgv_10m_3cat_parquet,val50k_tail,completed,2,4,validation_working_point_mistag_percent,1.1075000176450733,1.1075000176450733,1.1075000176450733,0.186000003178711,0.07800000076171876,3.430000096824649,0.22000000671386738,0.6160000022558594,0.07000000085449219,3.012000018383789,1.2480000121875001,0.018298640498242997,0.020291160647840055,93,50000,0.011526437055627167,0.01352327711882593,39,50000,0.08046540590986931,0.08232816865461554,1715,50000,0.01998094010080432,0.021972100277600857,110,50000,0.03401750887199722,0.03599282936558746,308,50000,0.010871397397403768,0.01286855745420266,35,50000,0.07550189263873935,0.07738137504909176,1506,50000,0.04868131131179256,0.05063135231097287,624,50000
3,80000,control,lr_14e-6,/data/suehara/part/march/datasets/20250711_ilc_nnqq_sgv_10m_3cat_parquet,val5k_tail,completed,4,4,validation_working_point_mistag_percent,1.1476950149604104,1.1476950149604104,1.1476950149604104,0.1668752607425949,0.06298551494618129,3.3375052573435866,0.31492757473090643,0.5649717514124294,0.041990342221289105,3.1596569051142294,1.5326475131720665,0.049460379450174646,0.07024583293891602,8,4794,0.0273484749269465,0.04831279670976264,3,4763,0.24983648181710685,0.26929946191518794,160,4794,0.07141521979385068,0.09227377245268373,15,4763,0.09856007442578885,0.11924418666369148,27,4779,0.020993701546624947,0.04196683742310633,2,4763,0.24339841196848594,0.2629968819132675,151,4779,0.16810103781113028,0.188448373037378,73,4763
3,80000,control,lr_3e-6,/data/suehara/part/march/datasets/20250711_ilc_nnqq_sgv_10m_3cat_parquet,val5k_tail,completed,1,4,validation_working_point_mistag_percent,1.0881584242562736,1.0881584242562736,1.0881584242562736,0.18899622976515282,0.06276150467336475,3.254934974310072,0.3138075413981654,0.5214852047590935,0.06276150467336475,3.108051822837347,1.192468611633629,0.0533376772994073,0.07425348825045679,9,4762,0.0272512229625944,0.04814109474411451,3,4780,0.2474985977889973,0.26712701059550537,155,4762,0.07116150208814637,0.09194635566213473,15,4780,0.09420570271667042,0.11484324799724589,25,4794,0.0272512229625944,0.04814109474411451,3,4780,0.2410186579296321,0.26057734333887855,149,4794,0.14710828770664128,0.16752557755426845,57,4780
3,80000,control,lr_6e-6,/data/suehara/part/march/datasets/20250711_ilc_nnqq_sgv_10m_3cat_parquet,val5k_tail,completed,3,4,validation_working_point_mistag_percent,1.109709506619656,1.109709506619656,1.109709506619656,0.16736401673640167,0.04175365344467641,3.3263598512182826,0.2713987404739605,0.5035669453358318,0.06263048176311534,3.2102391030767508,1.2943632609082287,0.04960517193378195,0.07045128612883048,8,4780,0.020875373680074177,0.04173041285626091,2,4790,0.24976718951503668,0.2692918245986442,159,4780,0.06549612541394854,0.0862552993870688,13,4790,0.09266159364186966,0.1134278756085412,24,4766,0.02719433834479813,0.04804066250252428,3,4790,0.24567914742176822,0.26530984211684194,153,4766,0.15344998701593837,0.17378212508448976,62,4790
3,80000,control,lr_9e-6,/data/suehara/part/march/datasets/20250711_ilc_nnqq_sgv_10m_3cat_parquet,val5k_tail,completed,2,4,validation_working_point_mistag_percent,1.098829089337277,1.098829089337277,1.098829089337277,0.16680567139282734,0.06276150467336475,3.148457082599197,0.3138075413981654,0.5042016936025333,0.06276150467336475,3.1092436376765216,1.4225940786822424,0.04943976378243364,0.07021658026298695,8,4796,0.0272512229625944,0.04814109474411451,3,4780,0.24254806627455466,0.26208175105773557,151,4796,0.07116150208814637,0.09194635566213473,15,4780,0.09277817706231797,0.11357036287173933,24,4760,0.0272512229625944,0.04814109474411451,3,4780,0.24189099176602258,0.26158885200652654,148,4760,0.16140609254366844,0.18172711570105804,68,4780
3,80000,monitor,lr_14e-6,/data/suehara/part/march/datasets/20250711_ilc_nnqq_sgv_10m_3cat_parquet,val50k_tail,completed,1,4,validation_working_point_mistag_percent,1.0844999837824254,1.0844999837824254,1.0844999837824254,0.18399999640625006,0.07800000076171876,3.3639999240307636,0.2119999968945313,0.5880000122021487,0.07199999859375003,2.943999942500001,1.2339999988702393,0.018195055988739096,0.02018765613673616,92,50000,0.011526437055627167,0.01352327711882593,39,50000,0.07970482081957747,0.08157022351152482,1682,50000,0.019597563594981507,0.021589043765378152,106,50000,0.03321760263126847,0.035194043102459126,294,50000,0.01103850796111245,0.013035588019511294,36,50000,0.07465935292494154,0.07654155528089464,1472,50000,0.04840533681590049,0.050355937803880924,617,50000
3,80000,monitor,lr_3e-6,/data/suehara/part/march/datasets/20250711_ilc_nnqq_sgv_10m_3cat_parquet,val50k_tail,completed,4,4,validation_working_point_mistag_percent,1.1062499992966275,1.1062499992966275,1.1062499992966275,0.186000003178711,0.07800000076171876,3.416000081834719,0.2179999950769044,0.6179999851007084,0.07000000085449219,3.013999927565767,1.25,0.018298640498242997,0.020291160647840055,93,50000,0.011526437055627167,0.01352327711882593,39,50000,0.08030475228599787,0.08216807501954387,1708,50000,0.019885761057873055,0.0218770012330696,109,50000,0.034073930588247786,0.03604917108343793,309,50000,0.010871397397403768,0.01286855745420266,35,50000,0.07552651482681458,0.07740591723876672,1507,50000,0.048720604947048024,0.05067056594782807,625,50000
3,80000,monitor,lr_6e-6,/data/suehara/part/march/datasets/20250711_ilc_nnqq_sgv_10m_3cat_parquet,val50k_tail,completed,3,4,validation_working_point_mistag_percent,1.0952499875069057,1.0952499875069057,1.0952499875069057,0.18199999600097666,0.07800000076171876,3.3800000631790175,0.2179999950769044,0.5999999816894537,0.07000000085449219,2.983999862492682,1.25,0.018090905588142768,0.020083585734539902,91,50000,0.011526437055627167,0.01352327711882593,39,50000,0.0798899590453088,0.08175472175005541,1690,50000,0.019885761057873055,0.0218770012330696,109,50000,0.03356273971494754,0.035538700195738,300,50000,0.010871397397403768,0.01286855745420266,35,50000,0.07515623782294416,0.07703684021089681,1492,50000,0.048720604947048024,0.05067056594782807,625,50000
3,80000,monitor,lr_9e-6,/data/suehara/part/march/datasets/20250711_ilc_nnqq_sgv_10m_3cat_parquet,val50k_tail,completed,2,4,validation_working_point_mistag_percent,1.0877500142442043,1.0877500142442043,1.0877500142442043,0.18000000439453137,0.07800000076171876,3.3660000532871255,0.21600000527343763,0.5960000083666993,0.07000000085449219,2.956000090209964,1.239999950805666,0.017986179985518026,0.019978940130315186,90,50000,0.011526437055627167,0.01352327711882593,39,50000,0.07972798972778819,0.08159331242133597,1683,50000,0.019790142708457595,0.02178146288205414,108,50000,0.03344808712986139,0.03542420760745185,298,50000,0.010871397397403768,0.01286855745420266,35,50000,0.07480880388073714,0.07669052624629004,1478,50000,0.04852380932178924,0.05047417031456957,620,50000
5,120000,control,lr_14e-6,/data/suehara/part/march/datasets/20250711_ilc_nnqq_sgv_10m_3cat_parquet,val5k_tail,completed,2,4,validation_working_point_mistag_percent,1.0834399732202389,1.0834399732202389,1.0834399732202389,0.19015422640516128,0.062009096231804416,3.2748784650606257,0.22736668331487414,0.5666317075469333,0.02066969822240595,3.1269674461103167,1.1988424628697896,0.05366430080707956,0.07470775064391359,9,4733,0.02692456515751017,0.0475643630105099,3,4838,0.24899232030547586,0.2687325490707604,155,4733,0.05895113118436226,0.07952258533586196,11,4838,0.09884903709449985,0.1195932117947088,27,4765,0.012774297255835603,0.03343118103421031,1,4838,0.2424645806082544,0.26213433827877786,149,4765,0.1466928690786351,0.16686280398382214,58,4838
5,120000,control,lr_3e-6,/data/suehara/part/march/datasets/20250711_ilc_nnqq_sgv_10m_3cat_parquet,val5k_tail,completed,4,4,validation_working_point_mistag_percent,1.1224751708636762,1.1224751708636762,1.1224751708636762,0.2305113189583601,0.062111801242236024,3.5205364176704754,0.2484472049689441,0.5280946328563404,0.041407867494824016,3.168567860969512,1.1801242627487174,0.059765871807038747,0.08062046585019396,11,4772,0.02696915504496845,0.047643089302371794,3,4830,0.2572030220969204,0.2766790177128012,168,4772,0.062062156541840025,0.08265894925350678,12,4830,0.0953973536390462,0.11629361778495595,25,4734,0.020702504674366694,0.04138501021462967,2,4830,0.24485544988561736,0.2646364138529457,150,4734,0.14559286967401347,0.16580395465699752,57,4830
5,120000,control,lr_6e-6,/data/suehara/part/march/datasets/20250711_ilc_nnqq_sgv_10m_3cat_parquet,val5k_tail,completed,3,4,validation_working_point_mistag_percent,1.0941010110966833,1.0941010110966833,1.0941010110966833,0.21128249013127395,0.062009096231804416,3.3593914793681354,0.24803638492721766,0.5666317075469333,0.02066969822240595,3.1479538552119433,1.1368333771337527,0.05704211160461863,0.07807663526972972,10,4733,0.02692456515751017,0.0475643630105099,3,4838,0.25220919082962756,0.2719137149080203,159,4733,0.06195961408531976,0.08252252527413194,12,4838,0.09884903709449985,0.1195932117947088,27,4765,0.012774297255835603,0.03343118103421031,1,4838,0.24328537708892572,0.26294632806248486,150,4765,0.1426373962487003,0.16283296004194983,55,4838
5,120000,control,lr_9e-6,/data/suehara/part/march/datasets/20250711_ilc_nnqq_sgv_10m_3cat_parquet,val5k_tail,completed,1,4,validation_working_point_mistag_percent,1.0726213827757076,1.0726213827757076,1.0726213827757076,0.2305113189583601,0.062111801242236024,3.310980702344358,0.2484472049689441,0.5280946328563404,0.020703933747412008,3.0207011782329385,1.1594202898550725,0.059765871807038747,0.08062046585019396,11,4772,0.02696915504496845,0.047643089302371794,3,4830,0.24938572305241644,0.26894952748532164,158,4772,0.062062156541840025,0.08265894925350678,12,4830,0.0953973536390462,0.11629361778495595,25,4734,0.01279545504960757,0.033486531872730166,1,4830,0.2390091013035188,0.25885252208084664,143,4734,0.14423894734846063,0.1644586036143045,56,4830
5,120000,monitor,lr_14e-6,/data/suehara/part/march/datasets/20250711_ilc_nnqq_sgv_10m_3cat_parquet,val50k_tail,completed,1,4,validation_working_point_mistag_percent,1.0757500050079445,1.0757500050079445,1.0757500050079445,0.18199999600097666,0.08,3.354000067682878,0.21399999346923848,0.5699999930419922,0.07199999859375003,2.9240000254315186,1.2099999658432017,0.018090905588142768,0.020083585734539902,91,50000,0.01168489893295662,0.013681658997755336,40,50000,0.07958886172387894,0.08145466440782692,1677,50000,0.01969407896430784,0.021685479136304482,107,50000,0.03269311541302623,0.03467027586981719,285,50000,0.01103850796111245,0.013035588019511294,36,50000,0.07440952647155066,0.07629252881150433,1462,50000,0.04792843542947515,0.04987999639825599,605,50000
5,120000,monitor,lr_3e-6,/data/suehara/part/march/datasets/20250711_ilc_nnqq_sgv_10m_3cat_parquet,val50k_tail,completed,4,4,validation_working_point_mistag_percent,1.1019999721941385,1.1019999721941385,1.1019999721941385,0.18399999640625006,0.07800000076171876,3.40199997793808,0.2179999950769044,0.6139999790136726,0.07000000085449219,2.997999877172399,1.2519999503295918,0.018195055988739096,0.02018765613673616,92,50000,0.011526437055627167,0.01352327711882593,39,50000,0.08014373308419392,0.08200761580654109,1701,50000,0.019885761057873055,0.0218770012330696,109,50000,0.033960993907900146,0.035936394399890305,307,50000,0.010871397397403768,0.01286855745420266,35,50000,0.07532928610935186,0.07720932850850404,1499,50000,0.04875986599256737,0.05070974699494749,626,50000
5,120000,monitor,lr_6e-6,/data/suehara/part/march/datasets/20250711_ilc_nnqq_sgv_10m_3cat_parquet,val50k_tail,completed,2,4,validation_working_point_mistag_percent,1.0847499947998145,1.0847499947998145,1.0847499947998145,0.17599999828125001,0.07800000076171876,3.362000014492264,0.2119999968945313,0.5960000083666993,0.07000000085449219,2.9519999342358414,1.2320000045117188,0.017774964627493357,0.019767884769090572,88,50000,0.011526437055627167,0.01352327711882593,39,50000,0.07968164428316035,0.08154712697350727,1681,50000,0.019597563594981507,0.021589043765378152,106,50000,0.03344808712986139,0.03542420760745185,298,50000,0.010871397397403768,0.01286855745420266,35,50000,0.07475902380111275,0.07664090616346618,1476,50000,0.04836577965198589,0.05031646063836624,616,50000
5,120000,monitor,lr_9e-6,/data/suehara/part/march/datasets/20250711_ilc_nnqq_sgv_10m_3cat_parquet,val50k_tail,completed,3,4,validation_working_point_mistag_percent,1.0857499907217516,1.0857499907217516,1.0857499907217516,0.18399999640625006,0.08,3.3740000925409723,0.2119999968945313,0.589999979293824,0.07199999859375003,2.939999863174445,1.2339999988702393,0.018195055988739096,0.02018765613673616,92,50000,0.01168489893295662,0.013681658997755336,40,50000,0.07982058920962196,0.08168559190956867,1687,50000,0.019597563594981507,0.021589043765378152,106,50000,0.033275372409073425,0.03525173288186399,295,50000,0.01103850796111245,0.013035588019511294,36,50000,0.0746094619825638,0.07649182433531743,1470,50000,0.04840533681590049,0.050355937803880924,617,50000
5,120000,full,lr_14e-6,/data/suehara/part/march/datasets/20250711_ilc_nnqq_sgv_10m_3cat_parquet,val1000k,completed,1,4,validation_working_point_mistag_percent,1.0843909529351727,1.0843909529351727,1.0843909529351727,0.19057267764266345,0.062142719190008494,3.450268048463852,0.20663962215117723,0.5700724324972254,0.0642543619354399,2.8860107020988597,1.2451670595021556,0.004318192986008107,0.004418111997376564,1900,996995,0.00244925831941826,0.002549687802151895,618,994485,0.018232488080058284,0.018325868057399164,34399,996995,0.004503841497154482,0.004603980383740148,2055,994485,0.007484530131361949,0.0075835240241964134,5693,998645,0.0024913287199497796,0.0025917539559756116,639,994485,0.01670556000128824,0.016799915737867113,28821,998645,0.011070798017514226,0.011168848332759364,12383,994485
5,120000,full,lr_3e-6,/data/suehara/part/march/datasets/20250711_ilc_nnqq_sgv_10m_3cat_parquet,val1000k,completed,4,4,validation_working_point_mistag_percent,1.1092121014362084,1.1092121014362084,1.1092121014362084,0.18936904992655362,0.0629471547417334,3.5280016559040974,0.20985736577386985,0.5918018966268304,0.06435491736929164,2.9685222988518243,1.2588424722954676,0.004304403838951499,0.004404325264806795,1888,996995,0.002465368303898347,0.0025657961688385178,626,994485,0.018429887747667406,0.018523111789399416,35174,996995,0.0045390857408370185,0.004639218156248827,2087,994485,0.00762595126560222,0.0077249016406268425,5910,998645,0.002493314673343366,0.0025937397071450013,640,994485,0.016936216061023274,0.017030406550250232,29645,998645,0.011130933015686753,0.01122895582844341,12519,994485
5,120000,full,lr_6e-6,/data/suehara/part/march/datasets/20250711_ilc_nnqq_sgv_10m_3cat_parquet,val1000k,completed,3,4,validation_working_point_mistag_percent,1.0951632630875456,1.0951632630875456,1.0951632630875456,0.1883660293179124,0.06254493603993898,3.466817800371129,0.20804738563647657,0.581387766993168,0.06485769231073739,2.937380209235003,1.2519042847959991,0.004292879188479821,0.004392802626407527,1878,996995,0.002457326280387226,0.0025577549542241183,622,994485,0.018274720886297252,0.018368067664444737,34564,996995,0.0045192945777436724,0.004619430633190803,2069,994485,0.0075585090916334766,0.0076574803231199695,5806,998645,0.002503221214178691,0.0026036452368594304,645,994485,0.01684957726890944,0.01694383012697913,29334,998645,0.011100465970578094,0.01119850273680334,12450,994485
5,120000,full,lr_9e-6,/data/suehara/part/march/datasets/20250711_ilc_nnqq_sgv_10m_3cat_parquet,val1000k,completed,2,4,validation_working_point_mistag_percent,1.090868414246948,1.090868414246948,1.090868414246948,0.1892687484534696,0.062444378805347256,3.4677205568375253,0.206337952827522,0.5748789579617131,0.06505880149806785,2.911344719989196,1.2498931976027439,0.004303252757056355,0.004403174384118888,1887,996995,0.0024553117315549277,0.0025557406076160165,621,994485,0.018277021265419163,0.018370366232701302,34573,996995,0.004500523239767433,0.004600662733025623,2052,994485,0.0075160452443456295,0.0076150295111207696,5741,998645,0.0025071730588127855,0.002607596677045175,647,994485,0.016776759655885015,0.01687106465510929,29074,998645,0.011091618562400832,0.011189659373109576,12430,994485
5,120000,full_holdout,lr_14e-6,/data/suehara/part/march/datasets/20250711_ilc_nnqq_sgv_10m_3cat_parquet,val_holdout,completed,1,4,validation_working_point_mistag_percent,1.084475502300856,1.084475502300856,1.084475502300856,0.19076534581691323,0.06120374436618487,3.455007790255469,0.2058574640606968,0.5701296632628179,0.06397121794967404,2.882121870753748,1.2467469219413456,0.004443271827789599,0.004549024367410176,1797,941995,0.0024989882072733107,0.0026052990969627795,575,939485,0.018768280937938447,0.018867102997217194,32546,941995,0.004623473056774522,0.004729476004206555,1934,939485,0.0076984911746368935,0.007803254762556947,5380,943645,0.002555993212342985,0.002662298210569095,601,939485,0.01717283997682527,0.017272703438367745,27197,943645,0.011395962453978475,0.01149974953140627,11713,939485
5,120000,full_holdout,lr_3e-6,/data/suehara/part/march/datasets/20250711_ilc_nnqq_sgv_10m_3cat_parquet,val_holdout,completed,4,4,validation_working_point_mistag_percent,1.109830060530245,1.109830060530245,1.109830060530245,0.1900222322764313,0.0621617177455845,3.535793802190907,0.2092635924264563,0.591430022311286,0.06418410307377764,2.9659458851551324,1.2598391290623834,0.004434523314140819,0.0045402774314830295,1790,941995,0.0025188640340831022,0.0026251728844198566,584,939485,0.01897912796040499,0.019077778498804293,33307,941995,0.004661921049608055,0.004767916746008282,1966,939485,0.007841122466935215,0.007945840909995543,5581,943645,0.002560326588048204,0.0026666311330848314,603,939485,0.01741404425931181,0.017513730061233246,27988,943645,0.011455163124611187,0.01155892233088568,11836,939485
5,120000,full_holdout,lr_6e-6,/data/suehara/part/march/datasets/20250711_ilc_nnqq_sgv_10m_3cat_parquet,val_holdout,completed,3,4,validation_working_point_mistag_percent,1.0953588332384694,1.0953588332384694,1.0953588332384694,0.18864218386487583,0.061842391434406035,3.4718868405192707,0.2071347582655574,0.5806209089265237,0.06471630841492128,2.935426090516436,1.2526011839657645,0.004418230319958223,0.004523987367354896,1777,941995,0.002512255909127971,0.0026185654392489707,581,939485,0.01881255936655099,0.018911345589010115,32705,941995,0.00463792828496244,0.004743928513257492,1946,939485,0.007769075048912229,0.00787381640130428,5479,943645,0.0025711286448632485,0.0026774320569261482,608,939485,0.017326659652659726,0.017426410139752962,27700,943645,0.011422473999633288,0.011526248614350358,11768,939485
5,120000,full_holdout,lr_9e-6,/data/suehara/part/march/datasets/20250711_ilc_nnqq_sgv_10m_3cat_parquet,val_holdout,completed,2,4,validation_working_point_mistag_percent,1.0908395582291275,1.0908395582291275,1.0908395582291275,0.18970377658026755,0.06152306690686097,3.4708252027794777,0.20564458229950405,0.5745804776077477,0.06492918739758713,2.9092507190058936,1.2502594532556806,0.004430768686515844,0.004536523480024469,1787,941995,0.0025056306779293455,0.002611940887834569,578,939485,0.018809778093375334,0.0189085665697232,32695,941995,0.00462105947046129,0.0047270628710828055,1932,939485,0.007728515854877292,0.007833270009542995,5422,943645,0.002575437007459728,0.0026817399663331453,610,939485,0.01725131844840279,0.017351124412015237,27453,943645,0.01141187711717357,0.01151565671697486,11746,939485
7,160000,control,lr_14e-6,/data/suehara/part/march/datasets/20250711_ilc_nnqq_sgv_10m_3cat_parquet,val5k_tail,completed,3,4,validation_working_point_mistag_percent,1.1202406212852705,1.1202406212852705,1.1202406212852705,0.1879306840429139,0.06263048176311534,3.257465112234761,0.25052192705246135,0.5045196681914806,0.04175365344467641,3.258356075435,1.3987473681177547,0.053037133496975135,0.07383549229678206,9,4789,0.02719433834479813,0.04804066250252428,3,4790,0.24692335531019438,0.2664400713753241,156,4789,0.06258000249629564,0.08334789148787651,12,4790,0.09283657885180568,0.11364174082942446,24,4757,0.020875373680074177,0.04173041285626091,2,4790,0.24775485670050884,0.2674024581688625,155,4757,0.15982586185286934,0.1801144248291177,67,4790
7,160000,control,lr_3e-6,/data/suehara/part/march/datasets/20250711_ilc_nnqq_sgv_10m_3cat_parquet,val5k_tail,completed,4,4,validation_working_point_mistag_percent,1.125901050544005,1.125901050544005,1.125901050544005,0.20995171648727098,0.020846362309776944,3.6321646312315945,0.2501563477173233,0.5653266440027639,0.04169272461955389,3.0988273716826775,1.18824260630108,0.05668306171712986,0.0775856848442892,10,4763,0.012883476880352901,0.03371680478268314,1,4797,0.2615001639138782,0.28096608977360094,173,4763,0.0624887565346247,0.08322649878234573,12,4797,0.09862185268701981,0.11931880615858549,27,4776,0.02084491350545256,0.04166955180281832,2,4797,0.24109208830325676,0.2607283338671315,148,4776,0.14658951866168174,0.16693622868600155,57,4797
7,160000,control,lr_6e-6,/data/suehara/part/march/datasets/20250711_ilc_nnqq_sgv_10m_3cat_parquet,val5k_tail,completed,2,4,validation_working_point_mistag_percent,1.0762369404391607,1.0762369404391607,1.0762369404391607,0.18840276564772707,0.020833333333333332,3.0353778110019247,0.25,0.5673460720140638,0.041666666666666664,3.1729355415162366,1.3333333333333333,0.05317028932623419,0.07402068582550558,9,4777,0.012875424884436151,0.03369574009654474,1,4800,0.23855846306755807,0.258217157980823,145,4777,0.06244973252634259,0.08317458151613634,12,4800,0.09897339757606446,0.11974342023106038,27,4759,0.02083188633959509,0.04164352280422051,2,4800,0.24440648111058658,0.2640817182993881,151,4759,0.1557078881217115,0.1759814422423808,64,4800
7,160000,control,lr_9e-6,/data/suehara/part/march/datasets/20250711_ilc_nnqq_sgv_10m_3cat_parquet,val5k_tail,completed,1,4,validation_working_point_mistag_percent,1.0577325441859622,1.0577325441859622,1.0577325441859622,0.23094688221709006,0.020846362309776944,3.191266090606519,0.229309983948721,0.5862646641086171,0.04169272461955389,2.994137341476416,1.1673963042010038,0.05987872096138395,0.08077252999487802,11,4763,0.012883476880352901,0.03371680478268314,1,4797,0.24501937443796062,0.26467039626465394,152,4763,0.05945462212256364,0.08020105397524915,11,4797,0.10059599613745587,0.1212841834279662,28,4776,0.02084491350545256,0.04166955180281832,2,4797,0.23693587157535279,0.2566159480445036,143,4776,0.14522642343016978,0.16558182305945435,56,4797
7,160000,monitor,lr_14e-6,/data/suehara/part/march/datasets/20250711_ilc_nnqq_sgv_10m_3cat_parquet,val50k_tail,completed,1,4,validation_working_point_mistag_percent,1.0697500267167868,1.0697500267167868,1.0697500267167868,0.186000003178711,0.07800000076171876,3.33000008129883,0.21399999346923848,0.5560000169677739,0.07199999859375003,2.918000148491371,1.203999970972901,0.018298640498242997,0.020291160647840055,93,50000,0.011526437055627167,0.01352327711882593,39,50000,0.07930977687346172,0.08117653953821011,1665,50000,0.01969407896430784,0.021685479136304482,107,50000,0.03227933793455802,0.0342570583801491,278,50000,0.01103850796111245,0.013035588019511294,36,50000,0.07433439665071005,0.07621763898586383,1459,50000,0.04780844621393998,0.04976024717792092,602,50000
7,160000,monitor,lr_3e-6,/data/suehara/part/march/datasets/20250711_ilc_nnqq_sgv_10m_3cat_parquet,val50k_tail,completed,4,4,validation_working_point_mistag_percent,1.0929999986686056,1.0929999986686056,1.0929999986686056,0.18199999600097666,0.07800000076171876,3.3740000925409723,0.2179999950769044,0.5980000177020269,0.07000000085449219,2.9799998385772795,1.2440000478344746,0.018090905588142768,0.020083585734539902,91,50000,0.011526437055627167,0.01352327711882593,39,50000,0.07982058920962196,0.08168559190956867,1687,50000,0.019885761057873055,0.0218770012330696,109,50000,0.03350546215216948,0.03548150263135985,299,50000,0.010871397397403768,0.01286855745420266,35,50000,0.07510671389520662,0.07698747627995911,1490,50000,0.04860262596237102,0.050552826958351164,622,50000
7,160000,monitor,lr_6e-6,/data/suehara/part/march/datasets/20250711_ilc_nnqq_sgv_10m_3cat_parquet,val50k_tail,completed,2,4,validation_working_point_mistag_percent,1.083500007124453,1.083500007124453,1.083500007124453,0.18399999640625006,0.07800000076171876,3.354000067682878,0.21399999346923848,0.5880000122021487,0.07000000085449219,2.947999981107178,1.2320000045117188,0.018195055988739096,0.02018765613673616,92,50000,0.011526437055627167,0.01352327711882593,39,50000,0.07958886172387894,0.08145466440782692,1677,50000,0.01969407896430784,0.021685479136304482,107,50000,0.03321760263126847,0.035194043102459126,294,50000,0.010871397397403768,0.01286855745420266,35,50000,0.07470920684011159,0.07659124919926485,1474,50000,0.04836577965198589,0.05031646063836624,616,50000
7,160000,monitor,lr_9e-6,/data/suehara/part/march/datasets/20250711_ilc_nnqq_sgv_10m_3cat_parquet,val50k_tail,completed,3,4,validation_working_point_mistag_percent,1.0837500101795206,1.0837500101795206,1.0837500101795206,0.1879999917382816,0.08,3.384000045439454,0.2119999968945313,0.5759999887500002,0.07199999859375003,2.938000110282597,1.2199999497375509,0.018401668178712582,0.020394108329909573,94,50000,0.01168489893295662,0.013681658997755336,40,50000,0.0799361677116181,0.08180077041956557,1692,50000,0.019597563594981507,0.021589043765378152,106,50000,0.032868867289202394,0.03484578775079326,288,50000,0.01103850796111245,0.013035588019511294,36,50000,0.07458450260328063,0.07646694495443383,1469,50000,0.04812773460960897,0.050078895586389525,610,50000
9,200000,control,lr_14e-6,/data/suehara/part/march/datasets/20250711_ilc_nnqq_sgv_10m_3cat_parquet,val5k_tail,completed,2,4,validation_working_point_mistag_percent,1.0573044866336012,1.0573044866336012,1.0573044866336012,0.189155099908505,0.04177982034677251,3.404791872056903,0.22978900897739543,0.48006678272773395,0.020889910173386254,2.943018313705652,1.1489450851724619,0.053382492237807694,0.07431581642054022,9,4758,0.02088845530916811,0.04175655062230647,2,4787,0.2532759491154536,0.27285788148385737,162,4758,0.05957873216122685,0.08036829397747276,11,4787,0.09004930890544366,0.1107170606617451,23,4791,0.012910389754171756,0.03378721101140925,1,4787,0.23452453689150748,0.25416434567320684,141,4791,0.14414983406496312,0.16455545434084592,55,4787
9,200000,control,lr_3e-6,/data/suehara/part/march/datasets/20250711_ilc_nnqq_sgv_10m_3cat_parquet,val5k_tail,completed,4,4,validation_working_point_mistag_percent,1.1502885250610286,1.1502885250610286,1.1502885250610286,0.18800918197186564,0.0629987384102739,3.363275488332413,0.3149936920513695,0.5222477659874827,0.0629987384102739,3.070816895818615,1.616967699505936,0.05305927980117917,0.07386629350562336,9,4787,0.02735421725177228,0.04832293497588514,3,4762,0.2509821800417974,0.2704628502431673,161,4787,0.07143020071831434,0.09229310489630048,15,4762,0.09434319240204277,0.11501059100090041,25,4787,0.02735421725177228,0.04832293497588514,3,4762,0.23972266506362,0.25932549848237985,147,4787,0.1728795002119322,0.193195701068263,77,4762
9,200000,control,lr_6e-6,/data/suehara/part/march/datasets/20250711_ilc_nnqq_sgv_10m_3cat_parquet,val5k_tail,completed,3,4,validation_working_point_mistag_percent,1.0826790541909794,1.0826790541909794,1.0826790541909794,0.16704948841094175,0.041911148365465216,3.1948214798559245,0.2305113189583601,0.5235602094240838,0.041911148365465216,2.9738218279774578,1.4878458121701366,0.0495119939167952,0.07031907137466124,8,4789,0.02095411015713718,0.04188773213561382,2,4772,0.24451647479311195,0.26405934683241955,153,4789,0.059765871807038747,0.08062046585019396,11,4772,0.09457982502879798,0.11529860216052999,25,4775,0.02095411015713718,0.04188773213561382,2,4772,0.23614394550968454,0.25583664986917887,142,4775,0.16536857968043728,0.18569632082144957,71,4772
9,200000,control,lr_9e-6,/data/suehara/part/march/datasets/20250711_ilc_nnqq_sgv_10m_3cat_parquet,val5k_tail,completed,1,4,validation_working_point_mistag_percent,1.0440097333295937,1.0440097333295937,1.0440097333295937,0.18828452844516788,0.04179728317659352,3.242677908372306,0.2507836990595611,0.44015929715286056,0.04179728317659352,2.9553552454387675,1.1912226218149005,0.05313693772646183,0.073974300404216,9,4780,0.02089718550753811,0.041773993997644004,2,4785,0.24658043709695834,0.26614007824974295,155,4780,0.0626453415008838,0.08343481759822621,12,4785,0.08600454902951728,0.10677564739676582,21,4771,0.02089718550753811,0.041773993997644004,2,4785,0.23549447476494295,0.25521142561513893,141,4771,0.14695532783610532,0.16735180816601236,57,4785
9,200000,monitor,lr_14e-6,/data/suehara/part/march/datasets/20250711_ilc_nnqq_sgv_10m_3cat_parquet,val50k_tail,completed,1,4,validation_working_point_mistag_percent,1.0672499887037283,1.0672499887037283,1.0672499887037283,0.1879999917382816,0.07600000259765634,3.3480000334616093,0.21600000527343763,0.5539999947589112,0.07000000085449219,2.8959999045507843,1.1899999763946538,0.018401668178712582,0.020394108329909573,94,50000,0.011365939057076106,0.013362859118674898,38,50000,0.07951919438535446,0.08138523706450254,1674,50000,0.019790142708457595,0.02178146288205414,108,50000,0.03221979693486679,0.03419759737885797,277,50000,0.010871397397403768,0.01286855745420266,35,50000,0.07405819668213284,0.07594231899968676,1448,50000,0.047527261625208116,0.04947962257798918,595,50000
9,200000,monitor,lr_3e-6,/data/suehara/part/march/datasets/20250711_ilc_nnqq_sgv_10m_3cat_parquet,val50k_tail,completed,4,4,validation_working_point_mistag_percent,1.0902500102957156,1.0902500102957156,1.0902500102957156,0.17599999828125001,0.07800000076171876,3.3800000631790175,0.21399999346923848,0.5980000177020269,0.07000000085449219,2.9680000045288084,1.2380000035891723,0.017774964627493357,0.019767884769090572,88,50000,0.011526437055627167,0.01352327711882593,39,50000,0.0798899590453088,0.08175472175005541,1690,50000,0.01969407896430784,0.021685479136304482,107,50000,0.03350546215216948,0.03548150263135985,299,50000,0.010871397397403768,0.01286855745420266,35,50000,0.07495792355560055,0.07683916593075324,1484,50000,0.048484351571409685,0.05043479256258993,619,50000
9,200000,monitor,lr_6e-6,/data/suehara/part/march/datasets/20250711_ilc_nnqq_sgv_10m_3cat_parquet,val50k_tail,completed,3,4,validation_working_point_mistag_percent,1.079750013095017,1.079750013095017,1.079750013095017,0.18199999600097666,0.08,3.3520000255737306,0.20999999359130878,0.5820000051507569,0.07199999859375003,2.9360001164794967,1.223999969370118,0.018090905588142768,0.020083585734539902,91,50000,0.01168489893295662,0.013681658997755336,40,50000,0.07956564694768589,0.08143152963003344,1676,50000,0.019500590223149507,0.021492150391946158,105,50000,0.03304369162458577,0.03502037209097654,291,50000,0.01103850796111245,0.013035588019511294,36,50000,0.07455953393969428,0.07644205628924775,1468,50000,0.04820721722104699,0.05015821820102736,612,50000
9,200000,monitor,lr_9e-6,/data/suehara/part/march/datasets/20250711_ilc_nnqq_sgv_10m_3cat_parquet,val50k_tail,completed,2,4,validation_working_point_mistag_percent,1.0757500165589342,1.0757500165589342,1.0757500165589342,0.1879999917382816,0.07800000076171876,3.3520000255737306,0.21399999346923848,0.5659999797906501,0.07199999859375003,2.918000148491371,1.2179999940527344,0.018401668178712582,0.020394108329909573,94,50000,0.011526437055627167,0.01352327711882593,39,50000,0.07956564694768589,0.08143152963003344,1676,50000,0.01969407896430784,0.021685479136304482,107,50000,0.03257542500782213,0.034552745461413105,283,50000,0.01103850796111245,0.013035588019511294,36,50000,0.07433439665071005,0.07621763898586383,1459,50000,0.04808794266988863,0.0500391836450691,609,50000
11,240000,control,lr_14e-6,/data/suehara/part/march/datasets/20250711_ilc_nnqq_sgv_10m_3cat_parquet,val5k_tail,completed,2,4,validation_working_point_mistag_percent,1.051639564936067,1.051639564936067,1.051639564936067,0.20846361779294997,0.06276150467336475,3.1061081002494304,0.251046018693459,0.4202563617672647,0.04184100418410042,2.9628072435881134,1.3598326685398534,0.056281564049762756,0.07703668550741276,10,4797,0.0272512229625944,0.04814109474411451,3,4780,0.2408700630558775,0.26041732942346585,149,4797,0.06271081708717677,0.08352192521304805,12,4780,0.08392550047114297,0.1047573255314885,20,4759,0.020919042963256147,0.04181766626207058,2,4780,0.2360802968588097,0.2558438231981111,141,4759,0.15763328791551165,0.17798056562478431,65,4780
11,240000,control,lr_3e-6,/data/suehara/part/march/datasets/20250711_ilc_nnqq_sgv_10m_3cat_parquet,val5k_tail,completed,4,4,validation_working_point_mistag_percent,1.1527531789856773,1.1527531789856773,1.1527531789856773,0.20920502092050208,0.0629987384102739,3.45188295537982,0.2939941238857575,0.5423446043183329,0.041999160016799666,3.170629873375098,1.4489709555788344,0.05648159938472768,0.07731021054518758,10,4780,0.02735421725177228,0.04832293497588514,3,4762,0.25446565649001884,0.2739377824698602,165,4780,0.06870463049327441,0.08957635246677112,14,4762,0.09624857499953071,0.11687741979727286,26,4794,0.020998109827060435,0.04197564534668387,2,4762,0.2434579428770272,0.26299052683777313,152,4794,0.1632554742945448,0.18364221751496057,69,4762
11,240000,control,lr_6e-6,/data/suehara/part/march/datasets/20250711_ilc_nnqq_sgv_10m_3cat_parquet,val5k_tail,completed,1,4,validation_working_point_mistag_percent,0.9880391944321032,0.9880391944321032,0.9880391944321032,0.1669449081803005,0.06298551494618129,2.8589314342425265,0.2729372261871474,0.54381929161098,0.020995171110644553,3.011922153559268,0.9657778556197768,0.04948101231795033,0.07027510999865957,8,4792,0.0273484749269465,0.04831279670976264,3,4763,0.23107848293897892,0.25074928137311725,137,4792,0.06586707061732264,0.08674325146348616,13,4763,0.09650975322506775,0.11719406134523998,26,4781,0.01297544171407336,0.03395739168422002,1,4763,0.23752811995210626,0.25718018093411865,144,4781,0.1317727064239011,0.15235802217911099,46,4763
11,240000,control,lr_9e-6,/data/suehara/part/march/datasets/20250711_ilc_nnqq_sgv_10m_3cat_parquet,val5k_tail,completed,3,4,validation_working_point_mistag_percent,1.054310045828542,1.054310045828542,1.054310045828542,0.229309983948721,0.06276150467336475,3.064415332644258,0.251046018693459,0.4202563617672647,0.04184100418410042,3.04685853733263,1.3179916233845372,0.05945462212256364,0.08020105397524915,11,4797,0.0272512229625944,0.04814109474411451,3,4780,0.2392299084593895,0.2587945540369063,147,4797,0.06271081708717677,0.08352192521304805,12,4780,0.08392550047114297,0.1047573255314885,20,4759,0.020919042963256147,0.04181766626207058,2,4780,0.23944825226610322,0.2591764629452049,145,4759,0.15506780210645388,0.17543258285031527,63,4780
11,240000,monitor,lr_14e-6,/data/suehara/part/march/datasets/20250711_ilc_nnqq_sgv_10m_3cat_parquet,val50k_tail,completed,1,4,validation_working_point_mistag_percent,1.0664999832459363,1.0664999832459363,1.0664999832459363,0.19399999597412118,0.07800000076171876,3.362000014492264,0.2179999950769044,0.5560000169677739,0.07000000085449219,2.8719998746655326,1.1819999671746835,0.018707497323864092,0.02069969747986102,97,50000,0.011526437055627167,0.01352327711882593,39,50000,0.07968164428316035,0.08154712697350727,1681,50000,0.019885761057873055,0.0218770012330696,109,50000,0.03227933793455802,0.0342570583801491,278,50000,0.010871397397403768,0.01286855745420266,35,50000,0.07375557880978205,0.07564066110813637,1436,50000,0.04736581546242735,0.049318496408808435,591,50000
11,240000,monitor,lr_3e-6,/data/suehara/part/march/datasets/20250711_ilc_nnqq_sgv_10m_3cat_parquet,val50k_tail,completed,4,4,validation_working_point_mistag_percent,1.0825000104236036,1.0825000104236036,1.0825000104236036,0.17599999828125001,0.07800000076171876,3.350000012779236,0.2119999968945313,0.589999979293824,0.07000000085449219,2.950000095653537,1.2339999988702393,0.017774964627493357,0.019767884769090572,88,50000,0.011526437055627167,0.01352327711882593,39,50000,0.07954242450372087,0.081408387184468,1675,50000,0.019597563594981507,0.021589043765378152,106,50000,0.033275372409073425,0.03525173288186399,295,50000,0.010871397397403768,0.01286855745420266,35,50000,0.07473411993532825,0.07661608229608124,1475,50000,0.04840533681590049,0.050355937803880924,617,50000
11,240000,monitor,lr_6e-6,/data/suehara/part/march/datasets/20250711_ilc_nnqq_sgv_10m_3cat_parquet,val50k_tail,completed,3,4,validation_working_point_mistag_percent,1.081249996331502,1.081249996331502,1.081249996331502,0.18399999640625006,0.08,3.3800000631790175,0.21399999346923848,0.5739999800305182,0.07199999859375003,2.933999888300633,1.2120000506726096,0.018195055988739096,0.02018765613673616,92,50000,0.01168489893295662,0.013681658997755336,40,50000,0.0798899590453088,0.08175472175005541,1690,50000,0.01969407896430784,0.021685479136304482,107,50000,0.03281038710304645,0.03478738756303723,287,50000,0.01103850796111245,0.013035588019511294,36,50000,0.0745345559826055,0.07641715833055923,1467,50000,0.04796836332752515,0.049919844297905726,606,50000
11,240000,monitor,lr_9e-6,/data/suehara/part/march/datasets/20250711_ilc_nnqq_sgv_10m_3cat_parquet,val50k_tail,completed,2,4,validation_working_point_mistag_percent,1.0709999927475933,1.0709999927475933,1.0709999927475933,0.186000003178711,0.07600000259765634,3.350000012779236,0.21399999346923848,0.5600000068359375,0.07199999859375003,2.909999961147309,1.1999999633789074,0.018298640498242997,0.020291160647840055,93,50000,0.011365939057076106,0.013362859118674898,38,50000,0.07954242450372087,0.081408387184468,1675,50000,0.01969407896430784,0.021685479136304482,107,50000,0.03239809462512637,0.03437565507391745,280,50000,0.01103850796111245,0.013035588019511294,36,50000,0.0742340922343522,0.07611765456310635,1455,50000,0.04772828129254447,0.04968024225332525,600,50000
11,240000,full,lr_14e-6,/data/suehara/part/march/datasets/20250711_ilc_nnqq_sgv_10m_3cat_parquet,val1000k,completed,1,4,validation_working_point_mistag_percent,1.0761575570123334,1.0761575570123334,1.0761575570123334,0.19077327567285596,0.06133828272575588,3.4641096023642377,0.20402520154555565,0.5546515329129268,0.06324881653604483,2.845755851247857,1.2253578930934321,0.004320486915854356,0.00442040552480834,1902,996995,0.0024330435731139354,0.002533474673641013,610,994485,0.01826781774890221,0.018361169959644347,34537,996995,0.004475001770751956,0.004575145915166256,2029,994485,0.007382496287306698,0.007481521063748119,5539,998645,0.0024713829493835915,0.0025718102076512377,629,994485,0.016591722896793296,0.016686159251618968,28419,998645,0.010983079460587068,0.011081169613995877,12186,994485
11,240000,full,lr_3e-6,/data/suehara/part/march/datasets/20250711_ilc_nnqq_sgv_10m_3cat_parquet,val1000k,completed,4,4,validation_working_point_mistag_percent,1.0942612142334087,1.0942612142334087,1.0942612142334087,0.18846635161282865,0.062444378805347256,3.465814703243979,0.2078462729182421,0.5800860091514729,0.06475713741516732,2.933575022624799,1.2510998380954326,0.00429403303961436,0.004393956276334829,1879,996995,0.0024553117315549277,0.0025557406076160165,621,994485,0.018272164518635253,0.01836551330885519,34554,996995,0.004517090222104763,0.004617226682000243,2067,994485,0.0075500357449676675,0.007649009583511786,5793,998645,0.0025012429908011897,0.002601667215706104,644,994485,0.016838956781902586,0.016933217260602096,29296,998645,0.011096927893452894,0.01119496627747154,12442,994485
11,240000,full,lr_6e-6,/data/suehara/part/march/datasets/20250711_ilc_nnqq_sgv_10m_3cat_parquet,val1000k,completed,3,4,validation_working_point_mistag_percent,1.085480837997242,1.085480837997242,1.085480837997242,0.19047235959377212,0.062343826507602645,3.455082471470534,0.20684072941908546,0.5696718910349521,0.06485769231073739,2.890516759922837,1.2440609737184147,0.004317045565834193,0.004416964778409887,1899,996995,0.0024532955577379664,0.00255372463602323,620,994485,0.018244785585766476,0.01833815590516069,34447,996995,0.004506052315216133,0.004606190797353362,2057,994485,0.007481897782427287,0.007580892477433449,5689,998645,0.002503221214178691,0.0026036452368594304,645,994485,0.016718248866401386,0.016812595578549056,28866,998645,0.011065919202681712,0.011163971742392947,12372,994485
11,240000,full,lr_9e-6,/data/suehara/part/march/datasets/20250711_ilc_nnqq_sgv_10m_3cat_parquet,val1000k,completed,2,4,validation_working_point_mistag_percent,1.0838420601261012,1.0838420601261012,1.0838420601261012,0.19117446980705893,0.06133828272575588,3.473638271823087,0.20553352345351517,0.563563652655399,0.06405325427593786,2.870089013663097,1.241346012604958,0.004325071140222152,0.004424988944347168,1906,996995,0.0024330435731139354,0.002533474673641013,610,994485,0.018292093284206362,0.01838542638026089,34632,996995,0.00449166260461948,0.0045918037156710695,2044,994485,0.007441637227224504,0.007540644155347616,5628,998645,0.0024873521388709676,0.0025877777793451495,637,994485,0.016660639141214198,0.01675502676411443,28662,998645,0.011053934375173519,0.01115199237493765,12345,994485
11,240000,full_holdout,lr_14e-6,/data/suehara/part/march/datasets/20250711_ilc_nnqq_sgv_10m_3cat_parquet,val_holdout,completed,1,4,validation_working_point_mistag_percent,1.0767036090744282,1.0767036090744282,1.0767036090744282,0.19034071964684732,0.06045865773956798,3.4709313603144896,0.20308999493576554,0.5550816190874355,0.06301324701215905,2.8428064992934843,1.2279067745656769,0.004438274779468743,0.0045440282206445385,1793,941995,0.0024834213053535805,0.0025897337812062597,568,939485,0.018810056241989892,0.018908844492948607,32696,941995,0.004591997822585509,0.004698006661480901,1908,939485,0.007596086270825631,0.007700881752128932,5238,943645,0.0025364030649010073,0.00264271010247981,592,939485,0.017058388195128477,0.017158334983750217,26826,943645,0.01131020202162318,0.011414029206320911,11536,939485
11,240000,full_holdout,lr_3e-6,/data/suehara/part/march/datasets/20250711_ilc_nnqq_sgv_10m_3cat_parquet,val_holdout,completed,4,4,validation_working_point_mistag_percent,1.094510099758042,1.094510099758042,1.094510099758042,0.18885449558767015,0.0616295076545624,3.471143694867105,0.20681544233750931,0.5798791080890198,0.06460986666485792,2.9313991061236613,1.2517495767399502,0.004420740825495902,0.004526497422114965,1779,941995,0.0025078409972102158,0.002614150980520698,579,939485,0.018810612525019255,0.018909400325201053,32698,941995,0.0046343186910976185,0.004740319599176937,1943,939485,0.007764105694027523,0.007868848618628604,5472,943645,0.0025689718023254424,0.0026752754409830833,607,939485,0.01731509268029681,0.017414851702239262,27662,943645,0.011418621778875974,0.011522398206350974,11760,939485
11,240000,full_holdout,lr_6e-6,/data/suehara/part/march/datasets/20250711_ilc_nnqq_sgv_10m_3cat_parquet,val_holdout,completed,3,4,validation_working_point_mistag_percent,1.0857613055853739,1.0857613055853739,1.0857613055853739,0.19055301779502803,0.06141662943708345,3.4614833327050185,0.20607034640923302,0.5697057638721911,0.06460986666485792,2.8874205156391297,1.2448309721604502,0.004440774003433351,0.0045465269938315366,1795,941995,0.0025034184431675177,0.0026097288796674825,577,939485,0.018785282455353186,0.01888409076591588,32607,941995,0.004625885387972428,0.004731887882214979,1936,939485,0.007695625473734709,0.0078003899600598975,5376,943645,0.0025689718023254424,0.0026752754409830833,607,939485,0.017188199414383196,0.01728805164586157,27247,943645,0.011387271916869605,0.011491063073002829,11695,939485
11,240000,full_holdout,lr_9e-6,/data/suehara/part/march/datasets/20250711_ilc_nnqq_sgv_10m_3cat_parquet,val_holdout,completed,2,4,validation_working_point_mistag_percent,1.0838943342841392,1.0838943342841392,1.0838943342841392,0.19129614228397832,0.060565097795037125,3.477725365642139,0.2043672905810616,0.5640892337937101,0.06375833598214767,2.8664381992604495,1.2429150089345895,0.004449510280676015,0.004555261693352567,1802,941995,0.0024856510060070427,0.002591963255264959,569,939485,0.018827847917344404,0.018926621743419608,32760,941995,0.004606551485876768,0.004712557605635178,1920,939485,0.007657552080646713,0.007762328470840244,5323,943645,0.002551652609843159,0.0026579580612587513,599,939485,0.01712728545725309,0.017227182159786775,27049,943645,0.011378574433656627,0.01148236966849528,11677,939485
13,280000,control,lr_14e-6,/data/suehara/part/march/datasets/20250711_ilc_nnqq_sgv_10m_3cat_parquet,val5k_tail,completed,4,4,validation_working_point_mistag_percent,1.1223752454544997,1.1223752454544997,1.1223752454544997,0.2313840946313495,0.06274838060232471,3.5128313070048316,0.29282576866764276,0.47906684888984796,0.04183225266680611,3.145178034168945,1.2131352770042505,0.0599919970820954,0.0809251688601808,11,4754,0.027245523793936976,0.048131032627479364,3,4781,0.2573882587842725,0.27694122143413424,167,4754,0.06843186038152332,0.08922114278693215,14,4781,0.08986207389527628,0.11048720223302277,23,4801,0.020914667814981247,0.04180892450562669,2,4781,0.24229909379766892,0.2618138051313217,151,4801,0.1484329671068785,0.16883734379975324,58,4781
13,280000,control,lr_3e-6,/data/suehara/part/march/datasets/20250711_ilc_nnqq_sgv_10m_3cat_parquet,val5k_tail,completed,1,4,validation_working_point_mistag_percent,1.1079895474442116,1.1079895474442116,1.1079895474442116,0.2101723467120227,0.062421972534332085,3.5308953681445066,0.24968789013732834,0.4610226379167202,0.020807324178110695,3.080469365461666,1.248439474469007,0.05674258914278162,0.07766708069927661,10,4758,0.027103815277973762,0.047880839628906,3,4806,0.25794748626337266,0.2774764228743523,168,4758,0.0623718305493114,0.08307094105892768,12,4806,0.08822202987906437,0.10898003422349324,22,4772,0.012859351049228083,0.03365368958711945,1,4806,0.24046561659396143,0.2601260107255927,147,4772,0.1503259704133843,0.17060954043598228,60,4806
13,280000,control,lr_6e-6,/data/suehara/part/march/datasets/20250711_ilc_nnqq_sgv_10m_3cat_parquet,val5k_tail,completed,2,4,validation_working_point_mistag_percent,1.1211053113619207,1.1211053113619207,1.1211053113619207,0.2101723467120227,0.062421972534332085,3.5308953681445066,0.24968789013732834,0.5238893411669456,0.020807324178110695,3.143336109820593,1.2276321382015272,0.05674258914278162,0.07766708069927661,10,4758,0.027103815277973762,0.047880839628906,3,4806,0.25794748626337266,0.2774764228743523,168,4758,0.0623718305493114,0.08307094105892768,12,4806,0.0946391687769531,0.11537083047627487,25,4772,0.012859351049228083,0.03365368958711945,1,4806,0.24293362620620776,0.2625676776927315,150,4772,0.1490011498985734,0.16929337701465097,59,4806
13,280000,control,lr_9e-6,/data/suehara/part/march/datasets/20250711_ilc_nnqq_sgv_10m_3cat_parquet,val5k_tail,completed,3,4,validation_working_point_mistag_percent,1.1223712899004041,1.1223712899004041,1.1223712899004041,0.2313840946313495,0.06274838060232471,3.4917964548430387,0.29282576866764276,0.47906684888984796,0.04183225266680611,3.124348954919195,1.2549675639830284,0.0599919970820954,0.0809251688601808,11,4754,0.027245523793936976,0.048131032627479364,3,4781,0.25661297033813396,0.27617478048240635,166,4754,0.06843186038152332,0.08922114278693215,14,4781,0.08986207389527628,0.11048720223302277,23,4801,0.020914667814981247,0.04180892450562669,2,4781,0.24148714005793673,0.2610105265244349,150,4801,0.15110792102509157,0.1714948020037601,60,4781
13,280000,monitor,lr_14e-6,/data/suehara/part/march/datasets/20250711_ilc_nnqq_sgv_10m_3cat_parquet,val50k_tail,completed,1,4,validation_working_point_mistag_percent,1.0570000143298341,1.0570000143298341,1.0570000143298341,0.19799999939575197,0.07800000076171876,3.3200000481262215,0.2119999968945313,0.5619999982849121,0.07000000085449219,2.8600000392761236,1.1560000310449228,0.01890875502183506,0.02090079518103191,99,50000,0.011526437055627167,0.01352327711882593,39,50000,0.07919316318071301,0.08106032583746065,1660,50000,0.019597563594981507,0.021589043765378152,106,50000,0.03245731147029744,0.03443479192068843,281,50000,0.010871397397403768,0.01286855745420266,35,50000,0.07360375271433899,0.07548931500309351,1430,50000,0.046837173374695076,0.04879089430027683,578,50000
13,280000,monitor,lr_3e-6,/data/suehara/part/march/datasets/20250711_ilc_nnqq_sgv_10m_3cat_parquet,val50k_tail,completed,3,4,validation_working_point_mistag_percent,1.0694999812146766,1.0694999812146766,1.0694999812146766,0.186000003178711,0.07600000259765634,3.3639999240307636,0.21600000527343763,0.5539999947589112,0.07199999859375003,2.8959999045507843,1.1920000167333986,0.018298640498242997,0.020291160647840055,93,50000,0.011365939057076106,0.013362859118674898,38,50000,0.07970482081957747,0.08157022351152482,1682,50000,0.019790142708457595,0.02178146288205414,108,50000,0.03221979693486679,0.03419759737885797,277,50000,0.01103850796111245,0.013035588019511294,36,50000,0.07405819668213284,0.07594231899968676,1448,50000,0.04756753531604766,0.049519816270428806,596,50000
13,280000,monitor,lr_6e-6,/data/suehara/part/march/datasets/20250711_ilc_nnqq_sgv_10m_3cat_parquet,val50k_tail,completed,4,4,validation_working_point_mistag_percent,1.0744999822098928,1.0744999822098928,1.0744999822098928,0.1879999917382816,0.07800000076171876,3.3399998955230745,0.2119999968945313,0.571999982893067,0.07199999859375003,2.9240000254315186,1.2099999658432017,0.018401668178712582,0.020394108329909573,94,50000,0.011526437055627167,0.01352327711882593,39,50000,0.07942619703497286,0.08129255970772062,1670,50000,0.019597563594981507,0.021589043765378152,106,50000,0.03275180332438016,0.03472888378277103,286,50000,0.01103850796111245,0.013035588019511294,36,50000,0.07440952647155066,0.07629252881150433,1462,50000,0.04792843542947515,0.04987999639825599,605,50000
13,280000,monitor,lr_9e-6,/data/suehara/part/march/datasets/20250711_ilc_nnqq_sgv_10m_3cat_parquet,val50k_tail,completed,2,4,validation_working_point_mistag_percent,1.0677499942321402,1.0677499942321402,1.0677499942321402,0.186000003178711,0.07600000259765634,3.350000012779236,0.21600000527343763,0.5519999892187503,0.07000000085449219,2.8959999045507843,1.1960000354040539,0.018298640498242997,0.020291160647840055,93,50000,0.011365939057076106,0.013362859118674898,38,50000,0.07954242450372087,0.081408387184468,1675,50000,0.019790142708457595,0.02178146288205414,108,50000,0.03216014672070755,0.03413802716309865,276,50000,0.010871397397403768,0.01286855745420266,35,50000,0.07405819668213284,0.07594231899968676,1448,50000,0.0476479778887701,0.04960009884635106,598,50000
15,320000,control,lr_14e-6,/data/suehara/part/march/datasets/20250711_ilc_nnqq_sgv_10m_3cat_parquet,val5k_tail,completed,2,4,validation_working_point_mistag_percent,1.0664473998517041,1.0664473998517041,1.0664473998517041,0.2282157647449824,0.06293266205160478,3.360995887862354,0.2727081917486131,0.4211412983163666,0.04195510803440319,2.9269320985338543,1.2166981875214546,0.05917112196977374,0.07981903079879892,11,4820,0.02732552971652683,0.04827228615023003,3,4767,0.25006840355710386,0.26941667327267316,162,4820,0.06581185086183385,0.08667061419982734,13,4767,0.08410195716953059,0.10497726609883432,20,4749,0.020976086918577042,0.0419316426618512,2,4767,0.23486379004095947,0.2546840292048835,139,4749,0.14886669279836565,0.16932948720566557,58,4767
15,320000,control,lr_3e-6,/data/suehara/part/march/datasets/20250711_ilc_nnqq_sgv_10m_3cat_parquet,val5k_tail,completed,3,4,validation_working_point_mistag_percent,1.06925505131068,1.06925505131068,1.06925505131068,0.18664454819408527,0.06289308176100629,3.40107837994684,0.25157232704402516,0.4215851656263736,0.041928721174004195,3.014334023911236,1.174004162827871,0.05267437030940922,0.07333095561074385,9,4822,0.02730834605962452,0.048241947785987525,3,4770,0.25151414934712,0.27083777431468825,164,4822,0.06284217972148852,0.08369668723477958,12,4770,0.08419046406573606,0.10508758307091948,20,4744,0.020962895333354704,0.0419052853056146,2,4770,0.23851219216106112,0.25831647713663725,143,4744,0.146044471386462,0.16651229608029022,56,4770
15,320000,control,lr_6e-6,/data/suehara/part/march/datasets/20250711_ilc_nnqq_sgv_10m_3cat_parquet,val5k_tail,completed,1,4,validation_working_point_mistag_percent,1.040869055702371,1.040869055702371,1.040869055702371,0.209995794700913,0.062176164230080044,3.254934974310072,0.24870465692032018,0.4632554311249319,0.04145077720207254,2.947989040854339,1.0984456062762382,0.0566949572083424,0.07760195036388132,10,4762,0.026997098801675213,0.04769242571182726,3,4825,0.2474985977889973,0.26712701059550537,155,4762,0.06212641811366385,0.08274444353297081,12,4825,0.08864858160199524,0.1095061582663346,22,4749,0.02072395656440789,0.04142787252909829,2,4825,0.23571890854207148,0.2555302815735131,140,4749,0.1402454316945122,0.1605113058777469,53,4825
15,320000,control,lr_9e-6,/data/suehara/part/march/datasets/20250711_ilc_nnqq_sgv_10m_3cat_parquet,val5k_tail,completed,4,4,validation_working_point_mistag_percent,1.0768401604564064,1.0768401604564064,1.0768401604564064,0.23027003954744574,0.0629987384102739,3.4749842137457825,0.27299455060621486,0.479466336175141,0.041999160016799666,2.9810296870273625,1.0709785581222315,0.05970336143641148,0.0805362329123593,11,4777,0.02735421725177228,0.04832293497588514,3,4762,0.2553972409622428,0.27487192313061026,166,4777,0.06588089003808544,0.08676142980709264,13,4762,0.08993687438811361,0.11057903098122537,23,4797,0.020998109827060435,0.04197564534668387,2,4762,0.2359126820957822,0.25551208609315734,143,4797,0.13922674642970184,0.15977220996930777,51,4762
15,320000,monitor,lr_14e-6,/data/suehara/part/march/datasets/20250711_ilc_nnqq_sgv_10m_3cat_parquet,val50k_tail,completed,1,4,validation_working_point_mistag_percent,1.0497500031395153,1.0497500031395153,1.0497500031395153,0.1960000040673829,0.07800000076171876,3.280000050048829,0.20999999359130878,0.5619999982849121,0.07000000085449219,2.8419999421070874,1.1600000354003916,0.018808383644857783,0.020800503802454642,98,50000,0.011526437055627167,0.01352327711882593,39,50000,0.07872475610659832,0.0805935187313471,1640,50000,0.019500590223149507,0.021492150391946158,105,50000,0.03245731147029744,0.03443479192068843,281,50000,0.010871397397403768,0.01286855745420266,35,50000,0.07337536119029937,0.07526164346465421,1421,50000,0.04691890033495516,0.04887246126373673,580,50000
15,320000,monitor,lr_3e-6,/data/suehara/part/march/datasets/20250711_ilc_nnqq_sgv_10m_3cat_parquet,val50k_tail,completed,3,4,validation_working_point_mistag_percent,1.066499988561469,1.066499988561469,1.066499988561469,0.1920000075000003,0.07600000259765634,3.3660000532871255,0.21399999346923848,0.5539999947589112,0.07000000085449219,2.8859998993757663,1.1739999566485613,0.018606088111257617,0.020598368265654594,96,50000,0.011365939057076106,0.013362859118674898,38,50000,0.07972798972778819,0.08159331242133597,1683,50000,0.01969407896430784,0.021685479136304482,107,50000,0.03221979693486679,0.03419759737885797,277,50000,0.010871397397403768,0.01286855745420266,35,50000,0.07393227276647207,0.07581679507602662,1443,50000,0.047203802823019524,0.049156803763000974,587,50000
15,320000,monitor,lr_6e-6,/data/suehara/part/march/datasets/20250711_ilc_nnqq_sgv_10m_3cat_parquet,val50k_tail,completed,4,4,validation_working_point_mistag_percent,1.0727500126352223,1.0727500126352223,1.0727500126352223,0.1879999917382816,0.07800000076171876,3.3460000917729977,0.21399999346923848,0.5619999982849121,0.07199999859375003,2.9200000802001975,1.2019999462606836,0.018401668178712582,0.020394108329909573,94,50000,0.011526437055627167,0.01352327711882593,39,50000,0.0794959565859496,0.08136207926349726,1673,50000,0.01969407896430784,0.021685479136304482,107,50000,0.03245731147029744,0.03443479192068843,281,50000,0.01103850796111245,0.013035588019511294,36,50000,0.07435944928887786,0.07624261162563137,1460,50000,0.04776838102085179,0.04972026198323265,601,50000
15,320000,monitor,lr_9e-6,/data/suehara/part/march/datasets/20250711_ilc_nnqq_sgv_10m_3cat_parquet,val50k_tail,completed,2,4,validation_working_point_mistag_percent,1.0654999907019809,1.0654999907019809,1.0654999907019809,0.1920000075000003,0.07600000259765634,3.3520000255737306,0.21600000527343763,0.5539999947589112,0.07000000085449219,2.8839999304699724,1.179999958587648,0.018606088111257617,0.020598368265654594,96,50000,0.011365939057076106,0.013362859118674898,38,50000,0.07956564694768589,0.08143152963003344,1676,50000,0.019790142708457595,0.02178146288205414,108,50000,0.03221979693486679,0.03419759737885797,277,50000,0.010871397397403768,0.01286855745420266,35,50000,0.0739070594357287,0.07579166174368282,1442,50000,0.04732536563186226,0.049278126576643606,590,50000
17,360000,control,lr_14e-6,/data/suehara/part/march/datasets/20250711_ilc_nnqq_sgv_10m_3cat_parquet,val5k_tail,completed,1,4,validation_working_point_mistag_percent,1.0449479124944774,1.0449479124944774,1.0449479124944774,0.2101723467120227,0.062447958446494214,3.2576713609772616,0.22897585781918525,0.3560955333201116,0.041631973355537054,2.974445057287319,1.2281432120378875,0.05674258914278162,0.07766708069927661,10,4758,0.027115097689818735,0.04790075930895162,3,4804,0.24770356249033365,0.2673473232424006,155,4758,0.059368052306116414,0.08008439950551068,11,4804,0.07643096910926192,0.09722422753129924,17,4774,0.02081454209287024,0.04160886801447044,2,4804,0.23619274181305022,0.2558893093900425,142,4774,0.14906286531550464,0.16936332599646695,59,4804
17,360000,control,lr_3e-6,/data/suehara/part/march/datasets/20250711_ilc_nnqq_sgv_10m_3cat_parquet,val5k_tail,completed,4,4,validation_working_point_mistag_percent,1.0932311119510496,1.0932311119510496,1.0932311119510496,0.23089840322282534,0.06281407035175879,3.295550031906532,0.25125628140703515,0.479566294573977,0.04187604690117253,3.1276063361278417,1.256281431117253,0.059866161125924015,0.080755605657004,11,4764,0.027274043500021987,0.04818138531691472,3,4776,0.24900031023403837,0.26860343721913027,157,4764,0.06276329618306728,0.08359174237046238,12,4776,0.0899555939725548,0.11060201202331395,23,4796,0.020936561876467648,0.04185266987441565,2,4776,0.24173530445672325,0.2612776824685567,150,4796,0.15126528831037567,0.1716729578071164,60,4776
17,360000,control,lr_6e-6,/data/suehara/part/march/datasets/20250711_ilc_nnqq_sgv_10m_3cat_parquet,val5k_tail,completed,3,4,validation_working_point_mistag_percent,1.08534638303323,1.08534638303323,1.08534638303323,0.20990764332740255,0.06281407035175879,3.211586921050428,0.25125628140703515,0.479566294573977,0.04187604690117253,3.1276063361278417,1.2981574705262235,0.056671171216586935,0.07756942614181753,10,4764,0.027274043500021987,0.04818138531691472,3,4776,0.2457807719561722,0.26541914051786686,153,4764,0.06276329618306728,0.08359174237046238,12,4776,0.0899555939725548,0.11060201202331395,23,4796,0.020936561876467648,0.04185266987441565,2,4776,0.24173530445672325,0.2612776824685567,150,4796,0.1538973575615615,0.17428749469619154,62,4776
17,360000,control,lr_9e-6,/data/suehara/part/march/datasets/20250711_ilc_nnqq_sgv_10m_3cat_parquet,val5k_tail,completed,2,4,validation_working_point_mistag_percent,1.0742067322435203,1.0742067322435203,1.0742067322435203,0.18761726078799248,0.0630119722747322,3.3771107425240343,0.23104390130262561,0.35579738659175464,0.04200798151648813,3.01381315701251,1.3232514559380242,0.05294873284390229,0.07371254390651678,9,4797,0.027359961988521787,0.04833307749785622,3,4761,0.25124877967776515,0.2706830811808156,162,4797,0.05990385644913622,0.08080639996096298,11,4761,0.07636706226453764,0.09714304158875962,17,4778,0.02100251995919585,0.04198445696821873,2,4761,0.23767521435895667,0.2573388204225653,144,4778,0.15568321092777823,0.1761270364558049,63,4761
17,360000,monitor,lr_14e-6,/data/suehara/part/march/datasets/20250711_ilc_nnqq_sgv_10m_3cat_parquet,val50k_tail,completed,1,4,validation_working_point_mistag_percent,1.0452500149835022,1.0452500149835022,1.0452500149835022,0.1920000075000003,0.07600000259765634,3.2599999975128173,0.20999999359130878,0.5619999982849121,0.07000000085449219,2.838000127098547,1.1539999924282838,0.018606088111257617,0.020598368265654594,96,50000,0.011365939057076106,0.013362859118674898,38,50000,0.07848936911380722,0.08035893172255587,1630,50000,0.019500590223149507,0.021492150391946158,105,50000,0.03245731147029744,0.03443479192068843,281,50000,0.010871397397403768,0.01286855745420266,35,50000,0.07332450058802308,0.07521094285917775,1419,50000,0.04679625505563823,0.048750055979619906,577,50000
17,360000,monitor,lr_3e-6,/data/suehara/part/march/datasets/20250711_ilc_nnqq_sgv_10m_3cat_parquet,val50k_tail,completed,2,4,validation_working_point_mistag_percent,1.0625000163515381,1.0625000163515381,1.0625000163515381,0.19399999597412118,0.07800000076171876,3.362000014492264,0.21600000527343763,0.5500000167846685,0.07000000085449219,2.8660000863700894,1.1640000103015138,0.018707497323864092,0.02069969747986102,97,50000,0.011526437055627167,0.01352327711882593,39,50000,0.07968164428316035,0.08154712697350727,1681,50000,0.019790142708457595,0.02178146288205414,108,50000,0.03210038670183341,0.0340783471426246,275,50000,0.010871397397403768,0.01286855745420266,35,50000,0.07367970907721857,0.075565031370773,1433,50000,0.047000481680098405,0.048953882612079794,582,50000
17,360000,monitor,lr_6e-6,/data/suehara/part/march/datasets/20250711_ilc_nnqq_sgv_10m_3cat_parquet,val50k_tail,completed,4,4,validation_working_point_mistag_percent,1.0694999849574953,1.0694999849574953,1.0694999849574953,0.1879999917382816,0.07600000259765634,3.333999979014969,0.21399999346923848,0.5640000075732423,0.07199999859375003,2.909999961147309,1.1979999455255153,0.018401668178712582,0.020394108329909573,94,50000,0.011365939057076106,0.013362859118674898,38,50000,0.07935636811472052,0.08122297078266838,1667,50000,0.01969407896430784,0.021685479136304482,107,50000,0.0325164214097176,0.03449382186170866,282,50000,0.01103850796111245,0.013035588019511294,36,50000,0.0742340922343522,0.07611765456310635,1455,50000,0.04768814694373121,0.049640187902912254,599,50000
17,360000,monitor,lr_9e-6,/data/suehara/part/march/datasets/20250711_ilc_nnqq_sgv_10m_3cat_parquet,val50k_tail,completed,3,4,validation_working_point_mistag_percent,1.065250010409098,1.065250010409098,1.065250010409098,0.1920000075000003,0.07800000076171876,3.3580000080701446,0.21600000527343763,0.5560000169677739,0.07000000085449219,2.880000070312502,1.1719999735327153,0.018606088111257617,0.020598368265654594,96,50000,0.011526437055627167,0.01352327711882593,39,50000,0.07963526829941545,0.0815009109865629,1679,50000,0.019790142708457595,0.02178146288205414,108,50000,0.03227933793455802,0.0342570583801491,278,50000,0.010871397397403768,0.01286855745420266,35,50000,0.07385660414979088,0.07574136645454553,1440,50000,0.04716321048205702,0.04911629142043839,586,50000
17,360000,full,lr_14e-6,/data/suehara/part/march/datasets/20250711_ilc_nnqq_sgv_10m_3cat_parquet,val1000k,completed,1,4,validation_working_point_mistag_percent,1.063569343282444,1.063569343282444,1.063569343282444,0.1865606210428174,0.06053384615668823,3.416867655814817,0.20171243813753822,0.5472414973654984,0.061237724142441996,2.8242268293360873,1.2101741342636645,0.004272056802808854,0.00437198386246682,1860,996995,0.0024167219993468823,0.0025171547176674027,602,994485,0.01814691027147569,0.018240357250827455,34066,996995,0.004449334372670123,0.004549483168240619,2006,994485,0.00733295410566253,0.0074319937222788734,5465,998645,0.002431009261618549,0.0025314405643698016,609,994485,0.01653047908934807,0.016624958560897823,28204,998645,0.01091534416538184,0.011013464854641927,12035,994485
17,360000,full,lr_3e-6,/data/suehara/part/march/datasets/20250711_ilc_nnqq_sgv_10m_3cat_parquet,val1000k,completed,2,4,validation_working_point_mistag_percent,1.0756935151333362,1.0756935151333362,1.0756935151333362,0.19027177484754393,0.061237724142441996,3.4620033301496878,0.20422630278718296,0.5554526248984419,0.06304770869064794,2.8446546451620396,1.2246540103887047,0.0043147498137881095,0.004414669428778276,1897,996995,0.002431009261618549,0.0025314405643698016,609,994485,0.018262446566283397,0.018355803002377546,34516,996995,0.004477226786362299,0.004577370526328249,2031,994485,0.007387831994876137,0.007486855166974338,5547,998645,0.0024673747861924744,0.0025678024489084704,627,994485,0.016588595638668616,0.016683034199465804,28408,998645,0.010979949069672701,0.011078040638650907,12179,994485
17,360000,full,lr_6e-6,/data/suehara/part/march/datasets/20250711_ilc_nnqq_sgv_10m_3cat_parquet,val1000k,completed,4,4,validation_working_point_mistag_percent,1.0811327185191772,1.0811327185191772,1.0811327185191772,0.19037205862446194,0.061237724142441996,3.455885042886452,0.2051312998699963,0.5645649681303696,0.06375158795306662,2.86948801316875,1.2386310533778806,0.004315897841840745,0.004415817255623675,1898,996995,0.002431009261618549,0.0025314405643698016,609,994485,0.01824683424340931,0.018340202953145285,34455,996995,0.004487225745663983,0.004587367665612359,2040,994485,0.0074482524704861,0.00754725739318023,5638,998645,0.0024813755264374853,0.0025818017735842135,634,994485,0.016658941353592596,0.01675333017975046,28656,998645,0.011041935934560064,0.011139999394377091,12318,994485
17,360000,full,lr_9e-6,/data/suehara/part/march/datasets/20250711_ilc_nnqq_sgv_10m_3cat_parquet,val1000k,completed,3,4,validation_working_point_mistag_percent,1.0761440316194872,1.0761440316194872,1.0761440316194872,0.18987057186920994,0.061237724142441996,3.4611005772769947,0.20402520154555565,0.5556529180383967,0.06274604480475081,2.8489602442760833,1.2255589710024661,0.004310154656181559,0.004410075076000672,1893,996995,0.002431009261618549,0.0025314405643698016,609,994485,0.0182601440744265,0.018353502321385995,34507,996995,0.004475001770751956,0.004575145915166256,2029,994485,0.00738916531044043,0.0074881880814528685,5549,998645,0.0024613505187347728,0.002561778788123315,624,994485,0.016600816622222916,0.016695246559675705,28451,998645,0.010983973686635312,0.011082063435595771,12188,994485
17,360000,full_holdout,lr_14e-6,/data/suehara/part/march/datasets/20250711_ilc_nnqq_sgv_10m_3cat_parquet,val_holdout,completed,1,4,validation_working_point_mistag_percent,1.0645216402401232,1.0645216402401232,1.0645216402401232,0.18641288542661744,0.05960712703907199,3.4263451914951237,0.2008547236442383,0.547027769321822,0.06088442053000066,2.8220359601170393,1.2130050443470728,0.004391783764837154,0.004497545545398729,1756,941995,0.002465512476112889,0.00257182676472352,560,939485,0.018692814741733815,0.018791697655990564,32276,941995,0.004566417698210513,0.0046724312955955145,1887,939485,0.007540697832682155,0.0076455103836837145,5162,943645,0.002492328362207086,0.0025986399316807788,572,939485,0.016997574340734192,0.017097565151209457,26630,943645,0.011241884184776119,0.011345743092737795,11396,939485
17,360000,full_holdout,lr_3e-6,/data/suehara/part/march/datasets/20250711_ilc_nnqq_sgv_10m_3cat_parquet,val_holdout,completed,2,4,validation_working_point_mistag_percent,1.0760528587093052,1.0760528587093052,1.0760528587093052,0.18991608639327281,0.06045865773956798,3.466260376127279,0.203196437216375,0.5561413282609424,0.06280036582439662,2.8425944139220154,1.2270552041905913,0.004433272123357439,0.004539026466088454,1789,941995,0.0024834213053535805,0.0025897337812062597,568,939485,0.018797813222346665,0.018896611390412793,32652,941995,0.004593212382997215,0.004699220995297822,1909,939485,0.0076033437313561755,0.007708136966646552,5248,943645,0.0025320294896105156,0.002638336980378801,590,939485,0.017057768871453147,0.01715771610927737,26824,943645,0.011306309770392313,0.011410138767847973,11528,939485
17,360000,full_holdout,lr_6e-6,/data/suehara/part/march/datasets/20250711_ilc_nnqq_sgv_10m_3cat_parquet,val_holdout,completed,4,4,validation_working_point_mistag_percent,1.0815314847412836,1.0815314847412836,1.0815314847412836,0.1902345490742205,0.06035221321776828,3.4632881076432813,0.20415439998898482,0.564937026882696,0.06343901080987734,2.8650603818601406,1.240786188453301,0.004437024641903054,0.004542778308467654,1792,941995,0.002481189638466085,0.0025875023409135055,567,939485,0.018790017430583145,0.018888821909535808,32624,941995,0.004604129059008078,0.004710135631955971,1918,939485,0.007663311320735711,0.0077680859141189725,5331,943645,0.0025451280766131492,0.002651434207812987,596,939485,0.01712327755242285,0.0172231771747737,27036,943645,0.011368902397457074,0.011472702164190725,11657,939485
17,360000,full_holdout,lr_9e-6,/data/suehara/part/march/datasets/20250711_ilc_nnqq_sgv_10m_3cat_parquet,val_holdout,completed,3,4,validation_working_point_mistag_percent,1.0769943916479159,1.0769943916479159,1.0769943916479159,0.1895976130882528,0.06035221321776828,3.469551359469233,0.2034093159331297,0.5560353970287537,0.06248104193849263,2.84662141794202,1.2279067745656769,0.004429516439868344,0.004535271458765773,1786,941995,0.002481189638466085,0.0025875023409135055,567,939485,0.018806439940732833,0.018905231121746358,32683,941995,0.004595640544224075,0.0047016487033352,1911,939485,0.007602618301828009,0.007707411761719799,5247,943645,0.0025254551843009385,0.002631763354853469,587,939485,0.017069531717326183,0.017169470420301883,26862,943645,0.01131020202162318,0.011414029206320911,11536,939485
19,400000,control,lr_14e-6,/data/suehara/part/march/datasets/20250711_ilc_nnqq_sgv_10m_3cat_parquet,val5k_tail,completed,1,4,validation_working_point_mistag_percent,1.0668189843818194,1.0668189843818194,1.0668189843818194,0.20955573646677825,0.020964360587002098,3.331936256433412,0.25157232704402516,0.4589069728847432,0.041928721174004195,3.003754578639155,1.2159329218254356,0.056576226500096284,0.07743960142495387,10,4772,0.012956400606867183,0.03390757882502396,1,4770,0.25017950556368085,0.2697345291148838,159,4772,0.06284217972148852,0.08369668723477958,12,4770,0.08781784732560376,0.10848149405467897,22,4794,0.020962895333354704,0.0419052853056146,2,4770,0.23689280848384134,0.2564949963072546,144,4794,0.1487735383398579,0.1692237865418925,58,4770
19,400000,control,lr_3e-6,/data/suehara/part/march/datasets/20250711_ilc_nnqq_sgv_10m_3cat_parquet,val5k_tail,completed,4,4,validation_working_point_mistag_percent,1.0880188811604443,1.0880188811604443,1.0880188811604443,0.23094688221709006,0.06282722673703439,3.3802225569354563,0.2722513193404619,0.4793664194372784,0.020942408376963352,3.0429345076787246,1.214659728560545,0.05987872096138395,0.08077252999487802,11,4763,0.027279754607573575,0.04819146849989734,3,4775,0.2522271906665763,0.27179888565028176,161,4763,0.06570168864683357,0.08652570401161559,13,4775,0.08991816259302388,0.1105560594870986,23,4798,0.012942833995247701,0.033872087593079796,1,4775,0.23835626232250223,0.257925783241,146,4798,0.14861853970352407,0.1690479116943684,58,4775
19,400000,control,lr_6e-6,/data/suehara/part/march/datasets/20250711_ilc_nnqq_sgv_10m_3cat_parquet,val5k_tail,completed,2,4,validation_working_point_mistag_percent,1.0694035117300937,1.0694035117300937,1.0694035117300937,0.2305113189583601,0.041928721174004195,3.2481140775172763,0.25157232704402516,0.4589069728847432,0.041928721174004195,3.066333033262901,1.2159329218254356,0.059765871807038747,0.08062046585019396,11,4772,0.020962895333354704,0.0419052853056146,2,4770,0.24698766641642023,0.266577813494432,155,4772,0.06284217972148852,0.08369668723477958,12,4770,0.08781784732560376,0.10848149405467897,22,4794,0.020962895333354704,0.0419052853056146,2,4770,0.23937752267618184,0.25895360905109494,147,4794,0.1487735383398579,0.1692237865418925,58,4770
19,400000,control,lr_9e-6,/data/suehara/part/march/datasets/20250711_ilc_nnqq_sgv_10m_3cat_parquet,val5k_tail,completed,3,4,validation_working_point_mistag_percent,1.0741185205612152,1.0741185205612152,1.0741185205612152,0.25109855618330196,0.04201680672268908,3.3270558017077585,0.25210084680126665,0.479466336175141,0.04201680672268908,3.022722421941581,1.1764705882352942,0.06272392863193436,0.08353936856658564,12,4779,0.02100693194419809,0.041993272290040275,2,4760,0.24981865471158765,0.26934708321810286,159,4779,0.06297409385047034,0.08387218213430311,12,4760,0.08993687438811361,0.11057903098122537,23,4797,0.02100693194419809,0.041993272290040275,2,4760,0.23757752991123982,0.2571595546986858,145,4797,0.1463497956647939,0.16685957487578493,56,4760
19,400000,monitor,lr_14e-6,/data/suehara/part/march/datasets/20250711_ilc_nnqq_sgv_10m_3cat_parquet,val50k_tail,completed,1,4,validation_working_point_mistag_percent,1.0442500207956513,1.0442500207956513,1.0442500207956513,0.1920000075000003,0.07600000259765634,3.2599999975128173,0.20800000203125002,0.5600000068359375,0.07000000085449219,2.838000127098547,1.1500000219345097,0.018606088111257617,0.020598368265654594,96,50000,0.011365939057076106,0.013362859118674898,38,50000,0.07848936911380722,0.08035893172255587,1630,50000,0.01940315231970049,0.021394792486897213,104,50000,0.03239809462512637,0.03437565507391745,280,50000,0.010871397397403768,0.01286855745420266,35,50000,0.07332450058802308,0.07521094285917775,1419,50000,0.046714308269621245,0.0486682691904031,575,50000
19,400000,monitor,lr_3e-6,/data/suehara/part/march/datasets/20250711_ilc_nnqq_sgv_10m_3cat_parquet,val50k_tail,completed,2,4,validation_working_point_mistag_percent,1.0579999890617473,1.0579999890617473,1.0579999890617473,0.1920000075000003,0.07800000076171876,3.333999979014969,0.21399999346923848,0.5560000169677739,0.07000000085449219,2.863999882880864,1.1560000310449228,0.018606088111257617,0.020598368265654594,96,50000,0.011526437055627167,0.01352327711882593,39,50000,0.07935636811472052,0.08122297078266838,1667,50000,0.01969407896430784,0.021685479136304482,107,50000,0.03227933793455802,0.0342570583801491,278,50000,0.010871397397403768,0.01286855745420266,35,50000,0.0736543999282236,0.0755398022201783,1432,50000,0.046837173374695076,0.04879089430027683,578,50000
19,400000,monitor,lr_6e-6,/data/suehara/part/march/datasets/20250711_ilc_nnqq_sgv_10m_3cat_parquet,val50k_tail,completed,4,4,validation_working_point_mistag_percent,1.0677500033586893,1.0677500033586893,1.0677500033586893,0.186000003178711,0.07600000259765634,3.3399998955230745,0.21399999346923848,0.5560000169677739,0.07000000085449219,2.904000078874514,1.1960000354040539,0.018298640498242997,0.020291160647840055,93,50000,0.011365939057076106,0.013362859118674898,38,50000,0.07942619703497286,0.08129255970772062,1670,50000,0.01969407896430784,0.021685479136304482,107,50000,0.03227933793455802,0.0342570583801491,278,50000,0.010871397397403768,0.01286855745420266,35,50000,0.07415876510231782,0.07604256742627206,1452,50000,0.0476479778887701,0.04960009884635106,598,50000
19,400000,monitor,lr_9e-6,/data/suehara/part/march/datasets/20250711_ilc_nnqq_sgv_10m_3cat_parquet,val50k_tail,completed,3,4,validation_working_point_mistag_percent,1.0594999791687787,1.0594999791687787,1.0594999791687787,0.1960000040673829,0.07800000076171876,3.3399998955230745,0.2119999968945313,0.5560000169677739,0.07000000085449219,2.863999882880864,1.1600000354003916,0.018808383644857783,0.020800503802454642,98,50000,0.011526437055627167,0.01352327711882593,39,50000,0.07942619703497286,0.08129255970772062,1670,50000,0.019597563594981507,0.021589043765378152,106,50000,0.03227933793455802,0.0342570583801491,278,50000,0.010871397397403768,0.01286855745420266,35,50000,0.0736543999282236,0.0755398022201783,1432,50000,0.04691890033495516,0.04887246126373673,580,50000
21,440000,control,lr_14e-6,/data/suehara/part/march/datasets/20250711_ilc_nnqq_sgv_10m_3cat_parquet,val5k_tail,completed,1,4,validation_working_point_mistag_percent,1.0313928422406562,1.0313928422406562,1.0313928422406562,0.16680567139282734,0.020855057351407715,3.148457082599197,0.2502606818457978,0.4636459311701994,0.04171011470281543,2.887249738885982,1.2721584599770226,0.04943976378243364,0.07021658026298695,8,4796,0.012888850475002026,0.03373086254449684,1,4795,0.24254806627455466,0.26208175105773557,151,4796,0.06251479964649513,0.08326114631529544,12,4795,0.08872318591311867,0.1095981770875401,22,4745,0.020853607338137303,0.041686922553023524,2,4795,0.2333374385625444,0.2531911049188165,137,4745,0.15198547919952674,0.1723056799925059,61,4795
21,440000,control,lr_3e-6,/data/suehara/part/march/datasets/20250711_ilc_nnqq_sgv_10m_3cat_parquet,val5k_tail,completed,2,4,validation_working_point_mistag_percent,1.0341802081686748,1.0341802081686748,1.0341802081686748,0.21039344112829647,0.041701417848206836,3.2190196040509123,0.18765637076427363,0.4386881206328071,0.041701417848206836,3.1125965265406133,1.0216847665360824,0.05680224172880043,0.07774864751940846,10,4753,0.02084925951549509,0.04167823536796614,2,4796,0.24634121258099786,0.26602189429467615,153,4753,0.05295976680649698,0.07372789005839736,9,4796,0.08571754283639726,0.10641984521165149,21,4787,0.02084925951549509,0.04167823536796614,2,4796,0.2413660930702024,0.2609514746007641,149,4787,0.13534067280811332,0.15576106691389588,49,4796
21,440000,control,lr_6e-6,/data/suehara/part/march/datasets/20250711_ilc_nnqq_sgv_10m_3cat_parquet,val5k_tail,completed,4,4,validation_working_point_mistag_percent,1.096881295624064,1.096881295624064,1.096881295624064,0.1879306840429139,0.041701417848206836,3.5289204103549228,0.2085070865875182,0.48410861182357867,0.041701417848206836,3.0519889667171327,1.2301917697700309,0.053037133496975135,0.07383549229678206,9,4789,0.02084925951549509,0.04167823536796614,2,4796,0.2570696268153184,0.2764730003256811,169,4789,0.05629329160413833,0.07705272162738577,10,4796,0.09080611686340512,0.11164613849273426,23,4751,0.02084925951549509,0.04167823536796614,2,4796,0.2398458475504222,0.2596051114161901,145,4751,0.14931023905144278,0.16964370087069555,59,4796
21,440000,control,lr_9e-6,/data/suehara/part/march/datasets/20250711_ilc_nnqq_sgv_10m_3cat_parquet,val5k_tail,completed,3,4,validation_working_point_mistag_percent,1.0341802081686748,1.0341802081686748,1.0341802081686748,0.21039344112829647,0.041701417848206836,3.2190196040509123,0.18765637076427363,0.4386881206328071,0.041701417848206836,3.1125965265406133,1.0216847665360824,0.05680224172880043,0.07774864751940846,10,4753,0.02084925951549509,0.04167823536796614,2,4796,0.24634121258099786,0.26602189429467615,153,4753,0.05295976680649698,0.07372789005839736,9,4796,0.08571754283639726,0.10641984521165149,21,4787,0.02084925951549509,0.04167823536796614,2,4796,0.2413660930702024,0.2609514746007641,149,4787,0.13534067280811332,0.15576106691389588,49,4796
21,440000,monitor,lr_14e-6,/data/suehara/part/march/datasets/20250711_ilc_nnqq_sgv_10m_3cat_parquet,val50k_tail,completed,1,4,validation_working_point_mistag_percent,1.0385000146541408,1.0385000146541408,1.0385000146541408,0.1920000075000003,0.07400000180664067,3.2340000308418277,0.2040000012451172,0.557999993699341,0.06799999900390627,2.8320000535839855,1.1460000295523078,0.018606088111257617,0.020598368265654594,96,50000,0.011203324610580531,0.013200324670579348,37,50000,0.0781821714570953,0.08005277404504532,1617,50000,0.019206856011727752,0.021198656175724483,102,50000,0.032338770304735434,0.03431641075192643,279,50000,0.010701894656100771,0.01269913471129969,34,50000,0.07324813642849773,0.0751348186948525,1416,50000,0.04663221398824111,0.04858633490582281,573,50000
21,440000,monitor,lr_3e-6,/data/suehara/part/march/datasets/20250711_ilc_nnqq_sgv_10m_3cat_parquet,val50k_tail,completed,2,4,validation_working_point_mistag_percent,1.0524999898559382,1.0524999898559382,1.0524999898559382,0.19399999597412118,0.07800000076171876,3.291999986939697,0.21399999346923848,0.557999993699341,0.07000000085449219,2.861999969648896,1.1519999775000005,0.018707497323864092,0.02069969747986102,97,50000,0.011526437055627167,0.01352327711882593,39,50000,0.07886560803990611,0.08073389067425468,1646,50000,0.01969407896430784,0.021685479136304482,107,50000,0.032338770304735434,0.03431641075192643,279,50000,0.010871397397403768,0.01286855745420266,35,50000,0.07362908114386425,0.07551456343421921,1431,50000,0.04675530005208567,0.04870918097446726,576,50000
21,440000,monitor,lr_6e-6,/data/suehara/part/march/datasets/20250711_ilc_nnqq_sgv_10m_3cat_parquet,val50k_tail,completed,4,4,validation_working_point_mistag_percent,1.064749995195466,1.064749995195466,1.064749995195466,0.186000003178711,0.07800000076171876,3.33000008129883,0.21399999346923848,0.5560000169677739,0.07000000085449219,2.8959999045507843,1.1879999604821792,0.018298640498242997,0.020291160647840055,93,50000,0.011526437055627167,0.01352327711882593,39,50000,0.07930977687346172,0.08117653953821011,1665,50000,0.01969407896430784,0.021685479136304482,107,50000,0.03227933793455802,0.0342570583801491,278,50000,0.010871397397403768,0.01286855745420266,35,50000,0.07405819668213284,0.07594231899968676,1448,50000,0.0474869528820596,0.04943939383324058,594,50000
21,440000,monitor,lr_9e-6,/data/suehara/part/march/datasets/20250711_ilc_nnqq_sgv_10m_3cat_parquet,val50k_tail,completed,3,4,validation_working_point_mistag_percent,1.0552500209013562,1.0552500209013562,1.0552500209013562,0.1920000075000003,0.07800000076171876,3.308000022461853,0.2119999968945313,0.5560000169677739,0.07000000085449219,2.8660000863700894,1.1600000354003916,0.018606088111257617,0.020598368265654594,96,50000,0.011526437055627167,0.01352327711882593,39,50000,0.07905297009831516,0.080920612745463,1654,50000,0.019597563594981507,0.021589043765378152,106,50000,0.03227933793455802,0.0342570583801491,278,50000,0.010871397397403768,0.01286855745420266,35,50000,0.07367970907721857,0.075565031370773,1433,50000,0.04691890033495516,0.04887246126373673,580,50000
23,480000,control,lr_14e-6,/data/suehara/part/march/datasets/20250711_ilc_nnqq_sgv_10m_3cat_parquet,val5k_tail,completed,2,4,validation_working_point_mistag_percent,1.0682042384404058,1.0682042384404058,1.0682042384404058,0.18899622976515282,0.04169272461955389,3.4229315811283056,0.27100271002710025,0.43960643632763347,0.04169272461955389,2.9097761169344967,1.2299353841014486,0.0533376772994073,0.07425348825045679,9,4762,0.02084491350545256,0.04166955180281832,2,4797,0.25385105186160467,0.2734089223040276,163,4762,0.065400635465302,0.08612968810805853,13,4797,0.08589669676173774,0.1066419431210673,21,4777,0.02084491350545256,0.04166955180281832,2,4797,0.23350531468657384,0.2532165846698107,139,4777,0.14927927244485548,0.16960860325924645,59,4797
23,480000,control,lr_3e-6,/data/suehara/part/march/datasets/20250711_ilc_nnqq_sgv_10m_3cat_parquet,val5k_tail,completed,1,4,validation_working_point_mistag_percent,1.0599015864903507,1.0599015864903507,1.0599015864903507,0.20924879949184624,0.06263048176311534,3.2224315378965516,0.29227557783696984,0.4615061765604776,0.04175365344467641,2.915880024724648,1.2734864402045203,0.05649341045981817,0.07732636075403593,10,4779,0.02719433834479813,0.04804066250252428,3,4790,0.2458273827280151,0.26539958713344625,154,4779,0.06830340802962595,0.08905386698428568,14,4790,0.08831440896342815,0.10909397851528273,22,4767,0.020875373680074177,0.04173041285626091,2,4790,0.23398867722761763,0.25373872755966864,139,4767,0.15214328489079365,0.1724841379778054,61,4790
23,480000,control,lr_6e-6,/data/suehara/part/march/datasets/20250711_ilc_nnqq_sgv_10m_3cat_parquet,val5k_tail,completed,3,4,validation_working_point_mistag_percent,1.0855692495745275,1.0855692495745275,1.0855692495745275,0.20916126066383806,0.06277463904582549,3.3256641918244894,0.29294831180578657,0.4815745347477528,0.04184975936388366,3.036013397910077,1.2345679012345678,0.05646979324728247,0.07729406708110349,10,4781,0.027256924516033818,0.048151161068734315,3,4779,0.24971574551045442,0.2692365886359217,159,4781,0.06846047098733074,0.08925840056241553,14,4779,0.09033162894675649,0.11106364714254324,23,4776,0.020923419942392277,0.04182641167487599,2,4779,0.23860772233440208,0.2582702664414422,145,4776,0.14983864389167578,0.17024259037651465,59,4779
23,480000,control,lr_9e-6,/data/suehara/part/march/datasets/20250711_ilc_nnqq_sgv_10m_3cat_parquet,val5k_tail,completed,4,4,validation_working_point_mistag_percent,1.106403824613864,1.106403824613864,1.106403824613864,0.25120367790150483,0.04186728072011723,3.4749842137457825,0.25120367790150483,0.48097031298517834,0.04186728072011723,3.0531157634291834,1.256018389507524,0.06275016817643705,0.08357427714072302,12,4777,0.020932179397847108,0.04184391347875119,2,4777,0.2553972409622428,0.27487192313061026,166,4777,0.06275016817643705,0.08357427714072302,12,4777,0.09021848876832701,0.11092475249180099,23,4782,0.020932179397847108,0.04184391347875119,2,4777,0.23914268645797432,0.2587734136789189,146,4782,0.15123378863829365,0.17163729704281258,60,4777
23,480000,monitor,lr_14e-6,/data/suehara/part/march/datasets/20250711_ilc_nnqq_sgv_10m_3cat_parquet,val50k_tail,completed,1,4,validation_working_point_mistag_percent,1.034500004306021,1.034500004306021,1.034500004306021,0.1920000075000003,0.07400000180664067,3.225999976741257,0.2020000022192383,0.557999993699341,0.064,2.8260000107803345,1.1340000417013565,0.018606088111257617,0.020598368265654594,96,50000,0.011203324610580531,0.013200324670579348,37,50000,0.07808737523863907,0.07995829782018876,1613,50000,0.019107983742976033,0.02109986390537279,101,50000,0.032338770304735434,0.03431641075192643,279,50000,0.0103552826863133,0.012352682738312273,32,50000,0.07317168412046375,0.07505860638201863,1413,50000,0.04638503850278638,0.04833963941076828,567,50000
23,480000,monitor,lr_3e-6,/data/suehara/part/march/datasets/20250711_ilc_nnqq_sgv_10m_3cat_parquet,val50k_tail,completed,2,4,validation_working_point_mistag_percent,1.049499998300629,1.049499998300629,1.049499998300629,0.1920000075000003,0.07800000076171876,3.2940000329219057,0.2119999968945313,0.557999993699341,0.07000000085449219,2.8459999242207354,1.1460000295523078,0.018606088111257617,0.020598368265654594,96,50000,0.011526437055627167,0.01352327711882593,39,50000,0.07888905577315419,0.0807572584091032,1647,50000,0.019597563594981507,0.021589043765378152,106,50000,0.032338770304735434,0.03431641075192643,279,50000,0.010871397397403768,0.01286855745420266,35,50000,0.07342618281603111,0.07531230509358611,1423,50000,0.04663221398824111,0.04858633490582281,573,50000
23,480000,monitor,lr_6e-6,/data/suehara/part/march/datasets/20250711_ilc_nnqq_sgv_10m_3cat_parquet,val50k_tail,completed,4,4,validation_working_point_mistag_percent,1.064500014411736,1.064500014411736,1.064500014411736,0.18999999768066408,0.07600000259765634,3.343999978569336,0.21600000527343763,0.5539999947589112,0.07000000085449219,2.8880000987109407,1.178000036848451,0.018504147852544686,0.02049650800534169,95,50000,0.011365939057076106,0.013362859118674898,38,50000,0.07947271109885815,0.08133891377480537,1672,50000,0.019790142708457595,0.02178146288205414,108,50000,0.03221979693486679,0.03419759737885797,277,50000,0.010871397397403768,0.01286855745420266,35,50000,0.07395747656856085,0.07584191887971513,1444,50000,0.047284880308042475,0.04923772125122374,589,50000
23,480000,monitor,lr_9e-6,/data/suehara/part/march/datasets/20250711_ilc_nnqq_sgv_10m_3cat_parquet,val50k_tail,completed,3,4,validation_working_point_mistag_percent,1.0505000041261674,1.0505000041261674,1.0505000041261674,0.1920000075000003,0.07800000076171876,3.2940000329219057,0.2119999968945313,0.5600000068359375,0.07000000085449219,2.850000027179718,1.1479999600610364,0.018606088111257617,0.020598368265654594,96,50000,0.011526437055627167,0.01352327711882593,39,50000,0.07888905577315419,0.0807572584091032,1647,50000,0.019597563594981507,0.021589043765378152,106,50000,0.03239809462512637,0.03437565507391745,280,50000,0.010871397397403768,0.01286855745420266,35,50000,0.07347696554494375,0.07536292782569891,1425,50000,0.04667327961341908,0.048627320532600854,574,50000
23,480000,full,lr_14e-6,/data/suehara/part/march/datasets/20250711_ilc_nnqq_sgv_10m_3cat_parquet,val1000k,completed,1,4,validation_working_point_mistag_percent,1.0568737274676194,1.0568737274676194,1.0568737274676194,0.18565790423456172,0.059930516594176246,3.4089438742223717,0.20010356923016795,0.5406325770724799,0.05902552688316613,2.8048004646135536,1.1958953868904785,0.004261607622339401,0.0043615364928624965,1851,996995,0.0024044094321655604,0.0025048433638311736,596,994485,0.01812653989704399,0.018220002771766886,33987,996995,0.0044313913954664805,0.004531543426623862,1990,994485,0.007288479408177045,0.007387532260624916,5399,998645,0.0023858236293022557,0.0024862593809854864,587,994485,0.016474998426358953,0.01656951680323142,28010,998645,0.01085124282168698,0.010949392226780943,11893,994485
23,480000,full,lr_3e-6,/data/suehara/part/march/datasets/20250711_ilc_nnqq_sgv_10m_3cat_parquet,val1000k,completed,2,4,validation_working_point_mistag_percent,1.06596370732279,1.06596370732279,1.06596370732279,0.18776422250381253,0.06073495523540207,3.4277002174478706,0.20161188604449268,0.5481427332362553,0.061237724142441996,2.828232131588575,1.2122857883834697,0.004285949585731345,0.004385874230902471,1872,996995,0.0024208125233855576,0.0025212448372577065,604,994485,0.018174715968466426,0.018268141217436806,34174,996995,0.004448215049997683,0.004548364047792354,2005,994485,0.007338997642497309,0.0074380354542275505,5474,998645,0.002431009261618549,0.0025314405643698016,609,994485,0.01654189251198701,0.016636363961820833,28244,998645,0.01092479058856198,0.01102290703111422,12056,994485
23,480000,full,lr_6e-6,/data/suehara/part/march/datasets/20250711_ilc_nnqq_sgv_10m_3cat_parquet,val1000k,completed,4,4,validation_working_point_mistag_percent,1.0778120617698823,1.0778120617698823,1.0778120617698823,0.19037205862446194,0.06174050027591793,3.461602175491467,0.20462852129915132,0.5579560500634784,0.06314826313369401,2.8531661672377844,1.2298827580331033,0.004315897841840745,0.004415817255623675,1898,996995,0.002441164169020326,0.0025415944606506824,614,994485,0.01826142327780167,0.018354780518725633,34512,996995,0.004481673513913971,0.004581816444983221,2035,994485,0.00740448091559355,0.007503499074119208,5572,998645,0.0024693796667474397,0.0025698071272392607,628,994485,0.016612743672712524,0.016707165187363274,28493,998645,0.011003181164651044,0.011101262217971808,12231,994485
23,480000,full,lr_9e-6,/data/suehara/part/march/datasets/20250711_ilc_nnqq_sgv_10m_3cat_parquet,val1000k,completed,3,4,validation_working_point_mistag_percent,1.0696119670601987,1.0696119670601987,1.0696119670601987,0.18866694779393017,0.060634397748770344,3.4477604333637477,0.20181300357403884,0.5504458471936593,0.06143883573406284,2.8313366093992376,1.214799661674142,0.0042963398161094835,0.00439626265041548,1881,996995,0.002418768110470644,0.0025192006265669893,603,994485,0.018226079350055352,0.018319464357578058,34374,996995,0.004450453414747918,0.00455060200809424,2007,994485,0.007354419332203897,0.007453452531447358,5497,998645,0.0024350762155184147,0.0025355071138213176,611,994485,0.016550731854416897,0.016645197087420197,28275,998645,0.010936025211435822,0.011034136598383516,12081,994485
23,480000,full_holdout,lr_14e-6,/data/suehara/part/march/datasets/20250711_ilc_nnqq_sgv_10m_3cat_parquet,val_holdout,completed,1,4,validation_working_point_mistag_percent,1.0578334068964572,1.0578334068964572,1.0578334068964572,0.18577593997477784,0.059287800948735085,3.416897050178637,0.19925810893790102,0.5407753759728094,0.05886203420349795,2.802536848349833,1.1992740966054665,0.004384198440526344,0.004489961573420748,1750,941995,0.002458763671563341,0.0025650786399581955,557,939485,0.018667862011553793,0.01876676498541452,32187,941995,0.004548058419478291,0.004654075415784454,1872,939485,0.0074974125524373235,0.007602238354915015,5103,943645,0.002449736893872848,0.002556052768646689,553,939485,0.01694026135029003,0.017040293487402547,26446,943645,0.011178547827895083,0.011282435966578769,11267,939485
23,480000,full_holdout,lr_3e-6,/data/suehara/part/march/datasets/20250711_ilc_nnqq_sgv_10m_3cat_parquet,val_holdout,completed,2,4,validation_working_point_mistag_percent,1.0669230437074209,1.0669230437074209,1.0669230437074209,0.18736830669209284,0.05971356441141538,3.4379162249228994,0.2007482848206961,0.5480874477804867,0.06088442053000066,2.825638739396741,1.2150273611050342,0.0044031373640225895,0.004508897116084921,1765,941995,0.0024677580534933135,0.0025740721155091814,561,939485,0.01872332280204725,0.018822181148923922,32385,941995,0.004565196034822874,0.004671209858802573,1886,939485,0.00754800935622163,0.007652819661210265,5172,943645,0.002492328362207086,0.0025986399316807788,572,939485,0.017008141135589974,0.017108124309620984,26664,943645,0.01125118132357418,0.01135503592623599,11415,939485
23,480000,full_holdout,lr_6e-6,/data/suehara/part/march/datasets/20250711_ilc_nnqq_sgv_10m_3cat_parquet,val_holdout,completed,4,4,validation_working_point_mistag_percent,1.0786934981408136,1.0786934981408136,1.0786934981408136,0.19034071964684732,0.06088442053000066,3.4709313603144896,0.2036221982994862,0.5586846971831928,0.06290680746569882,2.849800498528104,1.2323772831586888,0.004438274779468743,0.0045440282206445385,1793,941995,0.002492328362207086,0.0025986399316807788,572,939485,0.018810056241989892,0.018908844492948607,32696,941995,0.004598067427658481,0.004704075133580123,1913,939485,0.0076207330061667244,0.007725520851026117,5272,943645,0.0025342172036024995,0.0026405244677760436,591,939485,0.017078811764065227,0.017178743729001633,26892,943645,0.011330613402354105,0.011434431070072616,11578,939485
23,480000,full_holdout,lr_9e-6,/data/suehara/part/march/datasets/20250711_ilc_nnqq_sgv_10m_3cat_parquet,val_holdout,completed,3,4,validation_working_point_mistag_percent,1.070120509661487,1.070120509661487,1.070120509661487,0.1884298722071919,0.05971356441141538,3.4542645693844087,0.20064183589239235,0.5503128678458109,0.06109730521504879,2.8293478352376327,1.2171562270979954,0.004415718393536408,0.004521475891710691,1775,941995,0.0024677580534933135,0.0025740721155091814,561,939485,0.018766328811018612,0.018865152448020034,32539,941995,0.004563974045628319,0.004669988096202803,1885,939485,0.0075633402057359925,0.007668145794097539,5193,943645,0.0024967701961229574,0.0026030813124071676,574,939485,0.017019011048640884,0.017118986361626745,26699,943645,0.011260959119206715,0.011364809189973527,11435,939485
25,520000,control,lr_14e-6,/data/suehara/part/march/datasets/20250711_ilc_nnqq_sgv_10m_3cat_parquet,val5k_tail,completed,1,4,validation_working_point_mistag_percent,1.0691855665167185,1.0691855665167185,1.0691855665167185,0.1677500524218914,0.041981528127623846,3.4388761681738798,0.2518891687657431,0.45804706556609376,0.041981528127623846,2.9564854923069843,1.1964735286439079,0.049719533545559705,0.07061355868081258,8,4769,0.020989295116723355,0.04195803319515878,2,4764,0.25426508658255714,0.2737875704086998,164,4769,0.06292126179743338,0.08380189593436274,12,4764,0.08765356533874764,0.10827885798907053,22,4803,0.020989295116723355,0.04195803319515878,2,4764,0.23478578528478533,0.25437092869449485,142,4803,0.14759990612927282,0.16808407252942495,57,4764
25,520000,control,lr_3e-6,/data/suehara/part/march/datasets/20250711_ilc_nnqq_sgv_10m_3cat_parquet,val5k_tail,completed,2,4,validation_working_point_mistag_percent,1.07420362010169,1.07420362010169,1.07420362010169,0.18955350108231994,0.062253578003877624,3.201348028567449,0.2697655012667486,0.4613126589202612,0.04150238638721727,2.977563435252046,1.3903298713336005,0.0534948597498922,0.07447209559061278,9,4748,0.027030707842324083,0.04775176444830715,3,4819,0.2457821159124289,0.26549096074882717,152,4748,0.06510232862031837,0.08573728069022836,13,4819,0.08827743412384276,0.1090483722185346,22,4769,0.02074975758849585,0.04147942464808624,2,4819,0.23643702604373812,0.2561529323621917,142,4769,0.15886969167438567,0.1790396792495017,67,4819
25,520000,control,lr_6e-6,/data/suehara/part/march/datasets/20250711_ilc_nnqq_sgv_10m_3cat_parquet,val5k_tail,completed,4,4,validation_working_point_mistag_percent,1.092465677393471,1.092465677393471,1.092465677393471,0.21061500120257773,0.062253578003877624,3.222409355293176,0.2697655012667486,0.48228140534222913,0.04150238638721727,2.977563435252046,1.4733347563998933,0.05686201987033851,0.07783038584389607,10,4748,0.027030707842324083,0.04775176444830715,3,4819,0.2465968038050874,0.2662967787743227,153,4748,0.06510232862031837,0.08573728069022836,13,4819,0.09046398500010093,0.11122613116332417,23,4769,0.02074975758849585,0.04147942464808624,2,4819,0.23643702604373812,0.2561529323621917,142,4769,0.1637658099184494,0.183901355679136,71,4819
25,520000,control,lr_9e-6,/data/suehara/part/march/datasets/20250711_ilc_nnqq_sgv_10m_3cat_parquet,val5k_tail,completed,3,4,validation_working_point_mistag_percent,1.0820900667601843,1.0820900667601843,1.0820900667601843,0.21061500120257773,0.062253578003877624,3.222409355293176,0.2697655012667486,0.48228140534222913,0.04150238638721727,2.977563435252046,1.3903298713336005,0.05686201987033851,0.07783038584389607,10,4748,0.027030707842324083,0.04775176444830715,3,4819,0.2465968038050874,0.2662967787743227,153,4748,0.06510232862031837,0.08573728069022836,13,4819,0.09046398500010093,0.11122613116332417,23,4769,0.02074975758849585,0.04147942464808624,2,4819,0.23643702604373812,0.2561529323621917,142,4769,0.15886969167438567,0.1790396792495017,67,4819
25,520000,monitor,lr_14e-6,/data/suehara/part/march/datasets/20250711_ilc_nnqq_sgv_10m_3cat_parquet,val50k_tail,completed,1,4,validation_working_point_mistag_percent,1.0319999953369905,1.0319999953369905,1.0319999953369905,0.1920000075000003,0.07400000180664067,3.223999948345948,0.2020000022192383,0.5539999947589112,0.064,2.8099999914245606,1.1360000166406252,0.018606088111257617,0.020598368265654594,96,50000,0.011203324610580531,0.013200324670579348,37,50000,0.07806365593863093,0.0799346585185802,1612,50000,0.019107983742976033,0.02109986390537279,101,50000,0.03221979693486679,0.03419759737885797,277,50000,0.0103552826863133,0.012352682738312273,32,50000,0.07296737827280353,0.07485494052155914,1405,50000,0.046426327965215335,0.048380848874797315,568,50000
25,520000,monitor,lr_3e-6,/data/suehara/part/march/datasets/20250711_ilc_nnqq_sgv_10m_3cat_parquet,val50k_tail,completed,2,4,validation_working_point_mistag_percent,1.0479999802006161,1.0479999802006161,1.0479999802006161,0.1920000075000003,0.07800000076171876,3.287999955347901,0.2119999968945313,0.557999993699341,0.07000000085449219,2.8399998569946363,1.1460000295523078,0.018606088111257617,0.020598368265654594,96,50000,0.011526437055627167,0.01352327711882593,39,50000,0.0788186889535053,0.0806871315846544,1644,50000,0.019597563594981507,0.021589043765378152,106,50000,0.032338770304735434,0.03431641075192643,279,50000,0.010871397397403768,0.01286855745420266,35,50000,0.07334993576622283,0.07523629803897793,1420,50000,0.04663221398824111,0.04858633490582281,573,50000
25,520000,monitor,lr_6e-6,/data/suehara/part/march/datasets/20250711_ilc_nnqq_sgv_10m_3cat_parquet,val50k_tail,completed,4,4,validation_working_point_mistag_percent,1.0624999898015886,1.0624999898015886,1.0624999898015886,0.1920000075000003,0.07800000076171876,3.3379999339133466,0.21600000527343763,0.5560000169677739,0.07000000085449219,2.8739999287376423,1.1760000244042974,0.018606088111257617,0.020598368265654594,96,50000,0.011526437055627167,0.01352327711882593,39,50000,0.07940292844483346,0.08126937111598079,1669,50000,0.019790142708457595,0.02178146288205414,108,50000,0.03227933793455802,0.0342570583801491,278,50000,0.010871397397403768,0.01286855745420266,35,50000,0.07378084951500004,0.07566585181495479,1437,50000,0.04724435940165802,0.049197280343239204,588,50000
25,520000,monitor,lr_9e-6,/data/suehara/part/march/datasets/20250711_ilc_nnqq_sgv_10m_3cat_parquet,val50k_tail,completed,3,4,validation_working_point_mistag_percent,1.0482499719288647,1.0482499719288647,1.0482499719288647,0.18999999768066408,0.07800000076171876,3.287999955347901,0.2119999968945313,0.5600000068359375,0.07000000085449219,2.8399998569946363,1.1479999600610364,0.018504147852544686,0.02049650800534169,95,50000,0.011526437055627167,0.01352327711882593,39,50000,0.0788186889535053,0.0806871315846544,1644,50000,0.019597563594981507,0.021589043765378152,106,50000,0.03239809462512637,0.03437565507391745,280,50000,0.010871397397403768,0.01286855745420266,35,50000,0.07334993576622283,0.07523629803897793,1420,50000,0.04667327961341908,0.048627320532600854,574,50000
27,560000,control,lr_14e-6,/data/suehara/part/march/datasets/20250711_ilc_nnqq_sgv_10m_3cat_parquet,val5k_tail,completed,1,4,validation_working_point_mistag_percent,1.0669201228491016,1.0669201228491016,1.0669201228491016,0.18816641794490205,0.041911148365465216,3.3869956931907295,0.251466896625449,0.4183225213276761,0.041911148365465216,2.907341574261403,1.299245582711723,0.05310362794068574,0.0739279730816776,9,4783,0.02095411015713718,0.04188773213561382,2,4772,0.2519727387329085,0.2714597807022018,162,4783,0.06281586318590843,0.08366167634736126,12,4772,0.08353989015852403,0.1042766854213146,20,4781,0.02095411015713718,0.04188773213561382,2,4772,0.23331252820760276,0.2530083284751305,139,4781,0.15402565721207798,0.17443242628841174,62,4772
27,560000,control,lr_3e-6,/data/suehara/part/march/datasets/20250711_ilc_nnqq_sgv_10m_3cat_parquet,val5k_tail,completed,3,4,validation_working_point_mistag_percent,1.119993293487017,1.119993293487017,1.119993293487017,0.2516778459055383,0.04179728317659352,3.649328975848031,0.2089864158829676,0.4599623725849624,0.02089864158829676,3.0524776170776846,1.274817195832062,0.06286851831676246,0.08373172743718635,12,4768,0.02089718550753811,0.041773993997644004,2,4785,0.26198622356516443,0.28142454234936987,174,4768,0.05642261801207999,0.07722956058797506,10,4785,0.08801947460900109,0.1087301926831167,22,4783,0.012915785827257708,0.03380132755663996,1,4785,0.23909338299750554,0.2587202736644929,146,4783,0.15230141860390728,0.17266296597670885,61,4785
27,560000,control,lr_6e-6,/data/suehara/part/march/datasets/20250711_ilc_nnqq_sgv_10m_3cat_parquet,val5k_tail,completed,4,4,validation_working_point_mistag_percent,1.1225705574725189,1.1225705574725189,1.1225705574725189,0.2516778459055383,0.04179728317659352,3.5654363328930216,0.22988505747126436,0.4599623725849624,0.02089864158829676,3.094292443119902,1.3166144830405726,0.06286851831676246,0.08373172743718635,12,4768,0.02089718550753811,0.041773993997644004,2,4785,0.25894884661031153,0.27842234787195524,170,4768,0.059603616373245065,0.08040182570986384,11,4785,0.08801947460900109,0.1087301926831167,22,4783,0.012915785827257708,0.03380132755663996,1,4785,0.24074422449844696,0.2603536340782222,148,4783,0.15490666018154048,0.17525074107578933,63,4785
27,560000,control,lr_9e-6,/data/suehara/part/march/datasets/20250711_ilc_nnqq_sgv_10m_3cat_parquet,val5k_tail,completed,2,4,validation_working_point_mistag_percent,1.1173623226610947,1.1173623226610947,1.1173623226610947,0.2516778459055383,0.04179728317659352,3.607382567652356,0.22988505747126436,0.4599623725849624,0.02089864158829676,3.0524776170776846,1.274817195832062,0.06286851831676246,0.08373172743718635,12,4768,0.02089718550753811,0.041773993997644004,2,4785,0.26047243638868334,0.2799283464116086,172,4768,0.059603616373245065,0.08040182570986384,11,4785,0.08801947460900109,0.1087301926831167,22,4783,0.012915785827257708,0.03380132755663996,1,4785,0.23909338299750554,0.2587202736644929,146,4783,0.15230141860390728,0.17266296597670885,61,4785
27,560000,monitor,lr_14e-6,/data/suehara/part/march/datasets/20250711_ilc_nnqq_sgv_10m_3cat_parquet,val50k_tail,completed,1,4,validation_working_point_mistag_percent,1.0342499996378904,1.0342499996378904,1.0342499996378904,0.1920000075000003,0.07400000180664067,3.245999923971407,0.2040000012451172,0.5519999892187503,0.064,2.8040000299499517,1.1380000434112565,0.018606088111257617,0.020598368265654594,96,50000,0.011203324610580531,0.013200324670579348,37,50000,0.07832412363742852,0.08019424623497834,1623,50000,0.019206856011727752,0.021198656175724483,102,50000,0.03216014672070755,0.03413802716309865,276,50000,0.0103552826863133,0.012352682738312273,32,50000,0.0728906004099937,0.07477840265394942,1402,50000,0.04646757987844391,0.04842202078962597,569,50000
27,560000,monitor,lr_3e-6,/data/suehara/part/march/datasets/20250711_ilc_nnqq_sgv_10m_3cat_parquet,val50k_tail,completed,2,4,validation_working_point_mistag_percent,1.042000026739522,1.042000026739522,1.042000026739522,0.18999999768066408,0.07600000259765634,3.2560000611096203,0.20800000203125002,0.5560000169677739,0.07000000085449219,2.838000127098547,1.1420000055761719,0.018504147852544686,0.02049650800534169,95,50000,0.011365939057076106,0.013362859118674898,38,50000,0.07844219614325174,0.08031191874880092,1628,50000,0.01940315231970049,0.021394792486897213,104,50000,0.03227933793455802,0.0342570583801491,278,50000,0.010871397397403768,0.01286855745420266,35,50000,0.07332450058802308,0.07521094285917775,1419,50000,0.046549971447929286,0.048504252362311165,571,50000
27,560000,monitor,lr_6e-6,/data/suehara/part/march/datasets/20250711_ilc_nnqq_sgv_10m_3cat_parquet,val50k_tail,completed,4,4,validation_working_point_mistag_percent,1.061500020655995,1.061500020655995,1.061500020655995,0.1920000075000003,0.07800000076171876,3.3480000334616093,0.21600000527343763,0.5519999892187503,0.07000000085449219,2.87000008868027,1.166000039497682,0.018606088111257617,0.020598368265654594,96,50000,0.011526437055627167,0.01352327711882593,39,50000,0.07951919438535446,0.08138523706450254,1674,50000,0.019790142708457595,0.02178146288205414,108,50000,0.03216014672070755,0.03413802716309865,276,50000,0.010871397397403768,0.01286855745420266,35,50000,0.0737302985082379,0.07561546080499248,1435,50000,0.04704121797876014,0.04899453891234161,583,50000
27,560000,monitor,lr_9e-6,/data/suehara/part/march/datasets/20250711_ilc_nnqq_sgv_10m_3cat_parquet,val50k_tail,completed,3,4,validation_working_point_mistag_percent,1.0435000090372952,1.0435000090372952,1.0435000090372952,0.1879999917382816,0.07800000076171876,3.2659999505385597,0.20800000203125002,0.557999993699341,0.07000000085449219,2.838000127098547,1.1420000055761719,0.018401668178712582,0.020394108329909573,94,50000,0.011526437055627167,0.01352327711882593,39,50000,0.07856006871344925,0.0804293913269978,1633,50000,0.01940315231970049,0.021394792486897213,104,50000,0.032338770304735434,0.03431641075192643,279,50000,0.010871397397403768,0.01286855745420266,35,50000,0.07332450058802308,0.07521094285917775,1419,50000,0.046549971447929286,0.048504252362311165,571,50000
29,600000,control,lr_14e-6,/data/suehara/part/march/datasets/20250711_ilc_nnqq_sgv_10m_3cat_parquet,val5k_tail,completed,1,4,validation_working_point_mistag_percent,1.0025775332306155,1.0025775332306155,1.0025775332306155,0.16760946993505133,0.041718815185648725,3.121726295206674,0.2503128911138924,0.41937513642202284,0.020859407592824362,2.8517508181769524,1.147267432211858,0.04967788654531877,0.07055446406105609,8,4773,0.0208579569745134,0.041695613360254534,2,4794,0.24206397602777874,0.26170296790983155,149,4773,0.06252782934450443,0.08327848090191264,12,4794,0.08374978267679539,0.10453830463442448,20,4769,0.012891538953639552,0.03373789582221398,1,4794,0.23131664711081684,0.2510853050180822,136,4769,0.1439403483648566,0.16431687916043294,55,4794
29,600000,control,lr_3e-6,/data/suehara/part/march/datasets/20250711_ilc_nnqq_sgv_10m_3cat_parquet,val5k_tail,completed,2,4,validation_working_point_mistag_percent,1.02474448646564,1.02474448646564,1.02474448646564,0.16753926701570682,0.020977554017201593,3.3298429412477906,0.2307530882802388,0.4380475469009854,0.04195510803440319,2.9828953237508307,0.9859450624779648,0.04965708919808202,0.0705249538266349,8,4775,0.01296455423406401,0.033928909286909135,1,4767,0.25002472767948825,0.2695683445421614,159,4775,0.05982851321342246,0.08070487517055787,11,4767,0.08559257909324883,0.10626492630515741,21,4794,0.020976086918577042,0.0419316426618512,2,4767,0.2360583108075045,0.25566919911375086,143,4794,0.13317812449048558,0.15373771130306624,47,4767
29,600000,control,lr_6e-6,/data/suehara/part/march/datasets/20250711_ilc_nnqq_sgv_10m_3cat_parquet,val5k_tail,completed,3,4,validation_working_point_mistag_percent,1.0313964138494316,1.0313964138494316,1.0313964138494316,0.23046302263422863,0.0625782227784731,3.184579938946749,0.2503128911138924,0.4403438735183177,0.020859407592824362,2.93562595495416,1.1264079992568072,0.05975335926322084,0.0806036051697308,11,4773,0.027171650937619127,0.04800060684052697,3,4794,0.24451350378530967,0.2641261640581344,152,4773,0.06252782934450443,0.08327848090191264,12,4794,0.08604055999691936,0.10682029002307986,21,4769,0.012891538953639552,0.03373789582221398,1,4794,0.23474352739888474,0.25447701758027524,140,4769,0.14255091167863532,0.16293614295704514,54,4794
29,600000,control,lr_9e-6,/data/suehara/part/march/datasets/20250711_ilc_nnqq_sgv_10m_3cat_parquet,val5k_tail,completed,4,4,validation_working_point_mistag_percent,1.0774104828395359,1.0774104828395359,1.0774104828395359,0.22935779816513763,0.02094679514034353,3.356964092723993,0.25136153525685356,0.4616030125344066,0.04189359028068706,2.958455739913568,1.2987012987012987,0.0594670098532854,0.08021774664787985,11,4796,0.01294554504420561,0.0338791798944086,1,4774,0.2505184626781808,0.26996521517483263,161,4796,0.06278956868232001,0.08362669473815908,12,4774,0.08833290800072313,0.10911679597160563,22,4766,0.02094533234125682,0.04187019366469945,2,4774,0.23573821371930884,0.25547454443964784,141,4766,0.15396148065944473,0.174359930377266,62,4774
29,600000,monitor,lr_14e-6,/data/suehara/part/march/datasets/20250711_ilc_nnqq_sgv_10m_3cat_parquet,val50k_tail,completed,1,4,validation_working_point_mistag_percent,1.0310000015562728,1.0310000015562728,1.0310000015562728,0.1920000075000003,0.07400000180664067,3.225999976741257,0.2040000012451172,0.5439999920312502,0.064,2.8099999914245606,1.1340000417013565,0.018606088111257617,0.020598368265654594,96,50000,0.011203324610580531,0.013200324670579348,37,50000,0.07808737523863907,0.07995829782018876,1613,50000,0.019206856011727752,0.021198656175724483,102,50000,0.03192044183364133,0.033898642269632615,272,50000,0.0103552826863133,0.012352682738312273,32,50000,0.07296737827280353,0.07485494052155914,1405,50000,0.04638503850278638,0.04833963941076828,567,50000
29,600000,monitor,lr_3e-6,/data/suehara/part/march/datasets/20250711_ilc_nnqq_sgv_10m_3cat_parquet,val50k_tail,completed,2,4,validation_working_point_mistag_percent,1.0379999934069637,1.0379999934069637,1.0379999934069637,0.18999999768066408,0.07600000259765634,3.241999967103119,0.20600000150878908,0.5560000169677739,0.07000000085449219,2.827999943902589,1.1360000166406252,0.018504147852544686,0.02049650800534169,95,50000,0.011365939057076106,0.013362859118674898,38,50000,0.07827683845324437,0.08014712104759333,1621,50000,0.019305243198633602,0.02129696336423035,103,50000,0.03227933793455802,0.0342570583801491,278,50000,0.010871397397403768,0.01286855745420266,35,50000,0.0731971780342202,0.0750840202973755,1414,50000,0.046426327965215335,0.048380848874797315,568,50000
29,600000,monitor,lr_6e-6,/data/suehara/part/march/datasets/20250711_ilc_nnqq_sgv_10m_3cat_parquet,val50k_tail,completed,4,4,validation_working_point_mistag_percent,1.060750020410214,1.060750020410214,1.060750020410214,0.1960000040673829,0.07800000076171876,3.3520000255737306,0.21399999346923848,0.5500000167846685,0.07000000085449219,2.8660000863700894,1.1600000354003916,0.018808383644857783,0.020800503802454642,98,50000,0.011526437055627167,0.01352327711882593,39,50000,0.07956564694768589,0.08143152963003344,1676,50000,0.01969407896430784,0.021685479136304482,107,50000,0.03210038670183341,0.0340783471426246,275,50000,0.010871397397403768,0.01286855745420266,35,50000,0.07367970907721857,0.075565031370773,1433,50000,0.04691890033495516,0.04887246126373673,580,50000
29,600000,monitor,lr_9e-6,/data/suehara/part/march/datasets/20250711_ilc_nnqq_sgv_10m_3cat_parquet,val50k_tail,completed,3,4,validation_working_point_mistag_percent,1.0407500072669986,1.0407500072669986,1.0407500072669986,0.1879999917382816,0.07600000259765634,3.2599999975128173,0.20600000150878908,0.557999993699341,0.07000000085449219,2.8320000535839855,1.1360000166406252,0.018401668178712582,0.020394108329909573,94,50000,0.011365939057076106,0.013362859118674898,38,50000,0.07848936911380722,0.08035893172255587,1630,50000,0.019305243198633602,0.02129696336423035,103,50000,0.032338770304735434,0.03431641075192643,279,50000,0.010871397397403768,0.01286855745420266,35,50000,0.07324813642849773,0.0751348186948525,1416,50000,0.046426327965215335,0.048380848874797315,568,50000
29,600000,full,lr_14e-6,/data/suehara/part/march/datasets/20250711_ilc_nnqq_sgv_10m_3cat_parquet,val1000k,completed,1,4,validation_working_point_mistag_percent,1.050981720196454,1.050981720196454,1.050981720196454,0.18706211549167515,0.05922663405538688,3.3873790848233223,0.19879636228380182,0.5368273858637694,0.05791942426734792,2.79098181886321,1.1896609359231185,0.004277850922051823,0.004377776975673605,1865,996995,0.0023899660692835046,0.0024904014165183855,589,994485,0.01807096804134281,0.018164474175622752,33772,996995,0.004416759235946108,0.004516913896017872,1977,994485,0.007262747380581101,0.007361807853659315,5361,998645,0.0023629128145885667,0.0024633507907377864,576,994485,0.016435405257187244,0.016529951308980398,27872,998645,0.010823130520013803,0.010921292463006958,11831,994485
29,600000,full,lr_3e-6,/data/suehara/part/march/datasets/20250711_ilc_nnqq_sgv_10m_3cat_parquet,val1000k,completed,2,4,validation_working_point_mistag_percent,1.0599830690117031,1.0599830690117031,1.0599830690117031,0.1866609216177933,0.06053384615668823,3.4137582751186217,0.20090801002970457,0.5439370515036246,0.05982996371055619,2.8130117244591144,1.2012247594975223,0.004273216252460876,0.004373143110911605,1861,996995,0.0024167219993468823,0.0025171547176674027,602,994485,0.01813891996422859,0.01823237318100482,34035,996995,0.004440371917008561,0.0045405223303725435,1998,994485,0.007310751082276103,0.007409797316808211,5432,998645,0.002402351314179736,0.002502785448069524,595,994485,0.016498474485054926,0.016592976417409422,28092,998645,0.010875214141264043,0.010973352828476217,11946,994485
29,600000,full,lr_6e-6,/data/suehara/part/march/datasets/20250711_ilc_nnqq_sgv_10m_3cat_parquet,val1000k,completed,4,4,validation_working_point_mistag_percent,1.0734103618228614,1.0734103618228614,1.0734103618228614,0.19057267764266345,0.06163994611621312,3.451170837985576,0.20432686836586955,0.5533497986195469,0.062444378805347256,2.844554325232181,1.2192240618154935,0.004318192986008107,0.004418111997376564,1900,996995,0.0024391365094048652,0.0025395670032593966,613,994485,0.018234794588863762,0.018328172755340683,34408,996995,0.004478338880904665,0.0045784824186464405,2032,994485,0.007373817400631831,0.007472844784131051,5526,998645,0.0024553117315549277,0.0025557406076160165,621,994485,0.016588311309723158,0.0166827500710634,28407,998645,0.010955768901345538,0.011053871390429536,12125,994485
29,600000,full,lr_9e-6,/data/suehara/part/march/datasets/20250711_ilc_nnqq_sgv_10m_3cat_parquet,val1000k,completed,3,4,validation_working_point_mistag_percent,1.0614867721069492,1.0614867721069492,1.0614867721069492,0.1866609216177933,0.06023218064536811,3.4172689770966693,0.20100856390459626,0.5457394913337541,0.06023218064536811,2.8179182207763422,1.202833640835703,0.004273216252460876,0.004373143110911605,1861,996995,0.0024105734343458723,0.002511006759338939,599,994485,0.018147940984641897,0.018241387159165234,34070,996995,0.0044414932097244005,0.004541643420864121,1999,994485,0.007322870293074817,0.007421912917834721,5450,998645,0.0024105734343458723,0.002511006759338939,599,994485,0.01651248504098146,0.016606977146733926,28141,998645,0.01088243992747439,0.010980575379099765,11962,994485
29,600000,full_holdout,lr_14e-6,/data/suehara/part/march/datasets/20250711_ilc_nnqq_sgv_10m_3cat_parquet,val_holdout,completed,1,4,validation_working_point_mistag_percent,1.0524463355753928,1.0524463355753928,1.0524463355753928,0.1868375116901736,0.05854271238276986,3.3983194429869443,0.19830013070936656,0.5369603941729768,0.057691180911430516,2.7901381711452347,1.192781140604246,0.004396833411600106,0.004502594290606461,1760,941995,0.0024429453395182583,0.002549261894076323,550,939485,0.018618685662236123,0.01871762807913735,32012,941995,0.004537007326848685,0.004643026362507541,1863,939485,0.007470876189626021,0.007575710077750274,5067,943645,0.0024247433197501444,0.0025310616870661607,542,939485,0.016903704707541684,0.017003763123005222,26329,943645,0.011148467173751654,0.011252369134714772,11206,939485
29,600000,full_holdout,lr_3e-6,/data/suehara/part/march/datasets/20250711_ilc_nnqq_sgv_10m_3cat_parquet,val_holdout,completed,2,4,validation_working_point_mistag_percent,1.0609651964417877,1.0609651964417877,1.0609651964417877,0.18662520148721515,0.05982000691522785,3.4214619785495595,0.2002160779229635,0.5434246783096885,0.05939424109320205,2.811544553034623,1.2052348342218207,0.004394309310185658,0.004500070639969623,1758,941995,0.0024700016277628013,0.002576315463183928,562,939485,0.018679922604174226,0.018778815886315303,32230,941995,0.004559082825601746,0.004665097782555194,1881,939485,0.007515784657458665,0.007620604844904132,5128,943645,0.002461015290546227,0.00256733003234634,558,939485,0.016966764374551357,0.01706677742055393,26531,943645,0.011206088616765551,0.011309964066143728,11323,939485
29,600000,full_holdout,lr_6e-6,/data/suehara/part/march/datasets/20250711_ilc_nnqq_sgv_10m_3cat_parquet,val_holdout,completed,4,4,validation_working_point_mistag_percent,1.0746056838840117,1.0746056838840117,1.0746056838840117,0.1902345490742205,0.060777978903690494,3.461377295261581,0.2034093159331297,0.5538099702357563,0.0621617177455845,2.842170646248395,1.222903997669735,0.004437024641903054,0.004542778308467654,1792,941995,0.0024901045292920264,0.00259641632536046,571,939485,0.01878500388464155,0.018883812420592005,32606,941995,0.004595640544224075,0.0047016487033352,1911,939485,0.00758736801493359,0.007692166191452469,5226,943645,0.0025188640340831022,0.0026251728844198566,584,939485,0.01705653014853689,0.01715647828476677,26820,943645,0.011287314947406625,0.01139115278205715,11489,939485
29,600000,full_holdout,lr_9e-6,/data/suehara/part/march/datasets/20250711_ilc_nnqq_sgv_10m_3cat_parquet,val_holdout,completed,3,4,validation_working_point_mistag_percent,1.0626098746523365,1.0626098746523365,1.0626098746523365,0.18651903612098691,0.05939424109320205,3.428256067753254,0.20032251631685827,0.5452262132210868,0.05982000691522785,2.8150416762418575,1.2062992395562189,0.004393046718156922,0.004498808273329692,1757,941995,0.002461015290546227,0.00256733003234634,558,939485,0.018697856712249217,0.018796735569506784,32294,941995,0.004560306120614558,0.004666320850973222,1882,939485,0.007528251703159579,0.007633068072383092,5145,943645,0.0024700016277628013,0.002576315463183928,562,939485,0.01697704131436613,0.017077046948526728,26564,943645,0.011210999178087877,0.011314872361518555,11333,939485
31,640000,control,lr_14e-6,/data/suehara/part/march/datasets/20250711_ilc_nnqq_sgv_10m_3cat_parquet,val5k_tail,completed,1,4,validation_working_point_mistag_percent,1.0906839109915754,1.0906839109915754,1.0906839109915754,0.16680567139282734,0.02092487968194183,3.648874095094355,0.2301736691521836,0.5040957781978576,0.04184975936388366,3.045578535493391,1.0671688995561632,0.04943976378243364,0.07021658026298695,8,4796,0.01293200114484,0.03384374805710697,1,4779,0.261231499226388,0.28055654652189776,175,4796,0.05967839388611147,0.080502589000546,11,4779,0.09275872612428898,0.1135465901401656,24,4761,0.020923419942392277,0.04182641167487599,2,4779,0.23934905926077837,0.2590695218143507,145,4761,0.13873364570768482,0.1592076336307896,51,4779
31,640000,control,lr_3e-6,/data/suehara/part/march/datasets/20250711_ilc_nnqq_sgv_10m_3cat_parquet,val5k_tail,completed,3,4,validation_working_point_mistag_percent,1.1089241681119917,1.1089241681119917,1.1089241681119917,0.16771488469601678,0.06282722673703439,3.501048268427234,0.2722513193404619,0.48006678272773395,0.041884816753926704,3.1099979796117556,1.235602066601772,0.049709115250428426,0.07059877574730708,8,4770,0.027279754607573575,0.04819146849989734,3,4775,0.25653884595643395,0.27603117535570865,167,4770,0.06570168864683357,0.08652570401161559,13,4775,0.09004930890544366,0.1107170606617451,23,4791,0.02094094619055311,0.04186142993563103,2,4775,0.2411674361928937,0.26073755392546744,149,4791,0.14996351840238456,0.1703841205404748,59,4775
31,640000,control,lr_6e-6,/data/suehara/part/march/datasets/20250711_ilc_nnqq_sgv_10m_3cat_parquet,val5k_tail,completed,2,4,validation_working_point_mistag_percent,1.1062806304082837,1.1062806304082837,1.1062806304082837,0.20964360587002095,0.06282722673703439,3.3962263906498573,0.2931937060344773,0.48006678272773395,0.041884816753926704,3.151742785932674,1.214659728560545,0.056599932841732696,0.07747201684681752,10,4770,0.027279754607573575,0.04819146849989734,3,4775,0.25264873062755544,0.2721850012563143,162,4770,0.06851776402953991,0.08933300954156778,14,4775,0.09004930890544366,0.1107170606617451,23,4791,0.02094094619055311,0.04186142993563103,2,4775,0.24279755075699744,0.2623502457272886,151,4791,0.14861853970352407,0.1690479116943684,58,4775
31,640000,control,lr_9e-6,/data/suehara/part/march/datasets/20250711_ilc_nnqq_sgv_10m_3cat_parquet,val5k_tail,completed,4,4,validation_working_point_mistag_percent,1.1346872422052312,1.1346872422052312,1.1346872422052312,0.1260239445494644,0.04151961801951422,3.6336903968090435,0.24911771443011776,0.5044136191677175,0.02075980900975711,3.152585188042511,1.3493876476137245,0.0419938575059094,0.06294050851617843,6,4761,0.020758372212185027,0.041496637210931595,2,4817,0.26160816727663283,0.2810816278389271,173,4761,0.062229513889503624,0.08288160284420798,12,4817,0.09281710342093924,0.11361793821011018,24,4758,0.012829986349038421,0.0335768689521892,1,4817,0.2436381477113829,0.2633260715946363,150,4758,0.15642935149965087,0.17662470742093211,65,4817
31,640000,monitor,lr_14e-6,/data/suehara/part/march/datasets/20250711_ilc_nnqq_sgv_10m_3cat_parquet,val50k_tail,completed,2,4,validation_working_point_mistag_percent,1.0275000126008331,1.0275000126008331,1.0275000126008331,0.1920000075000003,0.07400000180664067,3.229999925455095,0.2020000022192383,0.540000013183594,0.064,2.7880001471936113,1.1300000034484863,0.018606088111257617,0.020598368265654594,96,50000,0.011203324610580531,0.013200324670579348,37,50000,0.07813478952964012,0.08000555211438928,1615,50000,0.019107983742976033,0.02109986390537279,101,50000,0.031799918499033665,0.033778278931824966,270,50000,0.0103552826863133,0.012352682738312273,32,50000,0.07268542145357285,0.0745738636847286,1394,50000,0.046302346537117726,0.04825710744189981,565,50000
31,640000,monitor,lr_3e-6,/data/suehara/part/march/datasets/20250711_ilc_nnqq_sgv_10m_3cat_parquet,val50k_tail,completed,3,4,validation_working_point_mistag_percent,1.0372500166203884,1.0372500166203884,1.0372500166203884,0.18999999768066408,0.07400000180664067,3.2340000308418277,0.20600000150878908,0.5600000068359375,0.06799999900390627,2.8320000535839855,1.1340000417013565,0.018504147852544686,0.02049650800534169,95,50000,0.011203324610580531,0.013200324670579348,37,50000,0.0781821714570953,0.08005277404504532,1617,50000,0.019305243198633602,0.02129696336423035,103,50000,0.03239809462512637,0.03437565507391745,280,50000,0.010701894656100771,0.01269913471129969,34,50000,0.07324813642849773,0.0751348186948525,1416,50000,0.04638503850278638,0.04833963941076828,567,50000
31,640000,monitor,lr_6e-6,/data/suehara/part/march/datasets/20250711_ilc_nnqq_sgv_10m_3cat_parquet,val50k_tail,completed,4,4,validation_working_point_mistag_percent,1.0569999820878229,1.0569999820878229,1.0569999820878229,0.19399999597412118,0.07800000076171876,3.3219999619827276,0.21399999346923848,0.5519999892187503,0.07000000085449219,2.863999882880864,1.1620000315606698,0.018707497323864092,0.02069969747986102,97,50000,0.011526437055627167,0.01352327711882593,39,50000,0.079216501442219,0.08108358410056707,1661,50000,0.01969407896430784,0.021685479136304482,107,50000,0.03216014672070755,0.03413802716309865,276,50000,0.010871397397403768,0.01286855745420266,35,50000,0.0736543999282236,0.0755398022201783,1432,50000,0.046959709162965046,0.0489131900933467,581,50000
31,640000,monitor,lr_9e-6,/data/suehara/part/march/datasets/20250711_ilc_nnqq_sgv_10m_3cat_parquet,val50k_tail,completed,1,4,validation_working_point_mistag_percent,1.0270000048225882,1.0270000048225882,1.0270000048225882,0.1879999917382816,0.07400000180664067,3.2380000571897134,0.2020000022192383,0.5379999840740971,0.064,2.78399998640625,1.1280000151464846,0.018401668178712582,0.020394108329909573,94,50000,0.011203324610580531,0.013200324670579348,37,50000,0.07822952107901862,0.08009996367016811,1619,50000,0.019107983742976033,0.02109986390537279,101,50000,0.03173948695166986,0.03371792738286125,269,50000,0.0103552826863133,0.012352682738312273,32,50000,0.07263402672120362,0.0745226289491592,1392,50000,0.04626094383618877,0.04821578473937077,564,50000
33,680000,control,lr_14e-6,/data/suehara/part/march/datasets/20250711_ilc_nnqq_sgv_10m_3cat_parquet,val5k_tail,completed,2,4,validation_working_point_mistag_percent,1.0318769775580754,1.0318769775580754,1.0318769775580754,0.1466890174029365,0.021052631578947368,3.185247235035192,0.23157895034409628,0.4570004270432457,0.042105263157894736,2.908184360588058,1.2631579353142326,0.04592796680175737,0.06681768437172209,7,4772,0.01301095265987158,0.03405029063857966,1,4750,0.24456399686645092,0.26418048658957,152,4772,0.060042479709862755,0.08099319368697556,11,4750,0.08745360904350756,0.10803221738599775,22,4814,0.021051153959330354,0.042081629537878924,2,4750,0.23257815240121243,0.2521386157607202,140,4814,0.15208891038644995,0.17260536675574642,60,4750
33,680000,control,lr_3e-6,/data/suehara/part/march/datasets/20250711_ilc_nnqq_sgv_10m_3cat_parquet,val5k_tail,completed,1,4,validation_working_point_mistag_percent,0.9920621696771467,0.9920621696771467,0.9920621696771467,0.1464435202541024,0.041736227045075125,2.991631684563991,0.2712854740653223,0.44080603686880815,0.041736227045075125,2.9177162913135097,1.085141896261289,0.04585113143477425,0.06670599714711709,7,4780,0.020866661693008874,0.04171300585030281,2,4792,0.23674029484478457,0.25640495420510034,143,4780,0.06546881412978636,0.08621937308000843,13,4792,0.08613071948687044,0.10693206007644446,21,4764,0.020866661693008874,0.04171300585030281,2,4792,0.23413407634023317,0.2538957904200362,139,4764,0.13978990149860812,0.1602008583510296,52,4792
33,680000,control,lr_6e-6,/data/suehara/part/march/datasets/20250711_ilc_nnqq_sgv_10m_3cat_parquet,val5k_tail,completed,4,4,validation_working_point_mistag_percent,1.0731518907668165,1.0731518907668165,1.0731518907668165,0.14690451018544812,0.041736227045075125,3.37880376266734,0.2712854740653223,0.4812722342213081,0.041736227045075125,2.9922579617114624,1.2312187291935006,0.045995409300632256,0.06691571794013411,7,4765,0.020866661693008874,0.04171300585030281,2,4792,0.2521229683955267,0.27168704570247476,161,4765,0.06546881412978636,0.08621937308000843,13,4792,0.09027502340859242,0.11099415636562802,23,4779,0.020866661693008874,0.04171300585030281,2,4792,0.2367891587612161,0.25645767014426285,143,4779,0.1494342340532787,0.16978423668301806,59,4792
33,680000,control,lr_9e-6,/data/suehara/part/march/datasets/20250711_ilc_nnqq_sgv_10m_3cat_parquet,val5k_tail,completed,3,4,validation_working_point_mistag_percent,1.0371280032239993,1.0371280032239993,1.0371280032239993,0.1466890174029365,0.021052631578947368,3.206202820483451,0.23157895034409628,0.4570004270432457,0.042105263157894736,2.908184360588058,1.2842105551933654,0.04592796680175737,0.06681768437172209,7,4772,0.01301095265987158,0.03405029063857966,1,4750,0.24537477724221185,0.2649824860836286,153,4772,0.060042479709862755,0.08099319368697556,11,4750,0.08745360904350756,0.10803221738599775,22,4814,0.021051153959330354,0.042081629537878924,2,4750,0.23257815240121243,0.2521386157607202,140,4814,0.15341762574451223,0.17392521971364913,61,4750
33,680000,monitor,lr_14e-6,/data/suehara/part/march/datasets/20250711_ilc_nnqq_sgv_10m_3cat_parquet,val50k_tail,completed,2,4,validation_working_point_mistag_percent,1.0264999925383764,1.0264999925383764,1.0264999925383764,0.1920000075000003,0.07199999859375003,3.2359999064297513,0.2040000012451172,0.5340000076593019,0.064,2.78399998640625,1.1260000324728403,0.018606088111257617,0.020598368265654594,96,50000,0.01103850796111245,0.013035588019511294,36,50000,0.07820585030263033,0.08007637289217939,1618,50000,0.019206856011727752,0.021198656175724483,102,50000,0.03161828095052371,0.03359688137851511,267,50000,0.0103552826863133,0.012352682738312273,32,50000,0.07263402672120362,0.0745226289491592,1392,50000,0.04621950319067536,0.04817442409225728,563,50000
33,680000,monitor,lr_3e-6,/data/suehara/part/march/datasets/20250711_ilc_nnqq_sgv_10m_3cat_parquet,val50k_tail,completed,4,4,validation_working_point_mistag_percent,1.033999990157615,1.033999990157615,1.033999990157615,0.1920000075000003,0.07400000180664067,3.222000022246628,0.2040000012451172,0.5560000169677739,0.06799999900390627,2.8199998558502273,1.1360000166406252,0.018606088111257617,0.020598368265654594,96,50000,0.011203324610580531,0.013200324670579348,37,50000,0.0780399285258998,0.07991101110425003,1611,50000,0.019206856011727752,0.021198656175724483,102,50000,0.03227933793455802,0.0342570583801491,278,50000,0.010701894656100771,0.01269913471129969,34,50000,0.07309514339128298,0.07498230564803796,1410,50000,0.046426327965215335,0.048380848874797315,568,50000
33,680000,monitor,lr_6e-6,/data/suehara/part/march/datasets/20250711_ilc_nnqq_sgv_10m_3cat_parquet,val50k_tail,completed,1,4,validation_working_point_mistag_percent,1.025750018811417,1.025750018811417,1.025750018811417,0.1920000075000003,0.07199999859375003,3.232000035507813,0.2040000012451172,0.5340000076593019,0.064,2.78000008483887,1.1280000151464846,0.018606088111257617,0.020598368265654594,96,50000,0.01103850796111245,0.013035588019511294,36,50000,0.07815848453518112,0.08002916712153071,1616,50000,0.019206856011727752,0.021198656175724483,102,50000,0.03161828095052371,0.03359688137851511,267,50000,0.0103552826863133,0.012352682738312273,32,50000,0.07258259182414059,0.07447135404889671,1390,50000,0.04626094383618877,0.04821578473937077,564,50000
33,680000,monitor,lr_9e-6,/data/suehara/part/march/datasets/20250711_ilc_nnqq_sgv_10m_3cat_parquet,val50k_tail,completed,3,4,validation_working_point_mistag_percent,1.027500005689698,1.027500005689698,1.027500005689698,0.1920000075000003,0.07199999859375003,3.245999923971407,0.2040000012451172,0.5340000076593019,0.064,2.782000074075167,1.1260000324728403,0.018606088111257617,0.020598368265654594,96,50000,0.01103850796111245,0.013035588019511294,36,50000,0.07832412363742852,0.08019424623497834,1623,50000,0.019206856011727752,0.021198656175724483,102,50000,0.03161828095052371,0.03359688137851511,267,50000,0.0103552826863133,0.012352682738312273,32,50000,0.07260831429851539,0.07449699652487124,1391,50000,0.04621950319067536,0.04817442409225728,563,50000
35,720000,control,lr_14e-6,/data/suehara/part/march/datasets/20250711_ilc_nnqq_sgv_10m_3cat_parquet,val5k_tail,completed,3,4,validation_working_point_mistag_percent,1.0363002157048555,1.0363002157048555,1.0363002157048555,0.16792611251049538,0.04176237210273544,3.1486145868809605,0.2505742262293435,0.4599623725849624,0.04176237210273544,2.8434037759400774,1.336395907287534,0.049771690595513625,0.07068756630904541,8,4764,0.02087973240216612,0.041739121808386265,2,4789,0.2433357103558284,0.2630005100999755,150,4764,0.06259305939119454,0.08336526221682443,12,4789,0.08801947460900109,0.1087301926831167,22,4783,0.02087973240216612,0.041739121808386265,2,4789,0.2306482844877219,0.250362580590768,136,4783,0.15606353338237303,0.17638236598893353,64,4789
35,720000,control,lr_3e-6,/data/suehara/part/march/datasets/20250711_ilc_nnqq_sgv_10m_3cat_parquet,val5k_tail,completed,4,4,validation_working_point_mistag_percent,1.0573359551754702,1.0573359551754702,1.0573359551754702,0.1889168838353725,0.04176237210273544,3.379513119811284,0.2714554203976116,0.4599623725849624,0.04176237210273544,2.780681569509243,1.2946335310598163,0.053315298035165194,0.07422236335454635,9,4764,0.02087973240216612,0.041739121808386265,2,4789,0.25217506876686474,0.2717429541753552,161,4764,0.06550978960277784,0.08627327377034874,13,4789,0.08801947460900109,0.1087301926831167,22,4783,0.02087973240216612,0.041739121808386265,2,4789,0.22804942616698534,0.2477899439008488,133,4783,0.15348185578512377,0.1738181257078024,62,4789
35,720000,control,lr_6e-6,/data/suehara/part/march/datasets/20250711_ilc_nnqq_sgv_10m_3cat_parquet,val5k_tail,completed,1,4,validation_working_point_mistag_percent,0.9881746435885737,0.9881746435885737,0.9881746435885737,0.1671541997492687,0.04195510803440319,3.155035544157397,0.2307530882802388,0.4599623725849624,0.04195510803440319,2.780681569509243,1.0279001583586722,0.04954301433700945,0.07036308778603842,8,4786,0.020976086918577042,0.0419316426618512,2,4767,0.24304754882543028,0.26261929082657187,151,4786,0.05982851321342246,0.08070487517055787,11,4767,0.08801947460900109,0.1087301926831167,22,4783,0.020976086918577042,0.0419316426618512,2,4767,0.22804942616698534,0.2477899439008488,133,4783,0.13616057314346908,0.15670256133690758,49,4767
35,720000,control,lr_9e-6,/data/suehara/part/march/datasets/20250711_ilc_nnqq_sgv_10m_3cat_parquet,val5k_tail,completed,2,4,validation_working_point_mistag_percent,0.9881817751049415,0.9881817751049415,0.9881817751049415,0.1671541997492687,0.04195510803440319,3.1759298863659837,0.2517306482064191,0.4599623725849624,0.04195510803440319,2.738866719505419,1.0279001583586722,0.04954301433700945,0.07036308778603842,8,4786,0.020976086918577042,0.0419316426618512,2,4767,0.24385898530398414,0.2634219977145802,152,4786,0.0628816958954542,0.08374925854301869,12,4767,0.08801947460900109,0.1087301926831167,22,4783,0.020976086918577042,0.0419316426618512,2,4767,0.2262991931449656,0.24605719196604087,131,4783,0.13616057314346908,0.15670256133690758,49,4767
35,720000,monitor,lr_14e-6,/data/suehara/part/march/datasets/20250711_ilc_nnqq_sgv_10m_3cat_parquet,val50k_tail,completed,2,4,validation_working_point_mistag_percent,1.025750013464909,1.025750013464909,1.025750013464909,0.1920000075000003,0.07000000085449219,3.2340000308418277,0.20600000150878908,0.5359999856054691,0.064,2.78000008483887,1.1239999965698242,0.018606088111257617,0.020598368265654594,96,50000,0.010871397397403768,0.01286855745420266,35,50000,0.0781821714570953,0.08005277404504532,1617,50000,0.019305243198633602,0.02129696336423035,103,50000,0.0316789413138693,0.033657461743460786,268,50000,0.0103552826863133,0.012352682738312273,32,50000,0.07258259182414059,0.07447135404889671,1390,50000,0.04617802450063591,0.0481330254006181,562,50000
35,720000,monitor,lr_3e-6,/data/suehara/part/march/datasets/20250711_ilc_nnqq_sgv_10m_3cat_parquet,val50k_tail,completed,4,4,validation_working_point_mistag_percent,1.030249975327245,1.030249975327245,1.030249975327245,0.1920000075000003,0.07400000180664067,3.211999909329226,0.2040000012451172,0.5539999947589112,0.064,2.8059998713374386,1.1360000166406252,0.018606088111257617,0.020598368265654594,96,50000,0.011203324610580531,0.013200324670579348,37,50000,0.07792116951544845,0.07979265208579792,1606,50000,0.019206856011727752,0.021198656175724483,102,50000,0.03221979693486679,0.03419759737885797,277,50000,0.0103552826863133,0.012352682738312273,32,50000,0.07291620295419993,0.07480392519975537,1403,50000,0.046426327965215335,0.048380848874797315,568,50000
35,720000,monitor,lr_6e-6,/data/suehara/part/march/datasets/20250711_ilc_nnqq_sgv_10m_3cat_parquet,val50k_tail,completed,1,4,validation_working_point_mistag_percent,1.0242500070943261,1.0242500070943261,1.0242500070943261,0.18999999768066408,0.07000000085449219,3.232000035507813,0.2040000012451172,0.531999999675293,0.064,2.7780000252214054,1.1239999965698242,0.018504147852544686,0.02049650800534169,95,50000,0.010871397397403768,0.01286855745420266,35,50000,0.07815848453518112,0.08002916712153071,1616,50000,0.019206856011727752,0.021198656175724483,102,50000,0.031557505220584404,0.0335361856469759,266,50000,0.0103552826863133,0.012352682738312273,32,50000,0.07255685928754321,0.0744457015106989,1389,50000,0.04617802450063591,0.0481330254006181,562,50000
35,720000,monitor,lr_9e-6,/data/suehara/part/march/datasets/20250711_ilc_nnqq_sgv_10m_3cat_parquet,val50k_tail,completed,3,4,validation_working_point_mistag_percent,1.0282500107951358,1.0282500107951358,1.0282500107951358,0.18999999768066408,0.07000000085449219,3.2599999975128173,0.2040000012451172,0.5340000076593019,0.064,2.78000008483887,1.1239999965698242,0.018504147852544686,0.02049650800534169,95,50000,0.010871397397403768,0.01286855745420266,35,50000,0.07848936911380722,0.08035893172255587,1630,50000,0.019206856011727752,0.021198656175724483,102,50000,0.03161828095052371,0.03359688137851511,267,50000,0.0103552826863133,0.012352682738312273,32,50000,0.07258259182414059,0.07447135404889671,1390,50000,0.04617802450063591,0.0481330254006181,562,50000
35,720000,full,lr_14e-6,/data/suehara/part/march/datasets/20250711_ilc_nnqq_sgv_10m_3cat_parquet,val1000k,completed,2,4,validation_working_point_mistag_percent,1.0463165595389763,1.0463165595389763,1.0463165595389763,0.18565790423456172,0.05862330831824098,3.3720329547068304,0.19839413846067872,0.5332225056738695,0.05671277210119298,2.784372868721701,1.1815160240947347,0.004261607622339401,0.0043615364928624965,1851,996995,0.0023775174965399992,0.0024779540571199512,583,994485,0.018031301888154355,0.018124838807141025,33619,996995,0.004412247304614583,0.0045124027735830245,1973,994485,0.007238284051997151,0.0073373517446199445,5325,998645,0.0023376679447790756,0.002438108347618481,564,994485,0.016416431652777064,0.016510990940402093,27806,998645,0.010786287883802863,0.010884466206954706,11750,994485
35,720000,full,lr_3e-6,/data/suehara/part/march/datasets/20250711_ilc_nnqq_sgv_10m_3cat_parquet,val1000k,completed,4,4,validation_working_point_mistag_percent,1.0550187370261632,1.0550187370261632,1.0550187370261632,0.18565790423456172,0.05952829926806061,3.401320868933786,0.20030467485363937,0.5394309487477219,0.05882441644125206,2.800494667454078,1.1945881162762084,0.004261607622339401,0.0043615364928624965,1851,996995,0.00239616654748616,0.0024966012880484945,592,994485,0.018106918251808296,0.01820039641828239,33911,996995,0.004433638225460586,0.004533789852169618,1992,994485,0.00728036347459474,0.007379418733557529,5387,998645,0.002381674117141674,0.002482110273273276,585,994485,0.01646267284297724,0.0165571998431948,27967,998645,0.01084535461193456,0.010943506645942624,11880,994485
35,720000,full,lr_6e-6,/data/suehara/part/march/datasets/20250711_ilc_nnqq_sgv_10m_3cat_parquet,val1000k,completed,1,4,validation_working_point_mistag_percent,1.0462665421257866,1.0462665421257866,1.0462665421257866,0.18575820503878201,0.05862330831824098,3.371631779800589,0.1982935907018896,0.5340235918546083,0.05651166177328931,2.783271365242043,1.1820188342768507,0.0042627699017548865,0.004362698571070745,1852,996995,0.0023775174965399992,0.0024779540571199512,583,994485,0.018030263522663542,0.018123801246480026,33615,996995,0.004411118603205207,0.004511274274397823,1972,994485,0.0072437275905844895,0.007342793678863889,5333,998645,0.002333434415681911,0.002433875222969666,562,994485,0.0164132670022462,0.016507828495843438,27795,998645,0.010788565924259134,0.01088674323628993,11755,994485
35,720000,full,lr_9e-6,/data/suehara/part/march/datasets/20250711_ilc_nnqq_sgv_10m_3cat_parquet,val1000k,completed,3,4,validation_working_point_mistag_percent,1.0472814905079728,1.0472814905079728,1.0472814905079728,0.1865606210428174,0.0587238627914652,3.3766468131433722,0.19769026722936317,0.5337232014531448,0.05671277210119298,2.7860750239210446,1.1821193623813817,0.004272056802808854,0.00437198386246682,1860,996995,0.0023795966976744402,0.0024800330560302173,584,994485,0.01804323816924011,0.01813676583269433,33665,996995,0.004404340341881692,0.004504497226419423,1966,994485,0.007241686750061697,0.007340753439969913,5330,998645,0.0023376679447790756,0.002438108347618481,564,994485,0.01642132113589996,0.01651587701429584,27823,998645,0.010789021472103373,0.010887198581910167,11756,994485
35,720000,full_holdout,lr_14e-6,/data/suehara/part/march/datasets/20250711_ilc_nnqq_sgv_10m_3cat_parquet,val_holdout,completed,2,4,validation_working_point_mistag_percent,1.0478670893778539,1.0478670893778539,1.0478670893778539,0.18577593997477784,0.058116948440221125,3.381228175568632,0.19787437223739465,0.5338872065518492,0.056413887870649125,2.784309876831165,1.1853303075481427,0.004384198440526344,0.004489961573420748,1750,941995,0.0024338610189594,0.0025401784798964513,546,939485,0.018573311447273033,0.0186722901517708,31851,941995,0.0045320871136389105,0.004638107055676731,1859,939485,0.0074494299372590556,0.007554270338820668,5038,943645,0.0023971862175456915,0.002503507303998646,530,939485,0.016886489392452242,0.016986560160987124,26274,943645,0.011113843630970559,0.011217761453565823,11136,939485
35,720000,full_holdout,lr_3e-6,/data/suehara/part/march/datasets/20250711_ilc_nnqq_sgv_10m_3cat_parquet,val_holdout,completed,4,4,validation_working_point_mistag_percent,1.0561355060677906,1.0561355060677906,1.0561355060677906,0.18535129693302657,0.05886203420349795,3.4098908088038984,0.19936454983389734,0.538867911992911,0.05864915363228842,2.7996757577667015,1.1984225353761035,0.004379134292647026,0.004484898327096606,1746,941995,0.002449736893872848,0.002556052768646689,553,939485,0.01864933298202781,0.018748250831548963,32121,941995,0.0045492846678329285,0.004655301437544307,1873,939485,0.007484156302649519,0.007588986147950404,5085,943645,0.0024452112469395887,0.002551527574902912,551,939485,0.016931833033175317,0.017031871234523058,26419,943645,0.011174607641719313,0.011278497593161275,11259,939485
35,720000,full_holdout,lr_6e-6,/data/suehara/part/march/datasets/20250711_ilc_nnqq_sgv_10m_3cat_parquet,val_holdout,completed,1,4,validation_working_point_mistag_percent,1.0473231378973795,1.0473231378973795,1.0473231378973795,0.1856697704931706,0.058116948440221125,3.378574270888209,0.19766148034502448,0.5345230473098898,0.05620100420876368,2.782508273945616,1.1853303075481427,0.004382932949519741,0.004488696307802906,1749,941995,0.0024338610189594,0.0025401784798964513,546,939485,0.018566254355559947,0.01866523869477818,31826,941995,0.004529625010612939,0.004635645405840286,1857,939485,0.007453872228040982,0.007558711281994979,5044,943645,0.002392563113946572,0.002498884653589009,528,939485,0.016881164326090423,0.016981238912847432,26257,943645,0.011113843630970559,0.011217761453565823,11136,939485
35,720000,full_holdout,lr_9e-6,/data/suehara/part/march/datasets/20250711_ilc_nnqq_sgv_10m_3cat_parquet,val_holdout,completed,3,4,validation_working_point_mistag_percent,1.0484506165834648,1.0484506165834648,1.0484506165834648,0.18641288542661744,0.058116948440221125,3.383032724992957,0.1974486058476193,0.5342051119066621,0.05652032924195696,2.7858994447415384,1.1859688820701468,0.004391783764837154,0.004497545545398729,1756,941995,0.0024338610189594,0.0025401784798964513,546,939485,0.018578108514422098,0.018677083387311222,31868,941995,0.004527161573778405,0.004633182422195212,1855,939485,0.007451651418407569,0.007556491146165287,5041,943645,0.002399494494442723,0.0025058153543009365,531,939485,0.016891186422809262,0.016991253822324498,26289,943645,0.011116815774337915,0.01122073223736482,11142,939485
37,760000,control,lr_14e-6,/data/suehara/part/march/datasets/20250711_ilc_nnqq_sgv_10m_3cat_parquet,val5k_tail,completed,2,4,validation_working_point_mistag_percent,1.0261370608132394,1.0261370608132394,1.0261370608132394,0.14659685301723865,0.04171011470281543,2.994764326131188,0.16684045881126172,0.4196391049910327,0.04171011470281543,3.0214016720149908,1.376433842134573,0.045899123380580886,0.06677575786188795,7,4775,0.020853607338137303,0.041686922553023524,2,4795,0.23698481624333315,0.2566687507500737,143,4775,0.049450069467644325,0.07023120355487897,8,4795,0.08380242070649851,0.10460391468159183,20,4766,0.020853607338137303,0.041686922553023524,2,4795,0.23826541775256482,0.257975339466587,144,4766,0.15840651780512255,0.17868323432505898,66,4795
37,760000,control,lr_3e-6,/data/suehara/part/march/datasets/20250711_ilc_nnqq_sgv_10m_3cat_parquet,val5k_tail,completed,4,4,validation_working_point_mistag_percent,1.0616037638513884,1.0616037638513884,1.0616037638513884,0.18852115144264017,0.041928721174004195,3.288646939518749,0.25157232704402516,0.45909850919079687,0.041928721174004195,2.963272106046762,1.2578616352201257,0.05320368281878638,0.07406712945490652,9,4774,0.020962895333354704,0.0419052853056146,2,4770,0.24848660039105755,0.2680515650666453,157,4774,0.06284217972148852,0.08369668723477958,12,4770,0.08785443809547046,0.10852662733081544,22,4792,0.020962895333354704,0.0419052853056146,2,4770,0.2353174814227213,0.2549447411263728,142,4792,0.15145456223201614,0.1718872339422568,60,4770
37,760000,control,lr_6e-6,/data/suehara/part/march/datasets/20250711_ilc_nnqq_sgv_10m_3cat_parquet,val5k_tail,completed,1,4,validation_working_point_mistag_percent,1.0228622043677074,1.0228622043677074,1.0228622043677074,0.16757436112274823,0.04183225266680611,3.037285370585683,0.23007739554185727,0.46015479108371454,0.04183225266680611,2.9282575558370003,1.2758836554370436,0.04966748569457489,0.0705397058574554,8,4774,0.020914667814981247,0.04180892450562669,2,4781,0.23870630190194822,0.25837654889865996,145,4774,0.05965344720958701,0.08046897318630497,11,4781,0.08805623362875313,0.10877553317733762,22,4781,0.020914667814981247,0.04180892450562669,2,4781,0.2341621625466198,0.2538492149570436,140,4781,0.15242816243796042,0.17280629555952598,61,4781
37,760000,control,lr_9e-6,/data/suehara/part/march/datasets/20250711_ilc_nnqq_sgv_10m_3cat_parquet,val5k_tail,completed,3,4,validation_working_point_mistag_percent,1.0523888939276824,1.0523888939276824,1.0523888939276824,0.12589173633395795,0.041684035014589414,3.1892572796174603,0.20842018037555576,0.44006705220880943,0.041684035014589414,2.975691624340273,1.3964152085162236,0.04194981665228388,0.06287455265685302,6,4766,0.020840569306876444,0.041660871855317964,2,4798,0.2448673936740267,0.2645068913712051,152,4766,0.05626984138075658,0.07702065606086791,10,4798,0.08598655484727816,0.1067533400734095,21,4772,0.020840569306876444,0.041660871855317964,2,4798,0.23629039492502923,0.2559946934651728,142,4772,0.15956094315513186,0.17981665677339054,67,4798
37,760000,monitor,lr_14e-6,/data/suehara/part/march/datasets/20250711_ilc_nnqq_sgv_10m_3cat_parquet,val50k_tail,completed,1,4,validation_working_point_mistag_percent,1.0232499844788083,1.0232499844788083,1.0232499844788083,0.186000003178711,0.07000000085449219,3.229999925455095,0.20800000203125002,0.5300000008087158,0.064,2.775999901728519,1.1220000417736833,0.018298640498242997,0.020291160647840055,93,50000,0.010871397397403768,0.01286855745420266,35,50000,0.07813478952964012,0.08000555211438928,1615,50000,0.01940315231970049,0.021394792486897213,104,50000,0.031496613476984014,0.0334753739017756,265,50000,0.0103552826863133,0.012352682738312273,32,50000,0.07253111667816677,0.07442003889972272,1388,50000,0.046136507665685625,0.04809158856406773,561,50000
37,760000,monitor,lr_3e-6,/data/suehara/part/march/datasets/20250711_ilc_nnqq_sgv_10m_3cat_parquet,val50k_tail,completed,4,4,validation_working_point_mistag_percent,1.0312499756006255,1.0312499756006255,1.0312499756006255,0.1920000075000003,0.07400000180664067,3.2179999013034086,0.2040000012451172,0.5519999892187503,0.064,2.807999860319831,1.1380000434112565,0.018606088111257617,0.020598368265654594,96,50000,0.011203324610580531,0.013200324670579348,37,50000,0.07799244933305374,0.07986369190820311,1609,50000,0.019206856011727752,0.021198656175724483,102,50000,0.03216014672070755,0.03413802716309865,276,50000,0.0103552826863133,0.012352682738312273,32,50000,0.07294179557170467,0.07482943781885985,1404,50000,0.04646757987844391,0.04842202078962597,569,50000
37,760000,monitor,lr_6e-6,/data/suehara/part/march/datasets/20250711_ilc_nnqq_sgv_10m_3cat_parquet,val50k_tail,completed,2,4,validation_working_point_mistag_percent,1.0242499914091208,1.0242499914091208,1.0242499914091208,0.186000003178711,0.07000000085449219,3.229999925455095,0.20800000203125002,0.531999999675293,0.064,2.78399998640625,1.120000013671875,0.018298640498242997,0.020291160647840055,93,50000,0.010871397397403768,0.01286855745420266,35,50000,0.07813478952964012,0.08000555211438928,1615,50000,0.01940315231970049,0.021394792486897213,104,50000,0.031557505220584404,0.0335361856469759,266,50000,0.0103552826863133,0.012352682738312273,32,50000,0.07263402672120362,0.0745226289491592,1392,50000,0.046094952584993,0.04805011348177502,560,50000
37,760000,monitor,lr_9e-6,/data/suehara/part/march/datasets/20250711_ilc_nnqq_sgv_10m_3cat_parquet,val50k_tail,completed,3,4,validation_working_point_mistag_percent,1.0247499982429509,1.0247499982429509,1.0247499982429509,0.186000003178711,0.07000000085449219,3.2439999168408225,0.2040000012451172,0.5340000076593019,0.064,2.7740000143914796,1.1220000417736833,0.018298640498242997,0.020291160647840055,93,50000,0.010871397397403768,0.01286855745420266,35,50000,0.07830048506549461,0.080170687661444,1622,50000,0.019206856011727752,0.021198656175724483,102,50000,0.03161828095052371,0.03359688137851511,267,50000,0.0103552826863133,0.012352682738312273,32,50000,0.07250536398543742,0.07439436620539364,1387,50000,0.046136507665685625,0.04809158856406773,561,50000
39,800000,control,lr_14e-6,/data/suehara/part/march/datasets/20250711_ilc_nnqq_sgv_10m_3cat_parquet,val5k_tail,completed,4,4,validation_working_point_mistag_percent,1.0423074671221102,1.0423074671221102,1.0423074671221102,0.16614745586708204,0.042105263157894736,3.281412229977498,0.2526315724549863,0.3982393513540448,0.042105263157894736,2.850555384410786,1.3052632165966958,0.04924476869487338,0.06993989018330073,8,4815,0.021051153959330354,0.042081629537878924,2,4750,0.24719213222296477,0.2665935390944882,158,4815,0.06310656295440126,0.08404841453135457,12,4750,0.0813669994886395,0.10215566698117215,19,4771,0.021051153959330354,0.042081629537878924,2,4750,0.231220929747869,0.25098180341127585,136,4771,0.1547351465084083,0.1752338780773856,62,4750
39,800000,control,lr_3e-6,/data/suehara/part/march/datasets/20250711_ilc_nnqq_sgv_10m_3cat_parquet,val5k_tail,completed,3,4,validation_working_point_mistag_percent,1.0247061838429634,1.0247061838429634,1.0247061838429634,0.1267427122940431,0.04154549231408392,3.3375581603350493,0.2700457103130134,0.4177109546762963,0.04154549231408392,2.903090912956886,1.0594100355402516,0.04223328514590816,0.06329907491896238,6,4734,0.02077130756799322,0.04152248285675165,2,4814,0.251356893054256,0.2710664778101536,158,4734,0.06516988642691038,0.08582614989522123,13,4814,0.08341793799168531,0.10412467804429464,20,4788,0.02077130756799322,0.04152248285675165,2,4814,0.23297591653634458,0.2526447028963416,139,4788,0.13772935657205848,0.15805774284245958,51,4814
39,800000,control,lr_6e-6,/data/suehara/part/march/datasets/20250711_ilc_nnqq_sgv_10m_3cat_parquet,val5k_tail,completed,1,4,validation_working_point_mistag_percent,0.988468687566384,0.988468687566384,0.988468687566384,0.14749262536873156,0.020938023450586266,2.9498523745983034,0.23031825501308403,0.43622766376709105,0.04187604690117253,2.866639124138868,1.2144053872932348,0.0461794699445974,0.06718326492021619,7,4746,0.012940124081544822,0.03386499826054814,1,4776,0.23586591504459986,0.25568902332040594,140,4746,0.05971585304741607,0.08055306541586643,11,4776,0.08523753917666689,0.10582477586647057,21,4814,0.020936561876467648,0.04185266987441565,2,4776,0.23088674661838754,0.2504644666725217,138,4814,0.14858757872265785,0.16901278058150895,58,4776
39,800000,control,lr_9e-6,/data/suehara/part/march/datasets/20250711_ilc_nnqq_sgv_10m_3cat_parquet,val5k_tail,completed,2,4,validation_working_point_mistag_percent,0.9981961338006757,0.9981961338006757,0.9981961338006757,0.14610728076907506,0.041588687876897484,2.9638905857828814,0.2495321272613849,0.4645270419934969,0.041588687876897484,2.9138513982916425,1.1644832605531295,0.04574590161165752,0.06655303546621015,7,4791,0.020792902356151097,0.04156563055246009,2,4809,0.23536593683596457,0.25499703423652287,142,4791,0.06233295239850159,0.08301921762625154,12,4809,0.08889150559710929,0.10980578593190893,22,4736,0.020792902356151097,0.04156563055246009,2,4809,0.23463917099991077,0.2545193266463741,138,4736,0.1448657807836812,0.1651716089497714,56,4809
39,800000,monitor,lr_14e-6,/data/suehara/part/march/datasets/20250711_ilc_nnqq_sgv_10m_3cat_parquet,val50k_tail,completed,2,4,validation_working_point_mistag_percent,1.0242500014768225,1.0242500014768225,1.0242500014768225,0.186000003178711,0.07000000085449219,3.2439999168408225,0.20800000203125002,0.5340000076593019,0.064,2.7680000675781264,1.120000013671875,0.018298640498242997,0.020291160647840055,93,50000,0.010871397397403768,0.01286855745420266,35,50000,0.07830048506549461,0.080170687661444,1622,50000,0.01940315231970049,0.021394792486897213,104,50000,0.03161828095052371,0.03359688137851511,267,50000,0.0103552826863133,0.012352682738312273,32,50000,0.07242804530110253,0.07431728751625885,1384,50000,0.046094952584993,0.04805011348177502,560,50000
39,800000,monitor,lr_3e-6,/data/suehara/part/march/datasets/20250711_ilc_nnqq_sgv_10m_3cat_parquet,val50k_tail,completed,4,4,validation_working_point_mistag_percent,1.0310000021881103,1.0310000021881103,1.0310000021881103,0.1920000075000003,0.07199999859375003,3.22000000491333,0.2040000012451172,0.5519999892187503,0.064,2.8040000299499517,1.1399999860839845,0.018606088111257617,0.020598368265654594,96,50000,0.01103850796111245,0.013035588019511294,36,50000,0.07801619299314527,0.07988735556989507,1610,50000,0.019206856011727752,0.021198656175724483,102,50000,0.03216014672070755,0.03413802716309865,276,50000,0.0103552826863133,0.012352682738312273,32,50000,0.0728906004099937,0.07477840265394942,1402,50000,0.04650879434023661,0.048463155253018406,570,50000
39,800000,monitor,lr_6e-6,/data/suehara/part/march/datasets/20250711_ilc_nnqq_sgv_10m_3cat_parquet,val50k_tail,completed,1,4,validation_working_point_mistag_percent,1.0232500172740941,1.0232500172740941,1.0232500172740941,0.186000003178711,0.07000000085449219,3.232000035507813,0.20800000203125002,0.5340000076593019,0.064,2.772000075289309,1.120000013671875,0.018298640498242997,0.020291160647840055,93,50000,0.010871397397403768,0.01286855745420266,35,50000,0.07815848453518112,0.08002916712153071,1616,50000,0.01940315231970049,0.021394792486897213,104,50000,0.03161828095052371,0.03359688137851511,267,50000,0.0103552826863133,0.012352682738312273,32,50000,0.0724796011987619,0.07436868341711769,1386,50000,0.046094952584993,0.04805011348177502,560,50000
39,800000,monitor,lr_9e-6,/data/suehara/part/march/datasets/20250711_ilc_nnqq_sgv_10m_3cat_parquet,val50k_tail,completed,3,4,validation_working_point_mistag_percent,1.0267500172085957,1.0267500172085957,1.0267500172085957,0.186000003178711,0.07000000085449219,3.264000019921875,0.20600000150878908,0.5340000076593019,0.064,2.7700000908737215,1.120000013671875,0.018298640498242997,0.020291160647840055,93,50000,0.010871397397403768,0.01286855745420266,35,50000,0.07853651015160695,0.08040591276355646,1632,50000,0.019305243198633602,0.02129696336423035,103,50000,0.03161828095052371,0.03359688137851511,267,50000,0.0103552826863133,0.012352682738312273,32,50000,0.07245382830752753,0.07434299052428359,1385,50000,0.046094952584993,0.04805011348177502,560,50000
41,840000,control,lr_14e-6,/data/suehara/part/march/datasets/20250711_ilc_nnqq_sgv_10m_3cat_parquet,val5k_tail,completed,1,4,validation_working_point_mistag_percent,0.996891198213983,0.996891198213983,0.996891198213983,0.16722408026755853,0.04180602006688963,2.9473244899207405,0.25083612680176515,0.4404362345632093,0.04180602006688963,2.873322016617312,1.2123745974074986,0.04956371622062809,0.070392462686556,8,4784,0.020901553343843624,0.041782721151548165,2,4784,0.2348631052695227,0.2545298453260687,141,4784,0.06265842567791326,0.08345222458265669,12,4784,0.0860585767915483,0.1068426253377378,21,4768,0.020901553343843624,0.041782721151548165,2,4784,0.23222650182222299,0.25199025852272566,137,4768,0.14834035447883998,0.1687322564299626,58,4784
41,840000,control,lr_3e-6,/data/suehara/part/march/datasets/20250711_ilc_nnqq_sgv_10m_3cat_parquet,val5k_tail,completed,4,4,validation_working_point_mistag_percent,1.0125684509720816,1.0125684509720816,1.0125684509720816,0.18812709510132386,0.04180602006688963,3.0309364935187464,0.2717391304347826,0.4404362345632093,0.04180602006688963,2.873322016617312,1.2123745974074986,0.05309253395717104,0.07391254353280285,9,4784,0.020901553343843624,0.041782721151548165,2,4784,0.23821421667545062,0.2578460091708118,145,4784,0.06557819615720163,0.08636325817164901,13,4784,0.0860585767915483,0.1068426253377378,21,4768,0.020901553343843624,0.041782721151548165,2,4784,0.23222650182222299,0.25199025852272566,137,4768,0.14834035447883998,0.1687322564299626,58,4784
41,840000,control,lr_6e-6,/data/suehara/part/march/datasets/20250711_ilc_nnqq_sgv_10m_3cat_parquet,val5k_tail,completed,3,4,validation_working_point_mistag_percent,1.0083397120008548,1.0083397120008548,1.0083397120008548,0.12568076762842678,0.04162330905306972,2.974445057287319,0.18730488122190828,0.46247633580654013,0.04162330905306972,2.9640531219322788,1.2695109140242253,0.04187954310510526,0.06276931032150644,6,4774,0.020810210542906705,0.041600213327320744,2,4805,0.23619274181305022,0.2558893093900425,142,4774,0.05286062638721282,0.07359000429368852,9,4805,0.08849974873915249,0.10932258339630216,22,4757,0.020810210542906705,0.041600213327320744,2,4805,0.23617821726988966,0.2559495274949579,141,4757,0.15167084780863208,0.1719498694789946,61,4805
41,840000,control,lr_9e-6,/data/suehara/part/march/datasets/20250711_ilc_nnqq_sgv_10m_3cat_parquet,val5k_tail,completed,2,4,validation_working_point_mistag_percent,1.0021344868581186,1.0021344868581186,1.0021344868581186,0.16722408026755853,0.04180602006688963,2.926421395348318,0.25083612680176515,0.4404362345632093,0.04180602006688963,2.9152684493786496,1.2332775683716695,0.04956371622062809,0.070392462686556,8,4784,0.020901553343843624,0.041782721151548165,2,4784,0.23401727085987784,0.2536927478067198,140,4784,0.06265842567791326,0.08345222458265669,12,4784,0.0860585767915483,0.1068426253377378,21,4768,0.020901553343843624,0.041782721151548165,2,4784,0.2339402509672014,0.2536864164289856,139,4768,0.14968284288760653,0.17006600794843285,59,4784
41,840000,monitor,lr_14e-6,/data/suehara/part/march/datasets/20250711_ilc_nnqq_sgv_10m_3cat_parquet,val50k_tail,completed,1,4,validation_working_point_mistag_percent,1.0222499737150965,1.0222499737150965,1.0222499737150965,0.186000003178711,0.07000000085449219,3.245999923971407,0.20600000150878908,0.5340000076593019,0.064,2.7579998819551137,1.1139999705929573,0.018298640498242997,0.020291160647840055,93,50000,0.010871397397403768,0.01286855745420266,35,50000,0.07832412363742852,0.08019424623497834,1623,50000,0.019305243198633602,0.02129696336423035,103,50000,0.03161828095052371,0.03359688137851511,267,50000,0.0103552826863133,0.012352682738312273,32,50000,0.07229897816768346,0.07418862037483973,1379,50000,0.04597005685339165,0.047925457745373774,557,50000
41,840000,monitor,lr_3e-6,/data/suehara/part/march/datasets/20250711_ilc_nnqq_sgv_10m_3cat_parquet,val50k_tail,completed,4,4,validation_working_point_mistag_percent,1.0322500189199835,1.0322500189199835,1.0322500189199835,0.1920000075000003,0.07199999859375003,3.2400000791015646,0.2040000012451172,0.546000018328858,0.064,2.8040000299499517,1.1360000166406252,0.018606088111257617,0.020598368265654594,96,50000,0.01103850796111245,0.013035588019511294,36,50000,0.07825318379348564,0.08012354638623556,1620,50000,0.019206856011727752,0.021198656175724483,102,50000,0.03198053486208477,0.03395865529967597,273,50000,0.0103552826863133,0.012352682738312273,32,50000,0.0728906004099937,0.07477840265394942,1402,50000,0.046426327965215335,0.048380848874797315,568,50000
41,840000,monitor,lr_6e-6,/data/suehara/part/march/datasets/20250711_ilc_nnqq_sgv_10m_3cat_parquet,val50k_tail,completed,2,4,validation_working_point_mistag_percent,1.0230000119850637,1.0230000119850637,1.0230000119850637,0.186000003178711,0.07000000085449219,3.2380000571897134,0.20600000150878908,0.5340000076593019,0.064,2.766000011817627,1.120000013671875,0.018298640498242997,0.020291160647840055,93,50000,0.010871397397403768,0.01286855745420266,35,50000,0.07822952107901862,0.08009996367016811,1619,50000,0.019305243198633602,0.02129696336423035,103,50000,0.03161828095052371,0.03359688137851511,267,50000,0.0103552826863133,0.012352682738312273,32,50000,0.07240225216883708,0.07429157438239298,1383,50000,0.046094952584993,0.04805011348177502,560,50000
41,840000,monitor,lr_9e-6,/data/suehara/part/march/datasets/20250711_ilc_nnqq_sgv_10m_3cat_parquet,val50k_tail,completed,3,4,validation_working_point_mistag_percent,1.0252500090353398,1.0252500090353398,1.0252500090353398,0.186000003178711,0.07000000085449219,3.254000035252991,0.20600000150878908,0.5359999856054691,0.064,2.772000075289309,1.1139999705929573,0.018298640498242997,0.020291160647840055,93,50000,0.010871397397403768,0.01286855745420266,35,50000,0.07841859766542641,0.08028840026937517,1627,50000,0.019305243198633602,0.02129696336423035,103,50000,0.0316789413138693,0.033657461743460786,268,50000,0.0103552826863133,0.012352682738312273,32,50000,0.0724796011987619,0.07436868341711769,1386,50000,0.04597005685339165,0.047925457745373774,557,50000
41,840000,full,lr_14e-6,/data/suehara/part/march/datasets/20250711_ilc_nnqq_sgv_10m_3cat_parquet,val1000k,completed,1,4,validation_working_point_mistag_percent,1.0424165107159722,1.0424165107159722,1.0424165107159722,0.1836518676186583,0.05892497172255919,3.3557840402734023,0.19738860085649113,0.5315202040695002,0.056209997035800936,2.779866834809247,1.1759855693421193,0.00423829539739544,0.004338228292063311,1831,996995,0.0023837497595035023,0.002484185713410908,586,994485,0.01798919314569339,0.01808276266025352,33457,996995,0.00440094731021458,0.004501104801424858,1963,994485,0.007226702721456306,0.007325773823308422,5308,998645,0.002327069955432347,0.0024275113693926487,559,994485,0.01640348104197248,0.016498049354028016,27761,998645,0.010761196217815537,0.010859385663297173,11695,994485
41,840000,full,lr_3e-6,/data/suehara/part/march/datasets/20250711_ilc_nnqq_sgv_10m_3cat_parquet,val1000k,completed,4,4,validation_working_point_mistag_percent,1.0511443569856915,1.0511443569856915,1.0511443569856915,0.18696181010618504,0.05902552688316613,3.390689005327701,0.19929913219606077,0.5370276711505287,0.05822108847139296,2.7902807236737135,1.1876498980767831,0.0042766927235038605,0.00437661897833288,1864,996995,0.0023858236293022557,0.0024862593809854864,587,994485,0.01807951040640951,0.018173009900850773,33805,996995,0.004422392699227171,0.0045225463481780165,1982,994485,0.007264104003674998,0.00736316407566745,5363,998645,0.002369182783407077,0.0024696201528837504,579,994485,0.01643339406580714,0.016527941521400982,27865,998645,0.010814045755897471,0.010912211743374124,11811,994485
41,840000,full,lr_6e-6,/data/suehara/part/march/datasets/20250711_ilc_nnqq_sgv_10m_3cat_parquet,val1000k,completed,2,4,validation_working_point_mistag_percent,1.0436831233458945,1.0436831233458945,1.0436831233458945,0.1839527704854606,0.0587238627914652,3.3623038060765014,0.19789136508082214,0.532821975134053,0.05610944300281958,2.779966771133878,1.1776949930621552,0.004241800362271195,0.004341732653317357,1834,996995,0.0023795966976744402,0.0024800330560302173,584,994485,0.01800610218014656,0.018099658616235054,33522,996995,0.0044066009167107985,0.00450675739680018,1968,994485,0.007235560724763203,0.00733462921955752,5321,998645,0.002324944670681274,0.0024253862868657506,558,994485,0.016403768957434436,0.01649833706894692,27762,998645,0.010768958338710187,0.010867144346380676,11712,994485
41,840000,full,lr_9e-6,/data/suehara/part/march/datasets/20250711_ilc_nnqq_sgv_10m_3cat_parquet,val1000k,completed,3,4,validation_working_point_mistag_percent,1.0448487405552014,1.0448487405552014,1.0448487405552014,0.18375217591668885,0.05892497172255919,3.3738383382857755,0.1977908127954141,0.5305188376443656,0.05610944300281958,2.781769216002771,1.1760861290712175,0.0042394640395366796,0.0043393967329973145,1832,996995,0.0023837497595035023,0.002484185713410908,586,994485,0.018035973685072426,0.01812950698232979,33637,996995,0.004405470773777699,0.004505627456091255,1967,994485,0.007219881371228667,0.007318954478509766,5298,998645,0.002324944670681274,0.0024253862868657506,558,994485,0.01640895047063176,0.01650351497237204,27780,998645,0.010761652974893357,0.010859842218150992,11696,994485
41,840000,full_holdout,lr_14e-6,/data/suehara/part/march/datasets/20250711_ilc_nnqq_sgv_10m_3cat_parquet,val_holdout,completed,1,4,validation_working_point_mistag_percent,1.0435933217457125,1.0435933217457125,1.0435933217457125,0.18375893573248808,0.05843626912098997,3.3624381473266465,0.19723571449552488,0.53176776023259,0.0558816798202127,2.779965002286909,1.1792630649503388,0.004360091603470813,0.004465859018752466,1731,941995,0.00244067736865696,0.002546994149809766,549,939485,0.018523280905245743,0.018622299503562312,31674,941995,0.004524696800982148,0.004630718102588459,1853,939485,0.007434602857853655,0.007539447751441115,5018,943645,0.002385611990873902,0.0024919342103005846,525,939485,0.0168736433889375,0.016973723366124974,26233,943645,0.011085566785097936,0.011189497523593842,11079,939485
41,840000,full_holdout,lr_3e-6,/data/suehara/part/march/datasets/20250711_ilc_nnqq_sgv_10m_3cat_parquet,val_holdout,completed,4,4,validation_working_point_mistag_percent,1.0523266644390648,1.0523266644390648,1.0523266644390648,0.1869436773980142,0.05843626912098997,3.399805824688693,0.19861945898503322,0.5369603941729768,0.05801050590656286,2.789078393568982,1.1907587916712659,0.004398094921599714,0.004503855575217265,1761,941995,0.00244067736865696,0.002546994149809766,549,939485,0.018622625254584302,0.018721564516041567,32026,941995,0.0045406940014374505,0.004646712357312061,1866,939485,0.007470876189626021,0.007575710077750274,5067,943645,0.002431584737735222,0.0025379024252670146,545,939485,0.016900576107762785,0.01700063676923942,26319,943645,0.011139080464067815,0.011242986730331146,11187,939485
41,840000,full_holdout,lr_6e-6,/data/suehara/part/march/datasets/20250711_ilc_nnqq_sgv_10m_3cat_parquet,val_holdout,completed,2,4,validation_working_point_mistag_percent,1.0448273986047831,1.0448273986047831,1.0448273986047831,0.18428972810853658,0.058223389185474546,3.369232362953353,0.19712928078493647,0.5328274767786377,0.055775239402210894,2.7804948725928256,1.1806468390322897,0.0043664483497125916,0.00447221463805022,1736,941995,0.0024361352140506837,0.0025424524483929722,547,939485,0.01854138889931453,0.01864039307274759,31738,941995,0.004523463912923988,0.004629485441124976,1852,939485,0.007442020142599086,0.007546862790173622,5028,943645,0.00238329053342017,0.002489612979441594,524,939485,0.016875210559645984,0.0169752894138276,26238,943645,0.0110920225128458,0.011195950305609853,11092,939485
41,840000,full_holdout,lr_9e-6,/data/suehara/part/march/datasets/20250711_ilc_nnqq_sgv_10m_3cat_parquet,val_holdout,completed,3,4,validation_working_point_mistag_percent,1.0458754594963096,1.0458754594963096,1.0458754594963096,0.1835466308595391,0.05843626912098997,3.3800604234281777,0.19734215623647405,0.5306020798539289,0.055775239402210894,2.782084219856651,1.179156657212506,0.004357546321090877,0.0044633141871501395,1729,941995,0.00244067736865696,0.002546994149809766,549,939485,0.018570206705655068,0.018669187889430727,31840,941995,0.004525929354510312,0.004631950429521796,1854,939485,0.007426435166990857,0.007531282531192483,5007,943645,0.00238329053342017,0.002489612979441594,524,939485,0.016879911096536263,0.016979986581698234,26253,943645,0.011085070028146564,0.011189000993237254,11078,939485
43,880000,control,lr_14e-6,/data/suehara/part/march/datasets/20250711_ilc_nnqq_sgv_10m_3cat_parquet,val5k_tail,completed,1,4,validation_working_point_mistag_percent,0.9650910860981596,0.9650910860981596,0.9650910860981596,0.1461682967708886,0.041884816753926704,2.9442472707668808,0.2094240837696335,0.3772003304646938,0.041884816753926704,2.87091379614348,1.0890052773618475,0.04576499836529851,0.06658079448122352,7,4789,0.02094094619055311,0.04186142993563103,2,4775,0.2346211710977975,0.2542686670338131,141,4789,0.05654070419863584,0.07739102912168042,10,4775,0.07894028574081603,0.09973341361205457,18,4772,0.02094094619055311,0.04186142993563103,2,4775,0.2320343740766867,0.2517825770253418,137,4772,0.14028536209206074,0.16076735319943014,52,4775
43,880000,control,lr_3e-6,/data/suehara/part/march/datasets/20250711_ilc_nnqq_sgv_10m_3cat_parquet,val5k_tail,completed,3,4,validation_working_point_mistag_percent,0.9986271605794466,0.9986271605794466,0.9986271605794466,0.1454696554951109,0.020995171110644553,3.013300090291871,0.20995171648727098,0.4410838186460081,0.020995171110644553,2.793530710412771,1.3436909510812514,0.045546343717023874,0.06626295719752032,7,4812,0.01297544171407336,0.03395739168422002,1,4763,0.23684710607589088,0.2563720177388352,145,4812,0.05668306171712986,0.0775856848442892,10,4763,0.08618490593403326,0.10699923444897533,21,4761,0.01297544171407336,0.03395739168422002,1,4763,0.22908992647315723,0.24891624702299103,133,4761,0.1569106423709013,0.17733730444013662,64,4763
43,880000,control,lr_6e-6,/data/suehara/part/march/datasets/20250711_ilc_nnqq_sgv_10m_3cat_parquet,val5k_tail,completed,4,4,validation_working_point_mistag_percent,1.0050644035813072,1.0050644035813072,1.0050644035813072,0.14629049485009957,0.04176237210273544,3.1138976140334456,0.2505742262293435,0.48299035412193014,0.04176237210273544,2.9609408902927936,1.002296904917374,0.045803239744487356,0.06663638203821157,7,4785,0.02087973240216612,0.041739121808386265,2,4789,0.2414655442471214,0.26105856656360416,149,4785,0.06259305939119454,0.08336526221682443,12,4789,0.090596729482742,0.11138909129664362,23,4762,0.02087973240216612,0.041739121808386265,2,4789,0.2359335683440711,0.2556854302877262,141,4762,0.13406112083028318,0.15451945196578826,48,4789
43,880000,control,lr_9e-6,/data/suehara/part/march/datasets/20250711_ilc_nnqq_sgv_10m_3cat_parquet,val5k_tail,completed,2,4,validation_working_point_mistag_percent,0.9881974428033948,0.9881974428033948,0.9881974428033948,0.14568157798472514,0.020995171110644553,2.9344432719338003,0.20995171648727098,0.4404362345632093,0.020995171110644553,2.8313757528456436,1.30170064639122,0.0456126692816467,0.06635936858181907,7,4805,0.01297544171407336,0.03395739168422002,1,4763,0.2338503192294783,0.2534364851519741,141,4805,0.05668306171712986,0.0775856848442892,10,4763,0.0860585767915483,0.1068426253377378,21,4768,0.01297544171407336,0.03395739168422002,1,4763,0.2304991263083891,0.25028047424761024,135,4768,0.1543151149969375,0.17475940525350317,62,4763
43,880000,monitor,lr_14e-6,/data/suehara/part/march/datasets/20250711_ilc_nnqq_sgv_10m_3cat_parquet,val50k_tail,completed,2,4,validation_working_point_mistag_percent,1.0227500267976386,1.0227500267976386,1.0227500267976386,0.18399999640625006,0.07000000085449219,3.2560000611096203,0.20600000150878908,0.540000013183594,0.064,2.7520001142187547,1.11000002709961,0.018195055988739096,0.02018765613673616,92,50000,0.010871397397403768,0.01286855745420266,35,50000,0.07844219614325174,0.08031191874880092,1628,50000,0.019305243198633602,0.02129696336423035,103,50000,0.031799918499033665,0.033778278931824966,270,50000,0.0103552826863133,0.012352682738312273,32,50000,0.07222141582075188,0.07411129802310824,1376,50000,0.04588659993469378,0.04784216082347609,555,50000
43,880000,monitor,lr_3e-6,/data/suehara/part/march/datasets/20250711_ilc_nnqq_sgv_10m_3cat_parquet,val50k_tail,completed,4,4,validation_working_point_mistag_percent,1.032499994479791,1.032499994479791,1.032499994479791,0.18999999768066408,0.07199999859375003,3.2560000611096203,0.2040000012451172,0.5439999920312502,0.064,2.795999863476569,1.1340000417013565,0.018504147852544686,0.02049650800534169,95,50000,0.01103850796111245,0.013035588019511294,36,50000,0.07844219614325174,0.08031191874880092,1628,50000,0.019206856011727752,0.021198656175724483,102,50000,0.03192044183364133,0.033898642269632615,272,50000,0.0103552826863133,0.012352682738312273,32,50000,0.07278809075960298,0.07467621299715836,1398,50000,0.04638503850278638,0.04833963941076828,567,50000
43,880000,monitor,lr_6e-6,/data/suehara/part/march/datasets/20250711_ilc_nnqq_sgv_10m_3cat_parquet,val50k_tail,completed,3,4,validation_working_point_mistag_percent,1.0234999728641807,1.0234999728641807,1.0234999728641807,0.18399999640625006,0.07000000085449219,3.2579999151148247,0.20600000150878908,0.531999999675293,0.064,2.7579998819551137,1.115999987398682,0.018195055988739096,0.02018765613673616,92,50000,0.010871397397403768,0.01286855745420266,35,50000,0.07846578662367362,0.08033542923082324,1629,50000,0.019305243198633602,0.02129696336423035,103,50000,0.031557505220584404,0.0335361856469759,266,50000,0.0103552826863133,0.012352682738312273,32,50000,0.07229897816768346,0.07418862037483973,1379,50000,0.04601172728080586,0.047967048174388065,558,50000
43,880000,monitor,lr_9e-6,/data/suehara/part/march/datasets/20250711_ilc_nnqq_sgv_10m_3cat_parquet,val50k_tail,completed,1,4,validation_working_point_mistag_percent,1.0219999843329628,1.0219999843329628,1.0219999843329628,0.186000003178711,0.07000000085449219,3.241999967103119,0.20800000203125002,0.5359999856054691,0.064,2.7579998819551137,1.1120000339355478,0.018298640498242997,0.020291160647840055,93,50000,0.010871397397403768,0.01286855745420266,35,50000,0.07827683845324437,0.08014712104759333,1621,50000,0.01940315231970049,0.021394792486897213,104,50000,0.0316789413138693,0.033657461743460786,268,50000,0.0103552826863133,0.012352682738312273,32,50000,0.07229897816768346,0.07418862037483973,1379,50000,0.04592834777238947,0.04788382866277186,556,50000
45,920000,control,lr_14e-6,/data/suehara/part/march/datasets/20250711_ilc_nnqq_sgv_10m_3cat_parquet,val5k_tail,completed,1,4,validation_working_point_mistag_percent,1.0051098080977192,1.0051098080977192,1.0051098080977192,0.1479915414307216,0.020833333333333332,2.9386891229580603,0.20833333333333334,0.43695379941649704,0.041666666666666664,2.8714106545301195,1.375000013113022,0.04633561482873302,0.06741023265019129,7,4730,0.012875424884436151,0.03369574009654474,1,4800,0.235794647621676,0.2556895158449861,139,4730,0.056246410686646854,0.07698861717140697,10,4800,0.08537920110634699,0.10600039777464718,21,4806,0.02083188633959509,0.04164352280422051,2,4800,0.23126607957309925,0.25087439630429137,138,4806,0.15824246592812535,0.17849866255382832,66,4800
45,920000,control,lr_3e-6,/data/suehara/part/march/datasets/20250711_ilc_nnqq_sgv_10m_3cat_parquet,val5k_tail,completed,4,4,validation_working_point_mistag_percent,1.0211360252905863,1.0211360252905863,1.0211360252905863,0.16913319238900634,0.020820320632937747,3.065539136774004,0.22902353278304688,0.45804706556609376,0.041640641265875494,2.8315635341141276,1.353320778799599,0.05012928141770385,0.07119496174220648,8,4730,0.012867382947006449,0.033674701714436525,1,4803,0.24089584273514592,0.26073708597672207,145,4730,0.05938040398470314,0.08010104364874886,11,4803,0.08765356533874764,0.10827885798907053,22,4803,0.02081887544639369,0.04161752630348535,2,4803,0.22970015126843013,0.24933730214017036,136,4803,0.15688272608666495,0.17713529859243493,65,4803
45,920000,control,lr_6e-6,/data/suehara/part/march/datasets/20250711_ilc_nnqq_sgv_10m_3cat_parquet,val5k_tail,completed,3,4,validation_working_point_mistag_percent,1.0077407966892697,1.0077407966892697,1.0077407966892697,0.16666666666666666,0.042265426880811495,2.9166667593850057,0.25359255474300035,0.4579517156383705,0.042265426880811495,2.8934222722786473,1.2890955510408448,0.04939858396109716,0.07015814794082362,8,4800,0.021131224557080303,0.04224161313646725,2,4732,0.2332475326558954,0.25286150196784374,140,4800,0.06334641709999281,0.08436750623530449,12,4732,0.08763534971785525,0.10825638959010885,22,4804,0.021131224557080303,0.04224161313646725,2,4732,0.23221015268472464,0.2518174691683011,139,4804,0.15399806976738145,0.17458159162672474,61,4732
45,920000,control,lr_9e-6,/data/suehara/part/march/datasets/20250711_ilc_nnqq_sgv_10m_3cat_parquet,val5k_tail,completed,2,4,validation_working_point_mistag_percent,1.0057108197675408,1.0057108197675408,1.0057108197675408,0.14562096757062648,0.020833333333333332,3.0580404039202143,0.20833333333333334,0.46521463611698544,0.041666666666666664,2.939310565367435,1.166666651831733,0.045593699417365324,0.0663317938560427,7,4807,0.012875424884436151,0.03369574009654474,1,4800,0.23873917278353085,0.2582657782919287,147,4807,0.056246410686646854,0.07698861717140697,10,4800,0.08902286309248222,0.10996780405099589,22,4729,0.02083188633959509,0.04164352280422051,2,4800,0.23584384450325846,0.2557426560734495,139,4729,0.14513609453927767,0.16547907863981234,56,4800
45,920000,monitor,lr_14e-6,/data/suehara/part/march/datasets/20250711_ilc_nnqq_sgv_10m_3cat_parquet,val50k_tail,completed,3,4,validation_working_point_mistag_percent,1.0224999850831802,1.0224999850831802,1.0224999850831802,0.18199999600097666,0.07000000085449219,3.2520000444113166,0.2040000012451172,0.5359999856054691,0.064,2.7579998819551137,1.1139999705929573,0.018090905588142768,0.020083585734539902,91,50000,0.010871397397403768,0.01286855745420266,35,50000,0.07839499118307211,0.08026487378542183,1626,50000,0.019206856011727752,0.021198656175724483,102,50000,0.0316789413138693,0.033657461743460786,268,50000,0.0103552826863133,0.012352682738312273,32,50000,0.07229897816768346,0.07418862037483973,1379,50000,0.04597005685339165,0.047925457745373774,557,50000
45,920000,monitor,lr_3e-6,/data/suehara/part/march/datasets/20250711_ilc_nnqq_sgv_10m_3cat_parquet,val50k_tail,completed,4,4,validation_working_point_mistag_percent,1.031500004984571,1.031500004984571,1.031500004984571,0.18999999768066408,0.07199999859375003,3.2619998987095675,0.2020000022192383,0.5439999920312502,0.064,2.7880001471936113,1.1300000034484863,0.018504147852544686,0.02049650800534169,95,50000,0.01103850796111245,0.013035588019511294,36,50000,0.07851294362075378,0.08038242623110287,1631,50000,0.019107983742976033,0.02109986390537279,101,50000,0.03192044183364133,0.033898642269632615,272,50000,0.0103552826863133,0.012352682738312273,32,50000,0.07268542145357285,0.0745738636847286,1394,50000,0.046302346537117726,0.04825710744189981,565,50000
45,920000,monitor,lr_6e-6,/data/suehara/part/march/datasets/20250711_ilc_nnqq_sgv_10m_3cat_parquet,val50k_tail,completed,2,4,validation_working_point_mistag_percent,1.0220000180128106,1.0220000180128106,1.0220000180128106,0.18399999640625006,0.07000000085449219,3.2560000611096203,0.2040000012451172,0.531999999675293,0.064,2.7520001142187547,1.1139999705929573,0.018195055988739096,0.02018765613673616,92,50000,0.010871397397403768,0.01286855745420266,35,50000,0.07844219614325174,0.08031191874880092,1628,50000,0.019206856011727752,0.021198656175724483,102,50000,0.031557505220584404,0.0335361856469759,266,50000,0.0103552826863133,0.012352682738312273,32,50000,0.07222141582075188,0.07411129802310824,1376,50000,0.04597005685339165,0.047925457745373774,557,50000
45,920000,monitor,lr_9e-6,/data/suehara/part/march/datasets/20250711_ilc_nnqq_sgv_10m_3cat_parquet,val50k_tail,completed,1,4,validation_working_point_mistag_percent,1.0217499897802929,1.0217499897802929,1.0217499897802929,0.18399999640625006,0.07000000085449219,3.254000035252991,0.2040000012451172,0.5379999840740971,0.064,2.7459999298164384,1.1139999705929573,0.018195055988739096,0.02018765613673616,92,50000,0.010871397397403768,0.01286855745420266,35,50000,0.07841859766542641,0.08028840026937517,1627,50000,0.019206856011727752,0.021198656175724483,102,50000,0.03173948695166986,0.03371792738286125,269,50000,0.0103552826863133,0.012352682738312273,32,50000,0.07214376156805119,0.07403388376560766,1373,50000,0.04597005685339165,0.047925457745373774,557,50000
47,960000,control,lr_14e-6,/data/suehara/part/march/datasets/20250711_ilc_nnqq_sgv_10m_3cat_parquet,val5k_tail,completed,1,4,validation_working_point_mistag_percent,1.0057025296966906,1.0057025296966906,1.0057025296966906,0.12489591689298843,0.021057064645188462,3.1432139945828528,0.18951357449969006,0.4390549920129187,0.021057064645188462,2.8434037759400774,1.2634238543546201,0.041618101116324704,0.06237776982805558,6,4804,0.013013692323667713,0.03405745777013288,1,4749,0.24214995541916792,0.2616533002731368,151,4804,0.05348360171565283,0.07445643810226046,9,4749,0.08578911465377524,0.1065085732714968,21,4783,0.013013692323667713,0.03405745777013288,1,4749,0.2306482844877219,0.250362580590768,136,4783,0.15212076730312696,0.1726414309331431,60,4749
47,960000,control,lr_3e-6,/data/suehara/part/march/datasets/20250711_ilc_nnqq_sgv_10m_3cat_parquet,val5k_tail,completed,2,4,validation_working_point_mistag_percent,1.0344362590993343,1.0344362590993343,1.0344362590993343,0.14805414169352468,0.04160599126274184,3.1514381538196687,0.2288329519450801,0.4582378525470637,0.04160599126274184,2.811914294022805,1.3938006962410492,0.04635520721593871,0.06743871148935118,7,4728,0.020801552849157405,0.04158291474963047,2,4807,0.2443347516184604,0.26414805750119497,149,4728,0.059331028082268505,0.08003450855150933,11,4807,0.08769001930732491,0.10832382277791595,22,4801,0.020801552849157405,0.04158291474963047,2,4807,0.22893491342272781,0.24858842688189262,135,4801,0.15926395736207774,0.17948284225920724,67,4807
47,960000,control,lr_6e-6,/data/suehara/part/march/datasets/20250711_ilc_nnqq_sgv_10m_3cat_parquet,val5k_tail,completed,4,4,validation_working_point_mistag_percent,1.0827956571887416,1.0827956571887416,1.0827956571887416,0.1257071024512885,0.020729684908789386,3.519798767364173,0.1865671641791045,0.485334472810835,0.04145936981757877,3.0597172670164268,1.223051428961737,0.04188831442008261,0.06278244634197151,6,4773,0.012811369446340239,0.033528165431870274,1,4824,0.25715001041158314,0.2766222354351963,168,4773,0.052652544086610506,0.07330059914809077,9,4824,0.09103564609943957,0.11192791004089658,23,4739,0.020728252278338223,0.041436455648362035,2,4824,0.2404447215642872,0.26025074804533166,145,4739,0.14844800214747178,0.16866642643364044,59,4824
47,960000,control,lr_9e-6,/data/suehara/part/march/datasets/20250711_ilc_nnqq_sgv_10m_3cat_parquet,val5k_tail,completed,3,4,validation_working_point_mistag_percent,1.0802054193549626,1.0802054193549626,1.0802054193549626,0.1257071024512885,0.020729684908789386,3.4150428557628882,0.1865671641791045,0.485334472810835,0.04145936981757877,3.1230216339870682,1.243781070922148,0.04188831442008261,0.06278244634197151,6,4773,0.012811369446340239,0.033528165431870274,1,4824,0.2532752140267026,0.2727913250656945,163,4773,0.052652544086610506,0.07330059914809077,9,4824,0.09103564609943957,0.11192791004089658,23,4739,0.020728252278338223,0.041436455648362035,2,4824,0.24294761989709576,0.2627269356209164,148,4739,0.14976795822767253,0.1699777898983349,60,4824
47,960000,monitor,lr_14e-6,/data/suehara/part/march/datasets/20250711_ilc_nnqq_sgv_10m_3cat_parquet,val50k_tail,completed,3,4,validation_working_point_mistag_percent,1.0225000234237487,1.0225000234237487,1.0225000234237487,0.18399999640625006,0.07000000085449219,3.2500000929832487,0.2040000012451172,0.540000013183594,0.064,2.7560000487817393,1.1120000339355478,0.018195055988739096,0.02018765613673616,92,50000,0.010871397397403768,0.01286855745420266,35,50000,0.07837137668905425,0.08024133928980354,1625,50000,0.019206856011727752,0.021198656175724483,102,50000,0.031799918499033665,0.033778278931824966,270,50000,0.0103552826863133,0.012352682738312273,32,50000,0.07227313424578302,0.07416285645133955,1378,50000,0.04592834777238947,0.04788382866277186,556,50000
47,960000,monitor,lr_3e-6,/data/suehara/part/march/datasets/20250711_ilc_nnqq_sgv_10m_3cat_parquet,val50k_tail,completed,4,4,validation_working_point_mistag_percent,1.0297500123014645,1.0297500123014645,1.0297500123014645,0.18999999768066408,0.07199999859375003,3.2599999975128173,0.2020000022192383,0.540000013183594,0.064,2.782000074075167,1.1280000151464846,0.018504147852544686,0.02049650800534169,95,50000,0.01103850796111245,0.013035588019511294,36,50000,0.07848936911380722,0.08035893172255587,1630,50000,0.019107983742976033,0.02109986390537279,101,50000,0.031799918499033665,0.033778278931824966,270,50000,0.0103552826863133,0.012352682738312273,32,50000,0.07260831429851539,0.07449699652487124,1391,50000,0.04626094383618877,0.04821578473937077,564,50000
47,960000,monitor,lr_6e-6,/data/suehara/part/march/datasets/20250711_ilc_nnqq_sgv_10m_3cat_parquet,val50k_tail,completed,2,4,validation_working_point_mistag_percent,1.0207499868437009,1.0207499868437009,1.0207499868437009,0.18199999600097666,0.07000000085449219,3.245999923971407,0.2040000012451172,0.5340000076593019,0.064,2.7539999310827654,1.1120000339355478,0.018090905588142768,0.020083585734539902,91,50000,0.010871397397403768,0.01286855745420266,35,50000,0.07832412363742852,0.08019424623497834,1623,50000,0.019206856011727752,0.021198656175724483,102,50000,0.03161828095052371,0.03359688137851511,267,50000,0.0103552826863133,0.012352682738312273,32,50000,0.07224728013373455,0.07413708233769065,1377,50000,0.04592834777238947,0.04788382866277186,556,50000
47,960000,monitor,lr_9e-6,/data/suehara/part/march/datasets/20250711_ilc_nnqq_sgv_10m_3cat_parquet,val50k_tail,completed,1,4,validation_working_point_mistag_percent,1.0202499876111415,1.0202499876111415,1.0202499876111415,0.18199999600097666,0.07000000085449219,3.241999967103119,0.2040000012451172,0.5359999856054691,0.064,2.7479999626812748,1.115999987398682,0.018090905588142768,0.020083585734539902,91,50000,0.010871397397403768,0.01286855745420266,35,50000,0.07827683845324437,0.08014712104759333,1621,50000,0.019206856011727752,0.021198656175724483,102,50000,0.0316789413138693,0.033657461743460786,268,50000,0.0103552826863133,0.012352682738312273,32,50000,0.07216965654874494,0.07405969874790114,1374,50000,0.04601172728080586,0.047967048174388065,558,50000
47,960000,full,lr_14e-6,/data/suehara/part/march/datasets/20250711_ilc_nnqq_sgv_10m_3cat_parquet,val1000k,completed,2,4,validation_working_point_mistag_percent,1.0426672413836304,1.0426672413836304,1.0426672413836304,0.1824482632671424,0.05892497172255919,3.3685223368404116,0.19748914918627336,0.5312198237335198,0.056209997035800936,2.7744594866195813,1.1720639026637556,0.004224246588858363,0.004324181898013074,1819,996995,0.0023837497595035023,0.002484185713410908,586,994485,0.01802221386548175,0.0181157578267227,33584,996995,0.004402078610320583,0.0045022358993067075,1964,994485,0.007224657002337376,0.007323728705818135,5305,998645,0.002327069955432347,0.0024275113693926487,559,994485,0.01638792521503167,0.016482504356403818,27707,998645,0.010743366885624522,0.010841564217849153,11656,994485
47,960000,full,lr_3e-6,/data/suehara/part/march/datasets/20250711_ilc_nnqq_sgv_10m_3cat_parquet,val1000k,completed,4,4,validation_working_point_mistag_percent,1.0497643378223993,1.0497643378223993,1.0497643378223993,0.18726272844218417,0.0587238627914652,3.3885827805512485,0.19889691363802292,0.5350249666344141,0.05751720847193656,2.788478506843284,1.18362773520664,0.004280166382953005,0.004380092034160315,1867,996995,0.0023795966976744402,0.0024800330560302173,584,994485,0.018074074891644143,0.018167578611437418,33784,996995,0.004417886501290893,0.004518040959138438,1978,994485,0.00725052618351877,0.007349590266369187,5343,998645,0.00235452736953352,0.002454966154579461,572,994485,0.016428221167155352,0.016522772232521396,27847,998645,0.010795852282022116,0.010894026358466112,11771,994485
47,960000,full,lr_6e-6,/data/suehara/part/march/datasets/20250711_ilc_nnqq_sgv_10m_3cat_parquet,val1000k,completed,1,4,validation_working_point_mistag_percent,1.0408489434169146,1.0408489434169146,1.0408489434169146,0.1823479524809071,0.0587238627914652,3.3530759820059197,0.1975897046887757,0.531019543587017,0.05610944300281958,2.7758611561146584,1.1720639026637556,0.004223073754886799,0.004323009265248747,1818,996995,0.0023795966976744402,0.0024800330560302173,584,994485,0.01798216403949837,0.018075738986653156,33430,996995,0.004403209620802749,0.004503366707564677,1965,994485,0.007223292863102037,0.007322364967668558,5303,998645,0.002324944670681274,0.0024253862868657506,558,994485,0.016391959790667404,0.016486536124438872,27721,998645,0.010743366885624522,0.010841564217849153,11656,994485
47,960000,full,lr_9e-6,/data/suehara/part/march/datasets/20250711_ilc_nnqq_sgv_10m_3cat_parquet,val1000k,completed,3,4,validation_working_point_mistag_percent,1.042955791643432,1.042955791643432,1.042955791643432,0.18274916583884476,0.05912608015885515,3.371431228141543,0.1972880479555418,0.5298179001583972,0.05610944300281958,2.774959941321724,1.1721645265697302,0.004227763147601673,0.004327697853134674,1822,996995,0.002387895731060987,0.002488331280520043,588,994485,0.018029744314218554,0.01812328244044925,33613,996995,0.004399815720263866,0.00449997341369834,1962,994485,0.007215102533912696,0.007314177044994135,5291,998645,0.002324944670681274,0.0024253862868657506,558,994485,0.016389366262253846,0.016483944400911416,27712,998645,0.010743824433645868,0.010842021563646498,11657,994485
47,960000,full_holdout,lr_14e-6,/data/suehara/part/march/datasets/20250711_ilc_nnqq_sgv_10m_3cat_parquet,val_holdout,completed,2,4,validation_working_point_mistag_percent,1.0437525200489701,1.0437525200489701,1.0437525200489701,0.18237888679418346,0.05843626912098997,3.375920181452619,0.19723571449552488,0.5312379093239726,0.0558816798202127,2.7740305432885655,1.174898976095693,0.004343520737913132,0.004449291083249247,1718,941995,0.00244067736865696,0.002546994149809766,549,939485,0.018559194187871275,0.018658184161809976,31801,941995,0.004524696800982148,0.004630718102588459,1853,939485,0.007430891399740763,0.007535737416334773,5013,943645,0.002385611990873902,0.0024919342103005846,525,939485,0.016856079956668532,0.016956172511528936,26177,943645,0.011065180667355935,0.011169120696236275,11038,939485
47,960000,full_holdout,lr_3e-6,/data/suehara/part/march/datasets/20250711_ilc_nnqq_sgv_10m_3cat_parquet,val_holdout,completed,4,4,validation_working_point_mistag_percent,1.05081288951727,1.05081288951727,1.05081288951727,0.1870498356977716,0.058116948440221125,3.397151744127128,0.19830013070936656,0.5350529223640953,0.05726541695892395,2.7870649583334086,1.1865011595072443,0.004399356071536128,0.0045051164997648736,1762,941995,0.0024338610189594,0.0025401784798964513,546,939485,0.01861558959724771,0.018714534493425444,32001,941995,0.004537007326848685,0.004643026362507541,1863,939485,0.007457572086792125,0.007562410017739572,5049,943645,0.0024155918720824665,0.0025219111457774695,538,939485,0.016894629984399306,0.01699469491330055,26300,943645,0.011119291927023933,0.011223207257077261,11147,939485
47,960000,full_holdout,lr_6e-6,/data/suehara/part/march/datasets/20250711_ilc_nnqq_sgv_10m_3cat_parquet,val_holdout,completed,1,4,validation_working_point_mistag_percent,1.0422263944071268,1.0422263944071268,1.0422263944071268,0.1821665770139669,0.058223389185474546,3.3605273283529558,0.1974486058476193,0.5313438639456157,0.0558816798202127,2.7761498331306727,1.176069877960498,0.004340965787233636,0.0044467365833473615,1716,941995,0.0024361352140506837,0.0025424524483929722,547,939485,0.018518184377101093,0.018617207032416844,31656,941995,0.004527161573778405,0.004633182422195212,1855,939485,0.007431633841744646,0.007536479633737242,5014,943645,0.002385611990873902,0.0024919342103005846,525,939485,0.016862354956695066,0.016962443019529275,26197,943645,0.011070653958374609,0.011174591494712664,11049,939485
47,960000,full_holdout,lr_9e-6,/data/suehara/part/march/datasets/20250711_ilc_nnqq_sgv_10m_3cat_parquet,val_holdout,completed,3,4,validation_working_point_mistag_percent,1.0440713213969444,1.0440713213969444,1.0440713213969444,0.1828035259301178,0.05854271238276986,3.377831140527628,0.19680995850702157,0.5298602648783882,0.0558816798202127,2.774984322541116,1.1758569665883014,0.004348626158216665,0.004454395601997561,1722,941995,0.0024429453395182583,0.002549261894076323,550,939485,0.01856427781881595,0.01866326373575547,31819,941995,0.004519763238863025,0.004625785446848302,1849,939485,0.007421232799108713,0.0075260817355195415,5000,943645,0.002385611990873902,0.0024919342103005846,525,939485,0.01685890402948788,0.016958994562936078,26186,943645,0.011069659024569127,0.011173597014096752,11047,939485
49,1000000,control,lr_14e-6,/data/suehara/part/march/datasets/20250711_ilc_nnqq_sgv_10m_3cat_parquet,val5k_tail,completed,1,4,validation_working_point_mistag_percent,0.9992548580974319,0.9992548580974319,0.9992548580974319,0.1672940192388122,0.04184975936388366,3.074027537303413,0.18832391713747645,0.418848167539267,0.04184975936388366,2.8900524576095727,1.1717932472231463,0.04958443541231393,0.07042186212390122,8,4782,0.020923419942392277,0.04182641167487599,2,4779,0.23996980511771723,0.2595917881394547,147,4782,0.053148050276499846,0.07398975575050087,9,4779,0.08364470474582272,0.10440733114132558,20,4775,0.020923419942392277,0.04182641167487599,2,4779,0.23274783979220504,0.25247562356271597,138,4775,0.14577076669722908,0.16620097872141765,56,4779
49,1000000,control,lr_3e-6,/data/suehara/part/march/datasets/20250711_ilc_nnqq_sgv_10m_3cat_parquet,val5k_tail,completed,3,4,validation_working_point_mistag_percent,1.0273664186083622,1.0273664186083622,1.0273664186083622,0.12615643074012722,0.0419639110365086,3.0698064074760953,0.2517834726679159,0.4985459204108135,0.0419639110365086,2.845866142330652,1.3428451531682752,0.04203799092893485,0.0630066028969911,6,4756,0.02098048780386294,0.041940435816853715,2,4766,0.24043174966425807,0.2601627538433054,146,4756,0.06289487899947895,0.08376679699141558,12,4766,0.09173936899357221,0.11230072064143566,24,4814,0.02098048780386294,0.041940435816853715,2,4766,0.2300360556446005,0.2496224040460484,137,4814,0.1568124300146091,0.1772265918970643,64,4766
49,1000000,control,lr_6e-6,/data/suehara/part/march/datasets/20250711_ilc_nnqq_sgv_10m_3cat_parquet,val5k_tail,completed,2,4,validation_working_point_mistag_percent,1.0166559859679272,1.0166559859679272,1.0166559859679272,0.16806722689075632,0.041999160016799666,3.130252158538273,0.2519949536410956,0.4985459204108135,0.041999160016799666,2.887411610579216,1.1129776976496635,0.04981349508986605,0.07074688419850257,8,4760,0.020998109827060435,0.04197564534668387,2,4762,0.24271563227588577,0.26240466731018985,149,4760,0.0629476667384676,0.08383702430298542,12,4762,0.09173936899357221,0.11230072064143566,24,4814,0.020998109827060435,0.04197564534668387,2,4762,0.2317341005962363,0.2513031923030574,139,4814,0.1420923617901018,0.16262018973868653,53,4762
49,1000000,control,lr_9e-6,/data/suehara/part/march/datasets/20250711_ilc_nnqq_sgv_10m_3cat_parquet,val5k_tail,completed,4,4,validation_working_point_mistag_percent,1.0616738701110058,1.0616738701110058,1.0616738701110058,0.14665829181938722,0.041911148365465216,3.1636286969835683,0.2305113189583601,0.4591943373131904,0.041911148365465216,3.026508153979421,1.3830678651031882,0.04591834830099592,0.06680370301980901,7,4773,0.02095411015713718,0.04188773213561382,2,4772,0.24369995879249018,0.2633213962683907,151,4773,0.059765871807038747,0.08062046585019396,11,4772,0.08787274491734096,0.1085492080547831,22,4791,0.02095411015713718,0.04188773213561382,2,4772,0.23787096204622785,0.25747592530336383,145,4791,0.1591655582921238,0.179537203841648,66,4772
49,1000000,monitor,lr_14e-6,/data/suehara/part/march/datasets/20250711_ilc_nnqq_sgv_10m_3cat_parquet,val50k_tail,completed,2,4,validation_working_point_mistag_percent,1.0207499919191174,1.0207499919191174,1.0207499919191174,0.18199999600097666,0.07000000085449219,3.247999984140625,0.2040000012451172,0.5419999961956787,0.064,2.7459999298164384,1.11000002709961,0.018090905588142768,0.020083585734539902,91,50000,0.010871397397403768,0.01286855745420266,35,50000,0.07834775417622647,0.08021779677537533,1624,50000,0.019206856011727752,0.021198656175724483,102,50000,0.031860236585205204,0.03383851701959659,271,50000,0.0103552826863133,0.012352682738312273,32,50000,0.07214376156805119,0.07403388376560766,1373,50000,0.04588659993469378,0.04784216082347609,555,50000
49,1000000,monitor,lr_3e-6,/data/suehara/part/march/datasets/20250711_ilc_nnqq_sgv_10m_3cat_parquet,val50k_tail,completed,4,4,validation_working_point_mistag_percent,1.0289999999691875,1.0289999999691875,1.0289999999691875,0.19399999597412118,0.07000000085449219,3.2579999151148247,0.2020000022192383,0.5359999856054691,0.064,2.78000008483887,1.1280000151464846,0.018707497323864092,0.02069969747986102,97,50000,0.010871397397403768,0.01286855745420266,35,50000,0.07846578662367362,0.08033542923082324,1629,50000,0.019107983742976033,0.02109986390537279,101,50000,0.0316789413138693,0.033657461743460786,268,50000,0.0103552826863133,0.012352682738312273,32,50000,0.07258259182414059,0.07447135404889671,1390,50000,0.04626094383618877,0.04821578473937077,564,50000
49,1000000,monitor,lr_6e-6,/data/suehara/part/march/datasets/20250711_ilc_nnqq_sgv_10m_3cat_parquet,val50k_tail,completed,1,4,validation_working_point_mistag_percent,1.0202499886239438,1.0202499886239438,1.0202499886239438,0.18199999600097666,0.07000000085449219,3.241999967103119,0.2040000012451172,0.5359999856054691,0.064,2.7539999310827654,1.11000002709961,0.018090905588142768,0.020083585734539902,91,50000,0.010871397397403768,0.01286855745420266,35,50000,0.07827683845324437,0.08014712104759333,1621,50000,0.019206856011727752,0.021198656175724483,102,50000,0.0316789413138693,0.033657461743460786,268,50000,0.0103552826863133,0.012352682738312273,32,50000,0.07224728013373455,0.07413708233769065,1377,50000,0.04588659993469378,0.04784216082347609,555,50000
49,1000000,monitor,lr_9e-6,/data/suehara/part/march/datasets/20250711_ilc_nnqq_sgv_10m_3cat_parquet,val50k_tail,completed,3,4,validation_working_point_mistag_percent,1.0214999986473847,1.0214999986473847,1.0214999986473847,0.18000000439453137,0.07000000085449219,3.254000035252991,0.2020000022192383,0.540000013183594,0.064,2.7479999626812748,1.1139999705929573,0.017986179985518026,0.019978940130315186,90,50000,0.010871397397403768,0.01286855745420266,35,50000,0.07841859766542641,0.08028840026937517,1627,50000,0.019107983742976033,0.02109986390537279,101,50000,0.031799918499033665,0.033778278931824966,270,50000,0.0103552826863133,0.012352682738312273,32,50000,0.07216965654874494,0.07405969874790114,1374,50000,0.04597005685339165,0.047925457745373774,557,50000
51,1040000,control,lr_14e-6,/data/suehara/part/march/datasets/20250711_ilc_nnqq_sgv_10m_3cat_parquet,val5k_tail,completed,4,4,validation_working_point_mistag_percent,1.08546011016315,1.08546011016315,1.08546011016315,0.1669449081803005,0.04187604690117253,3.23455768740181,0.23031825501308403,0.4614093812069035,0.04187604690117253,2.9991609250555284,1.5075376306452293,0.04948101231795033,0.07027510999865957,8,4792,0.020936561876467648,0.04185266987441565,2,4776,0.2459721038459064,0.26548616285029036,155,4792,0.05971585304741607,0.08055306541586643,11,4776,0.08829591767275641,0.10907117059958654,22,4768,0.020936561876467648,0.04185266987441565,2,4776,0.23732799575776864,0.2570389787421152,143,4768,0.16644306260121983,0.18674553792529697,72,4776
51,1040000,control,lr_3e-6,/data/suehara/part/march/datasets/20250711_ilc_nnqq_sgv_10m_3cat_parquet,val5k_tail,completed,2,4,validation_working_point_mistag_percent,0.9761681818798018,0.9761681818798018,0.9761681818798018,0.14690451018544812,0.04176237210273544,3.0430221087610163,0.22969304071023153,0.43914681311326587,0.04176237210273544,2.7603513702881046,1.106702867774878,0.045995409300632256,0.06691571794013411,7,4765,0.02087973240216612,0.041739121808386265,2,4789,0.23915091951391687,0.25885590397229863,145,4765,0.059553868718582564,0.08033479020227151,11,4789,0.08580702628709128,0.10653077840898041,21,4782,0.02087973240216612,0.041739121808386265,2,4789,0.2272230165880844,0.24697616259793526,132,4782,0.1412948973826506,0.16170963522786042,53,4789
51,1040000,control,lr_6e-6,/data/suehara/part/march/datasets/20250711_ilc_nnqq_sgv_10m_3cat_parquet,val5k_tail,completed,3,4,validation_working_point_mistag_percent,0.9964432647974235,0.9964432647974235,0.9964432647974235,0.1672940192388122,0.04189359028068706,2.864910086320848,0.20946795408146404,0.43933054112817904,0.04189359028068706,2.824267906392257,1.382488430656453,0.04958443541231393,0.07042186212390122,8,4782,0.02094533234125682,0.04187019366469945,2,4774,0.23155544228304903,0.25126486729686176,137,4782,0.056552540008477856,0.0774072131178376,10,4774,0.08584287200126177,0.10657521647148413,21,4780,0.02094533234125682,0.04187019366469945,2,4774,0.22992785527485016,0.24966252677352113,135,4780,0.1590992661399693,0.17946262175074934,66,4774
51,1040000,control,lr_9e-6,/data/suehara/part/march/datasets/20250711_ilc_nnqq_sgv_10m_3cat_parquet,val5k_tail,completed,1,4,validation_working_point_mistag_percent,0.9759614314757571,0.9759614314757571,0.9759614314757571,0.14675052035348388,0.04179728317659352,2.997903535171251,0.22988505747126436,0.39740640413968237,0.04179728317659352,2.7609287465022874,1.1912226218149005,0.045947215897046485,0.06684566463982199,7,4770,0.02089718550753811,0.041773993997644004,2,4785,0.23722984312125017,0.2569330904220502,143,4770,0.059603616373245065,0.08040182570986384,11,4785,0.08119705054820095,0.10194259366809463,19,4781,0.02089718550753811,0.041773993997644004,2,4785,0.22726995097170494,0.2470269862389539,132,4781,0.14695532783610532,0.16735180816601236,57,4785
51,1040000,monitor,lr_14e-6,/data/suehara/part/march/datasets/20250711_ilc_nnqq_sgv_10m_3cat_parquet,val50k_tail,completed,2,4,validation_working_point_mistag_percent,1.0219999810082059,1.0219999810082059,1.0219999810082059,0.18399999640625006,0.07000000085449219,3.245999923971407,0.2020000022192383,0.5480000040136719,0.064,2.7539999310827654,1.1079999895178223,0.018195055988739096,0.02018765613673616,92,50000,0.010871397397403768,0.01286855745420266,35,50000,0.07832412363742852,0.08019424623497834,1623,50000,0.019107983742976033,0.02109986390537279,101,50000,0.032040516282637585,0.034018556721828866,274,50000,0.0103552826863133,0.012352682738312273,32,50000,0.07224728013373455,0.07413708233769065,1377,50000,0.045844813236735685,0.04780045412391791,554,50000
51,1040000,monitor,lr_3e-6,/data/suehara/part/march/datasets/20250711_ilc_nnqq_sgv_10m_3cat_parquet,val50k_tail,completed,4,4,validation_working_point_mistag_percent,1.0272500127948765,1.0272500127948765,1.0272500127948765,0.1920000075000003,0.07000000085449219,3.247999984140625,0.2020000022192383,0.5340000076593019,0.064,2.78000008483887,1.1280000151464846,0.018606088111257617,0.020598368265654594,96,50000,0.010871397397403768,0.01286855745420266,35,50000,0.07834775417622647,0.08021779677537533,1624,50000,0.019107983742976033,0.02109986390537279,101,50000,0.03161828095052371,0.03359688137851511,267,50000,0.0103552826863133,0.012352682738312273,32,50000,0.07258259182414059,0.07447135404889671,1390,50000,0.04626094383618877,0.04821578473937077,564,50000
51,1040000,monitor,lr_6e-6,/data/suehara/part/march/datasets/20250711_ilc_nnqq_sgv_10m_3cat_parquet,val50k_tail,completed,1,4,validation_working_point_mistag_percent,1.0204999932400325,1.0204999932400325,1.0204999932400325,0.18199999600097666,0.07000000085449219,3.2520000444113166,0.2040000012451172,0.5379999840740971,0.064,2.7459999298164384,1.1079999895178223,0.018090905588142768,0.020083585734539902,91,50000,0.010871397397403768,0.01286855745420266,35,50000,0.07839499118307211,0.08026487378542183,1626,50000,0.019206856011727752,0.021198656175724483,102,50000,0.03173948695166986,0.03371792738286125,269,50000,0.0103552826863133,0.012352682738312273,32,50000,0.07214376156805119,0.07403388376560766,1373,50000,0.045844813236735685,0.04780045412391791,554,50000
51,1040000,monitor,lr_9e-6,/data/suehara/part/march/datasets/20250711_ilc_nnqq_sgv_10m_3cat_parquet,val50k_tail,completed,3,4,validation_working_point_mistag_percent,1.0237500009923652,1.0237500009923652,1.0237500009923652,0.18000000439453137,0.07199999859375003,3.2659999505385597,0.2020000022192383,0.5439999920312502,0.064,2.750000026226044,1.1120000339355478,0.017986179985518026,0.019978940130315186,90,50000,0.01103850796111245,0.013035588019511294,36,50000,0.07856006871344925,0.0804293913269978,1633,50000,0.019107983742976033,0.02109986390537279,101,50000,0.03192044183364133,0.033898642269632615,272,50000,0.0103552826863133,0.012352682738312273,32,50000,0.07219554129603012,0.07408550349678675,1375,50000,0.04592834777238947,0.04788382866277186,556,50000
53,1080000,control,lr_14e-6,/data/suehara/part/march/datasets/20250711_ilc_nnqq_sgv_10m_3cat_parquet,val5k_tail,completed,4,4,validation_working_point_mistag_percent,0.9872603232792733,0.9872603232792733,0.9872603232792733,0.1466275659824047,0.0416579879191835,2.974445057287319,0.1874609408699405,0.5040957781978576,0.0416579879191835,2.8565425966397617,1.1455946714185352,0.04590873382811361,0.06678972751775446,7,4774,0.020827547568628035,0.041634853696108594,2,4801,0.23619274181305022,0.2558893093900425,142,4774,0.052904642932874966,0.07365122313044425,9,4801,0.09275872612428898,0.1135465901401656,24,4761,0.020827547568628035,0.041634853696108594,2,4801,0.2317003101244039,0.25150016617517257,136,4761,0.14373147062721678,0.16407899471394016,55,4801
53,1080000,control,lr_3e-6,/data/suehara/part/march/datasets/20250711_ilc_nnqq_sgv_10m_3cat_parquet,val5k_tail,completed,2,4,validation_working_point_mistag_percent,0.9808328781747688,0.9808328781747688,0.9808328781747688,0.125,0.041884816753926704,3.02083345337047,0.23036649067429793,0.5040957781978576,0.041884816753926704,2.8145348202376717,1.0680628494099995,0.04165277129201827,0.06242969276671103,6,4800,0.02094094619055311,0.04186142993563103,2,4775,0.2374310850677304,0.25700166064226254,145,4800,0.059728349886696695,0.08056990495698713,11,4775,0.09275872612428898,0.1135465901401656,24,4761,0.02094094619055311,0.04186142993563103,2,4775,0.229963564958845,0.24978106400899042,134,4761,0.1388493549208999,0.15934011588102337,51,4775
53,1080000,control,lr_6e-6,/data/suehara/part/march/datasets/20250711_ilc_nnqq_sgv_10m_3cat_parquet,val5k_tail,completed,1,4,validation_working_point_mistag_percent,0.9782654355756465,0.9782654355756465,0.9782654355756465,0.125,0.041884816753926704,2.9791667211221333,0.2094240837696335,0.5040957781978576,0.041884816753926704,2.8775468491595264,1.0471204188481675,0.04165277129201827,0.06242969276671103,6,4800,0.02094094619055311,0.04186142993563103,2,4775,0.23576723289946006,0.2553551659689589,143,4800,0.05654070419863584,0.07739102912168042,10,4775,0.09275872612428898,0.1135465901401656,24,4761,0.02094094619055311,0.04186142993563103,2,4775,0.23256349186091785,0.2523545264119981,137,4761,0.13739884542037523,0.15789837623325312,50,4775
53,1080000,control,lr_9e-6,/data/suehara/part/march/datasets/20250711_ilc_nnqq_sgv_10m_3cat_parquet,val5k_tail,completed,3,4,validation_working_point_mistag_percent,0.9808832393958755,0.9808832393958755,0.9808832393958755,0.125,0.041884816753926704,2.9791667211221333,0.2094240837696335,0.5040957781978576,0.041884816753926704,2.8775468491595264,1.0680628494099995,0.04165277129201827,0.06242969276671103,6,4800,0.02094094619055311,0.04186142993563103,2,4775,0.23576723289946006,0.2553551659689589,143,4800,0.05654070419863584,0.07739102912168042,10,4775,0.09275872612428898,0.1135465901401656,24,4761,0.02094094619055311,0.04186142993563103,2,4775,0.23256349186091785,0.2523545264119981,137,4761,0.1388493549208999,0.15934011588102337,51,4775
53,1080000,monitor,lr_14e-6,/data/suehara/part/march/datasets/20250711_ilc_nnqq_sgv_10m_3cat_parquet,val50k_tail,completed,2,4,validation_working_point_mistag_percent,1.0217500063603215,1.0217500063603215,1.0217500063603215,0.18199999600097666,0.07199999859375003,3.2400000791015646,0.2020000022192383,0.5500000167846685,0.064,2.7539999310827654,1.11000002709961,0.018090905588142768,0.020083585734539902,91,50000,0.01103850796111245,0.013035588019511294,36,50000,0.07825318379348564,0.08012354638623556,1620,50000,0.019107983742976033,0.02109986390537279,101,50000,0.03210038670183341,0.0340783471426246,275,50000,0.0103552826863133,0.012352682738312273,32,50000,0.07224728013373455,0.07413708233769065,1377,50000,0.04588659993469378,0.04784216082347609,555,50000
53,1080000,monitor,lr_3e-6,/data/suehara/part/march/datasets/20250711_ilc_nnqq_sgv_10m_3cat_parquet,val50k_tail,completed,4,4,validation_working_point_mistag_percent,1.0254999785253913,1.0254999785253913,1.0254999785253913,0.1879999917382816,0.07000000085449219,3.2439999168408225,0.2020000022192383,0.531999999675293,0.064,2.775999901728519,1.1280000151464846,0.018401668178712582,0.020394108329909573,94,50000,0.010871397397403768,0.01286855745420266,35,50000,0.07830048506549461,0.080170687661444,1622,50000,0.019107983742976033,0.02109986390537279,101,50000,0.031557505220584404,0.0335361856469759,266,50000,0.0103552826863133,0.012352682738312273,32,50000,0.07253111667816677,0.07442003889972272,1388,50000,0.04626094383618877,0.04821578473937077,564,50000
53,1080000,monitor,lr_6e-6,/data/suehara/part/march/datasets/20250711_ilc_nnqq_sgv_10m_3cat_parquet,val50k_tail,completed,1,4,validation_working_point_mistag_percent,1.0184999934989547,1.0184999934989547,1.0184999934989547,0.18199999600097666,0.06799999900390627,3.241999967103119,0.2020000022192383,0.540000013183594,0.064,2.7419999809629823,1.1079999895178223,0.018090905588142768,0.020083585734539902,91,50000,0.010701894656100771,0.01269913471129969,34,50000,0.07827683845324437,0.08014712104759333,1621,50000,0.019107983742976033,0.02109986390537279,101,50000,0.031799918499033665,0.033778278931824966,270,50000,0.0103552826863133,0.012352682738312273,32,50000,0.07209194086296444,0.07398222305732075,1371,50000,0.045844813236735685,0.04780045412391791,554,50000
53,1080000,monitor,lr_9e-6,/data/suehara/part/march/datasets/20250711_ilc_nnqq_sgv_10m_3cat_parquet,val50k_tail,completed,3,4,validation_working_point_mistag_percent,1.0220000223577697,1.0220000223577697,1.0220000223577697,0.18199999600097666,0.07199999859375003,3.2500000929832487,0.2020000022192383,0.540000013183594,0.064,2.7560000487817393,1.11000002709961,0.018090905588142768,0.020083585734539902,91,50000,0.01103850796111245,0.013035588019511294,36,50000,0.07837137668905425,0.08024133928980354,1625,50000,0.019107983742976033,0.02109986390537279,101,50000,0.031799918499033665,0.033778278931824966,270,50000,0.0103552826863133,0.012352682738312273,32,50000,0.07227313424578302,0.07416285645133955,1378,50000,0.04588659993469378,0.04784216082347609,555,50000
53,1080000,full,lr_14e-6,/data/suehara/part/march/datasets/20250711_ilc_nnqq_sgv_10m_3cat_parquet,val1000k,completed,1,4,validation_working_point_mistag_percent,1.0386678696223675,1.0386678696223675,1.0386678696223675,0.18154553713666655,0.0587238627914652,3.3537780089732085,0.19718749065378352,0.5287164016886073,0.056209997035800936,2.7667488178909894,1.166432840808419,0.004213679385590345,0.004313616505610229,1810,996995,0.0023795966976744402,0.0024800330560302173,584,994485,0.01798398670245574,0.01807756024116078,33437,996995,0.004398683840247286,0.004498841735905935,1961,994485,0.007207586439335421,0.007306663156388723,5280,998645,0.002327069955432347,0.0024275113693926487,559,994485,0.016365715190354985,0.016460309773530524,27630,998645,0.01071771167039954,0.010815920327178312,11600,994485
53,1080000,full,lr_3e-6,/data/suehara/part/march/datasets/20250711_ilc_nnqq_sgv_10m_3cat_parquet,val1000k,completed,4,4,validation_working_point_mistag_percent,1.0461783410031145,1.0461783410031145,1.0461783410031145,0.18565790423456172,0.05852275479294361,3.3763458601014524,0.19839413846067872,0.5319207651036083,0.05641110640482971,2.7829708647121407,1.179203334214701,0.004261607622339401,0.0043615364928624965,1851,996995,0.0023754365091569786,0.002475873271961127,582,994485,0.018042459992003573,0.01813598825907911,33662,996995,0.004412247304614583,0.0045124027735830245,1973,994485,0.007229429433548706,0.0073284997332291255,5312,998645,0.00233131482285571,0.00243175583236764,561,994485,0.016412403797401096,0.016506965892626804,27792,998645,0.010775802423319825,0.010873985397627864,11727,994485
53,1080000,full,lr_6e-6,/data/suehara/part/march/datasets/20250711_ilc_nnqq_sgv_10m_3cat_parquet,val1000k,completed,3,4,validation_working_point_mistag_percent,1.0390189880635472,1.0390189880635472,1.0390189880635472,0.18184645406628938,0.05852275479294361,3.3526748025406476,0.1969863753695373,0.5291169327752803,0.05580777980342881,2.7684511220166654,1.1687456831435863,0.0042172047150830375,0.004317141231481212,1813,996995,0.0023754365091569786,0.002475873271961127,582,994485,0.017981122422821433,0.01807469817480603,33426,996995,0.004396419209130517,0.004496577509237494,1959,994485,0.0072103204840591115,0.00730939639894089,5284,998645,0.002318557350868347,0.00241899957372537,555,994485,0.01637062159685586,0.01646521277080225,27647,998645,0.01072825637906897,0.010826460384691546,11623,994485
53,1080000,full,lr_9e-6,/data/suehara/part/march/datasets/20250711_ilc_nnqq_sgv_10m_3cat_parquet,val1000k,completed,2,4,validation_working_point_mistag_percent,1.0388441790349505,1.0388441790349505,1.0388441790349505,0.18184645406628938,0.05882441644125206,3.3517720175163026,0.1969863753695373,0.5281156129657798,0.05641110640482971,2.7677501946655054,1.1690472548501074,0.0042172047150830375,0.004317141231481212,1813,996995,0.002381674117141674,0.002482110273273276,585,994485,0.017978778532651285,0.018072356095499842,33417,996995,0.004396419209130517,0.004496577509237494,1959,994485,0.007203483398902314,0.007302561319213075,5274,998645,0.00233131482285571,0.00243175583236764,561,994485,0.016368601510705766,0.016463194088452843,27640,998645,0.010729630978880203,0.010827834377830428,11626,994485
53,1080000,full_holdout,lr_14e-6,/data/suehara/part/march/datasets/20250711_ilc_nnqq_sgv_10m_3cat_parquet,val_holdout,completed,1,4,validation_working_point_mistag_percent,1.039944508342785,1.039944508342785,1.039944508342785,0.18163578411194636,0.058116948440221125,3.361588937573807,0.19659707313467517,0.5283766631597966,0.05598812166071212,2.7669304607965586,1.1703220778645622,0.00433457185473273,0.004440343777790479,1711,941995,0.0024338610189594,0.0025401784798964513,546,939485,0.01852101597993594,0.018620036381362948,31666,941995,0.004517294445204783,0.00462331710637952,1847,939485,0.00741081695306697,0.0075156690338958575,4986,943645,0.0023879312359181035,0.002494253228750023,526,939485,0.016835039673238072,0.016935147276384704,26110,943645,0.01104375791991883,0.011147707692373172,10995,939485
53,1080000,full_holdout,lr_3e-6,/data/suehara/part/march/datasets/20250711_ilc_nnqq_sgv_10m_3cat_parquet,val_holdout,completed,4,4,validation_working_point_mistag_percent,1.047150146759352,1.047150146759352,1.047150146759352,0.18535129693302657,0.05801050590656286,3.382926637269439,0.19755503934762464,0.5322976315045863,0.05620100420876368,2.782296230743448,1.1825628281613652,0.004379134292647026,0.004484898327096606,1746,941995,0.002431584737735222,0.0025379024252670146,545,939485,0.018577826373310236,0.018676801471587123,31867,941995,0.004528393459056197,0.004634414080878198,1856,939485,0.007438312437876848,0.007543156208457934,5023,943645,0.002392563113946572,0.002498884653589009,528,939485,0.01688053772430677,0.01698061276026626,26255,943645,0.011100954744874998,0.011204878458933622,11110,939485
53,1080000,full_holdout,lr_6e-6,/data/suehara/part/march/datasets/20250711_ilc_nnqq_sgv_10m_3cat_parquet,val_holdout,completed,3,4,validation_working_point_mistag_percent,1.0402760605297925,1.0402760605297925,1.0402760605297925,0.18184808891909823,0.05801050590656286,3.359465743654274,0.196490632215565,0.5291184706719358,0.05556235691014423,2.7692618108312677,1.1724508751294913,0.004337130553221146,0.004442902025501285,1713,941995,0.002431584737735222,0.0025379024252670146,545,939485,0.018515352278280356,0.01861437718748346,31646,941995,0.004516059544274723,0.004622082432044223,1846,939485,0.00741602673038199,0.007520877239001848,4993,943645,0.0023786409559350442,0.0024849638551459503,522,939485,0.016841951659556792,0.016942054321474748,26132,943645,0.011053727376292462,0.011157672616851806,11015,939485
53,1080000,full_holdout,lr_9e-6,/data/suehara/part/march/datasets/20250711_ilc_nnqq_sgv_10m_3cat_parquet,val_holdout,completed,2,4,validation_working_point_mistag_percent,1.0399984416005994,1.0399984416005994,1.0399984416005994,0.18184808891909823,0.058223389185474546,3.358298129539499,0.19680995850702157,0.527740818186701,0.05620100420876368,2.768095937231262,1.1727702070269759,0.004337130553221146,0.004442902025501285,1713,941995,0.0024361352140506837,0.0025424524483929722,547,939485,0.018512236396441006,0.018611263784920618,31635,941995,0.004519763238863025,0.004625785446848302,1849,939485,0.007406348472030998,0.007511201900467501,4980,943645,0.002392563113946572,0.002498884653589009,528,939485,0.016838496062385536,0.016938601194918176,26121,943645,0.011055221985853923,0.01115916654662926,11018,939485
55,1120000,control,lr_14e-6,/data/suehara/part/march/datasets/20250711_ilc_nnqq_sgv_10m_3cat_parquet,val5k_tail,completed,3,4,validation_working_point_mistag_percent,1.0065115605933428,1.0065115605933428,1.0065115605933428,0.14647415590289328,0.0419639110365086,2.908558336153381,0.2517834726679159,0.48006678272773395,0.0209819555182543,2.8804006963664035,1.3218631743736524,0.04586072179342854,0.06671993762699603,7,4779,0.02098048780386294,0.041940435816853715,2,4766,0.23340888165035328,0.25311241375253307,139,4779,0.06289487899947895,0.08376679699141558,12,4766,0.09004930890544366,0.1107170606617451,23,4791,0.01296727439079965,0.033936025405895826,1,4766,0.23198069782130631,0.2516466407464273,138,4791,0.15552078817390266,0.17594375305846327,63,4766
55,1120000,control,lr_3e-6,/data/suehara/part/march/datasets/20250711_ilc_nnqq_sgv_10m_3cat_parquet,val5k_tail,completed,4,4,validation_working_point_mistag_percent,1.018176026678625,1.018176026678625,1.018176026678625,0.1670843776106934,0.041736227045075125,3.1328320727125276,0.22954925459539843,0.4835996651343871,0.020868113522537562,2.8385197736148813,1.2312187291935006,0.04952232973977934,0.0703337373916437,8,4788,0.020866661693008874,0.04171300585030281,2,4792,0.24213342978272948,0.2617062708434099,150,4788,0.05951661244034767,0.08028458688276464,11,4792,0.09071082092363499,0.11152915194588302,23,4756,0.012896919277049088,0.03375197118044048,1,4792,0.23107324233767013,0.25090148712871124,135,4756,0.1494342340532787,0.16978423668301806,59,4792
55,1120000,control,lr_6e-6,/data/suehara/part/march/datasets/20250711_ilc_nnqq_sgv_10m_3cat_parquet,val5k_tail,completed,2,4,validation_working_point_mistag_percent,0.9809023614020659,0.9809023614020659,0.9809023614020659,0.16711928138709004,0.02092487968194183,3.2797158723927993,0.18832391713747645,0.4612159447171435,0.02092487968194183,2.809224282712486,0.8997698335056488,0.049532669878949366,0.07034840952749269,8,4787,0.01293200114484,0.03384374805710697,1,4779,0.24782193679632714,0.26733751077409396,157,4787,0.053148050276499846,0.07398975575050087,9,4779,0.08825895831182677,0.10902558336614915,22,4770,0.01293200114484,0.03384374805710697,1,4779,0.22953517792647404,0.24931751944034625,134,4770,0.12669433672656794,0.14723836608793867,43,4779
55,1120000,control,lr_9e-6,/data/suehara/part/march/datasets/20250711_ilc_nnqq_sgv_10m_3cat_parquet,val5k_tail,completed,1,4,validation_working_point_mistag_percent,0.9756985065452605,0.9756985065452605,0.9756985065452605,0.16711928138709004,0.02092487968194183,3.196156185212803,0.18832391713747645,0.4612159447171435,0.02092487968194183,2.8511531310380382,0.8997698335056488,0.049532669878949366,0.07034840952749269,8,4787,0.01293200114484,0.03384374805710697,1,4779,0.2446171398814631,0.26416761763562724,153,4787,0.053148050276499846,0.07398975575050087,9,4779,0.08825895831182677,0.10902558336614915,22,4770,0.01293200114484,0.03384374805710697,1,4779,0.23126877852828465,0.2510335435503629,136,4770,0.12669433672656794,0.14723836608793867,43,4779
55,1120000,monitor,lr_14e-6,/data/suehara/part/march/datasets/20250711_ilc_nnqq_sgv_10m_3cat_parquet,val50k_tail,completed,2,4,validation_working_point_mistag_percent,1.0212500009074794,1.0212500009074794,1.0212500009074794,0.18199999600097666,0.07000000085449219,3.2439999168408225,0.2020000022192383,0.5500000167846685,0.064,2.7520001142187547,1.1059999603408828,0.018090905588142768,0.020083585734539902,91,50000,0.010871397397403768,0.01286855745420266,35,50000,0.07830048506549461,0.080170687661444,1622,50000,0.019107983742976033,0.02109986390537279,101,50000,0.03210038670183341,0.0340783471426246,275,50000,0.0103552826863133,0.012352682738312273,32,50000,0.07222141582075188,0.07411129802310824,1376,50000,0.04580298757447931,0.0477587084600618,553,50000
55,1120000,monitor,lr_3e-6,/data/suehara/part/march/datasets/20250711_ilc_nnqq_sgv_10m_3cat_parquet,val50k_tail,completed,4,4,validation_working_point_mistag_percent,1.0257500059013565,1.0257500059013565,1.0257500059013565,0.186000003178711,0.07000000085449219,3.245999923971407,0.2020000022192383,0.531999999675293,0.064,2.78000008483887,1.1260000324728403,0.018298640498242997,0.020291160647840055,93,50000,0.010871397397403768,0.01286855745420266,35,50000,0.07832412363742852,0.08019424623497834,1623,50000,0.019107983742976033,0.02109986390537279,101,50000,0.031557505220584404,0.0335361856469759,266,50000,0.0103552826863133,0.012352682738312273,32,50000,0.07258259182414059,0.07447135404889671,1390,50000,0.04621950319067536,0.04817442409225728,563,50000
55,1120000,monitor,lr_6e-6,/data/suehara/part/march/datasets/20250711_ilc_nnqq_sgv_10m_3cat_parquet,val50k_tail,completed,1,4,validation_working_point_mistag_percent,1.0179999953187187,1.0179999953187187,1.0179999953187187,0.18199999600097666,0.06799999900390627,3.2359999064297513,0.2020000022192383,0.5439999920312502,0.064,2.740000077346804,1.1079999895178223,0.018090905588142768,0.020083585734539902,91,50000,0.010701894656100771,0.01269913471129969,34,50000,0.07820585030263033,0.08007637289217939,1618,50000,0.019107983742976033,0.02109986390537279,101,50000,0.03192044183364133,0.033898642269632615,272,50000,0.0103552826863133,0.012352682738312273,32,50000,0.07206601511678366,0.07395637730954023,1370,50000,0.045844813236735685,0.04780045412391791,554,50000
55,1120000,monitor,lr_9e-6,/data/suehara/part/march/datasets/20250711_ilc_nnqq_sgv_10m_3cat_parquet,val50k_tail,completed,3,4,validation_working_point_mistag_percent,1.0232499898117928,1.0232499898117928,1.0232499898117928,0.18199999600097666,0.07199999859375003,3.2579999151148247,0.2020000022192383,0.5500000167846685,0.064,2.7479999626812748,1.11000002709961,0.018090905588142768,0.020083585734539902,91,50000,0.01103850796111245,0.013035588019511294,36,50000,0.07846578662367362,0.08033542923082324,1629,50000,0.019107983742976033,0.02109986390537279,101,50000,0.03210038670183341,0.0340783471426246,275,50000,0.0103552826863133,0.012352682738312273,32,50000,0.07216965654874494,0.07405969874790114,1374,50000,0.04588659993469378,0.04784216082347609,555,50000
57,1160000,control,lr_14e-6,/data/suehara/part/march/datasets/20250711_ilc_nnqq_sgv_10m_3cat_parquet,val5k_tail,completed,2,4,validation_working_point_mistag_percent,1.0074963385603064,1.0074963385603064,1.0074963385603064,0.16813787305590586,0.04179728317659352,3.2576713609772616,0.22988505747126436,0.41727520361713216,0.04179728317659352,2.774880044424502,1.128526602583199,0.049834423682576554,0.07077658049154655,8,4758,0.02089718550753811,0.041773993997644004,2,4785,0.24770356249033365,0.2673473232424006,155,4758,0.059603616373245065,0.08040182570986384,11,4785,0.08333104706495387,0.10401637239119912,20,4793,0.02089718550753811,0.041773993997644004,2,4785,0.22757958873133832,0.24728134925141204,133,4793,0.1428177872496125,0.16324046729734848,54,4785
57,1160000,control,lr_3e-6,/data/suehara/part/march/datasets/20250711_ilc_nnqq_sgv_10m_3cat_parquet,val5k_tail,completed,3,4,validation_working_point_mistag_percent,1.032447859671647,1.032447859671647,1.032447859671647,0.1668752607425949,0.041981528127623846,3.295786407533851,0.20990764332740255,0.481372947098923,0.041981528127623846,2.9091670991028264,1.1125104633123295,0.049460379450174646,0.07024583293891602,8,4794,0.020989295116723355,0.04195803319515878,2,4764,0.24825858076019808,0.2677389618239448,158,4794,0.056671171216586935,0.07756942614181753,10,4764,0.09029388403718622,0.11101731029397764,23,4778,0.020989295116723355,0.04195803319515878,2,4764,0.23345708821311886,0.2531644884995857,139,4778,0.14203298179154106,0.1625523897682956,53,4764
57,1160000,control,lr_6e-6,/data/suehara/part/march/datasets/20250711_ilc_nnqq_sgv_10m_3cat_parquet,val5k_tail,completed,4,4,validation_working_point_mistag_percent,1.07420891908557,1.07420891908557,1.07420891908557,0.16732901066722444,0.04200798151648813,3.4302447077303118,0.21003990488976718,0.4589069728847432,0.04200798151648813,2.9828953237508307,1.260239469728706,0.04959480150546654,0.07043657105349366,8,4781,0.02100251995919585,0.04198445696821873,2,4761,0.25363697808820224,0.27311408192815384,164,4781,0.05670685769336718,0.0776182227048824,10,4761,0.08781784732560376,0.10848149405467897,22,4794,0.02100251995919585,0.04198445696821873,2,4761,0.2360583108075045,0.25566919911375086,143,4794,0.1517393628652549,0.1722096528923467,60,4761
57,1160000,control,lr_9e-6,/data/suehara/part/march/datasets/20250711_ilc_nnqq_sgv_10m_3cat_parquet,val5k_tail,completed,1,4,validation_working_point_mistag_percent,1.0031528942361143,1.0031528942361143,1.0031528942361143,0.16842105263157894,0.04161464835622139,3.094737008624733,0.24968789013732834,0.481171563477187,0.04161464835622139,2.845188157364485,1.1027881849411594,0.049918314207726626,0.07089561538531806,8,4750,0.02080588079537736,0.04159156223978917,2,4806,0.2415636442197378,0.26130907177515583,147,4750,0.0623718305493114,0.08307094105892768,12,4806,0.09025617065754002,0.11097101209317384,23,4780,0.02080588079537736,0.04159156223978917,2,4806,0.23079117979630873,0.25051709977768555,136,4780,0.14079736608073376,0.16114153575768844,53,4806
57,1160000,monitor,lr_14e-6,/data/suehara/part/march/datasets/20250711_ilc_nnqq_sgv_10m_3cat_parquet,val50k_tail,completed,3,4,validation_working_point_mistag_percent,1.0229999885022738,1.0229999885022738,1.0229999885022738,0.18199999600097666,0.07199999859375003,3.2599999975128173,0.2020000022192383,0.5439999920312502,0.062000001059570334,2.7539999310827654,1.1079999895178223,0.018090905588142768,0.020083585734539902,91,50000,0.01103850796111245,0.013035588019511294,36,50000,0.07848936911380722,0.08035893172255587,1630,50000,0.019107983742976033,0.02109986390537279,101,50000,0.03192044183364133,0.033898642269632615,272,50000,0.010177937621807402,0.012175417672206403,31,50000,0.07224728013373455,0.07413708233769065,1377,50000,0.045844813236735685,0.04780045412391791,554,50000
57,1160000,monitor,lr_3e-6,/data/suehara/part/march/datasets/20250711_ilc_nnqq_sgv_10m_3cat_parquet,val50k_tail,completed,4,4,validation_working_point_mistag_percent,1.0257499842871098,1.0257499842871098,1.0257499842871098,0.186000003178711,0.07000000085449219,3.247999984140625,0.2020000022192383,0.5359999856054691,0.064,2.775999901728519,1.1239999965698242,0.018298640498242997,0.020291160647840055,93,50000,0.010871397397403768,0.01286855745420266,35,50000,0.07834775417622647,0.08021779677537533,1624,50000,0.019107983742976033,0.02109986390537279,101,50000,0.0316789413138693,0.033657461743460786,268,50000,0.0103552826863133,0.012352682738312273,32,50000,0.07253111667816677,0.07442003889972272,1388,50000,0.04617802450063591,0.0481330254006181,562,50000
57,1160000,monitor,lr_6e-6,/data/suehara/part/march/datasets/20250711_ilc_nnqq_sgv_10m_3cat_parquet,val50k_tail,completed,1,4,validation_working_point_mistag_percent,1.01899997555584,1.01899997555584,1.01899997555584,0.18199999600097666,0.06799999900390627,3.2439999168408225,0.2020000022192383,0.5419999961956787,0.064,2.7439999338452163,1.1059999603408828,0.018090905588142768,0.020083585734539902,91,50000,0.010701894656100771,0.01269913471129969,34,50000,0.07830048506549461,0.080170687661444,1622,50000,0.019107983742976033,0.02109986390537279,101,50000,0.031860236585205204,0.03383851701959659,271,50000,0.0103552826863133,0.012352682738312273,32,50000,0.07211785634308569,0.07400805853904242,1372,50000,0.04580298757447931,0.0477587084600618,553,50000
57,1160000,monitor,lr_9e-6,/data/suehara/part/march/datasets/20250711_ilc_nnqq_sgv_10m_3cat_parquet,val50k_tail,completed,2,4,validation_working_point_mistag_percent,1.0225000236022574,1.0225000236022574,1.0225000236022574,0.18199999600097666,0.07000000085449219,3.2520000444113166,0.2020000022192383,0.5480000040136719,0.064,2.7520001142187547,1.11000002709961,0.018090905588142768,0.020083585734539902,91,50000,0.010871397397403768,0.01286855745420266,35,50000,0.07839499118307211,0.08026487378542183,1626,50000,0.019107983742976033,0.02109986390537279,101,50000,0.032040516282637585,0.034018556721828866,274,50000,0.0103552826863133,0.012352682738312273,32,50000,0.07222141582075188,0.07411129802310824,1376,50000,0.04588659993469378,0.04784216082347609,555,50000
59,1200000,control,lr_14e-6,/data/suehara/part/march/datasets/20250711_ilc_nnqq_sgv_10m_3cat_parquet,val5k_tail,completed,3,4,validation_working_point_mistag_percent,0.9729059127930261,0.9729059127930261,0.9729059127930261,0.10510825881215094,0.041858518208455424,2.922009594977796,0.2302218442647023,0.49989584231984135,0.020929259104227712,2.7702562252405656,1.1929677594164696,0.037645897809872375,0.058618950243033624,5,4757,0.02092779875353912,0.041835160746337426,2,4778,0.23447404446997783,0.25426302737457696,139,4757,0.05969087505040239,0.08051940744205491,11,4778,0.09198732067919567,0.11260377388409779,24,4801,0.01293470765705301,0.03385082849442308,1,4778,0.22720511001003002,0.24687597373488426,133,4801,0.14716956084560967,0.1675951863869613,57,4778
59,1200000,control,lr_3e-6,/data/suehara/part/march/datasets/20250711_ilc_nnqq_sgv_10m_3cat_parquet,val5k_tail,completed,4,4,validation_working_point_mistag_percent,1.0151183049322916,1.0151183049322916,1.0151183049322916,0.16656256506350198,0.041858518208455424,2.8732042336534613,0.2302218442647023,0.4206098843322818,0.041858518208455424,2.965299713089516,1.3813311626379599,0.049367744085550586,0.0701143874806116,8,4803,0.02092779875353912,0.041835160746337426,2,4778,0.23140865088510965,0.251028465936173,138,4803,0.05969087505040239,0.08051940744205491,11,4778,0.0839959942213437,0.10484519107402147,20,4755,0.02092779875353912,0.041835160746337426,2,4778,0.23627621891971345,0.25605531913647367,141,4755,0.15896684735131547,0.17931364329152114,66,4778
59,1200000,control,lr_6e-6,/data/suehara/part/march/datasets/20250711_ilc_nnqq_sgv_10m_3cat_parquet,val5k_tail,completed,1,4,validation_working_point_mistag_percent,0.9638589501170014,0.9638589501170014,0.9638589501170014,0.1464435202541024,0.0416579879191835,2.9079498279261866,0.20828993694792566,0.4206098843322818,0.0416579879191835,2.965299713089516,0.9789627425476319,0.04585113143477425,0.06670599714711709,7,4780,0.020827547568628035,0.041634853696108594,2,4801,0.23336069498595263,0.25306036041544655,139,4780,0.05623470265544684,0.07697260772017156,10,4801,0.0839959942213437,0.10484519107402147,20,4755,0.020827547568628035,0.041634853696108594,2,4801,0.23627621891971345,0.25605531913647367,141,4755,0.13223871377418625,0.15265563892366568,47,4801
59,1200000,control,lr_9e-6,/data/suehara/part/march/datasets/20250711_ilc_nnqq_sgv_10m_3cat_parquet,val5k_tail,completed,2,4,validation_working_point_mistag_percent,0.970241596469092,0.970241596469092,0.970241596469092,0.10510825881215094,0.041858518208455424,2.879966215240078,0.2302218442647023,0.49989584231984135,0.020929259104227712,2.811914294022805,1.1720385397804753,0.037645897809872375,0.058618950243033624,5,4757,0.02092779875353912,0.041835160746337426,2,4778,0.23275649695046266,0.25256315253459233,137,4757,0.05969087505040239,0.08051940744205491,11,4778,0.09198732067919567,0.11260377388409779,24,4801,0.01293470765705301,0.03385082849442308,1,4778,0.22893491342272781,0.24858842688189262,135,4801,0.14580112765868405,0.16623551204460757,56,4778
59,1200000,monitor,lr_14e-6,/data/suehara/part/march/datasets/20250711_ilc_nnqq_sgv_10m_3cat_parquet,val50k_tail,completed,3,4,validation_working_point_mistag_percent,1.0212499946599773,1.0212499946599773,1.0212499946599773,0.18199999600097666,0.07000000085449219,3.2599999975128173,0.2020000022192383,0.546000018328858,0.062000001059570334,2.7419999809629823,1.1059999603408828,0.018090905588142768,0.020083585734539902,91,50000,0.010871397397403768,0.01286855745420266,35,50000,0.07848936911380722,0.08035893172255587,1630,50000,0.019107983742976033,0.02109986390537279,101,50000,0.03198053486208477,0.03395865529967597,273,50000,0.010177937621807402,0.012175417672206403,31,50000,0.07209194086296444,0.07398222305732075,1371,50000,0.04580298757447931,0.0477587084600618,553,50000
59,1200000,monitor,lr_3e-6,/data/suehara/part/march/datasets/20250711_ilc_nnqq_sgv_10m_3cat_parquet,val50k_tail,completed,4,4,validation_working_point_mistag_percent,1.0257500031141003,1.0257500031141003,1.0257500031141003,0.186000003178711,0.07000000085449219,3.2579999151148247,0.2,0.5379999840740971,0.064,2.772000075289309,1.118000046401369,0.018298640498242997,0.020291160647840055,93,50000,0.010871397397403768,0.01286855745420266,35,50000,0.07846578662367362,0.08033542923082324,1629,50000,0.01900861920277211,0.02100057936356898,100,50000,0.03173948695166986,0.03371792738286125,269,50000,0.0103552826863133,0.012352682738312273,32,50000,0.0724796011987619,0.07436868341711769,1386,50000,0.046053359157277075,0.04800860005245936,559,50000
59,1200000,monitor,lr_6e-6,/data/suehara/part/march/datasets/20250711_ilc_nnqq_sgv_10m_3cat_parquet,val50k_tail,completed,1,4,validation_working_point_mistag_percent,1.0200000121137816,1.0200000121137816,1.0200000121137816,0.18000000439453137,0.06600000112792971,3.241999967103119,0.2020000022192383,0.546000018328858,0.064,2.7520001142187547,1.1079999895178223,0.017986179985518026,0.019978940130315186,90,50000,0.010529894247015226,0.01252721430061417,33,50000,0.07827683845324437,0.08014712104759333,1621,50000,0.019107983742976033,0.02109986390537279,101,50000,0.03198053486208477,0.03395865529967597,273,50000,0.0103552826863133,0.012352682738312273,32,50000,0.07222141582075188,0.07411129802310824,1376,50000,0.045844813236735685,0.04780045412391791,554,50000
59,1200000,monitor,lr_9e-6,/data/suehara/part/march/datasets/20250711_ilc_nnqq_sgv_10m_3cat_parquet,val50k_tail,completed,2,4,validation_working_point_mistag_percent,1.0202500047325809,1.0202500047325809,1.0202500047325809,0.18199999600097666,0.07000000085449219,3.2380000571897134,0.2020000022192383,0.5500000167846685,0.062000001059570334,2.7459999298164384,1.1120000339355478,0.018090905588142768,0.020083585734539902,91,50000,0.010871397397403768,0.01286855745420266,35,50000,0.07822952107901862,0.08009996367016811,1619,50000,0.019107983742976033,0.02109986390537279,101,50000,0.03210038670183341,0.0340783471426246,275,50000,0.010177937621807402,0.012175417672206403,31,50000,0.07214376156805119,0.07403388376560766,1373,50000,0.04592834777238947,0.04788382866277186,556,50000
59,1200000,full,lr_14e-6,/data/suehara/part/march/datasets/20250711_ilc_nnqq_sgv_10m_3cat_parquet,val1000k,completed,3,4,validation_working_point_mistag_percent,1.0385187826286975,1.0385187826286975,1.0385187826286975,0.18224765057483538,0.05892497172255919,3.359595552595951,0.19678526810521454,0.5260127326287618,0.05560667239341178,2.762242842898176,1.1667345701106695,0.0042219005966088324,0.00432183630817806,1817,996995,0.0023837497595035023,0.002484185713410908,586,994485,0.017999080636497966,0.0180926425051825,33495,996995,0.004394153415089369,0.0044943121196446955,1957,994485,0.007189104054624099,0.007288186186335879,5253,998645,0.002314289531397105,0.0024147321587024992,553,994485,0.016352719709273114,0.016447323316879855,27585,998645,0.01071908768083777,0.010817295730944192,11603,994485
59,1200000,full,lr_3e-6,/data/suehara/part/march/datasets/20250711_ilc_nnqq_sgv_10m_3cat_parquet,val1000k,completed,4,4,validation_working_point_mistag_percent,1.044459604500903,1.044459604500903,1.044459604500903,0.18425368709801343,0.05882441644125206,3.370929628256328,0.1977908127954141,0.5307191270084985,0.05610944300281958,2.7820697523248565,1.1749799690800407,0.004245302446424662,0.004345234133849114,1837,996995,0.002381674117141674,0.002482110273273276,585,994485,0.018028446218137928,0.018121985350404157,33608,996995,0.004405470773777699,0.004505627456091255,1967,994485,0.007221246164147363,0.0073203188703427,5300,998645,0.002324944670681274,0.0024253862868657506,558,994485,0.016409813878448185,0.016504377778559995,27783,998645,0.010756627533867365,0.01085481900159075,11685,994485
59,1200000,full,lr_6e-6,/data/suehara/part/march/datasets/20250711_ilc_nnqq_sgv_10m_3cat_parquet,val1000k,completed,1,4,validation_working_point_mistag_percent,1.0373644287468395,1.0373644287468395,1.0373644287468395,0.18174613844920315,0.05862330831824098,3.344349804415166,0.196684714906202,0.5284159856801331,0.05610944300281958,2.7654470605995423,1.1675389746034084,0.0042160299312572844,0.004315966648862695,1812,996995,0.0023775174965399992,0.0024779540571199512,583,994485,0.01795949326711399,0.018053085719298145,33343,996995,0.0043930200814162575,0.0044931789881957375,1956,994485,0.007205535215316222,0.007304612533998341,5277,998645,0.002324944670681274,0.0024253862868657506,558,994485,0.016361962123948373,0.01645655931418223,27617,998645,0.010722756141519005,0.010820962573832027,11611,994485
59,1200000,full,lr_9e-6,/data/suehara/part/march/datasets/20250711_ilc_nnqq_sgv_10m_3cat_parquet,val1000k,completed,2,4,validation_working_point_mistag_percent,1.0374907392784973,1.0374907392784973,1.0374907392784973,0.18194675925103324,0.05862330831824098,3.3493648263030624,0.19688582953176886,0.5259126071530085,0.056008888129219725,2.7636447209382373,1.1675389746034084,0.0042183791732625315,0.004318315488453469,1814,996995,0.0023775174965399992,0.0024779540571199512,583,994485,0.017972526447707082,0.01806610883953036,33393,996995,0.004395286457586586,0.004495444959917759,1958,994485,0.0071884185963421235,0.007287500928596785,5252,998645,0.0023228174784301102,0.0024232592968387616,557,994485,0.016356763983123995,0.016451364783130057,27599,998645,0.010722756141519005,0.010820962573832027,11611,994485
59,1200000,full_holdout,lr_14e-6,/data/suehara/part/march/datasets/20250711_ilc_nnqq_sgv_10m_3cat_parquet,val_holdout,completed,3,4,validation_working_point_mistag_percent,1.0392824026169838,1.0392824026169838,1.0392824026169838,0.18227273091365095,0.0583298301257623,3.3636060529870857,0.196490632215565,0.525409433895707,0.05556235691014423,2.7625854640101117,1.1700027198778438,0.004342243449555259,0.00444801402028018,1717,941995,0.002438407328721182,0.002544724336468729,548,939485,0.01852639465968961,0.018625410778729673,31685,941995,0.004516059544274723,0.004622082432044223,1846,939485,0.007389940602100121,0.007494798971765127,4958,943645,0.0023786409559350442,0.0024849638551459503,522,939485,0.01682214978279764,0.016922266594597557,26069,943645,0.011042261691623402,0.011146212143862098,10992,939485
59,1200000,full_holdout,lr_3e-6,/data/suehara/part/march/datasets/20250711_ilc_nnqq_sgv_10m_3cat_parquet,val_holdout,completed,4,4,validation_working_point_mistag_percent,1.0452647451696124,1.0452647451696124,1.0452647451696124,0.18407741587845228,0.0583298301257623,3.3763449903727207,0.1974486058476193,0.5311319539052414,0.055775239402210894,2.7811305705707743,1.1778793552541182,0.004363906757000324,0.004469673496115562,1734,941995,0.002438407328721182,0.002544724336468729,548,939485,0.01856032402155136,0.018659313093934843,31805,941995,0.004527161573778405,0.004633182422195212,1855,939485,0.007430148882501576,0.007534995123696826,5012,943645,0.00238329053342017,0.002489612979441594,524,939485,0.016877090949908927,0.016977168456482408,26244,943645,0.011079107131812226,0.011183040816039637,11066,939485
59,1200000,full_holdout,lr_6e-6,/data/suehara/part/march/datasets/20250711_ilc_nnqq_sgv_10m_3cat_parquet,val_holdout,completed,2,4,validation_working_point_mistag_percent,1.0386448554752308,1.0386448554752308,1.0386448554752308,0.18184808891909823,0.0583298301257623,3.3524593502602196,0.1967035113569745,0.5279527948847483,0.05598812166071212,2.765022940775471,1.170854205818861,0.004337130553221146,0.004442902025501285,1713,941995,0.002438407328721182,0.002544724336468729,548,939485,0.01849664797037298,0.0185956877552379,31580,941995,0.004518529009976766,0.004624551444556806,1848,939485,0.007407838269388612,0.007512691248622635,4982,943645,0.0023879312359181035,0.002494253228750023,526,939485,0.01682938205413813,0.01692949370010778,26092,943645,0.011046251163956099,0.011150199803436518,11000,939485
59,1200000,full_holdout,lr_9e-6,/data/suehara/part/march/datasets/20250711_ilc_nnqq_sgv_10m_3cat_parquet,val_holdout,completed,1,4,validation_working_point_mistag_percent,1.0381681550358501,1.0381681550358501,1.0381681550358501,0.1821665770139669,0.05801050590656286,3.3526718010251493,0.19659707313467517,0.5250915160415074,0.0558816798202127,2.7634332124099386,1.1714928749347877,0.004340965787233636,0.0044467365833473615,1716,941995,0.002431584737735222,0.0025379024252670146,545,939485,0.01849721508579011,0.018596254419876723,31582,941995,0.004517294445204783,0.00462331710637952,1847,939485,0.007387700302594145,0.007492559346063046,4955,943645,0.002385611990873902,0.0024919342103005846,525,939485,0.01682466574906838,0.01692478076405768,26077,943645,0.011049242282137363,0.011153189562049422,11006,939485
61,1240000,control,lr_14e-6,/data/suehara/part/march/datasets/20250711_ilc_nnqq_sgv_10m_3cat_parquet,val5k_tail,completed,1,4,validation_working_point_mistag_percent,0.9814636754945917,0.9814636754945917,0.9814636754945917,0.1270378963566471,0.02082899395959175,2.8583528619511,0.20828993694792566,0.457190342942288,0.02082899395959175,2.8886117442853987,1.2705686335541906,0.042331614291375906,0.0634463315226883,6,4723,0.012872743121947704,0.033688724382272744,1,4801,0.23266690557998437,0.2526252659771463,135,4723,0.05623470265544684,0.07697260772017156,10,4801,0.08748989684984038,0.10807697752408113,22,4812,0.012872743121947704,0.033688724382272744,1,4801,0.23182915484328998,0.25140587962873656,139,4812,0.1517965439236428,0.17209201721329925,61,4801
61,1240000,control,lr_3e-6,/data/suehara/part/march/datasets/20250711_ilc_nnqq_sgv_10m_3cat_parquet,val5k_tail,completed,3,4,validation_working_point_mistag_percent,1.0363111006766244,1.0363111006766244,1.0363111006766244,0.16635475150758994,0.042283298097251586,3.015179993055093,0.23255813953488372,0.479466336175141,0.042283298097251586,3.022722421941581,1.2896405670042028,0.04930617971161267,0.07002703012678627,8,4809,0.021140158905832627,0.042259464212069234,2,4730,0.23699283143072092,0.256529139176636,145,4809,0.06029617264976823,0.08133504048340387,11,4730,0.08993687438811361,0.11057903098122537,23,4797,0.021140158905832627,0.042259464212069234,2,4730,0.23757752991123982,0.2571595546986858,145,4797,0.1540628347671878,0.17465482775304003,61,4730
61,1240000,control,lr_6e-6,/data/suehara/part/march/datasets/20250711_ilc_nnqq_sgv_10m_3cat_parquet,val5k_tail,completed,4,4,validation_working_point_mistag_percent,1.0636970814759519,1.0636970814759519,1.0636970814759519,0.12484394506866417,0.020785699438786116,3.4540158382405792,0.22864268802525786,0.5297732724630828,0.020785699438786116,2.9667303257932636,1.163999183339196,0.04160078766306563,0.06235184073355923,6,4806,0.012845986812257284,0.033618727585557874,1,4811,0.25388067906650935,0.2732465971802753,166,4806,0.059281734225469514,0.0799680838955332,11,4811,0.09569999182132286,0.11666195230562544,25,4719,0.012845986812257284,0.033618727585557874,1,4811,0.23719726886540504,0.2571266204588557,140,4719,0.1448058477389786,0.16510343744447625,56,4811
61,1240000,control,lr_9e-6,/data/suehara/part/march/datasets/20250711_ilc_nnqq_sgv_10m_3cat_parquet,val5k_tail,completed,2,4,validation_working_point_mistag_percent,0.984158419441876,0.984158419441876,0.984158419441876,0.1267427122940431,0.02082899395959175,2.8517111093415557,0.20828993694792566,0.47906684888984796,0.02082899395959175,2.999375053919048,1.1664237062234033,0.04223328514590816,0.06329907491896238,6,4734,0.012872743121947704,0.033688724382272744,1,4801,0.23213324831066126,0.2520480482994185,135,4734,0.05623470265544684,0.07697260772017156,10,4801,0.08986207389527628,0.11048720223302277,23,4801,0.012872743121947704,0.033688724382272744,1,4801,0.23655212289109273,0.2561275601546571,144,4801,0.14510600987316086,0.16544485882703988,56,4801
61,1240000,monitor,lr_14e-6,/data/suehara/part/march/datasets/20250711_ilc_nnqq_sgv_10m_3cat_parquet,val50k_tail,completed,1,4,validation_working_point_mistag_percent,1.0192500057119376,1.0192500057119376,1.0192500057119376,0.18000000439453137,0.06799999900390627,3.247999984140625,0.2020000022192383,0.5500000167846685,0.060000001464843786,2.740000077346804,1.1059999603408828,0.017986179985518026,0.019978940130315186,90,50000,0.010701894656100771,0.01269913471129969,34,50000,0.07834775417622647,0.08021779677537533,1624,50000,0.019107983742976033,0.02109986390537279,101,50000,0.03210038670183341,0.0340783471426246,275,50000,0.009997726831193746,0.011995286879992793,30,50000,0.07206601511678366,0.07395637730954023,1370,50000,0.04580298757447931,0.0477587084600618,553,50000
61,1240000,monitor,lr_3e-6,/data/suehara/part/march/datasets/20250711_ilc_nnqq_sgv_10m_3cat_parquet,val50k_tail,completed,4,4,validation_working_point_mistag_percent,1.024500008637992,1.024500008637992,1.024500008637992,0.186000003178711,0.07000000085449219,3.2579999151148247,0.2,0.5379999840740971,0.064,2.7620001194804433,1.118000046401369,0.018298640498242997,0.020291160647840055,93,50000,0.010871397397403768,0.01286855745420266,35,50000,0.07846578662367362,0.08033542923082324,1629,50000,0.01900861920277211,0.02100057936356898,100,50000,0.03173948695166986,0.03371792738286125,269,50000,0.0103552826863133,0.012352682738312273,32,50000,0.07235063548408534,0.07424011769444176,1381,50000,0.046053359157277075,0.04800860005245936,559,50000
61,1240000,monitor,lr_6e-6,/data/suehara/part/march/datasets/20250711_ilc_nnqq_sgv_10m_3cat_parquet,val50k_tail,completed,3,4,validation_working_point_mistag_percent,1.0215000106285097,1.0215000106285097,1.0215000106285097,0.18000000439453137,0.06799999900390627,3.247999984140625,0.2020000022192383,0.546000018328858,0.062000001059570334,2.7560000487817393,1.11000002709961,0.017986179985518026,0.019978940130315186,90,50000,0.010701894656100771,0.01269913471129969,34,50000,0.07834775417622647,0.08021779677537533,1624,50000,0.019107983742976033,0.02109986390537279,101,50000,0.03198053486208477,0.03395865529967597,273,50000,0.010177937621807402,0.012175417672206403,31,50000,0.07227313424578302,0.07416285645133955,1378,50000,0.04588659993469378,0.04784216082347609,555,50000
61,1240000,monitor,lr_9e-6,/data/suehara/part/march/datasets/20250711_ilc_nnqq_sgv_10m_3cat_parquet,val50k_tail,completed,2,4,validation_working_point_mistag_percent,1.0204999918753819,1.0204999918753819,1.0204999918753819,0.18199999600097666,0.07000000085449219,3.241999967103119,0.2020000022192383,0.5480000040136719,0.062000001059570334,2.7459999298164384,1.1120000339355478,0.018090905588142768,0.020083585734539902,91,50000,0.010871397397403768,0.01286855745420266,35,50000,0.07827683845324437,0.08014712104759333,1621,50000,0.019107983742976033,0.02109986390537279,101,50000,0.032040516282637585,0.034018556721828866,274,50000,0.010177937621807402,0.012175417672206403,31,50000,0.07214376156805119,0.07403388376560766,1373,50000,0.04592834777238947,0.04788382866277186,556,50000
63,1280000,control,lr_14e-6,/data/suehara/part/march/datasets/20250711_ilc_nnqq_sgv_10m_3cat_parquet,val5k_tail,completed,2,4,validation_working_point_mistag_percent,1.0194105349325784,1.0194105349325784,1.0194105349325784,0.16649323621227888,0.04200798151648813,3.0593130526714547,0.23104390130262561,0.4821802765340968,0.021003990758244065,2.935010341347892,1.2182314991175462,0.04934720555243737,0.0700852441557614,8,4805,0.02100251995919585,0.04198445696821873,2,4761,0.23883715884123574,0.2583713605826415,147,4805,0.05990385644913622,0.08080639996096298,11,4761,0.090445053250909,0.1112028900593344,23,4770,0.012980892314341748,0.03397165082305312,1,4761,0.2346949701256273,0.2544245821641183,140,4770,0.14905335211003873,0.1695412851365076,58,4761
63,1280000,control,lr_3e-6,/data/suehara/part/march/datasets/20250711_ilc_nnqq_sgv_10m_3cat_parquet,val5k_tail,completed,1,4,validation_working_point_mistag_percent,1.00283038911369,1.00283038911369,1.00283038911369,0.16732901066722444,0.0416579879191835,2.907341574261403,0.20828993694792566,0.4417332800758582,0.0416579879191835,2.86074878798709,1.3538845471316514,0.04959480150546654,0.07043657105349366,8,4781,0.020827547568628035,0.041634853696108594,2,4801,0.23331252820760276,0.2530083284751305,139,4781,0.05623470265544684,0.07697260772017156,10,4801,0.0863116065080681,0.10715630334203648,21,4754,0.020827547568628035,0.041634853696108594,2,4801,0.23203706048533812,0.25186429546196104,136,4754,0.15694770849248013,0.17720848125075875,65,4801
63,1280000,control,lr_6e-6,/data/suehara/part/march/datasets/20250711_ilc_nnqq_sgv_10m_3cat_parquet,val5k_tail,completed,4,4,validation_working_point_mistag_percent,1.0854519126628974,1.0854519126628974,1.0854519126628974,0.16782043213761275,0.041884816753926704,3.4403187817357477,0.25130890694813757,0.4589069728847432,0.020942408376963352,2.9411764705882355,1.3612565118778126,0.0497403832424323,0.07064314312828063,8,4767,0.02094094619055311,0.04186142993563103,2,4775,0.25437007377694526,0.273900141369722,164,4767,0.0627764296838784,0.08360921490141457,12,4775,0.08781784732560376,0.10848149405467897,22,4794,0.012942833995247701,0.033872087593079796,1,4775,0.23437973469873294,0.2540080239706463,141,4794,0.15779740478604978,0.17816538780761493,65,4775
63,1280000,control,lr_9e-6,/data/suehara/part/march/datasets/20250711_ilc_nnqq_sgv_10m_3cat_parquet,val5k_tail,completed,3,4,validation_working_point_mistag_percent,1.0220120023082773,1.0220120023082773,1.0220120023082773,0.16649323621227888,0.04200798151648813,3.080124791677046,0.23104390130262561,0.4821802765340968,0.021003990758244065,2.935010341347892,1.2182314991175462,0.04934720555243737,0.0700852441557614,8,4805,0.02100251995919585,0.04198445696821873,2,4761,0.2396574417945097,0.2591829828390669,148,4805,0.05990385644913622,0.08080639996096298,11,4761,0.090445053250909,0.1112028900593344,23,4770,0.012980892314341748,0.03397165082305312,1,4761,0.2346949701256273,0.2544245821641183,140,4770,0.14905335211003873,0.1695412851365076,58,4761
63,1280000,monitor,lr_14e-6,/data/suehara/part/march/datasets/20250711_ilc_nnqq_sgv_10m_3cat_parquet,val50k_tail,completed,1,4,validation_working_point_mistag_percent,1.0194999961082174,1.0194999961082174,1.0194999961082174,0.18399999640625006,0.06799999900390627,3.2380000571897134,0.2020000022192383,0.5519999892187503,0.060000001464843786,2.7439999338452163,1.1079999895178223,0.018195055988739096,0.02018765613673616,92,50000,0.010701894656100771,0.01269913471129969,34,50000,0.07822952107901862,0.08009996367016811,1619,50000,0.019107983742976033,0.02109986390537279,101,50000,0.03216014672070755,0.03413802716309865,276,50000,0.009997726831193746,0.011995286879992793,30,50000,0.07211785634308569,0.07400805853904242,1372,50000,0.045844813236735685,0.04780045412391791,554,50000
63,1280000,monitor,lr_3e-6,/data/suehara/part/march/datasets/20250711_ilc_nnqq_sgv_10m_3cat_parquet,val50k_tail,completed,4,4,validation_working_point_mistag_percent,1.0230000012161637,1.0230000012161637,1.0230000012161637,0.18399999640625006,0.07000000085449219,3.254000035252991,0.2,0.5359999856054691,0.064,2.7600000042114257,1.115999987398682,0.018195055988739096,0.02018765613673616,92,50000,0.010871397397403768,0.01286855745420266,35,50000,0.07841859766542641,0.08028840026937517,1627,50000,0.01900861920277211,0.02100057936356898,100,50000,0.0316789413138693,0.033657461743460786,268,50000,0.0103552826863133,0.012352682738312273,32,50000,0.07232481191020226,0.07421437411895826,1380,50000,0.04601172728080586,0.047967048174388065,558,50000
63,1280000,monitor,lr_6e-6,/data/suehara/part/march/datasets/20250711_ilc_nnqq_sgv_10m_3cat_parquet,val50k_tail,completed,3,4,validation_working_point_mistag_percent,1.0220000163809781,1.0220000163809781,1.0220000163809781,0.18199999600097666,0.06799999900390627,3.2560000611096203,0.2020000022192383,0.546000018328858,0.062000001059570334,2.750000026226044,1.11000002709961,0.018090905588142768,0.020083585734539902,91,50000,0.010701894656100771,0.01269913471129969,34,50000,0.07844219614325174,0.08031191874880092,1628,50000,0.019107983742976033,0.02109986390537279,101,50000,0.03198053486208477,0.03395865529967597,273,50000,0.010177937621807402,0.012175417672206403,31,50000,0.07219554129603012,0.07408550349678675,1375,50000,0.04588659993469378,0.04784216082347609,555,50000
63,1280000,monitor,lr_9e-6,/data/suehara/part/march/datasets/20250711_ilc_nnqq_sgv_10m_3cat_parquet,val50k_tail,completed,2,4,validation_working_point_mistag_percent,1.020999981176396,1.020999981176396,1.020999981176396,0.18199999600097666,0.07000000085449219,3.245999923971407,0.2020000022192383,0.5439999920312502,0.062000001059570334,2.7479999626812748,1.1139999705929573,0.018090905588142768,0.020083585734539902,91,50000,0.010871397397403768,0.01286855745420266,35,50000,0.07832412363742852,0.08019424623497834,1623,50000,0.019107983742976033,0.02109986390537279,101,50000,0.03192044183364133,0.033898642269632615,272,50000,0.010177937621807402,0.012175417672206403,31,50000,0.07216965654874494,0.07405969874790114,1374,50000,0.04597005685339165,0.047925457745373774,557,50000
65,1320000,control,lr_14e-6,/data/suehara/part/march/datasets/20250711_ilc_nnqq_sgv_10m_3cat_parquet,val5k_tail,completed,1,4,validation_working_point_mistag_percent,0.9776705139262198,0.9776705139262198,0.9776705139262198,0.16725904244198203,0.04195510803440319,3.0106626871184328,0.188797978902886,0.45967404637941106,0.020977554017201593,2.9460926320374763,0.9859450624779648,0.04957407365160625,0.07040715933620409,8,4783,0.020976086918577042,0.0419316426618512,2,4767,0.23743015809031648,0.25707452984451534,144,4783,0.053281764328474396,0.07417572490475176,9,4767,0.08796439358691616,0.1086622527683199,22,4786,0.01296455423406401,0.033928909286909135,1,4767,0.23476627176966353,0.25442530967625215,141,4786,0.13317812449048558,0.15373771130306624,47,4767
65,1320000,control,lr_3e-6,/data/suehara/part/march/datasets/20250711_ilc_nnqq_sgv_10m_3cat_parquet,val5k_tail,completed,4,4,validation_working_point_mistag_percent,1.0367050449672812,1.0367050449672812,1.0367050449672812,0.12615643074012722,0.020859407592824362,3.364171529576801,0.2294534864423716,0.4178854940439393,0.041718815185648725,2.9669871968997303,1.1264079992568072,0.04203799092893485,0.0630066028969911,6,4756,0.012891538953639552,0.03373789582221398,1,4794,0.25180180441895655,0.2714090478191031,160,4756,0.05949180080752005,0.08025115284776159,11,4794,0.08345274512094308,0.10416806348343602,20,4786,0.0208579569745134,0.041695613360254534,2,4794,0.23560851344927997,0.2552588217653248,142,4786,0.14255091167863532,0.16293614295704514,54,4794
65,1320000,control,lr_6e-6,/data/suehara/part/march/datasets/20250711_ilc_nnqq_sgv_10m_3cat_parquet,val5k_tail,completed,3,4,validation_working_point_mistag_percent,1.0131296684324245,1.0131296684324245,1.0131296684324245,0.12615643074012722,0.020859407592824362,3.2590412803731668,0.2294534864423716,0.4178854940439393,0.020859407592824362,2.9460926320374763,1.0846892086366657,0.04203799092893485,0.0630066028969911,6,4756,0.012891538953639552,0.03373789582221398,1,4794,0.24780617215096507,0.26745761582928973,155,4756,0.05949180080752005,0.08025115284776159,11,4794,0.08345274512094308,0.10416806348343602,20,4786,0.012891538953639552,0.03373789582221398,1,4794,0.23476627176966353,0.25442530967625215,141,4786,0.1397318420001497,0.16013447424422617,52,4794
65,1320000,control,lr_9e-6,/data/suehara/part/march/datasets/20250711_ilc_nnqq_sgv_10m_3cat_parquet,val5k_tail,completed,2,4,validation_working_point_mistag_percent,0.9916429201498024,0.9916429201498024,0.9916429201498024,0.1260239445494644,0.04179728317659352,3.0875865227149806,0.22988505747126436,0.459290173260518,0.020894274968658588,2.943632663964878,1.0240334410920606,0.0419938575059094,0.06294050851617843,6,4761,0.02089718550753811,0.041773993997644004,2,4785,0.24101338021355057,0.26071619976774585,147,4761,0.059603616373245065,0.08040182570986384,11,4785,0.08789105937019254,0.10857179817716751,22,4790,0.0,0.020894274968658588,0,4785,0.23457284404535608,0.25421649565552096,141,4790,0.13565050450407706,0.1561168507481947,49,4785
65,1320000,monitor,lr_14e-6,/data/suehara/part/march/datasets/20250711_ilc_nnqq_sgv_10m_3cat_parquet,val50k_tail,completed,1,4,validation_working_point_mistag_percent,1.0187499752183922,1.0187499752183922,1.0187499752183922,0.18199999600097666,0.06799999900390627,3.2439999168408225,0.2020000022192383,0.5439999920312502,0.060000001464843786,2.7439999338452163,1.1059999603408828,0.018090905588142768,0.020083585734539902,91,50000,0.010701894656100771,0.01269913471129969,34,50000,0.07830048506549461,0.080170687661444,1622,50000,0.019107983742976033,0.02109986390537279,101,50000,0.03192044183364133,0.033898642269632615,272,50000,0.009997726831193746,0.011995286879992793,30,50000,0.07211785634308569,0.07400805853904242,1372,50000,0.04580298757447931,0.0477587084600618,553,50000
65,1320000,monitor,lr_3e-6,/data/suehara/part/march/datasets/20250711_ilc_nnqq_sgv_10m_3cat_parquet,val50k_tail,completed,4,4,validation_working_point_mistag_percent,1.0209999980725102,1.0209999980725102,1.0209999980725102,0.186000003178711,0.07000000085449219,3.2439999168408225,0.2020000022192383,0.5359999856054691,0.064,2.7560000487817393,1.11000002709961,0.018298640498242997,0.020291160647840055,93,50000,0.010871397397403768,0.01286855745420266,35,50000,0.07830048506549461,0.080170687661444,1622,50000,0.019107983742976033,0.02109986390537279,101,50000,0.0316789413138693,0.033657461743460786,268,50000,0.0103552826863133,0.012352682738312273,32,50000,0.07227313424578302,0.07416285645133955,1378,50000,0.04588659993469378,0.04784216082347609,555,50000
65,1320000,monitor,lr_6e-6,/data/suehara/part/march/datasets/20250711_ilc_nnqq_sgv_10m_3cat_parquet,val50k_tail,completed,2,4,validation_working_point_mistag_percent,1.0197500052630522,1.0197500052630522,1.0197500052630522,0.18199999600097666,0.06799999900390627,3.2380000571897134,0.2,0.5439999920312502,0.062000001059570334,2.750000026226044,1.1139999705929573,0.018090905588142768,0.020083585734539902,91,50000,0.010701894656100771,0.01269913471129969,34,50000,0.07822952107901862,0.08009996367016811,1619,50000,0.01900861920277211,0.02100057936356898,100,50000,0.03192044183364133,0.033898642269632615,272,50000,0.010177937621807402,0.012175417672206403,31,50000,0.07219554129603012,0.07408550349678675,1375,50000,0.04597005685339165,0.047925457745373774,557,50000
65,1320000,monitor,lr_9e-6,/data/suehara/part/march/datasets/20250711_ilc_nnqq_sgv_10m_3cat_parquet,val50k_tail,completed,3,4,validation_working_point_mistag_percent,1.0199999970138174,1.0199999970138174,1.0199999970138174,0.18399999640625006,0.07000000085449219,3.2400000791015646,0.2020000022192383,0.5439999920312502,0.062000001059570334,2.7439999338452163,1.1139999705929573,0.018195055988739096,0.02018765613673616,92,50000,0.010871397397403768,0.01286855745420266,35,50000,0.07825318379348564,0.08012354638623556,1620,50000,0.019107983742976033,0.02109986390537279,101,50000,0.03192044183364133,0.033898642269632615,272,50000,0.010177937621807402,0.012175417672206403,31,50000,0.07211785634308569,0.07400805853904242,1372,50000,0.04597005685339165,0.047925457745373774,557,50000
65,1320000,full,lr_14e-6,/data/suehara/part/march/datasets/20250711_ilc_nnqq_sgv_10m_3cat_parquet,val1000k,completed,2,4,validation_working_point_mistag_percent,1.0355342420787248,1.0355342420787248,1.0355342420787248,0.18104403533717905,0.05842219980834495,3.3472585369815095,0.1964836101560824,0.5236094858838123,0.05530500725000577,2.759539207986225,1.1626118532266398,0.004207797303732211,0.004307735429788279,1805,996995,0.0023733537309243605,0.002473790695952684,581,994485,0.017967053830068858,0.018060640447244147,33372,996995,0.004390752539650661,0.004490911850878578,1954,994485,0.007172634721694469,0.007271721666435912,5229,998645,0.0023078732884853877,0.0024083165224633067,550,994485,0.016344916883429678,0.016439525905694724,27558,998645,0.010700266228789827,0.010798482570087593,11562,994485
65,1320000,full,lr_3e-6,/data/suehara/part/march/datasets/20250711_ilc_nnqq_sgv_10m_3cat_parquet,val1000k,completed,4,4,validation_working_point_mistag_percent,1.0417647572407305,1.0417647572407305,1.0417647572407305,0.1824482632671424,0.05882441644125206,3.3600970150081144,0.19849470407188552,0.5305188376443656,0.056008888129219725,2.7754608704527297,1.172265062911135,0.004224246588858363,0.004324181898013074,1819,996995,0.002381674117141674,0.002482110273273276,585,994485,0.01800038115905775,0.01809394202170675,33500,996995,0.004413375718375408,0.004513530985119675,1974,994485,0.007219881371228667,0.007318954478509766,5298,998645,0.0023228174784301102,0.0024232592968387616,557,994485,0.016390807167963525,0.016485384303906517,27717,998645,0.010744281961337816,0.010842478889114097,11658,994485
65,1320000,full,lr_6e-6,/data/suehara/part/march/datasets/20250711_ilc_nnqq_sgv_10m_3cat_parquet,val1000k,completed,3,4,validation_working_point_mistag_percent,1.03703870486925,1.03703870486925,1.03703870486925,0.18074313404446518,0.05882441644125206,3.3506688453649147,0.19688582953176886,0.5253118117085475,0.055103897618680224,2.7633443651783867,1.165427339065983,0.004204264123073426,0.004304202852751203,1802,996995,0.002381674117141674,0.002482110273273276,585,994485,0.017975913302766683,0.0180694930788948,33406,996995,0.004395286457586586,0.004495444959917759,1958,994485,0.007184304453908101,0.007283387989420048,5246,998645,0.0023035860558682716,0.002404029694294562,548,994485,0.016355897446997114,0.016450498848631645,27596,998645,0.010713123637482759,0.01081133431650328,11590,994485
65,1320000,full,lr_9e-6,/data/suehara/part/march/datasets/20250711_ilc_nnqq_sgv_10m_3cat_parquet,val1000k,completed,1,4,validation_working_point_mistag_percent,1.0354088715730392,1.0354088715730392,1.0354088715730392,0.18144525174144363,0.05832164515450858,3.343246395246832,0.19658415827328463,0.5244105862186345,0.05530500725000577,2.760240051089038,1.1637178776105677,0.004212503623209855,0.0043124409444369755,1809,996995,0.0023712691572213077,0.002471706324473806,580,994485,0.017956624514128827,0.01805021917959254,33332,996995,0.004391886456344362,0.004492045565348147,1955,994485,0.007178128756790258,0.00727721409718848,5237,998645,0.0023078732884853877,0.0024083165224633067,550,994485,0.016346940237503896,0.016441547855968255,27565,998645,0.010705319274444125,0.010803533391275794,11573,994485
65,1320000,full_holdout,lr_14e-6,/data/suehara/part/march/datasets/20250711_ilc_nnqq_sgv_10m_3cat_parquet,val_holdout,completed,1,4,validation_working_point_mistag_percent,1.0364290082540542,1.0364290082540542,1.0364290082540542,0.18142347221537836,0.05801050590656286,3.3512916734955405,0.19617130697696472,0.5227601602452608,0.055349473957032,2.760148212243251,1.1662772609924426,0.004332011652529279,0.004437784026364638,1709,941995,0.002431584737735222,0.0025379024252670146,545,939485,0.018493528479663485,0.01859257074380491,31569,941995,0.00451235282180845,0.004618376389362152,1843,939485,0.007371250347199161,0.007476114331896391,4933,943645,0.002373982452460869,0.0024803058048612574,520,939485,0.016814914038942863,0.01691503601657235,26046,943645,0.011024790044135424,0.011128748427189847,10957,939485
65,1320000,full_holdout,lr_3e-6,/data/suehara/part/march/datasets/20250711_ilc_nnqq_sgv_10m_3cat_parquet,val_holdout,completed,4,4,validation_working_point_mistag_percent,1.0428635085310636,1.0428635085310636,1.0428635085310636,0.18237888679418346,0.0583298301257623,3.366896898415255,0.19808724422849044,0.5306020798539289,0.05566879891576316,2.775725951275709,1.1752183786394161,0.004343520737913132,0.004449291083249247,1718,941995,0.002438407328721182,0.002544724336468729,548,939485,0.01853516656223561,0.01863417569422307,31716,941995,0.004534547885003625,0.004640567373852007,1861,939485,0.007426435166990857,0.007531282531192483,5007,943645,0.002380966857227205,0.00248728952984337,523,939485,0.016861100165346463,0.016961189126585632,26193,943645,0.011066673663184985,0.01117061301228097,11041,939485
65,1320000,full_holdout,lr_6e-6,/data/suehara/part/march/datasets/20250711_ilc_nnqq_sgv_10m_3cat_parquet,val_holdout,completed,3,4,validation_working_point_mistag_percent,1.037915164289619,1.037915164289619,1.037915164289619,0.18110499248011924,0.0583298301257623,3.354794785263904,0.19659707313467517,0.5247736045026626,0.054923707202736,2.7634332124099386,1.1693641091971534,0.004328168523991672,0.004433941573993446,1706,941995,0.002438407328721182,0.002544724336468729,548,939485,0.018502885145386255,0.018601919971696773,31602,941995,0.004517294445204783,0.00462331710637952,1847,939485,0.007385459314110474,0.00749031903138327,4952,943645,0.0023646384610785274,0.0024709627198579026,516,939485,0.01682466574906838,0.01692478076405768,26077,943645,0.011039268600419351,0.011143220412226408,10986,939485
65,1320000,full_holdout,lr_9e-6,/data/suehara/part/march/datasets/20250711_ilc_nnqq_sgv_10m_3cat_parquet,val_holdout,completed,2,4,validation_working_point_mistag_percent,1.0365490484292847,1.0365490484292847,1.0365490484292847,0.18152962642390624,0.057904063738576726,3.3501239535894656,0.196490632215565,0.5237138838919223,0.055349473957032,2.7593004447506777,1.1679803088671317,0.0043332919417599005,0.004439064090206455,1710,941995,0.0024293063646398366,0.0025356242787663704,544,939485,0.018490408386413748,0.01858945312983168,31558,941995,0.004516059544274723,0.004622082432044223,1846,939485,0.007377984368545434,0.007482846331831154,4942,943645,0.002373982452460869,0.0024803058048612574,520,939485,0.016812396443679004,0.016912520218118413,26038,943645,0.011032780663834674,0.011136735421373237,10973,939485
67,1360000,control,lr_14e-6,/data/suehara/part/march/datasets/20250711_ilc_nnqq_sgv_10m_3cat_parquet,val5k_tail,completed,4,4,validation_working_point_mistag_percent,1.1042971007053297,1.1042971007053297,1.1042971007053297,0.14650481747255942,0.04177982034677251,3.537044695424674,0.18800918197186564,0.46111927105779293,0.020889910173386254,3.1020748580988666,1.3369542510967203,0.04587031616481625,0.06673388393475574,7,4778,0.02088845530916811,0.04175655062230647,2,4787,0.25765179146217954,0.2770964264114939,169,4778,0.05305927980117917,0.07386629350562336,9,4787,0.08824049023185149,0.10900280403645796,22,4771,0.012910389754171756,0.03378721101140925,1,4787,0.24134117836171962,0.26099663727342065,148,4771,0.15612837076653327,0.17645545754552372,64,4787
67,1360000,control,lr_3e-6,/data/suehara/part/march/datasets/20250711_ilc_nnqq_sgv_10m_3cat_parquet,val5k_tail,completed,3,4,validation_working_point_mistag_percent,1.0012590829649841,1.0012590829649841,1.0012590829649841,0.14610728076907506,0.04195510803440319,3.151742785932674,0.2307530882802388,0.4395144524176782,0.04195510803440319,2.9091670991028264,1.0488777411485737,0.04574590161165752,0.06655303546621015,7,4791,0.020976086918577042,0.0419316426618512,2,4767,0.24279755075699744,0.2623502457272886,151,4791,0.05982851321342246,0.08070487517055787,11,4767,0.08587874767675423,0.10661969162268914,21,4778,0.020976086918577042,0.0419316426618512,2,4767,0.23345708821311886,0.2531644884995857,139,4778,0.1376284423208687,0.15816163120473628,50,4767
67,1360000,control,lr_6e-6,/data/suehara/part/march/datasets/20250711_ilc_nnqq_sgv_10m_3cat_parquet,val5k_tail,completed,1,4,validation_working_point_mistag_percent,0.9542436148038465,0.9542436148038465,0.9542436148038465,0.166631951676734,0.04194630872483222,2.999375053919048,0.16778523489932887,0.44052863436123346,0.02097315436241611,2.706104539680721,1.0906040408064572,0.04938829972223656,0.07014355505265027,8,4801,0.02097168787917094,0.04192285319318862,2,4768,0.23655212289109273,0.2561275601546571,144,4801,0.04972995620864517,0.07062834780650663,8,4768,0.0860766011331129,0.1068649699945386,21,4767,0.012961835218308444,0.03392179615168549,1,4768,0.22527891479586815,0.24511695822362867,129,4767,0.14049039756438095,0.16100178191042983,52,4768
67,1360000,control,lr_9e-6,/data/suehara/part/march/datasets/20250711_ilc_nnqq_sgv_10m_3cat_parquet,val5k_tail,completed,2,4,validation_working_point_mistag_percent,0.9907692403602228,0.9907692403602228,0.9907692403602228,0.14610728076907506,0.04195510803440319,3.17261527997473,0.2097755348002171,0.4395144524176782,0.020977554017201593,2.867308554509806,1.0279001583586722,0.04574590161165752,0.06655303546621015,7,4791,0.020976086918577042,0.0419316426618512,2,4767,0.24360817916696323,0.26315216275611464,152,4791,0.056635529627588374,0.0775206908942948,10,4767,0.08587874767675423,0.10661969162268914,21,4778,0.01296455423406401,0.033928909286909135,1,4767,0.23174677762241963,0.25147169559803056,137,4778,0.13616057314346908,0.15670256133690758,49,4767
67,1360000,monitor,lr_14e-6,/data/suehara/part/march/datasets/20250711_ilc_nnqq_sgv_10m_3cat_parquet,val50k_tail,completed,2,4,validation_working_point_mistag_percent,1.01874998365511,1.01874998365511,1.01874998365511,0.18000000439453137,0.06799999900390627,3.2439999168408225,0.2020000022192383,0.5480000040136719,0.060000001464843786,2.7419999809629823,1.1059999603408828,0.017986179985518026,0.019978940130315186,90,50000,0.010701894656100771,0.01269913471129969,34,50000,0.07830048506549461,0.080170687661444,1622,50000,0.019107983742976033,0.02109986390537279,101,50000,0.032040516282637585,0.034018556721828866,274,50000,0.009997726831193746,0.011995286879992793,30,50000,0.07209194086296444,0.07398222305732075,1371,50000,0.04580298757447931,0.0477587084600618,553,50000
67,1360000,monitor,lr_3e-6,/data/suehara/part/march/datasets/20250711_ilc_nnqq_sgv_10m_3cat_parquet,val50k_tail,completed,3,4,validation_working_point_mistag_percent,1.020000004025746,1.020000004025746,1.020000004025746,0.186000003178711,0.07000000085449219,3.2400000791015646,0.2040000012451172,0.5379999840740971,0.064,2.7459999298164384,1.1120000339355478,0.018298640498242997,0.020291160647840055,93,50000,0.010871397397403768,0.01286855745420266,35,50000,0.07825318379348564,0.08012354638623556,1620,50000,0.019206856011727752,0.021198656175724483,102,50000,0.03173948695166986,0.03371792738286125,269,50000,0.0103552826863133,0.012352682738312273,32,50000,0.07214376156805119,0.07403388376560766,1373,50000,0.04592834777238947,0.04788382866277186,556,50000
67,1360000,monitor,lr_6e-6,/data/suehara/part/march/datasets/20250711_ilc_nnqq_sgv_10m_3cat_parquet,val50k_tail,completed,4,4,validation_working_point_mistag_percent,1.0227500003210834,1.0227500003210834,1.0227500003210834,0.18199999600097666,0.06799999900390627,3.254000035252991,0.2020000022192383,0.5480000040136719,0.062000001059570334,2.7539999310827654,1.1120000339355478,0.018090905588142768,0.020083585734539902,91,50000,0.010701894656100771,0.01269913471129969,34,50000,0.07841859766542641,0.08028840026937517,1627,50000,0.019107983742976033,0.02109986390537279,101,50000,0.032040516282637585,0.034018556721828866,274,50000,0.010177937621807402,0.012175417672206403,31,50000,0.07224728013373455,0.07413708233769065,1377,50000,0.04592834777238947,0.04788382866277186,556,50000
67,1360000,monitor,lr_9e-6,/data/suehara/part/march/datasets/20250711_ilc_nnqq_sgv_10m_3cat_parquet,val50k_tail,completed,1,4,validation_working_point_mistag_percent,1.0184999890636928,1.0184999890636928,1.0184999890636928,0.18399999640625006,0.07000000085449219,3.229999925455095,0.2020000022192383,0.546000018328858,0.060000001464843786,2.7439999338452163,1.1120000339355478,0.018195055988739096,0.02018765613673616,92,50000,0.010871397397403768,0.01286855745420266,35,50000,0.07813478952964012,0.08000555211438928,1615,50000,0.019107983742976033,0.02109986390537279,101,50000,0.03198053486208477,0.03395865529967597,273,50000,0.009997726831193746,0.011995286879992793,30,50000,0.07211785634308569,0.07400805853904242,1372,50000,0.04592834777238947,0.04788382866277186,556,50000
69,1400000,control,lr_14e-6,/data/suehara/part/march/datasets/20250711_ilc_nnqq_sgv_10m_3cat_parquet,val5k_tail,completed,2,4,validation_working_point_mistag_percent,0.994190650981129,0.994190650981129,0.994190650981129,0.12502605027338384,0.04181476061049551,3.0631380783010465,0.18816641794490205,0.42069836467761684,0.020907380305247754,2.7766091355761944,1.3171650201601457,0.041661447863497576,0.062442687010542085,6,4799,0.020905923006422064,0.04179145195265513,2,4783,0.23913160004830694,0.2586886258175637,147,4799,0.05310362794068574,0.0739279730816776,9,4783,0.08401363616634487,0.10486718049472496,20,4754,0.012921186412954123,0.03381545590279305,1,4783,0.22854454758513415,0.2484071725394041,132,4754,0.15497107674798655,0.17532343253426116,63,4783
69,1400000,control,lr_3e-6,/data/suehara/part/march/datasets/20250711_ilc_nnqq_sgv_10m_3cat_parquet,val5k_tail,completed,4,4,validation_working_point_mistag_percent,1.0073549330262581,1.0073549330262581,1.0073549330262581,0.12502605027338384,0.04181476061049551,3.0214629632660532,0.18816641794490205,0.42069836467761684,0.04181476061049551,2.8817838072912614,1.3380723395358562,0.041661447863497576,0.062442687010542085,6,4799,0.020905923006422064,0.04179145195265513,2,4783,0.23747987995791087,0.2570542704559309,145,4799,0.05310362794068574,0.0739279730816776,9,4783,0.08401363616634487,0.10486718049472496,20,4754,0.020905923006422064,0.04179145195265513,2,4783,0.2329014610679983,0.2527198485502098,137,4754,0.15625820728243714,0.17660182252510587,64,4783
69,1400000,control,lr_6e-6,/data/suehara/part/march/datasets/20250711_ilc_nnqq_sgv_10m_3cat_parquet,val5k_tail,completed,1,4,validation_working_point_mistag_percent,0.9692456329429765,0.9692456329429765,0.9692456329429765,0.1257334483127245,0.020807324178110695,2.996647199159571,0.16645859342488556,0.4623791657321273,0.020807324178110695,2.8583438236171226,1.1027881849411594,0.04189708940998368,0.06279558786165082,6,4772,0.012859351049228083,0.03365368958711945,1,4806,0.2371317716123197,0.25682728927076126,143,4772,0.04933694269305103,0.0700706815765855,8,4806,0.08848117976265409,0.10929967980429994,22,4758,0.012859351049228083,0.03365368958711945,1,4806,0.23184451198104833,0.2516560926316261,136,4758,0.14079736608073376,0.16114153575768844,53,4806
69,1400000,control,lr_9e-6,/data/suehara/part/march/datasets/20250711_ilc_nnqq_sgv_10m_3cat_parquet,val5k_tail,completed,3,4,validation_working_point_mistag_percent,0.9968200154059093,0.9968200154059093,0.9968200154059093,0.12502605027338384,0.04181476061049551,3.0631380783010465,0.18816641794490205,0.4417332800758582,0.020907380305247754,2.7766091355761944,1.3171650201601457,0.041661447863497576,0.062442687010542085,6,4799,0.020905923006422064,0.04179145195265513,2,4783,0.23913160004830694,0.2586886258175637,147,4799,0.05310362794068574,0.0739279730816776,9,4783,0.0863116065080681,0.10715630334203648,21,4754,0.012921186412954123,0.03381545590279305,1,4783,0.22854454758513415,0.2484071725394041,132,4754,0.15497107674798655,0.17532343253426116,63,4783
69,1400000,monitor,lr_14e-6,/data/suehara/part/march/datasets/20250711_ilc_nnqq_sgv_10m_3cat_parquet,val50k_tail,completed,2,4,validation_working_point_mistag_percent,1.017999995728427,1.017999995728427,1.017999995728427,0.18000000439453137,0.06799999900390627,3.2380000571897134,0.2040000012451172,0.5480000040136719,0.060000001464843786,2.7359998714160216,1.11000002709961,0.017986179985518026,0.019978940130315186,90,50000,0.010701894656100771,0.01269913471129969,34,50000,0.07822952107901862,0.08009996367016811,1619,50000,0.019206856011727752,0.021198656175724483,102,50000,0.032040516282637585,0.034018556721828866,274,50000,0.009997726831193746,0.011995286879992793,30,50000,0.07201413278253264,0.07390465497208905,1368,50000,0.04588659993469378,0.04784216082347609,555,50000
69,1400000,monitor,lr_3e-6,/data/suehara/part/march/datasets/20250711_ilc_nnqq_sgv_10m_3cat_parquet,val50k_tail,completed,4,4,validation_working_point_mistag_percent,1.0197500073214727,1.0197500073214727,1.0197500073214727,0.18399999640625006,0.07000000085449219,3.2400000791015646,0.2040000012451172,0.540000013183594,0.064,2.7439999338452163,1.1120000339355478,0.018195055988739096,0.02018765613673616,92,50000,0.010871397397403768,0.01286855745420266,35,50000,0.07825318379348564,0.08012354638623556,1620,50000,0.019206856011727752,0.021198656175724483,102,50000,0.031799918499033665,0.033778278931824966,270,50000,0.0103552826863133,0.012352682738312273,32,50000,0.07211785634308569,0.07400805853904242,1372,50000,0.04592834777238947,0.04788382866277186,556,50000
69,1400000,monitor,lr_6e-6,/data/suehara/part/march/datasets/20250711_ilc_nnqq_sgv_10m_3cat_parquet,val50k_tail,completed,3,4,validation_working_point_mistag_percent,1.0189999912210659,1.0189999912210659,1.0189999912210659,0.18199999600097666,0.06799999900390627,3.241999967103119,0.2020000022192383,0.5419999961956787,0.060000001464843786,2.7439999338452163,1.1120000339355478,0.018090905588142768,0.020083585734539902,91,50000,0.010701894656100771,0.01269913471129969,34,50000,0.07827683845324437,0.08014712104759333,1621,50000,0.019107983742976033,0.02109986390537279,101,50000,0.031860236585205204,0.03383851701959659,271,50000,0.009997726831193746,0.011995286879992793,30,50000,0.07211785634308569,0.07400805853904242,1372,50000,0.04592834777238947,0.04788382866277186,556,50000
69,1400000,monitor,lr_9e-6,/data/suehara/part/march/datasets/20250711_ilc_nnqq_sgv_10m_3cat_parquet,val50k_tail,completed,1,4,validation_working_point_mistag_percent,1.017250013820725,1.017250013820725,1.017250013820725,0.18399999640625006,0.07000000085449219,3.232000035507813,0.2020000022192383,0.546000018328858,0.060000001464843786,2.740000077346804,1.1039999784375005,0.018195055988739096,0.02018765613673616,92,50000,0.010871397397403768,0.01286855745420266,35,50000,0.07815848453518112,0.08002916712153071,1616,50000,0.019107983742976033,0.02109986390537279,101,50000,0.03198053486208477,0.03395865529967597,273,50000,0.009997726831193746,0.011995286879992793,30,50000,0.07206601511678366,0.07395637730954023,1370,50000,0.045761122843420744,0.04771692372740315,552,50000
71,1440000,control,lr_14e-6,/data/suehara/part/march/datasets/20250711_ilc_nnqq_sgv_10m_3cat_parquet,val5k_tail,completed,1,4,validation_working_point_mistag_percent,1.0087430671900484,1.0087430671900484,1.0087430671900484,0.16863406408094436,0.020764119601328904,3.014334023911236,0.20764119338176648,0.46063651002616807,0.020764119601328904,2.931323386099853,1.2458471208177622,0.04998141768712368,0.07098515464641514,8,4744,0.012832650324339506,0.033583838150953026,1,4816,0.23851219216106112,0.25831647713663725,143,4744,0.05605966526977821,0.07673326244809946,10,4816,0.08814826564288394,0.10888905001972607,22,4776,0.012832650324339506,0.033583838150953026,1,4816,0.2344040476926372,0.2541104227049545,140,4776,0.15001545137837585,0.17025798939951792,60,4816
71,1440000,control,lr_3e-6,/data/suehara/part/march/datasets/20250711_ilc_nnqq_sgv_10m_3cat_parquet,val5k_tail,completed,4,4,validation_working_point_mistag_percent,1.033725048988357,1.033725048988357,1.033725048988357,0.16884761502743773,0.041736227045075125,3.1025749061454047,0.20868112990948023,0.43695379941649704,0.041736227045075125,2.9754474283214596,1.2938230589964244,0.050044680910984,0.07107492036444363,8,4738,0.020866661693008874,0.04171300585030281,2,4792,0.2421668040675208,0.26195892268911675,147,4738,0.05634025073646405,0.07711693292497845,10,4792,0.08537920110634699,0.10600039777464718,21,4806,0.020866661693008874,0.04171300585030281,2,4792,0.23547687172735082,0.25504190299114604,143,4806,0.15338628916218117,0.1737101685536282,62,4792
71,1440000,control,lr_6e-6,/data/suehara/part/march/datasets/20250711_ilc_nnqq_sgv_10m_3cat_parquet,val5k_tail,completed,2,4,validation_working_point_mistag_percent,1.0134657929023037,1.0134657929023037,1.0134657929023037,0.16649323621227888,0.04214075010535188,3.0593130526714547,0.23177411812770254,0.45977011494252873,0.02107037505267594,2.884012621955875,1.2431520741505613,0.04934720555243737,0.0700852441557614,8,4805,0.021068894941085044,0.04211707663474193,2,4746,0.23883715884123574,0.2583713605826415,147,4805,0.06009304737027638,0.08106133297146466,11,4746,0.08798274626633769,0.1086848899709167,22,4785,0.013021918241991223,0.03407897727925573,1,4746,0.2322677828779325,0.25195687082645546,138,4785,0.1508751208100862,0.1714172939181087,59,4746
71,1440000,control,lr_9e-6,/data/suehara/part/march/datasets/20250711_ilc_nnqq_sgv_10m_3cat_parquet,val5k_tail,completed,3,4,validation_working_point_mistag_percent,1.0139775523759742,1.0139775523759742,1.0139775523759742,0.16863406408094436,0.020764119601328904,3.014334023911236,0.20764119338176648,0.4815745347477528,0.020764119601328904,2.9522612428656747,1.2458471208177622,0.04998141768712368,0.07098515464641514,8,4744,0.012832650324339506,0.033583838150953026,1,4816,0.23851219216106112,0.25831647713663725,143,4744,0.05605966526977821,0.07673326244809946,10,4816,0.09033162894675649,0.11106364714254324,23,4776,0.012832650324339506,0.033583838150953026,1,4816,0.2352512391588804,0.25494884799014234,141,4776,0.15001545137837585,0.17025798939951792,60,4816
71,1440000,monitor,lr_14e-6,/data/suehara/part/march/datasets/20250711_ilc_nnqq_sgv_10m_3cat_parquet,val50k_tail,completed,2,4,validation_working_point_mistag_percent,1.0169999970449641,1.0169999970449641,1.0169999970449641,0.1780000073876956,0.06799999900390627,3.223999948345948,0.2040000012451172,0.5480000040136719,0.060000001464843786,2.7419999809629823,1.1120000339355478,0.01788086961137308,0.019873709754570246,89,50000,0.010701894656100771,0.01269913471129969,34,50000,0.07806365593863093,0.0799346585185802,1612,50000,0.019206856011727752,0.021198656175724483,102,50000,0.032040516282637585,0.034018556721828866,274,50000,0.009997726831193746,0.011995286879992793,30,50000,0.07209194086296444,0.07398222305732075,1371,50000,0.04592834777238947,0.04788382866277186,556,50000
71,1440000,monitor,lr_3e-6,/data/suehara/part/march/datasets/20250711_ilc_nnqq_sgv_10m_3cat_parquet,val50k_tail,completed,4,4,validation_working_point_mistag_percent,1.0189999916192822,1.0189999916192822,1.0189999916192822,0.186000003178711,0.07000000085449219,3.2359999064297513,0.2040000012451172,0.540000013183594,0.064,2.7419999809629823,1.11000002709961,0.018298640498242997,0.020291160647840055,93,50000,0.010871397397403768,0.01286855745420266,35,50000,0.07820585030263033,0.08007637289217939,1618,50000,0.019206856011727752,0.021198656175724483,102,50000,0.031799918499033665,0.033778278931824966,270,50000,0.0103552826863133,0.012352682738312273,32,50000,0.07209194086296444,0.07398222305732075,1371,50000,0.04588659993469378,0.04784216082347609,555,50000
71,1440000,monitor,lr_6e-6,/data/suehara/part/march/datasets/20250711_ilc_nnqq_sgv_10m_3cat_parquet,val50k_tail,completed,3,4,validation_working_point_mistag_percent,1.0189999807926,1.0189999807926,1.0189999807926,0.18199999600097666,0.06799999900390627,3.245999923971407,0.2020000022192383,0.546000018328858,0.060000001464843786,2.7359998714160216,1.1120000339355478,0.018090905588142768,0.020083585734539902,91,50000,0.010701894656100771,0.01269913471129969,34,50000,0.07832412363742852,0.08019424623497834,1623,50000,0.019107983742976033,0.02109986390537279,101,50000,0.03198053486208477,0.03395865529967597,273,50000,0.009997726831193746,0.011995286879992793,30,50000,0.07201413278253264,0.07390465497208905,1368,50000,0.04592834777238947,0.04788382866277186,556,50000
71,1440000,monitor,lr_9e-6,/data/suehara/part/march/datasets/20250711_ilc_nnqq_sgv_10m_3cat_parquet,val50k_tail,completed,1,4,validation_working_point_mistag_percent,1.0164999995900734,1.0164999995900734,1.0164999995900734,0.18000000439453137,0.06799999900390627,3.227999904444583,0.2020000022192383,0.546000018328858,0.060000001464843786,2.740000077346804,1.1079999895178223,0.017986179985518026,0.019978940130315186,90,50000,0.010701894656100771,0.01269913471129969,34,50000,0.0781110864332149,0.07998192901636503,1614,50000,0.019107983742976033,0.02109986390537279,101,50000,0.03198053486208477,0.03395865529967597,273,50000,0.009997726831193746,0.011995286879992793,30,50000,0.07206601511678366,0.07395637730954023,1370,50000,0.045844813236735685,0.04780045412391791,554,50000
71,1440000,full,lr_14e-6,/data/suehara/part/march/datasets/20250711_ilc_nnqq_sgv_10m_3cat_parquet,val1000k,completed,1,4,validation_working_point_mistag_percent,1.0350453087855995,1.0350453087855995,1.0350453087855995,0.18194675925103324,0.05842219980834495,3.3486627205661903,0.1961819477404531,0.5225080033355171,0.054902788152846896,2.756835641826324,1.1609024096040867,0.0042183791732625315,0.004318315488453469,1814,996995,0.0023733537309243605,0.002473790695952684,581,994485,0.017970702453821985,0.018064286254095008,33386,996995,0.004387349037602607,0.00448750895550307,1951,994485,0.007165073448662032,0.007264162599375339,5218,998645,0.002299290983640175,0.002399735026514837,546,994485,0.016337109897442137,0.01643172433436549,27531,998645,0.010692452077671472,0.010790671856780384,11545,994485
71,1440000,full,lr_3e-6,/data/suehara/part/march/datasets/20250711_ilc_nnqq_sgv_10m_3cat_parquet,val1000k,completed,4,4,validation_working_point_mistag_percent,1.0405489804988381,1.0405489804988381,1.0405489804988381,0.1816458528945761,0.0587238627914652,3.360598627141926,0.1975897046887757,0.5296176483185593,0.05610944300281958,2.769953259997367,1.1701534451552174,0.004214854821516217,0.004314791740328864,1811,996995,0.0023795966976744402,0.0024800330560302173,584,994485,0.01800168157400084,0.01809524143061292,33505,996995,0.004403209620802749,0.004503366707564677,1965,994485,0.007213736562041925,0.007312811474209126,5289,998645,0.002324944670681274,0.0024253862868657506,558,994485,0.01637494941584064,0.016469537581643295,27662,998645,0.010734669607153323,0.01083287078163745,11637,994485
71,1440000,full,lr_6e-6,/data/suehara/part/march/datasets/20250711_ilc_nnqq_sgv_10m_3cat_parquet,val1000k,completed,3,4,validation_working_point_mistag_percent,1.035271239994382,1.035271239994382,1.035271239994382,0.18054253118777458,0.05842219980834495,3.3468572527284244,0.196684714906202,0.5226081284319682,0.05500334370912685,2.759238872613293,1.162812876569922,0.0042019070266214415,0.004301846158713692,1800,996995,0.0023733537309243605,0.002473790695952684,581,994485,0.01796601121033317,0.018059598632336887,33368,996995,0.0043930200814162575,0.0044931789881957375,1956,994485,0.007165761171412915,0.00726485012158334,5219,998645,0.002301439502388309,0.0024018833430387745,547,994485,0.016344049646090097,0.016438659269983613,27555,998645,0.010701185149459592,0.010799401086309009,11564,994485
71,1440000,full,lr_9e-6,/data/suehara/part/march/datasets/20250711_ilc_nnqq_sgv_10m_3cat_parquet,val1000k,completed,2,4,validation_working_point_mistag_percent,1.0351835381077354,1.0351835381077354,1.0351835381077354,0.1816458528945761,0.05852275479294361,3.347559456455766,0.19638304714715388,0.5226081284319682,0.05450057165058827,2.7576366402622483,1.1626118532266398,0.004214854821516217,0.004314791740328864,1811,996995,0.0023754365091569786,0.002475873271961127,582,994485,0.01796783574942104,0.018061421762973623,33375,996995,0.004389618331111637,0.004489777844563772,1953,994485,0.007165761171412915,0.00726485012158334,5219,998645,0.002290677147671438,0.0023911219994428214,542,994485,0.016339423512532272,0.016434036345112576,27539,998645,0.010700266228789827,0.010798482570087593,11562,994485
71,1440000,full_holdout,lr_14e-6,/data/suehara/part/march/datasets/20250711_ilc_nnqq_sgv_10m_3cat_parquet,val_holdout,completed,1,4,validation_working_point_mistag_percent,1.0360440193106084,1.0360440193106084,1.0360440193106084,0.1821665770139669,0.058116948440221125,3.354794785263904,0.1957455451281653,0.5215944445607328,0.054923707202736,2.7571809827043015,1.16382916417084,0.004340965787233636,0.0044467365833473615,1716,941995,0.0024338610189594,0.0025401784798964513,546,939485,0.018502885145386255,0.018601919971696773,31602,941995,0.0045074058023935465,0.004613430276326214,1839,939485,0.007363011398014291,0.007467877853325859,4922,943645,0.0023646384610785274,0.0024709627198579026,516,939485,0.0168061006139128,0.016906228880378404,26018,943645,0.01101329293480783,0.011117256529541604,10934,939485
71,1440000,full_holdout,lr_3e-6,/data/suehara/part/march/datasets/20250711_ilc_nnqq_sgv_10m_3cat_parquet,val_holdout,completed,4,4,validation_working_point_mistag_percent,1.0414175225115412,1.0414175225115412,1.0414175225115412,0.18152962642390624,0.058116948440221125,3.3649859771926645,0.19734215623647405,0.5295423736113107,0.055775239402210894,2.7707455003289247,1.1733023584566176,0.0043332919417599005,0.004439064090206455,1710,941995,0.0024338610189594,0.0025401784798964513,546,939485,0.018530073778615097,0.01862908696760035,31698,941995,0.004525929354510312,0.004631950429521796,1854,939485,0.007419002080412927,0.007523851690627477,4997,943645,0.00238329053342017,0.002489612979441594,524,939485,0.016846348547665257,0.016946448065165154,26146,943645,0.011057712533454195,0.01116165596125561,11023,939485
71,1440000,full_holdout,lr_6e-6,/data/suehara/part/march/datasets/20250711_ilc_nnqq_sgv_10m_3cat_parquet,val_holdout,completed,2,4,validation_working_point_mistag_percent,1.0360974606519568,1.0360974606519568,1.0360974606519568,0.18068036789363678,0.057904063738576726,3.3513979286442095,0.19638418879539743,0.5217004077137724,0.054923707202736,2.759618223897904,1.1661707973294233,0.004323039064945311,0.004428813016502304,1702,941995,0.0024293063646398366,0.0025356242787663704,544,939485,0.018493812094622086,0.01859285413337436,31570,941995,0.004514824306914062,0.00462084742127826,1845,939485,0.007363760779527211,0.007468627010237365,4923,943645,0.0023646384610785274,0.0024709627198579026,516,939485,0.01681334059121034,0.016913463691846375,26041,943645,0.011024290429834625,0.011128249039483833,10956,939485
71,1440000,full_holdout,lr_9e-6,/data/suehara/part/march/datasets/20250711_ilc_nnqq_sgv_10m_3cat_parquet,val_holdout,completed,3,4,validation_working_point_mistag_percent,1.036137298230255,1.036137298230255,1.036137298230255,0.1819542557849937,0.05801050590656286,3.353202509606221,0.19627774306951123,0.5218064139288935,0.054497943021974804,2.75781679850276,1.165532216021124,0.004338409339393586,0.004444180586284921,1714,941995,0.002431584737735222,0.0025379024252670146,545,939485,0.018498632787244257,0.0185976709943865,31587,941995,0.004513588732849732,0.004619612073808715,1844,939485,0.007364510083743368,0.007469376089852282,4924,943645,0.0023552581413265983,0.0024615833064849384,512,939485,0.016807989639196913,0.01690811655805438,26024,943645,0.011021292247990165,0.01112525221720808,10950,939485
73,1480000,control,lr_14e-6,/data/suehara/part/march/datasets/20250711_ilc_nnqq_sgv_10m_3cat_parquet,val5k_tail,completed,2,4,validation_working_point_mistag_percent,1.0416201704031338,1.0416201704031338,1.0416201704031338,0.12644889682521734,0.020863759649488837,3.1612223520117033,0.1669100771959107,0.4793664194372784,0.020863759649488837,3.1054604876045873,1.2518256108513965,0.04213541174548359,0.06315250028590831,6,4745,0.012894228554087821,0.033744932033583225,1,4793,0.2442960137463708,0.26403422599276594,150,4745,0.049470693732713095,0.07026046841890586,8,4793,0.08991816259302388,0.1105560594870986,23,4798,0.012894228554087821,0.033744932033583225,1,4793,0.24082057212594307,0.2603640350938175,149,4798,0.15073157206734572,0.171068732860433,60,4793
73,1480000,control,lr_3e-6,/data/suehara/part/march/datasets/20250711_ilc_nnqq_sgv_10m_3cat_parquet,val5k_tail,completed,3,4,validation_working_point_mistag_percent,1.0469552889422091,1.0469552889422091,1.0469552889422091,0.12634238787113075,0.020850708924103418,3.09538856251659,0.18765637076427363,0.48006678272773395,0.041701417848206836,3.151742785932674,1.2718932949529596,0.042099933794277136,0.06309936857833134,6,4749,0.012886163117473504,0.0337238321985975,1,4796,0.2416137927980143,0.2613631029020805,147,4749,0.05295976680649698,0.07372789005839736,9,4796,0.09004930890544366,0.1107170606617451,23,4791,0.02084925951549509,0.04167823536796614,2,4796,0.24279755075699744,0.2623502457272886,151,4791,0.1519539573341019,0.17227003269604887,61,4796
73,1480000,control,lr_6e-6,/data/suehara/part/march/datasets/20250711_ilc_nnqq_sgv_10m_3cat_parquet,val5k_tail,completed,4,4,validation_working_point_mistag_percent,1.06288479959491,1.06288479959491,1.06288479959491,0.14574223887441162,0.04214075010535188,3.4769935539852246,0.21070374781703832,0.4386881206328071,0.02107037505267594,2.92458753614121,1.2431520741505613,0.04563165493782046,0.06638696624321988,7,4803,0.021068894941085044,0.04211707663474193,2,4746,0.2548045105725184,0.2741729562237678,167,4803,0.05688596637133008,0.07786312931612598,10,4746,0.08571754283639726,0.10641984521165149,21,4787,0.013021918241991223,0.03407897727925573,1,4746,0.23387255831692244,0.2535364733443769,140,4787,0.1508751208100862,0.1714172939181087,59,4746
73,1480000,control,lr_9e-6,/data/suehara/part/march/datasets/20250711_ilc_nnqq_sgv_10m_3cat_parquet,val5k_tail,completed,1,4,validation_working_point_mistag_percent,1.0415910568466,1.0415910568466,1.0415910568466,0.12644889682521734,0.020863759649488837,3.1401474555478983,0.1669100771959107,0.5002084074488127,0.020863759649488837,3.1054604876045873,1.2518256108513965,0.04213541174548359,0.06315250028590831,6,4745,0.012894228554087821,0.033744932033583225,1,4793,0.24347191522264244,0.2632190085544127,149,4745,0.049470693732713095,0.07026046841890586,8,4793,0.09204473075776418,0.11267394166829761,24,4798,0.012894228554087821,0.033744932033583225,1,4793,0.24082057212594307,0.2603640350938175,149,4798,0.15073157206734572,0.171068732860433,60,4793
73,1480000,monitor,lr_14e-6,/data/suehara/part/march/datasets/20250711_ilc_nnqq_sgv_10m_3cat_parquet,val50k_tail,completed,1,4,validation_working_point_mistag_percent,1.0157499941866779,1.0157499941866779,1.0157499941866779,0.1780000073876956,0.06799999900390627,3.225999976741257,0.2020000022192383,0.5419999961956787,0.060000001464843786,2.7419999809629823,1.1079999895178223,0.01788086961137308,0.019873709754570246,89,50000,0.010701894656100771,0.01269913471129969,34,50000,0.07808737523863907,0.07995829782018876,1613,50000,0.019107983742976033,0.02109986390537279,101,50000,0.031860236585205204,0.03383851701959659,271,50000,0.009997726831193746,0.011995286879992793,30,50000,0.07209194086296444,0.07398222305732075,1371,50000,0.045844813236735685,0.04780045412391791,554,50000
73,1480000,monitor,lr_3e-6,/data/suehara/part/march/datasets/20250711_ilc_nnqq_sgv_10m_3cat_parquet,val50k_tail,completed,4,4,validation_working_point_mistag_percent,1.0195000083487227,1.0195000083487227,1.0195000083487227,0.18399999640625006,0.07000000085449219,3.2380000571897134,0.2040000012451172,0.5419999961956787,0.064,2.7419999809629823,1.1120000339355478,0.018195055988739096,0.02018765613673616,92,50000,0.010871397397403768,0.01286855745420266,35,50000,0.07822952107901862,0.08009996367016811,1619,50000,0.019206856011727752,0.021198656175724483,102,50000,0.031860236585205204,0.03383851701959659,271,50000,0.0103552826863133,0.012352682738312273,32,50000,0.07209194086296444,0.07398222305732075,1371,50000,0.04592834777238947,0.04788382866277186,556,50000
73,1480000,monitor,lr_6e-6,/data/suehara/part/march/datasets/20250711_ilc_nnqq_sgv_10m_3cat_parquet,val50k_tail,completed,3,4,validation_working_point_mistag_percent,1.0172500008840375,1.0172500008840375,1.0172500008840375,0.18000000439453137,0.06799999900390627,3.2340000308418277,0.2020000022192383,0.5439999920312502,0.060000001464843786,2.7379999431811535,1.1120000339355478,0.017986179985518026,0.019978940130315186,90,50000,0.010701894656100771,0.01269913471129969,34,50000,0.0781821714570953,0.08005277404504532,1617,50000,0.019107983742976033,0.02109986390537279,101,50000,0.03192044183364133,0.033898642269632615,272,50000,0.009997726831193746,0.011995286879992793,30,50000,0.07204007909362084,0.07393052128477767,1369,50000,0.04592834777238947,0.04788382866277186,556,50000
73,1480000,monitor,lr_9e-6,/data/suehara/part/march/datasets/20250711_ilc_nnqq_sgv_10m_3cat_parquet,val50k_tail,completed,2,4,validation_working_point_mistag_percent,1.0159999897425653,1.0159999897425653,1.0159999897425653,0.18000000439453137,0.06799999900390627,3.223999948345948,0.2020000022192383,0.5439999920312502,0.060000001464843786,2.7419999809629823,1.1079999895178223,0.017986179985518026,0.019978940130315186,90,50000,0.010701894656100771,0.01269913471129969,34,50000,0.07806365593863093,0.0799346585185802,1612,50000,0.019107983742976033,0.02109986390537279,101,50000,0.03192044183364133,0.033898642269632615,272,50000,0.009997726831193746,0.011995286879992793,30,50000,0.07209194086296444,0.07398222305732075,1371,50000,0.045844813236735685,0.04780045412391791,554,50000
75,1520000,control,lr_14e-6,/data/suehara/part/march/datasets/20250711_ilc_nnqq_sgv_10m_3cat_parquet,val5k_tail,completed,4,4,validation_working_point_mistag_percent,1.0462218002111243,1.0462218002111243,1.0462218002111243,0.14604631568663473,0.04186728072011723,3.2756103392699063,0.23027003954744574,0.4406210729367856,0.020933640360058615,2.937473687914263,1.2769520252537838,0.04572682078869536,0.06652529958821708,7,4793,0.020932179397847108,0.04184391347875119,2,4777,0.2475163663220585,0.2670092281222385,157,4793,0.05970336143641148,0.0805362329123593,11,4777,0.08609463302635625,0.10688732399934414,21,4766,0.01293741530238404,0.033857911894949945,1,4777,0.23488931981237549,0.2546344535348195,140,4766,0.15255511738726507,0.17294986328012224,61,4777
75,1520000,control,lr_3e-6,/data/suehara/part/march/datasets/20250711_ilc_nnqq_sgv_10m_3cat_parquet,val5k_tail,completed,3,4,validation_working_point_mistag_percent,1.0251891448727803,1.0251891448727803,1.0251891448727803,0.1249479415352841,0.04191993292810731,3.040399794758168,0.25151959113328964,0.41990343297454197,0.04191993292810731,3.0233046011908735,1.257597931533871,0.04163542898663716,0.06240372049679372,6,4802,0.020958501824625306,0.04189650688207371,2,4771,0.23816046353926854,0.25771474218453105,146,4802,0.06282901869796918,0.08367917812899663,12,4771,0.08385512494515136,0.10466960713565827,20,4763,0.020958501824625306,0.04189650688207371,2,4771,0.23841342674264,0.25813496131865465,144,4763,0.1514229836933792,0.17185148411758555,60,4771
75,1520000,control,lr_6e-6,/data/suehara/part/march/datasets/20250711_ilc_nnqq_sgv_10m_3cat_parquet,val5k_tail,completed,2,4,validation_working_point_mistag_percent,0.9941414941736291,0.9941414941736291,0.9941414941736291,0.1460158587268048,0.04182350480970305,3.1289112285545615,0.23002928085734203,0.4621848828391365,0.020911752404851526,2.773109101464582,1.1501463437320525,0.04571728634499069,0.06651144031656535,7,4794,0.020910294496419086,0.041800186403251734,2,4782,0.24183471304024506,0.2613846979666587,150,4794,0.059640981690812125,0.08045217580477676,11,4782,0.08844406517652921,0.10925390139835253,22,4760,0.012923888399800581,0.03382252450584078,1,4782,0.22826007024885597,0.24809913378857523,132,4760,0.1442998404016063,0.16472628975043851,55,4782
75,1520000,control,lr_9e-6,/data/suehara/part/march/datasets/20250711_ilc_nnqq_sgv_10m_3cat_parquet,val5k_tail,completed,1,4,validation_working_point_mistag_percent,0.9740967910485147,0.9740967910485147,0.9740967910485147,0.1674340728338217,0.04167534903104814,3.034742490157265,0.2292144152979357,0.4412691713665757,0.02083767451552407,2.815717465849984,1.0418836893359622,0.04962592580678351,0.07048073473215127,8,4778,0.020836226918634407,0.0416521955232048,2,4799,0.23850922412854725,0.2581640713475844,145,4778,0.059429862137781383,0.0801676894629186,11,4799,0.0862210681253024,0.10704406427059802,21,4759,0.012878107764533887,0.033702758733485744,1,4799,0.23005897925808885,0.2498843080027402,134,4759,0.13671462794859843,0.15711384306285828,50,4799
75,1520000,monitor,lr_14e-6,/data/suehara/part/march/datasets/20250711_ilc_nnqq_sgv_10m_3cat_parquet,val50k_tail,completed,2,4,validation_working_point_mistag_percent,1.015749998682852,1.015749998682852,1.015749998682852,0.1780000073876956,0.06799999900390627,3.222000022246628,0.2020000022192383,0.5419999961956787,0.060000001464843786,2.7439999338452163,1.11000002709961,0.01788086961137308,0.019873709754570246,89,50000,0.010701894656100771,0.01269913471129969,34,50000,0.0780399285258998,0.07991101110425003,1611,50000,0.019107983742976033,0.02109986390537279,101,50000,0.031860236585205204,0.03383851701959659,271,50000,0.009997726831193746,0.011995286879992793,30,50000,0.07211785634308569,0.07400805853904242,1372,50000,0.04588659993469378,0.04784216082347609,555,50000
75,1520000,monitor,lr_3e-6,/data/suehara/part/march/datasets/20250711_ilc_nnqq_sgv_10m_3cat_parquet,val50k_tail,completed,4,4,validation_working_point_mistag_percent,1.0187499765506756,1.0187499765506756,1.0187499765506756,0.18399999640625006,0.07000000085449219,3.2439999168408225,0.2,0.5419999961956787,0.064,2.7339998681726136,1.1120000339355478,0.018195055988739096,0.02018765613673616,92,50000,0.010871397397403768,0.01286855745420266,35,50000,0.07830048506549461,0.080170687661444,1622,50000,0.01900861920277211,0.02100057936356898,100,50000,0.031860236585205204,0.03383851701959659,271,50000,0.0103552826863133,0.012352682738312273,32,50000,0.07198817617255562,0.07387877836051229,1367,50000,0.04592834777238947,0.04788382866277186,556,50000
75,1520000,monitor,lr_6e-6,/data/suehara/part/march/datasets/20250711_ilc_nnqq_sgv_10m_3cat_parquet,val50k_tail,completed,3,4,validation_working_point_mistag_percent,1.016749970296632,1.016749970296632,1.016749970296632,0.18000000439453137,0.06799999900390627,3.227999904444583,0.2020000022192383,0.5439999920312502,0.060000001464843786,2.7359998714160216,1.115999987398682,0.017986179985518026,0.019978940130315186,90,50000,0.010701894656100771,0.01269913471129969,34,50000,0.0781110864332149,0.07998192901636503,1614,50000,0.019107983742976033,0.02109986390537279,101,50000,0.03192044183364133,0.033898642269632615,272,50000,0.009997726831193746,0.011995286879992793,30,50000,0.07201413278253264,0.07390465497208905,1368,50000,0.04601172728080586,0.047967048174388065,558,50000
75,1520000,monitor,lr_9e-6,/data/suehara/part/march/datasets/20250711_ilc_nnqq_sgv_10m_3cat_parquet,val50k_tail,completed,1,4,validation_working_point_mistag_percent,1.0155000023110965,1.0155000023110965,1.0155000023110965,0.18000000439453137,0.06799999900390627,3.223999948345948,0.2020000022192383,0.5419999961956787,0.060000001464843786,2.740000077346804,1.1079999895178223,0.017986179985518026,0.019978940130315186,90,50000,0.010701894656100771,0.01269913471129969,34,50000,0.07806365593863093,0.0799346585185802,1612,50000,0.019107983742976033,0.02109986390537279,101,50000,0.031860236585205204,0.03383851701959659,271,50000,0.009997726831193746,0.011995286879992793,30,50000,0.07206601511678366,0.07395637730954023,1370,50000,0.045844813236735685,0.04780045412391791,554,50000
77,1560000,control,lr_14e-6,/data/suehara/part/march/datasets/20250711_ilc_nnqq_sgv_10m_3cat_parquet,val5k_tail,completed,3,4,validation_working_point_mistag_percent,1.1227466525782401,1.1227466525782401,1.1227466525782401,0.1461682967708886,0.06264355655733587,3.4871580122465033,0.2714554203976116,0.5254308330791806,0.02088118605136772,3.1736023844632175,1.2946335310598163,0.04576499836529851,0.06658079448122352,7,4789,0.027200016117583457,0.04805068686574458,3,4789,0.2555374182820605,0.2749582291085406,167,4789,0.06550978960277784,0.08627327377034874,13,4789,0.09491709381192975,0.11570909597486316,25,4758,0.012904998188042647,0.03377310625232182,1,4789,0.244457103725643,0.2641361949826587,151,4758,0.15348185578512377,0.1738181257078024,62,4789
77,1560000,control,lr_3e-6,/data/suehara/part/march/datasets/20250711_ilc_nnqq_sgv_10m_3cat_parquet,val5k_tail,completed,4,4,validation_working_point_mistag_percent,1.1462890187189643,1.1462890187189643,1.1462890187189643,0.1461682967708886,0.04176237210273544,3.5915639951134977,0.2505742262293435,0.5044136191677175,0.04176237210273544,3.2576713609772616,1.336395907287534,0.04576499836529851,0.06658079448122352,7,4789,0.02087973240216612,0.041739121808386265,2,4789,0.25934922735042154,0.27872644488660736,172,4789,0.06259305939119454,0.08336526221682443,12,4789,0.09281710342093924,0.11361793821011018,24,4758,0.02087973240216612,0.041739121808386265,2,4789,0.24770356249033365,0.2673473232424006,155,4758,0.15606353338237303,0.17638236598893353,64,4789
77,1560000,control,lr_6e-6,/data/suehara/part/march/datasets/20250711_ilc_nnqq_sgv_10m_3cat_parquet,val5k_tail,completed,1,4,validation_working_point_mistag_percent,1.0209784080222195,1.0209784080222195,1.0209784080222195,0.16803192606595252,0.020863759649488837,3.2976265728239915,0.20863760180856608,0.48097031298517834,0.020863759649488837,2.927645355362745,1.043187975832345,0.04980303738404252,0.0707320453949346,8,4761,0.012894228554087821,0.033744932033583225,1,4793,0.24915483747119488,0.2687694420285047,157,4761,0.0563285036100398,0.07710087006957464,10,4793,0.09021848876832701,0.11092475249180099,23,4782,0.012894228554087821,0.033744932033583225,1,4793,0.234113845392318,0.2537970378085081,140,4782,0.13688504267964866,0.1573092446060258,50,4793
77,1560000,control,lr_9e-6,/data/suehara/part/march/datasets/20250711_ilc_nnqq_sgv_10m_3cat_parquet,val5k_tail,completed,2,4,validation_working_point_mistag_percent,1.078641863512268,1.078641863512268,1.078641863512268,0.14625992291537876,0.020859407592824362,3.384872636652108,0.2294534864423716,0.5256517930640688,0.020859407592824362,3.1539108216267104,1.147267432211858,0.04579367340945279,0.06662247644902643,7,4786,0.012891538953639552,0.03373789582221398,1,4794,0.25181725378834036,0.27129297029349075,162,4786,0.05949180080752005,0.08025115284776159,11,4794,0.09495693069672909,0.11575758160770558,25,4756,0.012891538953639552,0.03373789582221398,1,4794,0.24373912723752236,0.2634347711940259,150,4756,0.1439403483648566,0.16431687916043294,55,4794
77,1560000,monitor,lr_14e-6,/data/suehara/part/march/datasets/20250711_ilc_nnqq_sgv_10m_3cat_parquet,val50k_tail,completed,1,4,validation_working_point_mistag_percent,1.0154999955509951,1.0154999955509951,1.0154999955509951,0.18000000439453137,0.06799999900390627,3.22000000491333,0.2040000012451172,0.5359999856054691,0.060000001464843786,2.7439999338452163,1.1120000339355478,0.017986179985518026,0.019978940130315186,90,50000,0.010701894656100771,0.01269913471129969,34,50000,0.07801619299314527,0.07988735556989507,1610,50000,0.019206856011727752,0.021198656175724483,102,50000,0.0316789413138693,0.033657461743460786,268,50000,0.009997726831193746,0.011995286879992793,30,50000,0.07211785634308569,0.07400805853904242,1372,50000,0.04592834777238947,0.04788382866277186,556,50000
77,1560000,monitor,lr_3e-6,/data/suehara/part/march/datasets/20250711_ilc_nnqq_sgv_10m_3cat_parquet,val50k_tail,completed,4,4,validation_working_point_mistag_percent,1.020499997609444,1.020499997609444,1.020499997609444,0.18199999600097666,0.07199999859375003,3.254000035252991,0.2,0.546000018328858,0.064,2.7379999431811535,1.1079999895178223,0.018090905588142768,0.020083585734539902,91,50000,0.01103850796111245,0.013035588019511294,36,50000,0.07841859766542641,0.08028840026937517,1627,50000,0.01900861920277211,0.02100057936356898,100,50000,0.03198053486208477,0.03395865529967597,273,50000,0.0103552826863133,0.012352682738312273,32,50000,0.07204007909362084,0.07393052128477767,1369,50000,0.045844813236735685,0.04780045412391791,554,50000
77,1560000,monitor,lr_6e-6,/data/suehara/part/march/datasets/20250711_ilc_nnqq_sgv_10m_3cat_parquet,val50k_tail,completed,3,4,validation_working_point_mistag_percent,1.0182500076125534,1.0182500076125534,1.0182500076125534,0.18000000439453137,0.06799999900390627,3.2400000791015646,0.2,0.540000013183594,0.060000001464843786,2.7459999298164384,1.1120000339355478,0.017986179985518026,0.019978940130315186,90,50000,0.010701894656100771,0.01269913471129969,34,50000,0.07825318379348564,0.08012354638623556,1620,50000,0.01900861920277211,0.02100057936356898,100,50000,0.031799918499033665,0.033778278931824966,270,50000,0.009997726831193746,0.011995286879992793,30,50000,0.07214376156805119,0.07403388376560766,1373,50000,0.04592834777238947,0.04788382866277186,556,50000
77,1560000,monitor,lr_9e-6,/data/suehara/part/march/datasets/20250711_ilc_nnqq_sgv_10m_3cat_parquet,val50k_tail,completed,2,4,validation_working_point_mistag_percent,1.015999968311044,1.015999968311044,1.015999968311044,0.18000000439453137,0.06799999900390627,3.227999904444583,0.2020000022192383,0.5419999961956787,0.060000001464843786,2.7339998681726136,1.1139999705929573,0.017986179985518026,0.019978940130315186,90,50000,0.010701894656100771,0.01269913471129969,34,50000,0.0781110864332149,0.07998192901636503,1614,50000,0.019107983742976033,0.02109986390537279,101,50000,0.031860236585205204,0.03383851701959659,271,50000,0.009997726831193746,0.011995286879992793,30,50000,0.07198817617255562,0.07387877836051229,1367,50000,0.04597005685339165,0.047925457745373774,557,50000
77,1560000,full,lr_14e-6,/data/suehara/part/march/datasets/20250711_ilc_nnqq_sgv_10m_3cat_parquet,val1000k,completed,1,4,validation_working_point_mistag_percent,1.032589172476527,1.032589172476527,1.032589172476527,0.1820470537855487,0.0587238627914652,3.3358240711142964,0.19638304714715388,0.5206054039660732,0.05450057165058827,2.7521292613836192,1.1605001079734711,0.004219553306064497,0.004319489420048198,1815,996995,0.0023795966976744402,0.0024800330560302173,584,994485,0.017937311980845833,0.018030921535646532,33258,996995,0.004389618331111637,0.004489777844563772,1953,994485,0.007151993976850339,0.00725108693787873,5199,998645,0.002290677147671438,0.0023911219994428214,542,994485,0.01632351001731626,0.016418133879756228,27484,998645,0.010690612588211065,0.010788833176216678,11541,994485
77,1560000,full,lr_3e-6,/data/suehara/part/march/datasets/20250711_ilc_nnqq_sgv_10m_3cat_parquet,val1000k,completed,4,4,validation_working_point_mistag_percent,1.0388314501256959,1.0388314501256959,1.0388314501256959,0.18194675925103324,0.05862330831824098,3.3524741416210078,0.1975897046887757,0.529417376726235,0.05590833435477059,2.7663485284250795,1.1683434476204246,0.0042183791732625315,0.004318315488453469,1814,996995,0.0023775174965399992,0.0024779540571199512,583,994485,0.01798060158857348,0.01807417774297229,33424,996995,0.004403209620802749,0.004503366707564677,1965,994485,0.00721237032777532,0.007311445641028282,5287,998645,0.002320688373544822,0.0024211303941776697,556,994485,0.016364560503051573,0.01645915588839933,27626,998645,0.01072642329345945,0.010824628107978726,11619,994485
77,1560000,full,lr_6e-6,/data/suehara/part/march/datasets/20250711_ilc_nnqq_sgv_10m_3cat_parquet,val1000k,completed,3,4,validation_working_point_mistag_percent,1.0352960661179487,1.0352960661179487,1.0352960661179487,0.18184645406628938,0.05882441644125206,3.3503677948349604,0.19608138813750686,0.5220073290988738,0.05460112452189024,2.7575365625213015,1.1611034593215157,0.0042172047150830375,0.004317141231481212,1813,996995,0.002381674117141674,0.002482110273273276,585,994485,0.017975131785677445,0.01806871216542827,33403,996995,0.004386213952184306,0.004486374072308922,1950,994485,0.007161633830497522,0.007260723983925407,5213,998645,0.002292833581701728,0.002393278231248915,543,994485,0.016339134330642727,0.01643374736376539,27538,998645,0.010693371698655349,0.010791591073315912,11547,994485
77,1560000,full,lr_9e-6,/data/suehara/part/march/datasets/20250711_ilc_nnqq_sgv_10m_3cat_parquet,val1000k,completed,2,4,validation_working_point_mistag_percent,1.034482836576992,1.034482836576992,1.034482836576992,0.18194675925103324,0.0587238627914652,3.3470578828273103,0.196684714906202,0.5206054039660732,0.05450057165058827,2.753631089442905,1.1627124077803586,0.0042183791732625315,0.004318315488453469,1814,996995,0.0023795966976744402,0.0024800330560302173,584,994485,0.01796653252885902,0.018060119548448522,33370,996995,0.0043930200814162575,0.0044931789881957375,1956,994485,0.007151993976850339,0.00725108693787873,5199,998645,0.002290677147671438,0.0023911219994428214,542,994485,0.01632785177805747,0.016422472632353705,27499,998645,0.010700725699412314,0.010798941838485732,11563,994485
77,1560000,full_holdout,lr_14e-6,/data/suehara/part/march/datasets/20250711_ilc_nnqq_sgv_10m_3cat_parquet,val_holdout,completed,1,4,validation_working_point_mistag_percent,1.0339090536436786,1.0339090536436786,1.0339090536436786,0.1825912036598481,0.05843626912098997,3.344603687288282,0.1958519878247579,0.519898888804975,0.054497943021974804,2.7517762300716035,1.1636162193569979,0.00434607419404051,0.004451844088599016,1720,941995,0.00244067736865696,0.002546994149809766,549,939485,0.018475650688744988,0.01857470715238077,31506,941995,0.004508643064083653,0.004614667311421622,1840,939485,0.007351010762302306,0.0074558808112344145,4906,943645,0.0023552581413265983,0.0024615833064849384,512,939485,0.01679003432247146,0.016890174043602754,25967,943645,0.01101229259458051,0.011116256642503854,10932,939485
77,1560000,full_holdout,lr_3e-6,/data/suehara/part/march/datasets/20250711_ilc_nnqq_sgv_10m_3cat_parquet,val_holdout,completed,4,4,validation_working_point_mistag_percent,1.0400906171370616,1.0400906171370616,1.0400906171370616,0.18184808891909823,0.058116948440221125,3.359253507194112,0.1967035113569745,0.5293304014037723,0.05566879891576316,2.7676721734204057,1.1721315074461454,0.004337130553221146,0.004442902025501285,1713,941995,0.0024338610189594,0.0025401784798964513,546,939485,0.018514785798977307,0.018613811158958715,31644,941995,0.004518529009976766,0.004624551444556806,1848,939485,0.0074175145566779226,0.0075223646160951264,4995,943645,0.002380966857227205,0.00248728952984337,523,939485,0.016837239285263927,0.01693734531620153,26117,943645,0.011052232555875882,0.01115617847621958,11012,939485
77,1560000,full_holdout,lr_6e-6,/data/suehara/part/march/datasets/20250711_ilc_nnqq_sgv_10m_3cat_parquet,val_holdout,completed,3,4,validation_working_point_mistag_percent,1.0365215734842785,1.0365215734842785,1.0365215734842785,0.1821665770139669,0.05854271238276986,3.3590410823394583,0.19563910126377318,0.5212765229735987,0.054604385494696935,2.7574988539524075,1.163403352453557,0.004340965787233636,0.0044467365833473615,1716,941995,0.0024429453395182583,0.002549261894076323,550,939485,0.018514219299824164,0.018613245110582488,31642,941995,0.004506168202354083,0.0046121929028815345,1838,939485,0.007360762789461288,0.007465629918576577,4919,943645,0.0023576066502109245,0.0024639315887745234,513,939485,0.016807045156173872,0.01690717274883541,26021,943645,0.011011292159583685,0.011115256660696252,10930,939485
77,1560000,full_holdout,lr_9e-6,/data/suehara/part/march/datasets/20250711_ilc_nnqq_sgv_10m_3cat_parquet,val_holdout,completed,2,4,validation_working_point_mistag_percent,1.0357140969625185,1.0357140969625185,1.0357140969625185,0.1821665770139669,0.05843626912098997,3.3549010479906447,0.195958429160681,0.5197929140461948,0.054497943021974804,2.7540016670417193,1.1659579283039774,0.004340965787233636,0.0044467365833473615,1716,941995,0.00244067736865696,0.002546994149809766,549,939485,0.01850316859614287,0.018602203197064238,31603,941995,0.004509879987699703,0.0046159040084428875,1841,939485,0.007350260063150853,0.007455130336684376,4905,943645,0.0023552581413265983,0.0024615833064849384,512,939485,0.016796651931046125,0.01689678693555033,25988,943645,0.011023291130382758,0.011127250193221534,10954,939485
79,1600000,control,lr_14e-6,/data/suehara/part/march/datasets/20250711_ilc_nnqq_sgv_10m_3cat_parquet,val5k_tail,completed,3,4,validation_working_point_mistag_percent,1.0101492843123818,1.0101492843123818,1.0101492843123818,0.12547051442910917,0.020894274968658588,3.2622333127004643,0.20894274702196966,0.5243288557044364,0.020894274968658588,2.9781878956357275,0.94024239907003,0.04180950460597525,0.06266441971597765,6,4782,0.012913087226991995,0.033794267809833585,1,4786,0.24727940401976373,0.26682268924863445,156,4782,0.05641083651647802,0.07721345078441763,10,4786,0.09471840971289926,0.11546727578165134,25,4768,0.012913087226991995,0.033794267809833585,1,4786,0.2364859435202749,0.2562057221239804,142,4768,0.12961544047109444,0.15011251906997103,45,4786
79,1600000,control,lr_3e-6,/data/suehara/part/march/datasets/20250711_ilc_nnqq_sgv_10m_3cat_parquet,val5k_tail,completed,2,4,validation_working_point_mistag_percent,0.9890189318943262,0.9890189318943262,0.9890189318943262,0.1257071024512885,0.04179728317659352,2.8912633979734554,0.22988505747126436,0.4604436885294046,0.02089864158829676,2.8882377886665003,1.2539184952978057,0.04188831442008261,0.06278244634197151,6,4773,0.02089718550753811,0.041773993997644004,2,4785,0.23284408933060863,0.25257963044649534,138,4773,0.059603616373245065,0.08040182570986384,11,4785,0.08811142976205008,0.10884361486341318,22,4778,0.012915785827257708,0.03380132755663996,1,4785,0.23260361454690537,0.25231977367794445,138,4778,0.1509822627397338,0.1713525433518116,60,4785
79,1600000,control,lr_6e-6,/data/suehara/part/march/datasets/20250711_ilc_nnqq_sgv_10m_3cat_parquet,val5k_tail,completed,4,4,validation_working_point_mistag_percent,1.0257358630968083,1.0257358630968083,1.0257358630968083,0.16732901066722444,0.04179728317659352,3.0746703992835025,0.22988505747126436,0.5031446540880503,0.02089864158829676,2.976939236684635,1.1912226218149005,0.04959480150546654,0.07043657105349366,8,4781,0.02089718550753811,0.041773993997644004,2,4785,0.24001929426964164,0.2596451116803449,147,4781,0.059603616373245065,0.08040182570986384,11,4785,0.09258403399833694,0.11333308256086554,24,4770,0.012915785827257708,0.03380132755663996,1,4785,0.23638812879404267,0.25610016434073934,142,4770,0.14695532783610532,0.16735180816601236,57,4785
79,1600000,control,lr_9e-6,/data/suehara/part/march/datasets/20250711_ilc_nnqq_sgv_10m_3cat_parquet,val5k_tail,completed,1,4,validation_working_point_mistag_percent,0.983794271497252,0.983794271497252,0.983794271497252,0.1257071024512885,0.04179728317659352,2.8912633979734554,0.22988505747126436,0.4604436885294046,0.02089864158829676,2.8882377886665003,1.2121212121212122,0.04188831442008261,0.06278244634197151,6,4773,0.02089718550753811,0.041773993997644004,2,4785,0.23284408933060863,0.25257963044649534,138,4773,0.059603616373245065,0.08040182570986384,11,4785,0.08811142976205008,0.10884361486341318,22,4778,0.012915785827257708,0.03380132755663996,1,4785,0.23260361454690537,0.25231977367794445,138,4778,0.14830950927826342,0.16869725636889393,58,4785
79,1600000,monitor,lr_14e-6,/data/suehara/part/march/datasets/20250711_ilc_nnqq_sgv_10m_3cat_parquet,val50k_tail,completed,2,4,validation_working_point_mistag_percent,1.0154999877549364,1.0154999877549364,1.0154999877549364,0.18000000439453137,0.06799999900390627,3.22000000491333,0.2020000022192383,0.5359999856054691,0.060000001464843786,2.7439999338452163,1.1139999705929573,0.017986179985518026,0.019978940130315186,90,50000,0.010701894656100771,0.01269913471129969,34,50000,0.07801619299314527,0.07988735556989507,1610,50000,0.019107983742976033,0.02109986390537279,101,50000,0.0316789413138693,0.033657461743460786,268,50000,0.009997726831193746,0.011995286879992793,30,50000,0.07211785634308569,0.07400805853904242,1372,50000,0.04597005685339165,0.047925457745373774,557,50000
79,1600000,monitor,lr_3e-6,/data/suehara/part/march/datasets/20250711_ilc_nnqq_sgv_10m_3cat_parquet,val50k_tail,completed,3,4,validation_working_point_mistag_percent,1.0169999927064328,1.0169999927064328,1.0169999927064328,0.18000000439453137,0.06799999900390627,3.241999967103119,0.2,0.5419999961956787,0.060000001464843786,2.7319999395538344,1.1120000339355478,0.017986179985518026,0.019978940130315186,90,50000,0.010701894656100771,0.01269913471129969,34,50000,0.07827683845324437,0.08014712104759333,1621,50000,0.01900861920277211,0.02100057936356898,100,50000,0.031860236585205204,0.03383851701959659,271,50000,0.009997726831193746,0.011995286879992793,30,50000,0.07196220925270759,0.07385289143906452,1366,50000,0.04592834777238947,0.04788382866277186,556,50000
79,1600000,monitor,lr_6e-6,/data/suehara/part/march/datasets/20250711_ilc_nnqq_sgv_10m_3cat_parquet,val50k_tail,completed,4,4,validation_working_point_mistag_percent,1.0175000069262512,1.0175000069262512,1.0175000069262512,0.18000000439453137,0.06799999900390627,3.2500000929832487,0.2,0.5379999840740971,0.060000001464843786,2.7319999395538344,1.1120000339355478,0.017986179985518026,0.019978940130315186,90,50000,0.010701894656100771,0.01269913471129969,34,50000,0.07837137668905425,0.08024133928980354,1625,50000,0.01900861920277211,0.02100057936356898,100,50000,0.03173948695166986,0.03371792738286125,269,50000,0.009997726831193746,0.011995286879992793,30,50000,0.07196220925270759,0.07385289143906452,1366,50000,0.04592834777238947,0.04788382866277186,556,50000
79,1600000,monitor,lr_9e-6,/data/suehara/part/march/datasets/20250711_ilc_nnqq_sgv_10m_3cat_parquet,val50k_tail,completed,1,4,validation_working_point_mistag_percent,1.0149999794919211,1.0149999794919211,1.0149999794919211,0.1780000073876956,0.06799999900390627,3.2179999013034086,0.2,0.5419999961956787,0.060000001464843786,2.7379999431811535,1.115999987398682,0.01788086961137308,0.019873709754570246,89,50000,0.010701894656100771,0.01269913471129969,34,50000,0.07799244933305374,0.07986369190820311,1609,50000,0.01900861920277211,0.02100057936356898,100,50000,0.031860236585205204,0.03383851701959659,271,50000,0.009997726831193746,0.011995286879992793,30,50000,0.07204007909362084,0.07393052128477767,1369,50000,0.04601172728080586,0.047967048174388065,558,50000
81,1640000,control,lr_14e-6,/data/suehara/part/march/datasets/20250711_ilc_nnqq_sgv_10m_3cat_parquet,val5k_tail,completed,3,4,validation_working_point_mistag_percent,0.9858746182850799,0.9858746182850799,0.9858746182850799,0.14696619400793423,0.041884816753926704,3.065295026344133,0.23036649067429793,0.5002084074488127,0.020942408376963352,2.8970403759309504,0.9842932267436206,0.0460147149816005,0.06694378038975558,7,4763,0.02094094619055311,0.04186142993563103,2,4775,0.2400833295309452,0.2597872359196288,146,4763,0.059728349886696695,0.08056990495698713,11,4775,0.09204473075776418,0.11267394166829761,24,4798,0.012942833995247701,0.033872087593079796,1,4775,0.2324967236583035,0.2521270464615897,139,4798,0.1329558879480268,0.15348172831916723,47,4775
81,1640000,control,lr_3e-6,/data/suehara/part/march/datasets/20250711_ilc_nnqq_sgv_10m_3cat_parquet,val5k_tail,completed,4,4,validation_working_point_mistag_percent,1.0247326391530729,1.0247326391530729,1.0247326391530729,0.1257334483127245,0.0419639110365086,3.143336109820593,0.20981955249551634,0.4793664194372784,0.0209819555182543,2.9387243727336188,1.2379353438700893,0.04189708940998368,0.06279558786165082,6,4772,0.02098048780386294,0.041940435816853715,2,4766,0.24293362620620776,0.2625676776927315,150,4772,0.05664740517495226,0.07753692917109975,10,4766,0.08991816259302388,0.1105560594870986,23,4798,0.01296727439079965,0.033936025405895826,1,4766,0.23418694294462356,0.25379989378082823,141,4798,0.15024524845430165,0.17070342534728378,59,4766
81,1640000,control,lr_6e-6,/data/suehara/part/march/datasets/20250711_ilc_nnqq_sgv_10m_3cat_parquet,val5k_tail,completed,1,4,validation_working_point_mistag_percent,0.9777541387149145,0.9777541387149145,0.9777541387149145,0.1669449081803005,0.04195510803440319,3.088480663653871,0.2307530882802388,0.41867279650250805,0.020977554017201593,2.6795059660875027,1.1747430249632893,0.04948101231795033,0.07027510999865957,8,4792,0.020976086918577042,0.0419316426618512,2,4767,0.24029844284207852,0.259873456069145,148,4792,0.05982851321342246,0.08070487517055787,11,4767,0.08360973733857677,0.10436374620956829,20,4777,0.01296455423406401,0.033928909286909135,1,4767,0.22392408123694113,0.24373173884845722,128,4777,0.1461359348245003,0.16661632785094205,56,4767
81,1640000,control,lr_9e-6,/data/suehara/part/march/datasets/20250711_ilc_nnqq_sgv_10m_3cat_parquet,val5k_tail,completed,2,4,validation_working_point_mistag_percent,0.9834130065455562,0.9834130065455562,0.9834130065455562,0.1669449081803005,0.04186728072011723,3.1093487440683503,0.23027003954744574,0.4195510696004342,0.020933640360058615,2.706104539680721,1.1722838302070224,0.04948101231795033,0.07027510999865957,8,4792,0.020932179397847108,0.04184391347875119,2,4777,0.2411178230409164,0.2606841285218854,149,4792,0.05970336143641148,0.0805362329123593,11,4777,0.08378486734621111,0.10458203551720768,20,4767,0.01293741530238404,0.033857911894949945,1,4777,0.22527891479586815,0.24511695822362867,129,4767,0.14583150126933914,0.1662700597205054,56,4777
81,1640000,monitor,lr_14e-6,/data/suehara/part/march/datasets/20250711_ilc_nnqq_sgv_10m_3cat_parquet,val50k_tail,completed,1,4,validation_working_point_mistag_percent,1.0142500011814792,1.0142500011814792,1.0142500011814792,0.18000000439453137,0.06799999900390627,3.2060000964940674,0.2040000012451172,0.5359999856054691,0.060000001464843786,2.7439999338452163,1.115999987398682,0.017986179985518026,0.019978940130315186,90,50000,0.010701894656100771,0.01269913471129969,34,50000,0.07784981628743762,0.07972153885298719,1603,50000,0.019206856011727752,0.021198656175724483,102,50000,0.0316789413138693,0.033657461743460786,268,50000,0.009997726831193746,0.011995286879992793,30,50000,0.07211785634308569,0.07400805853904242,1372,50000,0.04601172728080586,0.047967048174388065,558,50000
81,1640000,monitor,lr_3e-6,/data/suehara/part/march/datasets/20250711_ilc_nnqq_sgv_10m_3cat_parquet,val50k_tail,completed,4,4,validation_working_point_mistag_percent,1.0169999927196032,1.0169999927196032,1.0169999927196032,0.18000000439453137,0.06799999900390627,3.229999925455095,0.2,0.5379999840740971,0.060000001464843786,2.7419999809629823,1.118000046401369,0.017986179985518026,0.019978940130315186,90,50000,0.010701894656100771,0.01269913471129969,34,50000,0.07813478952964012,0.08000555211438928,1615,50000,0.01900861920277211,0.02100057936356898,100,50000,0.03173948695166986,0.03371792738286125,269,50000,0.009997726831193746,0.011995286879992793,30,50000,0.07209194086296444,0.07398222305732075,1371,50000,0.046053359157277075,0.04800860005245936,559,50000
81,1640000,monitor,lr_6e-6,/data/suehara/part/march/datasets/20250711_ilc_nnqq_sgv_10m_3cat_parquet,val50k_tail,completed,3,4,validation_working_point_mistag_percent,1.0155000162795074,1.0155000162795074,1.0155000162795074,0.18000000439453137,0.06799999900390627,3.2340000308418277,0.2,0.5359999856054691,0.060000001464843786,2.7260000952536045,1.120000013671875,0.017986179985518026,0.019978940130315186,90,50000,0.010701894656100771,0.01269913471129969,34,50000,0.0781821714570953,0.08005277404504532,1617,50000,0.01900861920277211,0.02100057936356898,100,50000,0.0316789413138693,0.033657461743460786,268,50000,0.009997726831193746,0.011995286879992793,30,50000,0.07188424652380607,0.0737751687053631,1363,50000,0.046094952584993,0.04805011348177502,560,50000
81,1640000,monitor,lr_9e-6,/data/suehara/part/march/datasets/20250711_ilc_nnqq_sgv_10m_3cat_parquet,val50k_tail,completed,2,4,validation_working_point_mistag_percent,1.0152499856391821,1.0152499856391821,1.0152499856391821,0.1780000073876956,0.06799999900390627,3.222000022246628,0.2,0.5419999961956787,0.060000001464843786,2.7359998714160216,1.115999987398682,0.01788086961137308,0.019873709754570246,89,50000,0.010701894656100771,0.01269913471129969,34,50000,0.0780399285258998,0.07991101110425003,1611,50000,0.01900861920277211,0.02100057936356898,100,50000,0.031860236585205204,0.03383851701959659,271,50000,0.009997726831193746,0.011995286879992793,30,50000,0.07201413278253264,0.07390465497208905,1368,50000,0.04601172728080586,0.047967048174388065,558,50000
83,1680000,control,lr_14e-6,/data/suehara/part/march/datasets/20250711_ilc_nnqq_sgv_10m_3cat_parquet,val5k_tail,completed,2,4,validation_working_point_mistag_percent,1.0106278110199176,1.0106278110199176,1.0106278110199176,0.14559068774094241,0.04171011470281543,3.078202819165213,0.1876955185518301,0.4859497163353062,0.020855057351407715,2.894570196452124,1.2304483778597022,0.045584220401028365,0.06631801508508056,7,4808,0.020853607338137303,0.041686922553023524,2,4795,0.2395100036622747,0.25902416336491124,148,4808,0.052970805368771946,0.07374324260139804,9,4795,0.09115084639861439,0.11206932983132732,23,4733,0.012888850475002026,0.03373086254449684,1,4795,0.23392128654989366,0.2538221864061906,137,4733,0.14934121850757615,0.16967881300977272,59,4795
83,1680000,control,lr_3e-6,/data/suehara/part/march/datasets/20250711_ilc_nnqq_sgv_10m_3cat_parquet,val5k_tail,completed,4,4,validation_working_point_mistag_percent,1.0470684024064958,1.0470684024064958,1.0470684024064958,0.1665972511453561,0.04167534903104814,3.311120383611202,0.20837674780544016,0.443505796380382,0.020833333333333332,2.8299895725748896,1.3544487853703162,0.04937801976461196,0.07012896823384146,8,4802,0.020836226918634407,0.0416521955232048,2,4799,0.2486402936870434,0.2680818425662791,159,4802,0.056258123594067753,0.07700463328358642,10,4799,0.08665739341230218,0.10758496697319134,21,4735,0.0,0.020833333333333332,0,4799,0.23121015581627907,0.25112992378910903,134,4735,0.15701274475028154,0.1772817243988192,65,4799
83,1680000,control,lr_6e-6,/data/suehara/part/march/datasets/20250711_ilc_nnqq_sgv_10m_3cat_parquet,val5k_tail,completed,1,4,validation_working_point_mistag_percent,1.0080602732068629,1.0080602732068629,1.0080602732068629,0.1475548041724219,0.04169272461955389,3.2251264197909064,0.20846361779294997,0.39624608589390903,0.020842017507294707,2.898852983376691,1.1257035325011768,0.04619893047911811,0.06721155226791863,7,4744,0.02084491350545256,0.04166955180281832,2,4797,0.24680165883198962,0.26651709551247516,153,4744,0.056281564049762756,0.07703668550741276,10,4797,0.08096031124045422,0.10164577992699429,19,4795,0.0,0.02084201750729471,0,4797,0.2326402744743678,0.252282120607877,139,4795,0.14246217465096728,0.16283495349018062,54,4797
83,1680000,control,lr_9e-6,/data/suehara/part/march/datasets/20250711_ilc_nnqq_sgv_10m_3cat_parquet,val5k_tail,completed,3,4,validation_working_point_mistag_percent,1.0211787527396519,1.0211787527396519,1.0211787527396519,0.1475548041724219,0.04169272461955389,3.2883641490985833,0.20846361779294997,0.4171011470281543,0.020842017507294707,2.9197080291970803,1.1257035325011768,0.04619893047911811,0.06721155226791863,7,4744,0.02084491350545256,0.04166955180281832,2,4797,0.24923029091687698,0.26891907310883506,156,4744,0.056281564049762756,0.07703668550741276,10,4797,0.08329634135769777,0.10397311318962911,20,4795,0.0,0.02084201750729471,0,4797,0.2334875314947145,0.253120680773615,140,4795,0.14246217465096728,0.16283495349018062,54,4797
83,1680000,monitor,lr_14e-6,/data/suehara/part/march/datasets/20250711_ilc_nnqq_sgv_10m_3cat_parquet,val50k_tail,completed,2,4,validation_working_point_mistag_percent,1.0162499988167575,1.0162499988167575,1.0162499988167575,0.18199999600097666,0.06799999900390627,3.22000000491333,0.2040000012451172,0.5340000076593019,0.060000001464843786,2.7439999338452163,1.118000046401369,0.018090905588142768,0.020083585734539902,91,50000,0.010701894656100771,0.01269913471129969,34,50000,0.07801619299314527,0.07988735556989507,1610,50000,0.019206856011727752,0.021198656175724483,102,50000,0.03161828095052371,0.03359688137851511,267,50000,0.009997726831193746,0.011995286879992793,30,50000,0.07211785634308569,0.07400805853904242,1372,50000,0.046053359157277075,0.04800860005245936,559,50000
83,1680000,monitor,lr_3e-6,/data/suehara/part/march/datasets/20250711_ilc_nnqq_sgv_10m_3cat_parquet,val50k_tail,completed,4,4,validation_working_point_mistag_percent,1.0165000152388675,1.0165000152388675,1.0165000152388675,0.18199999600097666,0.06799999900390627,3.222000022246628,0.2,0.5379999840740971,0.060000001464843786,2.740000077346804,1.1220000417736833,0.018090905588142768,0.020083585734539902,91,50000,0.010701894656100771,0.01269913471129969,34,50000,0.0780399285258998,0.07991101110425003,1611,50000,0.01900861920277211,0.02100057936356898,100,50000,0.03173948695166986,0.03371792738286125,269,50000,0.009997726831193746,0.011995286879992793,30,50000,0.07206601511678366,0.07395637730954023,1370,50000,0.046136507665685625,0.04809158856406773,561,50000
83,1680000,monitor,lr_6e-6,/data/suehara/part/march/datasets/20250711_ilc_nnqq_sgv_10m_3cat_parquet,val50k_tail,completed,3,4,validation_working_point_mistag_percent,1.016500003468934,1.016500003468934,1.016500003468934,0.18199999600097666,0.06799999900390627,3.2359999064297513,0.2020000022192383,0.5359999856054691,0.060000001464843786,2.7260000952536045,1.1220000417736833,0.018090905588142768,0.020083585734539902,91,50000,0.010701894656100771,0.01269913471129969,34,50000,0.07820585030263033,0.08007637289217939,1618,50000,0.019107983742976033,0.02109986390537279,101,50000,0.0316789413138693,0.033657461743460786,268,50000,0.009997726831193746,0.011995286879992793,30,50000,0.07188424652380607,0.0737751687053631,1363,50000,0.046136507665685625,0.04809158856406773,561,50000
83,1680000,monitor,lr_9e-6,/data/suehara/part/march/datasets/20250711_ilc_nnqq_sgv_10m_3cat_parquet,val50k_tail,completed,1,4,validation_working_point_mistag_percent,1.0142500004221349,1.0142500004221349,1.0142500004221349,0.1780000073876956,0.06799999900390627,3.214000046099244,0.2,0.5419999961956787,0.060000001464843786,2.7319999395538344,1.120000013671875,0.01788086961137308,0.019873709754570246,89,50000,0.010701894656100771,0.01269913471129969,34,50000,0.07794493760154633,0.07981634017349623,1607,50000,0.01900861920277211,0.02100057936356898,100,50000,0.031860236585205204,0.03383851701959659,271,50000,0.009997726831193746,0.011995286879992793,30,50000,0.07196220925270759,0.07385289143906452,1366,50000,0.046094952584993,0.04805011348177502,560,50000
83,1680000,full,lr_14e-6,/data/suehara/part/march/datasets/20250711_ilc_nnqq_sgv_10m_3cat_parquet,val1000k,completed,1,4,validation_working_point_mistag_percent,1.0323514514714054,1.0323514514714054,1.0323514514714054,0.18214735770154583,0.05882441644125206,3.339435070323055,0.19638304714715388,0.5184024320364097,0.054701680193624716,2.7500262787469034,1.1588913291812997,0.004220727113757273,0.004320663026533738,1816,996995,0.002381674117141674,0.002482110273273276,585,994485,0.01794671023803429,0.018040312549373605,33294,996995,0.004389618331111637,0.004489777844563772,1953,994485,0.007136818963916422,0.007235916336888713,5177,998645,0.0022949880287302118,0.0023954324760532236,544,994485,0.016317429386467075,0.016412057460307716,27463,998645,0.010683251327360359,0.01078147515095277,11525,994485
83,1680000,full,lr_3e-6,/data/suehara/part/march/datasets/20250711_ilc_nnqq_sgv_10m_3cat_parquet,val1000k,completed,3,4,validation_working_point_mistag_percent,1.0338047263901458,1.0338047263901458,1.0338047263901458,0.18154553713666655,0.05922663405538688,3.3449515053870393,0.19598083780133518,0.5210059542515496,0.054902788152846896,2.753531012989632,1.1592935413467094,0.004213679385590345,0.004313616505610229,1810,996995,0.0023899660692835046,0.0024904014165183855,589,994485,0.017961057820416182,0.018054649065357697,33349,996995,0.004385078574024133,0.004485238896372945,1949,994485,0.0071547495644449025,0.00725384172330177,5203,998645,0.002299290983640175,0.002399735026514837,546,994485,0.016327562367424164,0.016422183422263453,27498,998645,0.01068509213836416,0.010783315153059872,11529,994485
83,1680000,full,lr_6e-6,/data/suehara/part/march/datasets/20250711_ilc_nnqq_sgv_10m_3cat_parquet,val1000k,completed,4,4,validation_working_point_mistag_percent,1.034030247753464,1.034030247753464,1.034030247753464,0.1820470537855487,0.05902552688316613,3.3478602162615223,0.19598083780133518,0.520905821012862,0.054701680193624716,2.752930128792612,1.1587907172970415,0.004219553306064497,0.004319489420048198,1815,996995,0.0023858236293022557,0.0024862593809854864,587,994485,0.01796861762981966,0.018062203039750924,33378,996995,0.004385078574024133,0.004485238896372945,1949,994485,0.0071540607684293656,0.007253153127829114,5202,998645,0.0022949880287302118,0.0023954324760532236,544,994485,0.01632582578339342,0.01642044804148965,27492,998645,0.010682791072926835,0.010781015098743595,11524,994485
83,1680000,full,lr_9e-6,/data/suehara/part/march/datasets/20250711_ilc_nnqq_sgv_10m_3cat_parquet,val1000k,completed,2,4,validation_working_point_mistag_percent,1.0326402060161723,1.0326402060161723,1.0326402060161723,0.18194675925103324,0.05922663405538688,3.339234502298093,0.1962824929649666,0.5194037762024052,0.054701680193624716,2.749926175668864,1.1603996274950048,0.0042183791732625315,0.004318315488453469,1814,996995,0.0023899660692835046,0.0024904014165183855,589,994485,0.017946188260388463,0.01803979097414199,33292,996995,0.004388483830503618,0.004488643546179906,1952,994485,0.007143720748270695,0.007242816115814003,5187,998645,0.0022949880287302118,0.0023954324760532236,544,994485,0.016317139769549474,0.01641176804393317,27462,998645,0.010690152664269599,0.010788373454499213,11540,994485
83,1680000,full_holdout,lr_14e-6,/data/suehara/part/march/datasets/20250711_ilc_nnqq_sgv_10m_3cat_parquet,val_holdout,completed,1,4,validation_working_point_mistag_percent,1.0329537707485494,1.0329537707485494,1.0329537707485494,0.18248504444620178,0.05854271238276986,3.3432235840712763,0.1957455451281653,0.5177794706318006,0.05471082437498126,2.749974928130805,1.1611680568223939,0.0043447976526330995,0.00445056777258041,1719,941995,0.0024429453395182583,0.002549261894076323,550,939485,0.01847195915558042,0.018571018549271012,31493,941995,0.0045074058023935465,0.004613430276326214,1839,939485,0.00733598198540044,0.007440856526358397,4886,943645,0.0023599528686871207,0.0024662775806559784,514,939485,0.016784675078509656,0.016884818617863076,25950,943645,0.011000781863908238,0.011104751123510587,10909,939485
83,1680000,full_holdout,lr_3e-6,/data/suehara/part/march/datasets/20250711_ilc_nnqq_sgv_10m_3cat_parquet,val_holdout,completed,3,4,validation_working_point_mistag_percent,1.0344521416671477,1.0344521416671477,1.0344521416671477,0.18163578411194636,0.05896847777827046,3.3483192623642855,0.19542622245608798,0.5208526641682122,0.055030150033067125,2.7535778686893018,1.161806703736011,0.00433457185473273,0.004440343777790479,1711,941995,0.0024519966445267754,0.0025583122927058536,554,939485,0.018485585238249558,0.018584633813277518,31541,941995,0.0045036919861245585,0.004609717139841471,1836,939485,0.007357763561147319,0.007462631588667917,4915,943645,0.0023669778482447268,0.0024733018804293607,517,939485,0.016795391658480305,0.01689552756138947,25984,943645,0.011003785873718412,0.0111077537737524,10915,939485
83,1680000,full_holdout,lr_6e-6,/data/suehara/part/march/datasets/20250711_ilc_nnqq_sgv_10m_3cat_parquet,val_holdout,completed,4,4,validation_working_point_mistag_percent,1.0351954935423966,1.0351954935423966,1.0351954935423966,0.18248504444620178,0.05864915363228842,3.352990206013124,0.1957455451281653,0.5205347363371149,0.05481726818893435,2.75368373373396,1.1626582608593836,0.0043447976526330995,0.00445056777258041,1719,941995,0.0024452112469395887,0.002551527574902912,551,939485,0.018498065721590795,0.018597104379511342,31585,941995,0.0045074058023935465,0.004613430276326214,1839,939485,0.007355513326407111,0.00746038202773143,4912,943645,0.0023622968034291343,0.0024686212888032507,515,939485,0.016795706736514107,0.01689584241482238,25985,943645,0.011007789890409708,0.01111175597768542,10923,939485
83,1680000,full_holdout,lr_9e-6,/data/suehara/part/march/datasets/20250711_ilc_nnqq_sgv_10m_3cat_parquet,val_holdout,completed,2,4,validation_working_point_mistag_percent,1.033962846148452,1.033962846148452,1.033962846148452,0.18227273091365095,0.05886203420349795,3.3482132023393962,0.1957455451281653,0.5185212554866798,0.05481726818893435,2.750186689652032,1.1630840432752594,0.004342243449555259,0.00444801402028018,1717,941995,0.002449736893872848,0.002556052768646689,553,939485,0.01848530147878849,0.018584350279204215,31540,941995,0.0045074058023935465,0.004613430276326214,1839,939485,0.0073412456043790535,0.007446118573127981,4893,943645,0.0023622968034291343,0.0024686212888032507,515,939485,0.016785305676887338,0.016885448767038277,25952,943645,0.011009791329338187,0.011113756510235107,10927,939485
85,1720000,control,lr_14e-6,/data/suehara/part/march/datasets/20250711_ilc_nnqq_sgv_10m_3cat_parquet,val5k_tail,completed,2,4,validation_working_point_mistag_percent,1.0473845345087973,1.0473845345087973,1.0473845345087973,0.12575979556664482,0.02083767451552407,3.3116746245319537,0.20837674780544016,0.5245488896357492,0.02083767451552407,2.958455739913568,1.2085851295859744,0.04190586807711847,0.06280873488399848,6,4771,0.012878107764533887,0.033702758733485744,1,4799,0.2494371999323737,0.26900481321765546,158,4771,0.056258123594067753,0.07700463328358642,10,4799,0.09475807996240632,0.11551555892697248,25,4766,0.012878107764533887,0.033702758733485744,1,4799,0.23573821371930884,0.25547454443964784,141,4766,0.14787901940049447,0.16820877559970243,58,4799
85,1720000,control,lr_3e-6,/data/suehara/part/march/datasets/20250711_ilc_nnqq_sgv_10m_3cat_parquet,val5k_tail,completed,4,4,validation_working_point_mistag_percent,1.0657686931121915,1.0657686931121915,1.0657686931121915,0.16782043213761275,0.02082899395959175,3.377386158931848,0.20828993694792566,0.4823825410731039,0.02082899395959175,2.957214895228267,1.2913975926595902,0.0497403832424323,0.07064314312828063,8,4767,0.012872743121947704,0.033688724382272744,1,4801,0.2520188321846646,0.27157529770615374,161,4767,0.05623470265544684,0.07697260772017156,10,4801,0.09048292467640495,0.11124938198387585,23,4768,0.012872743121947704,0.033688724382272744,1,4801,0.23564065763584352,0.25536923185890853,141,4768,0.1531003019887506,0.1733871001455627,62,4801
85,1720000,control,lr_6e-6,/data/suehara/part/march/datasets/20250711_ilc_nnqq_sgv_10m_3cat_parquet,val5k_tail,completed,1,4,validation_working_point_mistag_percent,1.0070638232812583,1.0070638232812583,1.0070638232812583,0.1669797537048633,0.02092487968194183,3.297850177684158,0.14647415590289328,0.48258497537480854,0.02092487968194183,2.8745278001655783,1.0462439640538825,0.04949133520857928,0.07028975768199122,8,4791,0.01293200114484,0.03384374805710697,1,4779,0.24841168189436227,0.2679033971966692,158,4791,0.04586072179342854,0.06671993762699603,7,4779,0.0905208278302718,0.11129591279904891,23,4766,0.01293200114484,0.03384374805710697,1,4779,0.23232268502343043,0.25209422775219065,137,4766,0.13728433398798157,0.1577670770908696,50,4779
85,1720000,control,lr_9e-6,/data/suehara/part/march/datasets/20250711_ilc_nnqq_sgv_10m_3cat_parquet,val5k_tail,completed,3,4,validation_working_point_mistag_percent,1.0566539803544803,1.0566539803544803,1.0566539803544803,0.1670843776106934,0.04186728072011723,3.425229762850818,0.23027003954744574,0.5030391822665793,0.020929259104227712,2.934395314352404,1.1304166263835578,0.04952232973977934,0.0703337373916437,8,4788,0.020932179397847108,0.04184391347875119,2,4777,0.2532720118856101,0.27272274074715896,164,4788,0.05970336143641148,0.0805362329123593,11,4777,0.09256466437026516,0.11330940904958732,24,4771,0.0,0.020929259104227712,0,4777,0.23464643293055232,0.2543721683433909,140,4771,0.14305585022873335,0.16351193370322312,54,4777
85,1720000,monitor,lr_14e-6,/data/suehara/part/march/datasets/20250711_ilc_nnqq_sgv_10m_3cat_parquet,val50k_tail,completed,3,4,validation_working_point_mistag_percent,1.0147499958683401,1.0147499958683401,1.0147499958683401,0.18199999600097666,0.06799999900390627,3.215999913632815,0.2040000012451172,0.5340000076593019,0.060000001464843786,2.740000077346804,1.1139999705929573,0.018090905588142768,0.020083585734539902,91,50000,0.010701894656100771,0.01269913471129969,34,50000,0.07796869753829844,0.07984002011184876,1608,50000,0.019206856011727752,0.021198656175724483,102,50000,0.03161828095052371,0.03359688137851511,267,50000,0.009997726831193746,0.011995286879992793,30,50000,0.07206601511678366,0.07395637730954023,1370,50000,0.04597005685339165,0.047925457745373774,557,50000
85,1720000,monitor,lr_3e-6,/data/suehara/part/march/datasets/20250711_ilc_nnqq_sgv_10m_3cat_parquet,val50k_tail,completed,1,4,validation_working_point_mistag_percent,1.014250017054215,1.014250017054215,1.014250017054215,0.18199999600097666,0.06799999900390627,3.2080000283911136,0.2020000022192383,0.5359999856054691,0.060000001464843786,2.740000077346804,1.118000046401369,0.018090905588142768,0.020083585734539902,91,50000,0.010701894656100771,0.01269913471129969,34,50000,0.07787360886576944,0.07974525143291944,1604,50000,0.019107983742976033,0.02109986390537279,101,50000,0.0316789413138693,0.033657461743460786,268,50000,0.009997726831193746,0.011995286879992793,30,50000,0.07206601511678366,0.07395637730954023,1370,50000,0.046053359157277075,0.04800860005245936,559,50000
85,1720000,monitor,lr_6e-6,/data/suehara/part/march/datasets/20250711_ilc_nnqq_sgv_10m_3cat_parquet,val50k_tail,completed,4,4,validation_working_point_mistag_percent,1.0184999830154808,1.0184999830154808,1.0184999830154808,0.18199999600097666,0.06799999900390627,3.2359999064297513,0.2,0.5359999856054691,0.060000001464843786,2.7439999338452163,1.1220000417736833,0.018090905588142768,0.020083585734539902,91,50000,0.010701894656100771,0.01269913471129969,34,50000,0.07820585030263033,0.08007637289217939,1618,50000,0.01900861920277211,0.02100057936356898,100,50000,0.0316789413138693,0.033657461743460786,268,50000,0.009997726831193746,0.011995286879992793,30,50000,0.07211785634308569,0.07400805853904242,1372,50000,0.046136507665685625,0.04809158856406773,561,50000
85,1720000,monitor,lr_9e-6,/data/suehara/part/march/datasets/20250711_ilc_nnqq_sgv_10m_3cat_parquet,val50k_tail,completed,2,4,validation_working_point_mistag_percent,1.0144999913908395,1.0144999913908395,1.0144999913908395,0.18000000439453137,0.06600000112792971,3.214000046099244,0.2,0.5419999961956787,0.060000001464843786,2.7339998681726136,1.120000013671875,0.017986179985518026,0.019978940130315186,90,50000,0.010529894247015226,0.01252721430061417,33,50000,0.07794493760154633,0.07981634017349623,1607,50000,0.01900861920277211,0.02100057936356898,100,50000,0.031860236585205204,0.03383851701959659,271,50000,0.009997726831193746,0.011995286879992793,30,50000,0.07198817617255562,0.07387877836051229,1367,50000,0.046094952584993,0.04805011348177502,560,50000
87,1760000,control,lr_14e-6,/data/suehara/part/march/datasets/20250711_ilc_nnqq_sgv_10m_3cat_parquet,val5k_tail,completed,4,4,validation_working_point_mistag_percent,1.0515131388207952,1.0515131388207952,1.0515131388207952,0.1465354787758778,0.041858518208455424,3.3075152402788497,0.2092925963893706,0.5019870448185977,0.020929259104227712,2.9700899488224173,1.2138970241685645,0.04587991455145648,0.06674783607405153,7,4777,0.02092779875353912,0.041835160746337426,2,4778,0.24912865690157118,0.2686734391632327,158,4777,0.056505226475652,0.07734251771187631,10,4778,0.09237141291402011,0.11307321674839857,24,4781,0.01293470765705301,0.03385082849442308,1,4778,0.23585159044020693,0.25552114713642515,142,4781,0.14852569544278343,0.16894256213956324,58,4778
87,1760000,control,lr_3e-6,/data/suehara/part/march/datasets/20250711_ilc_nnqq_sgv_10m_3cat_parquet,val5k_tail,completed,3,4,validation_working_point_mistag_percent,1.0358194462102288,1.0358194462102288,1.0358194462102288,0.1465354787758778,0.041858518208455424,3.2447142376715057,0.2092925963893706,0.4810708995268275,0.020929259104227712,2.9282575558370003,1.2138970241685645,0.04587991455145648,0.06674783607405153,7,4777,0.02092779875353912,0.041835160746337426,2,4778,0.24673299068620308,0.2663040604828505,155,4777,0.056505226475652,0.07734251771187631,10,4778,0.09023732577909489,0.11094787747057627,23,4781,0.01293470765705301,0.03385082849442308,1,4778,0.2341621625466198,0.2538492149570436,140,4781,0.14852569544278343,0.16894256213956324,58,4778
87,1760000,control,lr_6e-6,/data/suehara/part/march/datasets/20250711_ilc_nnqq_sgv_10m_3cat_parquet,val5k_tail,completed,1,4,validation_working_point_mistag_percent,1.017726481995714,1.017726481995714,1.017726481995714,0.16760946993505133,0.04182350480970305,3.2474334592281995,0.23002928085734203,0.46015479108371454,0.020911752404851526,2.9491737118262265,1.0246758858206237,0.04967788654531877,0.07055446406105609,8,4773,0.020910294496419086,0.041800186403251734,2,4782,0.24693668923496498,0.2665230178985629,155,4773,0.059640981690812125,0.08045217580477676,11,4782,0.08805623362875313,0.10877553317733762,22,4781,0.012923888399800581,0.03382252450584078,1,4782,0.23500850534401777,0.2546868098973396,141,4781,0.13573525040325077,0.15621416494732854,49,4782
87,1760000,control,lr_9e-6,/data/suehara/part/march/datasets/20250711_ilc_nnqq_sgv_10m_3cat_parquet,val5k_tail,completed,2,4,validation_working_point_mistag_percent,1.0309855304063862,1.0309855304063862,1.0309855304063862,0.1672940192388122,0.041788549937317176,3.1367629433022657,0.22983702318970553,0.4823825410731039,0.020894274968658588,2.9152684493786496,1.2536564421625764,0.04958443541231393,0.07042186212390122,8,4782,0.020892819496360855,0.04176527048865778,2,4786,0.2424328851368819,0.26202863556099787,150,4782,0.059591171669438066,0.08038505634683298,11,4786,0.09048292467640495,0.11124938198387585,23,4768,0.012913087226991995,0.033794267809833585,1,4786,0.2339402509672014,0.2536864164289856,139,4768,0.15095088081469085,0.1713170155553974,60,4786
87,1760000,monitor,lr_14e-6,/data/suehara/part/march/datasets/20250711_ilc_nnqq_sgv_10m_3cat_parquet,val50k_tail,completed,3,4,validation_working_point_mistag_percent,1.015749976954108,1.015749976954108,1.015749976954108,0.18199999600097666,0.06799999900390627,3.225999976741257,0.2040000012451172,0.5359999856054691,0.060000001464843786,2.7339998681726136,1.115999987398682,0.018090905588142768,0.020083585734539902,91,50000,0.010701894656100771,0.01269913471129969,34,50000,0.07808737523863907,0.07995829782018876,1613,50000,0.019206856011727752,0.021198656175724483,102,50000,0.0316789413138693,0.033657461743460786,268,50000,0.009997726831193746,0.011995286879992793,30,50000,0.07198817617255562,0.07387877836051229,1367,50000,0.04601172728080586,0.047967048174388065,558,50000
87,1760000,monitor,lr_3e-6,/data/suehara/part/march/datasets/20250711_ilc_nnqq_sgv_10m_3cat_parquet,val50k_tail,completed,1,4,validation_working_point_mistag_percent,1.0134999932655724,1.0134999932655724,1.0134999932655724,0.18199999600097666,0.06799999900390627,3.2039999154217553,0.2020000022192383,0.5379999840740971,0.060000001464843786,2.740000077346804,1.1139999705929573,0.018090905588142768,0.020083585734539902,91,50000,0.010701894656100771,0.01269913471129969,34,50000,0.07782601553025723,0.07969781809420776,1602,50000,0.019107983742976033,0.02109986390537279,101,50000,0.03173948695166986,0.03371792738286125,269,50000,0.009997726831193746,0.011995286879992793,30,50000,0.07206601511678366,0.07395637730954023,1370,50000,0.04597005685339165,0.047925457745373774,557,50000
87,1760000,monitor,lr_6e-6,/data/suehara/part/march/datasets/20250711_ilc_nnqq_sgv_10m_3cat_parquet,val50k_tail,completed,4,4,validation_working_point_mistag_percent,1.018499989691172,1.018499989691172,1.018499989691172,0.18399999640625006,0.06600000112792971,3.225999976741257,0.2020000022192383,0.540000013183594,0.060000001464843786,2.7459999298164384,1.1239999965698242,0.018195055988739096,0.02018765613673616,92,50000,0.010529894247015226,0.01252721430061417,33,50000,0.07808737523863907,0.07995829782018876,1613,50000,0.019107983742976033,0.02109986390537279,101,50000,0.031799918499033665,0.033778278931824966,270,50000,0.009997726831193746,0.011995286879992793,30,50000,0.07214376156805119,0.07403388376560766,1373,50000,0.04617802450063591,0.0481330254006181,562,50000
87,1760000,monitor,lr_9e-6,/data/suehara/part/march/datasets/20250711_ilc_nnqq_sgv_10m_3cat_parquet,val50k_tail,completed,2,4,validation_working_point_mistag_percent,1.0154999896900188,1.0154999896900188,1.0154999896900188,0.18199999600097666,0.06600000112792971,3.22000000491333,0.2,0.5419999961956787,0.060000001464843786,2.7359998714160216,1.118000046401369,0.018090905588142768,0.020083585734539902,91,50000,0.010529894247015226,0.01252721430061417,33,50000,0.07801619299314527,0.07988735556989507,1610,50000,0.01900861920277211,0.02100057936356898,100,50000,0.031860236585205204,0.03383851701959659,271,50000,0.009997726831193746,0.011995286879992793,30,50000,0.07201413278253264,0.07390465497208905,1368,50000,0.046053359157277075,0.04800860005245936,559,50000
89,1800000,control,lr_14e-6,/data/suehara/part/march/datasets/20250711_ilc_nnqq_sgv_10m_3cat_parquet,val5k_tail,completed,2,4,validation_working_point_mistag_percent,1.0066532764083205,1.0066532764083205,1.0066532764083205,0.14568157798472514,0.06289308176100629,3.184183060402171,0.20964360587002095,0.4830917874396135,0.020964360587002098,2.898550724637681,1.048218012584342,0.0456126692816467,0.06635936858181907,7,4805,0.02730834605962452,0.048241947785987525,3,4770,0.24371412588721983,0.26319636344753694,153,4805,0.056599932841732696,0.07747201684681752,10,4770,0.09061572478849923,0.11141241030406422,23,4761,0.012956400606867183,0.03390757882502396,1,4770,0.233423261938321,0.2532054749897119,138,4761,0.1375422536216071,0.15806280779081683,50,4770
89,1800000,control,lr_3e-6,/data/suehara/part/march/datasets/20250711_ilc_nnqq_sgv_10m_3cat_parquet,val5k_tail,completed,1,4,validation_working_point_mistag_percent,1.0009459790830164,1.0009459790830164,1.0009459790830164,0.16722408026755853,0.041999160016799666,3.135451495016055,0.209995794700913,0.48016702685055096,0.020995171110644553,2.9227556480214782,1.0289794566801314,0.04956371622062809,0.070392462686556,8,4784,0.020998109827060435,0.04197564534668387,2,4762,0.2423329844485636,0.26192109249244394,150,4784,0.0566949572083424,0.07760195036388132,10,4762,0.09006807532829678,0.11074009911681126,23,4790,0.0,0.02099517111064455,0,4762,0.23372802458582093,0.25338039121444617,140,4790,0.1363029403186779,0.15686603944930505,49,4762
89,1800000,control,lr_6e-6,/data/suehara/part/march/datasets/20250711_ilc_nnqq_sgv_10m_3cat_parquet,val5k_tail,completed,3,4,validation_working_point_mistag_percent,1.0247452750269572,1.0247452750269572,1.0247452750269572,0.16677089847821555,0.04149377593360996,3.2311861528763823,0.2282157647449824,0.4238186111184224,0.02074688796680498,2.9031574650397687,1.1825726440574713,0.04942946239185639,0.07020196305943535,8,4797,0.020745452957365237,0.04147082372030504,2,4820,0.24571951631200475,0.2652146450498071,155,4797,0.05917112196977374,0.07981903079879892,11,4820,0.08463580759161672,0.10564266411465205,20,4719,0.012822001055293498,0.03355597869977937,1,4820,0.23460614504406918,0.2545624342607584,137,4719,0.14589345048692648,0.16614544276483245,57,4820
89,1800000,control,lr_9e-6,/data/suehara/part/march/datasets/20250711_ilc_nnqq_sgv_10m_3cat_parquet,val5k_tail,completed,4,4,validation_working_point_mistag_percent,1.0299999369627841,1.0299999369627841,1.0299999369627841,0.16677089847821555,0.04149377593360996,3.252032520325203,0.2282157647449824,0.4238186111184224,0.02074688796680498,2.9243483930775636,1.1825726440574713,0.04942946239185639,0.07020196305943535,8,4797,0.020745452957365237,0.04147082372030504,2,4820,0.24651769546284452,0.26600413459568206,156,4797,0.05917112196977374,0.07981903079879892,11,4820,0.08463580759161672,0.10564266411465205,20,4719,0.012822001055293498,0.03355597869977937,1,4820,0.23547324834468747,0.255420558353631,138,4719,0.14589345048692648,0.16614544276483245,57,4820
89,1800000,monitor,lr_14e-6,/data/suehara/part/march/datasets/20250711_ilc_nnqq_sgv_10m_3cat_parquet,val50k_tail,completed,2,4,validation_working_point_mistag_percent,1.01474996954548,1.01474996954548,1.01474996954548,0.1780000073876956,0.06799999900390627,3.227999904444583,0.2040000012451172,0.5300000008087158,0.060000001464843786,2.7359998714160216,1.1139999705929573,0.01788086961137308,0.019873709754570246,89,50000,0.010701894656100771,0.01269913471129969,34,50000,0.0781110864332149,0.07998192901636503,1614,50000,0.019206856011727752,0.021198656175724483,102,50000,0.031496613476984014,0.0334753739017756,265,50000,0.009997726831193746,0.011995286879992793,30,50000,0.07201413278253264,0.07390465497208905,1368,50000,0.04597005685339165,0.047925457745373774,557,50000
89,1800000,monitor,lr_3e-6,/data/suehara/part/march/datasets/20250711_ilc_nnqq_sgv_10m_3cat_parquet,val50k_tail,completed,1,4,validation_working_point_mistag_percent,1.0137500098620038,1.0137500098620038,1.0137500098620038,0.18199999600097666,0.06799999900390627,3.2020000774409505,0.2020000022192383,0.540000013183594,0.060000001464843786,2.7379999431811535,1.118000046401369,0.018090905588142768,0.020083585734539902,91,50000,0.010701894656100771,0.01269913471129969,34,50000,0.07780220658682446,0.07967408914917457,1601,50000,0.019107983742976033,0.02109986390537279,101,50000,0.031799918499033665,0.033778278931824966,270,50000,0.009997726831193746,0.011995286879992793,30,50000,0.07204007909362084,0.07393052128477767,1369,50000,0.046053359157277075,0.04800860005245936,559,50000
89,1800000,monitor,lr_6e-6,/data/suehara/part/march/datasets/20250711_ilc_nnqq_sgv_10m_3cat_parquet,val50k_tail,completed,4,4,validation_working_point_mistag_percent,1.016999994738293,1.016999994738293,1.016999994738293,0.18399999640625006,0.06600000112792971,3.223999948345948,0.2020000022192383,0.5359999856054691,0.060000001464843786,2.7419999809629823,1.1220000417736833,0.018195055988739096,0.02018765613673616,92,50000,0.010529894247015226,0.01252721430061417,33,50000,0.07806365593863093,0.0799346585185802,1612,50000,0.019107983742976033,0.02109986390537279,101,50000,0.0316789413138693,0.033657461743460786,268,50000,0.009997726831193746,0.011995286879992793,30,50000,0.07209194086296444,0.07398222305732075,1371,50000,0.046136507665685625,0.04809158856406773,561,50000
89,1800000,monitor,lr_9e-6,/data/suehara/part/march/datasets/20250711_ilc_nnqq_sgv_10m_3cat_parquet,val50k_tail,completed,3,4,validation_working_point_mistag_percent,1.0154999825920876,1.0154999825920876,1.0154999825920876,0.18199999600097666,0.06600000112792971,3.22000000491333,0.2020000022192383,0.5419999961956787,0.060000001464843786,2.7359998714160216,1.115999987398682,0.018090905588142768,0.020083585734539902,91,50000,0.010529894247015226,0.01252721430061417,33,50000,0.07801619299314527,0.07988735556989507,1610,50000,0.019107983742976033,0.02109986390537279,101,50000,0.031860236585205204,0.03383851701959659,271,50000,0.009997726831193746,0.011995286879992793,30,50000,0.07201413278253264,0.07390465497208905,1368,50000,0.04601172728080586,0.047967048174388065,558,50000
89,1800000,full,lr_14e-6,/data/suehara/part/march/datasets/20250711_ilc_nnqq_sgv_10m_3cat_parquet,val1000k,completed,1,4,validation_working_point_mistag_percent,1.0312988087213542,1.0312988087213542,1.0312988087213542,0.18224765057483538,0.05852275479294361,3.3358240711142964,0.19588028515262948,0.5178016028810299,0.05450057165058827,2.746621677548979,1.1589918560555317,0.0042219005966088324,0.00432183630817806,1817,996995,0.0023754365091569786,0.002475873271961127,582,994485,0.017937311980845833,0.018030921535646532,33258,996995,0.0043839429028972665,0.0044841034274702325,1948,994485,0.00713267464362401,0.0072317732198537606,5171,998645,0.002290677147671438,0.0023911219994428214,542,994485,0.01630757919169855,0.01640221408399818,27429,998645,0.01068371156111806,0.01078193518248647,11526,994485
89,1800000,full,lr_3e-6,/data/suehara/part/march/datasets/20250711_ilc_nnqq_sgv_10m_3cat_parquet,val1000k,completed,2,4,validation_working_point_mistag_percent,1.0318247220531178,1.0318247220531178,1.0318247220531178,0.18124463202162547,0.05892497172255919,3.333717814389248,0.1961819477404531,0.5197042088776987,0.054902788152846896,2.750426763948912,1.1594946495715985,0.004210151118003895,0.0043100888416454895,1807,996995,0.0023837497595035023,0.002484185713410908,586,994485,0.01793182706118293,0.018025440841334256,33237,996995,0.004387349037602607,0.00448750895550307,1951,994485,0.007145789965800307,0.007244884731714973,5190,998645,0.002299290983640175,0.002399735026514837,546,994485,0.01631858779678544,0.016413215068454556,27467,998645,0.010686012419865165,0.010784235030112527,11531,994485
89,1800000,full,lr_6e-6,/data/suehara/part/march/datasets/20250711_ilc_nnqq_sgv_10m_3cat_parquet,val1000k,completed,4,4,validation_working_point_mistag_percent,1.0325262224397567,1.0325262224397567,1.0325262224397567,0.18144525174144363,0.05882441644125206,3.339535257012516,0.19638304714715388,0.5203050027672166,0.054701680193624716,2.7507272044070565,1.1582879198077909,0.004212503623209855,0.0043124409444369755,1809,996995,0.002381674117141674,0.002482110273273276,585,994485,0.017946971220342278,0.018040573330474485,33295,996995,0.004389618331111637,0.004489777844563772,1953,994485,0.007149926579567197,0.007249020142224404,5196,998645,0.0022949880287302118,0.0023954324760532236,544,994485,0.016319456544313868,0.016414083214354516,27470,998645,0.010680489490531506,0.010778714527468966,11519,994485
89,1800000,full,lr_9e-6,/data/suehara/part/march/datasets/20250711_ilc_nnqq_sgv_10m_3cat_parquet,val1000k,completed,3,4,validation_working_point_mistag_percent,1.0322011248757044,1.0322011248757044,1.0322011248757044,0.1824482632671424,0.05842219980834495,3.341140126596613,0.1956791735803496,0.5180019018801518,0.05460112452189024,2.7482238089796587,1.159092400371484,0.004224246588858363,0.004324181898013074,1819,996995,0.0023733537309243605,0.002473790695952684,581,994485,0.01795114634673689,0.018044745237552617,33311,996995,0.004381670680842485,0.004481831609863844,1946,994485,0.007134056354892414,0.007233154530036402,5173,998645,0.002292833581701728,0.002393278231248915,543,994485,0.016312215404135424,0.01640684708774827,27445,998645,0.010684171774203062,0.010782395193347123,11527,994485
89,1800000,full_holdout,lr_14e-6,/data/suehara/part/march/datasets/20250711_ilc_nnqq_sgv_10m_3cat_parquet,val_holdout,completed,1,4,validation_working_point_mistag_percent,1.0322907641100245,1.0322907641100245,1.0322907641100245,0.18248504444620178,0.0583298301257623,3.3425867023591436,0.19553265642403664,0.5173555596658125,0.054604385494696935,2.746689594863704,1.1607423395008396,0.0043447976526330995,0.00445056777258041,1719,941995,0.002438407328721182,0.002544724336468729,548,939485,0.018470255086240617,0.018569315832263344,31487,941995,0.004504930263689723,0.004610955190811981,1837,939485,0.00733297248387433,0.0074378479232374214,4882,943645,0.0023576066502109245,0.0024639315887745234,513,939485,0.016774897421717103,0.01687504792371071,25919,943645,0.010998778715413417,0.011102748881394557,10905,939485
89,1800000,full_holdout,lr_3e-6,/data/suehara/part/march/datasets/20250711_ilc_nnqq_sgv_10m_3cat_parquet,val_holdout,completed,2,4,validation_working_point_mistag_percent,1.032767896951061,1.032767896951061,1.032767896951061,0.18163578411194636,0.05886203420349795,3.339720543777298,0.19553265642403664,0.5189451483308449,0.055030150033067125,2.7507165248027654,1.1617003339250318,0.00433457185473273,0.004440343777790479,1711,941995,0.002449736893872848,0.002556052768646689,553,939485,0.01846258454667668,0.018561651378196792,31460,941995,0.004504930263689723,0.004610955190811981,1837,939485,0.0073442516700211215,0.007449123740364914,4897,943645,0.0023669778482447268,0.0024733018804293607,517,939485,0.01678688205720702,0.01688702402435141,25957,943645,0.011003285264803674,0.0111072533914321,10914,939485
89,1800000,full_holdout,lr_6e-6,/data/suehara/part/march/datasets/20250711_ilc_nnqq_sgv_10m_3cat_parquet,val_holdout,completed,4,4,validation_working_point_mistag_percent,1.0335235045239461,1.0335235045239461,1.0335235045239461,0.18174194507364408,0.05843626912098997,3.347257682173705,0.1957455451281653,0.5195809705055188,0.05471082437498126,2.7505046816833074,1.1602101181312572,0.004335851391776909,0.004441623089445853,1712,941995,0.00244067736865696,0.002546994149809766,549,939485,0.01848274741922326,0.018581798248138576,31531,941995,0.0045074058023935465,0.004613430276326214,1839,939485,0.007348758431663556,0.007453629154399559,4903,943645,0.0023599528686871207,0.0024662775806559784,514,939485,0.01678625152489871,0.01688639394124558,25955,943645,0.010996274244732228,0.011100245543687291,10900,939485
89,1800000,full_holdout,lr_9e-6,/data/suehara/part/march/datasets/20250711_ilc_nnqq_sgv_10m_3cat_parquet,val_holdout,completed,3,4,validation_working_point_mistag_percent,1.0332194716236474,1.0332194716236474,1.0332194716236474,0.1826973642247695,0.058116948440221125,3.3489561914821504,0.19521334123051368,0.5171436399286402,0.054604385494696935,2.747749367238007,1.1612745349501798,0.004347350362460234,0.004453120031629935,1721,941995,0.0024338610189594,0.0025401784798964513,546,939485,0.018487287690319848,0.018586334913014285,31547,941995,0.0045012144131858665,0.0046072400200922615,1834,939485,0.007331467263603248,0.007436343152168994,4880,943645,0.0023576066502109245,0.0024639315887745234,513,939485,0.01677805219909255,0.01687820045507306,25929,943645,0.011001282591607646,0.01110525162461521,10910,939485
