generation,training_chunk,samples_seen,epoch_fraction,trial,LR,optimization_metric_name,optimization_metric_value,optimization_metric_mode,controller_objective_mistag_percent,validation_working_point_mistag_percent,ctag_score,btag_score,total_mistag_score,group_score_warning,btag_c_mistag_percent_at_0p80,btag_d_mistag_percent_at_0p80,btag_c_mistag_percent_at_0p90,btag_d_mistag_percent_at_0p90,ctag_b_mistag_percent_at_0p50,ctag_d_mistag_percent_at_0p50,ctag_b_mistag_percent_at_0p80,ctag_d_mistag_percent_at_0p80,btag_c_mistag_percent_at_0p80_err_low,btag_c_mistag_percent_at_0p80_err_high,btag_c_mistag_percent_at_0p80_passed,btag_c_mistag_percent_at_0p80_total,btag_d_mistag_percent_at_0p80_err_low,btag_d_mistag_percent_at_0p80_err_high,btag_d_mistag_percent_at_0p80_passed,btag_d_mistag_percent_at_0p80_total,btag_c_mistag_percent_at_0p90_err_low,btag_c_mistag_percent_at_0p90_err_high,btag_c_mistag_percent_at_0p90_passed,btag_c_mistag_percent_at_0p90_total,btag_d_mistag_percent_at_0p90_err_low,btag_d_mistag_percent_at_0p90_err_high,btag_d_mistag_percent_at_0p90_passed,btag_d_mistag_percent_at_0p90_total,ctag_b_mistag_percent_at_0p50_err_low,ctag_b_mistag_percent_at_0p50_err_high,ctag_b_mistag_percent_at_0p50_passed,ctag_b_mistag_percent_at_0p50_total,ctag_d_mistag_percent_at_0p50_err_low,ctag_d_mistag_percent_at_0p50_err_high,ctag_d_mistag_percent_at_0p50_passed,ctag_d_mistag_percent_at_0p50_total,ctag_b_mistag_percent_at_0p80_err_low,ctag_b_mistag_percent_at_0p80_err_high,ctag_b_mistag_percent_at_0p80_passed,ctag_b_mistag_percent_at_0p80_total,ctag_d_mistag_percent_at_0p80_err_low,ctag_d_mistag_percent_at_0p80_err_high,ctag_d_mistag_percent_at_0p80_passed,ctag_d_mistag_percent_at_0p80_total,validation_accuracy,validation_auc,validation_loss,best_so_far,training_loss,validation_shutdown_warning,validation_dataset,validation_suffix,validation_sample_count,evaluation_type
0,0,120000,,lr_14e-6,1.4e-05,validation_total_reference_mistag_geomean_percent,0.44172866388183535,min,1.0823403033477135,1.0823403033477135,0.610833421917788,0.3194393192864506,0.44172866388183535,,0.17859651956980302,0.08026164984326836,3.3833001567014267,0.2146999206931201,0.5839386921398516,0.06621586209382768,2.917686739564315,1.2340228861760947,0.01794074619034861,0.019940240651465484,89,49833,0.01172310421817404,0.013726384379778099,40,49837,0.08006035305618414,0.08193123236658467,1686,49833,0.019758431769771642,0.021756316920791163,107,49837,0.0331534661718964,0.03513665314184098,291,49834,0.010564325218106184,0.012568169037532504,33,49837,0.07445261581849952,0.07634214379201656,1454,49834,0.04848331847800685,0.050440298175639074,615,49837,0.88741,0.9707001878684146,0.30024,0.44172866388183535,0.3136,False,/data/suehara/part/march/datasets/20250711_ilc_nnqq_sgv_10m_3cat_parquet,val50k_tail,150000,proxy
0,0,120000,,lr_3e-6,3e-06,validation_total_reference_mistag_geomean_percent,0.4481842700506369,min,1.1010982664288882,1.1010982664288882,0.6283390993909899,0.3196827001781557,0.4481842700506369,,0.18886501050895915,0.07811248502971173,3.431717373965937,0.20629707206484055,0.6043569844932488,0.0680980615411293,2.9454875143415324,1.2858516294857456,0.018486267057354032,0.020487839628208777,94,49771,0.011543053965832,0.013542769061989604,39,49928,0.0806679091282958,0.08253917340278333,1708,49771,0.019333058043699797,0.021327638465187294,103,49928,0.03375118444516531,0.03573470622999977,301,49805,0.010717323555746613,0.012717439798362823,34,49928,0.07482212066870532,0.07671163247849298,1467,49805,0.04945445037439315,0.051405787207642675,642,49928,0.88699,0.9703337954282641,0.3076,0.44172866388183535,0.31864,False,/data/suehara/part/march/datasets/20250711_ilc_nnqq_sgv_10m_3cat_parquet,val50k_tail,150000,proxy
0,0,120000,,lr_6e-6,6e-06,validation_total_reference_mistag_geomean_percent,0.4569555386040372,min,1.0941641238281226,1.0941641238281226,0.6376550009967827,0.3274629132281505,0.4569555386040372,,0.18891054513790562,0.08216926869350863,3.360196076382985,0.22045413093487204,0.5917990642791345,0.07415275140923719,2.9650136219564653,1.270617531830873,0.01849072164012973,0.02049277507466167,94,49759,0.011865835765067816,0.013866630615815587,41,49897,0.07985117414415835,0.08172576433123982,1672,49759,0.020022146352418516,0.022017398501381548,110,49897,0.03337656132784825,0.03535887595525625,295,49848,0.011226444414892461,0.013227560581685702,37,49897,0.07503356426432004,0.0769206627561067,1478,49848,0.0491734748479352,0.05112663459493905,634,49897,0.88731,0.9704886012453571,0.30455,0.44172866388183535,0.31798,False,/data/suehara/part/march/datasets/20250711_ilc_nnqq_sgv_10m_3cat_parquet,val50k_tail,150000,proxy
0,0,120000,,lr_9e-6,9e-06,validation_total_reference_mistag_geomean_percent,0.4385585644671299,min,1.0856010617436642,1.0856010617436642,0.6165177479736766,0.3119676847902872,0.4385585644671299,,0.17458311142822497,0.07624857033930614,3.377280207493302,0.21068684051460107,0.5939719855418721,0.06621586209382768,2.9337401605821642,1.2520817559560145,0.017727621292261863,0.01972727682432514,87,49833,0.011403102119605274,0.013406543326301416,38,49837,0.07999067164090323,0.08186179255772336,1683,49833,0.019564311972225763,0.021562358168337407,105,49837,0.03344377316471612,0.035426557473455106,296,49834,0.010564325218106184,0.012568169037532504,33,49837,0.07465378732348302,0.07654267103907111,1462,49834,0.048839580960899874,0.050795835955617756,624,49837,0.88747,0.9706089134926597,0.30224,0.4385585644671299,0.31562,False,/data/suehara/part/march/datasets/20250711_ilc_nnqq_sgv_10m_3cat_parquet,val50k_tail,150000,proxy
1,1,240000,,lr_14e-6,1.08e-05,validation_total_reference_mistag_geomean_percent,0.4573632041290953,min,1.0889645736413263,1.0889645736413263,0.624389348417806,0.33501708672848846,0.4573632041290953,,0.19865157242892226,0.08815691672905555,3.4192150064388103,0.21037446307741348,0.5928813885308174,0.07212839064849076,2.9081333860355594,1.2221754652415413,0.018970926635763316,0.02096949590850556,99,49836,0.012321751712369544,0.01432174542453029,44,49911,0.08047224403769579,0.0823415694374878,1704,49836,0.019535331541748586,0.021530427932734807,105,49911,0.03343743658173062,0.035423333064562704,295,49757,0.011058186026998557,0.01305882201078876,36,49911,0.0743893832891758,0.07628221927418466,1447,49757,0.04821305515007885,0.050167608144455374,610,49911,0.88764,0.9706626358014617,0.29967,0.4385585644671299,0.30687,False,/data/suehara/part/march/datasets/20250711_ilc_nnqq_sgv_10m_3cat_parquet,val50k_tail,150000,proxy
1,1,240000,,lr_3e-6,7.2000000000000005e-06,validation_total_reference_mistag_geomean_percent,0.44654626625318705,min,1.0730620202800396,1.0730620202800396,0.6219637535096962,0.32060319717900343,0.44654626625318705,,0.17881898703147603,0.08609987333060627,3.3272386504644693,0.20623924054010914,0.5844429866663242,0.07208361417667877,2.908155969477586,1.2214168405530668,0.01796307802046683,0.019965054272537093,89,49771,0.012162903334987164,0.014161738011484144,43,49942,0.07945763959519847,0.08133310215432815,1656,49771,0.01932764332612555,0.021321666943548798,103,49942,0.03318202078444691,0.03516690016380011,291,49791,0.011051323911391348,0.013050719878113595,36,49942,0.07436458372684536,0.0762561263002521,1448,49791,0.0481833024488466,0.050136672617096846,610,49942,0.88781,0.9708030581063172,0.29915,0.4385585644671299,0.30726,False,/data/suehara/part/march/datasets/20250711_ilc_nnqq_sgv_10m_3cat_parquet,val50k_tail,150000,proxy
1,1,240000,,lr_6e-6,8.1e-06,validation_total_reference_mistag_geomean_percent,0.4469179389591224,min,1.0718072831035608,1.0718072831035608,0.620887128103271,0.3216939683926709,0.4469179389591224,,0.18082819401152295,0.08609987333060627,3.335275509414083,0.20623924054010914,0.5844429866663242,0.07208361417667877,2.8880720061360954,1.2214168405530668,0.018068871797298557,0.020070767313125716,90,49771,0.012162903334987164,0.014161738011484144,43,49942,0.07955147784010491,0.08142661745426244,1660,49771,0.01932764332612555,0.021321666943548798,103,49942,0.03318202078444691,0.03516690016380011,291,49791,0.011051323911391348,0.013050719878113595,36,49942,0.07411148709844939,0.07600383638582259,1438,49791,0.0481833024488466,0.050136672617096846,610,49942,0.88774,0.9708143443177382,0.29896,0.4385585644671299,0.30813,False,/data/suehara/part/march/datasets/20250711_ilc_nnqq_sgv_10m_3cat_parquet,val50k_tail,150000,proxy
1,1,240000,,lr_9e-6,9e-06,validation_total_reference_mistag_geomean_percent,0.4582775695150174,min,1.093482623357079,1.093482623357079,0.6280213451634429,0.33441272711190134,0.4582775695150174,,0.19664499678969602,0.08815691672905555,3.429247856442107,0.21037446307741348,0.6009204528616342,0.07212839064849076,2.922201773091942,1.2281861372162926,0.018870225816054874,0.020868875614574657,98,49836,0.012321751712369544,0.01432174542453029,44,49911,0.0805875407868098,0.08245646355771463,1709,49836,0.019535331541748586,0.021530427932734807,105,49911,0.03366864058667509,0.03565421394277849,299,49757,0.011058186026998557,0.01305882201078876,36,49911,0.07456616548535584,0.07645843599858974,1454,49757,0.04833243729732584,0.05028674943984134,613,49911,0.88753,0.9706353593548159,0.29999,0.4385585644671299,0.30717,False,/data/suehara/part/march/datasets/20250711_ilc_nnqq_sgv_10m_3cat_parquet,val50k_tail,150000,proxy
2,2,360000,,lr_14e-6,1.08e-05,validation_total_reference_mistag_geomean_percent,0.4546427998644968,min,1.075239145836161,1.075239145836161,0.6191746259774786,0.3338316313306858,0.4546427998644968,,0.1865634251878843,0.09022375204151614,3.376196055935763,0.21854198853334836,0.5825750017756555,0.07217900322312026,2.8485909122273796,1.2270430277646196,0.018354025503999394,0.02035255856632505,93,49849,0.012480092544348042,0.01448140682728758,45,49876,0.07996542959461533,0.08183599344166598,1683,49849,0.019935153508741185,0.021931322404860787,109,49876,0.033131569544320436,0.03511700244984818,290,49779,0.011065943826192928,0.013067981679154008,36,49876,0.07361989132567935,0.07551428301827874,1418,49779,0.04832636777911403,0.050282097150695926,612,49876,0.88771,0.9708224717856554,0.29887,0.4385585644671299,0.30746,False,/data/suehara/part/march/datasets/20250711_ilc_nnqq_sgv_10m_3cat_parquet,val50k_tail,150000,proxy
2,2,360000,,lr_3e-6,7.2000000000000005e-06,validation_total_reference_mistag_geomean_percent,0.46216140256100996,min,1.08357779106468,1.08357779106468,0.6357027612882207,0.33599533465030695,0.46216140256100996,,0.1866008643501463,0.09020024741205558,3.3728605439172514,0.2244983864178476,0.5765830696291625,0.07817354833094894,2.8829155383741174,1.2567901300859095,0.01835770522442442,0.020356637774394212,93,49839,0.012476841671625886,0.014477635408064338,45,49889,0.07993471679840214,0.08180578980758468,1681,49839,0.02021483720120662,0.022210247167676195,112,49889,0.032957647404396884,0.03494344071888946,287,49776,0.011552074812339346,0.013553350677431747,39,49889,0.0740573632303499,0.07595048995710126,1435,49776,0.04890701883143115,0.05086104608843806,627,49889,0.8874,0.9707979670227299,0.29952,0.4385585644671299,0.30979,False,/data/suehara/part/march/datasets/20250711_ilc_nnqq_sgv_10m_3cat_parquet,val50k_tail,150000,proxy
2,2,360000,,lr_6e-6,8.1e-06,validation_total_reference_mistag_geomean_percent,0.4527615647690784,min,1.0689522291099955,1.0689522291099955,0.6351653706858064,0.3227396265492363,0.4527615647690784,,0.1746041354239223,0.08622245751896773,3.2673048038269785,0.22056906117735467,0.5762357952372269,0.07820176417910533,2.9052723227327717,1.2432074927836354,0.01772975440541705,0.019729649880640243,87,49827,0.012180213404911237,0.014181888795754542,43,49871,0.0787101166503594,0.08058587707121326,1628,49827,0.02003257481019379,0.022028862544064665,110,49871,0.032937848426329956,0.034922459593640306,287,49806,0.011556243037127425,0.013558240079133282,39,49871,0.07431725044790873,0.07620833915202123,1447,49806,0.048648580818769736,0.05060385802941759,620,49871,0.88758,0.9707110073565115,0.29965,0.4385585644671299,0.31004,False,/data/suehara/part/march/datasets/20250711_ilc_nnqq_sgv_10m_3cat_parquet,val50k_tail,150000,proxy
2,2,360000,,lr_9e-6,9e-06,validation_total_reference_mistag_geomean_percent,0.4527230960595096,min,1.0793018178734983,1.0793018178734983,0.6199419883449833,0.33060867881020745,0.4527230960595096,,0.19057937222568533,0.08428319111059257,3.4003370062094054,0.21873494728680018,0.5860629236058716,0.07224273842308353,2.8640815522049397,1.2180928119216077,0.01856052586224333,0.020558937892123267,95,49848,0.012036440242200672,0.014039760002539287,42,49832,0.08024524188339072,0.08211487469349521,1695,49848,0.01995273889322919,0.02195066256029999,109,49832,0.033218376964087686,0.035201876695485634,292,49824,0.011075711944851376,0.013079514937422909,36,49832,0.07378376113908146,0.07567582008270006,1427,49824,0.048169169827383916,0.05012698521912138,607,49832,0.88747,0.9707096211637446,0.29969,0.4385585644671299,0.30891,False,/data/suehara/part/march/datasets/20250711_ilc_nnqq_sgv_10m_3cat_parquet,val50k_tail,150000,proxy
3,3,480000,,lr_14e-6,1.08e-05,validation_total_reference_mistag_geomean_percent,0.45087060674307566,min,1.0667900098101926,1.0667900098101926,0.6137853998198101,0.3311976858435337,0.45087060674307566,,0.18054523691823915,0.09029254807620771,3.344099159561383,0.22071511887113593,0.560049776885077,0.07424053661987876,2.878535538017359,1.1858421635322594,0.01804062077493658,0.0200393952886118,90,49849,0.012489604815983244,0.014492442250608528,45,49838,0.07959274177693904,0.08146459336452055,1667,49849,0.020045826584038196,0.022043430263205897,110,49838,0.03245725931211091,0.03444208207568225,279,49817,0.011239730833516879,0.013243212422659996,37,49838,0.07397190333930485,0.0758636478718145,1434,49817,0.04751891109703154,0.049477784985813185,591,49838,0.88784,0.9709028033251021,0.29848,0.4385585644671299,0.30874,False,/data/suehara/part/march/datasets/20250711_ilc_nnqq_sgv_10m_3cat_parquet,val50k_tail,150000,proxy
3,3,480000,,lr_3e-6,7.2000000000000005e-06,validation_total_reference_mistag_geomean_percent,0.45329352674174794,min,1.071215070308544,1.071215070308544,0.6215704441860713,0.33057398933283483,0.45329352674174794,,0.17866104105387332,0.09023280548463894,3.3584261272187867,0.22056906117735467,0.5660604538330263,0.07619658495686689,2.876470459788239,1.2031040289555652,0.017947223902659622,0.01994743824962166,89,49815,0.012481343331132908,0.014482857896394965,45,49871,0.07978623879892344,0.08165879275039006,1673,49815,0.02003257481019379,0.022028862544064665,110,49871,0.03263490446430871,0.034619446086578326,282,49818,0.011395330269742385,0.013397407724538882,38,49871,0.07394505181996837,0.07583684128374367,1433,49818,0.047851031807931606,0.049807917274392356,600,49871,0.88759,0.9708150345360832,0.29926,0.4385585644671299,0.30941,False,/data/suehara/part/march/datasets/20250711_ilc_nnqq_sgv_10m_3cat_parquet,val50k_tail,150000,proxy
3,3,480000,,lr_6e-6,8.1e-06,validation_total_reference_mistag_geomean_percent,0.46179251451120495,min,1.0858679211033884,1.0858679211033884,0.6372741033535194,0.3346320293518698,0.46179251451120495,,0.1908703754358774,0.08819225998802643,3.4095475368983204,0.21847627334203426,0.5678056222252373,0.08017477945329451,2.869123702612544,1.2627528188717732,0.01858884389191334,0.02059029566822252,95,49772,0.012326689446785246,0.014327483471513629,44,49891,0.08041202365018305,0.08228414116221786,1697,49772,0.019929165574151565,0.021924736957207487,109,49891,0.03267907402060566,0.034662629832095046,283,49841,0.011710419608783372,0.013711535026845459,40,49891,0.07383522618991147,0.07572643746499193,1430,49841,0.04902281327061799,0.05097652317196024,630,49891,0.88739,0.9707750590560345,0.29942,0.4385585644671299,0.30918,False,/data/suehara/part/march/datasets/20250711_ilc_nnqq_sgv_10m_3cat_parquet,val50k_tail,150000,proxy
3,3,480000,,lr_9e-6,9e-06,validation_total_reference_mistag_geomean_percent,0.45613784983090877,min,1.0694283022075046,1.0694283022075046,0.6406835987853198,0.3247495931577327,0.45613784983090877,,0.17641988449364618,0.08814102908955224,3.2757963778847254,0.218349355370306,0.5834658097012587,0.08012820512820513,2.8831257559923427,1.25,0.01781733807528795,0.019814995752232976,88,49881,0.012319531022243226,0.014319164802590538,44,49920,0.07876803535387666,0.08064142469690894,1634,49881,0.019917599094734957,0.021912016299559592,109,49920,0.03318209437621431,0.03517052726745955,290,49703,0.011703618826382179,0.013703573626761662,40,49920,0.07411370069219728,0.07600959938175722,1433,49703,0.04875886129143813,0.0507119471671218,624,49920,0.88773,0.9706600303363936,0.29962,0.4385585644671299,0.30872,False,/data/suehara/part/march/datasets/20250711_ilc_nnqq_sgv_10m_3cat_parquet,val50k_tail,150000,proxy
4,4,600000,,lr_14e-6,1.08e-05,validation_total_reference_mistag_geomean_percent,0.44535209274819554,min,1.0825988700636455,1.0825988700636455,0.6022682258095101,0.3293191937007969,0.44535209274819554,,0.18085362380591793,0.08601376493231823,3.436218864165709,0.220035210468433,0.5708771966807659,0.0660105631405299,2.894588734287677,1.2061930030278138,0.01807141147264176,0.02007358755506401,90,49764,0.012150742639797929,0.01414758164677084,43,49992,0.08072520602045163,0.08259655259119647,1710,49764,0.019984134510286477,0.021975611908897023,110,49992,0.032799198984565306,0.03478633934030327,284,49748,0.01053157887254037,0.012529218119567385,33,49992,0.07422536717482144,0.07611909011489386,1440,49748,0.04785608996934216,0.04980811553328603,603,49992,0.88755,0.9708520590143571,0.2988,0.4385585644671299,0.3079,False,/data/suehara/part/march/datasets/20250711_ilc_nnqq_sgv_10m_3cat_parquet,val50k_tail,150000,proxy
4,4,600000,,lr_3e-6,7.2000000000000005e-06,validation_total_reference_mistag_geomean_percent,0.450183927945422,min,1.0902171607158582,1.0902171607158582,0.6117680884701536,0.3312784252725146,0.450183927945422,,0.18475750577367206,0.08606713635873185,3.440104332754086,0.22017172964889706,0.5748974656825618,0.06805308206859438,2.9227305562056234,1.2249554772346989,0.01826990362106301,0.020270676474072387,92,49795,0.012158279404499421,0.014156355256852689,43,49961,0.08074493184459797,0.08261495737162255,1713,49795,0.01999652250042408,0.02198923008883318,110,49961,0.03291726980045127,0.03490424853436289,286,49748,0.010710246458054068,0.01270904342048939,34,49961,0.07457946012826323,0.07647205171555059,1454,49748,0.04824462861198267,0.05019711428248183,612,49961,0.88729,0.9707436820241501,0.29992,0.4385585644671299,0.30822,False,/data/suehara/part/march/datasets/20250711_ilc_nnqq_sgv_10m_3cat_parquet,val50k_tail,150000,proxy
4,4,600000,,lr_6e-6,8.1e-06,validation_total_reference_mistag_geomean_percent,0.4492237523805323,min,1.0904794445758026,1.0904794445758026,0.6174163817018195,0.32684908545284735,0.4492237523805323,,0.1802595742269737,0.08631937938557925,3.4469636702883735,0.21278731775118195,0.5687184708193344,0.07025995927632585,2.9078998292935543,1.250627355565097,0.018012097465677453,0.020007720867957265,90,49928,0.01219390121331243,0.014197822869739583,43,49815,0.08071705381946792,0.08258182324695079,1721,49928,0.019670276862031016,0.021669121116364577,106,49815,0.03273147428597273,0.03471818227703798,283,49761,0.010911759971027422,0.012916326376926756,35,49815,0.07438348964735643,0.07627618287669412,1447,49761,0.048821551686920386,0.05077872900661334,623,49815,0.88717,0.9706741546510843,0.30022,0.4385585644671299,0.30805,False,/data/suehara/part/march/datasets/20250711_ilc_nnqq_sgv_10m_3cat_parquet,val50k_tail,150000,proxy
4,4,600000,,lr_9e-6,9e-06,validation_total_reference_mistag_geomean_percent,0.45391489770998555,min,1.0896605315234817,1.0896605315234817,0.614149878872165,0.3354860783192526,0.45391489770998555,,0.19636917188576908,0.08625185267231761,3.4524907825012727,0.21663256550460916,0.5689128405145529,0.07020499739259393,2.8968316456402596,1.229590396076478,0.018843780091376765,0.02083963761941713,98,49906,0.01218436538300634,0.014186722143394729,43,49854,0.0807978502404591,0.08266322020128863,1723,49906,0.019848044759138365,0.0218451711229094,108,49854,0.032742630998506675,0.03473001011867109,283,49744,0.010903226192275942,0.01290622669378646,35,49854,0.07425660667869892,0.07615039171121642,1441,49744,0.04838737392110874,0.05034386412654489,613,49854,0.88715,0.9707007522134253,0.30007,0.4385585644671299,0.30874,False,/data/suehara/part/march/datasets/20250711_ilc_nnqq_sgv_10m_3cat_parquet,val50k_tail,150000,proxy
5,5,720000,,lr_14e-6,1.08e-05,validation_total_reference_mistag_geomean_percent,0.44965283322678085,min,1.0524751527925784,1.0524751527925784,0.6256111931425256,0.3231842279119983,0.44965283322678085,,0.1826832267941346,0.08809690573598825,3.1939452669649255,0.21223345005914013,0.5668797626882985,0.076083688714064,2.8565111584101635,1.2433677629739135,0.018158766536066455,0.020158899702031847,91,49813,0.012313366636341343,0.014312001285498546,44,49945,0.07785021615006812,0.07972944908235177,1591,49813,0.01961912483721636,0.02161278865586845,106,49945,0.032682015582872606,0.034669396540553454,282,49746,0.011378451633281356,0.013377567330551968,38,49945,0.07374471794200574,0.0756400478683826,1421,49746,0.04861639552052946,0.050568769376114694,621,49945,0.888,0.9709013217998814,0.29834,0.4385585644671299,0.3089,False,/data/suehara/part/march/datasets/20250711_ilc_nnqq_sgv_10m_3cat_parquet,val50k_tail,150000,proxy
5,5,720000,,lr_3e-6,7.2000000000000005e-06,validation_total_reference_mistag_geomean_percent,0.4505968904669917,min,1.0780782946321519,1.0780782946321519,0.6227210581073528,0.3260489669574011,0.4505968904669917,,0.1926859544711221,0.082268191895378,3.3519329485544196,0.21269338380647032,0.5757849128468143,0.07223548910533278,2.882937097744637,1.2540883786330406,0.018672507441189028,0.020671877773685024,96,49822,0.011880116699036162,0.013883316338094191,41,49837,0.07970522094708637,0.08157777246421416,1670,49822,0.01966160162362625,0.021659567297191862,106,49837,0.032912145289863776,0.03489522176808495,287,49845,0.011074601062969027,0.013078203314757232,36,49837,0.07400700807067735,0.07589751334271429,1437,49845,0.04887900075524233,0.05083517522741429,625,49837,0.88725,0.9706697114637004,0.30007,0.4385585644671299,0.30813,False,/data/suehara/part/march/datasets/20250711_ilc_nnqq_sgv_10m_3cat_parquet,val50k_tail,150000,proxy
5,5,720000,,lr_6e-6,8.1e-06,validation_total_reference_mistag_geomean_percent,0.4490650607749738,min,1.0763225210558742,1.0763225210558742,0.6249852951664404,0.3226626776156819,0.4490650607749738,,0.1885619195842799,0.08026004568317151,3.335941021910629,0.2146956161550589,0.5881762712302502,0.07223403686863333,2.886680628911052,1.244030628103919,0.01845662460069836,0.02045499730732982,94,49851,0.011722869068275571,0.013726109099474512,40,49838,0.07949612437570391,0.08136822815872219,1663,49851,0.01975803568516094,0.02175588092227284,107,49838,0.03328254595071564,0.035266319186136666,293,49815,0.011074378913332895,0.013077941021790752,36,49838,0.07407629161647784,0.07596778508369047,1438,49815,0.04868060223914179,0.05063714106779624,620,49838,0.88751,0.9705864276269368,0.30022,0.4385585644671299,0.30938,False,/data/suehara/part/march/datasets/20250711_ilc_nnqq_sgv_10m_3cat_parquet,val50k_tail,150000,proxy
5,5,720000,,lr_9e-6,9e-06,validation_total_reference_mistag_geomean_percent,0.4435157969960067,min,1.0552064027050756,1.0552064027050756,0.62266467952001,0.3159104228244275,0.4435157969960067,,0.17667844522968199,0.08419871183782292,3.242451094332192,0.20648731106234597,0.562090955023718,0.07617978466377812,2.8706789489055633,1.2228859705855022,0.01784343199637366,0.019844007055289537,88,49808,0.012024379350982547,0.01402569448002637,42,49882,0.07843112185689019,0.08030859576675028,1615,49808,0.01935087063944334,0.02134728275138319,103,49882,0.03251875307711148,0.03450361342124718,280,49814,0.011392818115384768,0.013394454753746891,38,49882,0.07387467764288919,0.07576685152924437,1430,49814,0.04824092160421404,0.05019658241005986,610,49882,0.88799,0.9707842920445341,0.29891,0.4385585644671299,0.30691,False,/data/suehara/part/march/datasets/20250711_ilc_nnqq_sgv_10m_3cat_parquet,val50k_tail,150000,proxy
6,6,840000,,lr_14e-6,1.08e-05,validation_total_reference_mistag_geomean_percent,0.44868613595281237,min,1.0658253835431795,1.0658253835431795,0.6240134227036468,0.32262006115832403,0.44868613595281237,,0.18687457070973784,0.08426120603582603,3.2974320322256356,0.20864680816165085,0.5712224217351805,0.07623633001731976,2.902210590726021,1.1997191087340635,0.018384611948143895,0.0203864656032567,93,49766,0.012033302083529608,0.014036100253503098,42,49845,0.0791124424407666,0.08098929127707821,1641,49766,0.019463434747004967,0.021461242121514686,104,49845,0.03276304451037045,0.03474439607905715,285,49893,0.011401272495468226,0.01340439265224584,38,49845,0.07421473915531253,0.07610265310364385,1448,49893,0.047795299974476985,0.04975334197867762,598,49845,0.88776,0.9708212748106071,0.29844,0.4385585644671299,0.30861,False,/data/suehara/part/march/datasets/20250711_ilc_nnqq_sgv_10m_3cat_parquet,val50k_tail,150000,proxy
6,6,840000,,lr_3e-6,7.2000000000000005e-06,validation_total_reference_mistag_geomean_percent,0.4408195417685999,min,1.0599860525836915,1.0599860525836915,0.6064272258095632,0.32043724314267746,0.4408195417685999,,0.17618676313064005,0.08628647531124012,3.2914888863093217,0.2106995207370368,0.5631196982511548,0.0682265096801774,2.847776738753333,1.2361038284966295,0.017793811916340906,0.01978883927447484,88,49947,0.012189253688578861,0.014192412654322476,43,49834,0.07890095370169728,0.08077123923952365,1644,49947,0.019565488668231868,0.021563654635025752,105,49834,0.03257811290401742,0.03456656436878107,280,49723,0.01073753392221141,0.012741417678125137,34,49834,0.07365044506112833,0.0755470029936034,1416,49723,0.048525939961284806,0.05048295395286423,616,49834,0.88774,0.9708499519139759,0.29902,0.4385585644671299,0.31071,False,/data/suehara/part/march/datasets/20250711_ilc_nnqq_sgv_10m_3cat_parquet,val50k_tail,150000,proxy
6,6,840000,,lr_6e-6,8.1e-06,validation_total_reference_mistag_geomean_percent,0.4444467543603981,min,1.0657623911139622,1.0657623911139622,0.6256331037846489,0.3157328412875759,0.4444467543603981,,0.1768630832101729,0.08000960271501335,3.3121633470255643,0.2120254427943152,0.5687984835049221,0.0760091203521657,2.8620815249528127,1.2381485243567314,0.017862066108262048,0.019864724504391758,88,49756,0.011686300847460841,0.013683300163346339,40,49994,0.07929308932768872,0.0811697232341875,1648,49756,0.019599913427246735,0.021591631581339935,106,49994,0.03273606730552206,0.034723051588968296,283,49754,0.011367302727918695,0.013364462079010002,38,49994,0.07380960597360708,0.07570440724219488,1424,49754,0.04849013605449388,0.05044080517829282,619,49994,0.88786,0.9707728062613189,0.29916,0.4385585644671299,0.31053,False,/data/suehara/part/march/datasets/20250711_ilc_nnqq_sgv_10m_3cat_parquet,val50k_tail,150000,proxy
6,6,840000,,lr_9e-6,9e-06,validation_total_reference_mistag_geomean_percent,0.446529112603448,min,1.0771011973703108,1.0771011973703108,0.625685739305978,0.31867155646473233,0.446529112603448,,0.19482215878505363,0.07833370291312064,3.398341029739697,0.19884708981628368,0.5748277275437964,0.07632514549247933,2.884153187631579,1.2111595370404766,0.018786711156950946,0.020787320831605616,97,49789,0.011575734591815162,0.013581104010085894,39,49787,0.08026918262381347,0.08214111108338293,1692,49789,0.018989581703670093,0.02099011006035864,99,49787,0.03285757705223788,0.034837395284048694,287,49928,0.011414550588007586,0.01342000069063801,38,49787,0.07396159071192156,0.07584890457037786,1440,49928,0.04805200317201802,0.05001186661141577,603,49787,0.88788,0.9708232249077695,0.29879,0.4385585644671299,0.30854,False,/data/suehara/part/march/datasets/20250711_ilc_nnqq_sgv_10m_3cat_parquet,val50k_tail,150000,proxy
7,7,960000,,lr_14e-6,1.08e-05,validation_total_reference_mistag_geomean_percent,0.44118657817784324,min,1.0741246320346074,1.0741246320346074,0.6190351955918753,0.3144338127304193,0.44118657817784324,,0.1907017753166675,0.07414235567604895,3.382447360869395,0.20439242872260033,0.5724731072337099,0.07213850875471955,2.8483046142178363,1.248396905485881,0.018572438720453815,0.020572129517468576,95,49816,0.011224870144328606,0.013225706038394599,37,49904,0.08006398570021486,0.08193553768421971,1685,49816,0.019243771537704183,0.02123938751071399,102,49904,0.03283458895188898,0.03482022827764088,285,49784,0.011059736716536542,0.013060652917080322,36,49904,0.07361260155958199,0.07550681448812713,1418,49784,0.04873500037352353,0.05068877667160632,623,49904,0.88741,0.9708256646888477,0.29888,0.4385585644671299,0.30954,False,/data/suehara/part/march/datasets/20250711_ilc_nnqq_sgv_10m_3cat_parquet,val50k_tail,150000,proxy
7,7,960000,,lr_3e-6,7.2000000000000005e-06,validation_total_reference_mistag_geomean_percent,0.44159794228694593,min,1.0606774957073635,1.0606774957073635,0.6291510349831375,0.30995537126834966,0.44159794228694593,,0.1706656000066666,0.07820018904742967,3.2848108324175582,0.21053897669627542,0.577999862590975,0.07619506121694637,2.829791003034093,1.257218440648963,0.017521865269922495,0.019522802281695274,85,49805,0.01155601139017266,0.013557968353158943,39,49872,0.07893351923833475,0.08080940524556463,1636,49805,0.01955059430276756,0.02154724423440238,105,49872,0.03298268487438001,0.034966388820772354,288,49827,0.0113951018462944,0.013397139218846625,38,49872,0.0733453799606959,0.07523870134316657,1410,49827,0.048923589945164096,0.050878266083382966,627,49872,0.88772,0.970864088711989,0.29893,0.4385585644671299,0.3084,False,/data/suehara/part/march/datasets/20250711_ilc_nnqq_sgv_10m_3cat_parquet,val50k_tail,150000,proxy
7,7,960000,,lr_6e-6,8.1e-06,validation_total_reference_mistag_geomean_percent,0.44983152915949787,min,1.0678723516874213,1.0678723516874213,0.625276313846488,0.3236143767883888,0.44983152915949787,,0.18670573994798587,0.08625185267231761,3.296460709759388,0.20660328512337814,0.5798671532987509,0.07421671334655137,2.8792712547583474,1.233602104592653,0.018368016295477692,0.0203680682609589,93,49811,0.01218436538300634,0.014186722143394729,43,49854,0.07906571605481513,0.08094090835301174,1642,49811,0.01936172916846956,0.021359257870441888,103,49854,0.03303332875498038,0.03501648015256081,289,49839,0.011236124630102694,0.01323896419633268,37,49854,0.07396508345103199,0.07585596341678456,1435,49839,0.0484668830533894,0.050423212323545165,615,49854,0.88773,0.9708381301627064,0.29896,0.4385585644671299,0.30807,False,/data/suehara/part/march/datasets/20250711_ilc_nnqq_sgv_10m_3cat_parquet,val50k_tail,150000,proxy
7,7,960000,,lr_9e-6,9e-06,validation_total_reference_mistag_geomean_percent,0.45175713074151924,min,1.0735294707580774,1.0735294707580774,0.6245743031912724,0.32675776786370664,0.45175713074151924,,0.18675072881113283,0.08428826421736824,3.3414324933609576,0.2167412508446612,0.5814419789468603,0.07425394814007094,2.8791403348072584,1.22418676693631,0.01837243887257993,0.020372970971456742,93,49799,0.012037164665121811,0.014040604831051231,42,49829,0.07960115593920666,0.08147499398905092,1664,49799,0.01985799348659871,0.021856117457897402,108,49829,0.03306730697733174,0.035048924076351226,290,49876,0.011241760340367932,0.01324560324831481,37,49829,0.07393633481824965,0.07582581733452526,1436,49876,0.048291933267347216,0.05024962194009174,610,49829,0.88777,0.9707993093897028,0.2991,0.4385585644671299,0.30811,False,/data/suehara/part/march/datasets/20250711_ilc_nnqq_sgv_10m_3cat_parquet,val50k_tail,150000,proxy
8,8,1080000,,lr_14e-6,1.08e-05,validation_total_reference_mistag_geomean_percent,0.4550725743721713,min,1.0826352104283348,1.0826352104283348,0.6211748346827531,0.3333860877533473,0.4550725743721713,,0.19722278681551705,0.08808808636589546,3.3507748468709417,0.212212214545979,0.5775710044126862,0.0700700717824776,2.893871365439574,1.271271307193606,0.018925623608273046,0.02093012250017532,98,49690,0.012312134499367893,0.014310569442088259,44,49950,0.07979629808872596,0.08167387049403951,1665,49690,0.019617162764015206,0.021610627871331868,106,49950,0.03295827617013054,0.03494052540333617,288,49864,0.0108822767258324,0.01288143309627264,35,49950,0.0741310286518481,0.07602037503387886,1443,49864,0.049160624207057226,0.0511116853961718,635,49950,0.88772,0.9707627503022772,0.29908,0.4385585644671299,0.30701,False,/data/suehara/part/march/datasets/20250711_ilc_nnqq_sgv_10m_3cat_parquet,val50k_tail,150000,proxy
8,8,1080000,,lr_3e-6,7.2000000000000005e-06,validation_total_reference_mistag_geomean_percent,0.45451494370393375,min,1.0851654936708037,1.0851654936708037,0.622160456177055,0.3320426941300176,0.45451494370393375,,0.19250822924505967,0.0880739847274636,3.378920262359217,0.21217823282365145,0.5938242495511614,0.07005884789285101,2.906719393534572,1.239040749232453,0.018655297498508115,0.020652830706645222,96,49868,0.01231016359303029,0.014308279088450773,44,49958,0.07998190637731883,0.08185164828713454,1685,49868,0.0196140242630509,0.021607171514608683,106,49958,0.03349046467961145,0.03547948119652913,295,49678,0.010880534570269825,0.012879371262380035,35,49958,0.07442995237377098,0.07632585529967137,1444,49678,0.04852487195738751,0.05047691099762993,619,49958,0.88764,0.9707299895284516,0.29984,0.4385585644671299,0.30766,False,/data/suehara/part/march/datasets/20250711_ilc_nnqq_sgv_10m_3cat_parquet,val50k_tail,150000,proxy
8,8,1080000,,lr_6e-6,8.1e-06,validation_total_reference_mistag_geomean_percent,0.4533990128519845,min,1.0871562820393017,1.0871562820393017,0.6212289241874176,0.3309096805562383,0.4533990128519845,,0.18910818132962998,0.08808808636589546,3.3918764027069126,0.212212214545979,0.5757618460083054,0.0700700717824776,2.894858198947292,1.2752752546279225,0.01851004966571365,0.02051418951548032,94,49707,0.012312134499367893,0.014310569442088259,44,49950,0.08025985939915589,0.08213513595843394,1686,49707,0.019617162764015206,0.021610627871331868,106,49950,0.032910828261584285,0.034893826101770484,287,49847,0.0108822767258324,0.01288143309627264,35,49950,0.07415594827774562,0.07604589939850144,1443,49847,0.049238547590139264,0.051189448461982576,637,49950,0.8875,0.9707254015854607,0.29971,0.4385585644671299,0.3076,False,/data/suehara/part/march/datasets/20250711_ilc_nnqq_sgv_10m_3cat_parquet,val50k_tail,150000,proxy
8,8,1080000,,lr_9e-6,9e-06,validation_total_reference_mistag_geomean_percent,0.4537234345591209,min,1.0843877747592574,1.0843877747592574,0.6219554687454902,0.3309962938075984,0.4537234345591209,,0.1911199672072478,0.08808808636589546,3.359687695046414,0.212212214545979,0.5777679586689967,0.0700700717824776,2.9028829171811745,1.273273287275874,0.018613131904195796,0.02061719080968451,95,49707,0.012312134499367893,0.014310569442088259,44,49950,0.07988653353244446,0.08176310520016938,1670,49707,0.019617162764015206,0.021610627871331868,106,49950,0.032969486492513425,0.0349524038424579,288,49847,0.0108822767258324,0.01288143309627264,35,49950,0.07425700176985559,0.0761466309296445,1447,49847,0.04919960179422828,0.051150582824707226,636,49950,0.88757,0.970740385775306,0.2995,0.4385585644671299,0.30743,False,/data/suehara/part/march/datasets/20250711_ilc_nnqq_sgv_10m_3cat_parquet,val50k_tail,150000,proxy
9,9,1200000,,lr_14e-6,1.08e-05,validation_total_reference_mistag_geomean_percent,0.44665148059918114,min,1.064115299830883,1.064115299830883,0.6206109772149428,0.3214534586814866,0.44665148059918114,,0.1845832849831178,0.08223684210526316,3.3084546739854415,0.21261232010793604,0.5722202338911788,0.07421373483157143,2.8550775637173906,1.2235237450251641,0.018252689077113644,0.020251582270413647,92,49842,0.011875590685494477,0.013878028183053268,41,49856,0.07918203003635244,0.08105557477816605,1649,49842,0.01965411552799106,0.02165132304856022,106,49856,0.03282012363229961,0.034804896045236185,285,49806,0.011235674017376665,0.013238433359673295,37,49856,0.07368264367098414,0.07557574794542464,1422,49806,0.048265932721076356,0.050222587804679523,610,49856,0.88752,0.9708089898703903,0.29891,0.4385585644671299,0.30915,False,/data/suehara/part/march/datasets/20250711_ilc_nnqq_sgv_10m_3cat_parquet,val50k_tail,150000,proxy
9,9,1200000,,lr_3e-6,7.2000000000000005e-06,validation_total_reference_mistag_geomean_percent,0.449157953565435,min,1.0738984545180832,1.0738984545180832,0.629435370658975,0.3205140299628836,0.449157953565435,,0.17856426656994437,0.08223684210526316,3.348581447629427,0.2146180936911987,0.5802513897355462,0.07621951219512195,2.8771634371601706,1.2335526470579932,0.017937509087381134,0.01993664379985546,89,49842,0.011875590685494477,0.013878028183053268,41,49856,0.07965043379951006,0.081522368413494,1669,49842,0.019750908876683026,0.021748035936067785,107,49856,0.03305515721758771,0.03503960713927201,289,49806,0.01139875772073357,0.01340143660184574,38,49856,0.07396261409953371,0.07585483152303014,1433,49806,0.048464950206533394,0.050421202984214306,615,49856,0.88735,0.9707520289950816,0.29966,0.4385585644671299,0.30981,False,/data/suehara/part/march/datasets/20250711_ilc_nnqq_sgv_10m_3cat_parquet,val50k_tail,150000,proxy
9,9,1200000,,lr_6e-6,8.1e-06,validation_total_reference_mistag_geomean_percent,0.4504704964453601,min,1.067243209647051,1.067243209647051,0.6201054946363105,0.3272405581355849,0.4504704964453601,,0.1805778513285709,0.08820994224682309,3.2945425530103276,0.21852008393497266,0.5805194345037735,0.07217176669031572,2.876484031993511,1.226920013468113,0.01804387599889795,0.020043010131474838,90,49840,0.012329159798325589,0.01433035421957346,44,49881,0.07902046599156803,0.08089464417675302,1642,49840,0.019933157130776417,0.021929126816122364,109,49881,0.033070388062334935,0.03505574402190319,289,49783,0.01106483490281153,0.013066672368478114,36,49881,0.07397088390706796,0.07586400282317343,1432,49783,0.04832155192684949,0.05027709019436999,612,49881,0.88782,0.9708000956954668,0.29909,0.4385585644671299,0.30934,False,/data/suehara/part/march/datasets/20250711_ilc_nnqq_sgv_10m_3cat_parquet,val50k_tail,150000,proxy
9,9,1200000,,lr_9e-6,9e-06,validation_total_reference_mistag_geomean_percent,0.45279014430256953,min,1.069711096079275,1.069711096079275,0.6231926093287613,0.328981620944393,0.45279014430256953,,0.18471299305511163,0.0882258547418166,3.288694385418462,0.21855950954306935,0.5880582082152815,0.0721847909500433,2.886101257516806,1.2311517691936094,0.01826550533223306,0.02026579793614606,92,49807,0.01233138396144279,0.014332938876599432,44,49872,0.07897762000857456,0.0808532747483659,1638,49807,0.019936750899055736,0.021933079192426812,109,49872,0.03327588415513432,0.03525926398880684,293,49825,0.011066831124947918,0.013069029316632003,36,49872,0.07406163669325012,0.07595277379617814,1438,49825,0.04840976927606572,0.05036549073864152,614,49872,0.88778,0.9707368912570344,0.29932,0.4385585644671299,0.30772,False,/data/suehara/part/march/datasets/20250711_ilc_nnqq_sgv_10m_3cat_parquet,val50k_tail,150000,proxy
10,10,1320000,,lr_14e-6,1.08e-05,validation_total_reference_mistag_geomean_percent,0.44034554928359126,min,1.0612657883567282,1.0612657883567282,0.6056825890384372,0.3201416158943977,0.44034554928359126,,0.18863760107867916,0.08409418795420562,3.307178292908151,0.20022425018254697,0.5489754248557637,0.07007848756389144,2.8735746212007025,1.2173634411098857,0.018464026299190237,0.020463198012343538,94,49831,0.012009457372592219,0.014008292323618826,42,49944,0.07917571351932495,0.0810497230608831,1648,49831,0.019029914346435965,0.021024098979485935,100,49944,0.03215437485689686,0.03414315525315974,273,49729,0.010883583708667835,0.012882979904967506,35,49944,0.07397368230063033,0.07586897388417065,1429,49729,0.04810167875484404,0.05005513301664967,608,49944,0.8877,0.9707327384529769,0.29908,0.4385585644671299,0.30777,False,/data/suehara/part/march/datasets/20250711_ilc_nnqq_sgv_10m_3cat_parquet,val50k_tail,150000,proxy
10,10,1320000,,lr_3e-6,7.2000000000000005e-06,validation_total_reference_mistag_geomean_percent,0.44166138574556163,min,1.0648387133301063,1.0648387133301063,0.6173178974130658,0.31598756568719105,0.44166138574556163,,0.17485329196220206,0.08416665202586111,3.314173101522595,0.20440471959818204,0.5737557019030258,0.07214284141696573,2.87479701044974,1.2204163877622791,0.01775503527835262,0.019757774459411553,87,49756,0.012019802547485612,0.014020356968151473,42,49901,0.07931663026998562,0.08119318339155565,1649,49756,0.01924492743454961,0.021240662887182793,102,49901,0.03285206611741914,0.03483514444784708,286,49847,0.011060401430909703,0.013061437748378807,36,49901,0.07390264404604635,0.07579340006921981,1433,49847,0.04818279116030524,0.05013780633306309,609,49901,0.88795,0.9708259547325074,0.29882,0.4385585644671299,0.30844,False,/data/suehara/part/march/datasets/20250711_ilc_nnqq_sgv_10m_3cat_parquet,val50k_tail,150000,proxy
10,10,1320000,,lr_6e-6,8.1e-06,validation_total_reference_mistag_geomean_percent,0.4472048474469921,min,1.072749748746601,1.072749748746601,0.6264122100714596,0.3192660876729604,0.4472048474469921,,0.1887019759575439,0.08220221665020348,3.374553431062243,0.19848828347916378,0.5761548416136837,0.07618742217457615,2.858691373130194,1.2270184459051985,0.018470322412175614,0.020470173783395804,94,49814,0.011870592259989838,0.013872188065055992,41,49877,0.0799741579679554,0.08184610202743928,1681,49814,0.018955345435238198,0.020952278420475298,99,49877,0.03293323208710241,0.034917567622533285,287,49813,0.01139395986640558,0.013395796851807723,38,49877,0.07372342003144627,0.07561611318974634,1424,49813,0.048325404531873034,0.05028109567965684,612,49877,0.88749,0.9707392616802437,0.2993,0.4385585644671299,0.30716,False,/data/suehara/part/march/datasets/20250711_ilc_nnqq_sgv_10m_3cat_parquet,val50k_tail,150000,proxy
10,10,1320000,,lr_9e-6,9e-06,validation_total_reference_mistag_geomean_percent,0.446980922940302,min,1.0554880358392482,1.0554880358392482,0.6221793418193289,0.32111632779119276,0.446980922940302,,0.16880010673639562,0.08819402599592124,3.2393544794353124,0.22048507389123118,0.577721610398989,0.07416315677214999,2.8464826322580588,1.2287032012259285,0.017427740367237984,0.019430441110243613,84,49763,0.012326936437390558,0.01432777049456081,44,49890,0.07842944488494069,0.08030874098089308,1612,49763,0.02002495294588791,0.022020483800464993,110,49890,0.03296684808357878,0.03494960818907506,288,49851,0.01122801912709615,0.013229415645147506,37,49890,0.07354057539245701,0.07543231564288225,1419,49851,0.04835266258758006,0.0503077766102724,613,49890,0.88811,0.9709207735466633,0.29822,0.4385585644671299,0.30727,False,/data/suehara/part/march/datasets/20250711_ilc_nnqq_sgv_10m_3cat_parquet,val50k_tail,150000,proxy
11,11,1440000,,lr_14e-6,1.08e-05,validation_total_reference_mistag_geomean_percent,0.4497282446468369,min,1.080895703261829,1.080895703261829,0.6312566123500891,0.32040138681502817,0.4497282446468369,,0.1765189692171345,0.08224509016790668,3.3819429142320163,0.2146396306846374,0.5783132360012343,0.07622715767427518,2.8915663713778343,1.245712256739593,0.017827337675035408,0.019826113341350718,88,49853,0.011876781407305808,0.013879419412185479,41,49851,0.0800287765182775,0.08189895973678973,1686,49853,0.0197528880299328,0.021750214531333564,107,49851,0.03300051946096422,0.03498528630287469,288,49800,0.01139990066261993,0.013402780099475924,38,49851,0.07414897209087092,0.0760408390708494,1440,49800,0.048707523171339154,0.05066348432746469,621,49851,0.88772,0.9708507961117027,0.29888,0.4385585644671299,0.30814,False,/data/suehara/part/march/datasets/20250711_ilc_nnqq_sgv_10m_3cat_parquet,val50k_tail,150000,proxy
11,11,1440000,,lr_3e-6,7.2000000000000005e-06,validation_total_reference_mistag_geomean_percent,0.4514411664439248,min,1.09042830833733,1.09042830833733,0.6363899269916609,0.320242540172893,0.4514411664439248,,0.1745130617977977,0.08224509016790668,3.4140372562493844,0.2146396306846374,0.5863453887123861,0.07622715767427518,2.917670827331928,1.2577480540803259,0.01772051462061669,0.019719370757800468,87,49853,0.011876781407305808,0.013879419412185479,41,49851,0.08039911476241876,0.08226801044703483,1702,49853,0.0197528880299328,0.021750214531333564,107,49851,0.03323434259241151,0.03521878686535687,292,49800,0.01139990066261993,0.013402780099475924,38,49851,0.07447750666742456,0.07636832529826637,1453,49800,0.04894407565385322,0.05089955394602611,627,49851,0.88746,0.9707925585656736,0.29961,0.4385585644671299,0.3088,False,/data/suehara/part/march/datasets/20250711_ilc_nnqq_sgv_10m_3cat_parquet,val50k_tail,150000,proxy
11,11,1440000,,lr_6e-6,8.1e-06,validation_total_reference_mistag_geomean_percent,0.44425680308335813,min,1.0868249878174274,1.0868249878174274,0.628141425804988,0.31420329718409473,0.44425680308335813,,0.18655218787208103,0.07224273842308353,3.4321592631666875,0.21070797506665165,0.5820955350440857,0.07424947933821525,2.8904055304762557,1.2461871931523596,0.018352921875511883,0.020351335122678747,93,49852,0.011075711944851376,0.013079514937422909,36,49832,0.08060817129662348,0.08247637745508116,1711,49852,0.019566273210875,0.021564519032767807,105,49832,0.03310437656623014,0.03508819481379813,290,49820,0.011241083756653865,0.01324480621051992,37,49832,0.07411963120908839,0.07601078532242823,1440,49820,0.04872598410790036,0.050682671957760946,621,49832,0.88738,0.9707147691846968,0.29976,0.4385585644671299,0.30927,False,/data/suehara/part/march/datasets/20250711_ilc_nnqq_sgv_10m_3cat_parquet,val50k_tail,150000,proxy
11,11,1440000,,lr_9e-6,9e-06,validation_total_reference_mistag_geomean_percent,0.4372661467935572,min,1.0651965351166968,1.0651965351166968,0.617831413821732,0.30947225870074274,0.4372661467935572,,0.17661108297066655,0.07627765064836003,3.325506195110132,0.20474526903027235,0.5716119350157752,0.07226303533152564,2.8620709006269296,1.2324862121999134,0.01783663307305982,0.019836447993413227,88,49827,0.011407449831293208,0.013411653944155846,38,49818,0.07939326400495592,0.08126668833458514,1657,49827,0.01927696240466832,0.02127600914294918,102,49818,0.032785327644202236,0.03476801469010317,285,49859,0.01107882360008519,0.013083188880903504,36,49818,0.07373269985586628,0.07562351128625744,1427,49859,0.0484619346921707,0.05041972243379749,614,49818,0.88768,0.9708744101080059,0.29878,0.4372661467935572,0.30875,False,/data/suehara/part/march/datasets/20250711_ilc_nnqq_sgv_10m_3cat_parquet,val50k_tail,150000,proxy
12,12,1560000,,lr_14e-6,1.08e-05,validation_total_reference_mistag_geomean_percent,0.4367795860235423,min,1.0474719896709461,1.0474719896709461,0.6005794526986936,0.31765390225996976,0.4367795860235423,,0.18867546461218002,0.07817511492944296,3.2797415181741125,0.21047145593282796,0.5562807282374773,0.07216163925311293,2.861733150676019,1.132536845552396,0.018467729375119032,0.020467300831176996,94,49821,0.01155230630149746,0.013553622218342791,39,49888,0.07886134670844758,0.08073683378345548,1634,49821,0.01954432977302892,0.021540342062068008,105,49888,0.03235210304820399,0.034337954090413264,277,49795,0.011063282783407607,0.013064839774244132,36,49888,0.0737751790995056,0.07566843425631659,1425,49795,0.04640573774499432,0.04836478535538459,565,49888,0.88838,0.9710168507528277,0.29705,0.4367795860235423,0.30642,False,/data/suehara/part/march/datasets/20250711_ilc_nnqq_sgv_10m_3cat_parquet,val50k_tail,150000,proxy
12,12,1560000,,lr_3e-6,7.2000000000000005e-06,validation_total_reference_mistag_geomean_percent,0.4434246606895516,min,1.0560260517447662,1.0560260517447662,0.6055887088436973,0.32468476845131056,0.4434246606895516,,0.18881188187272255,0.08426966581090574,3.28412174417102,0.21268057290050466,0.5373002515233523,0.0722311389392233,2.8549087257765553,1.2138844329638452,0.018481072756033803,0.02048208461112829,94,49785,0.012034508873961135,0.01403750762346771,42,49840,0.0789410787477407,0.08081774601470665,1635,49785,0.019660419229416623,0.02165826515635027,106,49840,0.03175560100415857,0.033738868836289716,268,49879,0.01107393464079661,0.013077416467419405,36,49840,0.07362724676359053,0.07551758722551885,1424,49879,0.04808140948356493,0.05003907949700029,605,49840,0.888,0.9709982545387431,0.29751,0.4367795860235423,0.30723,False,/data/suehara/part/march/datasets/20250711_ilc_nnqq_sgv_10m_3cat_parquet,val50k_tail,150000,proxy
12,12,1560000,,lr_6e-6,8.1e-06,validation_total_reference_mistag_geomean_percent,0.443961949783108,min,1.0500980228800716,1.0500980228800716,0.6104150293034796,0.3228986892411946,0.443961949783108,,0.18663081374520452,0.08423079608281557,3.252995191127924,0.2125824715605745,0.5400522104308296,0.07420331527224157,2.8227263584392137,1.227363026381769,0.01836065006326703,0.020359902318358294,93,49831,0.012028959641243082,0.014031036057400201,42,49863,0.07853801147226572,0.08041419564614807,1621,49831,0.01965135892955099,0.021648287275612958,106,49863,0.03186025721885018,0.0338461618504233,269,49810,0.011234097157419225,0.013236575766552534,37,49863,0.0732674970549841,0.07516174827017046,1406,49810,0.04833889348835191,0.0502951199052238,612,49863,0.88788,0.9708478588786645,0.29818,0.4367795860235423,0.30626,False,/data/suehara/part/march/datasets/20250711_ilc_nnqq_sgv_10m_3cat_parquet,val50k_tail,150000,proxy
12,12,1560000,,lr_9e-6,9e-06,validation_total_reference_mistag_geomean_percent,0.44375431188100767,min,1.0483419718325262,1.0483419718325262,0.6099382808368792,0.3228488775008532,0.44375431188100767,,0.18663081374520452,0.08423079608281557,3.250988371451316,0.2125824715605745,0.5420598439493612,0.07420331527224157,2.8126881695509853,1.223351993047711,0.01836065006326703,0.020359902318358294,93,49831,0.012028959641243082,0.014031036057400201,42,49863,0.07851428067863209,0.08039054539445284,1620,49831,0.01965135892955099,0.021648287275612958,106,49863,0.0319209175366068,0.03390674155831514,270,49810,0.011234097157419225,0.013236575766552534,37,49863,0.07313906708100483,0.07503372134551566,1401,49810,0.048259196408073114,0.05021558370213574,610,49863,0.88782,0.9708622000475821,0.29806,0.4367795860235423,0.30618,False,/data/suehara/part/march/datasets/20250711_ilc_nnqq_sgv_10m_3cat_parquet,val50k_tail,150000,proxy
13,13,1680000,,lr_14e-6,1.296e-05,validation_total_reference_mistag_geomean_percent,0.43159468747087765,min,1.03860632034802,1.03860632034802,0.5973268221275421,0.3118459900890087,0.43159468747087765,,0.18267956038270833,0.07627918479600905,3.2199782512913067,0.21077141772852118,0.5594209324120393,0.068249791905618,2.801114701407054,1.1903567228609029,0.01815840228935465,0.02015849545133428,91,49814,0.011407678750063724,0.013411923031977673,38,49817,0.07815972094918217,0.08003787097149023,1604,49814,0.019572159286798715,0.02157100422543888,105,49817,0.032420908286988265,0.03440352765061812,279,49873,0.010741197130397201,0.012745763761163318,34,49817,0.07294516075668847,0.0748378858306073,1397,49873,0.04761991449510356,0.04957943287378034,593,49817,0.88842,0.9711462742037901,0.29597,0.43159468747087765,0.30488,False,/data/suehara/part/march/datasets/20250711_ilc_nnqq_sgv_10m_3cat_parquet,val50k_tail,150000,proxy
13,13,1680000,,lr_3e-6,8.64e-06,validation_total_reference_mistag_geomean_percent,0.4301961328278152,min,1.0400374115847575,1.0400374115847575,0.5996650654567616,0.3086201337392256,0.4301961328278152,,0.1841546935393444,0.07437185874902938,3.2307138666916435,0.2050251304072578,0.5482368266644404,0.07035175793086823,2.8174954187110055,1.18994973998447,0.01821034063213729,0.02020460974521247,92,49958,0.011259606402546501,0.013266626488201198,37,49750,0.07817569879163613,0.0800480055311796,1614,49958,0.019303287511557906,0.021305055310169834,102,49750,0.03211122033775545,0.03409735457049357,273,49796,0.01092601265994188,0.012933194354428666,35,49750,0.0732107596455589,0.0751057535053834,1403,49796,0.047643103670476014,0.04960527730522683,592,49750,0.88806,0.9712044192996293,0.29614,0.4301961328278152,0.30436,False,/data/suehara/part/march/datasets/20250711_ilc_nnqq_sgv_10m_3cat_parquet,val50k_tail,150000,proxy
13,13,1680000,,lr_6e-6,9.72e-06,validation_total_reference_mistag_geomean_percent,0.43372350950366495,min,1.0484451789907137,1.0484451789907137,0.6077014140288363,0.3095534720727989,0.43372350950366495,,0.18881947606513766,0.07209227952584542,3.302332187705003,0.20426145191568357,0.5523752193431796,0.07409484357051763,2.8060659510704666,1.1875200227298754,0.018481814620357855,0.020482906558469426,94,49783,0.011052651398058694,0.013052287248105105,36,49936,0.07915659962759308,0.08103261071061574,1644,49783,0.019231450605484826,0.021225793018739066,102,49936,0.03223866289682473,0.034225069709446,275,49785,0.011217679097863021,0.013217234744321673,37,49936,0.0730723105352337,0.07496818222268893,1397,49785,0.04750707495912998,0.04946203741079368,593,49936,0.88802,0.9710840379873945,0.29648,0.4301961328278152,0.30484,False,/data/suehara/part/march/datasets/20250711_ilc_nnqq_sgv_10m_3cat_parquet,val50k_tail,150000,proxy
13,13,1680000,,lr_9e-6,1.08e-05,validation_total_reference_mistag_geomean_percent,0.41842943054177373,min,1.0365507939581273,1.0365507939581273,0.5885756400547245,0.29746930798433,0.41842943054177373,,0.1865634251878843,0.0681157958551638,3.2718811356976207,0.18832015069290184,0.5428226579425418,0.0681157958551638,2.812625700637718,1.1539616897960248,0.018354025503999394,0.02035255856632505,93,49849,0.010720114071926926,0.012720750509267478,34,49915,0.07874689514408978,0.08062164414786716,1631,49849,0.018432978992599224,0.020428799164718608,94,49915,0.03196572856727156,0.03395431654588388,270,49740,0.010720114071926926,0.012720750509267478,34,49915,0.07318905285693955,0.0750863759645011,1399,49740,0.04683448287364795,0.04879161238182366,576,49915,0.88822,0.9711846206385467,0.29591,0.41842943054177373,0.30584,False,/data/suehara/part/march/datasets/20250711_ilc_nnqq_sgv_10m_3cat_parquet,val50k_tail,150000,proxy
14,14,1800000,,lr_14e-6,1.296e-05,validation_total_reference_mistag_geomean_percent,0.4296628488346797,min,1.0378372581155542,1.0378372581155542,0.5854896412969314,0.31530901769636555,0.4296628488346797,,0.19668051217122728,0.07628377340217994,3.2492423632070504,0.2027542476575567,0.5475001675015009,0.0662464373940437,2.8117040786141065,1.1522864849767678,0.018873631367002798,0.020872640738658084,98,49827,0.011408365561504485,0.013412730360233972,38,49814,0.07849674090115652,0.08037322631583785,1619,49827,0.019179268497348124,0.021178555690129584,101,49814,0.03206818149789356,0.0340516765985511,273,49863,0.010569201711947208,0.012573969495275727,33,49814,0.07308808613730802,0.07498076606394302,1402,49863,0.046846598520067576,0.04880776336977956,574,49814,0.8886,0.9712460867686796,0.29566,0.41842943054177373,0.30218,False,/data/suehara/part/march/datasets/20250711_ilc_nnqq_sgv_10m_3cat_parquet,val50k_tail,150000,proxy
14,14,1800000,,lr_3e-6,8.64e-06,validation_total_reference_mistag_geomean_percent,0.43571874203336686,min,1.0398453149225604,1.0398453149225604,0.5951368261796037,0.31900365396283753,0.43571874203336686,,0.19868745495607204,0.07829124016401785,3.2512492449958885,0.20476170956031223,0.5475001675015009,0.07026136937796475,2.8056875365435388,1.162323796281188,0.01897435032849283,0.020973279145278332,99,49827,0.011569462282509614,0.013573746484319294,39,49814,0.0785204815867753,0.08039688644658691,1620,49827,0.019278508952600987,0.021277715548462684,102,49814,0.03206818149789356,0.0340516765985511,273,49863,0.010911978961524892,0.012916585551013798,35,49814,0.07301101682214844,0.07490393806456955,1399,49863,0.047052125725015326,0.049012887590128146,579,49814,0.88859,0.9711947101474249,0.29596,0.41842943054177373,0.30354,False,/data/suehara/part/march/datasets/20250711_ilc_nnqq_sgv_10m_3cat_parquet,val50k_tail,150000,proxy
14,14,1800000,,lr_6e-6,9.72e-06,validation_total_reference_mistag_geomean_percent,0.4250001667153404,min,1.036218064953998,1.036218064953998,0.5843774005198995,0.30908988189374104,0.4250001667153404,,0.17890525359470272,0.07816570882185708,3.2564777470894293,0.20042489980895778,0.557527618187501,0.06413596825269571,2.7816216286191753,1.1724856952576643,0.017971737532738768,0.01997467613285861,89,49747,0.011550917505694666,0.013551993136066141,39,49894,0.07864470567774257,0.08052391779571344,1620,49747,0.019048968226943026,0.021045143198351445,100,49894,0.03236779918489038,0.03435089209257161,278,49863,0.010377277129211191,0.012378915130283346,32,49894,0.07270183703780714,0.07459572354337127,1387,49863,0.047222136315044905,0.04917934703076339,585,49894,0.88846,0.9711468515134954,0.29588,0.41842943054177373,0.30204,False,/data/suehara/part/march/datasets/20250711_ilc_nnqq_sgv_10m_3cat_parquet,val50k_tail,150000,proxy
14,14,1800000,,lr_9e-6,1.08e-05,validation_total_reference_mistag_geomean_percent,0.426763180027219,min,1.0241576309924638,1.0241576309924638,0.6000679175042035,0.30351033027135427,0.426763180027219,,0.18466109211978174,0.07398815864318434,3.1693462854538303,0.19596864836533512,0.5314544722344718,0.07398815864318434,2.7760442914952406,1.187809940984681,0.01826037667102816,0.020260109275632925,92,49821,0.011201532882319103,0.013198213953250578,37,50008,0.07754959126851438,0.0794295099285601,1579,49821,0.018805377320581153,0.020797180050289178,98,50008,0.03164077256676738,0.03363242026569831,264,49675,0.011201532882319103,0.013198213953250578,37,50008,0.07276551077528039,0.07466678928853034,1379,49675,0.04747939911505898,0.04943153533252358,594,50008,0.88878,0.971370458726973,0.29502,0.41842943054177373,0.30347,False,/data/suehara/part/march/datasets/20250711_ilc_nnqq_sgv_10m_3cat_parquet,val50k_tail,150000,proxy
15,15,1920000,,lr_14e-6,1.296e-05,validation_total_reference_mistag_geomean_percent,0.4314678360593373,min,1.0342085757710264,1.0342085757710264,0.587613676318828,0.31681443277490684,0.4314678360593373,,0.20103734731318382,0.07416315677214999,3.2728880805217564,0.20645420138521142,0.5494064681512165,0.0681499315131456,2.7390118079553005,1.1625576125562467,0.019107127045606673,0.021109377116863316,100,49742,0.01122801912709615,0.013229415645147506,37,49890,0.07884242525135823,0.08072116645705049,1628,49742,0.01934777043926003,0.021343863754718195,103,49890,0.03212254313381914,0.03410560384881174,274,49872,0.010725484535561308,0.012727122108275982,34,49890,0.07214440803989704,0.0740396615088932,1366,49872,0.047021777910349026,0.04897954353433789,580,49890,0.88847,0.9712623146819537,0.29544,0.41842943054177373,0.30242,False,/data/suehara/part/march/datasets/20250711_ilc_nnqq_sgv_10m_3cat_parquet,val50k_tail,150000,proxy
15,15,1920000,,lr_3e-6,8.64e-06,validation_total_reference_mistag_geomean_percent,0.4286342033127669,min,1.023622928643842,1.023622928643842,0.6072411499944782,0.3025606552705479,0.4286342033127669,,0.19445501738214696,0.06822787911738844,3.1794399836797544,0.19866353183115054,0.5684100823403619,0.07625468842531648,2.7717521173223933,1.131780129052224,0.018751338879988838,0.020748193381441883,97,49883,0.01073774933587849,0.012741673248021883,34,49833,0.0776228568618944,0.07950003431801828,1586,49883,0.018972067729384187,0.0209707568357689,99,49833,0.03271377041980375,0.034699413430964915,283,49788,0.011404017151898753,0.013407618922149298,38,49833,0.07262855896499575,0.07452569478899503,1380,49788,0.046415140276057955,0.0483763803874002,564,49833,0.88865,0.9713239051862921,0.2951,0.41842943054177373,0.3034,False,/data/suehara/part/march/datasets/20250711_ilc_nnqq_sgv_10m_3cat_parquet,val50k_tail,150000,proxy
15,15,1920000,,lr_6e-6,9.72e-06,validation_total_reference_mistag_geomean_percent,0.42486155790195135,min,1.0384098516589648,1.0384098516589648,0.6033022063603415,0.2991988782402354,0.42486155790195135,,0.17871845429480604,0.0681608582943078,3.2490611405128713,0.20247784487149534,0.561989444003818,0.07217032337273628,2.81396138939773,1.1607393585239538,0.017952985797377155,0.019953840478173848,89,49799,0.010727204220550433,0.012729162368230835,34,49882,0.07851640056980302,0.0803939483117258,1618,49799,0.019153145808565926,0.0211497186751649,101,49882,0.03251289407765834,0.03449739996066138,280,49823,0.0110646131448049,0.013066410537826152,36,49882,0.0731459481342258,0.0750400569402853,1402,49823,0.04698833729812179,0.048946489801184566,579,49882,0.88835,0.971215061319985,0.2955,0.41842943054177373,0.30356,False,/data/suehara/part/march/datasets/20250711_ilc_nnqq_sgv_10m_3cat_parquet,val50k_tail,150000,proxy
15,15,1920000,,lr_9e-6,1.08e-05,validation_total_reference_mistag_geomean_percent,0.4239953704885377,min,1.0389121741516114,1.0389121741516114,0.6036701263309426,0.2977985266363141,0.4239953704885377,,0.17871845429480604,0.0681608582943078,3.2530773401317568,0.1984683870894279,0.561989444003818,0.07217032337273628,2.815968512852078,1.16274407317396,0.017952985797377155,0.019953840478173848,89,49799,0.010727204220550433,0.012729162368230835,34,49882,0.0785639153726772,0.08044130182364023,1620,49799,0.01895344703960384,0.020950180660861968,99,49882,0.03251289407765834,0.03449739996066138,280,49823,0.0110646131448049,0.013066410537826152,36,49882,0.07317163767227262,0.07506566591052762,1403,49823,0.04702927751646952,0.048987349642202506,580,49882,0.88833,0.9712274195053044,0.29543,0.41842943054177373,0.30352,False,/data/suehara/part/march/datasets/20250711_ilc_nnqq_sgv_10m_3cat_parquet,val50k_tail,150000,proxy
16,16,2040000,,lr_14e-6,1.296e-05,validation_total_reference_mistag_geomean_percent,0.42755854915842106,min,1.0270399045302894,1.0270399045302894,0.5711832150657671,0.3200484680513683,0.42755854915842106,,0.1906137835963483,0.08021176218544153,3.2283954562757615,0.21256116614916723,0.5341687109471249,0.06216411401985169,2.7371125667613896,1.17109167630723,0.0185638748086763,0.020562646326478872,95,49839,0.011715818955301056,0.013717855821528829,40,49868,0.0782403478214691,0.08011721798867194,1609,49839,0.019649390404039402,0.02164611938751753,106,49868,0.03168583603529217,0.03367249539008464,266,49797,0.010204872124170263,0.012207632792591173,31,49868,0.07217332721782578,0.07407151137472125,1363,49797,0.047205849565046774,0.04916413660982274,584,49868,0.88834,0.9713097582183208,0.29533,0.41842943054177373,0.30391,False,/data/suehara/part/march/datasets/20250711_ilc_nnqq_sgv_10m_3cat_parquet,val50k_tail,150000,proxy
16,16,2040000,,lr_3e-6,8.64e-06,validation_total_reference_mistag_geomean_percent,0.4310270256260096,min,1.0310538629527743,1.0310538629527743,0.5794874321123183,0.32060108041134416,0.4310270256260096,,0.1906137835963483,0.08021176218544153,3.2203696636568453,0.2145664618764416,0.5381850134164393,0.06416940723510066,2.755186100974022,1.1851287106815567,0.0185638748086763,0.020562646326478872,95,49839,0.011715818955301056,0.013717855821528829,40,49868,0.07814500020151133,0.08002219243304909,1605,49839,0.019746160526640806,0.021742809087653026,107,49868,0.031807763456239826,0.03379426150711623,268,49797,0.010382686269196324,0.012385366515151323,32,49868,0.07240784898667439,0.07430530727594829,1372,49797,0.04749048543553191,0.04944820952304651,591,49868,0.88828,0.9712584195164388,0.29563,0.41842943054177373,0.30408,False,/data/suehara/part/march/datasets/20250711_ilc_nnqq_sgv_10m_3cat_parquet,val50k_tail,150000,proxy
16,16,2040000,,lr_6e-6,9.72e-06,validation_total_reference_mistag_geomean_percent,0.42837425579122396,min,1.0290478550647177,1.0290478550647177,0.5737216295584692,0.31984937218753345,0.42837425579122396,,0.1906137835963483,0.08021176218544153,3.2203696636568453,0.21256116614916723,0.5381850134164393,0.06216411401985169,2.751169759297834,1.1771075781958136,0.0185638748086763,0.020562646326478872,95,49839,0.011715818955301056,0.013717855821528829,40,49868,0.07814500020151133,0.08002219243304909,1605,49839,0.019649390404039402,0.02164611938751753,106,49868,0.031807763456239826,0.03379426150711623,268,49797,0.010204872124170263,0.012207632792591173,31,49868,0.0723558054111461,0.07425342500433536,1370,49797,0.04732805134004311,0.049286097117421344,587,49868,0.88834,0.9712727142621898,0.29555,0.41842943054177373,0.30404,False,/data/suehara/part/march/datasets/20250711_ilc_nnqq_sgv_10m_3cat_parquet,val50k_tail,150000,proxy
16,16,2040000,,lr_9e-6,1.08e-05,validation_total_reference_mistag_geomean_percent,0.42653039755600636,min,1.045909904348025,1.045909904348025,0.6124779099836832,0.2970363127776013,0.42653039755600636,,0.18273092391873516,0.06609120844934793,3.251004095255174,0.19827361335084281,0.558535759507129,0.07410226311314716,2.838888650639872,1.1976527205499525,0.01816350307346122,0.020164156436899904,91,49800,0.01054444188863052,0.012544518344375775,33,49931,0.0785386104382571,0.0804160424570502,1619,49800,0.018934862865578366,0.020929644824338588,99,49931,0.03242617676953953,0.03441281494399534,278,49773,0.011218802091465861,0.013218557668605963,37,49931,0.07350071410090302,0.07539572400350088,1413,49773,0.047713447671091265,0.049668200023858695,598,49931,0.88853,0.9711704737196846,0.29596,0.41842943054177373,0.30355,False,/data/suehara/part/march/datasets/20250711_ilc_nnqq_sgv_10m_3cat_parquet,val50k_tail,150000,proxy
17,17,2160000,,lr_14e-6,1.296e-05,validation_total_reference_mistag_geomean_percent,0.425020718626263,min,1.0281677379360519,1.0281677379360519,0.5775611682070455,0.3127679304035687,0.425020718626263,,0.18448335539912203,0.07615993288405914,3.2364795334128016,0.21044192161320996,0.5528749522827309,0.0641346828339513,2.766385311682676,1.1343822133798631,0.018242814533888426,0.02024062951899504,92,49869,0.011389850633339358,0.013390966557026023,38,49895,0.07831296917895011,0.08018838607983317,1614,49869,0.01954159030350662,0.02153732375195752,105,49895,0.03226775532305104,0.03425593911711485,275,49740,0.010377069197918077,0.012378667134312439,32,49895,0.07259377291068472,0.07449295526716915,1376,49740,0.04644071273834233,0.04839941154375256,566,49895,0.88848,0.9713816576754478,0.29503,0.41842943054177373,0.30267,False,/data/suehara/part/march/datasets/20250711_ilc_nnqq_sgv_10m_3cat_parquet,val50k_tail,150000,proxy
17,17,2160000,,lr_3e-6,8.64e-06,validation_total_reference_mistag_geomean_percent,0.4351815347494247,min,1.0407826076281745,1.0407826076281745,0.5939652898935887,0.31884517733484646,0.4351815347494247,,0.1887474319969522,0.07814535283647503,3.2990643543700324,0.21239506155554752,0.538206626143492,0.07213417026112094,2.787428584796018,1.1501392790657576,0.018474769313078593,0.020475100721232316,94,49802,0.011547909593343116,0.013548464800910976,39,49907,0.07910333748597023,0.08097876409502644,1643,49802,0.01963404942972799,0.02162922475012546,106,49907,0.031809037852038785,0.033795614820178885,268,49795,0.011059072082055324,0.013059868180093515,36,49907,0.07282560648852049,0.07472184600749165,1388,49795,0.04675977846978589,0.04871737487681417,574,49907,0.88818,0.9711943254684421,0.29597,0.41842943054177373,0.30277,False,/data/suehara/part/march/datasets/20250711_ilc_nnqq_sgv_10m_3cat_parquet,val50k_tail,150000,proxy
17,17,2160000,,lr_6e-6,9.72e-06,validation_total_reference_mistag_geomean_percent,0.4235879176269817,min,1.035562621177116,1.035562621177116,0.5785533222240296,0.310129969126829,0.4235879176269817,,0.1888991539775989,0.07612789300165164,3.2434387993693865,0.1983331973504893,0.5499137151682575,0.06210433315699705,2.7897082259167325,1.1759756514758148,0.01848960779318415,0.020491540990137603,94,49762,0.011385060272674372,0.013385335613946359,38,49916,0.07847864137862925,0.08035781109233114,1614,49762,0.018940548026703394,0.020935927027854184,99,49916,0.032152124215621344,0.03413699532166109,274,49826,0.010195061281351473,0.012195898497719326,31,49916,0.07283256771361095,0.07472753597642066,1390,49826,0.047282794457782426,0.049239002737964596,587,49916,0.88867,0.9712235885064082,0.2956,0.41842943054177373,0.30278,False,/data/suehara/part/march/datasets/20250711_ilc_nnqq_sgv_10m_3cat_parquet,val50k_tail,150000,proxy
17,17,2160000,,lr_9e-6,1.08e-05,validation_total_reference_mistag_geomean_percent,0.4335831769881883,min,1.0399306991068864,1.0399306991068864,0.6051243849977426,0.31067062578856736,0.4335831769881883,,0.17243108571279425,0.07834786240500967,3.238095249859384,0.21294548418843387,0.551643888011981,0.07232110854699195,2.7883091493521275,1.2053517647783694,0.017605311136317588,0.01960336907690244,86,49875,0.011577826873186377,0.013583558291474463,39,49778,0.07832745933844878,0.0802025858426543,1615,49875,0.019684884312940736,0.021685207924185573,106,49778,0.032196088771474334,0.03417989508220139,275,49851,0.011087723685400116,0.013093697244302076,36,49778,0.07279654579857575,0.07469061989143905,1390,49851,0.04793991874891216,0.0499003698724047,600,49778,0.88813,0.9711880784481938,0.296,0.41842943054177373,0.30276,False,/data/suehara/part/march/datasets/20250711_ilc_nnqq_sgv_10m_3cat_parquet,val50k_tail,150000,proxy
18,18,2280000,,lr_14e-6,1.296e-05,validation_total_reference_mistag_geomean_percent,0.43208207555339917,min,1.0304531304305817,1.0304531304305817,0.5913706602308352,0.3156986515727023,0.43208207555339917,,0.1826575650043089,0.07824412242607211,3.2376555305152466,0.21466976442404195,0.5417335539857127,0.07021908491640569,2.7487961224257824,1.169649299747084,0.018156217115916532,0.02015607028758139,91,49820,0.011562501017290446,0.013565580799749698,39,49844,0.07836495837612797,0.0802421725805795,1613,49820,0.019755659510938276,0.021753265298091226,107,49844,0.03190175124580452,0.03388639306489512,270,49840,0.01090541306792178,0.012908814850104922,35,49844,0.0722942269316143,0.07419030461273332,1370,49840,0.04718762729625323,0.04914691511626202,583,49844,0.88844,0.9713295135017749,0.29528,0.41842943054177373,0.30255,False,/data/suehara/part/march/datasets/20250711_ilc_nnqq_sgv_10m_3cat_parquet,val50k_tail,150000,proxy
18,18,2280000,,lr_3e-6,8.64e-06,validation_total_reference_mistag_geomean_percent,0.4372223364515868,min,1.0362667767988927,1.0362667767988927,0.5960241967819124,0.3207308906657224,0.4372223364515868,,0.1966371022911391,0.0802326747567947,3.2465187054967366,0.2065991428102704,0.538033772915858,0.07220940869555713,2.7825180204406976,1.1673853869840876,0.018869469193848708,0.020868039104793203,98,49838,0.011718872962848171,0.01372143102307137,40,49855,0.07845595192993646,0.0803321324824878,1618,49838,0.01936134115402544,0.021358829956276068,103,49855,0.03179884554402688,0.03378479134955002,268,49811,0.01107060373264563,0.01307348365051789,36,49855,0.0727508333989886,0.07464666099403702,1386,49811,0.04713642094556197,0.049095367294338214,582,49855,0.88847,0.9713868809514353,0.29513,0.41842943054177373,0.30417,False,/data/suehara/part/march/datasets/20250711_ilc_nnqq_sgv_10m_3cat_parquet,val50k_tail,150000,proxy
18,18,2280000,,lr_6e-6,9.72e-06,validation_total_reference_mistag_geomean_percent,0.43520457845682115,min,1.0322086809927105,1.0322086809927105,0.5954955200451282,0.31805952981044416,0.43520457845682115,,0.1866720231571749,0.07824412242607211,3.2336411972480548,0.2166760265578896,0.5377206930899412,0.0722253437779127,2.75882826834968,1.1736617733349581,0.01836470075967699,0.02036439277632578,93,49820,0.011562501017290446,0.013565580799749698,39,49844,0.07831734892949915,0.0801947242889664,1611,49820,0.019852023053664812,0.021849548340886718,108,49844,0.031780388624044406,0.033765191468840446,268,49840,0.011073046202653168,0.013076367484905347,36,49844,0.07242415124269,0.07431982635954515,1375,49840,0.047269241906269625,0.04922836872641636,585,49844,0.88839,0.9712921937600223,0.29552,0.41842943054177373,0.30267,False,/data/suehara/part/march/datasets/20250711_ilc_nnqq_sgv_10m_3cat_parquet,val50k_tail,150000,proxy
18,18,2280000,,lr_9e-6,1.08e-05,validation_total_reference_mistag_geomean_percent,0.4252220531213126,min,1.0203032221250143,1.0203032221250143,0.5915709050609314,0.30565024904678284,0.4252220531213126,,0.18073378313071198,0.07610654805243139,3.1367351684760894,0.20228319251868254,0.5343833566199209,0.07009813824923909,2.7904452711594625,1.1716403187935767,0.01805944496383301,0.02006029906322887,90,49797,0.011381868936866709,0.01338158428207633,38,49930,0.07717566053384757,0.07905779495110676,1562,49797,0.019134749065853822,0.0211294103705953,101,49930,0.03169853596835595,0.033685984907656785,266,49777,0.010886634556513076,0.01288659057031643,35,49930,0.07287743130486163,0.07477423529913957,1389,49777,0.047188278378413814,0.049144111816701655,585,49930,0.88871,0.9713013880569861,0.29521,0.41842943054177373,0.30387,False,/data/suehara/part/march/datasets/20250711_ilc_nnqq_sgv_10m_3cat_parquet,val50k_tail,150000,proxy
19,19,2400000,,lr_14e-6,1.296e-05,validation_total_reference_mistag_geomean_percent,0.42744770029872325,min,1.0353601770894563,1.0353601770894563,0.5877008424146608,0.3108920785955797,0.42744770029872325,,0.1765048020100691,0.07810778550221485,3.2533044320601348,0.20828743462572652,0.5410733059549272,0.06809396901225674,2.8019149867885322,1.1555947007617886,0.017825908473650325,0.019824524350591323,88,49857,0.011542360638074175,0.0135419557759117,39,49931,0.07852142865240538,0.08039662202355066,1622,49857,0.01942994154380095,0.021424322404304738,104,49931,0.0319203471849821,0.03390996549275113,269,49716,0.010716679796773704,0.01271667603286766,34,49931,0.0730690473034052,0.07496771717984581,1393,49716,0.04686056803588322,0.04881700500132778,577,49931,0.88855,0.971397245601108,0.29505,0.41842943054177373,0.30217,False,/data/suehara/part/march/datasets/20250711_ilc_nnqq_sgv_10m_3cat_parquet,val50k_tail,150000,proxy
19,19,2400000,,lr_3e-6,8.64e-06,validation_total_reference_mistag_geomean_percent,0.431055639847105,min,1.0295365564660524,1.0295365564660524,0.5812078978831436,0.31969449369278086,0.431055639847105,,0.19434983373385958,0.0783762042496129,3.249849808004669,0.2110128649716648,0.5377854687635398,0.06832797394128548,2.7792269999256805,1.1173632981381059,0.018741203369116215,0.02073698186164524,97,49910,0.011582013705792683,0.013588469516335544,39,49760,0.07843939525557855,0.08031273581258977,1622,49910,0.01959455870969148,0.021595683572064178,105,49760,0.031784205539066475,0.03376924475055696,268,49834,0.010753497912954714,0.01276035758320744,34,49760,0.07269186284702932,0.07458694754518373,1385,49834,0.04614869288143281,0.048113389597975384,556,49760,0.88861,0.9713828873113082,0.29515,0.41842943054177373,0.30331,False,/data/suehara/part/march/datasets/20250711_ilc_nnqq_sgv_10m_3cat_parquet,val50k_tail,150000,proxy
19,19,2400000,,lr_6e-6,9.72e-06,validation_total_reference_mistag_geomean_percent,0.43733915318177397,min,1.0514382580832675,1.0514382580832675,0.5980146815185338,0.3198341793550489,0.43733915318177397,,0.19252752541964985,0.07634200996807465,3.3431602687010993,0.21295403668388035,0.5715431910347534,0.07031501331968233,2.8135968475831707,1.13106717195583,0.018657166607580666,0.020654899339595034,96,49863,0.011417072336730803,0.013422964937240494,38,49776,0.07957076715484623,0.08144213085374413,1667,49863,0.019685674522964214,0.021686078161830623,106,49776,0.032781393124236766,0.03476384436690502,285,49865,0.010920307118741902,0.01292644187932408,35,49776,0.07311086428176995,0.07500339238865165,1403,49865,0.0464263816943861,0.04838989628220911,563,49776,0.88824,0.9711292148296818,0.29642,0.41842943054177373,0.30193,False,/data/suehara/part/march/datasets/20250711_ilc_nnqq_sgv_10m_3cat_parquet,val50k_tail,150000,proxy
19,19,2400000,,lr_9e-6,1.08e-05,validation_total_reference_mistag_geomean_percent,0.42886862497596895,min,1.0348590102392117,1.0348590102392117,0.592254647243401,0.31055610681124574,0.42886862497596895,,0.1765048020100691,0.07810778550221485,3.2392642160801177,0.20828743462572652,0.5390618747386883,0.07009673469181694,2.8079490288012297,1.1596002054638304,0.017825908473650325,0.019824524350591323,88,49857,0.011542360638074175,0.0135419557759117,39,49931,0.07835528205193676,0.0802310386287794,1615,49857,0.01942994154380095,0.021424322404304738,104,49931,0.03185945829701116,0.033849157519754564,268,49716,0.010886416582088346,0.012886332598531025,35,49931,0.07314651534220569,0.07504494247372283,1396,49716,0.04694247921657145,0.0488987557427132,579,49931,0.88852,0.9713735919640286,0.29519,0.41842943054177373,0.30225,False,/data/suehara/part/march/datasets/20250711_ilc_nnqq_sgv_10m_3cat_parquet,val50k_tail,150000,proxy
20,20,2520000,,lr_14e-6,1.296e-05,validation_total_reference_mistag_geomean_percent,0.4423228440637662,min,1.052121353423353,1.052121353423353,0.6037706631483499,0.3240460498038253,0.4423228440637662,,0.18861488590952172,0.08239881125230603,3.2686557356526547,0.21705052134385325,0.5630246837904544,0.07034044966540631,2.8491856674692175,1.1777000723034095,0.018461805166371442,0.02046073711048943,94,49837,0.011898972438873705,0.013905347212874722,41,49758,0.07871824379151113,0.08059357362746114,1629,49837,0.019886302333500718,0.02188726495234196,108,49758,0.032516338339626596,0.034497383232234835,281,49909,0.01092425647390425,0.012931115918516593,35,49758,0.07353272380990171,0.0754221573696038,1422,49909,0.04739130612455723,0.049353656651363216,586,49758,0.88836,0.9712084198118432,0.296,0.41842943054177373,0.30314,False,/data/suehara/part/march/datasets/20250711_ilc_nnqq_sgv_10m_3cat_parquet,val50k_tail,150000,proxy
20,20,2520000,,lr_3e-6,8.64e-06,validation_total_reference_mistag_geomean_percent,0.4320804174669223,min,1.025179761062372,1.025179761062372,0.594481952884794,0.31404399452739923,0.4320804174669223,,0.1869384302351917,0.07615688131621254,3.1859936067196775,0.2144417430537936,0.5315094703510075,0.07214862334578673,2.74980934988047,1.1844399835968364,0.018390889224029768,0.020393424362485143,93,49749,0.011389394234842608,0.013390430072624481,38,49897,0.07780456462953209,0.07968653473251555,1585,49749,0.019734694767674754,0.021730187903671934,107,49897,0.03158610013675109,0.03357043558323246,265,49858,0.01106128784104189,0.01306248433684652,36,49897,0.07229447744533171,0.0741898299610716,1371,49858,0.04746303960252874,0.04941965349702145,591,49897,0.88852,0.9712381142674485,0.2954,0.41842943054177373,0.303,False,/data/suehara/part/march/datasets/20250711_ilc_nnqq_sgv_10m_3cat_parquet,val50k_tail,150000,proxy
20,20,2520000,,lr_6e-6,9.72e-06,validation_total_reference_mistag_geomean_percent,0.42890157499332604,min,1.036060109531994,1.036060109531994,0.5773371327349338,0.31862935986868796,0.42890157499332604,,0.19443554059524285,0.07837935377600573,3.2673188533099795,0.20700189206349767,0.5355208715942116,0.06431126653000523,2.7819005819468083,1.1596125164402005,0.018749461106512978,0.020746116259528612,97,49888,0.011582479096344519,0.013589015427215977,39,49758,0.0786627124700491,0.08053617881356653,1630,49888,0.019399051105373752,0.021400417616391013,103,49758,0.03170811154460827,0.03369228608163079,267,49858,0.01040563362627744,0.012412735406195448,32,49758,0.07270902772280805,0.07460309296287715,1387,49858,0.04702259640212425,0.048985673934847165,577,49758,0.88841,0.9713156404268773,0.29566,0.41842943054177373,0.30172,False,/data/suehara/part/march/datasets/20250711_ilc_nnqq_sgv_10m_3cat_parquet,val50k_tail,150000,proxy
20,20,2520000,,lr_9e-6,1.08e-05,validation_total_reference_mistag_geomean_percent,0.4357714529924237,min,1.04859392478219,1.04859392478219,0.5973678250608928,0.31788916522876165,0.4357714529924237,,0.18682952216616425,0.07621645585106902,3.310699493627563,0.21661518023687923,0.5474452402311105,0.07019936637188132,2.795379706880961,1.1853664328918927,0.0183801835092556,0.020381556396493833,93,49778,0.011398300608146911,0.013400899278207219,38,49858,0.07925862305231748,0.08113448638802853,1648,49778,0.019846453887745717,0.021843420726746447,108,49858,0.032064974269785995,0.034048272701457924,273,49868,0.010902351687578478,0.012905191721827056,35,49858,0.07287516130764365,0.0747683061550368,1394,49868,0.04749995687677172,0.04945806408146111,591,49858,0.88817,0.9712892279011408,0.29576,0.41842943054177373,0.30424,False,/data/suehara/part/march/datasets/20250711_ilc_nnqq_sgv_10m_3cat_parquet,val50k_tail,150000,proxy
21,21,2640000,,lr_14e-6,1.296e-05,validation_total_reference_mistag_geomean_percent,0.43384952860283116,min,1.0253928633324085,1.0253928633324085,0.5984391756044268,0.3145272253922716,0.43384952860283116,,0.18470557982434255,0.07625316236068695,3.2062479173129916,0.21671950505307372,0.5515332575749351,0.07424649819273402,2.757666229855242,1.135770756485263,0.018264772489972225,0.020264985074782575,92,49809,0.011403788380058285,0.013407350007007515,38,49834,0.07800011393362255,0.07987900380044266,1597,49809,0.01985600294330827,0.021853927313378797,108,49834,0.03218964795370588,0.03417306084278074,275,49861,0.011240632746087224,0.013244274905277595,37,49834,0.07239406370400485,0.07428898703991764,1375,49861,0.04649725259574661,0.04845829319938197,566,49834,0.88873,0.9713916665218184,0.29484,0.41842943054177373,0.3026,False,/data/suehara/part/march/datasets/20250711_ilc_nnqq_sgv_10m_3cat_parquet,val50k_tail,150000,proxy
21,21,2640000,,lr_3e-6,8.64e-06,validation_total_reference_mistag_geomean_percent,0.43487685953425526,min,1.0476861482700262,1.0476861482700262,0.6032721274339597,0.31348685669068826,0.43487685953425526,,0.17644110621164447,0.08018281525270556,3.306265646079463,0.20647074839156276,0.554851953263273,0.07216453796548858,2.806424938538797,1.1786874404572738,0.017819479902191897,0.019817377042990785,88,49875,0.011711592956376037,0.013712908617096365,40,49886,0.07913050225866886,0.0810028951665126,1649,49875,0.019349320415171255,0.02134557311614274,103,49886,0.03232588057095606,0.034313864973538596,276,49743,0.011063726201659302,0.013065363320141469,36,49886,0.07310736285334463,0.07500482083723642,1396,49743,0.047351717527582306,0.04930899347493165,588,49886,0.88817,0.9710963737363638,0.29638,0.41842943054177373,0.30265,False,/data/suehara/part/march/datasets/20250711_ilc_nnqq_sgv_10m_3cat_parquet,val50k_tail,150000,proxy
21,21,2640000,,lr_6e-6,9.72e-06,validation_total_reference_mistag_geomean_percent,0.4309386053669476,min,1.0383388693301296,1.0383388693301296,0.5817560916945603,0.31921983155289796,0.4309386053669476,,0.18662707220237373,0.078206467556488,3.28503764251832,0.21657174358693382,0.5481487392102246,0.0661747023451064,2.796964037570547,1.1289805496510439,0.01836028190674462,0.020359494193103282,93,49832,0.011556938033717011,0.013559055322410671,39,49868,0.0789150529568336,0.08078991348191705,1637,49832,0.01984247782477245,0.02183904596331876,108,49868,0.032106075299335235,0.03409189404271146,273,49804,0.010557759667953264,0.012560359491442356,33,49868,0.07294172422566934,0.0748372381660662,1393,49804,0.046341190043849324,0.04830116596040938,563,49868,0.88847,0.9713322362754426,0.29539,0.41842943054177373,0.30272,False,/data/suehara/part/march/datasets/20250711_ilc_nnqq_sgv_10m_3cat_parquet,val50k_tail,150000,proxy
21,21,2640000,,lr_9e-6,1.08e-05,validation_total_reference_mistag_geomean_percent,0.43607114844836076,min,1.0325966618418556,1.0325966618418556,0.6002070893591586,0.31682072717952087,0.43607114844836076,,0.17849979550530018,0.08028742742205715,3.24308067674121,0.2167760646623525,0.5399113054639492,0.0742658698195091,2.751741278543999,1.1762108765764683,0.0179310383846601,0.019929453988060054,89,49860,0.011726867899955366,0.01373079036677742,40,49821,0.07839815177222709,0.08027364241117302,1617,49860,0.019861179186122763,0.02185962260235299,108,49821,0.03185196470726964,0.03383735683612507,269,49823,0.011243564961845282,0.01324772915148757,37,49821,0.07234457332120428,0.07424117972921196,1371,49823,0.04733171371260579,0.04929164262614666,586,49821,0.88821,0.9712730119093722,0.29553,0.41842943054177373,0.30338,False,/data/suehara/part/march/datasets/20250711_ilc_nnqq_sgv_10m_3cat_parquet,val50k_tail,150000,proxy
22,22,2760000,,lr_14e-6,1.296e-05,validation_total_reference_mistag_geomean_percent,0.4278383770790927,min,1.041466516081355,1.041466516081355,0.5761115416272277,0.31772610627563413,0.4278383770790927,,0.20686884358750776,0.07416315677214999,3.3139183711961757,0.20044097258647947,0.5298651057680639,0.06414111044297455,2.773763731714458,1.1685708365830287,0.019386594482852477,0.021386680086710012,103,49790,0.01122801912709615,0.013229415645147506,37,49890,0.07928687940724974,0.0811621613474596,1650,49790,0.019050494185842152,0.021046828555963595,100,49890,0.031546379703022764,0.03353213524240123,264,49824,0.010378108937719092,0.01237990721354266,32,49890,0.07262861120325009,0.074524295552552,1382,49824,0.047144360663691105,0.04910188523301658,583,49890,0.8883,0.971146223012139,0.29612,0.41842943054177373,0.30366,False,/data/suehara/part/march/datasets/20250711_ilc_nnqq_sgv_10m_3cat_parquet,val50k_tail,150000,proxy
22,22,2760000,,lr_3e-6,8.64e-06,validation_total_reference_mistag_geomean_percent,0.43362364585137886,min,1.0494934883391709,1.0494934883391709,0.5843708281184528,0.32176395054978374,0.43362364585137886,,0.20887728459530025,0.07616756641464054,3.327977428903082,0.20244538305535603,0.5338792474564038,0.06614551771665543,2.8018625785079236,1.1785929000640047,0.01948491542337,0.021484920352590406,104,49790,0.011390991789625231,0.013392307956122142,38,49890,0.07945128393118325,0.08132600114893265,1657,49790,0.019150077228621658,0.021146331247188718,101,49890,0.03166870725906899,0.03365430166930583,266,49824,0.010553105193883926,0.012554823118153048,33,49890,0.07299015638866507,0.07488471283397663,1396,49824,0.04734794231719408,0.04930506512874737,588,49890,0.88824,0.971095679475208,0.29642,0.41842943054177373,0.30382,False,/data/suehara/part/march/datasets/20250711_ilc_nnqq_sgv_10m_3cat_parquet,val50k_tail,150000,proxy
22,22,2760000,,lr_6e-6,9.72e-06,validation_total_reference_mistag_geomean_percent,0.4374899272496317,min,1.033253326414595,1.033253326414595,0.5981650532584574,0.3199742870337634,0.4374899272496317,,0.1927555944005347,0.0782315617940048,3.238695732613387,0.21463531450479623,0.5556892905252924,0.07221374987879162,2.7563793794340055,1.157425988165948,0.01867925041327378,0.020679340540692336,96,49804,0.011560646094468887,0.013563404942865825,39,49852,0.07838972793063892,0.08026750342759459,1613,49804,0.019752492167551948,0.021749778777362852,107,49852,0.03231779304150636,0.034301556435136805,277,49848,0.0110712697539626,0.013074270024650097,36,49852,0.07238672605998364,0.07428219520105583,1374,49848,0.04693441912801445,0.04889388291230423,577,49852,0.88872,0.971366636263617,0.29507,0.41842943054177373,0.30345,False,/data/suehara/part/march/datasets/20250711_ilc_nnqq_sgv_10m_3cat_parquet,val50k_tail,150000,proxy
22,22,2760000,,lr_9e-6,1.08e-05,validation_total_reference_mistag_geomean_percent,0.42882861724709703,min,1.0457535831941724,1.0457535831941724,0.5925665094107594,0.3103347557608666,0.42882861724709703,,0.17844969431885402,0.07422564360075193,3.324377451213819,0.21064034588008748,0.5383471733035792,0.07021345163568544,2.8082438170622153,1.1615310885383878,0.017926008842524422,0.01992386549643011,89,49874,0.011237476685171553,0.013240556961768346,37,49848,0.07934310258361915,0.08121480674678216,1658,49874,0.019559998630856418,0.02155760579061277,105,49848,0.03181732391450169,0.03380441399771236,268,49782,0.010904538212401938,0.012907779463023445,35,49848,0.07310241278751031,0.07499831122900341,1398,49782,0.04702020987850785,0.0489796661944061,579,49848,0.888,0.9713044658508228,0.29576,0.41842943054177373,0.30179,False,/data/suehara/part/march/datasets/20250711_ilc_nnqq_sgv_10m_3cat_parquet,val50k_tail,150000,proxy
23,23,2880000,,lr_14e-6,1.296e-05,validation_total_reference_mistag_geomean_percent,0.4229812216709539,min,1.0283325967695576,1.0283325967695576,0.5936518982650473,0.3013771444328364,0.4229812216709539,,0.18850898299840887,0.07017403194186246,3.2066579645164137,0.1944823237598903,0.5425718015990039,0.07017403194186246,2.781182796269321,1.172908841129698,0.018451446941642715,0.020449260723609163,94,49865,0.010898418151792386,0.012900536401422542,35,49876,0.07796171112211189,0.07983847452898082,1599,49865,0.018753968394826265,0.020751102050974652,97,49876,0.03195099107153616,0.033938670044677925,270,49763,0.010898418151792386,0.012900536401422542,35,49876,0.0727682503479106,0.07466596022627642,1384,49763,0.047239083508986146,0.04919698359063286,585,49876,0.8885,0.9713800273021267,0.29489,0.41842943054177373,0.30348,False,/data/suehara/part/march/datasets/20250711_ilc_nnqq_sgv_10m_3cat_parquet,val50k_tail,150000,proxy
23,23,2880000,,lr_3e-6,8.64e-06,validation_total_reference_mistag_geomean_percent,0.4255889220595347,min,1.0336785610599297,1.0336785610599297,0.5897270371336393,0.3071351984473308,0.4255889220595347,,0.1863279373972703,0.07230803505386207,3.2557301354620902,0.20286420634796326,0.5481377359994494,0.06829092132555746,2.7687982095082377,1.1669713073850074,0.01833087714397303,0.020326897101211876,93,49912,0.011085719919681075,0.013091331391030907,36,49787,0.07850731324834034,0.0803803431169127,1625,49912,0.019189660515666694,0.021190027503635793,101,49787,0.032105432285455676,0.03409121159970805,273,49805,0.010747667716436399,0.012753440556505636,34,49787,0.07257817729798277,0.07447478420022705,1379,49805,0.04715949900404581,0.049121137499356926,581,49787,0.88828,0.9712343989872269,0.29574,0.41842943054177373,0.30362,False,/data/suehara/part/march/datasets/20250711_ilc_nnqq_sgv_10m_3cat_parquet,val50k_tail,150000,proxy
23,23,2880000,,lr_6e-6,9.72e-06,validation_total_reference_mistag_geomean_percent,0.4229120262400568,min,1.0357684964735192,1.0357684964735192,0.5963172153325466,0.2999319445083087,0.4229120262400568,,0.18853165097065494,0.06819640731802727,3.2351231219905663,0.19456033804858736,0.5442969208803597,0.0702021817693195,2.8058406920325893,1.1793966587780478,0.018453665582625452,0.02045171886544616,94,49859,0.010732797007243302,0.012735797733093291,34,49856,0.07830464808839671,0.0801804955393795,1613,49859,0.01876148535963913,0.020759417030868334,97,49856,0.031994919411857704,0.03398149113577574,271,49789,0.010902788922391361,0.01290570918705689,35,49856,0.07306652138723418,0.07496224982075292,1397,49789,0.047380050805416116,0.04933847603507749,588,49856,0.88828,0.9713340679507455,0.29521,0.41842943054177373,0.30156,False,/data/suehara/part/march/datasets/20250711_ilc_nnqq_sgv_10m_3cat_parquet,val50k_tail,150000,proxy
23,23,2880000,,lr_9e-6,1.08e-05,validation_total_reference_mistag_geomean_percent,0.4255761778110514,min,1.0499967207975014,1.0499967207975014,0.5923189567564004,0.3057728966029864,0.4255761778110514,,0.190747733677325,0.0680748827033706,3.3290498535832205,0.2022224474075376,0.546678736486101,0.0680748827033706,2.8238368089816763,1.1712884208374097,0.01857690998576314,0.020577080742470097,95,49804,0.010713676610520572,0.012713113006533442,34,49945,0.07945276921710806,0.0813269163960871,1658,49804,0.019129007329120012,0.021123072021199875,101,49945,0.03207722789735218,0.03406506137569633,272,49755,0.010713676610520572,0.012713113006533442,34,49945,0.07332166343191754,0.07521796390621976,1405,49755,0.047174185229354945,0.04912944537362046,585,49945,0.88824,0.9712053505748942,0.29611,0.41842943054177373,0.30411,False,/data/suehara/part/march/datasets/20250711_ilc_nnqq_sgv_10m_3cat_parquet,val50k_tail,150000,proxy
24,24,3000000,,lr_14e-6,1.296e-05,validation_total_reference_mistag_geomean_percent,0.4234080613745251,min,1.0152074154563329,1.0152074154563329,0.5887343714158019,0.30450810270480805,0.4234080613745251,,0.18476121439901522,0.07220940869555713,3.181106163217234,0.20258750388491586,0.5495938049265697,0.07020358955272549,2.7138703534323767,1.1473272855422687,0.018270270240746952,0.020271083124923636,92,49794,0.01107060373264563,0.01307348365051789,36,49855,0.07771132070980985,0.07959178637273329,1584,49794,0.01916350953012403,0.02116115926119916,101,49855,0.03213346892977243,0.03411719831752577,274,49855,0.010903007552949399,0.012905967935233919,35,49855,0.07182921941463506,0.07372612770155558,1353,49855,0.04672588001680949,0.04868563100970825,572,49855,0.88895,0.9714597303729468,0.2944,0.41842943054177373,0.30408,False,/data/suehara/part/march/datasets/20250711_ilc_nnqq_sgv_10m_3cat_parquet,val50k_tail,150000,proxy
24,24,3000000,,lr_3e-6,8.64e-06,validation_total_reference_mistag_geomean_percent,0.4352859011206667,min,1.0513593971786168,1.0513593971786168,0.6058283189299813,0.312751665437299,0.4352859011206667,,0.1906749875940224,0.07211827538018356,3.307709303045976,0.2103449694730829,0.5405622536998482,0.07412155953860415,2.8253923602185567,1.1899514684786603,0.01856983147619357,0.02056924240307768,95,49823,0.011056635772244973,0.013056991617755935,36,49918,0.07918821705378415,0.08106250617987282,1648,49823,0.019532594593975286,0.021527412400191563,105,49918,0.03189027389575508,0.03387803363110037,269,49763,0.01122172292737755,0.013221998511449458,37,49918,0.073335729891277,0.07523166300116395,1406,49763,0.04756451779238651,0.049520087754906066,594,49918,0.88823,0.971218802726273,0.29617,0.41842943054177373,0.30231,False,/data/suehara/part/march/datasets/20250711_ilc_nnqq_sgv_10m_3cat_parquet,val50k_tail,150000,proxy
24,24,3000000,,lr_6e-6,9.72e-06,validation_total_reference_mistag_geomean_percent,0.4315148539943656,min,1.0243356297873727,1.0243356297873727,0.6004314704151679,0.3101187702387207,0.4315148539943656,,0.18881188187272255,0.07418249164609338,3.197750410691307,0.2065080148843576,0.5457244947326961,0.07418249164609338,2.732635017827946,1.1748902349977672,0.018481072756033803,0.02048208461112829,94,49785,0.011230944764949017,0.013232862143796492,37,49877,0.0779172936672911,0.07979743064048042,1592,49785,0.019352808769131872,0.021349420180587653,103,49877,0.03202137679902414,0.03400577884186329,272,49842,0.011230944764949017,0.013232862143796492,37,49877,0.07208295771188172,0.07397960778804114,1362,49842,0.04727886834941155,0.04923664972677367,586,49877,0.88877,0.9713412068240249,0.29508,0.41842943054177373,0.30284,False,/data/suehara/part/march/datasets/20250711_ilc_nnqq_sgv_10m_3cat_parquet,val50k_tail,150000,proxy
24,24,3000000,,lr_9e-6,1.08e-05,validation_total_reference_mistag_geomean_percent,0.43110673032641006,min,1.0459034641670133,1.0459034641670133,0.5929235360173667,0.31345190676877505,0.43110673032641006,,0.1844426705146259,0.07626540098871315,3.287890877903889,0.2087263646916117,0.5321498974408069,0.06823746671736719,2.7892686192596834,1.2202464158194104,0.018238794634218496,0.020236170682718345,92,49880,0.011405618811824468,0.013409501630231961,38,49826,0.0789110475839426,0.08078398954828939,1640,49880,0.0194708499876489,0.021469415971241697,104,49826,0.031624064403108346,0.03361076494386066,265,49798,0.010739257473590176,0.012743462524410665,34,49826,0.07284712217677583,0.07474317355751353,1389,49798,0.048214933130893804,0.05017289783044703,608,49826,0.88806,0.9712885056937006,0.29567,0.41842943054177373,0.30416,False,/data/suehara/part/march/datasets/20250711_ilc_nnqq_sgv_10m_3cat_parquet,val50k_tail,150000,proxy
25,25,3120000,,lr_14e-6,1.296e-05,validation_total_reference_mistag_geomean_percent,0.4261419519745347,min,1.0341112231820708,1.0341112231820708,0.5835251884076135,0.3112067256740502,0.4261419519745347,,0.182668562031385,0.078109349466016,3.249894529427684,0.20228319251868254,0.5245493094840126,0.0680953331338907,2.8136744595909424,1.1536150498039535,0.018157309636891023,0.02015728279651384,91,49817,0.011542591738072299,0.013542226860417346,39,49930,0.07851224293310144,0.08038907883119867,1619,49817,0.019134749065853822,0.0211294103705953,101,49930,0.031404132497711394,0.03339277555773606,261,49757,0.010716894374504776,0.0127169306111727,34,49930,0.07319014669578197,0.07508677941985148,1400,49757,0.04682048995261791,0.04877704539668695,576,49930,0.88828,0.9712564369840072,0.29561,0.41842943054177373,0.30416,False,/data/suehara/part/march/datasets/20250711_ilc_nnqq_sgv_10m_3cat_parquet,val50k_tail,150000,proxy
25,25,3120000,,lr_3e-6,8.64e-06,validation_total_reference_mistag_geomean_percent,0.4173493462383073,min,1.0263300954744894,1.0263300954744894,0.5798119152767791,0.30040858460522607,0.4173493462383073,,0.18251834318261015,0.07025009014942293,3.229170939580293,0.19670025241838424,0.5338792474564038,0.06623579977060033,2.7837989493639648,1.1480871418742344,0.018142389887985663,0.02014072445738653,91,49858,0.01091022728362379,0.012914512449498105,35,49822,0.07823481863534418,0.08011094247075204,1610,49858,0.01887552387094631,0.020874733061364368,98,49822,0.03166870725906899,0.03365430166930583,266,49824,0.010567505029636869,0.012571951337589165,33,49822,0.07275796211718248,0.07465324364363084,1387,49824,0.046756660496148975,0.04871767901408648,572,49822,0.88859,0.9713207517813219,0.29528,0.4173493462383073,0.30252,False,/data/suehara/part/march/datasets/20250711_ilc_nnqq_sgv_10m_3cat_parquet,val50k_tail,150000,proxy
25,25,3120000,,lr_6e-6,9.72e-06,validation_total_reference_mistag_geomean_percent,0.41514581365945763,min,1.0235321866618334,1.0235321866618334,0.5805492757828467,0.2968672148743474,0.41514581365945763,,0.17428233525564424,0.07033621000304201,3.2172118082659873,0.19694137448106658,0.5338792474564038,0.06631699670139324,2.7717565133539552,1.1575330077771748,0.01769710297708062,0.01969332563984557,87,49919,0.010923598049681705,0.012930336677266226,35,49761,0.07804558221744529,0.0799198926387884,1606,49919,0.01889864301634701,0.02090029321610608,98,49761,0.03166870725906899,0.03365430166930583,266,49824,0.010580456008042131,0.012587356173017927,33,49761,0.0726027105095825,0.0744984754234547,1381,49824,0.04697862872801908,0.04894167149126095,576,49761,0.88849,0.9713072719773624,0.29537,0.41514581365945763,0.30248,False,/data/suehara/part/march/datasets/20250711_ilc_nnqq_sgv_10m_3cat_parquet,val50k_tail,150000,proxy
25,25,3120000,,lr_9e-6,1.08e-05,validation_total_reference_mistag_geomean_percent,0.42600920913240053,min,1.0437184144562228,1.0437184144562228,0.585505520181785,0.30996094829177206,0.42600920913240053,,0.196518807973813,0.07022331047018243,3.300713878343214,0.2026444081046137,0.5442313355209103,0.0662105477637735,2.80751087125434,1.1616941562189351,0.018858127137392003,0.020855499500597313,98,49868,0.010906069301689454,0.012909591499429265,35,49841,0.07907093069741342,0.08094380908339818,1646,49868,0.01916888772836387,0.021167096291053143,101,49841,0.03199107384096829,0.033977408833798114,271,49795,0.010563477591531275,0.012567160808515054,33,49841,0.07308359274069663,0.07497902567530045,1398,49795,0.04702677724829681,0.04898650221168057,579,49841,0.88794,0.9711667955261655,0.2961,0.41514581365945763,0.30308,False,/data/suehara/part/march/datasets/20250711_ilc_nnqq_sgv_10m_3cat_parquet,val50k_tail,150000,proxy
26,26,3240000,,lr_14e-6,1.1664e-05,validation_total_reference_mistag_geomean_percent,0.4218899911582527,min,1.013454345255435,1.013454345255435,0.5782325571364652,0.3078193409256683,0.4218899911582527,,0.17867898603601476,0.07613399881189326,3.1981530197831307,0.2063632012494647,0.5383471733035792,0.0681198910081744,2.721867379777978,1.1199711120732445,0.01794902409742111,0.01994943850467557,89,49810,0.011385972411637591,0.013386407809396395,38,49912,0.07790277776210733,0.07978195493255832,1593,49810,0.019339250008533003,0.021334467158404563,103,49912,0.03181732391450169,0.03380441399771236,268,49782,0.010720758243577258,0.012721514764282979,34,49912,0.0719855491245272,0.07388491769043937,1355,49782,0.04613412445801535,0.048092733591939725,559,49912,0.88911,0.9715098415641678,0.29404,0.41514581365945763,0.30227,False,/data/suehara/part/march/datasets/20250711_ilc_nnqq_sgv_10m_3cat_parquet,val50k_tail,150000,proxy
26,26,3240000,,lr_3e-6,7.776e-06,validation_total_reference_mistag_geomean_percent,0.4240690436472994,min,1.0394487345914178,1.0394487345914178,0.5951737610873595,0.30215470764602315,0.4240690436472994,,0.18240128215276263,0.07014731020772663,3.2832230102151714,0.1984166751388956,0.5490858595142514,0.07014731020772663,2.7977231359336088,1.1644452933611995,0.018130762231330713,0.020127819765442173,91,49890,0.01089426916439845,0.012895626094438964,35,49895,0.07884837745445253,0.08072113113384224,1638,49890,0.018948512990069336,0.02094472845122794,99,49895,0.03216082577982178,0.034150001730644426,273,49719,0.01089426916439845,0.012895626094438964,35,49895,0.0730130066185674,0.07491173054437576,1391,49719,0.047057985121404244,0.04901547889504532,581,49895,0.88822,0.9713036092073585,0.29532,0.41514581365945763,0.3033,False,/data/suehara/part/march/datasets/20250711_ilc_nnqq_sgv_10m_3cat_parquet,val50k_tail,150000,proxy
26,26,3240000,,lr_6e-6,8.748e-06,validation_total_reference_mistag_geomean_percent,0.42765204866275813,min,1.0399238232487245,1.0399238232487245,0.590408481691555,0.3097622754359391,0.42765204866275813,,0.18476863209637742,0.0741750560296932,3.3178020194441697,0.20247784487149534,0.5418422587189303,0.07016559319818577,2.7774434433246595,1.1507157383062832,0.018271003524257947,0.020271896475575115,92,49792,0.01122981933920806,0.013231536354899737,37,49882,0.07933075750554477,0.08120580813287884,1652,49792,0.019153145808565926,0.0211497186751649,101,49882,0.03190813745158018,0.03389317318180035,270,49830,0.01089710760388018,0.012898985374231006,35,49882,0.07267175072190116,0.07456705913203715,1384,49830,0.04678308555266641,0.048741639942376756,574,49882,0.88863,0.9713274347507838,0.29523,0.41514581365945763,0.30189,False,/data/suehara/part/march/datasets/20250711_ilc_nnqq_sgv_10m_3cat_parquet,val50k_tail,150000,proxy
26,26,3240000,,lr_9e-6,9.72e-06,validation_total_reference_mistag_geomean_percent,0.42420332906457714,min,1.0147087919903788,1.0147087919903788,0.5832352763814134,0.30853494580425644,0.42420332906457714,,0.1806866046865147,0.07613399881189326,3.1921301444747456,0.2063632012494647,0.5383471733035792,0.07012341790030353,2.731911109091673,1.1219746864048565,0.018054735234737447,0.020055069032126942,90,49810,0.011385972411637591,0.013386407809396395,38,49912,0.07783084437977816,0.0797102633798244,1590,49810,0.019339250008533003,0.021334467158404563,103,49912,0.03181732391450169,0.03380441399771236,268,49782,0.010890559589326417,0.012891235829295413,35,49912,0.07211639680668458,0.07401536186975727,1360,49782,0.0461757900233695,0.048134318876556954,560,49912,0.88907,0.9714919109340426,0.29413,0.41514581365945763,0.30233,False,/data/suehara/part/march/datasets/20250711_ilc_nnqq_sgv_10m_3cat_parquet,val50k_tail,150000,proxy
27,27,3360000,,lr_14e-6,1.1664e-05,validation_total_reference_mistag_geomean_percent,0.42723089125728814,min,1.0341608495632473,1.0341608495632473,0.5993583619911445,0.30453606059340105,0.42723089125728814,,0.1745550811094092,0.07424798537082664,3.2423105296738193,0.2046836373521653,0.5518763889856131,0.07224128589488893,2.7955046105287202,1.157867277590535,0.01772477793969634,0.01972411363709331,87,49841,0.01124085824684665,0.013244540552570409,37,49833,0.07840379670074962,0.08028003318614266,1616,49841,0.019271165059181732,0.02126961255914687,102,49833,0.03220962288193471,0.034194255886301705,275,49830,0.01107548975064624,0.01307925259184321,36,49833,0.07290419089095723,0.07479877439455704,1393,49830,0.04695221551873994,0.04891240866893038,577,49833,0.88822,0.9711658143145062,0.29576,0.41514581365945763,0.30328,False,/data/suehara/part/march/datasets/20250711_ilc_nnqq_sgv_10m_3cat_parquet,val50k_tail,150000,proxy
27,27,3360000,,lr_3e-6,7.776e-06,validation_total_reference_mistag_geomean_percent,0.42411980713494146,min,1.0197508380500322,1.0197508380500322,0.5883468699101797,0.30573394710443696,0.42411980713494146,,0.17862518137531577,0.07420331527224157,3.1911691638963684,0.20656599726247102,0.5239280404790693,0.0721978199113867,2.766179513172919,1.145137673030484,0.017943624596219943,0.019943438942619015,89,49825,0.011234097157419225,0.013236575766552534,37,49863,0.07780778509190005,0.0796866768716209,1590,49825,0.019358237598248805,0.021355407260096423,103,49863,0.03136702797615302,0.033353340758727514,261,49816,0.011068828067496553,0.0130713871152251,36,49863,0.0725364349446353,0.07443272819630808,1378,49816,0.04667717318773638,0.048636697587013146,571,49863,0.88883,0.9714562204525325,0.29448,0.41514581365945763,0.30337,False,/data/suehara/part/march/datasets/20250711_ilc_nnqq_sgv_10m_3cat_parquet,val50k_tail,150000,proxy
27,27,3360000,,lr_6e-6,8.748e-06,validation_total_reference_mistag_geomean_percent,0.4293799346258623,min,1.021180901408408,1.021180901408408,0.5923628563650067,0.3112401904985498,0.4293799346258623,,0.17690219254417291,0.08007046044131218,3.182229315855415,0.20818319816482647,0.5541834951477657,0.07006165203015012,2.740798771625648,1.157018125457974,0.017866012928020956,0.019869112586235697,88,49745,0.01169518745707343,0.013693703362271633,40,49956,0.07776258157376446,0.07964485434465013,1583,49745,0.019420226761870746,0.021413613746629027,104,49956,0.03228703518199033,0.0342726514584773,276,49803,0.010880970056863963,0.01287988665897154,35,49956,0.07221693205841442,0.0741147395137573,1365,49803,0.04687819957317277,0.04883360049092213,578,49956,0.88881,0.9714143882694198,0.29471,0.41514581365945763,0.30249,False,/data/suehara/part/march/datasets/20250711_ilc_nnqq_sgv_10m_3cat_parquet,val50k_tail,150000,proxy
27,27,3360000,,lr_9e-6,9.72e-06,validation_total_reference_mistag_geomean_percent,0.42195438564690746,min,1.027737258565651,1.027737258565651,0.5972812300370771,0.2980932509056189,0.42195438564690746,,0.17655082996885685,0.07020499739259393,3.208009057769715,0.19857985827671615,0.5661968489576427,0.07020499739259393,2.780789528928882,1.1513619498382084,0.017830554216219333,0.019829689502060814,88,49844,0.010903226192275942,0.01290622669378646,35,49854,0.07799403319035461,0.07987153308049236,1599,49844,0.01896408295554706,0.020961933528080515,99,49854,0.03264274688320225,0.034627761164578164,282,49806,0.010903226192275942,0.01290622669378646,35,49854,0.07273216744708919,0.07462825476561435,1385,49806,0.046809217083587304,0.04876884552699398,574,49854,0.88891,0.9712973901383594,0.29493,0.41514581365945763,0.30268,False,/data/suehara/part/march/datasets/20250711_ilc_nnqq_sgv_10m_3cat_parquet,val50k_tail,150000,proxy
28,28,3480000,,lr_14e-6,1.1664e-05,validation_total_reference_mistag_geomean_percent,0.4252970949977064,min,1.0171750484396727,1.0171750484396727,0.5850446987047423,0.3091688881446862,0.4252970949977064,,0.18474638079088682,0.07614619921526285,3.1467127322824404,0.20639628174276617,0.5361230668143863,0.0681308138239018,2.754909584036439,1.164235328811298,0.018268803850287,0.020269456619404543,92,49798,0.01138779712810225,0.013388552715690453,38,49904,0.07729518582712848,0.07917688173590537,1567,49798,0.019342347478551243,0.02133788314508324,103,49904,0.03174367819216177,0.03373005961306948,267,49802,0.010722476413186363,0.012723553226685717,34,49904,0.07240067830779663,0.07429795720901265,1372,49802,0.04704954535375335,0.049006694523903195,581,49904,0.88882,0.9714887238552592,0.2943,0.41514581365945763,0.30272,False,/data/suehara/part/march/datasets/20250711_ilc_nnqq_sgv_10m_3cat_parquet,val50k_tail,150000,proxy
28,28,3480000,,lr_3e-6,7.776e-06,validation_total_reference_mistag_geomean_percent,0.4276813749506124,min,1.0354237632919403,1.0354237632919403,0.5860982890707657,0.3120830787096216,0.4276813749506124,,0.18254032537946696,0.07616909613726355,3.241595062028225,0.21046723816794588,0.5546289547864337,0.06614684761662218,2.8052972158165668,1.1465453664029983,0.01814457173417009,0.020143145929530617,91,49852,0.011391220048322895,0.01339257626819095,38,49889,0.07838677586841855,0.08026262706607654,1616,49852,0.019543938373216035,0.02153991082311517,105,49889,0.032312921726480176,0.034300116126400465,276,49763,0.010553316671853849,0.012555074665600177,33,49889,0.07307838801326703,0.0749751287451899,1396,49763,0.046694209151984,0.04865265592165196,572,49889,0.88845,0.9713765898001675,0.29525,0.41514581365945763,0.30283,False,/data/suehara/part/march/datasets/20250711_ilc_nnqq_sgv_10m_3cat_parquet,val50k_tail,150000,proxy
28,28,3480000,,lr_6e-6,8.748e-06,validation_total_reference_mistag_geomean_percent,0.4280655896706405,min,1.0359250763912558,1.0359250763912558,0.5856715156645909,0.31287188152242884,0.4280655896706405,,0.18254032537946696,0.07616909613726355,3.2436011342160858,0.2124716887051145,0.552619427554541,0.06614684761662218,2.8073067251179546,1.1465453664029983,0.01814457173417009,0.020143145929530617,91,49852,0.011391220048322895,0.01339257626819095,38,49889,0.07841052953783054,0.08028630026139169,1617,49852,0.019641126901748893,0.02163701899687239,106,49889,0.03225287930378202,0.034240154465906,275,49763,0.010553316671853849,0.012555074665600177,33,49889,0.07310416724920603,0.07500082721892502,1397,49763,0.046694209151984,0.04865265592165196,572,49889,0.88849,0.9713856069116008,0.29521,0.41514581365945763,0.3028,False,/data/suehara/part/march/datasets/20250711_ilc_nnqq_sgv_10m_3cat_parquet,val50k_tail,150000,proxy
28,28,3480000,,lr_9e-6,9.72e-06,validation_total_reference_mistag_geomean_percent,0.42682331796981005,min,1.0224723453893292,1.0224723453893292,0.577866039068201,0.3152601683540993,0.42682331796981005,,0.18248175182481752,0.08032128514056225,3.1964385384814467,0.21084337737013809,0.5176980353369038,0.06626505877909702,2.7389837620466064,1.1867469541350624,0.018138754643498307,0.02013668996396498,91,49868,0.01173181140128888,0.013736577519031892,40,49800,0.07783754606805679,0.07971460642226882,1594,49868,0.019578834455445084,0.021578358827506167,105,49800,0.03116906035180245,0.033154826025915976,258,49836,0.0105721722173485,0.012577502830780333,33,49800,0.07216975863915016,0.07406638227752844,1365,49836,0.047554965819514294,0.049515298062322716,591,49800,0.88848,0.9714510075679484,0.29482,0.41514581365945763,0.30248,False,/data/suehara/part/march/datasets/20250711_ilc_nnqq_sgv_10m_3cat_parquet,val50k_tail,150000,proxy
29,29,3600000,,lr_14e-6,1.1664e-05,validation_total_reference_mistag_geomean_percent,0.418118269299991,min,1.0305310140424104,1.0305310140424104,0.5732386643465018,0.3049739977356897,0.418118269299991,,0.19045327390968,0.07026842676266358,3.219662856798609,0.20076693114744415,0.554061116823401,0.06023007713008388,2.7883726189263087,1.1604328108410942,0.01854825672289286,0.020545351735971516,95,49881,0.010913074045874525,0.012917881577479199,35,49809,0.07810408562656038,0.07997972562505742,1606,49881,0.01908144754045539,0.021081015220452422,100,49809,0.03227992365192403,0.03426510638373896,276,49814,0.0100360558460224,0.012041266443135345,30,49809,0.07282404641871555,0.07471952477878345,1389,49814,0.04701578704433759,0.04897682166174373,578,49809,0.88848,0.9713771162329042,0.29504,0.41514581365945763,0.30277,False,/data/suehara/part/march/datasets/20250711_ilc_nnqq_sgv_10m_3cat_parquet,val50k_tail,150000,proxy
29,29,3600000,,lr_3e-6,7.776e-06,validation_total_reference_mistag_geomean_percent,0.4179587350359582,min,1.0286829316775938,1.0286829316775938,0.5614048342831097,0.31116494466231204,0.4179587350359582,,0.18888018627939465,0.07616604383508303,3.251150454880031,0.20043695108532192,0.5436745200103764,0.058126717521395026,2.78056418052835,1.1304643992807986,0.018487751679782713,0.020489484512862307,94,49767,0.011390763540075122,0.013392039654804054,38,49891,0.07856606903939856,0.08044474005849817,1618,49767,0.019050112673197783,0.021046407191254543,100,49891,0.03195842377351037,0.03394274882747503,271,49846,0.009835944738413968,0.01183794398814371,29,49891,0.07270045221052096,0.0745950270440103,1386,49846,0.04636147065354493,0.048320483544892975,564,49891,0.88856,0.9714275659189529,0.29467,0.41514581365945763,0.30264,False,/data/suehara/part/march/datasets/20250711_ilc_nnqq_sgv_10m_3cat_parquet,val50k_tail,150000,proxy
29,29,3600000,,lr_6e-6,8.748e-06,validation_total_reference_mistag_geomean_percent,0.41730351485580647,min,1.0276782455446651,1.0276782455446651,0.5614048342831097,0.3101901032494359,0.41730351485580647,,0.1868708193870263,0.07616604383508303,3.24512233270897,0.20043695108532192,0.5436745200103764,0.058126717521395026,2.78056418052835,1.1304643992807986,0.01838424283006712,0.020386056412368455,93,49767,0.011390763540075122,0.013392039654804054,38,49891,0.07849469251062086,0.08037360577738684,1615,49767,0.019050112673197783,0.021046407191254543,100,49891,0.03195842377351037,0.03394274882747503,271,49846,0.009835944738413968,0.01183794398814371,29,49891,0.07270045221052096,0.0745950270440103,1386,49846,0.04636147065354493,0.048320483544892975,564,49891,0.8886,0.9714372617063599,0.29462,0.41514581365945763,0.30261,False,/data/suehara/part/march/datasets/20250711_ilc_nnqq_sgv_10m_3cat_parquet,val50k_tail,150000,proxy
29,29,3600000,,lr_9e-6,9.72e-06,validation_total_reference_mistag_geomean_percent,0.414264219260952,min,1.0092576409668377,1.0092576409668377,0.5676257930560319,0.30233799355017255,0.414264219260952,,0.18845605444981275,0.07218624120725849,3.1255639244317566,0.19650698754812077,0.5406600514128638,0.062160373460009376,2.775656296532219,1.1128711986926616,0.018446272186758962,0.020443527356619594,94,49879,0.011067052971870281,0.013069291252248039,36,49871,0.07697813966048017,0.07885762787761819,1559,49879,0.018856993681623243,0.020854246368981737,98,49871,0.03189602822339975,0.033884143586783,269,49754,0.010204258393337712,0.01220689873766863,31,49871,0.07270345638403786,0.07460173168386056,1381,49754,0.04600466699095536,0.047965171032994525,555,49871,0.88927,0.9715139657875514,0.29404,0.414264219260952,0.3025,False,/data/suehara/part/march/datasets/20250711_ilc_nnqq_sgv_10m_3cat_parquet,val50k_tail,150000,proxy
30,30,3720000,,lr_14e-6,1.1664e-05,validation_total_reference_mistag_geomean_percent,0.4382974041436919,min,1.0489160407851759,1.0489160407851759,0.6115436460362723,0.3141306687171508,0.4382974041436919,,0.180842724446859,0.07610654805243139,3.3013843777787,0.2143000133479714,0.5661854516533296,0.07410374451865674,2.7787258887144364,1.1996795777690237,0.018070322952937267,0.020072378782903886,90,49767,0.011381868936866709,0.01338158428207633,38,49930,0.07915805381995475,0.08103470610851052,1643,49767,0.01972166371092038,0.021715843678474494,107,49930,0.03264209320433696,0.03462706808885592,282,49807,0.011219026717168274,0.013218822285242465,37,49930,0.0727048486050711,0.07460098071710476,1384,49807,0.04775462221590695,0.049709332534090926,599,49930,0.88814,0.9712552295348478,0.29572,0.414264219260952,0.30103,False,/data/suehara/part/march/datasets/20250711_ilc_nnqq_sgv_10m_3cat_parquet,val50k_tail,150000,proxy
30,30,3720000,,lr_3e-6,7.776e-06,validation_total_reference_mistag_geomean_percent,0.42496970260791384,min,1.027228569454924,1.027228569454924,0.5826222589909039,0.30997656774640725,0.42496970260791384,,0.18636155119147296,0.07428973140344475,3.288379411526551,0.20279088730729436,0.5522531728898095,0.06826624000266665,2.7231103191882444,1.1223772421299067,0.01833418047700458,0.02033055906223262,93,49903,0.011247175943515587,0.013251983005719073,37,49805,0.07889881185500838,0.08077087103037853,1641,49903,0.019182731252625585,0.021182378247588084,101,49805,0.032231559391986825,0.03421753231433039,275,49796,0.01074378442964671,0.01274883337000212,34,49805,0.0719917657951704,0.07389055044926714,1356,49796,0.04623271014864757,0.04819543041241683,559,49805,0.8884,0.9713440451292547,0.29511,0.414264219260952,0.30227,False,/data/suehara/part/march/datasets/20250711_ilc_nnqq_sgv_10m_3cat_parquet,val50k_tail,150000,proxy
30,30,3720000,,lr_6e-6,8.748e-06,validation_total_reference_mistag_geomean_percent,0.4361777565833014,min,1.044435549726103,1.044435549726103,0.6102888765620366,0.311739313372038,0.4361777565833014,,0.18084635742057287,0.07409335581941263,3.289394268304772,0.21426998331770075,0.5722776468714394,0.07409335581941263,2.7690207772681377,1.1814886529873756,0.01807068577826818,0.020072781690781735,90,49766,0.011217454526120515,0.013216970191240029,37,49937,0.0790179954169079,0.08089516726308699,1637,49766,0.019718901759429773,0.021712803398254855,107,49937,0.0328234100856588,0.03480837945776813,285,49801,0.011217454526120515,0.013216970191240029,37,49937,0.07258392702513203,0.07448067732823693,1379,49801,0.04738473531049076,0.04933990016788448,590,49937,0.8882,0.9713100536228038,0.29548,0.414264219260952,0.30107,False,/data/suehara/part/march/datasets/20250711_ilc_nnqq_sgv_10m_3cat_parquet,val50k_tail,150000,proxy
30,30,3720000,,lr_9e-6,9.72e-06,validation_total_reference_mistag_geomean_percent,0.4227918888736229,min,1.0330517391363827,1.0330517391363827,0.5874865913282666,0.3042673380735001,0.4227918888736229,,0.17272198633657762,0.07428823581581669,3.261633607576868,0.20479459854246343,0.5550323520444459,0.06625707843489005,2.7531209490571174,1.1765651052828825,0.017634990381636954,0.019636407397307473,86,49791,0.011246950189211263,0.013251717059797137,37,49806,0.07867128092010275,0.0805486253276956,1624,49791,0.019281602793041443,0.021281129180775703,102,49806,0.03227968437804554,0.03426112894163516,277,49907,0.010570898939171942,0.012575988301010223,33,49806,0.07230231398503532,0.07419567293331271,1374,49907,0.04734588878511931,0.04930639373131266,586,49806,0.8882,0.9712937827212755,0.29524,0.414264219260952,0.30257,False,/data/suehara/part/march/datasets/20250711_ilc_nnqq_sgv_10m_3cat_parquet,val50k_tail,150000,proxy
31,31,3840000,,lr_14e-6,1.1664e-05,validation_total_reference_mistag_geomean_percent,0.41553493341274084,min,1.008857227774953,1.008857227774953,0.579618192467924,0.2979017621084874,0.41553493341274084,,0.17440812053747168,0.0701430937950676,3.1493696160870814,0.2044170119520446,0.5289302729048091,0.06813900256710698,2.727108074702937,1.1483426296531063,0.017709865290212352,0.01970752353273545,87,49883,0.010893614349881939,0.012894851124490344,35,49898,0.07726206374957488,0.07914044681730306,1571,49883,0.019246083470263402,0.021241938416827415,102,49898,0.031548838773744724,0.03353866540580508,263,49723,0.010723765401851333,0.012725082502251437,34,49898,0.07209603679060664,0.07399744825471663,1356,49723,0.04672701817915424,0.04868503967782392,573,49898,0.88908,0.9716370480792141,0.29355,0.414264219260952,0.30369,False,/data/suehara/part/march/datasets/20250711_ilc_nnqq_sgv_10m_3cat_parquet,val50k_tail,150000,proxy
31,31,3840000,,lr_3e-6,7.776e-06,validation_total_reference_mistag_geomean_percent,0.4200768800850725,min,1.0117373704093668,1.0117373704093668,0.5795850249192565,0.30446712319144564,0.4200768800850725,,0.17616560254786384,0.07418992875339728,3.1529637996831688,0.2085338507307976,0.5233599780868564,0.06817452879100562,2.7335494223282972,1.1569618523535476,0.017791676254986177,0.019786464836654933,88,49953,0.01123207041628752,0.013234188198405666,37,49872,0.07725175554418907,0.07912736255119568,1575,49953,0.019452907010337313,0.021449637351538074,104,49872,0.031391444793773225,0.03338325799944891,260,49679,0.010729354602427197,0.012731713613243144,34,49872,0.07221148452154977,0.0741143206975936,1358,49679,0.04691570065318267,0.04887439726969801,577,49872,0.88882,0.9716000997828539,0.29384,0.414264219260952,0.30184,False,/data/suehara/part/march/datasets/20250711_ilc_nnqq_sgv_10m_3cat_parquet,val50k_tail,150000,proxy
31,31,3840000,,lr_6e-6,8.748e-06,validation_total_reference_mistag_geomean_percent,0.41353390632316245,min,1.013025941151748,1.013025941151748,0.5804997362296072,0.2945915062591067,0.41353390632316245,,0.18249272769153382,0.06816769285727897,3.178582207122685,0.19046855100794063,0.5224870498376556,0.06816769285727897,2.722961253602566,1.1708803542370447,0.01813984506387051,0.020137900142265713,91,49865,0.010728279303732916,0.012730437862916378,34,49877,0.0776264309446547,0.07950432040152375,1585,49865,0.01854974302732163,0.02054699758634005,95,49877,0.031339211006095255,0.03332773713843034,260,49762,0.010728279303732916,0.012730437862916378,34,49877,0.07201409227247796,0.07391418023760116,1355,49762,0.04719737897498303,0.049155321139235895,584,49877,0.88877,0.9716209609790151,0.29373,0.41353390632316245,0.30375,False,/data/suehara/part/march/datasets/20250711_ilc_nnqq_sgv_10m_3cat_parquet,val50k_tail,150000,proxy
31,31,3840000,,lr_9e-6,9.72e-06,validation_total_reference_mistag_geomean_percent,0.4159236053158653,min,1.0254370723483963,1.0254370723483963,0.5781327161902343,0.2992261821799834,0.4159236053158653,,0.18065397090306698,0.0722253437779127,3.2236696924027317,0.19059464738943266,0.5657992419346888,0.062194045269399596,2.7567666420131176,1.151592995096821,0.01805147609181168,0.020051449838605698,90,49819,0.011073046202653168,0.013076367484905347,36,49844,0.07819972700529934,0.0800775403459554,1606,49819,0.018562014133694547,0.02056058592001919,95,49844,0.0326198836893373,0.03460352001044857,282,49841,0.010209784629815774,0.012213508411722826,31,49844,0.07239675412949627,0.0742924739434072,1374,49841,0.04681855684898206,0.048778569168369396,574,49844,0.88844,0.9713381484490999,0.29482,0.41353390632316245,0.30224,False,/data/suehara/part/march/datasets/20250711_ilc_nnqq_sgv_10m_3cat_parquet,val50k_tail,150000,proxy
32,32,3960000,,lr_14e-6,1.04976e-05,validation_total_reference_mistag_geomean_percent,0.42099640918217324,min,1.0325767966745067,1.0325767966745067,0.5854124288870304,0.3027574540589165,0.42099640918217324,,0.18839940766416702,0.0680953331338907,3.3030023044055614,0.19827758450365798,0.5374396204595102,0.07009813824923909,2.769726152708963,1.1255758322710643,0.018440731026492893,0.020437388029930427,94,49894,0.010716894374504776,0.0127169306111727,34,49930,0.07907738593699587,0.08094919664488193,1648,49894,0.01893524177013907,0.020930063520609728,99,49930,0.031821439609156996,0.03381264592088491,267,49680,0.010886634556513076,0.01288659057031643,35,49930,0.07268024722217985,0.07458158873108779,1376,49680,0.04624241851135871,0.04820009707553162,562,49930,0.8888,0.9715298592648905,0.29438,0.41353390632316245,0.30218,False,/data/suehara/part/march/datasets/20250711_ilc_nnqq_sgv_10m_3cat_parquet,val50k_tail,150000,proxy
32,32,3960000,,lr_3e-6,6.998400000000001e-06,validation_total_reference_mistag_geomean_percent,0.41911047375625443,min,1.0229528575336284,1.0229528575336284,0.5901260360968058,0.29765436274256735,0.41911047375625443,,0.18028123388332093,0.0702021817693195,3.221024735677017,0.19255456466790624,0.5409645076237398,0.0702021817693195,2.7450429714034636,1.1633504834749415,0.018014260627625674,0.02001012300613936,90,49922,0.010902788922391361,0.01290570918705689,35,49856,0.07808856579620202,0.07996261083361364,1608,49922,0.01865978398959548,0.02065779612200919,96,49856,0.03191394386363117,0.03390316643948023,269,49726,0.010902788922391361,0.01290570918705689,35,49856,0.0723272434915094,0.07422781891995994,1365,49726,0.047053667765650266,0.04901273668478732,580,49856,0.88875,0.9714404402434388,0.29455,0.41353390632316245,0.30136,False,/data/suehara/part/march/datasets/20250711_ilc_nnqq_sgv_10m_3cat_parquet,val50k_tail,150000,proxy
32,32,3960000,,lr_6e-6,7.8732e-06,validation_total_reference_mistag_geomean_percent,0.41989344526976874,min,1.0249582624705316,1.0249582624705316,0.5903420684807363,0.2986582098650988,0.41989344526976874,,0.18028123388332093,0.0702021817693195,3.231040390469969,0.19456033804858736,0.5409645076237398,0.0702021817693195,2.7490647827250543,1.1633504834749415,0.018014260627625674,0.02001012300613936,90,49922,0.010902788922391361,0.01290570918705689,35,49856,0.0782074195508041,0.0800810633453268,1613,49922,0.01876148535963913,0.020759417030868334,97,49856,0.03191394386363117,0.03390316643948023,269,49726,0.010902788922391361,0.01290570918705689,35,49856,0.07237946173737422,0.07427987540095729,1367,49726,0.047053667765650266,0.04901273668478732,580,49856,0.88872,0.9714472503569525,0.2945,0.41353390632316245,0.30135,False,/data/suehara/part/march/datasets/20250711_ilc_nnqq_sgv_10m_3cat_parquet,val50k_tail,150000,proxy
32,32,3960000,,lr_9e-6,8.748e-06,validation_total_reference_mistag_geomean_percent,0.4207354368156429,min,1.0152723821861223,1.0152723821861223,0.5726122146562567,0.3091416900680598,0.4207354368156429,,0.18660460484219815,0.0742733236550744,3.2184277776993393,0.2047534953623658,0.5336007850940262,0.0662437749894978,2.7201606129990856,1.1181146828473911,0.018358073277618916,0.020357045785137067,93,49838,0.011244693144517478,0.013249058187541393,37,49816,0.07812268522922397,0.0799999930521815,1604,49838,0.0192777356476169,0.021276862311492544,102,49816,0.03165223037555612,0.033636800362019534,266,49850,0.010568777490294154,0.012573464895111795,33,49816,0.07191482763699436,0.07381167381936074,1356,49850,0.04613895076927225,0.04810140877911009,557,49816,0.88911,0.9717506014191426,0.29317,0.41353390632316245,0.30098,False,/data/suehara/part/march/datasets/20250711_ilc_nnqq_sgv_10m_3cat_parquet,val50k_tail,150000,proxy
33,33,4080000,,lr_14e-6,1.04976e-05,validation_total_reference_mistag_geomean_percent,0.4235026725190472,min,1.0393550761007093,1.0393550761007093,0.5936620252543234,0.3021155236499089,0.4235026725190472,,0.1844093924529916,0.06824568680511466,3.2652487743048,0.2027298243981582,0.5683301295965443,0.0662384561782319,2.76734610976022,1.1922922353096137,0.01823550694288656,0.020232524004869246,92,49889,0.01074055050028209,0.012744996589904387,34,49820,0.07863752910384908,0.08051104087564986,1629,49889,0.0191769606882747,0.021176008084859393,101,49820,0.03270918365432581,0.03469455074591454,283,49795,0.010567929149143063,0.012572455816273392,33,49820,0.07256660755562035,0.07446365365895956,1378,49795,0.047657550326500944,0.04961687301162955,594,49820,0.88871,0.9714837550466594,0.29456,0.41353390632316245,0.30101,False,/data/suehara/part/march/datasets/20250711_ilc_nnqq_sgv_10m_3cat_parquet,val50k_tail,150000,proxy
33,33,4080000,,lr_3e-6,6.998400000000001e-06,validation_total_reference_mistag_geomean_percent,0.41818412143902417,min,1.0375864181078367,1.0375864181078367,0.5769488896615187,0.30310823464159015,0.41818412143902417,,0.1687560319672376,0.07412453065925229,3.334940519277962,0.2023399258885562,0.5540833676662222,0.06410770093757513,2.7804544691352944,1.121884799330594,0.017423192025332317,0.019425371504730407,84,49776,0.011222172421744222,0.013222528030887033,37,49916,0.07954361976971885,0.08141858449103312,1660,49776,0.01914011113084322,0.021135329596252365,101,49916,0.03228121642436816,0.034266477968406504,276,49812,0.010372704564809009,0.012373461513306018,32,49916,0.07272352698611088,0.07461939936846303,1385,49812,0.04617210944412153,0.048130484956816245,560,49916,0.88864,0.9713981905053487,0.29448,0.41353390632316245,0.30213,False,/data/suehara/part/march/datasets/20250711_ilc_nnqq_sgv_10m_3cat_parquet,val50k_tail,150000,proxy
33,33,4080000,,lr_6e-6,7.8732e-06,validation_total_reference_mistag_geomean_percent,0.41969162812200367,min,1.0196804416115055,1.0196804416115055,0.5720866967609003,0.30789225429116235,0.41969162812200367,,0.1723757724505135,0.07832268602450605,3.186947597796184,0.20886050937794395,0.5419618977696915,0.06225649707192313,2.7539692628354295,1.1527493095658528,0.017599669269492756,0.01959708866421737,86,49891,0.011574107784598924,0.013579195737627116,39,49794,0.07770648627433985,0.07958306177559549,1590,49891,0.0194833515937398,0.02148319653779915,104,49794,0.03191516523168899,0.03390063444477266,270,49819,0.010220034222526006,0.01222576746896574,31,49794,0.07237630861638561,0.07427297785086578,1372,49819,0.04686531163555149,0.048827245591682306,574,49794,0.88897,0.9715567003702521,0.29396,0.41353390632316245,0.30211,False,/data/suehara/part/march/datasets/20250711_ilc_nnqq_sgv_10m_3cat_parquet,val50k_tail,150000,proxy
33,33,4080000,,lr_9e-6,8.748e-06,validation_total_reference_mistag_geomean_percent,0.42521846503955035,min,1.0391000551112155,1.0391000551112155,0.5999193137898715,0.30139176861694156,0.42521846503955035,,0.17059366679341798,0.07025995927632585,3.2352586720400054,0.21278731775118195,0.5434891679497299,0.07025995927632585,2.79766551000854,1.212486187794196,0.017514485742261283,0.019514582329815913,85,49826,0.010911759971027422,0.012916326376926756,35,49815,0.07833187589577767,0.0802089602596659,1612,49826,0.019670276862031016,0.021669121116364577,106,49815,0.0319475552225658,0.03393121120041373,271,49863,0.010911759971027422,0.012916326376926756,35,49815,0.0729081177334813,0.07480136073028318,1395,49863,0.0480652920547265,0.050024000654416007,604,49815,0.88838,0.9713688789287195,0.29493,0.41353390632316245,0.30209,False,/data/suehara/part/march/datasets/20250711_ilc_nnqq_sgv_10m_3cat_parquet,val50k_tail,150000,proxy
34,34,4200000,,lr_14e-6,1.04976e-05,validation_total_reference_mistag_geomean_percent,0.4179277787751826,min,1.011332326024709,1.011332326024709,0.5730927543540562,0.30477375074969276,0.4179277787751826,,0.18082456176752476,0.0740874255135135,3.1845213293102446,0.20223864752904466,0.5282078941675648,0.06607797152242695,2.7173586855623215,1.1373420928250315,0.018068509044805756,0.020070364486109528,90,49772,0.011216556329059267,0.01321591208480957,37,49941,0.07776918009549105,0.07965033970340485,1585,49772,0.019130538121963605,0.021124761875854256,101,49941,0.03150585650208383,0.033492994680543814,263,49791,0.010542331044608897,0.012542007550475425,33,49941,0.07192030873243542,0.07381951508852562,1353,49791,0.0464808795407487,0.04843765571856985,568,49941,0.88926,0.971652370507292,0.29336,0.41353390632316245,0.30073,False,/data/suehara/part/march/datasets/20250711_ilc_nnqq_sgv_10m_3cat_parquet,val50k_tail,150000,proxy
34,34,4200000,,lr_3e-6,6.998400000000001e-06,validation_total_reference_mistag_geomean_percent,0.4171995656414692,min,1.0255863442995388,1.0255863442995388,0.5798016125489072,0.30019833302334725,0.4171995656414692,,0.1802523554980434,0.06830875624530648,3.2505507866010754,0.20291718219570162,0.5281124637152345,0.06629967680526203,2.722891676392368,1.1853578569433174,0.018011376527136035,0.02000692028338788,90,49930,0.010750474058735719,0.012756770040430333,34,49774,0.07843215378902368,0.08030471589388355,1623,49930,0.01919466809754654,0.02119555540299389,101,49774,0.03150017644663146,0.03348695934457342,263,49800,0.010577693302468412,0.01258407001067418,33,49774,0.07198606102884302,0.0738847019570877,1356,49800,0.047539036064411094,0.04950044810590436,590,49774,0.88895,0.9715733879484701,0.2942,0.41353390632316245,0.3018,False,/data/suehara/part/march/datasets/20250711_ilc_nnqq_sgv_10m_3cat_parquet,val50k_tail,150000,proxy
34,34,4200000,,lr_6e-6,7.8732e-06,validation_total_reference_mistag_geomean_percent,0.4234507164512868,min,1.0366424231444327,1.0366424231444327,0.5906411776457896,0.30358619759261257,0.4234507164512868,,0.1866720231571749,0.06831973402006675,3.281814612728249,0.20294980807468713,0.5348771992597122,0.06831973402006675,2.7304780930233674,1.219708180872137,0.01836470075967699,0.02036439277632578,93,49820,0.010752201767162217,0.01275881981782366,34,49766,0.07888652709604066,0.08076196859531509,1635,49820,0.01919775098560934,0.02119895862098672,101,49766,0.031670092757985976,0.03365190821107561,267,49918,0.010752201767162217,0.01275881981782366,34,49766,0.07200073888007502,0.07389458779596264,1363,49918,0.04823268103545837,0.050193027922570965,607,49766,0.88839,0.9713673945500011,0.29509,0.41353390632316245,0.30078,False,/data/suehara/part/march/datasets/20250711_ilc_nnqq_sgv_10m_3cat_parquet,val50k_tail,150000,proxy
34,34,4200000,,lr_9e-6,8.748e-06,validation_total_reference_mistag_geomean_percent,0.4190868871277722,min,1.0123018473550736,1.0123018473550736,0.5861431394757244,0.29964322216505296,0.4190868871277722,,0.18053437469697906,0.07217032337273628,3.1493219432151585,0.19646365422396855,0.5445047197166608,0.0681608582943078,2.71649589604396,1.1707630092768178,0.018039535961272182,0.020038190630729563,90,49852,0.0110646131448049,0.013066410537826152,36,49882,0.07728522136244212,0.07916477436855571,1570,49852,0.01885283884258495,0.020849652841172697,98,49882,0.03200710315462317,0.03399442489934518,271,49770,0.010727204220550433,0.012729162368230835,34,49882,0.07192401972417675,0.07382406208293821,1352,49770,0.0471926744049625,0.049150425021377356,584,49882,0.88905,0.9715869168461646,0.29367,0.41353390632316245,0.30115,False,/data/suehara/part/march/datasets/20250711_ilc_nnqq_sgv_10m_3cat_parquet,val50k_tail,150000,proxy
35,35,4320000,,lr_14e-6,1.04976e-05,validation_total_reference_mistag_geomean_percent,0.4310923151238084,min,1.0239875795982092,1.0239875795982092,0.5956824286890217,0.31197929502101146,0.4310923151238084,,0.1704363113396217,0.08423586288392253,3.1941770215283807,0.2065784207127649,0.5364461880691801,0.07220216606498195,2.74250572105123,1.1853189451355912,0.017498342763134275,0.019496600886087727,85,49872,0.01202968316396509,0.0140318798362978,42,49860,0.07780746944263152,0.07968446994016179,1593,49872,0.019359401315059158,0.021356690642606757,103,49860,0.03176276459431791,0.03375033029481235,267,49772,0.011069493875171801,0.0130721732371555,36,49860,0.07226130267701525,0.07416022354469198,1365,49772,0.04749806228631567,0.04945609285558206,591,49860,0.88855,0.9713727319211497,0.29463,0.41353390632316245,0.30151,False,/data/suehara/part/march/datasets/20250711_ilc_nnqq_sgv_10m_3cat_parquet,val50k_tail,150000,proxy
35,35,4320000,,lr_3e-6,6.998400000000001e-06,validation_total_reference_mistag_geomean_percent,0.4215509519931562,min,1.0260169474042828,1.0260169474042828,0.5870717520971627,0.3026975910381145,0.4215509519931562,,0.1863279373972703,0.0701852867581303,3.2336912576330863,0.19852410703531922,0.5470195505902521,0.06817999285075514,2.743142249020022,1.1610651979494273,0.01833087714397303,0.020326897101211876,93,49912,0.010900166039441673,0.012902605017998968,35,49868,0.07824658741648269,0.08012050037315907,1614,49912,0.018958763505883207,0.020956055446622608,99,49868,0.03209717597137231,0.03408623501419154,272,49724,0.010730214996594687,0.01273273439761787,34,49868,0.07230398750221328,0.07420471582218757,1364,49724,0.047001456067610574,0.04896014522471608,579,49868,0.88875,0.9716094023643542,0.29389,0.41353390632316245,0.30075,False,/data/suehara/part/march/datasets/20250711_ilc_nnqq_sgv_10m_3cat_parquet,val50k_tail,150000,proxy
35,35,4320000,,lr_6e-6,7.8732e-06,validation_total_reference_mistag_geomean_percent,0.4297601470367171,min,1.018792482123755,1.018792482123755,0.5873377940529655,0.3144592189556343,0.4297601470367171,,0.18873986534083362,0.08020372058323927,3.158380852701625,0.2045194759737675,0.5458887751620607,0.06817316149458005,2.735464842967785,1.168969162766149,0.018474028014235276,0.02047427940023061,94,49804,0.011714644760819199,0.013716481240049155,40,49873,0.07743098398289919,0.07931198465139025,1573,49804,0.01925572250500427,0.021252573791065994,102,49873,0.03203099241910739,0.034015985243416626,272,49827,0.010729139525444291,0.012731458442722787,34,49873,0.07213045964935237,0.074027567110704,1363,49827,0.04716034126055861,0.04911851709639599,583,49873,0.8889,0.971462555558746,0.29411,0.41353390632316245,0.30103,False,/data/suehara/part/march/datasets/20250711_ilc_nnqq_sgv_10m_3cat_parquet,val50k_tail,150000,proxy
35,35,4320000,,lr_9e-6,8.748e-06,validation_total_reference_mistag_geomean_percent,0.41509503305911866,min,1.0167940530881285,1.0167940530881285,0.5746331549927537,0.2998502348381267,0.41509503305911866,,0.1789448218879749,0.07010656077426672,3.2169857791616034,0.20030446670158303,0.5296525327123235,0.06610047158716575,2.7325253531829463,1.139732438697165,0.01797570926673523,0.019979089252311556,89,49736,0.010887942586388928,0.01288813861795732,35,49924,0.0781846304791764,0.08006584624673657,1600,49736,0.019037531322703135,0.02103251161462969,100,49924,0.031533752374564905,0.03351871967255471,264,49844,0.010545919982463516,0.012546276498328592,33,49924,0.07208010438162632,0.07397668275540559,1362,49844,0.04653793525945405,0.048495281983810916,569,49924,0.88931,0.9716928888919741,0.29338,0.41353390632316245,0.30171,False,/data/suehara/part/march/datasets/20250711_ilc_nnqq_sgv_10m_3cat_parquet,val50k_tail,150000,proxy
36,36,4440000,,lr_14e-6,1.04976e-05,validation_total_reference_mistag_geomean_percent,0.41328705717245445,min,1.0162847647896271,1.0162847647896271,0.5759218458942087,0.2965787681852289,0.41328705717245445,,0.17880103343155895,0.06818136042121965,3.2626165900289963,0.19451742013673207,0.5314774873026382,0.06818136042121965,2.7035157647504833,1.1229871018241686,0.0179612750056737,0.019963050884950997,89,49776,0.010730430116698102,0.01273298961928797,34,49867,0.07869460329394326,0.08057247393612674,1624,49776,0.018757350283452285,0.020754842967484984,97,49867,0.03158420431598544,0.03356842165554361,265,49861,0.010730430116698102,0.01273298961928797,34,49867,0.07168967556751907,0.07358677091973617,1348,49861,0.04621723700786416,0.04817749259678657,560,49867,0.8891,0.9715844824229821,0.29364,0.41328705717245445,0.30006,False,/data/suehara/part/march/datasets/20250711_ilc_nnqq_sgv_10m_3cat_parquet,val50k_tail,150000,proxy
36,36,4440000,,lr_3e-6,6.998400000000001e-06,validation_total_reference_mistag_geomean_percent,0.4142232461257119,min,1.0152794509795304,1.0152794509795304,0.5779618776405535,0.296872344472574,0.4142232461257119,,0.18082819401152295,0.06818136042121965,3.238833783113015,0.19451742013673207,0.5354349853690037,0.06818136042121965,2.707255393644357,1.1290031107191727,0.018068871797298557,0.020070767313125716,90,49771,0.010730430116698102,0.01273298961928797,34,49867,0.07841704170698446,0.0802960566608106,1612,49771,0.018757350283452285,0.020754842967484984,97,49867,0.03170303709997997,0.03368689676806862,267,49866,0.010730430116698102,0.01273298961928797,34,49867,0.07173501616296908,0.07363177131388711,1350,49866,0.046342114359376047,0.04830212867122409,563,49867,0.88898,0.9715201529518861,0.2939,0.41328705717245445,0.30099,False,/data/suehara/part/march/datasets/20250711_ilc_nnqq_sgv_10m_3cat_parquet,val50k_tail,150000,proxy
36,36,4440000,,lr_6e-6,7.8732e-06,validation_total_reference_mistag_geomean_percent,0.42791387500660866,min,1.0354041750064504,1.0354041750064504,0.5785222030017205,0.3165138407360779,0.42791387500660866,,0.1806467205519604,0.08018442417560388,3.291784615040742,0.21048411024182356,0.5482147677527988,0.06414753934048312,2.7491062971548326,1.15866492579336,0.01805075199761304,0.020050645750764616,90,49821,0.011711827654110918,0.013713183368171945,40,49885,0.07900296443990804,0.08087796806927547,1640,49821,0.019545504066533978,0.021541635882536044,105,49885,0.032109933923564565,0.03409598927456596,273,49798,0.010379148885896285,0.012381147541256883,32,49885,0.07232833539982109,0.07422599975493577,1369,49798,0.046944552705439034,0.04890267061710401,578,49885,0.88874,0.9714949579665552,0.2944,0.41328705717245445,0.3011,False,/data/suehara/part/march/datasets/20250711_ilc_nnqq_sgv_10m_3cat_parquet,val50k_tail,150000,proxy
36,36,4440000,,lr_9e-6,8.748e-06,validation_total_reference_mistag_geomean_percent,0.41380748163007164,min,1.024349203487308,1.024349203487308,0.5602476102121671,0.3056445556067154,0.41380748163007164,,0.17834598467905233,0.07433301499227588,3.244293999044944,0.2029090273649153,0.5358755587317928,0.058261008464488166,2.755644865090673,1.145130169530322,0.01791559947558856,0.019912299299601737,89,49903,0.011253726762999284,0.01325970008353313,37,49776,0.07837912513164041,0.08025295112032843,1619,49903,0.019193897530233282,0.021194704769220574,101,49776,0.03172906081081398,0.03371453523924577,267,49825,0.00985866422306542,0.011865283303792587,29,49776,0.07239370380538249,0.07429007739520876,1373,49825,0.04671695313178941,0.048679902679443256,570,49776,0.88886,0.9715681392684034,0.29402,0.41328705717245445,0.30109,False,/data/suehara/part/march/datasets/20250711_ilc_nnqq_sgv_10m_3cat_parquet,val50k_tail,150000,proxy
37,37,4560000,,lr_14e-6,1.2597119999999998e-05,validation_total_reference_mistag_geomean_percent,0.41583713849605425,min,1.0020992326088385,1.0020992326088385,0.559094132034,0.30928696232868147,0.41583713849605425,,0.18304335269640934,0.07998240230933565,3.1258171697918598,0.19995601553466877,0.5243280167142357,0.05998680319620115,2.687934389726493,1.1557457109015041,0.018194533741734232,0.02019859507623105,91,49715,0.01168232962975817,0.013678651216422505,40,50011,0.07710653279513029,0.0789922107596576,1554,49715,0.01900444182724361,0.02099596562114593,100,50011,0.0313909157460452,0.033378728758906226,261,49778,0.00999552831504872,0.011992649533840063,30,50011,0.0715443691019696,0.07344525363444793,1338,49778,0.046826928042310347,0.04878022942054177,578,50011,0.88957,0.9716232758984932,0.29305,0.41328705717245445,0.30074,False,/data/suehara/part/march/datasets/20250711_ilc_nnqq_sgv_10m_3cat_parquet,val50k_tail,150000,proxy
37,37,4560000,,lr_3e-6,8.39808e-06,validation_total_reference_mistag_geomean_percent,0.422326272280016,min,1.0184403675933276,1.0184403675933276,0.5753504397791184,0.31000146680414087,0.422326272280016,,0.18094088598084726,0.07623786250326538,3.208685227812685,0.2086509931361923,0.5088141081630596,0.06821282401091405,2.7463943516538043,1.1495866874858518,0.01808012435360587,0.020083262975964022,90,49740,0.011401501166376303,0.013404661448766515,38,49844,0.07808261968735297,0.07996401792370322,1596,49740,0.019463824882016565,0.02146167216896242,104,49844,0.03086823051636836,0.03285101074502715,254,49920,0.01073538026080881,0.012738862542922932,34,49844,0.07220590622529048,0.0740990416099676,1371,49920,0.04677736485226274,0.0487374576715811,573,49844,0.88907,0.9716365798425711,0.29345,0.41328705717245445,0.30009,False,/data/suehara/part/march/datasets/20250711_ilc_nnqq_sgv_10m_3cat_parquet,val50k_tail,150000,proxy
37,37,4560000,,lr_6e-6,9.447839999999999e-06,validation_total_reference_mistag_geomean_percent,0.4220188090836526,min,1.0174360320266078,1.0174360320266078,0.5747833083036016,0.3098556841290731,0.4220188090836526,,0.18094088598084726,0.07623786250326538,3.202653761441976,0.2086509931361923,0.5068108900000123,0.06821282401091405,2.7463943516538043,1.1495866874858518,0.01808012435360587,0.020083262975964022,90,49740,0.011401501166376303,0.013404661448766515,38,49844,0.07801066483081008,0.07989230557789023,1593,49740,0.019463824882016565,0.02146167216896242,104,49844,0.03080579464323852,0.03278865512690533,253,49920,0.01073538026080881,0.012738862542922932,34,49844,0.07220590622529048,0.0740990416099676,1371,49920,0.04677736485226274,0.0487374576715811,573,49844,0.88911,0.9716436236649617,0.29343,0.41328705717245445,0.30007,False,/data/suehara/part/march/datasets/20250711_ilc_nnqq_sgv_10m_3cat_parquet,val50k_tail,150000,proxy
37,37,4560000,,lr_9e-6,1.04976e-05,validation_total_reference_mistag_geomean_percent,0.4053751793374566,min,1.0122509675607383,1.0122509675607383,0.5631169589502177,0.2918204351884962,0.4053751793374566,,0.1724621957372238,0.07009813824923909,3.2206313835136755,0.18626076734797817,0.5150076446447251,0.06208692244932606,2.711837194595815,1.1596234939479229,0.01760848627627659,0.019606903578352403,86,49866,0.010886634556513076,0.01288659057031643,35,49930,0.07812720321904235,0.08000336856719345,1606,49866,0.01832427404765771,0.0203195771353158,93,49930,0.031124599278907657,0.03311558651885836,256,49708,0.010192203337918305,0.012192480243179944,31,49930,0.0719073823331931,0.07380998197797223,1348,49708,0.046943414201084874,0.04889972897656018,579,49930,0.889,0.9716425364307769,0.29319,0.4053751793374566,0.30124,False,/data/suehara/part/march/datasets/20250711_ilc_nnqq_sgv_10m_3cat_parquet,val50k_tail,150000,proxy
38,38,4680000,,lr_14e-6,1.2597119999999998e-05,validation_total_reference_mistag_geomean_percent,0.426394947939502,min,1.0279685820864586,1.0279685820864586,0.5842012292232734,0.3112157977997756,0.426394947939502,,0.18642130600731963,0.07621492422560026,3.259366261001079,0.2025712478278827,0.5205193152330768,0.06819230296028847,2.691024511826818,1.2194387876096042,0.018340056009655138,0.02033707247404875,93,49887,0.011398072065601648,0.013400630632545403,38,49859,0.07856968285964439,0.08044350557582791,1626,49887,0.019161973456320938,0.02115946357862629,101,49859,0.03127982512842942,0.03326859020355227,259,49758,0.010732151388092746,0.012735031761045294,34,49859,0.0715991272080569,0.07350065157314227,1339,49758,0.04818320661729419,0.05013990782798527,608,49859,0.88866,0.9716627701417032,0.2936,0.4053751793374566,0.30038,False,/data/suehara/part/march/datasets/20250711_ilc_nnqq_sgv_10m_3cat_parquet,val50k_tail,150000,proxy
38,38,4680000,,lr_3e-6,8.39808e-06,validation_total_reference_mistag_geomean_percent,0.4182507965573457,min,1.012827923517502,1.012827923517502,0.574368118492342,0.30456726825304553,0.4182507965573457,,0.17465671757303064,0.076083688714064,3.202039580387019,0.2022224474075376,0.5246547546596974,0.06607267930199118,2.689609497519377,1.1672840225772991,0.017735089434852684,0.019735585019971982,87,49812,0.011378451633281356,0.013377567330551968,38,49945,0.07794761197322739,0.07982655764326788,1595,49812,0.019129007329120012,0.021123072021199875,101,49945,0.031410430101456305,0.03339946866569802,261,49747,0.010541486943615033,0.012541003514313477,33,49945,0.07158836079055736,0.07349036250223623,1338,49747,0.04709273284818436,0.04904815334182116,583,49945,0.88924,0.9717189642780945,0.29317,0.4053751793374566,0.30049,False,/data/suehara/part/march/datasets/20250711_ilc_nnqq_sgv_10m_3cat_parquet,val50k_tail,150000,proxy
38,38,4680000,,lr_6e-6,9.447839999999999e-06,validation_total_reference_mistag_geomean_percent,0.4215582277955753,min,1.030729710888916,1.030729710888916,0.5710881443114145,0.31118022881812807,0.4215582277955753,,0.1883012774467156,0.07629909169433347,3.283253234231883,0.1987792136683033,0.5343511574863383,0.062243994787977215,2.7320210091648556,1.1705887086309215,0.01843113423078038,0.02042675526072568,94,49920,0.01141065553037433,0.013415422156518628,38,49804,0.07882531388116107,0.08069694092368365,1639,49920,0.018983105382328447,0.020982953621881968,99,49804,0.03169663032943698,0.03368396079105719,266,49780,0.010217982657985642,0.012223313689148557,31,49804,0.07211925513935201,0.07401829208549919,1360,49780,0.04722531505679077,0.04918613872077135,583,49804,0.88848,0.9715109965437961,0.29417,0.4053751793374566,0.29985,False,/data/suehara/part/march/datasets/20250711_ilc_nnqq_sgv_10m_3cat_parquet,val50k_tail,150000,proxy
38,38,4680000,,lr_9e-6,1.04976e-05,validation_total_reference_mistag_geomean_percent,0.4214806824463406,min,1.0302274809190013,1.0302274809190013,0.5708780610842077,0.31118022881812807,0.4214806824463406,,0.1883012774467156,0.07629909169433347,3.283253234231883,0.1987792136683033,0.5343511574863383,0.062243994787977215,2.7280031694055378,1.1705887086309215,0.01843113423078038,0.02042675526072568,94,49920,0.01141065553037433,0.013415422156518628,38,49804,0.07882531388116107,0.08069694092368365,1639,49920,0.018983105382328447,0.020982953621881968,99,49804,0.03169663032943698,0.03368396079105719,266,49780,0.010217982657985642,0.012223313689148557,31,49804,0.07206694543611114,0.07396614379636332,1358,49780,0.04722531505679077,0.04918613872077135,583,49804,0.88848,0.971517218943324,0.29414,0.4053751793374566,0.29984,False,/data/suehara/part/march/datasets/20250711_ilc_nnqq_sgv_10m_3cat_parquet,val50k_tail,150000,proxy
39,39,4800000,,lr_14e-6,1.2597119999999998e-05,validation_total_reference_mistag_geomean_percent,0.41533744807959416,min,1.0223620325741019,1.0223620325741019,0.5815200618238302,0.2966453044392637,0.41533744807959416,,0.18664954497338102,0.0661481722287816,3.2593425538636867,0.19243103800830116,0.5061257386052396,0.07015715047552623,2.709379411304474,1.1886626511334248,0.018362491067366718,0.020361943190095308,93,49826,0.010553528158299762,0.01255532622312746,33,49888,0.0786169157476882,0.0804930334143375,1624,49826,0.018647824805728665,0.020644560316741355,96,49888,0.030823317417426072,0.032811382500350525,252,49790,0.010895797371119936,0.01289743471995352,35,49888,0.0718167988792727,0.07371636388526018,1349,49790,0.0475525256591126,0.049509323245585,593,49888,0.88884,0.9716036535302411,0.29374,0.4053751793374566,0.30043,False,/data/suehara/part/march/datasets/20250711_ilc_nnqq_sgv_10m_3cat_parquet,val50k_tail,150000,proxy
39,39,4800000,,lr_3e-6,8.39808e-06,validation_total_reference_mistag_geomean_percent,0.42997806776890873,min,1.023397945811538,1.023397945811538,0.5810125745649357,0.3182050558900966,0.42997806776890873,,0.18669825100294474,0.08216926869350863,3.1758777508043763,0.21043348861965058,0.5342008880959345,0.06413211215103112,2.7031369067321664,1.230534900392691,0.018367279406289874,0.02036725137194368,93,49813,0.011865835765067816,0.013866630615815587,41,49897,0.07763405391428488,0.07951401224797136,1582,49813,0.0195408077389781,0.021536461532998014,105,49897,0.031687740376474316,0.033674518128949935,266,49794,0.010376653360328995,0.012378171172179098,32,49897,0.0717323009203949,0.07363196406231162,1346,49794,0.04838565663100383,0.05034042295823521,614,49897,0.88883,0.971605953124627,0.29379,0.4053751793374566,0.30109,False,/data/suehara/part/march/datasets/20250711_ilc_nnqq_sgv_10m_3cat_parquet,val50k_tail,150000,proxy
39,39,4800000,,lr_6e-6,9.447839999999999e-06,validation_total_reference_mistag_geomean_percent,0.4209929448690445,min,1.00889787919452,1.00889787919452,0.5689104040185612,0.31153422116662133,0.4209929448690445,,0.18065397090306698,0.07814848383641897,3.2015898519919315,0.20839595027039706,0.5243069589396353,0.06612563968403697,2.6878263543432896,1.1241358235873837,0.01805147609181168,0.020051449838605698,90,49819,0.011548372247120752,0.013549007502115502,39,49905,0.07793683412606542,0.07981553385489268,1595,49819,0.01944005523275647,0.021435470775885146,104,49905,0.031389657587968176,0.03337739158485106,261,49780,0.010549934041103042,0.012551051115654657,33,49905,0.0715415327845241,0.07344234528582697,1338,49780,0.04622386534220372,0.04818258229575111,561,49905,0.88928,0.9716146477928524,0.29344,0.4053751793374566,0.30107,False,/data/suehara/part/march/datasets/20250711_ilc_nnqq_sgv_10m_3cat_parquet,val50k_tail,150000,proxy
39,39,4800000,,lr_9e-6,1.04976e-05,validation_total_reference_mistag_geomean_percent,0.41246417150880066,min,1.0244476502982074,1.0244476502982074,0.5812025641746521,0.292714972825409,0.41246417150880066,,0.1846425497621476,0.06412183147981164,3.257335587612746,0.19036168487751626,0.5183533107429071,0.06812944828037597,2.7283867584816104,1.1842500311485442,0.018258545704222813,0.020258078385054647,92,49826,0.010374990343194165,0.012376187721005266,32,49905,0.07859320690358218,0.08046940512833473,1623,49826,0.018539343895717927,0.020535482168181962,95,49905,0.0312084188989749,0.03319667166852948,258,49773,0.010722261611867932,0.012723298383160084,34,49905,0.07207694433774212,0.07397639437686163,1358,49773,0.04745547391974969,0.049411781775512975,591,49905,0.88886,0.9715953628103554,0.29382,0.4053751793374566,0.30092,False,/data/suehara/part/march/datasets/20250711_ilc_nnqq_sgv_10m_3cat_parquet,val50k_tail,150000,proxy
40,40,4920000,,lr_14e-6,1.2597119999999998e-05,validation_total_reference_mistag_geomean_percent,0.4218974259078848,min,1.014792319733368,1.014792319733368,0.5803782854460632,0.30669210487586573,0.4218974259078848,,0.17426489178271473,0.07617520147559696,3.1968591405282543,0.20847950693782236,0.5312405792059227,0.06815675821431623,2.704497553928957,1.15866492579336,0.017695331888206624,0.01969135532806157,87,49924,0.011392133174600307,0.01339364962398621,38,49885,0.07779941591613652,0.07967435395415251,1596,49924,0.019447842160899953,0.021444054344564457,104,49885,0.031628069574380926,0.03361892434871035,264,49695,0.010726559274059647,0.012728397194095346,34,49885,0.07182060241547085,0.07372399514589782,1344,49695,0.046944552705439034,0.04890267061710401,578,49885,0.88927,0.9717149085638042,0.29331,0.4053751793374566,0.30073,False,/data/suehara/part/march/datasets/20250711_ilc_nnqq_sgv_10m_3cat_parquet,val50k_tail,150000,proxy
40,40,4920000,,lr_3e-6,8.39808e-06,validation_total_reference_mistag_geomean_percent,0.4233274040861927,min,1.014298496883743,1.014298496883743,0.5817252323471179,0.3080596836539173,0.4233274040861927,,0.17426489178271473,0.07817981510168338,3.1708197110357332,0.20847950693782236,0.5292282825098354,0.06815675821431623,2.7165710585864264,1.1686879509014105,0.017695331888206624,0.01969135532806157,87,49924,0.01155300082464018,0.013554436906363645,39,49885,0.07748816477992984,0.07936414596587463,1583,49924,0.019447842160899953,0.021444054344564457,104,49885,0.03156657146282105,0.03355750722052447,263,49695,0.010726559274059647,0.012728397194095346,34,49885,0.07197854706751002,0.07388145389769334,1350,49695,0.047149059714934535,0.04910677578828723,583,49885,0.88919,0.9716900599667398,0.29347,0.4053751793374566,0.30001,False,/data/suehara/part/march/datasets/20250711_ilc_nnqq_sgv_10m_3cat_parquet,val50k_tail,150000,proxy
40,40,4920000,,lr_6e-6,9.447839999999999e-06,validation_total_reference_mistag_geomean_percent,0.41784775341909175,min,1.001602749946386,1.001602749946386,0.5733835567581945,0.3045025323441783,0.41784775341909175,,0.18298445592614326,0.07615993288405914,3.1408980526106176,0.19641246353605132,0.537311044195014,0.06613889037801864,2.676530765084661,1.1363863949565225,0.018188684576839698,0.02019210352414225,91,49731,0.011389850633339358,0.013390966557026023,38,49895,0.07727648451086415,0.07916094932099021,1562,49731,0.018847930938155996,0.020844226734765797,98,49895,0.031756236101130805,0.03373954326290514,268,49878,0.010552047931155703,0.012553565532098777,33,49895,0.07132379893278994,0.07322132972791516,1335,49878,0.04648212538028804,0.04844074385024714,567,49895,0.88938,0.9716240539637958,0.29301,0.4053751793374566,0.30041,False,/data/suehara/part/march/datasets/20250711_ilc_nnqq_sgv_10m_3cat_parquet,val50k_tail,150000,proxy
40,40,4920000,,lr_9e-6,1.04976e-05,validation_total_reference_mistag_geomean_percent,0.4050971776258094,min,1.0017253378405169,1.0017253378405169,0.5623637672752005,0.2918106266261107,0.4050971776258094,,0.17467774067818548,0.07002100801190084,3.1863630507131346,0.18605580765754104,0.5109327493032717,0.06401920576172852,2.681391078000143,1.1403420625982297,0.01773722434573277,0.019737960075663533,87,49806,0.01087465891120745,0.01287241744334438,35,49985,0.07776498217174112,0.07964478368201883,1587,49806,0.0183041273625042,0.020297243202269544,93,49985,0.030996462496389425,0.03298741342554392,254,49713,0.010358389442559606,0.012356388113957117,32,49985,0.07150448396176616,0.07340811709587759,1333,49713,0.04652267558002861,0.04847760927735867,570,49985,0.88936,0.9717103237770205,0.29281,0.4050971776258094,0.30112,False,/data/suehara/part/march/datasets/20250711_ilc_nnqq_sgv_10m_3cat_parquet,val50k_tail,150000,proxy
41,41,5040000,,lr_14e-6,1.2597119999999998e-05,validation_total_reference_mistag_geomean_percent,0.4191486266942555,min,1.0154967432156128,1.0154967432156128,0.5833220992453217,0.30118106529304334,0.4191486266942555,,0.17248986658881602,0.0742807789870267,3.2311765942828745,0.1987512781330287,0.5056687116867372,0.07227319125134432,2.69288658984719,1.176446934947884,0.017611309584530555,0.019610046427578562,86,49858,0.011245821553616754,0.01325038749028449,37,49811,0.07825861834772005,0.08013466172839892,1611,49858,0.018980439945558127,0.02098000827126926,99,49811,0.030795548908479214,0.03278183718575956,252,49835,0.011080380083444849,0.013085026626740923,36,49811,0.07156893207343334,0.07346744373064804,1342,49835,0.0473411628177111,0.0493014757154249,586,49811,0.88887,0.9716099353960703,0.2936,0.4050971776258094,0.30014,False,/data/suehara/part/march/datasets/20250711_ilc_nnqq_sgv_10m_3cat_parquet,val50k_tail,150000,proxy
41,41,5040000,,lr_3e-6,8.39808e-06,validation_total_reference_mistag_geomean_percent,0.415189373729132,min,0.9987181918154522,0.9987181918154522,0.573094653188212,0.30079187634817495,0.415189373729132,,0.18054887784530607,0.0742733236550744,3.1676296247514566,0.19270916218915443,0.5036115625329473,0.07025854923128554,2.65048159185006,1.150232842468332,0.018040982408485555,0.020039796873427287,90,49848,0.011244693144517478,0.013249058187541393,37,49816,0.07750824845972129,0.07938721776325972,1579,49848,0.018674754557568958,0.020674364764135235,96,49816,0.03072967965239287,0.032715851215684745,251,49840,0.010911540989319525,0.012916067213240304,35,49816,0.07100710899244182,0.07290713180334273,1321,49840,0.04680351326924164,0.048764681831904404,573,49816,0.88933,0.9717888774341888,0.29247,0.4050971776258094,0.30018,False,/data/suehara/part/march/datasets/20250711_ilc_nnqq_sgv_10m_3cat_parquet,val50k_tail,150000,proxy
41,41,5040000,,lr_6e-6,9.447839999999999e-06,validation_total_reference_mistag_geomean_percent,0.4158127956283371,min,1.015689892687997,1.015689892687997,0.5660993000996284,0.30542394413457913,0.4158127956283371,,0.17630677551113522,0.07620575703238112,3.22961949800967,0.20054146440190104,0.49873303878841113,0.06417326782312244,2.684712223805765,1.1952271161315902,0.01780592368859251,0.019802305193830052,88,49913,0.011396701002768081,0.01339901898473817,38,49865,0.0781975360119945,0.08007157457680589,1612,49913,0.019060036970740248,0.021057368159849155,100,49865,0.030610410991635528,0.0326013320985934,248,49726,0.01038331076362027,0.012386111338447896,32,49865,0.07153893161347818,0.07344193351494152,1335,49726,0.04769558295639933,0.04965301980261894,596,49865,0.88863,0.9715943083510723,0.29377,0.4050971776258094,0.29919,False,/data/suehara/part/march/datasets/20250711_ilc_nnqq_sgv_10m_3cat_parquet,val50k_tail,150000,proxy
41,41,5040000,,lr_9e-6,1.04976e-05,validation_total_reference_mistag_geomean_percent,0.4184848176303317,min,1.0154958807703114,1.0154958807703114,0.5826825803355903,0.30055736776312725,0.4184848176303317,,0.17248986658881602,0.0742807789870267,3.2371935439633974,0.19674369018824903,0.5056687116867372,0.07227319125134432,2.6948930838506673,1.170424179646253,0.017611309584530555,0.019610046427578562,86,49858,0.011245821553616754,0.01325038749028449,37,49811,0.07832996864827538,0.08020577066476589,1614,49858,0.01887968871586696,0.020879337648206438,98,49811,0.030795548908479214,0.03278183718575956,252,49835,0.011080380083444849,0.013085026626740923,36,49811,0.07159523297840739,0.07349366410661293,1343,49835,0.0472187153537704,0.04917927007136915,583,49811,0.88885,0.9715982293041684,0.29366,0.4050971776258094,0.30016,False,/data/suehara/part/march/datasets/20250711_ilc_nnqq_sgv_10m_3cat_parquet,val50k_tail,150000,proxy
42,42,5160000,,lr_14e-6,1.2597119999999998e-05,validation_total_reference_mistag_geomean_percent,0.4128846144070779,min,1.013591269804905,1.013591269804905,0.5836007422698574,0.2921067306238179,0.4128846144070779,,0.17821742329846904,0.06427897073298114,3.195899012400104,0.19886306741183674,0.5323209358503562,0.0703051226876742,2.7359287696669927,1.1329168563908258,0.017902694309117492,0.019897959930853266,89,49939,0.010400409415369287,0.012406504587684379,32,49783,0.0777764191522385,0.07965083248837254,1596,49939,0.018991106186237554,0.020991794637719753,99,49783,0.03163420362518919,0.03362153581010349,265,49782,0.010918772029468529,0.012924625109806017,35,49783,0.07216866275802439,0.07406746641996156,1362,49782,0.04646150701976548,0.04842467121472099,564,49783,0.88937,0.9717298913192085,0.29287,0.4050971776258094,0.30114,False,/data/suehara/part/march/datasets/20250711_ilc_nnqq_sgv_10m_3cat_parquet,val50k_tail,150000,proxy
42,42,5160000,,lr_3e-6,8.39808e-06,validation_total_reference_mistag_geomean_percent,0.41932987230728447,min,1.0251321182497353,1.0251321182497353,0.585828496933543,0.3001519091844224,0.41932987230728447,,0.19067882663158475,0.06428801028608165,3.2957327487417407,0.20090002820251862,0.535005792440186,0.07232401370024469,2.7251233116635243,1.1170042143320014,0.01857020389484077,0.0205696547983758,95,49822,0.010401871665583439,0.012408248586238122,32,49776,0.07904854614113471,0.08092335364735526,1642,49822,0.01909408702299724,0.021094974982008685,100,49776,0.031677689219961926,0.033659976041012195,267,49906,0.011088169065046071,0.013094223105604093,36,49776,0.07193962146280382,0.07383414033864631,1360,49906,0.04613393745485257,0.04809801708284475,556,49776,0.88903,0.9716937645923082,0.29325,0.4050971776258094,0.30118,False,/data/suehara/part/march/datasets/20250711_ilc_nnqq_sgv_10m_3cat_parquet,val50k_tail,150000,proxy
42,42,5160000,,lr_6e-6,9.447839999999999e-06,validation_total_reference_mistag_geomean_percent,0.4187907551543446,min,1.0241298535918983,1.0241298535918983,0.5861389216719688,0.2992220617297624,0.4187907551543446,,0.1886716623661642,0.06428801028608165,3.289711294402707,0.20090002820251862,0.535005792440186,0.07232401370024469,2.7211158335405057,1.1210221937967801,0.01846735900068682,0.020466890475260797,94,49822,0.010401871665583439,0.012408248586238122,32,49776,0.07897782213520665,0.08085287135454339,1639,49822,0.01909408702299724,0.021094974982008685,100,49776,0.031677689219961926,0.033659976041012195,267,49906,0.011088169065046071,0.013094223105604093,36,49776,0.07188743827809228,0.07378211775401732,1358,49906,0.0462176860777817,0.04818160426572574,558,49776,0.88908,0.9717031359756257,0.29319,0.4050971776258094,0.30021,False,/data/suehara/part/march/datasets/20250711_ilc_nnqq_sgv_10m_3cat_parquet,val50k_tail,150000,proxy
42,42,5160000,,lr_9e-6,1.04976e-05,validation_total_reference_mistag_geomean_percent,0.40409781513630866,min,0.9855638038202147,0.9855638038202147,0.5575666592736453,0.2928708908288498,0.40409781513630866,,0.17022128975457756,0.0702021817693195,3.132071666403016,0.19656611569206833,0.5028865562484246,0.06619063063220294,2.6512179497682067,1.0951540402939015,0.01747628212551331,0.019472027828506145,85,49935,0.010902788922391361,0.01290570918705689,35,49856,0.07701401376496268,0.07889113361063613,1564,49935,0.01886266232338776,0.020860513533432594,98,49856,0.030744929076321082,0.03273620370443765,250,49713,0.010560300202923888,0.012563381389958335,33,49856,0.0711063000273942,0.07301114703261412,1318,49713,0.045639870506950474,0.04760167510635873,546,49856,0.8899,0.9720123695502103,0.29143,0.40409781513630866,0.29948,False,/data/suehara/part/march/datasets/20250711_ilc_nnqq_sgv_10m_3cat_parquet,val50k_tail,150000,proxy
43,43,5280000,,lr_14e-6,1.2597119999999998e-05,validation_total_reference_mistag_geomean_percent,0.40458248601767305,min,1.000905232443231,1.000905232443231,0.5579965120587973,0.2933476902719287,0.40458248601767305,,0.17454107862210558,0.068354074439356,3.2159695342632193,0.19299973106787963,0.5008213543573964,0.06433324621539575,2.658359833033131,1.1318630075473652,0.017723356605422166,0.019722532423849314,87,49845,0.010757604437003722,0.012765229619983746,34,49741,0.07808802691496586,0.07996516973463041,1603,49845,0.018702889215408573,0.020705502711502597,96,49741,0.030618956685742396,0.03260213658329604,250,49918,0.010409189088563886,0.012416975938862807,32,49741,0.07105634609807336,0.07295308442576733,1327,49918,0.046458873862771644,0.04842373803990163,563,49741,0.88931,0.9719085887316843,0.29211,0.40409781513630866,0.29998,False,/data/suehara/part/march/datasets/20250711_ilc_nnqq_sgv_10m_3cat_parquet,val50k_tail,150000,proxy
43,43,5280000,,lr_3e-6,8.39808e-06,validation_total_reference_mistag_geomean_percent,0.39529211068696,min,1.0009934778296148,1.0009934778296148,0.5648935287188186,0.27661115737286096,0.39529211068696,,0.1725452349385987,0.05807317020954121,3.206131452441366,0.18222960997591442,0.5188536924583725,0.06408074173458558,2.650578069778886,1.1554558510996542,0.017616958918007616,0.019616335149656283,86,49842,0.009826886237746413,0.011827043505870983,29,49937,0.07797320757407591,0.07985085814185347,1598,49842,0.01811371110701681,0.02010889595185205,91,49937,0.03123847314428314,0.033228625028797115,258,49725,0.010368343601717097,0.012368260268714775,32,49937,0.0710893643086366,0.07299377736498594,1318,49725,0.046854968586536316,0.04881117604881337,577,49937,0.88911,0.9718510044689109,0.29228,0.39529211068696,0.29964,False,/data/suehara/part/march/datasets/20250711_ilc_nnqq_sgv_10m_3cat_parquet,val50k_tail,150000,proxy
43,43,5280000,,lr_6e-6,9.447839999999999e-06,validation_total_reference_mistag_geomean_percent,0.40708009564399916,min,1.004416051649912,1.004416051649912,0.5597962884648146,0.29602590743140184,0.40708009564399916,,0.18055974181191217,0.0683526999316473,3.2239943972668166,0.19299586620853706,0.5068413450320755,0.06433195287684451,2.6704328288512365,1.1278195812202276,0.018042067396127192,0.02004100172445125,90,49845,0.010757388225968265,0.012764973104245332,34,49742,0.0781834291041332,0.08006024993699387,1607,49845,0.018702513529030233,0.020705086921924527,96,49742,0.03080764177464789,0.03279062020500774,253,49917,0.010408979876466587,0.012416726415562457,32,49742,0.07121610869783024,0.07311240130095376,1333,49917,0.04637452595801939,0.04833951321054231,561,49742,0.88921,0.971871573554382,0.29231,0.39529211068696,0.30001,False,/data/suehara/part/march/datasets/20250711_ilc_nnqq_sgv_10m_3cat_parquet,val50k_tail,150000,proxy
43,43,5280000,,lr_9e-6,1.04976e-05,validation_total_reference_mistag_geomean_percent,0.3937657529371765,min,1.0007207363670587,1.0007207363670587,0.5659159929054487,0.27398318854736275,0.3937657529371765,,0.16838729900975852,0.05807317020954121,3.197353947621106,0.18022709449921256,0.5172899770409949,0.06408074173458558,2.6548851815632615,1.1654684792580097,0.017385149127634798,0.019382968664548153,84,49885,0.009826886237746413,0.011827043505870983,29,49937,0.07783536070623855,0.0797117447051951,1595,49885,0.018008853696654795,0.020004118741865716,90,49937,0.031203209059033846,0.03319514634284636,257,49682,0.010368343601717097,0.012368260268714775,32,49937,0.07117672564688239,0.07308261357357633,1319,49682,0.047059448503222745,0.049015254963621566,582,49937,0.88911,0.9718384527798624,0.29236,0.3937657529371765,0.29962,False,/data/suehara/part/march/datasets/20250711_ilc_nnqq_sgv_10m_3cat_parquet,val50k_tail,150000,proxy
44,44,5400000,,lr_14e-6,1.2597119999999998e-05,validation_total_reference_mistag_geomean_percent,0.4183443837215469,min,1.0043801834781867,1.0043801834781867,0.5624816602220288,0.31114263053888414,0.4183443837215469,,0.19680690880659266,0.07414681159206474,3.2372728979164402,0.19839281717255483,0.4979119698080088,0.06813490511598987,2.6481690292801363,1.1142061281337048,0.018885749954095,0.020886038856483824,98,49795,0.011225544777646663,0.013226500778981904,37,49901,0.07837985569012565,0.08025802771926202,1612,49795,0.018946236602769822,0.020942213003804708,99,49901,0.030560130987301523,0.03254780743203994,248,49808,0.01072312086878264,0.012724317818519498,34,49901,0.0709990190474026,0.07290035539349107,1319,49808,0.04601898467385436,0.04797825660170785,556,49901,0.88924,0.9718991508419963,0.29211,0.3937657529371765,0.2997,False,/data/suehara/part/march/datasets/20250711_ilc_nnqq_sgv_10m_3cat_parquet,val50k_tail,150000,proxy
44,44,5400000,,lr_3e-6,8.39808e-06,validation_total_reference_mistag_geomean_percent,0.4211590581421163,min,1.0151711507096712,1.0151711507096712,0.5674968391384451,0.3125567228258739,0.4211590581421163,,0.18048370160791766,0.07631288057462705,3.224642019947724,0.21488100819902725,0.5256505282211916,0.06426348026910332,2.696467038163262,1.138668548694517,0.018034475222035853,0.02003257080844343,90,49866,0.01141271728851592,0.013417845697110221,38,49795,0.07817485251195577,0.08005085700227288,1608,49866,0.01977508167551026,0.021774644651968277,107,49795,0.03141163142807175,0.03339679912959248,262,49843,0.010397903656954397,0.01240351601616925,32,49795,0.07161018063615923,0.07350824391735289,1344,49843,0.04657496765934823,0.048537427754897534,567,49795,0.88914,0.9717375667974245,0.29285,0.3937657529371765,0.30134,False,/data/suehara/part/march/datasets/20250711_ilc_nnqq_sgv_10m_3cat_parquet,val50k_tail,150000,proxy
44,44,5400000,,lr_6e-6,9.447839999999999e-06,validation_total_reference_mistag_geomean_percent,0.40585450721156924,min,0.9900558720547046,0.9900558720547046,0.5516839084337073,0.2985729300888951,0.40585450721156924,,0.17854276455555612,0.07414235567604895,3.1535869910687024,0.19036551130928459,0.5004823756295264,0.062119271123774925,2.627030057258841,1.1341776498159013,0.01793535166763553,0.019934246619589605,89,49848,0.011224870144328606,0.013225706038394599,37,49904,0.07733958993131756,0.07921912264394204,1572,49848,0.018539715092499052,0.02053589321085339,95,49904,0.03065773156362573,0.032647541931134574,249,49752,0.010197512223125997,0.012198829956058713,31,49904,0.07075794563513559,0.07266227180364286,1307,49752,0.04643238242981133,0.04839073619712798,566,49904,0.88935,0.9719171782509397,0.29197,0.3937657529371765,0.30087,False,/data/suehara/part/march/datasets/20250711_ilc_nnqq_sgv_10m_3cat_parquet,val50k_tail,150000,proxy
44,44,5400000,,lr_9e-6,1.04976e-05,validation_total_reference_mistag_geomean_percent,0.4201015419458699,min,1.014167763048122,1.014167763048122,0.5674968391384451,0.3109890546936466,0.4201015419458699,,0.18048370160791766,0.07631288057462705,3.2206313835136755,0.21086454334068175,0.5256505282211916,0.06426348026910332,2.696467038163262,1.138668548694517,0.018034475222035853,0.02003257080844343,90,49866,0.01141271728851592,0.013417845697110221,38,49795,0.07812720321904235,0.08000336856719345,1606,49866,0.019580798606950785,0.02158052290028227,105,49795,0.03141163142807175,0.03339679912959248,262,49843,0.010397903656954397,0.01240351601616925,32,49795,0.07161018063615923,0.07350824391735289,1344,49843,0.04657496765934823,0.048537427754897534,567,49795,0.88909,0.9717471231449274,0.2928,0.3937657529371765,0.30132,False,/data/suehara/part/march/datasets/20250711_ilc_nnqq_sgv_10m_3cat_parquet,val50k_tail,150000,proxy
45,45,5520000,,lr_14e-6,1.2597119999999998e-05,validation_total_reference_mistag_geomean_percent,0.4018199228532993,min,0.9992100919144605,0.9992100919144605,0.5501796444551914,0.2934664196122967,0.4018199228532993,,0.1725279375950949,0.07009813824923909,3.1897606036871142,0.19226916932654273,0.5047559632462241,0.060084116295916916,2.674603358415562,1.12958144849999,0.017615193111998564,0.01961436949077075,86,49847,0.010886634556513076,0.01288659057031643,35,49930,0.07777398949857205,0.07965210855379393,1590,49847,0.018632151620956373,0.020627214040020728,96,49930,0.030799348940923656,0.03278998777749131,251,49727,0.010011740079787411,0.01201209720791362,30,49930,0.07140519851991343,0.07330856872043538,1330,49727,0.04632545218920588,0.048282970307649865,564,49930,0.88941,0.9719388965850015,0.29196,0.3937657529371765,0.30056,False,/data/suehara/part/march/datasets/20250711_ilc_nnqq_sgv_10m_3cat_parquet,val50k_tail,150000,proxy
45,45,5520000,,lr_3e-6,8.39808e-06,validation_total_reference_mistag_geomean_percent,0.4178855146908276,min,1.005217034898302,1.005217034898302,0.5735298241001943,0.30447989982454815,0.4178855146908276,,0.18426904269960445,0.07243460835751431,3.168626267842137,0.20321932200978501,0.5112576778170134,0.06841046546507425,2.678589310084233,1.1549295849110537,0.01822163863672867,0.02021714139939536,92,49927,0.011105120045589216,0.013114237181757683,36,49700,0.0774595829016532,0.07933553923099648,1582,49927,0.01922322264818418,0.021227076924118474,101,49700,0.030957145427192197,0.03294153703495822,255,49877,0.010766476578736174,0.012775755649065688,34,49700,0.07135156430016984,0.07324905059353515,1336,49877,0.04695346390198949,0.04891902074883551,574,49700,0.88886,0.9717302951948618,0.29307,0.3937657529371765,0.29927,False,/data/suehara/part/march/datasets/20250711_ilc_nnqq_sgv_10m_3cat_parquet,val50k_tail,150000,proxy
45,45,5520000,,lr_6e-6,9.447839999999999e-06,validation_total_reference_mistag_geomean_percent,0.41742442184870393,min,1.004968689581537,1.004968689581537,0.5739213152024035,0.30360110931630896,0.41742442184870393,,0.18226610027416676,0.07243460835751431,3.1666232803779018,0.20321932200978501,0.5112576778170134,0.06841046546507425,2.676584328630612,1.158953733720229,0.01811733631933419,0.020112919314506504,91,49927,0.011105120045589216,0.013114237181757683,36,49700,0.07743557534343262,0.07931161190528127,1581,49927,0.01922322264818418,0.021227076924118474,101,49700,0.030957145427192197,0.03294153703495822,255,49877,0.010766476578736174,0.012775755649065688,34,49700,0.0713252100522168,0.07322277673902748,1335,49877,0.04703597108849499,0.04900136600117979,576,49700,0.88885,0.9717352236644422,0.29305,0.3937657529371765,0.29926,False,/data/suehara/part/march/datasets/20250711_ilc_nnqq_sgv_10m_3cat_parquet,val50k_tail,150000,proxy
45,45,5520000,,lr_9e-6,1.04976e-05,validation_total_reference_mistag_geomean_percent,0.41719945921030527,min,1.0112590738886844,1.0112590738886844,0.5716371589976253,0.30448578442762536,0.41719945921030527,,0.17875074352192205,0.07820333190870639,3.161277438562607,0.1945057122400531,0.5276462361286147,0.06416683376779626,2.730519332394356,1.1550029625854188,0.01795622848928069,0.019957443538058086,89,49790,0.011556474693369357,0.013558511815999558,39,49870,0.07747655170957067,0.0793579649222019,1574,49790,0.018756222851728958,0.020753595845458415,97,49870,0.03147243674243147,0.0334574845403523,263,49844,0.010382269981311604,0.012384870016050507,32,49870,0.07205400774729816,0.07395066662100776,1361,49844,0.04687651186299352,0.04883536558528412,576,49870,0.88907,0.9717675837517615,0.29272,0.3937657529371765,0.29768,False,/data/suehara/part/march/datasets/20250711_ilc_nnqq_sgv_10m_3cat_parquet,val50k_tail,150000,proxy
46,46,5640000,,lr_14e-6,1.2597119999999998e-05,validation_total_reference_mistag_geomean_percent,0.41295999849464765,min,1.0141450342890161,1.0141450342890161,0.5457057128104451,0.3125053602213916,0.41295999849464765,,0.19068646078410265,0.0762409205644434,3.2697712180454093,0.20063399804570436,0.509610365332996,0.058183859575755004,2.700533773257933,1.1074996787057856,0.018570948776950105,0.020570479638582915,95,49820,0.011401958535711753,0.013405199074149995,38,49842,0.07874466722146006,0.08062059218578305,1629,49820,0.019068824780434417,0.02106707392260281,100,49842,0.030916425046714942,0.032902276204600095,254,49842,0.009845612398561677,0.011849577494522966,29,49842,0.07166413997122013,0.07356207814964259,1346,49842,0.04590542445478112,0.04786728470801433,552,49842,0.88882,0.9717868190237344,0.29276,0.3937657529371765,0.29981,False,/data/suehara/part/march/datasets/20250711_ilc_nnqq_sgv_10m_3cat_parquet,val50k_tail,150000,proxy
46,46,5640000,,lr_3e-6,8.39808e-06,validation_total_reference_mistag_geomean_percent,0.4186490117727359,min,1.0066463460266395,1.0066463460266395,0.5786125808245638,0.30290906362340153,0.4186490117727359,,0.17638451997605287,0.0743001752475569,3.1989737667164393,0.20081127313109254,0.5078791558213951,0.07229205708672187,2.685937965554452,1.1365918546794056,0.017813769507722784,0.019811028205780554,88,49891,0.011248756477442784,0.013253844926098473,37,49798,0.07785005667794477,0.07972615008920089,1596,49891,0.019085658841604472,0.02108566642097104,100,49798,0.030870576309052766,0.03285757329183469,253,49815,0.011083271856007304,0.01308844095338186,36,49798,0.07149193359741665,0.07339148643303178,1338,49815,0.04653068502279249,0.04849311029916335,566,49798,0.88913,0.9717776026087227,0.29286,0.3937657529371765,0.29895,False,/data/suehara/part/march/datasets/20250711_ilc_nnqq_sgv_10m_3cat_parquet,val50k_tail,150000,proxy
46,46,5640000,,lr_6e-6,9.447839999999999e-06,validation_total_reference_mistag_geomean_percent,0.41371874952417376,min,0.9938617839215147,0.9938617839215147,0.5578262628121942,0.30683962932285297,0.41371874952417376,,0.18459439033150826,0.07613399881189326,3.1481370174084615,0.20035262257229583,0.5085120443781044,0.06411283859592884,2.6470766728690696,1.1219746864048565,0.018253786908490277,0.02025279997454371,92,49839,0.011385972411637591,0.013386407809396395,38,49912,0.0772809159057565,0.07916100671630441,1569,49839,0.01904210443600704,0.021037562428088748,100,49912,0.030908956436767523,0.032898404036979606,253,49753,0.010373535640405588,0.012374452722584757,32,49912,0.07102326685946361,0.07292674892891773,1317,49753,0.0461757900233695,0.048134318876556954,560,49912,0.88964,0.971943464049815,0.29188,0.3937657529371765,0.29981,False,/data/suehara/part/march/datasets/20250711_ilc_nnqq_sgv_10m_3cat_parquet,val50k_tail,150000,proxy
46,46,5640000,,lr_9e-6,1.04976e-05,validation_total_reference_mistag_geomean_percent,0.4133153263983428,min,0.9948873364717342,0.9948873364717342,0.5554123423450542,0.30757249346403515,0.4133153263983428,,0.1886262428102363,0.07612637200779775,3.142432907701642,0.19832922396972816,0.5105219591591781,0.06210309022005205,2.6470766728690696,1.1338822230361696,0.01846291566597899,0.020461967487425226,94,49834,0.011384832260768162,0.013385067591920301,38,49917,0.07721604415755721,0.07909655252006792,1566,49834,0.018940168909753086,0.02093550809695948,99,49917,0.03097160039153852,0.032960967197078785,254,49753,0.010194857089383062,0.012195654273119125,31,49917,0.07102326685946361,0.07292674892891773,1317,49753,0.04642035503631733,0.04837821062970964,566,49917,0.88969,0.9719144814284185,0.29204,0.3937657529371765,0.29998,False,/data/suehara/part/march/datasets/20250711_ilc_nnqq_sgv_10m_3cat_parquet,val50k_tail,150000,proxy
47,47,5760000,,lr_14e-6,1.2597119999999998e-05,validation_total_reference_mistag_geomean_percent,0.4125839527441685,min,1.0020030222392107,1.0020030222392107,0.5558613154267129,0.3062373893231386,0.4125839527441685,,0.18062132899330618,0.07636502481863307,3.1729148031997365,0.20096059754377676,0.5008514382742024,0.06229778126512862,2.6805570041699642,1.141456199648938,0.018048218125318045,0.020047831951106217,90,49828,0.011420512881190302,0.013427009202687887,38,49761,0.07758699943976807,0.07946651077545622,1581,49828,0.019099837779431358,0.021101326441799045,100,49761,0.0306207927408585,0.032604090623402845,250,49915,0.010226810234425437,0.01223387193679253,31,49761,0.0713505997357828,0.0732465626756492,1338,49915,0.046648103055869396,0.04861179196867637,568,49761,0.88934,0.9719076272968218,0.29237,0.3937657529371765,0.29907,False,/data/suehara/part/march/datasets/20250711_ilc_nnqq_sgv_10m_3cat_parquet,val50k_tail,150000,proxy
47,47,5760000,,lr_3e-6,8.39808e-06,validation_total_reference_mistag_geomean_percent,0.40954704202570424,min,1.005764109380911,1.005764109380911,0.567859196809282,0.29537036746863926,0.40954704202570424,,0.17689508741482793,0.07010234925876949,3.1921523008711676,0.192280722343656,0.5137467389123018,0.06609649830563176,2.701184086482735,1.1336550914581989,0.017865295194700936,0.019868314608982824,88,49747,0.010887288532163412,0.012887364547648493,35,49927,0.07787978790070246,0.07976158607186021,1588,49747,0.01863327026038024,0.020628452093024614,96,49927,0.031048575243906428,0.03303473860651546,256,49830,0.01054528646293924,0.0125455229434355,33,49927,0.07168116806516994,0.07357953719178967,1346,49830,0.04641110743410226,0.048368579989121335,566,49927,0.88939,0.9718221514319468,0.29232,0.3937657529371765,0.29935,False,/data/suehara/part/march/datasets/20250711_ilc_nnqq_sgv_10m_3cat_parquet,val50k_tail,150000,proxy
47,47,5760000,,lr_6e-6,9.447839999999999e-06,validation_total_reference_mistag_geomean_percent,0.4045911287451745,min,1.0023920485735143,1.0023920485735143,0.5541178633998318,0.29541365162808075,0.4045911287451745,,0.17233432438191995,0.07011779995816213,3.2102278989456154,0.19632983988285396,0.509208028293617,0.06210433315699705,2.690952966116005,1.1078611978529442,0.01759544024182102,0.01959238099492307,86,49903,0.010889687115243527,0.012890203260128026,35,49916,0.07797487491854327,0.07985006617206858,1602,49903,0.018840008180498382,0.0208354674495201,98,49916,0.030951160652189363,0.03294330298562482,253,49685,0.010195061281351473,0.012195898497719326,31,49916,0.07165007619987888,0.07355439721570163,1337,49685,0.04587966107310083,0.04783859846089131,553,49916,0.88935,0.9719537607764831,0.29194,0.3937657529371765,0.29998,False,/data/suehara/part/march/datasets/20250711_ilc_nnqq_sgv_10m_3cat_parquet,val50k_tail,150000,proxy
47,47,5760000,,lr_9e-6,1.04976e-05,validation_total_reference_mistag_geomean_percent,0.4178352309818794,min,1.0110494244002202,1.0110494244002202,0.5613751150895494,0.3109975407831016,0.4178352309818794,,0.18627569689951698,0.07834943599787408,3.2227696623415327,0.1988870386200658,0.512037922808658,0.062277757277002375,2.6545652580288386,1.173232623228273,0.01832574099125484,0.02032120333876142,93,49926,0.011578059395583363,0.013583831044163224,39,49777,0.07810619496728954,0.07998001996381704,1609,49926,0.018993393369088566,0.02099432201081051,99,49777,0.031004277687212648,0.03299166622940429,255,49801,0.010223523773569377,0.012229941156396952,31,49777,0.07108853275296229,0.07298987947922386,1322,49801,0.04729166773570718,0.04925344873866113,584,49777,0.8892,0.9718244847633616,0.2928,0.3937657529371765,0.29928,False,/data/suehara/part/march/datasets/20250711_ilc_nnqq_sgv_10m_3cat_parquet,val50k_tail,150000,proxy
48,48,5880000,,lr_14e-6,1.2597119999999998e-05,validation_total_reference_mistag_geomean_percent,0.42616893168335135,min,1.0160088713203903,1.0160088713203903,0.5778527322186889,0.31430146161080147,0.42616893168335135,,0.18511810431106893,0.0802326747567947,3.211396891617621,0.20459332238314507,0.5205100960818304,0.0681977755470682,2.6906367188815072,1.1673853869840876,0.018305534370082484,0.020310197718906145,92,49698,0.011718872962848171,0.01372143102307137,40,49855,0.07814755317962913,0.08003043223808459,1596,49698,0.01926266859057599,0.021260237857238795,102,49855,0.03122091513753939,0.03320199657172035,260,49951,0.010733012230888848,0.01273605307758563,34,49855,0.07145740589699669,0.07335159884926702,1344,49951,0.04713642094556197,0.049095367294338214,582,49855,0.88897,0.9716457984087046,0.29345,0.3937657529371765,0.2999,False,/data/suehara/part/march/datasets/20250711_ilc_nnqq_sgv_10m_3cat_parquet,val50k_tail,150000,proxy
48,48,5880000,,lr_3e-6,8.39808e-06,validation_total_reference_mistag_geomean_percent,0.4107333844621369,min,0.998845965939262,0.998845965939262,0.5565343470144372,0.30312938278963986,0.4107333844621369,,0.17658272125570318,0.07632668155123917,3.1825022591548504,0.19684248270224458,0.49515868598291257,0.06427509741694452,2.6702484024490043,1.1288313970011972,0.01783377191831629,0.01983326695311103,88,49835,0.01141477979185821,0.013420270113501089,38,49786,0.0776964380501323,0.07957530062909432,1586,49835,0.018889161111197858,0.020889810176783624,98,49786,0.03045104261244257,0.032435840997844995,247,49883,0.010399782862549611,0.012405757309798194,32,49786,0.07123762631027937,0.07313521878958319,1332,49883,0.04637545251271972,0.048338662531463746,562,49786,0.88947,0.9719631635431089,0.29189,0.3937657529371765,0.30057,False,/data/suehara/part/march/datasets/20250711_ilc_nnqq_sgv_10m_3cat_parquet,val50k_tail,150000,proxy
48,48,5880000,,lr_6e-6,9.447839999999999e-06,validation_total_reference_mistag_geomean_percent,0.4218935977167344,min,1.0139445289412452,1.0139445289412452,0.5710332148502751,0.31170552459201484,0.4218935977167344,,0.17812825517046507,0.08021015216527756,3.230325906864054,0.20453588026112032,0.5113647890511006,0.06817862533515054,2.7158705473440996,1.1229420753386938,0.01789374332105151,0.019888014180559528,89,49964,0.011715584097574182,0.013717580883193005,40,49869,0.07816646191373261,0.08003855934855253,1614,49964,0.019257265646622404,0.021254276439322844,102,49869,0.031022610701454158,0.03301522767760745,254,49671,0.010729999885116404,0.012732479186178952,34,49869,0.07198654939155232,0.07389040385976757,1349,49671,0.04621539333984296,0.048175572120339426,560,49869,0.88934,0.9718559294350583,0.29269,0.3937657529371765,0.29852,False,/data/suehara/part/march/datasets/20250711_ilc_nnqq_sgv_10m_3cat_parquet,val50k_tail,150000,proxy
48,48,5880000,,lr_9e-6,1.04976e-05,validation_total_reference_mistag_geomean_percent,0.4105056246143627,min,0.998093470259768,0.998093470259768,0.5558297020450904,0.30317715519700256,0.4105056246143627,,0.17658272125570318,0.07632668155123917,3.184508949993015,0.19684248270224458,0.49515868598291257,0.06427509741694452,2.666238946653354,1.124814196522732,0.01783377191831629,0.01983326695311103,88,49835,0.01141477979185821,0.013420270113501089,38,49786,0.07772044597624886,0.07959922802620104,1587,49835,0.018889161111197858,0.020889810176783624,98,49786,0.03045104261244257,0.032435840997844995,247,49883,0.010399782862549611,0.012405757309798194,32,49786,0.07118482742109848,0.07308258064861635,1330,49883,0.04629202937520959,0.04825540076915571,560,49786,0.88939,0.9719642649862492,0.29189,0.3937657529371765,0.29992,False,/data/suehara/part/march/datasets/20250711_ilc_nnqq_sgv_10m_3cat_parquet,val50k_tail,150000,proxy
49,49,6000000,,lr_14e-6,1.2597119999999998e-05,validation_total_reference_mistag_geomean_percent,0.4091925652298341,min,1.004551532506525,1.004551532506525,0.5531659651773163,0.3026913548191634,0.4091925652298341,,0.17845684713238777,0.07014871579126201,3.2483157224495725,0.2064376440253476,0.494591649071769,0.06413596825269571,2.6679802474362786,1.1063454658928866,0.017926727175791596,0.01992466366048135,89,49872,0.01089448745339802,0.012895884438455607,35,49894,0.07845077776915746,0.08032560720840701,1620,49872,0.01934622071165003,0.021342154667043818,103,49894,0.03047605620675395,0.03246666351046732,246,49738,0.010377277129211191,0.012378915130283346,32,49894,0.07131011418868259,0.07321332976533874,1327,49738,0.045857832422782976,0.047817694314661666,552,49894,0.88933,0.9719262850802819,0.29213,0.3937657529371765,0.29874,False,/data/suehara/part/march/datasets/20250711_ilc_nnqq_sgv_10m_3cat_parquet,val50k_tail,150000,proxy
49,49,6000000,,lr_3e-6,8.39808e-06,validation_total_reference_mistag_geomean_percent,0.4133326473920087,min,1.0072030782013714,1.0072030782013714,0.5691711192333139,0.3001625901718574,0.4133326473920087,,0.17677427304223625,0.07412453065925229,3.187963220654729,0.1943264596753026,0.5320537285287102,0.06410770093757513,2.6803462372915807,1.1479284748215843,0.017853102545305415,0.019854758795704815,88,49781,0.011222172421744222,0.013222528030887033,37,49916,0.07780341641401914,0.07968409765305509,1587,49781,0.018738952521164875,0.020734492058057392,97,49916,0.031618363946386924,0.033604709363693835,265,49807,0.010372704564809009,0.012373461513306018,32,49916,0.07142412732117527,0.0733242097924209,1335,49807,0.04671026002871191,0.04866759205908594,573,49916,0.88926,0.9718386056042586,0.29227,0.3937657529371765,0.30007,False,/data/suehara/part/march/datasets/20250711_ilc_nnqq_sgv_10m_3cat_parquet,val50k_tail,150000,proxy
49,49,6000000,,lr_6e-6,9.447839999999999e-06,validation_total_reference_mistag_geomean_percent,0.4110788909727192,min,1.0004839693975007,1.0004839693975007,0.5560049860422939,0.30392866762980153,0.4110788909727192,,0.1909893232958248,0.07210816294860418,3.1563499381930034,0.19629443926272172,0.5236967672975917,0.06009013667205243,2.6646334416254036,1.1397095458848043,0.01860041949415612,0.020603113823909572,95,49741,0.011055085952092997,0.013055161737766052,36,49925,0.07745498166291526,0.07933844634497728,1570,49741,0.01883661475154711,0.02083171572331878,98,49925,0.03135321482421573,0.03333866008685882,261,49838,0.010012742529447909,0.01201329974872432,30,49925,0.07119536865804708,0.07309489981187182,1328,49838,0.04653700814766879,0.04849431658157672,569,49925,0.88939,0.9717693635538872,0.29262,0.3937657529371765,0.30006,False,/data/suehara/part/march/datasets/20250711_ilc_nnqq_sgv_10m_3cat_parquet,val50k_tail,150000,proxy
49,49,6000000,,lr_9e-6,1.04976e-05,validation_total_reference_mistag_geomean_percent,0.4081457179298401,min,1.0038013067569933,1.0038013067569933,0.5533292242296463,0.30105571831378325,0.4081457179298401,,0.1764517094836332,0.07014871579126201,3.2463106503717087,0.20443339980579825,0.4966021895628217,0.06413596825269571,2.6699908465546653,1.102336974233361,0.017820551008757467,0.019818567903013142,88,49872,0.01089448745339802,0.012895884438455607,35,49894,0.078427057414273,0.08030196726308905,1619,49872,0.01924762506727599,0.021243639361341344,102,49894,0.030539614535287935,0.032530140995590526,247,49738,0.010377277129211191,0.012378915130283346,32,49894,0.07133662521558587,0.07323975994883158,1328,49738,0.04577381005975989,0.047733832628981884,550,49894,0.88933,0.9719173101023308,0.29217,0.3937657529371765,0.29876,False,/data/suehara/part/march/datasets/20250711_ilc_nnqq_sgv_10m_3cat_parquet,val50k_tail,150000,proxy
50,50,6120000,,lr_14e-6,1.2597119999999998e-05,validation_total_reference_mistag_geomean_percent,0.41337199181099493,min,1.0000172347641334,1.0000172347641334,0.5663012404801286,0.3017411783680973,0.41337199181099493,,0.17885851717075607,0.07409484357051763,3.155144718721708,0.1982537599725852,0.5099582546379932,0.06608458665752841,2.6782847183476255,1.1394584790343534,0.017967045927481527,0.01996946314092576,89,49760,0.011217679097863021,0.013217234744321673,37,49936,0.07742587073218468,0.07930866469956707,1570,49760,0.01893296857021446,0.02092755159423202,99,49936,0.030937480047387583,0.03292467279409437,254,49808,0.010543386360969076,0.012543262821778766,33,49936,0.0713963123225133,0.0732964394235227,1334,49808,0.046526812355367556,0.04848369969313732,569,49936,0.88955,0.9718486412925905,0.29219,0.3937657529371765,0.29805,False,/data/suehara/part/march/datasets/20250711_ilc_nnqq_sgv_10m_3cat_parquet,val50k_tail,150000,proxy
50,50,6120000,,lr_3e-6,8.39808e-06,validation_total_reference_mistag_geomean_percent,0.40987139647715487,min,0.9912071777100703,0.9912071777100703,0.5549209079773684,0.30273604622766254,0.40987139647715487,,0.17468826344150165,0.07619200683347062,3.116278174046247,0.20251032961510246,0.5157846098705982,0.062156633350296406,2.6772633503927032,1.1047840541306426,0.017738291993931093,0.019739147817889414,87,49803,0.011394645026870315,0.013396602239748503,38,49874,0.07692378850861631,0.07880651768154036,1552,49803,0.019156215372075895,0.021153107188576256,101,49874,0.03111261985226021,0.03309882099961663,257,49827,0.010203644736321441,0.0122061647710194,31,49874,0.07136944695433807,0.07326889050691433,1334,49827,0.04583411730024814,0.04779482771404969,551,49874,0.8895,0.9718554683270728,0.29194,0.3937657529371765,0.29955,False,/data/suehara/part/march/datasets/20250711_ilc_nnqq_sgv_10m_3cat_parquet,val50k_tail,150000,proxy
50,50,6120000,,lr_6e-6,9.447839999999999e-06,validation_total_reference_mistag_geomean_percent,0.411189646029686,min,1.0028768984499155,1.0028768984499155,0.5598707132525357,0.3019928011947189,0.411189646029686,,0.18037517243201528,0.07229641459381497,3.1445406214613363,0.2028316079833501,0.5139220685363258,0.06225524803685462,2.7161584196414195,1.1306356349142064,0.018023640336437583,0.020020538940346604,90,49896,0.011083939402502262,0.013089229127970073,36,49795,0.07719401208566151,0.0790720993195812,1569,49896,0.0191865802252753,0.021186627152353824,101,49795,0.03105914647978181,0.033045980620042145,256,49813,0.010219829029000564,0.012225522046652181,31,49795,0.0718889707399549,0.07378738650931568,1353,49813,0.04640876211327704,0.048371544842573146,563,49795,0.88947,0.9719125640976634,0.29221,0.3937657529371765,0.29878,False,/data/suehara/part/march/datasets/20250711_ilc_nnqq_sgv_10m_3cat_parquet,val50k_tail,150000,proxy
50,50,6120000,,lr_9e-6,1.04976e-05,validation_total_reference_mistag_geomean_percent,0.41737422697687787,min,0.9917222646390109,0.9917222646390109,0.574607375828322,0.3031656965652896,0.41737422697687787,,0.18312439001381928,0.07602128781657712,3.0950033707560056,0.19605489776462237,0.5097842308061795,0.07202016564638099,2.703462233114009,1.0983075411944931,0.018202582488782443,0.02020752777860753,91,49693,0.01136912146480364,0.01336659995777341,38,49986,0.07674945046836357,0.07863720338338841,1538,49693,0.018813647025904826,0.020806322925823965,98,49986,0.030926948963533492,0.03291347068934483,254,49825,0.011041598744067328,0.013039237323472112,36,49986,0.07171452905242216,0.07361299723700719,1347,49825,0.045648008085842455,0.04760458449466435,549,49986,0.89015,0.9720161415166929,0.2912,0.3937657529371765,0.29877,False,/data/suehara/part/march/datasets/20250711_ilc_nnqq_sgv_10m_3cat_parquet,val50k_tail,150000,proxy
51,51,6240000,,lr_14e-6,1.2597119999999998e-05,validation_total_reference_mistag_geomean_percent,0.42403586083885697,min,1.0196300755623482,1.0196300755623482,0.5877091790520577,0.3059445346206235,0.42403586083885697,,0.18468702853180125,0.0741572152879372,3.223993207752347,0.19842065202450465,0.5140975178729216,0.07215296357816693,2.697003844617335,1.1925281748337724,0.018262940641568963,0.02026295320662877,92,49814,0.011227119237461987,0.013228355545176505,37,49894,0.07820745022308964,0.08008543905155888,1606,49814,0.01894889244113563,0.020945147751215594,99,49894,0.03106972491650874,0.03305723028760041,256,49796,0.011061952741885648,0.013063269388271712,36,49894,0.07165056005251427,0.07355039322417545,1343,49796,0.047627660561926424,0.04958406789092942,595,49894,0.88901,0.9716747735070701,0.29336,0.3937657529371765,0.29806,False,/data/suehara/part/march/datasets/20250711_ilc_nnqq_sgv_10m_3cat_parquet,val50k_tail,150000,proxy
51,51,6240000,,lr_3e-6,8.39808e-06,validation_total_reference_mistag_geomean_percent,0.4096580436507885,min,0.9895662796360186,0.9895662796360186,0.5586723646983199,0.3003902167568519,0.4096580436507885,,0.1704363113396217,0.07823627622830094,3.138033416541304,0.19458765090519362,0.49213585881371946,0.06619992166234856,2.647489977634939,1.1294108239627214,0.017498342763134275,0.019496600886087727,85,49872,0.01156134162077809,0.0135642208073961,39,49849,0.07713396013148063,0.07901321209685605,1565,49872,0.018764117721140276,0.02076232884833317,97,49849,0.03038493813716965,0.03237384477907581,245,49783,0.010561782746370868,0.012565144835688023,33,49849,0.07100762189989791,0.07290994031115237,1318,49783,0.04635875834603474,0.04831946403026019,563,49849,0.88985,0.9720916791062963,0.29126,0.3937657529371765,0.29986,False,/data/suehara/part/march/datasets/20250711_ilc_nnqq_sgv_10m_3cat_parquet,val50k_tail,150000,proxy
51,51,6240000,,lr_6e-6,9.447839999999999e-06,validation_total_reference_mistag_geomean_percent,0.40950761858845475,min,0.9888146850724195,0.9888146850724195,0.5585300157710014,0.3002461549904299,0.40950761858845475,,0.1704363113396217,0.07823627622830094,3.1320179671907784,0.19458765090519362,0.49213585881371946,0.06619992166234856,2.6494987213589356,1.1274047730804586,0.017498342763134275,0.019496600886087727,85,49872,0.01156134162077809,0.0135642208073961,39,49849,0.0770614065910731,0.07894089978514665,1562,49872,0.018764117721140276,0.02076232884833317,97,49849,0.03038493813716965,0.03237384477907581,245,49783,0.010561782746370868,0.012565144835688023,33,49849,0.07103420771248821,0.07293644542641677,1319,49783,0.04631715607402685,0.04827794224203548,562,49849,0.88982,0.9720965340866886,0.29124,0.3937657529371765,0.29985,False,/data/suehara/part/march/datasets/20250711_ilc_nnqq_sgv_10m_3cat_parquet,val50k_tail,150000,proxy
51,51,6240000,,lr_9e-6,1.04976e-05,validation_total_reference_mistag_geomean_percent,0.408750317216391,min,0.9989722765147939,0.9989722765147939,0.565760956138869,0.295313453520625,0.408750317216391,,0.17862159814653927,0.07017965889875848,3.1850841095900564,0.19048763975420305,0.5079709175488233,0.06817452879100562,2.6924468230865317,1.098812936302433,0.017943264744976588,0.019943039100118173,89,49826,0.01089929202554113,0.012901570626791136,35,49872,0.07773426209630487,0.07961336041277384,1587,49826,0.018551601242860084,0.020549055270154274,95,49872,0.030876141703142963,0.03286349404609881,253,49806,0.010729354602427197,0.012731713613243144,34,49872,0.07158372367606705,0.0734833583983685,1341,49806,0.045709679848053054,0.04767070834198039,548,49872,0.88939,0.9719361892120216,0.29198,0.3937657529371765,0.29832,False,/data/suehara/part/march/datasets/20250711_ilc_nnqq_sgv_10m_3cat_parquet,val50k_tail,150000,proxy
52,52,6360000,,lr_14e-6,1.2597119999999998e-05,validation_total_reference_mistag_geomean_percent,0.42664573820438856,min,1.0258474508259627,1.0258474508259627,0.5733431089572237,0.3174828180267679,0.42664573820438856,,0.18436504729474337,0.07825824954866809,3.310554830874955,0.2127019160633632,0.5163960635516381,0.06822514029793865,2.7005304348453145,1.135747924131082,0.01823112519774657,0.0202276638117186,92,49901,0.011564588517103092,0.01356802947335029,39,49835,0.07916033289628518,0.08103157834140964,1652,49901,0.019662389965447107,0.0216604354780756,106,49835,0.031149416743685415,0.03313794791458277,257,49768,0.010737318517187134,0.0127411621184805,34,49835,0.07171665901242845,0.07361741930653302,1344,49768,0.046496324602965204,0.048457326771345934,566,49835,0.88895,0.9717482209362664,0.29341,0.3937657529371765,0.29874,False,/data/suehara/part/march/datasets/20250711_ilc_nnqq_sgv_10m_3cat_parquet,val50k_tail,150000,proxy
52,52,6360000,,lr_3e-6,8.39808e-06,validation_total_reference_mistag_geomean_percent,0.4264947317033338,min,1.0263494895899314,1.0263494895899314,0.5728506502733163,0.317530853956284,0.4264947317033338,,0.18436504729474337,0.07825824954866809,3.3125588659227065,0.2127019160633632,0.5143867545410705,0.06822514029793865,2.706558560158422,1.1337413828925387,0.01823112519774657,0.0202276638117186,92,49901,0.011564588517103092,0.01356802947335029,39,49835,0.07918377755901165,0.0810549426880032,1653,49901,0.019662389965447107,0.0216604354780756,106,49835,0.031087163940925547,0.03307577585779965,256,49768,0.010737318517187134,0.0127411621184805,34,49835,0.07179556796915107,0.07369608602532524,1347,49768,0.04645482505328622,0.048415907750676106,565,49835,0.889,0.9717307972842942,0.29349,0.3937657529371765,0.29877,False,/data/suehara/part/march/datasets/20250711_ilc_nnqq_sgv_10m_3cat_parquet,val50k_tail,150000,proxy
52,52,6360000,,lr_6e-6,9.447839999999999e-06,validation_total_reference_mistag_geomean_percent,0.4196750163401144,min,1.0206167772760453,1.0206167772760453,0.5619920616809329,0.3133978775665879,0.4196750163401144,,0.18481317163835229,0.07809527604611397,3.2723986238509206,0.20424917826294575,0.5081851966557915,0.06407817537395623,2.731746560228757,1.1213680361515257,0.018275404461704902,0.020276777950466347,92,49780,0.011540512171177549,0.013539787490511275,39,49939,0.07880690999797421,0.08068423674698968,1629,49780,0.019230296326923725,0.021224519427284025,102,49939,0.030889135429639728,0.03287731744079378,253,49785,0.01036792846313701,0.012367765140134452,32,49939,0.07211210973235675,0.0740109669809811,1360,49785,0.04615095749419904,0.048108451764561876,560,49939,0.88923,0.9718408966665221,0.29266,0.3937657529371765,0.29877,False,/data/suehara/part/march/datasets/20250711_ilc_nnqq_sgv_10m_3cat_parquet,val50k_tail,150000,proxy
52,52,6360000,,lr_9e-6,1.04976e-05,validation_total_reference_mistag_geomean_percent,0.4135514479807307,min,1.008551071339979,1.008551071339979,0.5692486324294188,0.30043954501403985,0.4135514479807307,,0.17276362111031418,0.07209227952584542,3.23429549503466,0.20225889508918513,0.5101528481328464,0.068087149223809,2.681315106996792,1.1274431756063796,0.017639238444541412,0.0196411362502795,86,49779,0.011052651398058694,0.013052287248105105,36,49936,0.07835697947190384,0.08023587478783456,1610,49779,0.01913245195758681,0.021126874574428807,101,49936,0.030949258572696235,0.03293720182053683,254,49789,0.01071560703699609,0.012715403294218022,34,49936,0.07144960754041918,0.07335033800236132,1335,49789,0.046278422968258105,0.04823579152755438,563,49936,0.88919,0.971800991727579,0.29273,0.3937657529371765,0.29976,False,/data/suehara/part/march/datasets/20250711_ilc_nnqq_sgv_10m_3cat_parquet,val50k_tail,150000,proxy
53,53,6480000,,lr_14e-6,1.2597119999999998e-05,validation_total_reference_mistag_geomean_percent,0.4157754085110845,min,1.0210865018617346,1.0210865018617346,0.5715815804323771,0.30244009996226795,0.4157754085110845,,0.18055612034444518,0.07007568207881153,3.2700718272155043,0.20221839154301557,0.5270357112211658,0.06406919473030874,2.6713871934955047,1.1832778942651214,0.01804170571907998,0.020040600091346027,90,49846,0.010883148012841607,0.012882464260794986,35,49946,0.07872791370429622,0.08060284813079244,1630,49846,0.01912862466918685,0.021122649599778595,101,49946,0.03149420689311944,0.03348455003371522,262,49712,0.010366475739862576,0.012366032502241496,32,49946,0.07137344375670006,0.07327751765325748,1328,49712,0.04741673761921913,0.04937147852697426,591,49946,0.88901,0.9717897138317516,0.29293,0.3937657529371765,0.29952,False,/data/suehara/part/march/datasets/20250711_ilc_nnqq_sgv_10m_3cat_parquet,val50k_tail,150000,proxy
53,53,6480000,,lr_3e-6,8.39808e-06,validation_total_reference_mistag_geomean_percent,0.42741240763198296,min,1.0168656856914162,1.0168656856914162,0.5716874686640301,0.3195476133571274,0.42741240763198296,,0.1825110237371271,0.08226489557469692,3.265142421199312,0.21268483842949173,0.5039654520363093,0.0702261277885782,2.700532104050592,1.1175986227152228,0.018141662722524852,0.02013991742937447,91,49860,0.011879640114104,0.013882759500421983,41,49839,0.07865886932033536,0.08053347502825423,1628,49860,0.019660813345018215,0.02165869918590098,106,49839,0.03075122491866698,0.03273877800603334,251,49805,0.010906506834746223,0.012910109317565942,35,49839,0.07169038500125582,0.07358973318922143,1345,49805,0.04611777119504397,0.04807934428221437,557,49839,0.88908,0.9717791907170895,0.29302,0.3937657529371765,0.29968,False,/data/suehara/part/march/datasets/20250711_ilc_nnqq_sgv_10m_3cat_parquet,val50k_tail,150000,proxy
53,53,6480000,,lr_6e-6,9.447839999999999e-06,validation_total_reference_mistag_geomean_percent,0.4221258760854926,min,1.0247363874485491,1.0247363874485491,0.5787903860511379,0.3078666466398442,0.4221258760854926,,0.18488003165889996,0.0721370604147881,3.2956873783850638,0.20438833634206505,0.5096614899246279,0.07013325146554696,2.696791593265757,1.1642119581316437,0.018282009844510404,0.020284104572362915,92,49762,0.011059515162833305,0.013060391327606488,36,49905,0.0790950955858287,0.08097216539784333,1640,49762,0.01924338626961102,0.021238962419258683,102,49905,0.030919519572816367,0.032905567909568334,254,49837,0.01089208675542207,0.012893043223454739,35,49905,0.07161868727277206,0.073516966034343,1344,49837,0.04704860778865054,0.04900571867700841,581,49905,0.88897,0.9717158615275326,0.2933,0.3937657529371765,0.29928,False,/data/suehara/part/march/datasets/20250711_ilc_nnqq_sgv_10m_3cat_parquet,val50k_tail,150000,proxy
53,53,6480000,,lr_9e-6,1.04976e-05,validation_total_reference_mistag_geomean_percent,0.4274382632119665,min,1.0171160957706151,1.0171160957706151,0.5715811709775538,0.319645709366513,0.4274382632119665,,0.1825110237371271,0.08226489557469692,3.2691536539255717,0.21268483842949173,0.5039654520363093,0.0702261277885782,2.6985241519579235,1.1175986227152228,0.018141662722524852,0.02013991742937447,91,49860,0.011879640114104,0.013882759500421983,41,49839,0.0787061679582958,0.08058061276966441,1630,49860,0.019660813345018215,0.02165869918590098,106,49839,0.03075122491866698,0.03273877800603334,251,49805,0.010906506834746223,0.012910109317565942,35,49839,0.07166409014620276,0.07356351896021934,1344,49805,0.04611777119504397,0.04807934428221437,557,49839,0.88913,0.971788943056258,0.29297,0.3937657529371765,0.29966,False,/data/suehara/part/march/datasets/20250711_ilc_nnqq_sgv_10m_3cat_parquet,val50k_tail,150000,proxy
54,54,6600000,,lr_14e-6,1.2597119999999998e-05,validation_total_reference_mistag_geomean_percent,0.40811494322070707,min,1.005366930177194,1.005366930177194,0.5435715765524379,0.3064137531554196,0.40811494322070707,,0.18661582721816442,0.07423011626001998,3.236681135038625,0.19660949423215615,0.49173089108591445,0.05818035954070186,2.6453115560126133,1.1535760620293565,0.0183591775257567,0.020358269915505253,93,49835,0.01123815283473401,0.01324135348821266,37,49845,0.07834175112509806,0.08021843942080942,1613,49835,0.018866821493876397,0.02086511184859227,98,49845,0.03035999058477847,0.03234727685100065,245,49824,0.00984501995488245,0.011848864581969333,29,49845,0.0709499517608101,0.0728507922426385,1318,49824,0.046858776802959946,0.04881867023128431,575,49845,0.88895,0.9718285051629157,0.2926,0.3937657529371765,0.29899,False,/data/suehara/part/march/datasets/20250711_ilc_nnqq_sgv_10m_3cat_parquet,val50k_tail,150000,proxy
54,54,6600000,,lr_3e-6,8.39808e-06,validation_total_reference_mistag_geomean_percent,0.40884952938119934,min,0.9941653258764495,0.9941653258764495,0.546565432665331,0.3058333507482921,0.40884952938119934,,0.1846685017798464,0.0762088125184138,3.195567865955446,0.19453300976072702,0.48572918522664643,0.06217034614129486,2.631367623770963,1.1230772618582578,0.018261109160575516,0.020260921745883835,92,49819,0.01139715798706139,0.013399556157599461,38,49863,0.0778649628209057,0.07974390429196163,1592,49819,0.018758853736605553,0.020756506030024595,97,49863,0.030169665464706633,0.032157272425510294,242,49822,0.010205895172963546,0.012208856413668258,31,49863,0.07076649554882512,0.07266797206895055,1311,49822,0.04622092478521779,0.04818133400904222,560,49863,0.88939,0.9718883253677056,0.29213,0.3937657529371765,0.29879,False,/data/suehara/part/march/datasets/20250711_ilc_nnqq_sgv_10m_3cat_parquet,val50k_tail,150000,proxy
54,54,6600000,,lr_6e-6,9.447839999999999e-06,validation_total_reference_mistag_geomean_percent,0.4113841838334686,min,1.0005120767312812,1.0005120767312812,0.5602206982432104,0.30208977861588704,0.4113841838334686,,0.18873986534083362,0.07217465985753257,3.176451721039479,0.19246575962008688,0.5058108119685198,0.0641552557188396,2.6655427373610063,1.138755802943952,0.018474028014235276,0.02047427940023061,94,49804,0.011065278445492845,0.013067196061263345,36,49879,0.0776478614083656,0.07952813641326079,1582,49804,0.018651186776501856,0.02064828117236562,96,49879,0.030804182637143938,0.032791023358003185,252,49821,0.010380397098853704,0.012382636262617968,32,49879,0.07121934280359954,0.07311948560627043,1328,49821,0.04653834323077484,0.048497494963372495,568,49879,0.88935,0.9718735640367901,0.29216,0.3937657529371765,0.2991,False,/data/suehara/part/march/datasets/20250711_ilc_nnqq_sgv_10m_3cat_parquet,val50k_tail,150000,proxy
54,54,6600000,,lr_9e-6,1.04976e-05,validation_total_reference_mistag_geomean_percent,0.4132650991320436,min,1.0016654995939975,1.0016654995939975,0.5599743232961419,0.3049926310108629,0.4132650991320436,,0.18873986534083362,0.07412750201810134,3.1824752138507795,0.1943342504034298,0.5061663927789729,0.06411026966382177,2.6674166605275165,1.1359538421685251,0.018474028014235276,0.02047427940023061,94,49804,0.011222621952121977,0.013223057592739052,37,49914,0.07772000292426556,0.07960003604129545,1585,49804,0.018739702743739584,0.020735321926152926,97,49914,0.0308257881530348,0.032814011328074,252,49786,0.01037312008596125,0.012373957098095315,32,49914,0.07126875220014005,0.07317015551655572,1328,49786,0.04646452717410269,0.048422417433919944,567,49914,0.88931,0.9718384316259989,0.29238,0.3937657529371765,0.2991,False,/data/suehara/part/march/datasets/20250711_ilc_nnqq_sgv_10m_3cat_parquet,val50k_tail,150000,proxy
55,55,6720000,,lr_14e-6,1.2597119999999998e-05,validation_total_reference_mistag_geomean_percent,0.4106594442804214,min,1.0092983230461687,1.0092983230461687,0.555178302964827,0.3037603924290765,0.4106594442804214,,0.1846425497621476,0.07040978200901145,3.255328463826686,0.20117081562032937,0.5103163944514617,0.06236295299544671,2.6736576024386682,1.1164980232655999,0.018258545704222813,0.020258078385054647,92,49826,0.01093502198304567,0.012943856833782,35,49709,0.07856948999686933,0.08044576877972512,1622,49826,0.01911980058231953,0.021123374478350995,100,49709,0.03090028195993997,0.03288105776957911,255,49969,0.010237505839930766,0.01224666444172587,31,49709,0.07122192803436546,0.07311611824177937,1336,49969,0.0461538005965767,0.04812054780967377,555,49709,0.88936,0.9717561679550264,0.2928,0.3937657529371765,0.29972,False,/data/suehara/part/march/datasets/20250711_ilc_nnqq_sgv_10m_3cat_parquet,val50k_tail,150000,proxy
55,55,6720000,,lr_3e-6,8.39808e-06,validation_total_reference_mistag_geomean_percent,0.4208708182370202,min,1.0341000823437574,1.0341000823437574,0.5779485699781944,0.3064844431576013,0.4208708182370202,,0.18287414443775857,0.07219203009505254,3.2997728120819136,0.20253875605799057,0.5192878397060116,0.0661760280731119,2.7488171636653735,1.1811418846328459,0.018177727522996484,0.02017994310362502,91,49761,0.01106794044851019,0.013070339099717304,36,49867,0.07914385517558548,0.0810207985092723,1642,49761,0.019158902047350206,0.021156073028617394,101,49867,0.031205997103364407,0.03319010649912475,259,49876,0.010557971332511996,0.012560611260793253,33,49867,0.07226874084982557,0.07416344914959044,1371,49876,0.047410285119861215,0.04936820836373354,589,49867,0.88881,0.9716242961903255,0.29361,0.3937657529371765,0.29964,False,/data/suehara/part/march/datasets/20250711_ilc_nnqq_sgv_10m_3cat_parquet,val50k_tail,150000,proxy
55,55,6720000,,lr_6e-6,9.447839999999999e-06,validation_total_reference_mistag_geomean_percent,0.42210894685974404,min,1.0328446763562338,1.0328446763562338,0.5777376666374917,0.3084028847487987,0.42210894685974404,,0.18287414443775857,0.07419736735205337,3.291734393208588,0.20253875605799057,0.5192878397060116,0.0661760280731119,2.7448069973815103,1.1811418846328459,0.018177727522996484,0.02017994310362502,91,49761,0.01123319629329143,0.013235514518807154,37,49867,0.07904943097725783,0.08092669738572825,1638,49761,0.019158902047350206,0.021156073028617394,101,49867,0.031205997103364407,0.03319010649912475,259,49876,0.010557971332511996,0.012560611260793253,33,49867,0.07221675561175367,0.07411162470485622,1369,49876,0.047410285119861215,0.04936820836373354,589,49867,0.88885,0.9716309926640149,0.29357,0.3937657529371765,0.29963,False,/data/suehara/part/march/datasets/20250711_ilc_nnqq_sgv_10m_3cat_parquet,val50k_tail,150000,proxy
55,55,6720000,,lr_9e-6,1.04976e-05,validation_total_reference_mistag_geomean_percent,0.4133865393383903,min,1.0112066399139978,1.0112066399139978,0.5629018262621089,0.3035847867841136,0.4133865393383903,,0.18671699577094666,0.07036307587651074,3.2484741178112158,0.199026973840052,0.5184769928207835,0.06433195287684451,2.6784642357323176,1.1237987745833125,0.018369121740130088,0.020369293717352945,93,49808,0.010927769410719997,0.012935273458587662,35,49742,0.0785024426209556,0.08037967468179988,1618,49808,0.01900674625672212,0.021009077158388186,99,49742,0.03115738654967332,0.03313843040919319,259,49954,0.010408979876466587,0.012416726415562457,32,49742,0.07129563083694765,0.0731901973793532,1338,49954,0.046290953241569406,0.048256102154911086,559,49742,0.88951,0.9717294515375275,0.29281,0.3937657529371765,0.29974,False,/data/suehara/part/march/datasets/20250711_ilc_nnqq_sgv_10m_3cat_parquet,val50k_tail,150000,proxy
56,56,6840000,,lr_14e-6,1.2597119999999998e-05,validation_total_reference_mistag_geomean_percent,0.40829421961865753,min,0.9946540517458302,0.9946540517458302,0.5466258348306224,0.30496943091916523,0.40829421961865753,,0.1789448218879749,0.07814378743058324,3.182805197968276,0.19435762633631248,0.5054151513183781,0.06011060439260883,2.6474127071043174,1.1100425175281905,0.01797570926673523,0.019979089252311556,89,49736,0.011547678280355255,0.013548193466611676,39,49908,0.07777643037407793,0.07965902059015317,1583,49736,0.018741953771932662,0.020737811929057895,97,49908,0.03078014356721996,0.03276544610176773,252,49860,0.010016152360380363,0.012017390189088175,30,49908,0.07095247368643226,0.07285185746310277,1320,49860,0.04592887822077816,0.04788804220009404,554,49908,0.88957,0.9719146309618797,0.2917,0.3937657529371765,0.30036,False,/data/suehara/part/march/datasets/20250711_ilc_nnqq_sgv_10m_3cat_parquet,val50k_tail,150000,proxy
56,56,6840000,,lr_3e-6,8.39808e-06,validation_total_reference_mistag_geomean_percent,0.4112195843906648,min,1.0092986383704963,1.0092986383704963,0.5513130592916675,0.3067250879268023,0.4112195843906648,,0.18244151827332644,0.07608216948603486,3.2498647150089166,0.1962119031069599,0.5153082791521568,0.06006486888525411,2.681213361963599,1.113202291087723,0.01813475755680471,0.020132253887660725,91,49879,0.0113782238860019,0.013377299619529758,38,49946,0.07846365518972553,0.08033815941295985,1621,49879,0.01882870150257893,0.02082296694759624,98,49946,0.031142725363874323,0.03313486271173446,256,49679,0.010008533589315572,0.012008250694644845,30,49946,0.07152628645075779,0.07343122955100062,1332,49679,0.04597774177689841,0.04793528868628494,556,49946,0.88921,0.9718145303674478,0.29255,0.3937657529371765,0.30039,False,/data/suehara/part/march/datasets/20250711_ilc_nnqq_sgv_10m_3cat_parquet,val50k_tail,150000,proxy
56,56,6840000,,lr_6e-6,9.447839999999999e-06,validation_total_reference_mistag_geomean_percent,0.4114900719296375,min,1.0115520921007466,1.0115520921007466,0.5511059983108784,0.3072441233004738,0.4114900719296375,,0.18244151827332644,0.07608216948603486,3.2719180937093046,0.1962119031069599,0.5153082791521568,0.06006486888525411,2.6771876131052124,1.113202291087723,0.01813475755680471,0.020132253887660725,91,49879,0.0113782238860019,0.013377299619529758,38,49946,0.07872392460356939,0.0805975445698208,1632,49879,0.01882870150257893,0.02082296694759624,98,49946,0.031142725363874323,0.03313486271173446,256,49679,0.010008533589315572,0.012008250694644845,30,49946,0.07147327969853484,0.07337838486986964,1330,49679,0.04597774177689841,0.04793528868628494,556,49946,0.88921,0.9718174713445652,0.29253,0.3937657529371765,0.29961,False,/data/suehara/part/march/datasets/20250711_ilc_nnqq_sgv_10m_3cat_parquet,val50k_tail,150000,proxy
56,56,6840000,,lr_9e-6,1.04976e-05,validation_total_reference_mistag_geomean_percent,0.4092355203583777,min,1.0093609046262075,1.0093609046262075,0.5627781657191525,0.29758388175735984,0.4092355203583777,,0.18629808512312457,0.06805308206859438,3.2191506454535563,0.1921498844156991,0.5158898091610745,0.06404995896799504,2.708421498095641,1.1208742737239763,0.018327941847086686,0.020323643132040006,93,49920,0.010710246458054068,0.01270904342048939,34,49961,0.07806784809301151,0.07994204329579077,1607,49920,0.018620600206852977,0.02061442952205638,96,49961,0.031177787272585432,0.03317214928253379,256,49623,0.010363364131861171,0.012362321340981402,32,49961,0.07192341741523584,0.07382941364697457,1344,49623,0.04613074331980688,0.0480873954041134,560,49961,0.8892,0.971768976102334,0.29286,0.3937657529371765,0.30038,False,/data/suehara/part/march/datasets/20250711_ilc_nnqq_sgv_10m_3cat_parquet,val50k_tail,150000,proxy
57,57,6960000,,lr_14e-6,1.2597119999999998e-05,validation_total_reference_mistag_geomean_percent,0.40934089004002816,min,0.9993297554495248,0.9993297554495248,0.5630331809554499,0.2976022904625592,0.40934089004002816,,0.180675725448767,0.0701430937950676,3.119667421441549,0.19840474543850126,0.5181451201649817,0.062126738090675156,2.681099833494929,1.164375365721728,0.018053648723008183,0.020053862489129375,90,49813,0.010893614349881939,0.012894851124490344,35,49898,0.07695718821621733,0.07883940335426456,1554,49813,0.018947374728046897,0.020943470651986006,99,49898,0.031195913357597634,0.033183375898433995,258,49793,0.010198738135979987,0.012200296213755232,31,49898,0.07144394369893482,0.07334453012489105,1335,49793,0.04705517152912824,0.0490125504214645,581,49898,0.88961,0.9719532334004573,0.29188,0.3937657529371765,0.29864,False,/data/suehara/part/march/datasets/20250711_ilc_nnqq_sgv_10m_3cat_parquet,val50k_tail,150000,proxy
57,57,6960000,,lr_3e-6,8.39808e-06,validation_total_reference_mistag_geomean_percent,0.39751377186399905,min,0.9932217573284503,0.9932217573284503,0.5368377341341866,0.2943481591814593,0.39751377186399905,,0.18251834318261015,0.06816495886762293,3.134903116839491,0.19246575962008688,0.5103783525314489,0.0541309972777236,2.6825004157126595,1.1207121145959602,0.018142389887985663,0.02014072445738653,91,49858,0.010727849244602138,0.01272992763436951,34,49879,0.07710690779500796,0.07898681300269952,1563,49858,0.018651186776501856,0.02064828117236562,96,49879,0.03096290807459842,0.03295172103219461,254,49767,0.009461296066940968,0.011463937165697467,27,49879,0.0714807747232496,0.07338229777211144,1335,49767,0.046164484524091436,0.04812435973967511,559,49879,0.88958,0.971928409248465,0.29184,0.3937657529371765,0.29935,False,/data/suehara/part/march/datasets/20250711_ilc_nnqq_sgv_10m_3cat_parquet,val50k_tail,150000,proxy
57,57,6960000,,lr_6e-6,9.447839999999999e-06,validation_total_reference_mistag_geomean_percent,0.4208397446295468,min,1.0176654550936366,1.0176654550936366,0.5576775567987468,0.3175779417707063,0.4208397446295468,,0.18878155471473407,0.08007366933973141,3.2635109832761,0.2061896927554602,0.5165102237672413,0.062057094193230126,2.7111764148005593,1.1130240079020357,0.01847810589421326,0.02047879748132656,94,49793,0.011695655547768314,0.013694251337267881,40,49954,0.07869188800670446,0.08056908160692655,1625,49793,0.019323004553119142,0.021316551157282183,103,49954,0.031156286809693595,0.03314525299644693,257,49757,0.010187307732358323,0.012186624834048835,31,49954,0.0718637922998696,0.0737645448897279,1349,49757,0.04597041744405991,0.0479276580012785,556,49954,0.88915,0.9717895702056335,0.2928,0.3937657529371765,0.299,False,/data/suehara/part/march/datasets/20250711_ilc_nnqq_sgv_10m_3cat_parquet,val50k_tail,150000,proxy
57,57,6960000,,lr_9e-6,1.04976e-05,validation_total_reference_mistag_geomean_percent,0.39762762640993565,min,0.9932215372656008,0.9932215372656008,0.5373172691841547,0.29425395078863753,0.39762762640993565,,0.18251834318261015,0.06816495886762293,3.130891643767678,0.19246575962008688,0.5103783525314489,0.0541309972777236,2.6825004157126595,1.124721827164977,0.018142389887985663,0.02014072445738653,91,49858,0.010727849244602138,0.01272992763436951,34,49879,0.07705850032032613,0.07893856643747532,1561,49858,0.018651186776501856,0.02064828117236562,96,49879,0.03096290807459842,0.03295172103219461,254,49767,0.009461296066940968,0.011463937165697467,27,49879,0.0714807747232496,0.07338229777211144,1335,49767,0.04624783144545619,0.04820754588704297,561,49879,0.88956,0.9719375321005556,0.29179,0.3937657529371765,0.29933,False,/data/suehara/part/march/datasets/20250711_ilc_nnqq_sgv_10m_3cat_parquet,val50k_tail,150000,proxy
58,58,7080000,,lr_14e-6,1.2597119999999998e-05,validation_total_reference_mistag_geomean_percent,0.4068814045272444,min,1.0072380691009681,1.0072380691009681,0.5591870570467073,0.29605920820916815,0.4068814045272444,,0.1726387587711585,0.07010375304104552,3.2339657197955924,0.19629051187447374,0.5224765528920611,0.062091896613353945,2.6726683710011647,1.1276689888188942,0.017626500391240564,0.01962695651925466,86,49815,0.010887506541507313,0.012887622560753178,35,49926,0.07832508319803935,0.08020263395791469,1611,49815,0.01883623777934333,0.020831298948251677,98,49926,0.03133858274309885,0.033327069338276366,260,49763,0.010193019729670499,0.012193456691794951,31,49926,0.07135422266740798,0.07325629370476608,1330,49763,0.04628764275524111,0.04824539431451565,563,49926,0.88929,0.9718932143062565,0.29219,0.3937657529371765,0.29943,False,/data/suehara/part/march/datasets/20250711_ilc_nnqq_sgv_10m_3cat_parquet,val50k_tail,150000,proxy
58,58,7080000,,lr_3e-6,8.39808e-06,validation_total_reference_mistag_geomean_percent,0.4110693885730793,min,1.0074644275199967,1.0074644275199967,0.5620429179961624,0.30064971341387675,0.4110693885730793,,0.18479090960460454,0.07011499132463926,3.1796087020780366,0.1983252507481682,0.5220883374167956,0.06210184733285756,2.7048193007281047,1.1378660809267664,0.018273203728000127,0.020274336919191623,92,49786,0.010889250930622272,0.012889687037572286,35,49918,0.07769955492781776,0.07958038290599156,1583,49786,0.01893978980797941,0.020935089182830054,99,49918,0.03131535470738203,0.03330237953204779,260,49800,0.010194652905593784,0.012195410058300011,31,49918,0.0717500499089873,0.07364941661740267,1347,49800,0.04650218015212933,0.048459836912064305,568,49918,0.88935,0.9718631573404558,0.29252,0.3937657529371765,0.29994,False,/data/suehara/part/march/datasets/20250711_ilc_nnqq_sgv_10m_3cat_parquet,val50k_tail,150000,proxy
58,58,7080000,,lr_6e-6,9.447839999999999e-06,validation_total_reference_mistag_geomean_percent,0.4103642826363359,min,0.9889289721164682,0.9889289721164682,0.5451350569491493,0.30891215363414604,0.4103642826363359,,0.18037517243201528,0.08029065373469643,3.132515550610015,0.20072662941838407,0.5021189271621087,0.060217990301022324,2.6552049132797215,1.0999819399937831,0.018023640336437583,0.020020538940346604,90,49896,0.011727338530105288,0.013731341314041025,40,49819,0.07704909866577923,0.07892766789308753,1563,49896,0.01907762069726124,0.021076788636626875,100,49819,0.030698106393803846,0.0326863723531556,250,49789,0.010034041802139189,0.012038850393503284,30,49819,0.07110544206257868,0.07300722133693274,1322,49789,0.045758054534042816,0.047721122300618465,548,49819,0.88975,0.9719553998289169,0.29176,0.3937657529371765,0.2994,False,/data/suehara/part/march/datasets/20250711_ilc_nnqq_sgv_10m_3cat_parquet,val50k_tail,150000,proxy
58,58,7080000,,lr_9e-6,1.04976e-05,validation_total_reference_mistag_geomean_percent,0.4109349604038893,min,1.0072127058574423,1.0072127058574423,0.5618529272301643,0.30055470657531896,0.4109349604038893,,0.18479090960460454,0.07011499132463926,3.175591516670087,0.1983252507481682,0.5200803007285616,0.06210184733285756,2.706827412079531,1.1398694183710891,0.018273203728000127,0.020274336919191623,92,49786,0.010889250930622272,0.012889687037572286,35,49918,0.07765141895814502,0.07953240831151953,1581,49786,0.01893978980797941,0.020935089182830054,99,49918,0.03125350735000056,0.03324061281690764,259,49800,0.010194652905593784,0.012195410058300011,31,49918,0.07177631552618483,0.07367560159235939,1348,49800,0.04654349870596049,0.048501075204456304,569,49918,0.88931,0.9718728418488912,0.29248,0.3937657529371765,0.29991,False,/data/suehara/part/march/datasets/20250711_ilc_nnqq_sgv_10m_3cat_parquet,val50k_tail,150000,proxy
59,59,7200000,,lr_14e-6,1.2597119999999998e-05,validation_total_reference_mistag_geomean_percent,0.40933195730386684,min,1.0016802227947903,1.0016802227947903,0.5482503838960796,0.30561337701128566,0.40933195730386684,,0.19274786170340924,0.07011358109138054,3.190378625008443,0.20232776962839621,0.512264216277802,0.05809411175188141,2.63564957756754,1.151866039329469,0.01867850095366877,0.0206785110782816,96,49806,0.010889032851414866,0.012889428941799234,35,49919,0.07781299959774245,0.07969263986239497,1589,49806,0.019138961863944776,0.02113406091158146,101,49919,0.031017948033079494,0.03300620579893745,255,49779,0.009830428880664158,0.01183130652038923,29,49919,0.0708534962779929,0.0727564432618781,1312,49779,0.046789693430688076,0.04874675008040945,575,49919,0.88931,0.9719679316206461,0.29196,0.3937657529371765,0.29894,False,/data/suehara/part/march/datasets/20250711_ilc_nnqq_sgv_10m_3cat_parquet,val50k_tail,150000,proxy
59,59,7200000,,lr_3e-6,8.39808e-06,validation_total_reference_mistag_geomean_percent,0.412948101330282,min,0.9922813505216211,0.9922813505216211,0.56134814525661,0.303779634498181,0.412948101330282,,0.17629264234307382,0.076332812179258,3.119177808032254,0.2028845793664872,0.5180202860715177,0.06428026194206742,2.6603753919741595,1.120887022264152,0.017804497918484173,0.019800720016893942,88,49917,0.011415696699316222,0.013421347913141986,38,49782,0.07687202726311543,0.07875034058355233,1557,49917,0.019191586199460153,0.02119215327750874,101,49782,0.031188414842228934,0.0331754035472409,258,49805,0.0104006182830863,0.012406753700319425,32,49782,0.07116245853144264,0.07306341924042149,1325,49805,0.0462121452954831,0.04817583221400513,558,49782,0.88966,0.9720110871746437,0.29164,0.3937657529371765,0.29989,False,/data/suehara/part/march/datasets/20250711_ilc_nnqq_sgv_10m_3cat_parquet,val50k_tail,150000,proxy
59,59,7200000,,lr_6e-6,9.447839999999999e-06,validation_total_reference_mistag_geomean_percent,0.4189373847526566,min,1.0019322830200272,1.0019322830200272,0.5666293774405544,0.3097413218074953,0.4189373847526566,,0.19274398425014366,0.076305217890891,3.180275845352196,0.196787147147277,0.49702385579512937,0.06827309002655334,2.6634868691105265,1.1405622545875016,0.01867812624641845,0.02067809637202843,96,49807,0.01141157177535193,0.013416499177577455,38,49800,0.07769135831397767,0.07957136651085966,1584,49807,0.018883855399119666,0.020883944266869528,98,49800,0.03050574538361944,0.03248991212901316,248,49897,0.010744862838909835,0.012750112810100411,34,49800,0.07113870853738026,0.07303603962148068,1329,49897,0.04661176927072061,0.04857395628507788,568,49800,0.88923,0.9719492480277775,0.29212,0.3937657529371765,0.29938,False,/data/suehara/part/march/datasets/20250711_ilc_nnqq_sgv_10m_3cat_parquet,val50k_tail,150000,proxy
59,59,7200000,,lr_9e-6,1.04976e-05,validation_total_reference_mistag_geomean_percent,0.40158108586041136,min,0.9881698575936986,0.9881698575936986,0.5393318009196062,0.2990132757717098,0.40158108586041136,,0.18062495307709006,0.07010234925876949,3.1207979425476697,0.20229535591153974,0.49246232666206785,0.05808480253542432,2.675376936733006,1.1056141940240216,0.018048580063519483,0.02004823387413326,90,49827,0.010887288532163412,0.012887364547648493,35,49927,0.07696018267489696,0.07884182360124621,1555,49827,0.01913589782684853,0.02113067849696497,101,49927,0.030405047674440192,0.03239526044155798,245,49750,0.009828854057407821,0.011829411467926414,29,49927,0.0713990947173445,0.07330155388864008,1331,49750,0.04582768093477976,0.047786276744877024,552,49927,0.88966,0.9719408673979496,0.29177,0.3937657529371765,0.29816,False,/data/suehara/part/march/datasets/20250711_ilc_nnqq_sgv_10m_3cat_parquet,val50k_tail,150000,proxy
60,60,7320000,,lr_14e-6,1.2597119999999998e-05,validation_total_reference_mistag_geomean_percent,0.40850597533559924,min,1.0165735079320861,1.0165735079320861,0.5530645921495465,0.3017317222140417,0.40850597533559924,,0.18272725559253697,0.07016981231630962,3.25696265471082,0.19848032444458308,0.5198298147495523,0.05814069850314671,2.6995023183916262,1.146775184748114,0.018163138636706315,0.020163751975348476,91,49801,0.010897762838435172,0.012899760841204118,35,49879,0.078608292004477,0.08048544702991406,1622,49801,0.018954586031351504,0.02095143926621997,99,49879,0.03123848849313649,0.0332246468553685,259,49824,0.009838310572772596,0.011840790897532205,29,49879,0.07166341049674729,0.07356207573516599,1345,49824,0.046703519654824575,0.048662349839428444,572,49879,0.88901,0.9717408138808509,0.2931,0.3937657529371765,0.29794,False,/data/suehara/part/march/datasets/20250711_ilc_nnqq_sgv_10m_3cat_parquet,val50k_tail,150000,proxy
60,60,7320000,,lr_3e-6,8.39808e-06,validation_total_reference_mistag_geomean_percent,0.41390422259787363,min,1.0193326446922721,1.0193326446922721,0.5631869376802178,0.30419154639844503,0.41390422259787363,,0.18272725559253697,0.07217465985753257,3.27101867892367,0.19848032444458308,0.5218368696030501,0.062150403977625855,2.69548802097295,1.1507849441662275,0.018163138636706315,0.020163751975348476,91,49801,0.011065278445492845,0.013067196061263345,36,49879,0.07877422028157235,0.0806508108339897,1629,49801,0.018954586031351504,0.02095143926621997,99,49879,0.03130030627563479,0.03328638407329616,260,49824,0.010202622138627668,0.012204941689390379,31,49879,0.07161082939992,0.07350965576747998,1343,49824,0.04678588396398956,0.04874455337459654,574,49879,0.88908,0.9717213861322177,0.29321,0.3937657529371765,0.29798,False,/data/suehara/part/march/datasets/20250711_ilc_nnqq_sgv_10m_3cat_parquet,val50k_tail,150000,proxy
60,60,7320000,,lr_6e-6,9.447839999999999e-06,validation_total_reference_mistag_geomean_percent,0.4148676929104477,min,1.0156523047641435,1.0156523047641435,0.5611350040365339,0.30672690419012183,0.4148676929104477,,0.17686665351105785,0.07616299177752076,3.2459048688511123,0.20243320161501763,0.5174903706883272,0.062132962719918985,2.7037868011959025,1.1404405877542896,0.017862424837999047,0.019865123340830203,88,49755,0.0113903070684154,0.013391503084417484,38,49893,0.07851331804671832,0.08039265300394324,1615,49755,0.019148926764621658,0.021145061241429914,101,49893,0.031156586326711727,0.03314156374724358,258,49856,0.01019975995520436,0.01220151836445018,31,49893,0.07169676933530475,0.07359404406477935,1348,49856,0.04656669405745679,0.04852522852882551,569,49893,0.88905,0.9717917953549673,0.29277,0.3937657529371765,0.29878,False,/data/suehara/part/march/datasets/20250711_ilc_nnqq_sgv_10m_3cat_parquet,val50k_tail,150000,proxy
60,60,7320000,,lr_9e-6,1.04976e-05,validation_total_reference_mistag_geomean_percent,0.4170841772396347,min,1.0040068500963433,1.0040068500963433,0.5755457185730382,0.30225089908576425,0.4170841772396347,,0.18471669989365036,0.07418397626112759,3.1642773100190627,0.19247733627531682,0.503793518455312,0.07017403194186246,2.68756787635449,1.1548640515699242,0.018265871775416928,0.020266204391282166,92,49806,0.011231169877166741,0.013233127333458768,37,49876,0.07750028890474506,0.07938097726596718,1576,49806,0.01865230770282942,0.02064952175564684,96,49876,0.030740756302980767,0.032727638124433606,251,49822,0.010898418151792386,0.012900536401422542,35,49876,0.07150837208334121,0.07340759261437457,1339,49822,0.046870903640118707,0.04882952729178703,576,49876,0.88929,0.9718564933013717,0.29242,0.3937657529371765,0.29883,False,/data/suehara/part/march/datasets/20250711_ilc_nnqq_sgv_10m_3cat_parquet,val50k_tail,150000,proxy
61,61,7440000,,lr_14e-6,1.2597119999999998e-05,validation_total_reference_mistag_geomean_percent,0.386866200629985,min,0.9839271593596299,0.9839271593596299,0.5362594900322866,0.2790914845737628,0.386866200629985,,0.1866720231571749,0.05620796838521341,3.165395488480667,0.1826758941184472,0.5113396926734219,0.05620796838521341,2.610840509698725,1.1020777299781757,0.01836470075967699,0.02036439277632578,93,49820,0.009663871550357047,0.01166900211204457,28,49815,0.0775029515091518,0.07938306650389221,1577,49820,0.018158038057255414,0.0201580912168494,91,49815,0.03096209996852105,0.03294680661740648,255,49869,0.009663871550357047,0.01166900211204457,28,49815,0.07046060255886735,0.07236111026282382,1302,49869,0.04580388523211538,0.04776702648442623,549,49815,0.88966,0.9720238324232975,0.2912,0.386866200629985,0.29856,False,/data/suehara/part/march/datasets/20250711_ilc_nnqq_sgv_10m_3cat_parquet,val50k_tail,150000,proxy
61,61,7440000,,lr_3e-6,8.39808e-06,validation_total_reference_mistag_geomean_percent,0.39008173114638367,min,0.9856827613699704,0.9856827613699704,0.5450383098471908,0.27917992960315174,0.39008173114638367,,0.1866720231571749,0.05620796838521341,3.1694098941170403,0.1826758941184472,0.5073292023553464,0.06022282445046673,2.6208665543978977,1.1020777299781757,0.01836470075967699,0.02036439277632578,93,49820,0.009663871550357047,0.01166900211204457,28,49815,0.0775511233303345,0.07943107717005918,1579,49820,0.018158038057255414,0.0201580912168494,91,49815,0.030837226031212896,0.03282209351857957,253,49869,0.010034847322681504,0.012039816697000973,30,49815,0.07059408054511003,0.07249418615286364,1307,49869,0.04580388523211538,0.04776702648442623,549,49815,0.88965,0.9720042476791083,0.29132,0.386866200629985,0.2986,False,/data/suehara/part/march/datasets/20250711_ilc_nnqq_sgv_10m_3cat_parquet,val50k_tail,150000,proxy
61,61,7440000,,lr_6e-6,9.447839999999999e-06,validation_total_reference_mistag_geomean_percent,0.4165338789763082,min,1.0138971227983118,1.0138971227983118,0.5705971432664849,0.3040682456659623,0.4165338789763082,,0.18499154474375723,0.07215730433276778,3.2272982869320357,0.1984325836378988,0.5011928337439455,0.06814856520316957,2.716465212905697,1.1424906508872232,0.018293029432996773,0.020296327381854315,92,49732,0.011062617722669432,0.013064054534065209,36,49891,0.07831043102990085,0.08019138338270435,1605,49732,0.018950030885523675,0.020946405751913783,99,49891,0.030641616765154662,0.03262625279262113,250,49881,0.010725269613704923,0.012726867121767545,34,49891,0.07184459299730654,0.0737404085144406,1355,49881,0.04660985369324064,0.04856838449458813,570,49891,0.88906,0.9717787967021847,0.29276,0.386866200629985,0.29958,False,/data/suehara/part/march/datasets/20250711_ilc_nnqq_sgv_10m_3cat_parquet,val50k_tail,150000,proxy
61,61,7440000,,lr_9e-6,1.04976e-05,validation_total_reference_mistag_geomean_percent,0.42056296142920346,min,1.0195061942788775,1.0195061942788775,0.5732831494271257,0.30852678070661727,0.42056296142920346,,0.18499154474375723,0.07421819933167381,3.2574600524858845,0.20259563289186594,0.5108275310909437,0.06820051216986191,2.716400470943331,1.1413556105737013,0.018293029432996773,0.020296327381854315,92,49732,0.011236349950019996,0.013239229630626886,37,49853,0.0786680414480316,0.08054778085705358,1620,49732,0.019164277659380977,0.02116200720440626,101,49853,0.030931160077670317,0.032913899358895465,255,49919,0.010733442704076165,0.012736563797288433,34,49853,0.0718167566871885,0.07371113166439493,1356,49919,0.04660385474391966,0.048563923922504554,569,49853,0.88899,0.9717895391264292,0.29277,0.386866200629985,0.29831,False,/data/suehara/part/march/datasets/20250711_ilc_nnqq_sgv_10m_3cat_parquet,val50k_tail,150000,proxy
62,62,7560000,,lr_14e-6,1.4e-05,validation_total_reference_mistag_geomean_percent,0.4039664550878936,min,1.0012977695858638,1.0012977695858638,0.5562686462929384,0.29336346372170274,0.4039664550878936,,0.1828704703590563,0.06615612635852437,3.18114225704509,0.19245418435734174,0.5254713193735236,0.060141937027016375,2.665463325374551,1.1366825367918065,0.018177362515219096,0.020179538008521118,91,49762,0.010554797254998726,0.012556835780008702,33,49882,0.07773643617476206,0.07961810961739785,1583,49762,0.018650065984892012,0.020647040738138864,96,49882,0.031400947259308754,0.03338544531110475,262,49860,0.010021371890438939,0.012023651547437642,30,49882,0.07119080526858494,0.07308946501077863,1329,49860,0.04649417394055003,0.04845329097156754,567,49882,0.88948,0.9718994452063963,0.29195,0.386866200629985,0.29764,False,/data/suehara/part/march/datasets/20250711_ilc_nnqq_sgv_10m_3cat_parquet,val50k_tail,150000,proxy
62,62,7560000,,lr_3e-6,1.0077695999999999e-05,validation_total_reference_mistag_geomean_percent,0.41690731891406757,min,1.008521196472849,1.008521196472849,0.55379498249863,0.313855701219803,0.41690731891406757,,0.19067117090067456,0.08019568059329141,3.1651413310511756,0.200489194123136,0.5120276414922087,0.05814186629570944,2.6846311156636014,1.1768715716629956,0.018569459072483484,0.020568830024315247,95,49824,0.011713470801676258,0.013715106934018416,40,49878,0.07749682730068437,0.07937680155869417,1577,49824,0.019055073529773116,0.021051886248807904,100,49878,0.031003656594151465,0.03299100564423231,255,49802,0.009838507777009656,0.011841028201791498,29,49878,0.07148397722565245,0.07338407837862368,1337,49802,0.0473186156802613,0.0492762783612849,587,49878,0.88914,0.9718879644276973,0.29243,0.386866200629985,0.29878,False,/data/suehara/part/march/datasets/20250711_ilc_nnqq_sgv_10m_3cat_parquet,val50k_tail,150000,proxy
62,62,7560000,,lr_6e-6,1.1337407999999998e-05,validation_total_reference_mistag_geomean_percent,0.3990228493626323,min,0.9920067193893963,0.9920067193893963,0.5477485473395148,0.29067942779003664,0.3990228493626323,,0.1725140949511935,0.06823061815674052,3.1814808454449413,0.19064436959129216,0.4977720795405391,0.06221026888626912,2.677531883173796,1.0856695953703985,0.01761378072203995,0.019612797247274917,86,49851,0.010738180189143133,0.012742184418574264,34,49831,0.07767189549847675,0.07955019603555352,1586,49851,0.018566852664676996,0.020565943835892334,95,49831,0.0305515630994963,0.03253868663406602,248,49822,0.010212447545679675,0.012216693400924695,31,49831,0.0713765148282166,0.073276138214445,1334,49822,0.04545083807934603,0.047414007546229577,541,49831,0.88959,0.9720961842187698,0.29102,0.386866200629985,0.29867,False,/data/suehara/part/march/datasets/20250711_ilc_nnqq_sgv_10m_3cat_parquet,val50k_tail,150000,proxy
62,62,7560000,,lr_9e-6,1.2597119999999998e-05,validation_total_reference_mistag_geomean_percent,0.3991754694163217,min,0.9922576644894338,0.9922576644894338,0.5482540787952137,0.290633597717854,0.3991754694163217,,0.1725140949511935,0.06823061815674052,3.179474882816719,0.19064436959129216,0.4977720795405391,0.06221026888626912,2.677531883173796,1.089683118798921,0.01761378072203995,0.019612797247274917,86,49851,0.010738180189143133,0.012742184418574264,34,49831,0.07764788656175886,0.07952626757616044,1585,49851,0.018566852664676996,0.020565943835892334,95,49831,0.0305515630994963,0.03253868663406602,248,49822,0.010212447545679675,0.012216693400924695,31,49831,0.0713765148282166,0.073276138214445,1334,49822,0.045535683135647376,0.04749869151865482,543,49831,0.88958,0.9721015154849896,0.291,0.386866200629985,0.29866,False,/data/suehara/part/march/datasets/20250711_ilc_nnqq_sgv_10m_3cat_parquet,val50k_tail,150000,proxy
63,63,7680000,,lr_14e-6,1.4e-05,validation_total_reference_mistag_geomean_percent,0.4132068814841128,min,1.009694800045724,1.009694800045724,0.5608443628233307,0.30443370429241473,0.4132068814841128,,0.18460179463951723,0.07420777851876853,3.2566165085725265,0.19253910950661854,0.5099684926997842,0.06417970316887285,2.6582609008683784,1.1371841123913262,0.018254518869444753,0.020253611858654826,92,49837,0.01123477290034397,0.0132373718140525,37,49860,0.07857614118043643,0.08045195415166267,1623,49837,0.01865828825281361,0.020656140718287343,96,49860,0.030938099746259835,0.03292533197890007,254,49807,0.01038435175461863,0.012387352909703001,32,49860,0.07113313020510881,0.0730340994916874,1324,49807,0.04651457804680358,0.048474539374674004,567,49860,0.88933,0.9719673094938477,0.29194,0.386866200629985,0.29855,False,/data/suehara/part/march/datasets/20250711_ilc_nnqq_sgv_10m_3cat_parquet,val50k_tail,150000,proxy
63,63,7680000,,lr_3e-6,1.0077695999999999e-05,validation_total_reference_mistag_geomean_percent,0.4053100279915601,min,1.0011887848917413,1.0011887848917413,0.5531842774724408,0.29696472853696265,0.4053100279915601,,0.1787902434914906,0.07412304171574574,3.1840736074096174,0.1843059397606205,0.5079505231884188,0.06009976472908263,2.672261605668933,1.1479055531700215,0.017960193370522917,0.019961849045375568,89,49779,0.011221947670059771,0.013222263265866752,37,49917,0.07775841727434354,0.07963933034765211,1585,49779,0.0182252861454486,0.020221187185238923,92,49917,0.030874904775492727,0.03286217813853812,253,49808,0.010014346866521993,0.01201522431491292,30,49917,0.0713170480242959,0.07321741697432112,1331,49808,0.046709329372776436,0.04866662311358485,573,49917,0.88959,0.9718059375600788,0.29239,0.386866200629985,0.29893,False,/data/suehara/part/march/datasets/20250711_ilc_nnqq_sgv_10m_3cat_parquet,val50k_tail,150000,proxy
63,63,7680000,,lr_6e-6,1.1337407999999998e-05,validation_total_reference_mistag_geomean_percent,0.40012356896943796,min,0.9757255887523009,0.9757255887523009,0.5408095479848123,0.2960355841375358,0.40012356896943796,,0.17656854381387194,0.07424501107421619,3.1060013727619897,0.18862246426315782,0.47160344379318964,0.062205275739388145,2.6088702024774433,1.1176883960951511,0.0178323416851326,0.019831676815520526,88,49839,0.011240407254375083,0.013244009268640765,37,49835,0.07677182279084531,0.07865360443914914,1548,49839,0.018462545484599475,0.020461557345338787,94,49835,0.029713243815527365,0.03170109862671967,235,49830,0.01021162803901451,0.01221571322733558,31,49835,0.07046153064873273,0.07236360485320184,1300,49830,0.0461214532024393,0.048083180131903124,557,49835,0.88966,0.9720715432221851,0.29111,0.386866200629985,0.2975,False,/data/suehara/part/march/datasets/20250711_ilc_nnqq_sgv_10m_3cat_parquet,val50k_tail,150000,proxy
63,63,7680000,,lr_9e-6,1.2597119999999998e-05,validation_total_reference_mistag_geomean_percent,0.40842012580097575,min,1.011559775289737,1.011559775289737,0.5447046271625765,0.3062338574728105,0.40842012580097575,,0.1845832849831178,0.07617520147559696,3.284378703859155,0.19043799926191327,0.508266859334882,0.058133709234375074,2.6779435374630554,1.1125589067058004,0.018252689077113644,0.020251582270413647,92,49842,0.011392133174600307,0.01339364962398621,38,49885,0.07889947899833022,0.08077398981684025,1637,49842,0.018546770656625987,0.020543706149252456,95,49885,0.030894088297817295,0.03288258655527064,253,49777,0.009837127513347192,0.011839367271695121,29,49885,0.07141376226764383,0.07331508640165581,1333,49777,0.045991824130240354,0.04795179049814167,555,49885,0.88943,0.9718923660613815,0.29238,0.386866200629985,0.29749,False,/data/suehara/part/march/datasets/20250711_ilc_nnqq_sgv_10m_3cat_parquet,val50k_tail,150000,proxy
64,64,7800000,,lr_14e-6,1.4e-05,validation_total_reference_mistag_geomean_percent,0.41010348671086444,min,0.9955570803202644,0.9955570803202644,0.555991342594826,0.3024954831625346,0.41010348671086444,,0.18470928636534537,0.0741586988914216,3.144073148538998,0.1944160446397465,0.5180410875764204,0.062132962719918985,2.6785534560669886,1.1083719577632758,0.018265138903751775,0.020265391497313254,92,49808,0.011227344196347164,0.013228620554241198,37,49893,0.077255721343358,0.07913714545381076,1566,49808,0.01874758370908234,0.020744039553458462,97,49893,0.03118966434444842,0.033176732006408825,258,49803,0.01019975995520436,0.01220151836445018,31,49893,0.07140338551725363,0.07330369258091197,1334,49803,0.04590069979195921,0.04786051973359913,553,49893,0.88967,0.9719394383983758,0.29184,0.386866200629985,0.2988,False,/data/suehara/part/march/datasets/20250711_ilc_nnqq_sgv_10m_3cat_parquet,val50k_tail,150000,proxy
64,64,7800000,,lr_3e-6,1.0077695999999999e-05,validation_total_reference_mistag_geomean_percent,0.4093363697553162,min,0.9958080657538019,0.9958080657538019,0.556780721099224,0.3009376173687606,0.4093363697553162,,0.18270158143250573,0.0741586988914216,3.146080927358431,0.19241176116890146,0.520048976780467,0.062132962719918985,2.6785534560669886,1.1103761616117804,0.018160587988844276,0.02016092119874436,91,49808,0.011227344196347164,0.013228620554241198,37,49893,0.07727990989712663,0.07916125339124114,1567,49808,0.018645957567849224,0.020642493754117336,96,49893,0.031251629203175174,0.0332386162326094,259,49803,0.01019975995520436,0.01220151836445018,31,49893,0.07140338551725363,0.07330369258091197,1334,49803,0.04594261370634185,0.047902353306089954,554,49893,0.88964,0.9719245421561081,0.29192,0.386866200629985,0.29883,False,/data/suehara/part/march/datasets/20250711_ilc_nnqq_sgv_10m_3cat_parquet,val50k_tail,150000,proxy
64,64,7800000,,lr_6e-6,1.1337407999999998e-05,validation_total_reference_mistag_geomean_percent,0.4117292512344554,min,0.9958473771655023,0.9958473771655023,0.5507735683580227,0.3077870581688672,0.4117292512344554,,0.1886906099357169,0.07423011626001998,3.1936888388954516,0.20062192306350068,0.5055976719794694,0.06219279873895597,2.628305396526266,1.1134516619246373,0.01846921102142149,0.020468942419405195,94,49817,0.01123815283473401,0.01324135348821266,37,49845,0.07784406457000924,0.07972315691006995,1591,49817,0.01906767808486519,0.02106580744617899,100,49845,0.030791233858758812,0.03277724602942693,252,49842,0.010209579847653779,0.012213263481338605,31,49845,0.07071182398929662,0.07261266039781111,1310,49842,0.04602853705620996,0.0479900404185548,555,49845,0.88979,0.9720366928712606,0.29147,0.386866200629985,0.29812,False,/data/suehara/part/march/datasets/20250711_ilc_nnqq_sgv_10m_3cat_parquet,val50k_tail,150000,proxy
64,64,7800000,,lr_9e-6,1.2597119999999998e-05,validation_total_reference_mistag_geomean_percent,0.4095360332386769,min,0.9790293821223478,0.9790293821223478,0.5610766732455531,0.2989248538006298,0.4095360332386769,,0.18073378313071198,0.0762409205644434,3.0724743132221035,0.18859595354397282,0.5133861425849795,0.06620922065233055,2.6230823118354403,1.1115124114447992,0.01805944496383301,0.02006029906322887,90,49797,0.011401958535711753,0.013405199074149995,38,49842,0.0763958283303709,0.07828054361028493,1530,49797,0.018459954630523686,0.020458686811040787,94,49842,0.031026833577411407,0.033011617352224354,256,49865,0.010563265706139989,0.01256690877653548,33,49842,0.07062633473031259,0.07252650389077166,1308,49865,0.04598937586876642,0.04795107510921666,554,49842,0.88984,0.9720704249444653,0.29109,0.386866200629985,0.29913,False,/data/suehara/part/march/datasets/20250711_ilc_nnqq_sgv_10m_3cat_parquet,val50k_tail,150000,proxy
65,65,7920000,,lr_14e-6,1.4e-05,validation_total_reference_mistag_geomean_percent,0.41579342331536145,min,0.9975704486122722,0.9975704486122722,0.5695000198478983,0.3035718434539847,0.41579342331536145,,0.18873606049875438,0.07424053661987876,3.1141450879132053,0.19463059981720118,0.519444038892992,0.0662145347693395,2.6834601305369703,1.1396925998498346,0.018473657387121555,0.020473868764438553,94,49805,0.011239730833516879,0.013243212422659996,37,49838,0.07689642913290794,0.0787791683544422,1551,49805,0.018768255781967478,0.020766906212226648,97,49838,0.031215362681246903,0.03320006269109509,259,49861,0.01056411329870999,0.012567916965112048,33,49838,0.07142685056184331,0.07332475036454372,1338,49861,0.04657642151905759,0.04853714735207817,568,49838,0.8895,0.9718711515578233,0.29211,0.386866200629985,0.29927,False,/data/suehara/part/march/datasets/20250711_ilc_nnqq_sgv_10m_3cat_parquet,val50k_tail,150000,proxy
65,65,7920000,,lr_3e-6,1.0077695999999999e-05,validation_total_reference_mistag_geomean_percent,0.41073860341587964,min,0.9940338509463682,0.9940338509463682,0.5690090438792742,0.29649124587872344,0.41073860341587964,,0.1784246445555436,0.07223403686863333,3.145486175022864,0.19061759799255842,0.5142111077633825,0.06822103816230911,2.659435622684861,1.1236405845207948,0.01792349512937312,0.0199210724257658,89,49881,0.011074378913332895,0.013077941021790752,36,49838,0.07721686256434296,0.0790954766432761,1569,49881,0.018564246988437356,0.02056305845732603,95,49838,0.031076573627923914,0.03306451356655067,256,49785,0.010736672353965897,0.012740395501053214,34,49838,0.07116415186181856,0.07306591398076843,1324,49785,0.04624398673320467,0.04820535672074317,560,49838,0.88928,0.9718427828533529,0.29219,0.386866200629985,0.29933,False,/data/suehara/part/march/datasets/20250711_ilc_nnqq_sgv_10m_3cat_parquet,val50k_tail,150000,proxy
65,65,7920000,,lr_6e-6,1.1337407999999998e-05,validation_total_reference_mistag_geomean_percent,0.41136495146365704,min,0.9965413941390865,0.9965413941390865,0.570382573089271,0.29668003770902723,0.41136495146365704,,0.1784246445555436,0.07223403686863333,3.1535054273654026,0.19061759799255842,0.5142111077633825,0.06822103816230911,2.661444167278361,1.133673133126501,0.01792349512937312,0.0199210724257658,89,49881,0.011074378913332895,0.013077941021790752,36,49838,0.07731332986633636,0.0791916224230603,1573,49881,0.018564246988437356,0.02056305845732603,95,49838,0.031076573627923914,0.03306451356655067,256,49785,0.010736672353965897,0.012740395501053214,34,49838,0.07119067136808349,0.07309235279619117,1325,49785,0.04645204375397418,0.04841301114493889,565,49838,0.88927,0.9718482917566794,0.29217,0.386866200629985,0.29932,False,/data/suehara/part/march/datasets/20250711_ilc_nnqq_sgv_10m_3cat_parquet,val50k_tail,150000,proxy
65,65,7920000,,lr_9e-6,1.2597119999999998e-05,validation_total_reference_mistag_geomean_percent,0.3881810932402129,min,0.9863226383733971,0.9863226383733971,0.5296274162827372,0.2845105002432977,0.3881810932402129,,0.18099547511312217,0.06598944249473603,3.153343450566857,0.1739721557479778,0.5183741390026708,0.05199168056951199,2.6400917199833382,1.1058230435089633,0.018085574171922525,0.020089314851843947,90,49725,0.010528210160347374,0.012525211122506612,33,50008,0.07743110170492853,0.0793152933395401,1568,49725,0.017665630510006747,0.01965831294059111,87,50008,0.031209670004571886,0.033198001831557904,258,49771,0.0092436879843376,0.011241248756145432,26,50008,0.07091804147752873,0.07282111583179901,1314,49771,0.045795698699438274,0.047751113801987495,553,50008,0.88971,0.9720872881438852,0.29081,0.386866200629985,0.29928,False,/data/suehara/part/march/datasets/20250711_ilc_nnqq_sgv_10m_3cat_parquet,val50k_tail,150000,proxy
66,66,8040000,,lr_14e-6,1.4e-05,validation_total_reference_mistag_geomean_percent,0.4061169869542603,min,0.9999702755410367,0.9999702755410367,0.5523879278970854,0.2985782251264819,0.4061169869542603,,0.18469816718859156,0.07210094061274709,3.204111525922913,0.18626076734797817,0.5124289190186223,0.060084116295916916,2.6304682932761825,1.1496094746653427,0.01826403970651466,0.020264172278624138,92,49811,0.011053979203680094,0.013053854994618877,36,49930,0.07797309611314654,0.0798519963162457,1596,49811,0.01832427404765771,0.0203195771353158,93,49930,0.031027897676900833,0.033016788083096126,255,49763,0.010011740079787411,0.01201209720791362,30,49930,0.07079592995004914,0.07269969699368224,1309,49763,0.046738356453656336,0.04869507234345465,574,49930,0.88923,0.9718948353801364,0.29226,0.386866200629985,0.29947,False,/data/suehara/part/march/datasets/20250711_ilc_nnqq_sgv_10m_3cat_parquet,val50k_tail,150000,proxy
66,66,8040000,,lr_3e-6,1.0077695999999999e-05,validation_total_reference_mistag_geomean_percent,0.40038487367464665,min,0.9940356022702974,0.9940356022702974,0.5505702871212076,0.291167269315736,0.40038487367464665,,0.16856976415666042,0.07223983342510285,3.1626899489729348,0.18661956831012017,0.5056281374158033,0.06019986472667116,2.662573566514367,1.133764134640719,0.017403975280742594,0.019403952413275524,84,49831,0.011075267565355967,0.013078990256787458,36,49834,0.07746201880288947,0.07934182736398024,1576,49831,0.018359545637990388,0.02035867799167774,93,49834,0.030793083017703702,0.032779213510378005,252,49839,0.010031022251533031,0.012035228136411278,30,49834,0.07116749941083883,0.07306707511362254,1327,49839,0.04645575222706807,0.04841687336294472,565,49834,0.88919,0.9718225242341015,0.29217,0.386866200629985,0.29962,False,/data/suehara/part/march/datasets/20250711_ilc_nnqq_sgv_10m_3cat_parquet,val50k_tail,150000,proxy
66,66,8040000,,lr_6e-6,1.1337407999999998e-05,validation_total_reference_mistag_geomean_percent,0.3986259117791957,min,0.9945372657376897,0.9945372657376897,0.545484009018066,0.2913057301676691,0.3986259117791957,,0.16856976415666042,0.07223983342510285,3.1687101477077,0.18661956831012017,0.5036216634469236,0.05819320057346444,2.6645798136408265,1.133764134640719,0.017403975280742594,0.019403952413275524,84,49831,0.011075267565355967,0.013078990256787458,36,49834,0.07753427397767104,0.07941384091294801,1579,49831,0.018359545637990388,0.02035867799167774,93,49834,0.030730294812453176,0.03271650582121122,251,49839,0.009847192597021114,0.011851479014140479,29,49834,0.07119395891668975,0.07309345410339008,1328,49839,0.04645575222706807,0.04841687336294472,565,49834,0.88909,0.9718255383853366,0.29213,0.386866200629985,0.29878,False,/data/suehara/part/march/datasets/20250711_ilc_nnqq_sgv_10m_3cat_parquet,val50k_tail,150000,proxy
66,66,8040000,,lr_9e-6,1.2597119999999998e-05,validation_total_reference_mistag_geomean_percent,0.39952589186384985,min,0.9917780010263766,0.9917780010263766,0.5504665327754885,0.28997391987626453,0.39952589186384985,,0.16656298839050684,0.07223983342510285,3.1486423833900656,0.18661956831012017,0.5056281374158033,0.06019986472667116,2.6605670979120237,1.133764134640719,0.017294570503745558,0.01929462817821645,83,49831,0.011075267565355967,0.013078990256787458,36,49834,0.0772931285879113,0.07917350094256842,1569,49831,0.018359545637990388,0.02035867799167774,93,49834,0.030793083017703702,0.032779213510378005,252,49839,0.010031022251533031,0.012035228136411278,30,49834,0.07114102910263063,0.07304068532149773,1326,49839,0.04645575222706807,0.04841687336294472,565,49834,0.88923,0.9718318933884421,0.29212,0.386866200629985,0.29961,False,/data/suehara/part/march/datasets/20250711_ilc_nnqq_sgv_10m_3cat_parquet,val50k_tail,150000,proxy
67,67,8160000,,lr_14e-6,1.4e-05,validation_total_reference_mistag_geomean_percent,0.41105737705284917,min,1.0042128409472388,1.0042128409472388,0.5699938480756341,0.2964385805215697,0.41105737705284917,,0.18456105750421947,0.0681772635484002,3.255897949141002,0.1884900718859994,0.5121921921170889,0.07018247271562134,2.6433134185384053,1.110888302127174,0.01825049381047139,0.020249147301388368,92,49848,0.010729784782262743,0.012732223984970599,34,49870,0.07855908286387367,0.08043451073886862,1623,49848,0.01844959848163834,0.020447212723414425,94,49870,0.03101359707015222,0.033001578182388636,255,49786,0.01089972901497032,0.01290208780166264,35,49870,0.07095019762513727,0.07285256919276409,1316,49786,0.045963690747080274,0.04792431362171251,554,49870,0.88942,0.9719073503329761,0.29209,0.386866200629985,0.29829,False,/data/suehara/part/march/datasets/20250711_ilc_nnqq_sgv_10m_3cat_parquet,val50k_tail,150000,proxy
67,67,8160000,,lr_3e-6,1.0077695999999999e-05,validation_total_reference_mistag_geomean_percent,0.40806211504455786,min,0.9995180356848417,0.9995180356848417,0.5540555783951463,0.3005378814467626,0.40806211504455786,,0.1789592271373143,0.07409929377728748,3.166975045562174,0.1942603097636199,0.5156604235739337,0.06008050729304898,2.6645798136408265,1.1415296647305289,0.017977153968924967,0.019980694506538714,89,49732,0.011218352867044527,0.013218028467114503,37,49933,0.07758964279207352,0.07947302103243833,1575,49732,0.01873257805372192,0.020727440860273966,97,49933,0.031105146375272688,0.03309087428752886,257,49839,0.010011138706333435,0.012011375798980518,30,49933,0.07119395891668975,0.07309345410339008,1328,49839,0.0465708614277624,0.048527783378748274,570,49933,0.88944,0.971938036097998,0.29187,0.386866200629985,0.2994,False,/data/suehara/part/march/datasets/20250711_ilc_nnqq_sgv_10m_3cat_parquet,val50k_tail,150000,proxy
67,67,8160000,,lr_6e-6,1.1337407999999998e-05,validation_total_reference_mistag_geomean_percent,0.4101289477547514,min,1.004213000710595,1.004213000710595,0.5768978600946632,0.29156938415202077,0.4101289477547514,,0.18058509615241541,0.0661747023451064,3.2083952094130095,0.18849764021295262,0.5060444107712961,0.07219058596689737,2.680830584605227,1.1309857762178557,0.01804459954153877,0.0200438136070011,90,49838,0.010557759667953264,0.012560359491442356,33,49868,0.0780032729881655,0.07988098340769717,1599,49838,0.018450337821195602,0.020448031874264548,94,49868,0.030818377134208402,0.03280612610830607,252,49798,0.011067718566006577,0.013070077122097963,36,49868,0.07143686515934701,0.07333727157090332,1335,49798,0.04638273857838441,0.04834263407247855,564,49868,0.88931,0.9719959481073399,0.29186,0.386866200629985,0.29941,False,/data/suehara/part/march/datasets/20250711_ilc_nnqq_sgv_10m_3cat_parquet,val50k_tail,150000,proxy
67,67,8160000,,lr_9e-6,1.2597119999999998e-05,validation_total_reference_mistag_geomean_percent,0.4079616586483003,min,0.9902222082167168,0.9902222082167168,0.5564636715031567,0.2990899917644097,0.4079616586483003,,0.1945681475411783,0.06815949154616795,3.103060790014864,0.19445501738214696,0.4922940832164495,0.06415011126034922,2.6664255317893715,1.1386644929832077,0.018762237387557733,0.020760248895371723,97,49854,0.010726989229769645,0.012728907299963926,34,49883,0.07672475016576169,0.07860608359518892,1547,49854,0.018751338879988838,0.020748193381441883,97,49883,0.030394684892808953,0.03238422459340114,245,49767,0.010379564923526532,0.012381643741934815,32,49883,0.07126910694358231,0.0731712759862186,1327,49767,0.04653463160884594,0.048493629905900504,568,49883,0.88949,0.9719921798264686,0.29186,0.386866200629985,0.29905,False,/data/suehara/part/march/datasets/20250711_ilc_nnqq_sgv_10m_3cat_parquet,val50k_tail,150000,proxy
68,68,8280000,,lr_14e-6,1.4e-05,validation_total_reference_mistag_geomean_percent,0.40947728605480516,min,1.002673434009257,1.002673434009257,0.5651057864886705,0.29670842487147364,0.40947728605480516,,0.1747724912109726,0.07212260561225155,3.163984761591641,0.19433035496128337,0.5259988005789069,0.0621055808520731,2.6500702994875436,1.1780025777793834,0.01774683780878194,0.019748654904224894,87,49779,0.011057300113912188,0.013057776009078696,36,49915,0.07751753728968726,0.079399257465948,1575,49779,0.01873932762494349,0.020734906983801808,97,49915,0.031432392053704766,0.033418860954332295,262,49810,0.01019526548149955,0.012196142732101166,31,49915,0.07102276654386633,0.072923950207434,1320,49810,0.04732436088323022,0.04928052713836194,588,49915,0.88923,0.9718050813303426,0.29251,0.386866200629985,0.29857,False,/data/suehara/part/march/datasets/20250711_ilc_nnqq_sgv_10m_3cat_parquet,val50k_tail,150000,proxy
68,68,8280000,,lr_3e-6,1.0077695999999999e-05,validation_total_reference_mistag_geomean_percent,0.4099227137772056,min,1.002171580494703,1.002171580494703,0.565079208581938,0.29736827814308636,0.4099227137772056,,0.1767813684694935,0.07212260561225155,3.155949235909324,0.19433035496128337,0.5259988005789069,0.0621055808520731,2.654085517270985,1.1759991803033056,0.01785381929926839,0.019855555684416194,88,49779,0.011057300113912188,0.013057776009078696,36,49915,0.07742094969756391,0.07930299271500518,1571,49779,0.01873932762494349,0.020734906983801808,97,49915,0.031432392053704766,0.033418860954332295,262,49810,0.01019526548149955,0.012196142732101166,31,49915,0.07107585604611659,0.07297687848995434,1322,49810,0.04728373642671497,0.049239982952933685,587,49915,0.88913,0.971790518737758,0.29257,0.386866200629985,0.29859,False,/data/suehara/part/march/datasets/20250711_ilc_nnqq_sgv_10m_3cat_parquet,val50k_tail,150000,proxy
68,68,8280000,,lr_6e-6,1.1337407999999998e-05,validation_total_reference_mistag_geomean_percent,0.40922180783053036,min,1.0019220161508393,1.0019220161508393,0.5644904703138561,0.29666131991737354,0.40922180783053036,,0.1747724912109726,0.07212260561225155,3.1619760034120934,0.19433035496128337,0.5259988005789069,0.0621055808520731,2.6520778643197676,1.171992428259367,0.01774683780878194,0.019748654904224894,87,49779,0.011057300113912188,0.013057776009078696,36,49915,0.07749340305561424,0.07937520394216968,1574,49779,0.01873932762494349,0.020734906983801808,97,49915,0.031432392053704766,0.033418860954332295,262,49810,0.01019526548149955,0.012196142732101166,31,49915,0.07104931673528915,0.07295041978899151,1321,49810,0.04720237995014583,0.04915878701853855,585,49915,0.88921,0.9717948446880658,0.29255,0.386866200629985,0.29858,False,/data/suehara/part/march/datasets/20250711_ilc_nnqq_sgv_10m_3cat_parquet,val50k_tail,150000,proxy
68,68,8280000,,lr_9e-6,1.2597119999999998e-05,validation_total_reference_mistag_geomean_percent,0.41673567953974766,min,1.007652177831859,1.007652177831859,0.556589189852411,0.31202299607634565,0.41673567953974766,,0.18266123053287714,0.07814378743058324,3.2176479664036233,0.20637973367138765,0.5102758258229031,0.0621142925730277,2.6699079061841227,1.134086680036347,0.018156581274966256,0.02015647444101741,91,49819,0.011547678280355255,0.013548193466611676,39,49908,0.07812812761694016,0.08000618269982523,1603,49819,0.01934079861952568,0.02133617501501668,103,49908,0.030956702263347513,0.03294511980401985,254,49777,0.01019669511160763,0.012197852646709736,31,49908,0.07130794885794149,0.07320959585907748,1329,49777,0.04642868102961526,0.048386881485662676,566,49908,0.88935,0.9718332986433093,0.29259,0.386866200629985,0.29839,False,/data/suehara/part/march/datasets/20250711_ilc_nnqq_sgv_10m_3cat_parquet,val50k_tail,150000,proxy
69,69,8400000,,lr_14e-6,1.4e-05,validation_total_reference_mistag_geomean_percent,0.4161740695200332,min,1.0211886006003172,1.0211886006003172,0.5617906977132726,0.3083013956013631,0.4161740695200332,,0.19020923945095658,0.07428227427442168,3.31764938749589,0.19273237549828506,0.5186034014198129,0.06424412768520378,2.7075920594624168,1.1041959395155512,0.018524508203176387,0.020519053943369697,95,49945,0.011246047262613863,0.013250653382842873,37,49810,0.07920879198329289,0.08107810486463057,1657,49945,0.01867700221486544,0.020676852353065607,96,49810,0.03122343878948818,0.03321264066329681,258,49749,0.010394773156357184,0.012399782325910687,32,49810,0.07182262164547489,0.07372382397261464,1347,49749,0.04585059920724759,0.047813852466785205,550,49810,0.88893,0.9718147339722171,0.29283,0.386866200629985,0.29985,False,/data/suehara/part/march/datasets/20250711_ilc_nnqq_sgv_10m_3cat_parquet,val50k_tail,150000,proxy
69,69,8400000,,lr_3e-6,1.0077695999999999e-05,validation_total_reference_mistag_geomean_percent,0.4110568429542714,min,0.9960321058788961,0.9960321058788961,0.5589941033929591,0.302271038484913,0.4110568429542714,,0.182496386607189,0.07432852992467341,3.224771337689509,0.19084351809961603,0.519444038892992,0.06629301317606007,2.633320753242404,1.0767592693987253,0.018140208566462274,0.020138303567357484,91,49864,0.011253048738167432,0.013258901348367838,37,49779,0.07817793770587764,0.08005401225202671,1608,49864,0.018586232039951918,0.020587403453033712,95,49779,0.031215362681246903,0.03320006269109509,259,49861,0.01057663110753048,0.012582806558911478,33,49779,0.07076509490992963,0.07266500583883867,1313,49861,0.0452850301250406,0.04725060829796155,536,49779,0.88948,0.971967885461719,0.29169,0.386866200629985,0.2991,False,/data/suehara/part/march/datasets/20250711_ilc_nnqq_sgv_10m_3cat_parquet,val50k_tail,150000,proxy
69,69,8400000,,lr_6e-6,1.1337407999999998e-05,validation_total_reference_mistag_geomean_percent,0.40097359481850475,min,1.0196763670704994,1.0196763670704994,0.552703001356921,0.2908973234213488,0.40097359481850475,,0.18697977562198678,0.06207075839146721,3.31336191328753,0.18621228928370098,0.5118118291821773,0.06006847600952912,2.7216345255884664,1.1152713691991372,0.01839495327551706,0.020397929621080238,93,49738,0.010189550967652589,0.012189307864950864,31,49943,0.07932131130189077,0.08119857614368661,1648,49738,0.018319508102493887,0.020314293771162742,93,49943,0.030990619385622316,0.03297713946374438,255,49823,0.01000913464981988,0.012008971728225093,30,49943,0.07195327615489161,0.07385109107997043,1356,49823,0.04602224491566751,0.04797982655072256,557,49943,0.88907,0.9718364826623639,0.2925,0.386866200629985,0.29981,False,/data/suehara/part/march/datasets/20250711_ilc_nnqq_sgv_10m_3cat_parquet,val50k_tail,150000,proxy
69,69,8400000,,lr_9e-6,1.2597119999999998e-05,validation_total_reference_mistag_geomean_percent,0.4025328032194554,min,1.0206831212028078,1.0206831212028078,0.5521043616599091,0.29348193732894895,0.4025328032194554,,0.18697977562198678,0.06407304326932703,3.3254251986103807,0.18621228928370098,0.5118118291821773,0.06006847600952912,2.7196275285515554,1.1112668290938053,0.01839495327551706,0.020397929621080238,93,49738,0.010367098285699343,0.012366775001890706,32,49943,0.07946248714293669,0.08133926692426713,1654,49738,0.018319508102493887,0.020314293771162742,93,49943,0.030990619385622316,0.03297713946374438,255,49823,0.01000913464981988,0.012008971728225093,30,49943,0.07192710632946513,0.07382500182234845,1355,49823,0.045938694289535814,0.04789643628680465,555,49943,0.88905,0.9718420426522033,0.29248,0.386866200629985,0.2998,False,/data/suehara/part/march/datasets/20250711_ilc_nnqq_sgv_10m_3cat_parquet,val50k_tail,150000,proxy
70,70,8520000,,lr_14e-6,1.4e-05,validation_total_reference_mistag_geomean_percent,0.40705319388835437,min,1.0087802787036837,1.0087802787036837,0.549562242267675,0.3014987018959111,0.40705319388835437,,0.17696268565069592,0.0760243285275539,3.2315796973993662,0.19006083013800523,0.508113763334633,0.05801856679125455,2.67111172655586,1.1583706312321016,0.017872115990439762,0.019875897981754202,88,49728,0.011369576239963748,0.013367134534340689,38,49984,0.07836442016575448,0.080245351622487,1607,49728,0.018510066245983166,0.020503061711844503,95,49984,0.030884802972499636,0.032872708350636506,253,49792,0.009817648029981463,0.011815926770966115,29,49984,0.07131321167165375,0.07321423744534941,1330,49792,0.04689297827572322,0.04884722972401303,579,49984,0.8893,0.9718191430523656,0.2924,0.386866200629985,0.29846,False,/data/suehara/part/march/datasets/20250711_ilc_nnqq_sgv_10m_3cat_parquet,val50k_tail,150000,proxy
70,70,8520000,,lr_3e-6,1.0077695999999999e-05,validation_total_reference_mistag_geomean_percent,0.4100092283245263,min,0.9920621341038152,0.9920621341038152,0.5442807655292817,0.3088618557883423,0.4100092283245263,,0.18814675446848542,0.07630828846619594,3.156462054249404,0.20081127313109254,0.4965323199839257,0.06024338267770364,2.651522852523303,1.1064701473304104,0.018416021100365776,0.02041001066225409,94,49961,0.011412029953021954,0.013417037752958754,38,49798,0.07728765560852044,0.0791628222535555,1577,49961,0.019085658841604472,0.02108566642097104,100,49798,0.030535326814405423,0.03252557598761316,247,49745,0.010038272228343184,0.01204392521803098,30,49798,0.07108776131884709,0.07299137074408338,1319,49745,0.045903700709592175,0.04786733571674629,551,49798,0.88923,0.9719395977349441,0.29215,0.386866200629985,0.2985,False,/data/suehara/part/march/datasets/20250711_ilc_nnqq_sgv_10m_3cat_parquet,val50k_tail,150000,proxy
70,70,8520000,,lr_6e-6,1.1337407999999998e-05,validation_total_reference_mistag_geomean_percent,0.4068969052369218,min,1.0092843306446264,1.0092843306446264,0.5488843219972401,0.3016393160747211,0.4068969052369218,,0.17696268565069592,0.0760243285275539,3.237612544809972,0.19006083013800523,0.5061054139672151,0.05801856679125455,2.6731202354479864,1.1563700398243284,0.017872115990439762,0.019875897981754202,88,49728,0.011369576239963748,0.013367134534340689,38,49984,0.0784360455563321,0.08031673438528147,1610,49728,0.018510066245983166,0.020503061711844503,95,49984,0.03082208219813967,0.03281006824443289,252,49792,0.009817648029981463,0.011815926770966115,29,49984,0.07133966276001574,0.07324060786555453,1331,49792,0.0468520836815459,0.04880641517945889,578,49984,0.88925,0.9718109101919942,0.29244,0.386866200629985,0.29847,False,/data/suehara/part/march/datasets/20250711_ilc_nnqq_sgv_10m_3cat_parquet,val50k_tail,150000,proxy
70,70,8520000,,lr_9e-6,1.2597119999999998e-05,validation_total_reference_mistag_geomean_percent,0.42424391620395485,min,1.0066437861665982,1.0066437861665982,0.5779059482183655,0.3114397783773296,0.42424391620395485,,0.18039326480429851,0.07841087047265043,3.18093439098334,0.20909566126502874,0.5213032677146345,0.07036873319272186,2.676691735465124,1.1359523654349886,0.018025445246522276,0.0200225432479132,90,49891,0.011587135059734242,0.013594476949479713,39,49738,0.07763458919207017,0.07951140573832643,1587,49891,0.01950526807715392,0.021507355145198442,104,49738,0.031268376330063644,0.03325244468926859,260,49875,0.01092864799797185,0.012936313261360462,35,49738,0.07132803245854177,0.07322567093278401,1335,49875,0.046544933552429904,0.048509751808103324,565,49738,0.8892,0.9717673413480883,0.2929,0.386866200629985,0.2997,False,/data/suehara/part/march/datasets/20250711_ilc_nnqq_sgv_10m_3cat_parquet,val50k_tail,150000,proxy
71,71,8640000,,lr_14e-6,1.4e-05,validation_total_reference_mistag_geomean_percent,0.41149192084548536,min,0.9974980232362087,0.9974980232362087,0.5533768162596906,0.30598607665855937,0.41149192084548536,,0.18439090060616933,0.07625622164943176,3.202789930290839,0.19465404710285775,0.48816747326479354,0.06421576497030021,2.633693522482703,1.1358163255225742,0.01823368095980242,0.020230498640583044,92,49894,0.011404245932918175,0.01340788784807875,38,49832,0.07789323824253201,0.07976906588399377,1598,49894,0.01877051367541946,0.02076940380695612,97,49832,0.030260310224943573,0.03224957608148797,243,49778,0.010390185163734841,0.012394310311128335,32,49832,0.07082823608453165,0.07273129988253496,1311,49778,0.04649910869243632,0.04846022617109886,566,49832,0.8891,0.9720038142602562,0.29187,0.386866200629985,0.29851,False,/data/suehara/part/march/datasets/20250711_ilc_nnqq_sgv_10m_3cat_parquet,val50k_tail,150000,proxy
71,71,8640000,,lr_3e-6,1.0077695999999999e-05,validation_total_reference_mistag_geomean_percent,0.41182959304982114,min,0.9853015134976161,0.9853015134976161,0.5568210913578925,0.3045926534463291,0.41182959304982114,,0.17262489833895947,0.0781516150872685,3.0911902539963525,0.2064004159250569,0.5082158170851121,0.06412440133859688,2.647543187300874,1.114161518908708,0.0176250861875343,0.019625382257299623,86,49819,0.01154883493797124,0.013549550246798932,39,49903,0.07660715523935442,0.07849028690903835,1540,49819,0.019342734732069707,0.02133831022033488,103,49903,0.030890992569095402,0.0328792931608245,253,49782,0.010375406047502641,0.01237668352420437,32,49903,0.07100902965956335,0.07291138414648804,1318,49782,0.04601715008517131,0.047976345281016894,556,49903,0.88984,0.9720867231070708,0.29118,0.386866200629985,0.29864,False,/data/suehara/part/march/datasets/20250711_ilc_nnqq_sgv_10m_3cat_parquet,val50k_tail,150000,proxy
71,71,8640000,,lr_6e-6,1.1337407999999998e-05,validation_total_reference_mistag_geomean_percent,0.4111972564358317,min,0.9781698715500502,0.9781698715500502,0.5548272653132872,0.30474923326790926,0.4111972564358317,,0.17674942446400177,0.07809996662256065,3.0589699827834917,0.20426145191568357,0.5062273862867346,0.06408202499198974,2.6235435572241825,1.113425178111756,0.01785059435957055,0.019851970188868983,88,49788,0.011541205276878724,0.013540600516161856,39,49936,0.07623761928704925,0.07812321771108084,1523,49788,0.019231450605484826,0.021225793018739066,102,49936,0.030829494999215154,0.03281795535957088,252,49780,0.010368551183474208,0.012368507847871659,32,49936,0.07069194163464645,0.07259533676163069,1306,49780,0.045986900475542686,0.04794483045995335,556,49936,0.88999,0.9720900717277491,0.29111,0.386866200629985,0.29863,False,/data/suehara/part/march/datasets/20250711_ilc_nnqq_sgv_10m_3cat_parquet,val50k_tail,150000,proxy
71,71,8640000,,lr_9e-6,1.2597119999999998e-05,validation_total_reference_mistag_geomean_percent,0.41027149293646276,min,0.98974913369301,0.98974913369301,0.5610210507627621,0.3000292015557404,0.41027149293646276,,0.17873280362213198,0.07617520147559696,3.0926800021660465,0.19244261048683023,0.5138086062941555,0.06414753934048312,2.6774244089053285,1.1225818972535062,0.01795442684917629,0.019955441677495897,89,49795,0.011392133174600307,0.01339364962398621,38,49885,0.0766435109273933,0.07852749036397766,1540,49795,0.018648945327975723,0.020645800452939733,96,49885,0.031052305446551288,0.03303870550249556,256,49824,0.010379148885896285,0.012381147541256883,32,49885,0.07137368751073091,0.07327323895942768,1334,49824,0.04620064928908627,0.04816021381867531,560,49885,0.88959,0.9720299492005576,0.2914,0.386866200629985,0.29999,False,/data/suehara/part/march/datasets/20250711_ilc_nnqq_sgv_10m_3cat_parquet,val50k_tail,150000,proxy
72,72,8760000,,lr_14e-6,1.4e-05,validation_total_reference_mistag_geomean_percent,0.4101311586256264,min,1.0054187992406403,1.0054187992406403,0.5658362699766113,0.29727250832215385,0.4101311586256264,,0.18883845333653596,0.0702924180034053,3.184137615224935,0.18476863209637742,0.5126767332879401,0.06426735218508997,2.6755317607126803,1.1628374290781573,0.01848366954176725,0.020484961715467546,94,49778,0.01091679897730521,0.01292229001353711,35,49792,0.07775995463790188,0.07964090292650397,1585,49778,0.018271003524257947,0.020271896475575115,92,49792,0.030984060495843797,0.032966130117019835,256,49934,0.010398529983355807,0.012404263024056903,32,49792,0.0712711906401188,0.0731666334476952,1336,49934,0.04707280025184994,0.049034407811000824,579,49792,0.88925,0.9718911918781034,0.29219,0.386866200629985,0.29715,False,/data/suehara/part/march/datasets/20250711_ilc_nnqq_sgv_10m_3cat_parquet,val50k_tail,150000,proxy
72,72,8760000,,lr_3e-6,1.0077695999999999e-05,validation_total_reference_mistag_geomean_percent,0.40286314525843725,min,1.0108993850188095,1.0108993850188095,0.5512403859812075,0.2944245703598606,0.40286314525843725,,0.18266123053287714,0.07214139925605943,3.233706016767547,0.1763456391749082,0.5142317658638491,0.05811390168662972,2.7097603014079086,1.1402348254606975,0.018156581274966256,0.02015647444101741,91,49819,0.01106017985057421,0.013061176127465842,36,49902,0.07831889566105935,0.08019630609800085,1611,49819,0.01780984573407356,0.019806665739385918,88,49902,0.031077819172581865,0.03306583814390359,256,49783,0.009833777056251965,0.011835335523548499,29,49902,0.07182676204556607,0.07372657883971886,1349,49783,0.0465583410681876,0.04851653056139153,569,49902,0.88915,0.9718171919078001,0.29235,0.386866200629985,0.29718,False,/data/suehara/part/march/datasets/20250711_ilc_nnqq_sgv_10m_3cat_parquet,val50k_tail,150000,proxy
72,72,8760000,,lr_6e-6,1.1337407999999998e-05,validation_total_reference_mistag_geomean_percent,0.40034804642624977,min,0.997687899530613,0.997687899530613,0.5523523020856034,0.2901745094066336,0.40034804642624977,,0.1765650045660762,0.06818136042121965,3.1922150789980197,0.18449075080213614,0.5000301379248779,0.062165359400693156,2.6808843203897297,1.1169711837421517,0.017831984162680288,0.019831279320962576,88,49840,0.010730430116698102,0.01273298961928797,34,49867,0.07780871183474189,0.07968699617541472,1591,49840,0.01824354561512536,0.020241440427615026,92,49867,0.030630090399681124,0.03261812083775904,249,49797,0.01020507671752037,0.012207877497184404,31,49867,0.07143828075508035,0.07333872316679924,1335,49797,0.04609201359427606,0.04805251046027248,557,49867,0.88939,0.9719883189959081,0.2917,0.386866200629985,0.2991,False,/data/suehara/part/march/datasets/20250711_ilc_nnqq_sgv_10m_3cat_parquet,val50k_tail,150000,proxy
72,72,8760000,,lr_9e-6,1.2597119999999998e-05,validation_total_reference_mistag_geomean_percent,0.4003794932568356,min,0.9979387129164353,0.9979387129164353,0.5523523020856034,0.29022009687533923,0.4003794932568356,,0.1765650045660762,0.06818136042121965,3.194221586084597,0.18449075080213614,0.5000301379248779,0.062165359400693156,2.6808843203897297,1.1169711837421517,0.017831984162680288,0.019831279320962576,88,49840,0.010730430116698102,0.01273298961928797,34,49867,0.07783267591491873,0.07971087974273788,1592,49840,0.01824354561512536,0.020241440427615026,92,49867,0.030630090399681124,0.03261812083775904,249,49797,0.01020507671752037,0.012207877497184404,31,49867,0.07143828075508035,0.07333872316679924,1335,49797,0.04609201359427606,0.04805251046027248,557,49867,0.88944,0.9719933353313163,0.29166,0.386866200629985,0.29909,False,/data/suehara/part/march/datasets/20250711_ilc_nnqq_sgv_10m_3cat_parquet,val50k_tail,150000,proxy
73,73,8880000,,lr_14e-6,1.4e-05,validation_total_reference_mistag_geomean_percent,0.4055737101945992,min,1.0038708887462324,1.0038708887462324,0.5386978506477934,0.3053474859853453,0.4055737101945992,,0.1843465643399214,0.07639419404125286,3.2320763455729065,0.19098549400827308,0.5054557303968733,0.056290458767238954,2.6817232617171176,1.1036950611262755,0.01822930009203014,0.02022563942031862,92,49906,0.011424873882108142,0.013432135438747604,38,49742,0.0782320896412475,0.08010629260662566,1613,49906,0.01860004586261093,0.020602700085914576,95,49742,0.03078260738599986,0.032768067573638385,252,49856,0.009678050988138818,0.011686120848872293,28,49742,0.07140757554879237,0.07330573535129642,1337,49856,0.045870753973916226,0.0478367111913517,549,49742,0.88915,0.9719512425549705,0.2921,0.386866200629985,0.29773,False,/data/suehara/part/march/datasets/20250711_ilc_nnqq_sgv_10m_3cat_parquet,val50k_tail,150000,proxy
73,73,8880000,,lr_3e-6,1.0077695999999999e-05,validation_total_reference_mistag_geomean_percent,0.40904807014132855,min,0.9919695935217725,0.9919695935217725,0.5527747763302412,0.302691676340861,0.40904807014132855,,0.1885543460948167,0.07408445736661949,3.159288297229368,0.19021685813159073,0.5049489014302545,0.06207075839146721,2.6192966295680247,1.1372964999620387,0.018455884757219886,0.020454177598324394,94,49853,0.011216107284466394,0.01321538309512312,37,49943,0.07740428058931707,0.07928339607422841,1575,49853,0.018525249423864926,0.020519874730319933,95,49943,0.03081109428146444,0.0328024862265212,251,49708,0.010189550967652589,0.012189307864950864,31,49943,0.07068587421045318,0.07259219714220895,1302,49708,0.046479028235792835,0.04843572787867172,568,49943,0.8893,0.9719269605020652,0.29199,0.386866200629985,0.29823,False,/data/suehara/part/march/datasets/20250711_ilc_nnqq_sgv_10m_3cat_parquet,val50k_tail,150000,proxy
73,73,8880000,,lr_6e-6,1.1337407999999998e-05,validation_total_reference_mistag_geomean_percent,0.40822332177252346,min,0.9928743802156101,0.9928743802156101,0.5611237706323841,0.2969866706077762,0.40822332177252346,,0.1785141291906666,0.07211827538018356,3.175144379111832,0.1903121100018864,0.5087472370986782,0.06610841958348952,2.632213914774564,1.119836576583581,0.017932475915121697,0.019931051275826582,89,49856,0.011056635772244973,0.013056991617755935,36,49918,0.07759218415814804,0.0794705505092759,1583,49856,0.01853451968983296,0.02053014011043977,95,49918,0.03092321850492576,0.03291357674284284,253,49730,0.010547187249895751,0.012547783879723873,33,49918,0.07084229969348578,0.07274725982075562,1309,49730,0.04612860873557355,0.04808698784845994,559,49918,0.88964,0.972103297257795,0.29126,0.386866200629985,0.29825,False,/data/suehara/part/march/datasets/20250711_ilc_nnqq_sgv_10m_3cat_parquet,val50k_tail,150000,proxy
73,73,8880000,,lr_9e-6,1.2597119999999998e-05,validation_total_reference_mistag_geomean_percent,0.4072990120605197,min,0.9898641198877769,0.9898641198877769,0.5647501870749465,0.29374489645536006,0.4072990120605197,,0.17650833884473008,0.07011499132463926,3.1611039891356345,0.1903121100018864,0.5087472370986782,0.06811170119449898,2.626181307732981,1.117833283769167,0.017826265752512897,0.019824921574402243,88,49856,0.010889250930622272,0.012889687037572286,35,49918,0.07742378646350759,0.07930271604292619,1576,49856,0.01853451968983296,0.02053014011043977,95,49918,0.03092321850492576,0.03291357674284284,253,49730,0.010719469977683816,0.012719986346072885,34,49918,0.07076209784458339,0.07266730058012212,1306,49730,0.04608690958365219,0.048045368957977744,558,49918,0.88962,0.9721105003128446,0.29119,0.386866200629985,0.29821,False,/data/suehara/part/march/datasets/20250711_ilc_nnqq_sgv_10m_3cat_parquet,val50k_tail,150000,proxy
74,74,9000000,,lr_14e-6,1.4e-05,validation_total_reference_mistag_geomean_percent,0.41092375852467744,min,0.9906587128072428,0.9906587128072428,0.5571190116260193,0.30309203562666787,0.41092375852467744,,0.1790924633707051,0.0741319561488485,3.141161128658266,0.20236020623103684,0.511042513939898,0.06411412313918775,2.639384382601996,1.1139829283680047,0.017990528481063597,0.01999555534584023,89,49695,0.011223296315218862,0.013223852015055384,37,49911,0.07730730697888127,0.07919312631715358,1561,49695,0.01914202688242325,0.0211374444092242,101,49911,0.030944147297180813,0.032927712397613426,255,49898,0.010373743430113587,0.012374700549718518,32,49911,0.07081956296753657,0.07271782207717604,1317,49898,0.04600981319289026,0.047968701520765926,556,49911,0.88968,0.9720016318957434,0.29138,0.386866200629985,0.29838,False,/data/suehara/part/march/datasets/20250711_ilc_nnqq_sgv_10m_3cat_parquet,val50k_tail,150000,proxy
74,74,9000000,,lr_3e-6,1.0077695999999999e-05,validation_total_reference_mistag_geomean_percent,0.4080452477667175,min,1.0002610758843602,1.0002610758843602,0.5640033612036406,0.2952126453106095,0.4080452477667175,,0.17658980131383933,0.07016559319818577,3.2528646089908926,0.18844473970725276,0.4940850549147161,0.07016559319818577,2.6471710318639237,1.1026021838878857,0.01783448712094481,0.019834062117534877,88,49833,0.01089710760388018,0.012898985374231006,35,49882,0.07853491048145159,0.08041102459761043,1621,49833,0.018445163688316488,0.020442299196222494,94,49882,0.03044490929692712,0.032433497967790034,246,49789,0.01089710760388018,0.012898985374231006,35,49882,0.07099917651362427,0.07290127849948931,1318,49789,0.04578476418745439,0.04774524763307454,550,49882,0.8892,0.9718091548423238,0.2925,0.386866200629985,0.29843,False,/data/suehara/part/march/datasets/20250711_ilc_nnqq_sgv_10m_3cat_parquet,val50k_tail,150000,proxy
74,74,9000000,,lr_6e-6,1.1337407999999998e-05,validation_total_reference_mistag_geomean_percent,0.41668716382506626,min,1.0083079272211815,1.0083079272211815,0.5667786152289843,0.30634217281897635,0.41668716382506626,,0.182496386607189,0.0741572152879372,3.2147441856130192,0.20242914979757085,0.5005427714852233,0.06614021467150145,2.649459357434549,1.176494136872462,0.018140208566462274,0.020138303567357484,91,49864,0.011227119237461987,0.013228355545176505,37,49894,0.07805874856795167,0.07993522529094674,1603,49864,0.019148543307338978,0.02114463794007583,101,49894,0.030661420821873932,0.03265146875412288,249,49746,0.010552259366753509,0.012553817029154141,33,49894,0.07105974619944673,0.0729634003191721,1318,49746,0.04730352644735439,0.049260576485729915,587,49894,0.8889,0.9717760122061415,0.29273,0.386866200629985,0.29887,False,/data/suehara/part/march/datasets/20250711_ilc_nnqq_sgv_10m_3cat_parquet,val50k_tail,150000,proxy
74,74,9000000,,lr_9e-6,1.2597119999999998e-05,validation_total_reference_mistag_geomean_percent,0.4114744648251613,min,1.02153801272856,1.02153801272856,0.5646650788397253,0.299843644574327,0.4114744648251613,,0.19048383055728496,0.0662384561782319,3.290357506812131,0.19470091235155304,0.5179578915788058,0.06222400535588265,2.668085335494856,1.182256163499735,0.018551229569969657,0.020548643700421337,95,49873,0.010567929149143063,0.012572455816273392,33,49820,0.07894549359810099,0.08081859952471376,1641,49873,0.018775031092513415,0.020774400799130222,97,49820,0.03118466693617511,0.03317141880798159,258,49811,0.010214701867383779,0.012219389689530156,31,49820,0.0712599157559047,0.07316033792876785,1329,49811,0.04745476031167168,0.04941448588434028,589,49820,0.88879,0.9717192812295532,0.29308,0.386866200629985,0.29983,False,/data/suehara/part/march/datasets/20250711_ilc_nnqq_sgv_10m_3cat_parquet,val50k_tail,150000,proxy
75,75,9120000,,lr_14e-6,1.4e-05,validation_total_reference_mistag_geomean_percent,0.4022524589428323,min,0.9880599233107495,0.9880599233107495,0.5542198433146542,0.2919546145403715,0.4022524589428323,,0.16424965506469685,0.07229786933978154,3.140774057079768,0.19480258522434757,0.49813200498132004,0.06426477085592641,2.6633994614557195,1.1065589824844357,0.0171525140088272,0.019148938659423815,82,49924,0.01108416193587046,0.013089491873927975,36,49794,0.07712727582677228,0.07900446064494152,1568,49924,0.01878482629274357,0.02078523586853801,97,49794,0.030573604524389546,0.032562150449832586,248,49786,0.010398112424038042,0.012403765008801328,32,49794,0.07121576835238189,0.07311733304399964,1326,49786,0.045907368847058,0.0478711580217471,551,49794,0.88931,0.9719400922390973,0.29181,0.386866200629985,0.2986,False,/data/suehara/part/march/datasets/20250711_ilc_nnqq_sgv_10m_3cat_parquet,val50k_tail,150000,proxy
75,75,9120000,,lr_3e-6,1.0077695999999999e-05,validation_total_reference_mistag_geomean_percent,0.40740043243898905,min,1.0020566758986886,1.0020566758986886,0.5536330634488581,0.29979263037061593,0.40740043243898905,,0.1766252482040746,0.07232836867478837,3.2113681727693146,0.19689389781538386,0.5009216864251339,0.0622827620671521,2.6669070312123266,1.1291262400213364,0.017838063994730164,0.019838038896247634,88,49823,0.011088837201607773,0.013095011976759321,36,49773,0.07805028778442372,0.07992844416514142,1600,49823,0.018894090514144733,0.020895260044489963,98,49773,0.030625077725896736,0.032608650961348226,250,49908,0.010224345190743424,0.012230923614669662,31,49773,0.07117603003497647,0.07307280588265547,1331,49908,0.04638750020541614,0.04835121112946872,562,49773,0.88899,0.9717997014451454,0.29244,0.386866200629985,0.29704,False,/data/suehara/part/march/datasets/20250711_ilc_nnqq_sgv_10m_3cat_parquet,val50k_tail,150000,proxy
75,75,9120000,,lr_6e-6,1.1337407999999998e-05,validation_total_reference_mistag_geomean_percent,0.4114140009938517,min,1.0066116962374418,1.0066116962374418,0.5609210034744586,0.3017563599247114,0.4114140009938517,,0.18079914014471435,0.0722383873838196,3.2282690281659527,0.19664893837599112,0.5111244597730481,0.06421189926758303,2.6698736437973998,1.1297280729910246,0.018065970185127296,0.020067545149684812,90,49779,0.011075045388980038,0.01307872793225494,36,49835,0.0782854237474713,0.0801645611942868,1607,49779,0.01887060414991252,0.02086929389461486,98,49835,0.030949097678511714,0.03293297755769444,255,49890,0.010389559842153543,0.012393564501465393,32,49835,0.07122776263383118,0.07312510388887902,1332,49890,0.046371711936474616,0.04833295569188316,563,49835,0.88919,0.971870865183606,0.29223,0.386866200629985,0.29862,False,/data/suehara/part/march/datasets/20250711_ilc_nnqq_sgv_10m_3cat_parquet,val50k_tail,150000,proxy
75,75,9120000,,lr_9e-6,1.2597119999999998e-05,validation_total_reference_mistag_geomean_percent,0.4211112933282425,min,1.0117843513403078,1.0117843513403078,0.5761307415030534,0.3078029145015606,0.4211112933282425,,0.17887650184641077,0.078109349466016,3.2077177877926504,0.20028039744608267,0.5178747222990047,0.0680953331338907,2.6756860564016707,1.1676346623367357,0.01796885010112788,0.019971467815782497,89,49755,0.011542591738072299,0.013542226860417346,39,49930,0.07805945528710154,0.07994032521968161,1596,49755,0.019035245589653492,0.021029987117259605,100,49930,0.031179671129064404,0.03316610731106222,258,49819,0.010716894374504776,0.0127169306111727,34,49930,0.0713543511249505,0.0732541630084009,1333,49819,0.04710680194462517,0.049062795828642286,583,49930,0.88897,0.971774673602599,0.29287,0.386866200629985,0.29816,False,/data/suehara/part/march/datasets/20250711_ilc_nnqq_sgv_10m_3cat_parquet,val50k_tail,150000,proxy
76,76,9240000,,lr_14e-6,1.4e-05,validation_total_reference_mistag_geomean_percent,0.41946168842437614,min,1.0083743728329932,1.0083743728329932,0.5678221142655334,0.30986483906744944,0.41946168842437614,,0.17865745638627348,0.07806088825515238,3.2379154684005442,0.20415924620578316,0.5228547922718079,0.06605151889466912,2.6384057404327046,1.140889871817012,0.01794686390703844,0.019947038246743792,89,49816,0.011535431938627548,0.013533828284350624,39,49961,0.07837114929774638,0.08024850379403856,1613,49816,0.019221835849398284,0.021215184424547024,102,49961,0.03136121609186139,0.03335112701580199,260,49727,0.01053811189091244,0.012536988976690226,33,49961,0.07092662521740248,0.07283145124317852,1312,49727,0.04654490280626214,0.04850075365714426,570,49961,0.88923,0.9718261954169546,0.29263,0.386866200629985,0.2979,False,/data/suehara/part/march/datasets/20250711_ilc_nnqq_sgv_10m_3cat_parquet,val50k_tail,150000,proxy
76,76,9240000,,lr_3e-6,1.0077695999999999e-05,validation_total_reference_mistag_geomean_percent,0.4103480626202685,min,0.9877408223139095,0.9877408223139095,0.5588504611861829,0.3013069581061142,0.4103480626202685,,0.18679950896720873,0.07208361417667877,3.1193507698898117,0.19622762452351863,0.500241090619617,0.06607664972027524,2.6458535553404823,1.115293765273684,0.01837723240170643,0.020378284905296945,93,49786,0.011051323911391348,0.013050719878113595,36,49942,0.0769739666058894,0.0788572152120904,1553,49786,0.01883020827545801,0.020824632814470764,98,49942,0.03064298340430113,0.03263184407971209,249,49776,0.010542120006687427,0.01254175652636336,33,49942,0.07099087706617171,0.07289352875577415,1317,49776,0.04602316155334005,0.047980781490438926,557,49942,0.88972,0.9720760317541832,0.29125,0.386866200629985,0.29799,False,/data/suehara/part/march/datasets/20250711_ilc_nnqq_sgv_10m_3cat_parquet,val50k_tail,150000,proxy
76,76,9240000,,lr_6e-6,1.1337407999999998e-05,validation_total_reference_mistag_geomean_percent,0.4061276887686769,min,0.9934435639256971,0.9934435639256971,0.5567088076889429,0.2962764326817444,0.4061276887686769,,0.18636155119147296,0.0683293474547318,3.104021620541219,0.19493961321905698,0.5196420673469948,0.060290601878605694,2.6624132080655243,1.151550501707971,0.01833418047700458,0.02033055906223262,93,49903,0.010753713967635338,0.01276061391347718,34,49759,0.07669917967288407,0.07857862734031405,1549,49903,0.01879802829029408,0.020799839399260573,97,49759,0.03122723381970031,0.03321268244562822,259,49842,0.010046138205453919,0.012053361252049768,30,49759,0.07116327204890124,0.07306273984876085,1327,49842,0.04685683440399362,0.04882019652323478,573,49759,0.88945,0.9720255276223057,0.29146,0.386866200629985,0.29928,False,/data/suehara/part/march/datasets/20250711_ilc_nnqq_sgv_10m_3cat_parquet,val50k_tail,150000,proxy
76,76,9240000,,lr_9e-6,1.2597119999999998e-05,validation_total_reference_mistag_geomean_percent,0.4080279363067876,min,1.0060266447125357,1.0060266447125357,0.5733954060800648,0.290352512492102,0.4080279363067876,,0.17417069067863636,0.0662132074980638,3.233168591925009,0.1906137835963483,0.5229915249293611,0.0682196689996983,2.649153055023911,1.1436826350492586,0.017685774130624003,0.019680722453523026,87,49951,0.010563901387815777,0.01256766490280272,33,49839,0.07821020307803642,0.08008267390983079,1615,49951,0.0185638748086763,0.020562646326478872,95,49839,0.03136939728198883,0.033359823048399476,260,49714,0.010736456983507614,0.012740139982410933,34,49839,0.07107825626515435,0.07298314802192604,1317,49714,0.04665822038496647,0.04861874676304976,570,49839,0.88914,0.9719441444393678,0.29212,0.386866200629985,0.29827,False,/data/suehara/part/march/datasets/20250711_ilc_nnqq_sgv_10m_3cat_parquet,val50k_tail,150000,proxy
77,77,9360000,,lr_14e-6,1.4e-05,validation_total_reference_mistag_geomean_percent,0.4143254962557278,min,1.0153619429345664,1.0153619429345664,0.5819200492736375,0.29499862921346504,0.4143254962557278,,0.18256961608787767,0.06621586209382768,3.2521466954567533,0.19262795962384405,0.5098046933676771,0.07223548910533278,2.689520918826626,1.1577743089145935,0.018147481678882714,0.020146375464931268,91,49844,0.010564325218106184,0.012568169037532504,33,49837,0.078517859406399,0.08039358829805554,1621,49844,0.01866689201546789,0.020665662914493836,96,49837,0.030928187542442025,0.032914788188368946,254,49823,0.011074601062969027,0.013078203314757232,36,49837,0.07153329476148294,0.0734323987714381,1340,49823,0.04694846778876532,0.04890850734314712,577,49837,0.88897,0.9717679184547124,0.29283,0.386866200629985,0.29951,False,/data/suehara/part/march/datasets/20250711_ilc_nnqq_sgv_10m_3cat_parquet,val50k_tail,150000,proxy
77,77,9360000,,lr_3e-6,1.0077695999999999e-05,validation_total_reference_mistag_geomean_percent,0.41647848538761917,min,1.0061648360525188,1.0061648360525188,0.5725359939619923,0.3029579460855347,0.41647848538761917,,0.17466723780351684,0.07421819933167381,3.1761328658339996,0.20460152373438242,0.509610365332996,0.06820051216986191,2.694514699754399,1.1473732844593212,0.01773615682604771,0.01973677247636633,87,49809,0.011236349950019996,0.013239229630626886,37,49853,0.07764018997227368,0.07952028903561864,1582,49809,0.019263440687213244,0.021261089761370103,102,49853,0.030916425046714942,0.032902276204600095,254,49842,0.010733442704076165,0.012736563797288433,34,49853,0.0715853115185898,0.07348349121618636,1343,49842,0.04672774434677212,0.04868757211275183,572,49853,0.88949,0.9719271450286969,0.29212,0.386866200629985,0.29942,False,/data/suehara/part/march/datasets/20250711_ilc_nnqq_sgv_10m_3cat_parquet,val50k_tail,150000,proxy
77,77,9360000,,lr_6e-6,1.1337407999999998e-05,validation_total_reference_mistag_geomean_percent,0.40996324021177594,min,1.0160336030743875,1.0160336030743875,0.5696107642640332,0.2950608887142316,0.40996324021177594,,0.17839247302227598,0.06815949154616795,3.273201115373647,0.19044563627952174,0.5147694596931491,0.06615480142778729,2.6864532430634323,1.1506926041891175,0.017920264248167922,0.019917482485388258,89,49890,0.010726989229769645,0.012728907299963926,34,49883,0.07873045782674781,0.08060361326390902,1633,49890,0.018547513659992715,0.020544528909659805,95,49883,0.03111023841465251,0.03310031444378096,256,49731,0.010554585717686396,0.012556584161987678,33,49883,0.07155826266208795,0.0734610032268039,1336,49731,0.04678215282327841,0.04874066887569084,574,49883,0.88894,0.9718519767980492,0.29254,0.386866200629985,0.2995,False,/data/suehara/part/march/datasets/20250711_ilc_nnqq_sgv_10m_3cat_parquet,val50k_tail,150000,proxy
77,77,9360000,,lr_9e-6,1.2597119999999998e-05,validation_total_reference_mistag_geomean_percent,0.4137643044414241,min,1.0153619715800182,1.0153619715800182,0.5817762452340667,0.29427275697895855,0.4137643044414241,,0.18256961608787767,0.06621586209382768,3.2541529260953967,0.19062143471948842,0.5098046933676771,0.07223548910533278,2.6915279254852202,1.1557678256853245,0.018147481678882714,0.020146375464931268,91,49844,0.010564325218106184,0.012568169037532504,33,49837,0.0785415762522862,0.08041722464401102,1622,49844,0.018564619183122022,0.020563470604693934,95,49837,0.030928187542442025,0.032914788188368946,254,49823,0.011074601062969027,0.013078203314757232,36,49837,0.07155962301005729,0.07345864645220725,1341,49823,0.04690738109306321,0.04886750116999093,576,49837,0.889,0.9717612804933403,0.29286,0.386866200629985,0.29952,False,/data/suehara/part/march/datasets/20250711_ilc_nnqq_sgv_10m_3cat_parquet,val50k_tail,150000,proxy
78,78,9480000,,lr_14e-6,1.4e-05,validation_total_reference_mistag_geomean_percent,0.4093089799822023,min,1.0106780026099653,1.0106780026099653,0.5621177126016796,0.2980404946121783,0.4093089799822023,,0.1845092419039588,0.0722050616700153,3.2449560296228004,0.18251834318261015,0.5081954030555776,0.06418227766857876,2.691627967532566,1.137229696243616,0.01824537357460142,0.02024346798346103,92,49862,0.011069937791456392,0.013072697370975547,36,49858,0.07841879898893844,0.08029413917790412,1618,49862,0.018142389887985663,0.02014072445738653,91,49858,0.030889754451313665,0.03287797598775458,253,49784,0.010384768209465139,0.012387849607901989,32,49858,0.07158858885726767,0.0734890959243669,1340,49784,0.04651643385358804,0.048476471971783605,567,49858,0.88919,0.9718022438982361,0.29267,0.386866200629985,0.2987,False,/data/suehara/part/march/datasets/20250711_ilc_nnqq_sgv_10m_3cat_parquet,val50k_tail,150000,proxy
78,78,9480000,,lr_3e-6,1.0077695999999999e-05,validation_total_reference_mistag_geomean_percent,0.4194255235314309,min,1.0195681941253112,1.0195681941253112,0.570055569402721,0.30859758106377905,0.4194255235314309,,0.18264656930124087,0.07818921714191686,3.26556014607472,0.19447062008756638,0.5100196891756228,0.06616010681239119,2.7006948614743114,1.1588043429347212,0.01815512472640743,0.020154857924510626,91,49823,0.011554390121483514,0.013556066576258673,39,49879,0.07869265496590408,0.08056863601589373,1627,49823,0.018752841369598088,0.020749855378463446,97,49879,0.030941198613044542,0.032928628298889775,254,49802,0.010555431917814887,0.012557590694580702,33,49879,0.07169464598942438,0.07359410205627984,1345,49802,0.04695016862050899,0.04890851648312218,578,49879,0.88871,0.9717315196590857,0.29312,0.386866200629985,0.29928,False,/data/suehara/part/march/datasets/20250711_ilc_nnqq_sgv_10m_3cat_parquet,val50k_tail,150000,proxy
78,78,9480000,,lr_6e-6,1.1337407999999998e-05,validation_total_reference_mistag_geomean_percent,0.4090508636869084,min,1.0121821169474505,1.0121821169474505,0.5607171529138055,0.29840822277952833,0.4090508636869084,,0.1845092419039588,0.0722050616700153,3.261000452806154,0.18251834318261015,0.5041780323286007,0.06418227766857876,2.695645181425238,1.1332183445944486,0.01824537357460142,0.02024346798346103,92,49862,0.011069937791456392,0.013072697370975547,36,49858,0.07860843664467682,0.08048313329906964,1626,49862,0.018142389887985663,0.02014072445738653,91,49858,0.030764166586043275,0.032752549510652304,251,49784,0.010384768209465139,0.012387849607901989,32,49858,0.07164127424204719,0.07354161992097832,1342,49784,0.04643351026575888,0.04839370929341346,565,49858,0.88919,0.971790443491732,0.29273,0.386866200629985,0.29872,False,/data/suehara/part/march/datasets/20250711_ilc_nnqq_sgv_10m_3cat_parquet,val50k_tail,150000,proxy
78,78,9480000,,lr_9e-6,1.2597119999999998e-05,validation_total_reference_mistag_geomean_percent,0.40626451914132755,min,1.003608627578869,1.003608627578869,0.5680034531600362,0.29058073255521333,0.40626451914132755,,0.182668562031385,0.06620922065233055,3.1936888388954516,0.1845832849831178,0.5075734833748308,0.06620922065233055,2.6662655225923753,1.1616708874491295,0.018157309636891023,0.02015728279651384,91,49817,0.010563265706139989,0.01256690877653548,33,49842,0.07784406457000924,0.07972315691006995,1591,49817,0.018252689077113644,0.020251582270413647,92,49842,0.03085203947663399,0.03283785284269028,253,49845,0.010563265706139989,0.01256690877653548,33,49842,0.07121194730282769,0.0731111462185758,1329,49845,0.047025838940301275,0.04898552552096546,579,49842,0.88903,0.9718811422579305,0.29219,0.386866200629985,0.2988,False,/data/suehara/part/march/datasets/20250711_ilc_nnqq_sgv_10m_3cat_parquet,val50k_tail,150000,proxy
79,79,9600000,,lr_14e-6,1.4e-05,validation_total_reference_mistag_geomean_percent,0.4131398648878439,min,1.0025560271463831,1.0025560271463831,0.5726281115989393,0.2980722470696495,0.4131398648878439,,0.18063947078280043,0.07416018926781116,3.161190520866144,0.18640262055871637,0.5161782613938498,0.0661428687579989,2.645162611851871,1.1905716736918739,0.018050027961502763,0.02004984172741069,90,49823,0.01122756916424755,0.013228885573924178,37,49892,0.07745015557228327,0.07933032614812,1575,49823,0.01833821950120815,0.02033503658457937,93,49892,0.031136309572685032,0.03312401078689221,257,49789,0.010552682263369868,0.012554320053496893,33,49892,0.07097258285270816,0.07287476551645078,1317,49789,0.04758916447768352,0.04954572865964388,594,49892,0.88905,0.9718098486361074,0.29253,0.386866200629985,0.30022,False,/data/suehara/part/march/datasets/20250711_ilc_nnqq_sgv_10m_3cat_parquet,val50k_tail,150000,proxy
79,79,9600000,,lr_3e-6,1.0077695999999999e-05,validation_total_reference_mistag_geomean_percent,0.41244995832350667,min,1.0036451814749103,1.0036451814749103,0.5754809230455111,0.2956048781266188,0.41244995832350667,,0.18069748523450968,0.07212839064849076,3.144136312433194,0.18633166695534578,0.5202265703561666,0.06611768754679166,2.6613906675893166,1.198132671035468,0.018055821877252173,0.020056275720316718,90,49807,0.011058186026998557,0.01305882201078876,36,49911,0.07725724820297833,0.07913870755222388,1566,49807,0.018331244122192916,0.020327303920623235,93,49911,0.03126227502083471,0.03324993338266729,259,49786,0.01054866611355877,0.012549542949210018,33,49911,0.07118926019511161,0.07309090557432972,1325,49786,0.047732458063748893,0.04968797446556986,598,49911,0.88913,0.9718230963435683,0.29235,0.386866200629985,0.30027,False,/data/suehara/part/march/datasets/20250711_ilc_nnqq_sgv_10m_3cat_parquet,val50k_tail,150000,proxy
79,79,9600000,,lr_6e-6,1.1337407999999998e-05,validation_total_reference_mistag_geomean_percent,0.41083788276681105,min,1.00753122633308,1.00753122633308,0.5603172941520154,0.30123604550125394,0.41083788276681105,,0.18048008319003833,0.07425692988385481,3.2225719687845302,0.19065967736342243,0.5199759022398334,0.06221526283480291,2.668138833112671,1.141951153255487,0.01803411384931155,0.02003216951318395,90,49867,0.01124221144142639,0.013246134660139793,37,49827,0.07814948989953857,0.08002553978958271,1607,49867,0.018568341950967012,0.02056759298723176,95,49827,0.031247247738292426,0.0332339584685145,259,49810,0.010213267183889985,0.01221767373182222,31,49827,0.07126132757080302,0.07316178574558636,1329,49810,0.04662804100969368,0.04858910903767066,569,49827,0.88918,0.971846136385906,0.29243,0.386866200629985,0.29926,False,/data/suehara/part/march/datasets/20250711_ilc_nnqq_sgv_10m_3cat_parquet,val50k_tail,150000,proxy
79,79,9600000,,lr_9e-6,1.2597119999999998e-05,validation_total_reference_mistag_geomean_percent,0.4134380152321971,min,1.004060480490511,1.004060480490511,0.5730006808041688,0.2983085328960657,0.4134380152321971,,0.18063947078280043,0.07416018926781116,3.1712261167426243,0.18640262055871637,0.5161782613938498,0.0661428687579989,2.6431540390616997,1.1945802773585878,0.018050027961502763,0.02004984172741069,90,49823,0.01122756916424755,0.013228885573924178,37,49892,0.07757059926828333,0.0794503670050968,1580,49823,0.01833821950120815,0.02033503658457937,93,49892,0.031136309572685032,0.03312401078689221,257,49789,0.010552682263369868,0.012554320053496893,33,49892,0.07094597825815334,0.07284824159977353,1316,49789,0.04766991830995326,0.04962632180168826,596,49892,0.88907,0.9718045620179311,0.29256,0.386866200629985,0.30023,False,/data/suehara/part/march/datasets/20250711_ilc_nnqq_sgv_10m_3cat_parquet,val50k_tail,150000,proxy
80,80,9720000,,lr_14e-6,1.4e-05,validation_total_reference_mistag_geomean_percent,0.42802341750675615,min,1.0166932491357035,1.0166932491357035,0.5848012398141128,0.31327574817111675,0.42802341750675615,,0.18617128257969037,0.07839196191482702,3.218961498607919,0.2050251304072578,0.5220883374167956,0.0723618083350168,2.706827412079531,1.1437185617445897,0.018315477315605636,0.02030982537775856,93,49954,0.011584341032620089,0.013591199509442695,39,49750,0.07803934453451053,0.07991227171118762,1608,49954,0.019303287511557906,0.021305055310169834,102,49750,0.03131535470738203,0.03330237953204779,260,49800,0.011093962258184199,0.01310106314825494,36,49750,0.07177631552618483,0.07367560159235939,1348,49800,0.04669981704994233,0.04866384918626211,569,49750,0.889,0.9717601377302544,0.29314,0.386866200629985,0.29794,False,/data/suehara/part/march/datasets/20250711_ilc_nnqq_sgv_10m_3cat_parquet,val50k_tail,150000,proxy
80,80,9720000,,lr_3e-6,1.0077695999999999e-05,validation_total_reference_mistag_geomean_percent,0.420384727029712,min,0.9763767240300084,0.9763767240300084,0.5695599643583273,0.3102804441652495,0.420384727029712,,0.1946618409920245,0.07638344526821247,3.040337027594575,0.20502924832828706,0.5187781609086217,0.07035317171970823,2.5938908045431086,1.1115800928855295,0.018771266427300707,0.02077023647204029,97,49830,0.011423266810125501,0.013430246370129805,38,49749,0.07597761086503077,0.07786236785781372,1515,49830,0.01930367518194738,0.021305483051421974,102,49749,0.03117544200823179,0.033157624511646805,259,49925,0.010926232222899311,0.012933454205897187,35,49749,0.07019544933526793,0.07209450430317003,1295,49925,0.04603286028262467,0.04799822389539819,553,49749,0.88992,0.9719972486155921,0.29151,0.386866200629985,0.29806,False,/data/suehara/part/march/datasets/20250711_ilc_nnqq_sgv_10m_3cat_parquet,val50k_tail,150000,proxy
80,80,9720000,,lr_6e-6,1.1337407999999998e-05,validation_total_reference_mistag_geomean_percent,0.42367975042182987,min,1.0002350186783726,1.0002350186783726,0.573342018165814,0.31308455551846587,0.42367975042182987,,0.1886527403238324,0.07800935959953163,3.1689646870852273,0.20602472686539677,0.5192923247491413,0.07000839981154477,2.648793293706115,1.1221346172861912,0.018465507351341337,0.02046483894247589,94,49827,0.011527819970624657,0.01352489930411307,39,49994,0.07754040016813915,0.07942010777761341,1579,49827,0.019307558045114744,0.02129951625201676,103,49994,0.031264818132748035,0.03325663472105557,258,49683,0.010872701768131744,0.012870101172031802,35,49994,0.07109536751444163,0.07300146229948963,1316,49683,0.04614201522335267,0.04809732536812054,561,49994,0.88974,0.9719797709258243,0.29195,0.386866200629985,0.29991,False,/data/suehara/part/march/datasets/20250711_ilc_nnqq_sgv_10m_3cat_parquet,val50k_tail,150000,proxy
80,80,9720000,,lr_9e-6,1.2597119999999998e-05,validation_total_reference_mistag_geomean_percent,0.4289627043406242,min,1.01919735577877,1.01919735577877,0.5851664927752758,0.3144558070003636,0.4289627043406242,,0.18817311743040788,0.07839196191482702,3.2329744051465346,0.2050251304072578,0.5220883374167956,0.0723618083350168,2.7088354283070117,1.145728657272307,0.01841859963612948,0.02041286755248336,94,49954,0.011584341032620089,0.013591199509442695,39,49750,0.07820558174047379,0.0800779478965584,1615,49954,0.019303287511557906,0.021305055310169834,102,49750,0.03131535470738203,0.03330237953204779,260,49800,0.011093962258184199,0.01310106314825494,36,49750,0.07180257057695476,0.07370177600088783,1349,49800,0.04674123516726376,0.0487051864991676,570,49750,0.88897,0.9717543674767845,0.29317,0.386866200629985,0.29795,False,/data/suehara/part/march/datasets/20250711_ilc_nnqq_sgv_10m_3cat_parquet,val50k_tail,150000,proxy
81,81,9840000,,lr_14e-6,1.4e-05,validation_total_reference_mistag_geomean_percent,0.4050213992494512,min,1.0025940707209324,1.0025940707209324,0.5540295141072923,0.29608952171854014,0.4050213992494512,,0.18247443531379276,0.07037863568540476,3.2003209306206672,0.18700609002498741,0.5190068766668887,0.06032454783467127,2.677193628184391,1.124047421436656,0.018138027769410824,0.020135883259233493,91,49870,0.01093018586565568,0.012938133318520331,35,49731,0.07788231694252253,0.07975914632897263,1596,49870,0.0183975404254225,0.020400797640383536,93,49731,0.03118915321762136,0.033172200393265155,259,49903,0.010051793180302249,0.01206014496402066,30,49731,0.07131488016315461,0.0732114337958941,1336,49903,0.046301137721260766,0.04826671130065095,559,49731,0.8894,0.9718930563276653,0.29194,0.386866200629985,0.29775,False,/data/suehara/part/march/datasets/20250711_ilc_nnqq_sgv_10m_3cat_parquet,val50k_tail,150000,proxy
81,81,9840000,,lr_3e-6,1.0077695999999999e-05,validation_total_reference_mistag_geomean_percent,0.4097147247216986,min,1.0158357270845915,1.0158357270845915,0.5603954614626695,0.2995494560495466,0.4097147247216986,,0.1864549535006337,0.07031360106404254,3.2178515736746833,0.19085118767705192,0.5215751416472529,0.060268800912036465,2.7302454694228944,1.1491250887781366,0.01834336265198204,0.020340738102569415,93,49878,0.010920087793847772,0.01292618230955149,35,49777,0.07808487658429591,0.07996070201953809,1605,49878,0.018586978208472292,0.020588229717318093,95,49777,0.031284646197439134,0.03326973846797185,260,49849,0.010042506223209319,0.012049004322817875,30,49777,0.07204687791677981,0.07394335754201849,1361,49849,0.04679869928677343,0.04876144889109906,572,49777,0.88925,0.9718669046411551,0.29251,0.386866200629985,0.29907,False,/data/suehara/part/march/datasets/20250711_ilc_nnqq_sgv_10m_3cat_parquet,val50k_tail,150000,proxy
81,81,9840000,,lr_6e-6,1.1337407999999998e-05,validation_total_reference_mistag_geomean_percent,0.41602583135737653,min,0.9975679934359938,0.9975679934359938,0.565770508120013,0.3059146595175346,0.41602583135737653,,0.1785141291906666,0.07614924992709955,3.1831675251438347,0.20239670359216472,0.4884814863981206,0.07013746669497736,2.6554900207916003,1.1262073657494867,0.017932475915121697,0.019931051275826582,89,49856,0.011388253398606168,0.013389089049667825,38,49902,0.0776882274464416,0.07956627195283145,1587,49856,0.019145476201857192,0.021141252139274692,101,49902,0.030279732333944598,0.03227026517066047,243,49746,0.010892741386298747,0.012893817976105358,35,49902,0.0711395277929034,0.07304293946039549,1321,49746,0.04626822642702193,0.04822697811063051,562,49902,0.8893,0.9719884021322874,0.29159,0.386866200629985,0.29801,False,/data/suehara/part/march/datasets/20250711_ilc_nnqq_sgv_10m_3cat_parquet,val50k_tail,150000,proxy
81,81,9840000,,lr_9e-6,1.2597119999999998e-05,validation_total_reference_mistag_geomean_percent,0.40237003999184867,min,0.9838898871339461,0.9838898871339461,0.5548041473147572,0.29181766190221026,0.40237003999184867,,0.18055249902224607,0.07009954186286965,3.1095150848443165,0.1842616443372384,0.49268016324841735,0.06409100923311102,2.6282980180184157,1.1416211365049542,0.018041344056533046,0.020040198474338362,90,49847,0.010886852539666815,0.012886848552430736,35,49929,0.07680833216700232,0.07868967083189335,1550,49847,0.018220909310175636,0.020216332436490667,92,49929,0.030418468826816977,0.03240955329744068,245,49728,0.01037000448853903,0.012370241179537108,32,49929,0.0707916530359641,0.0726968472710865,1307,49728,0.04657457216600009,0.04853164722700715,570,49929,0.88957,0.9720652837255326,0.29109,0.386866200629985,0.29905,False,/data/suehara/part/march/datasets/20250711_ilc_nnqq_sgv_10m_3cat_parquet,val50k_tail,150000,proxy
82,82,9960000,,lr_14e-6,1.4e-05,validation_total_reference_mistag_geomean_percent,0.39776864476989654,min,0.9866661839671325,0.9866661839671325,0.548786559709048,0.288308618283152,0.39776864476989654,,0.174425592697291,0.06825390318677074,3.0755043930916597,0.1887019759575439,0.4998795608785054,0.05821656619476568,2.6539788421968704,1.1743686375336537,0.017711639289659933,0.019709497081578008,87,49878,0.010741843838377164,0.012746531024785877,34,49814,0.07637146800254097,0.07825300114353007,1534,49878,0.018470322412175614,0.020470173783395804,94,49814,0.030620887751127597,0.032608325586749,249,49812,0.009851145313220176,0.011856235484227937,29,49814,0.07107303961393467,0.07297399000998038,1322,49812,0.047297550395540566,0.04925782867913446,585,49814,0.88958,0.9719962110724151,0.29147,0.386866200629985,0.29767,False,/data/suehara/part/march/datasets/20250711_ilc_nnqq_sgv_10m_3cat_parquet,val50k_tail,150000,proxy
82,82,9960000,,lr_3e-6,1.0077695999999999e-05,validation_total_reference_mistag_geomean_percent,0.41710145708456076,min,1.0087640810105745,1.0087640810105745,0.5733282585147911,0.3034450559837099,0.41710145708456076,,0.17478653085434598,0.07428227427442168,3.2204923086335433,0.20277053309999377,0.5168372738600338,0.06825938566552901,2.6623128924500503,1.1503714492466792,0.017748262911874764,0.019750240309036923,87,49775,0.011246047262613863,0.013250653382842873,37,49810,0.07819608421257632,0.0800756851361141,1603,49775,0.0191808073453416,0.021180254434217255,101,49810,0.031117358325083964,0.033099856831638776,258,49919,0.010742706236831158,0.012747554186654865,34,49810,0.07110776822366223,0.07300431017290172,1329,49919,0.046809120305101384,0.04877051953774622,573,49810,0.88918,0.9718239021772185,0.2924,0.386866200629985,0.29879,False,/data/suehara/part/march/datasets/20250711_ilc_nnqq_sgv_10m_3cat_parquet,val50k_tail,150000,proxy
82,82,9960000,,lr_6e-6,1.1337407999999998e-05,validation_total_reference_mistag_geomean_percent,0.4151242650743622,min,1.0019221029237557,1.0019221029237557,0.5617438182975782,0.30677356802214095,0.4151242650743622,,0.1868595450111501,0.07613552011053033,3.1705846225000913,0.19634949803186114,0.5178331476742626,0.06411412313918775,2.687513872307619,1.115986494615343,0.018383135564763044,0.020384828938255738,93,49770,0.011386200469215721,0.013386675885098558,38,49911,0.07760369894470598,0.07948549417929746,1578,49770,0.018841893947165487,0.020837552325827416,98,49911,0.03117717382570464,0.033163452200412474,258,49823,0.010373743430113587,0.012374700549718518,32,49911,0.07150695585949711,0.07340614043725678,1339,49823,0.046051595442440224,0.0480104034863621,557,49911,0.88974,0.971933466326409,0.29171,0.386866200629985,0.2979,False,/data/suehara/part/march/datasets/20250711_ilc_nnqq_sgv_10m_3cat_parquet,val50k_tail,150000,proxy
82,82,9960000,,lr_9e-6,1.2597119999999998e-05,validation_total_reference_mistag_geomean_percent,0.4149169054498666,min,1.0016714952758814,1.0016714952758814,0.5610938859826272,0.306822160656058,0.4149169054498666,,0.1868595450111501,0.07613552011053033,3.172593969900271,0.19634949803186114,0.5158260185962144,0.06411412313918775,2.6855067928024927,1.115986494615343,0.018383135564763044,0.020384828938255738,93,49770,0.011386200469215721,0.013386675885098558,38,49911,0.07762780364850737,0.07950951814361187,1579,49770,0.018841893947165487,0.020837552325827416,98,49911,0.031115111809363813,0.033101470751876506,257,49823,0.010373743430113587,0.012374700549718518,32,49911,0.07148060629249518,0.07337987143806006,1338,49823,0.046051595442440224,0.0480104034863621,557,49911,0.88975,0.9719371262731794,0.2917,0.386866200629985,0.29789,False,/data/suehara/part/march/datasets/20250711_ilc_nnqq_sgv_10m_3cat_parquet,val50k_tail,150000,proxy
83,83,10080000,,lr_14e-6,1.4e-05,validation_total_reference_mistag_geomean_percent,0.41326414218064644,min,1.0001269315347163,1.0001269315347163,0.546659442913193,0.312419831810032,0.41326414218064644,,0.1868633171934097,0.07815631243405681,3.2228897165580963,0.20240480479159773,0.5076753201903969,0.06012023901024121,2.6306813204104698,1.1122244216894623,0.018383504638377554,0.020385238079868993,93,49769,0.01154952904376833,0.013550364445358494,39,49900,0.07822925761572508,0.080108988789096,1604,49769,0.01914624288611058,0.021142098487817285,101,49900,0.030858215946789197,0.03284442369506039,253,49835,0.010017757790439232,0.012019316066206036,30,49900,0.07074827461515942,0.07264928267166001,1311,49835,0.04597807187669955,0.047937462492162776,555,49900,0.88965,0.9719716228809893,0.29183,0.386866200629985,0.30066,False,/data/suehara/part/march/datasets/20250711_ilc_nnqq_sgv_10m_3cat_parquet,val50k_tail,150000,proxy
83,83,10080000,,lr_3e-6,1.0077695999999999e-05,validation_total_reference_mistag_geomean_percent,0.4115678848882309,min,0.9983697903958432,0.9983697903958432,0.5462704070744706,0.31008109111845067,0.4115678848882309,,0.18485402015748245,0.07615230796246189,3.212843333381336,0.2044088126348201,0.5076753201903969,0.06012023901024121,2.63268789576587,1.1082163940641363,0.018279440517229937,0.02028125470145343,92,49769,0.011388709705673973,0.013389625426617082,38,49900,0.07810968816511915,0.07998982305215119,1599,49769,0.019245312764356454,0.02124108804671017,102,49900,0.030858215946789197,0.03284442369506039,253,49835,0.010017757790439232,0.012019316066206036,30,49900,0.07077491044877905,0.07267583797627049,1312,49835,0.04589429466139768,0.04785384591556672,553,49900,0.88961,0.9719557993922555,0.29191,0.386866200629985,0.30069,False,/data/suehara/part/march/datasets/20250711_ilc_nnqq_sgv_10m_3cat_parquet,val50k_tail,150000,proxy
83,83,10080000,,lr_6e-6,1.1337407999999998e-05,validation_total_reference_mistag_geomean_percent,0.4052768597312185,min,1.0023674209765372,1.0023674209765372,0.5541968396114308,0.2963736371155769,0.4052768597312185,,0.18041134094054606,0.06812125616860344,3.19728979732024,0.19634949803186114,0.5190415693404324,0.06010699220707563,2.661596842359093,1.1360220714444447,0.01802725051813477,0.020024547956832162,90,49886,0.010720972984664734,0.012721769536362303,34,49911,0.07783382526143773,0.07971017421724569,1595,49886,0.018841893947165487,0.020837552325827416,98,49911,0.03124975841513715,0.03324062340332081,258,49707,0.010015550456762194,0.01201666814427449,30,49911,0.07124778575793786,0.07315244509011054,1323,49707,0.04646730495232489,0.048425310156709894,567,49911,0.88938,0.9719348758413306,0.29202,0.386866200629985,0.30048,False,/data/suehara/part/march/datasets/20250711_ilc_nnqq_sgv_10m_3cat_parquet,val50k_tail,150000,proxy
83,83,10080000,,lr_9e-6,1.2597119999999998e-05,validation_total_reference_mistag_geomean_percent,0.4082037521603843,min,0.9835486206671422,0.9835486206671422,0.5509412901632748,0.3024465696307397,0.4082037521603843,,0.1765048020100691,0.07614619921526285,3.106885592052733,0.20038473526716916,0.5186659515382581,0.062119271123774925,2.6476086996262356,1.0800737145036352,0.017825908473650325,0.019824524350591323,88,49857,0.01138779712810225,0.013388552715690453,38,49904,0.07676885309265795,0.07864991989465255,1549,49857,0.019045154398996345,0.02104093098496168,100,49904,0.03122719602134472,0.03321663531279913,258,49743,0.010197512223125997,0.012198829956058713,31,49904,0.07103735859637118,0.07294120192586732,1317,49743,0.045299809080915666,0.04726033112313257,539,49904,0.89002,0.9722213645176624,0.29058,0.386866200629985,0.29998,False,/data/suehara/part/march/datasets/20250711_ilc_nnqq_sgv_10m_3cat_parquet,val50k_tail,150000,proxy
84,84,10200000,,lr_14e-6,1.4e-05,validation_total_reference_mistag_geomean_percent,0.4112264430441306,min,1.0072131392745258,1.0072131392745258,0.5546658462661225,0.3048811975662764,0.4112264430441306,,0.17881180515886902,0.07612484400075456,3.200530361323913,0.1983252507481682,0.5078995444512463,0.060098561053227285,2.678015760966171,1.1578989864938583,0.0179623567711131,0.019964252869252755,89,49773,0.011384604257994676,0.013384799580627531,38,49918,0.07795976659240693,0.07984024513911572,1593,49773,0.01893978980797941,0.020935089182830054,99,49918,0.030871812889904458,0.03285888883063212,253,49813,0.010014146296272121,0.012014983710417402,30,49918,0.07138924052858195,0.07328918770090273,1334,49813,0.04691368917046374,0.048870543316008146,578,49918,0.8893,0.971863955666559,0.29229,0.386866200629985,0.2979,False,/data/suehara/part/march/datasets/20250711_ilc_nnqq_sgv_10m_3cat_parquet,val50k_tail,150000,proxy
84,84,10200000,,lr_3e-6,1.0077695999999999e-05,validation_total_reference_mistag_geomean_percent,0.4236163153938488,min,1.015394580308237,1.015394580308237,0.5815966233694007,0.30854852909605485,0.4236163153938488,,0.18657464261117043,0.0743195748978378,3.2219235932491075,0.20287234501622056,0.5173139866827328,0.07030229902763648,2.6727888169139047,1.1770613840672846,0.018355129265225194,0.02035378215707738,93,49846,0.011251692933575745,0.013257304166686698,37,49785,0.0781580479629708,0.08003491423277873,1606,49846,0.019190430742808788,0.021190877762006493,101,49785,0.03114599125283394,0.033130299149633675,258,49873,0.010918333511800084,0.012924106126595834,35,49785,0.07127811042618275,0.07317598150595288,1333,49873,0.04736574815578827,0.049327060116425084,586,49785,0.88907,0.9718635117314592,0.29274,0.386866200629985,0.29933,False,/data/suehara/part/march/datasets/20250711_ilc_nnqq_sgv_10m_3cat_parquet,val50k_tail,150000,proxy
84,84,10200000,,lr_6e-6,1.1337407999999998e-05,validation_total_reference_mistag_geomean_percent,0.4170182800779239,min,1.009430052949361,1.009430052949361,0.5546475925539815,0.3135400716667212,0.4170182800779239,,0.18843340465142064,0.07821273960647497,3.2374462108816866,0.20255093768511254,0.5024620533275576,0.06216910056064508,2.669078514042179,1.1350874628398109,0.018444055323092692,0.02044107118338158,94,49885,0.011557864825883016,0.013560142465965288,39,49864,0.07831201080793423,0.08018678745364202,1615,49885,0.01916005371032322,0.02115734435752859,101,49864,0.030719035741977666,0.03270864656020611,250,49755,0.010205690546795355,0.012208611669829467,31,49864,0.07131257207993666,0.07321509324383427,1328,49755,0.04646942891541484,0.0484293171160435,566,49864,0.88943,0.9719892775609557,0.29217,0.386866200629985,0.29971,False,/data/suehara/part/march/datasets/20250711_ilc_nnqq_sgv_10m_3cat_parquet,val50k_tail,150000,proxy
84,84,10200000,,lr_9e-6,1.2597119999999998e-05,validation_total_reference_mistag_geomean_percent,0.4076907585322561,min,1.0000460840230108,1.0000460840230108,0.542930053822176,0.30613843058141915,0.4076907585322561,,0.18037517243201528,0.07615535916380821,3.190636463474318,0.2004088296088878,0.49688190229586493,0.05811856058657747,2.6714947281229486,1.126297656499666,0.018023640336437583,0.020020538940346604,90,49896,0.011389166049310073,0.013390161846543356,38,49898,0.07774670820524729,0.07962294779784926,1592,49896,0.019047442512484976,0.021043458110632345,100,49898,0.03055677746698019,0.03254841384866189,247,49710,0.009834565193754818,0.011836283923113467,29,49898,0.07137627752600642,0.07328042370415219,1328,49710,0.04627191562377418,0.04823082070615284,562,49898,0.88951,0.9720274853622287,0.29176,0.386866200629985,0.30006,False,/data/suehara/part/march/datasets/20250711_ilc_nnqq_sgv_10m_3cat_parquet,val50k_tail,150000,proxy
85,85,10320000,,lr_14e-6,1.4e-05,validation_total_reference_mistag_geomean_percent,0.4081760476610876,min,0.9956176771585823,0.9956176771585823,0.5621608008700453,0.29637015890537194,0.4081760476610876,,0.1705765453918513,0.07404590647347603,3.146635678527828,0.19412034774366493,0.5150490906164494,0.06403970461686245,2.6637694272139716,1.1367047166845534,0.017512729627954665,0.019512626218549628,85,49831,0.011210272974887015,0.01320851008081203,37,49969,0.07726896760797443,0.07914942050456994,1568,49831,0.018719093487211815,0.020712524731773752,97,49969,0.031127098174012734,0.03311824397058804,256,49704,0.010361705371261354,0.01236034296563331,32,49969,0.07127860147597351,0.07318328834789653,1324,49704,0.04645497468381155,0.048410679916673256,568,49969,0.88954,0.9719225314940351,0.29194,0.386866200629985,0.29884,False,/data/suehara/part/march/datasets/20250711_ilc_nnqq_sgv_10m_3cat_parquet,val50k_tail,150000,proxy
85,85,10320000,,lr_3e-6,1.0077695999999999e-05,validation_total_reference_mistag_geomean_percent,0.40420722482993626,min,1.0087789252765387,1.0087789252765387,0.5590070939940515,0.2922744315056175,0.40420722482993626,,0.1765189692171345,0.06824020652658598,3.245541982321884,0.18665703001140632,0.511770742700106,0.0622190100038021,2.671242375728851,1.148041085702539,0.017827337675035408,0.019826113341350718,88,49853,0.010739688447894077,0.012743973838540396,34,49824,0.07843272721924227,0.08030838245680905,1618,49853,0.018363227572384174,0.02036275965335739,93,49824,0.03098813735082995,0.0329744996079258,255,49827,0.010213881998893264,0.012218409083251783,31,49824,0.07129021163580114,0.07318989685298656,1331,49827,0.04675479385825125,0.048715735509844565,572,49824,0.889,0.9719104845085966,0.29217,0.386866200629985,0.29823,False,/data/suehara/part/march/datasets/20250711_ilc_nnqq_sgv_10m_3cat_parquet,val50k_tail,150000,proxy
85,85,10320000,,lr_6e-6,1.1337407999999998e-05,validation_total_reference_mistag_geomean_percent,0.4081312184831789,min,1.0083717084290436,1.0083717084290436,0.5597165892075824,0.2975989897608484,0.4081312184831789,,0.18645868814522656,0.07029524086974914,3.2038814601503005,0.18678449533642985,0.5056484237373294,0.06226149844547661,2.694785042413382,1.1568588183344541,0.01834373013028831,0.02034114547619741,93,49877,0.010917237371715537,0.012922808850898216,35,49790,0.07791936401643981,0.07979578722712918,1598,49877,0.018375757203273488,0.02037664955350238,93,49790,0.03079431591372717,0.032780525295571156,252,49837,0.010220855079031777,0.012226749256762981,31,49790,0.07159239799506452,0.07349075727918104,1343,49837,0.046951416609577155,0.04891334311006978,576,49790,0.88929,0.9718897138353144,0.29227,0.386866200629985,0.29921,False,/data/suehara/part/march/datasets/20250711_ilc_nnqq_sgv_10m_3cat_parquet,val50k_tail,150000,proxy
85,85,10320000,,lr_9e-6,1.2597119999999998e-05,validation_total_reference_mistag_geomean_percent,0.40525973382767866,min,1.0080263196837196,1.0080263196837196,0.5578646008224317,0.29440020323920335,0.40525973382767866,,0.1765189692171345,0.0702472709081029,3.245541982321884,0.18665703001140632,0.5097637698872703,0.0622190100038021,2.6692355995694506,1.1440269255507056,0.017827337675035408,0.019826113341350718,88,49853,0.010909789452017869,0.01291399427809346,35,49824,0.07843272721924227,0.08030838245680905,1618,49853,0.018363227572384174,0.02036275965335739,93,49824,0.030925710483822432,0.03291215329578817,254,49827,0.010213881998893264,0.012218409083251783,31,49824,0.0712637783631842,0.07316354413523934,1330,49827,0.04667219097408484,0.04863329375481944,570,49824,0.88897,0.9719206236102474,0.29213,0.386866200629985,0.29821,False,/data/suehara/part/march/datasets/20250711_ilc_nnqq_sgv_10m_3cat_parquet,val50k_tail,150000,proxy
86,86,10440000,,lr_14e-6,1.4e-05,validation_total_reference_mistag_geomean_percent,0.41168408039121873,min,1.003546706452646,1.003546706452646,0.5738393044512476,0.29535059856110374,0.41168408039121873,,0.1844870530265155,0.06814719894797762,3.2124809118630204,0.18840696871195478,0.5146349308459311,0.07015152712732665,2.6616276497203626,1.1284374113780777,0.01824318006718251,0.020241034965183254,92,49868,0.010725054700461742,0.012726612145476173,34,49892,0.07802872691462376,0.07990514388910852,1602,49868,0.018441469655508004,0.020438206393766627,94,49892,0.03110212726486405,0.03309168863059554,256,49744,0.010894924057641416,0.012896401157543253,35,49892,0.07122203718825833,0.07312527861823258,1324,49744,0.046319017526966384,0.04827807240741725,563,49892,0.88919,0.9719185404069514,0.29206,0.386866200629985,0.29952,False,/data/suehara/part/march/datasets/20250711_ilc_nnqq_sgv_10m_3cat_parquet,val50k_tail,150000,proxy
86,86,10440000,,lr_3e-6,1.0077695999999999e-05,validation_total_reference_mistag_geomean_percent,0.41581744714673136,min,1.008346129250994,1.008346129250994,0.5736886780812351,0.301390206845151,0.41581744714673136,,0.18837674982040742,0.07230803505386207,3.2084168068099057,0.18880431004839032,0.5178955121148638,0.06829092132555746,2.6798080962009236,1.1428686026340422,0.01843851549441281,0.02043493333159013,94,49900,0.011085719919681075,0.013091331391030907,36,49787,0.07795563363349467,0.07983101020576228,1601,49900,0.018480330951264435,0.020481262729751468,94,49787,0.03118091993077523,0.03316743502582032,258,49817,0.010747667716436399,0.012753440556505636,34,49787,0.07140997949279075,0.07330970215939127,1335,49817,0.0466652997061839,0.04862790641381159,569,49787,0.88909,0.971795312017902,0.29266,0.386866200629985,0.29955,False,/data/suehara/part/march/datasets/20250711_ilc_nnqq_sgv_10m_3cat_parquet,val50k_tail,150000,proxy
86,86,10440000,,lr_6e-6,1.1337407999999998e-05,validation_total_reference_mistag_geomean_percent,0.41568709156822803,min,1.0078441448992894,1.0078441448992894,0.5733290404662412,0.301390206845151,0.41568709156822803,,0.18837674982040742,0.07230803505386207,3.2084168068099057,0.18880431004839032,0.5178955121148638,0.06829092132555746,2.67780074336592,1.1408600806554097,0.01843851549441281,0.02043493333159013,94,49900,0.011085719919681075,0.013091331391030907,36,49787,0.07795563363349467,0.07983101020576228,1601,49900,0.018480330951264435,0.020481262729751468,94,49787,0.03118091993077523,0.03316743502582032,258,49817,0.010747667716436399,0.012753440556505636,34,49787,0.07138358410173976,0.07328338735555356,1334,49817,0.04662387424219615,0.04858656163418337,568,49787,0.88906,0.9718002701166141,0.29264,0.386866200629985,0.29954,False,/data/suehara/part/march/datasets/20250711_ilc_nnqq_sgv_10m_3cat_parquet,val50k_tail,150000,proxy
86,86,10440000,,lr_9e-6,1.2597119999999998e-05,validation_total_reference_mistag_geomean_percent,0.4062467296256353,min,0.9983280638152652,0.9983280638152652,0.5517879206863356,0.29909390754013826,0.4062467296256353,,0.1887853396384687,0.07015012143112756,3.2073425906916295,0.18840317727975434,0.5058311129511706,0.062132962719918985,2.6515987539071895,1.1123804519028613,0.018478476699846095,0.020479208314850464,94,49792,0.0108947057511455,0.012896142792823476,35,49893,0.07802631974581087,0.07990580712174677,1597,49792,0.018441100333604323,0.02043779720365636,94,49893,0.030805416422152645,0.032792336088607446,252,49819,0.01019975995520436,0.01220151836445018,31,49893,0.07103664914612576,0.07293742799849012,1321,49819,0.04598448857145738,0.04794414782931331,555,49893,0.8893,0.9719461664415109,0.2919,0.386866200629985,0.2985,False,/data/suehara/part/march/datasets/20250711_ilc_nnqq_sgv_10m_3cat_parquet,val50k_tail,150000,proxy
87,87,10560000,,lr_14e-6,1.4e-05,validation_total_reference_mistag_geomean_percent,0.4065107205013807,min,0.9955875343019638,0.9955875343019638,0.5630681071580826,0.29348308629413644,0.4065107205013807,,0.17064846416382254,0.07222678929703373,3.158000368391614,0.1905984831925153,0.49748248931626443,0.06620789359408726,2.6639386118565307,1.1455971746038434,0.017520107675542455,0.019520844522256487,85,49810,0.011073268298824235,0.013076629714756864,36,49843,0.07742180327188555,0.07930259263963443,1573,49810,0.01856238623885076,0.020560997968277615,95,49843,0.030533830605693722,0.032519809804207496,248,49851,0.010563053829248633,0.012566656754664614,33,49843,0.07117704637281154,0.07307611005985225,1328,49851,0.04669580095598702,0.048656093180722906,571,49843,0.88938,0.9718704542617326,0.29202,0.386866200629985,0.29993,False,/data/suehara/part/march/datasets/20250711_ilc_nnqq_sgv_10m_3cat_parquet,val50k_tail,150000,proxy
87,87,10560000,,lr_3e-6,1.0077695999999999e-05,validation_total_reference_mistag_geomean_percent,0.4144624423317812,min,1.0003664585886536,1.0003664585886536,0.5558450301531239,0.3090413816532702,0.4144624423317812,,0.18479090960460454,0.0781531808067923,3.1836260113845625,0.19838884140262752,0.5098763252711577,0.06212175834302343,2.647743745464947,1.1382308964315135,0.018273203728000127,0.020274336919191623,92,49786,0.011549066297300212,0.013549821635446869,39,49902,0.07774765743062129,0.07962832403359266,1585,49786,0.018945857258061097,0.02094179382130857,99,49902,0.030932523349976558,0.03291940026569004,254,49816,0.010197920827996542,0.012199318669463104,31,49902,0.07098776603453628,0.07288881412266697,1319,49816,0.04651700948620913,0.04847527929232806,568,49902,0.8893,0.9719404545230207,0.29179,0.386866200629985,0.2984,False,/data/suehara/part/march/datasets/20250711_ilc_nnqq_sgv_10m_3cat_parquet,val50k_tail,150000,proxy
87,87,10560000,,lr_6e-6,1.1337407999999998e-05,validation_total_reference_mistag_geomean_percent,0.41425217786141444,min,0.9983574074650493,0.9983574074650493,0.5559840875542674,0.30865068030598136,0.41425217786141444,,0.18479090960460454,0.0781531808067923,3.1675570930041546,0.19838884140262752,0.5098763252711577,0.06212175834302343,2.6457363258273374,1.1402348254606975,0.018273203728000127,0.020274336919191623,92,49786,0.011549066297300212,0.013549821635446869,39,49902,0.07755504637228239,0.07943635847606073,1577,49786,0.018945857258061097,0.02094179382130857,99,49902,0.030932523349976558,0.03291940026569004,254,49816,0.010197920827996542,0.012199318669463104,31,49902,0.07096119711584234,0.07286232579442123,1318,49816,0.0465583410681876,0.04851653056139153,569,49902,0.88929,0.9719449733545882,0.29177,0.386866200629985,0.2984,False,/data/suehara/part/march/datasets/20250711_ilc_nnqq_sgv_10m_3cat_parquet,val50k_tail,150000,proxy
87,87,10560000,,lr_9e-6,1.2597119999999998e-05,validation_total_reference_mistag_geomean_percent,0.41187107077389323,min,1.0029848186109391,1.0029848186109391,0.5667207563654029,0.2993322143843564,0.41187107077389323,,0.18445745539003847,0.07025290961704189,3.181891147458207,0.19470091235155304,0.5079505231884188,0.0662384561782319,2.670253842391217,1.1481333023128046,0.018240256210920566,0.020237791850414265,92,49876,0.010910665150373191,0.012915030662487455,35,49820,0.07765756794689618,0.07953491056614317,1587,49876,0.018775031092513415,0.020774400799130222,97,49820,0.030874904775492727,0.03286217813853812,253,49808,0.010567929149143063,0.012572455816273392,33,49820,0.07129060508324625,0.07319105464961007,1330,49808,0.04675852728309275,0.04871962267339776,572,49820,0.88909,0.9719210442900525,0.29222,0.386866200629985,0.29829,False,/data/suehara/part/march/datasets/20250711_ilc_nnqq_sgv_10m_3cat_parquet,val50k_tail,150000,proxy
88,88,10680000,,lr_14e-6,1.4e-05,validation_total_reference_mistag_geomean_percent,0.39737650935020924,min,0.9827179659695233,0.9827179659695233,0.5402542751489358,0.2922847582091327,0.39737650935020924,,0.16841092512426012,0.07224563728333475,3.1135972949863344,0.19265502709211318,0.5100811385170412,0.05819787219713165,2.6729054581438305,1.073650374412141,0.017387587256923364,0.01938568621950682,84,49878,0.011076156360008416,0.013080039660156511,36,49830,0.07683418455305853,0.07871419027983377,1553,49878,0.018669512127104028,0.020668562717014206,96,49830,0.03094491807271553,0.03293258475420176,254,49796,0.009847982886479804,0.011852430002822325,29,49830,0.0713340077319706,0.07323480876599842,1331,49796,0.04519622971558175,0.04715992097558443,535,49830,0.88988,0.9722270887151265,0.29038,0.386866200629985,0.29933,False,/data/suehara/part/march/datasets/20250711_ilc_nnqq_sgv_10m_3cat_parquet,val50k_tail,150000,proxy
88,88,10680000,,lr_3e-6,1.0077695999999999e-05,validation_total_reference_mistag_geomean_percent,0.4063228725224062,min,0.9915307781538916,0.9915307781538916,0.5429964227838782,0.30405039482289825,0.4063228725224062,,0.18696473300126096,0.0760091203521657,3.198504215130839,0.18802255903476855,0.4922842097000331,0.062007439378871966,2.6563252539273017,1.0721286947058901,0.018393475230809034,0.02039629111493149,93,49742,0.011367302727918695,0.013364462079010002,38,49994,0.07795956864643586,0.0798413005772762,1591,49742,0.01840387486413313,0.02039655322946133,94,49994,0.030394075537391874,0.032383575660011044,245,49768,0.01017915883250311,0.012176878306814815,31,49994,0.07113505271351683,0.07303758941911084,1322,49768,0.04509127012545522,0.04704858071029605,536,49994,0.88973,0.9719773157666034,0.29135,0.386866200629985,0.29896,False,/data/suehara/part/march/datasets/20250711_ilc_nnqq_sgv_10m_3cat_parquet,val50k_tail,150000,proxy
88,88,10680000,,lr_6e-6,1.1337407999999998e-05,validation_total_reference_mistag_geomean_percent,0.4062382799293635,min,0.9905247545005298,0.9905247545005298,0.5429410587445723,0.30395479844821677,0.4062382799293635,,0.18696473300126096,0.0760091203521657,3.1944835496173507,0.18802255903476855,0.4922842097000331,0.062007439378871966,2.650297499291283,1.0741289256285038,0.018393475230809034,0.02039629111493149,93,49742,0.011367302727918695,0.013364462079010002,38,49994,0.07791152584092353,0.07979341943258333,1589,49742,0.01840387486413313,0.02039655322946133,94,49994,0.030394075537391874,0.032383575660011044,245,49768,0.01017915883250311,0.012176878306814815,31,49994,0.07105533765463835,0.07295811659816347,1319,49768,0.045133779586458735,0.04709101015369661,537,49994,0.88976,0.9719825933972772,0.29132,0.386866200629985,0.29895,False,/data/suehara/part/march/datasets/20250711_ilc_nnqq_sgv_10m_3cat_parquet,val50k_tail,150000,proxy
88,88,10680000,,lr_9e-6,1.2597119999999998e-05,validation_total_reference_mistag_geomean_percent,0.40944354831057,min,0.9921229927772832,0.9921229927772832,0.5480177731636741,0.30590982165660635,0.40944354831057,,0.1807156423264183,0.07630981673813726,3.1002771922944374,0.20483162088147358,0.5169822549248839,0.058236439660664684,2.6830978570651425,1.1165331183271086,0.0180576332388086,0.020058287190019952,90,49802,0.011412259055654185,0.013417307056864676,38,49797,0.0767305107254538,0.07861392027518899,1544,49802,0.019285084550703595,0.021284970826603758,102,49797,0.03112606711985575,0.0331091159610249,258,49905,0.009854507617834608,0.01186028148666686,29,49797,0.07139101603860325,0.07328725705627766,1339,49905,0.046114585270232156,0.04807785555721207,556,49797,0.88988,0.9720699516089696,0.29118,0.386866200629985,0.29856,False,/data/suehara/part/march/datasets/20250711_ilc_nnqq_sgv_10m_3cat_parquet,val50k_tail,150000,proxy
89,89,10800000,,lr_14e-6,1.4e-05,validation_total_reference_mistag_geomean_percent,0.4178470940409955,min,1.0089310732416599,1.0089310732416599,0.5711240357300358,0.3057062618198655,0.4178470940409955,,0.17667135806186,0.07612637200779775,3.178076624981163,0.20433920232755123,0.5022399860461645,0.06610974265701286,2.6658899832242886,1.20199531662744,0.017842716076161527,0.01984321109328082,88,49810,0.011384832260768162,0.013385067591920301,38,49917,0.0776627086461975,0.07954269191529778,1583,49810,0.019238764255465425,0.021233862648707257,102,49917,0.03070548996532427,0.03269423037312062,250,49777,0.010547398490745673,0.012548035145172056,33,49917,0.07125497744456706,0.0731567858792647,1327,49777,0.04780718794497561,0.04976231454010306,600,49917,0.88895,0.9717589810850985,0.293,0.386866200629985,0.29911,False,/data/suehara/part/march/datasets/20250711_ilc_nnqq_sgv_10m_3cat_parquet,val50k_tail,150000,proxy
89,89,10800000,,lr_3e-6,1.0077695999999999e-05,validation_total_reference_mistag_geomean_percent,0.4244235323008145,min,1.0188121358903792,1.0188121358903792,0.5804974380053063,0.31031202375272826,0.4244235323008145,,0.17665008092328993,0.07818764997817197,3.219849119931777,0.20850039994179195,0.5139736588499839,0.068163591955032,2.672261605668933,1.2129109798740543,0.017840568660175894,0.019840823590329664,88,49816,0.011554158548806096,0.013555794937396509,39,49880,0.07815663329858377,0.08003471310891117,1604,49816,0.01944978986776328,0.021446201310959666,104,49880,0.03106225703687895,0.03304928855090852,256,49808,0.010727634227966144,0.012729672535433036,34,49880,0.0713170480242959,0.07321741697432112,1331,49808,0.04804307450100003,0.04999921367277466,605,49880,0.88872,0.9717432606992755,0.29316,0.386866200629985,0.29968,False,/data/suehara/part/march/datasets/20250711_ilc_nnqq_sgv_10m_3cat_parquet,val50k_tail,150000,proxy
89,89,10800000,,lr_6e-6,1.1337407999999998e-05,validation_total_reference_mistag_geomean_percent,0.3962115005625878,min,0.9926889053037131,0.9926889053037131,0.5461236995728062,0.28745054151807475,0.3962115005625878,,0.18859595354397282,0.06408715853560842,3.1339032190519376,0.18024513734725672,0.49467124130885287,0.058078987848857656,2.6563443649555154,1.1655851798377028,0.018459954630523686,0.020458686811040787,94,49842,0.01036938159362801,0.0123694982636244,32,49932,0.0771070675647658,0.07898761636263504,1562,49842,0.01801065564630371,0.020006119762884696,90,49932,0.03048094777992772,0.03247187210380555,246,49730,0.009827870049073718,0.01182822736838469,29,49932,0.07116211635286723,0.07306610604706151,1321,49730,0.047064134747538955,0.049020132376527414,582,49932,0.88919,0.971809290612211,0.29236,0.386866200629985,0.29913,False,/data/suehara/part/march/datasets/20250711_ilc_nnqq_sgv_10m_3cat_parquet,val50k_tail,150000,proxy
89,89,10800000,,lr_9e-6,1.2597119999999998e-05,validation_total_reference_mistag_geomean_percent,0.41949799264789134,min,1.0009813665158986,1.0009813665158986,0.5674689565438472,0.3101113528877465,0.41949799264789134,,0.1828227003662703,0.07820176417910533,3.132094493803592,0.2065328493307946,0.5214810137178407,0.06416554711154779,2.6555416694566616,1.1670108941613753,0.01817261874770264,0.020174273251794536,91,49775,0.011556243037127425,0.013558240079133282,39,49871,0.07713647451030349,0.07901962725761352,1559,49775,0.01935513503728975,0.021351985660695086,103,49871,0.031279012404580864,0.033263750124709265,260,49858,0.010382061849887096,0.012384621781427393,32,49871,0.07106132025112046,0.072960454139143,1324,49858,0.047121382167275225,0.0490797150639672,582,49871,0.88945,0.971891017857713,0.29208,0.386866200629985,0.29966,False,/data/suehara/part/march/datasets/20250711_ilc_nnqq_sgv_10m_3cat_parquet,val50k_tail,150000,proxy
90,90,10920000,,lr_14e-6,1.4e-05,validation_total_reference_mistag_geomean_percent,0.4049469338015931,min,0.9914105009400566,0.9914105009400566,0.5556375795025277,0.29512406151889126,0.4049469338015931,,0.18849764021295262,0.0701852867581303,3.142295607661839,0.18248175182481752,0.5003214803701536,0.06416940723510066,2.6723999955144655,1.1109328379429944,0.018450337821195602,0.020448031874264548,94,49868,0.010900166039441673,0.012902605017998968,35,49868,0.0771883809156243,0.07906761267641588,1567,49868,0.018138754643498307,0.02013668996396498,91,49868,0.030647897880564136,0.03263707501927598,249,49768,0.010382686269196324,0.012385366515151323,32,49868,0.07134714844209515,0.0732490391798752,1330,49768,0.04596552444716788,0.04792622416592077,554,49868,0.88979,0.9721126667409522,0.29117,0.386866200629985,0.29885,False,/data/suehara/part/march/datasets/20250711_ilc_nnqq_sgv_10m_3cat_parquet,val50k_tail,150000,proxy
90,90,10920000,,lr_3e-6,1.0077695999999999e-05,validation_total_reference_mistag_geomean_percent,0.4140502688032887,min,1.0127861090080228,1.0127861090080228,0.5755784965024833,0.29785272753902475,0.4140502688032887,,0.17089548860526377,0.07210816294860418,3.220877316291064,0.19829744265407764,0.5256716518952526,0.06810215456196315,2.7186451576103585,1.127691497497599,0.017545451103007634,0.01954907419585712,85,49738,0.011055085952092997,0.013055161737766052,36,49925,0.07822940126035322,0.08011038489904448,1602,49738,0.018937136520432232,0.020932157253270023,99,49925,0.03141288886711353,0.033398135380664426,262,49841,0.010717967392066364,0.012718203655607196,34,49925,0.07190147847372375,0.07379872797045259,1355,49841,0.04628856493598295,0.048246354803494276,563,49925,0.88914,0.9717346647506404,0.2928,0.386866200629985,0.29833,False,/data/suehara/part/march/datasets/20250711_ilc_nnqq_sgv_10m_3cat_parquet,val50k_tail,150000,proxy
90,90,10920000,,lr_6e-6,1.1337407999999998e-05,validation_total_reference_mistag_geomean_percent,0.412388431618507,min,0.9989969846931657,0.9989969846931657,0.562846919768897,0.30215003859770584,0.412388431618507,,0.16848186058928136,0.07609130696758401,3.1831037495792596,0.20424509161671384,0.5109944188736711,0.06607929337746256,2.669644162862307,1.1133359936790457,0.01739490574965226,0.01939384345842059,84,49857,0.011379590506450444,0.013378906046404734,38,49940,0.07768669389674222,0.07956470329637672,1587,49857,0.019229911598193927,0.021224094930761845,102,49940,0.031000195255217675,0.032991384020513055,254,49707,0.01054254209097988,0.012542258584636224,33,49940,0.07135400172132086,0.07325833727638217,1327,49707,0.04598323655828351,0.04794101329470418,556,49940,0.88953,0.9720597079747613,0.29154,0.386866200629985,0.29939,False,/data/suehara/part/march/datasets/20250711_ilc_nnqq_sgv_10m_3cat_parquet,val50k_tail,150000,proxy
90,90,10920000,,lr_9e-6,1.2597119999999998e-05,validation_total_reference_mistag_geomean_percent,0.41833787252279714,min,1.0058893366746562,1.0058893366746562,0.5782177644904571,0.30266551174040995,0.41833787252279714,,0.18642503930411938,0.07412898443291327,3.1571984175708767,0.19233466983859218,0.5069912433848844,0.07012201333037278,2.691881975088714,1.1680323504467764,0.01834042335548615,0.020337479700862193,93,49886,0.011222846730816366,0.01322332238957209,37,49913,0.07735388081101177,0.07923183705562872,1575,49886,0.01863849235422309,0.020634231639300966,96,49913,0.030875905909986002,0.0328673358682057,252,49705,0.010890341457699343,0.012890977671495014,35,49913,0.071648048781656,0.07355156617978066,1338,49705,0.04712275708590192,0.04907940121875679,583,49913,0.88902,0.9718232561209422,0.29274,0.386866200629985,0.29877,False,/data/suehara/part/march/datasets/20250711_ilc_nnqq_sgv_10m_3cat_parquet,val50k_tail,150000,proxy
91,91,11040000,,lr_14e-6,1.4e-05,validation_total_reference_mistag_geomean_percent,0.41259975404951515,min,1.0022174426024162,1.0022174426024162,0.5677020704562922,0.29987306000996383,0.41259975404951515,,0.17832455460765007,0.07417654034712122,3.209841895597365,0.19045327390968,0.5048879433196721,0.06816222509726139,2.655187701201035,1.1367054067395446,0.017913447322625425,0.01990990796976297,89,49909,0.011230044406311698,0.013231801491425936,37,49881,0.07796565060746233,0.07984063189729398,1602,49909,0.01854825672289286,0.020545351735971516,95,49881,0.03080738425890071,0.03279853831867638,251,49714,0.010727419219949089,0.01272941744672034,34,49881,0.0711581198938889,0.07306276888620553,1320,49714,0.0464951010115882,0.04845425640396389,567,49881,0.88926,0.9718839571151666,0.29248,0.386866200629985,0.29954,False,/data/suehara/part/march/datasets/20250711_ilc_nnqq_sgv_10m_3cat_parquet,val50k_tail,150000,proxy
91,91,11040000,,lr_3e-6,1.0077695999999999e-05,validation_total_reference_mistag_geomean_percent,0.4121184565727798,min,0.9946549600455094,0.9946549600455094,0.5560302126061233,0.3054539454823499,0.4121184565727798,,0.18476492317324733,0.07621645585106902,3.1450203075303995,0.19655822752562596,0.5014743280970168,0.06217657951243755,2.62170793855132,1.1693209201229593,0.018270636875144942,0.020271489792090897,92,49793,0.011398300608146911,0.013400899278207219,38,49858,0.07727863057398233,0.07916058340426899,1566,49793,0.018861906307580036,0.020859677693875,98,49858,0.03065878724029863,0.03264452662592307,250,49853,0.010206918426900727,0.012210080280067,31,49858,0.07061644464510589,0.07251712632276516,1307,49853,0.04717445078649546,0.04913320162902024,583,49858,0.88931,0.971863883060323,0.2921,0.386866200629985,0.29942,False,/data/suehara/part/march/datasets/20250711_ilc_nnqq_sgv_10m_3cat_parquet,val50k_tail,150000,proxy
91,91,11040000,,lr_6e-6,1.1337407999999998e-05,validation_total_reference_mistag_geomean_percent,0.4105462008219352,min,1.010937916443114,1.010937916443114,0.56608167578252,0.29774534350777754,0.4105462008219352,,0.18479832968658164,0.07012763194772478,3.219910025928761,0.18834277327146592,0.5139427034189236,0.06411669238013185,2.686153741478196,1.1601114334331277,0.01827393724700751,0.02027515053097738,92,49784,0.0108912140366405,0.012892010364739453,35,49909,0.07818217438800706,0.08006145891100575,1603,49784,0.01843519319429253,0.020431252389489243,94,49909,0.031060390627860816,0.03304730371292393,256,49811,0.010374159034503628,0.01237519623376711,32,49909,0.07149759859585922,0.07339729530906752,1338,49811,0.04696305748273805,0.04892017583967064,579,49909,0.88897,0.9717596805761829,0.29274,0.386866200629985,0.29894,False,/data/suehara/part/march/datasets/20250711_ilc_nnqq_sgv_10m_3cat_parquet,val50k_tail,150000,proxy
91,91,11040000,,lr_9e-6,1.2597119999999998e-05,validation_total_reference_mistag_geomean_percent,0.414625673659313,min,0.9947361436032561,0.9947361436032561,0.5560842042925773,0.3091518297595598,0.414625673659313,,0.18662707220237373,0.0782802426955083,3.1465724141730673,0.1987113838433479,0.5014944359721861,0.062222757624205684,2.609777166819202,1.1742036754961578,0.01836028190674462,0.020359494193103282,93,49832,0.01156783723766198,0.01357184027875744,39,49821,0.07726744127269404,0.07914785896845702,1568,49832,0.018976633476922675,0.020975802061613598,99,49821,0.030660014439188796,0.03264583268305175,250,49851,0.01021449688792187,0.0122191445232046,31,49821,0.07045897880183748,0.07236021537666455,1301,49851,0.04729094204919092,0.04925095153700508,585,49821,0.88929,0.9718418391166169,0.29228,0.386866200629985,0.2994,False,/data/suehara/part/march/datasets/20250711_ilc_nnqq_sgv_10m_3cat_parquet,val50k_tail,150000,proxy
92,92,11160000,,lr_14e-6,1.4e-05,validation_total_reference_mistag_geomean_percent,0.414086657519658,min,0.9970594270221118,0.9970594270221118,0.5512802271308679,0.3110355704723978,0.414086657519658,,0.18888397515917488,0.0779922034454046,3.209018116524606,0.1979802007715476,0.5127380222908349,0.06199379834988431,2.6179800775295368,1.109889022105905,0.018488122872649698,0.020489895775295572,94,49766,0.011525284879894047,0.013521925594977039,39,50005,0.07806643328687815,0.07994683523173465,1597,49766,0.018906865946402777,0.020898707717311026,99,50005,0.03104657047372913,0.03303664816621177,255,49733,0.010176920170041032,0.012174200744347313,31,50005,0.0706507997421682,0.07255621736338216,1302,49733,0.04588203589020196,0.04783740568538256,555,50005,0.88974,0.9720401649597262,0.29138,0.386866200629985,0.29901,False,/data/suehara/part/march/datasets/20250711_ilc_nnqq_sgv_10m_3cat_parquet,val50k_tail,150000,proxy
92,92,11160000,,lr_3e-6,1.0077695999999999e-05,validation_total_reference_mistag_geomean_percent,0.4128738921102775,min,1.0023245262675826,1.0023245262675826,0.5609055180400755,0.3039100976968989,0.4128738921102775,,0.1921075727365304,0.07229786933978154,3.185783944703296,0.19279431256777926,0.5167075285270871,0.06426477085592641,2.6840645951336586,1.1105756162766027,0.018616504760128105,0.020609896888667666,96,49972,0.01108416193587046,0.013089491873927975,36,49794,0.07763034091878042,0.07950392129061831,1592,49972,0.018682998613622683,0.020683488851093577,96,49794,0.031168160427750766,0.0331578784539455,257,49738,0.010398112424038042,0.012403765008801328,32,49794,0.07152190029423612,0.07342446912360599,1335,49738,0.045991478452829526,0.04795510630416569,553,49794,0.88923,0.9719689052897657,0.29212,0.386866200629985,0.29971,False,/data/suehara/part/march/datasets/20250711_ilc_nnqq_sgv_10m_3cat_parquet,val50k_tail,150000,proxy
92,92,11160000,,lr_6e-6,1.1337407999999998e-05,validation_total_reference_mistag_geomean_percent,0.41454541769508374,min,1.0013192581684844,1.0013192581684844,0.5602313238140862,0.30674454645277827,0.41454541769508374,,0.19410871059284548,0.07430613966270709,3.1837829940195976,0.19279431256777926,0.5167075285270871,0.06426477085592641,2.676022291474752,1.1085673176471802,0.01871797064959143,0.020711282690058376,97,49972,0.01124965983914679,0.013254909115527857,37,49794,0.0776064369836512,0.07948009744356069,1591,49972,0.018682998613622683,0.020683488851093577,96,49794,0.031168160427750766,0.0331578784539455,257,49738,0.010398112424038042,0.012403765008801328,32,49794,0.07141609346389619,0.0733189856669092,1331,49738,0.045949443319227325,0.04791315183224013,552,49794,0.88929,0.9719786684832687,0.29209,0.386866200629985,0.30005,False,/data/suehara/part/march/datasets/20250711_ilc_nnqq_sgv_10m_3cat_parquet,val50k_tail,150000,proxy
92,92,11160000,,lr_9e-6,1.2597119999999998e-05,validation_total_reference_mistag_geomean_percent,0.4116876828375835,min,0.9978034525981467,0.9978034525981467,0.5530414827888845,0.30646299323784687,0.4116876828375835,,0.18492462493055734,0.07600000259765634,3.1698492851200495,0.19799999939575197,0.5085018252558803,0.062000001059570334,2.673151855326098,1.11000002709961,0.018286416086373818,0.020288991929146124,92,49750,0.011365939057076106,0.013362859118674898,38,50000,0.07761028199657904,0.07949286328152866,1577,49750,0.01890875502183506,0.02090079518103191,99,50000,0.030908336645264593,0.03289774467143281,253,49754,0.010177937621807402,0.012175417672206403,31,50000,0.07136695980780768,0.07326935547025785,1330,49754,0.04588659993469378,0.04784216082347609,555,50000,0.88945,0.9719012769400175,0.29194,0.386866200629985,0.29961,False,/data/suehara/part/march/datasets/20250711_ilc_nnqq_sgv_10m_3cat_parquet,val50k_tail,150000,proxy
93,93,11280000,,lr_14e-6,1.4e-05,validation_total_reference_mistag_geomean_percent,0.421094817925852,min,1.0107126295811448,1.0107126295811448,0.57312370816044,0.3093936669504646,0.421094817925852,,0.17649772876595188,0.08012018027040561,3.203032558657831,0.20230344899968822,0.5269509148310438,0.06609914888470193,2.670957413683766,1.1597396425557698,0.017825193958887625,0.019823729950721524,88,49859,0.011702447075971265,0.013702201905908741,40,49925,0.07792313989716873,0.07980027457218583,1597,49859,0.019136663744143807,0.021131523999113777,101,49925,0.031489151671761,0.03347917798156236,262,49720,0.010545708800831298,0.01254602530330603,33,49925,0.07136211092861611,0.07326589575348957,1328,49720,0.04694808968236132,0.04890459572693025,579,49925,0.88931,0.9718552729963053,0.29263,0.386866200629985,0.29982,False,/data/suehara/part/march/datasets/20250711_ilc_nnqq_sgv_10m_3cat_parquet,val50k_tail,150000,proxy
93,93,11280000,,lr_3e-6,1.0077695999999999e-05,validation_total_reference_mistag_geomean_percent,0.41706745291027997,min,0.9981997745198452,0.9981997745198452,0.5592702975622615,0.31102181008942975,0.41706745291027997,,0.18708133927584542,0.07613704854619782,3.214580193072976,0.2043678641512522,0.5071868365451581,0.06611901632789415,2.614117073841049,1.1160088243983888,0.018404936293882693,0.02040899642704614,93,49711,0.011386428535929888,0.013386943971537913,38,49910,0.07817539824964276,0.08005765684821059,1598,49711,0.01924146016051846,0.021236837217193355,102,49910,0.03082859142209543,0.03281290756285589,253,49883,0.010548877413651285,0.012549794285113486,33,49910,0.07049449155409337,0.07239433450839314,1304,49883,0.04605251324961007,0.048011359643556836,557,49910,0.88962,0.9719253506180449,0.29196,0.386866200629985,0.29894,False,/data/suehara/part/march/datasets/20250711_ilc_nnqq_sgv_10m_3cat_parquet,val50k_tail,150000,proxy
93,93,11280000,,lr_6e-6,1.1337407999999998e-05,validation_total_reference_mistag_geomean_percent,0.41771213273545355,min,1.008954315215014,1.008954315215014,0.5722036016794259,0.30493241448024755,0.41771213273545355,,0.17249678568916804,0.07811874201361738,3.2032253178753045,0.20030446670158303,0.5248974269085379,0.06610047158716575,2.668731523841384,1.1577597871033516,0.017612015553063146,0.019610832297321412,86,49856,0.011543978532420882,0.013543853595395948,39,49924,0.07792775405661145,0.07980499395115609,1597,49856,0.019037531322703135,0.02103251161462969,100,49924,0.03142492417970129,0.03341487300086424,261,49724,0.010545919982463516,0.012546276498328592,33,49924,0.07132992767944699,0.07323364889021342,1327,49724,0.04690808197799542,0.0488647065230172,578,49924,0.88929,0.9718765008186813,0.29247,0.386866200629985,0.29963,False,/data/suehara/part/march/datasets/20250711_ilc_nnqq_sgv_10m_3cat_parquet,val50k_tail,150000,proxy
93,93,11280000,,lr_9e-6,1.2597119999999998e-05,validation_total_reference_mistag_geomean_percent,0.40881296390861016,min,1.0026223423696181,1.0026223423696181,0.557026670846429,0.30003597351233374,0.40881296390861016,,0.1885014137606032,0.06835544900234589,3.2586679568212573,0.19300361881785283,0.5270858136658032,0.06433453960595094,2.649457750768603,1.071572196514529,0.018450707513195597,0.020448441474302463,94,49867,0.010757820656730536,0.01276548614603186,34,49740,0.07857700857426958,0.08045161080186825,1625,49867,0.018703264916880416,0.0207059185177804,96,49740,0.03143908780683892,0.03342204961706208,263,49897,0.010409398309071342,0.012417225472192072,32,49740,0.07095354716982125,0.07285144055700146,1322,49897,0.04519193914451179,0.047159267015873044,533,49740,0.88973,0.97198921596863,0.29162,0.386866200629985,0.29861,False,/data/suehara/part/march/datasets/20250711_ilc_nnqq_sgv_10m_3cat_parquet,val50k_tail,150000,proxy
94,94,11400000,,lr_14e-6,1.4e-05,validation_total_reference_mistag_geomean_percent,0.4093817216942747,min,0.9997832779426388,0.9997832779426388,0.5770086352080709,0.2904521420150566,0.4093817216942747,,0.17242070610193974,0.07224128589488893,3.1637195669822975,0.1806032107555914,0.5141284919567007,0.0702345811002789,2.679091367129254,1.1458270136201585,0.017604253010776644,0.019602191192916542,86,49878,0.01107548975064624,0.01307925259184321,36,49833,0.07743830856025355,0.07931630453148417,1578,49878,0.0180464086520331,0.020045822577676724,90,49833,0.03107159244750777,0.03305921631817678,256,49793,0.010907819644578886,0.012911663021249067,35,49833,0.07141753611082692,0.07331820320169956,1334,49793,0.04670512041639197,0.0486657967794216,571,49833,0.88926,0.9719113034401009,0.29188,0.386866200629985,0.29799,False,/data/suehara/part/march/datasets/20250711_ilc_nnqq_sgv_10m_3cat_parquet,val50k_tail,150000,proxy
94,94,11400000,,lr_3e-6,1.0077695999999999e-05,validation_total_reference_mistag_geomean_percent,0.408797101496533,min,0.998844781857447,0.998844781857447,0.5683037356375051,0.29405942581831224,0.408797101496533,,0.1703372592481311,0.07229931776344461,3.1823009758409695,0.1907898705297889,0.5079301304655618,0.06828269033799932,2.6741619041896705,1.1246561064840108,0.017488180952438113,0.01948528177934728,85,49901,0.011084384478174468,0.013089754630434523,36,49793,0.07764324700910291,0.07951963268679613,1588,49901,0.018581010537299873,0.02058162145949687,95,49793,0.030873667946942733,0.03286086233635424,253,49810,0.01074637297563424,0.012751904457726948,34,49793,0.07134065335156897,0.07324086969675778,1332,49810,0.04628555628318886,0.048248658019295516,560,49793,0.88944,0.9720233659342118,0.29131,0.386866200629985,0.29862,False,/data/suehara/part/march/datasets/20250711_ilc_nnqq_sgv_10m_3cat_parquet,val50k_tail,150000,proxy
94,94,11400000,,lr_6e-6,1.1337407999999998e-05,validation_total_reference_mistag_geomean_percent,0.4119997125232102,min,0.9976068140541948,0.9976068140541948,0.5638680736640576,0.30103453457862933,0.4119997125232102,,0.17651187582113737,0.07613399881189326,3.1772140001082327,0.19233850826131693,0.5026439118851478,0.06611636415524562,2.635864769953571,1.1540310834370144,0.0178266230456973,0.01982531881413183,88,49855,0.011385972411637591,0.013386407809396395,38,49912,0.07761773973021524,0.07949606073790333,1584,49855,0.01863886547293276,0.02063464458796141,96,49912,0.03073012754281493,0.03272045108188146,250,49737,0.010548454821931,0.012549291623373444,33,49912,0.07088586405513166,0.0727904092862209,1311,49737,0.046837282461538454,0.04879452682293832,576,49912,0.88902,0.9718540058825011,0.29235,0.386866200629985,0.29761,False,/data/suehara/part/march/datasets/20250711_ilc_nnqq_sgv_10m_3cat_parquet,val50k_tail,150000,proxy
94,94,11400000,,lr_9e-6,1.2597119999999998e-05,validation_total_reference_mistag_geomean_percent,0.4107176674572175,min,1.0013685781527382,1.0013685781527382,0.5645720069476196,0.29879094302517956,0.4107176674572175,,0.17450607293702008,0.07413046690701758,3.2032895108654977,0.19233850826131693,0.5026439118851478,0.06611636415524562,2.6398856731640996,1.158038117046561,0.017719804266821786,0.019718580499668598,87,49855,0.011223071518515138,0.013223587197010667,37,49912,0.07792929223114434,0.07980656720147292,1597,49855,0.01863886547293276,0.02063464458796141,96,49912,0.03073012754281493,0.03272045108188146,250,49737,0.010548454821931,0.012549291623373444,33,49912,0.07093922542187672,0.07284360895964265,1313,49737,0.04691929770354753,0.048876381503473905,578,49912,0.88911,0.9718558113066526,0.29235,0.386866200629985,0.29777,False,/data/suehara/part/march/datasets/20250711_ilc_nnqq_sgv_10m_3cat_parquet,val50k_tail,150000,proxy
95,95,11520000,,lr_14e-6,1.4e-05,validation_total_reference_mistag_geomean_percent,0.3985758715257268,min,0.9904983569381425,0.9904983569381425,0.5414047408486944,0.2934269195970891,0.3985758715257268,,0.17477599624931395,0.07217321642423473,3.1519947960535135,0.18644746344280066,0.5115756719602186,0.05813953488372093,2.6983108280241663,1.0705693484671701,0.017747194063099304,0.019749051231565284,87,49778,0.011065056669707338,0.013066934209623635,36,49880,0.07737413516465154,0.079256374869862,1569,49778,0.018342627739537706,0.02033992340426229,93,49880,0.03097635311279205,0.032961966062297274,255,49846,0.00983811337644093,0.011840553602784281,29,49880,0.07163220220153636,0.07353007726734785,1345,49846,0.04510846765083069,0.04707031407065066,534,49880,0.88988,0.9720527474846964,0.29097,0.386866200629985,0.29998,False,/data/suehara/part/march/datasets/20250711_ilc_nnqq_sgv_10m_3cat_parquet,val50k_tail,150000,proxy
95,95,11520000,,lr_3e-6,1.0077695999999999e-05,validation_total_reference_mistag_geomean_percent,0.4014271792690267,min,0.9851174451912879,0.9851174451912879,0.5473631040287771,0.2944001505943947,0.4014271792690267,,0.17462164688122264,0.07212260561225155,3.1672754180878098,0.18832015069290184,0.5143970904414572,0.0621055808520731,2.6362851855081146,1.0658118834544723,0.017731532391888752,0.01973162786373568,87,49822,0.011057300113912188,0.013057776009078696,36,49915,0.07752397847500432,0.07940394252771918,1578,49822,0.018432978992599224,0.020428799164718608,94,49915,0.031087787125297014,0.03307643858444977,256,49767,0.01019526548149955,0.012196142732101166,31,49915,0.07087035880294287,0.07277373908390547,1312,49767,0.04499155886084384,0.046952220296848576,532,49915,0.88989,0.9720933718361171,0.29097,0.386866200629985,0.29936,False,/data/suehara/part/march/datasets/20250711_ilc_nnqq_sgv_10m_3cat_parquet,val50k_tail,150000,proxy
95,95,11520000,,lr_6e-6,1.1337407999999998e-05,validation_total_reference_mistag_geomean_percent,0.41202581778219305,min,1.0044409874456597,1.0044409874456597,0.557282245588546,0.30463068913992725,0.41202581778219305,,0.18281168477302742,0.0721240533717995,3.1961910625917294,0.20435148680237256,0.5159399268822683,0.06210682388871658,2.6780696575578204,1.123933203697544,0.018171524383717857,0.020173058698032004,91,49778,0.011057521578875917,0.013058037493796408,36,49914,0.0779040839600953,0.07978454796746942,1591,49778,0.019239919550836794,0.021235137361733145,102,49914,0.031121966750132738,0.03310875975861835,257,49812,0.010195469689827772,0.01219638697626523,31,49914,0.07139065477532319,0.0732906379306654,1334,49812,0.04621557516927017,0.04817394707490787,561,49914,0.88957,0.971955842971144,0.29191,0.386866200629985,0.29927,False,/data/suehara/part/march/datasets/20250711_ilc_nnqq_sgv_10m_3cat_parquet,val50k_tail,150000,proxy
95,95,11520000,,lr_9e-6,1.2597119999999998e-05,validation_total_reference_mistag_geomean_percent,0.4100614147012527,min,1.0033006229993706,1.0033006229993706,0.5633267378534323,0.2984952648751114,0.4100614147012527,,0.18054523691823915,0.0702345811002789,3.249814354057495,0.19264342905303714,0.5017863735781788,0.06822787911738844,2.6554534375360554,1.107699692634294,0.01804062077493658,0.0200393952886118,90,49849,0.010907819644578886,0.012911663021249067,35,49833,0.07848638870262686,0.08036202302801887,1620,49849,0.01866838913205829,0.020667319844862697,96,49833,0.030677819869552765,0.03266478226204451,250,49822,0.01073774933587849,0.012741673248021883,34,49833,0.07108548311336067,0.07298599278101787,1323,49822,0.04591367156674877,0.047875878103769386,552,49833,0.88923,0.9719345763346885,0.29187,0.386866200629985,0.30011,False,/data/suehara/part/march/datasets/20250711_ilc_nnqq_sgv_10m_3cat_parquet,val50k_tail,150000,proxy
96,96,11640000,,lr_14e-6,1.4e-05,validation_total_reference_mistag_geomean_percent,0.4094948048079049,min,1.0037391732200804,1.0037391732200804,0.5577589388390911,0.3006424164419177,0.4094948048079049,,0.18461292301729,0.07218045324778116,3.2186860203980836,0.19047619047619047,0.5141078421528266,0.062155388319051076,2.6408273700545184,1.1468671980949012,0.018255616920949187,0.020254829806877657,92,49834,0.011066165637542577,0.013068243572776833,36,49875,0.07812885541262499,0.08000630354997318,1604,49834,0.01855048626886466,0.02054782061041262,95,49875,0.03107034740189767,0.03305789227127888,256,49795,0.010203440200384002,0.012205920135083205,31,49875,0.0709109285654385,0.07281305615029314,1315,49795,0.046707244895606397,0.048666228488199355,572,49875,0.8891,0.9717358466982674,0.29278,0.386866200629985,0.29933,False,/data/suehara/part/march/datasets/20250711_ilc_nnqq_sgv_10m_3cat_parquet,val50k_tail,150000,proxy
96,96,11640000,,lr_3e-6,1.0077695999999999e-05,validation_total_reference_mistag_geomean_percent,0.41315352604406863,min,0.990694587616638,0.990694587616638,0.5640135654542778,0.3026449123527056,0.41315352604406863,,0.19083587136655908,0.07018387970866836,3.123681803514428,0.2005253755046945,0.5315521491460581,0.0661733766702174,2.661772507926354,1.080831737096124,0.018585485931338526,0.020586577255067094,95,49781,0.010899947522825467,0.01290234640464739,35,49869,0.07703019371369975,0.0789134574746591,1555,49781,0.019058509482752957,0.021055681113934643,100,49869,0.031588628251827136,0.03357312119607646,265,49854,0.0105575480118812,0.012560107732184373,33,49869,0.07114636762070407,0.07304540393099045,1327,49854,0.04533143944106047,0.04729330702561013,539,49869,0.88994,0.9719236781105302,0.29184,0.386866200629985,0.2986,False,/data/suehara/part/march/datasets/20250711_ilc_nnqq_sgv_10m_3cat_parquet,val50k_tail,150000,proxy
96,96,11640000,,lr_6e-6,1.1337407999999998e-05,validation_total_reference_mistag_geomean_percent,0.41301295139347616,min,0.9901935435724064,0.9901935435724064,0.5635392493883533,0.3026935536502407,0.41301295139347616,,0.19083587136655908,0.07018387970866836,3.1256904488088657,0.2005253755046945,0.5315521491460581,0.0661733766702174,2.657760691838597,1.0788265555355914,0.018585485931338526,0.020586577255067094,95,49781,0.010899947522825467,0.01290234640464739,35,49869,0.07705448867375043,0.07893767173089983,1556,49781,0.019058509482752957,0.021055681113934643,100,49869,0.031588628251827136,0.03357312119607646,265,49854,0.0105575480118812,0.012560107732184373,33,49869,0.0710934314694163,0.07299262871498305,1325,49854,0.045288906810581064,0.04725085481437109,538,49869,0.88991,0.9719287788108651,0.29181,0.386866200629985,0.29859,False,/data/suehara/part/march/datasets/20250711_ilc_nnqq_sgv_10m_3cat_parquet,val50k_tail,150000,proxy
96,96,11640000,,lr_9e-6,1.2597119999999998e-05,validation_total_reference_mistag_geomean_percent,0.4109124156360113,min,1.0177450300604638,1.0177450300604638,0.5682221005522432,0.2971531961881124,0.4109124156360113,,0.18273826101300839,0.06811306602668765,3.2571589245401573,0.19231924995492516,0.5222036970517356,0.06410641665164173,2.7034084248034094,1.151912200442144,0.018164231990846484,0.02016496540868287,91,49798,0.010719684667164917,0.01272024105693644,34,49917,0.07861295081991598,0.08049021104915427,1622,49798,0.018637000028756463,0.020632580009927376,96,49917,0.03132225674212985,0.03330971592270361,260,49789,0.010372496816716203,0.012373213735797427,32,49917,0.07173940847435833,0.07363925147964509,1346,49789,0.04679155787060355,0.04874869108210233,575,49917,0.8891,0.9718749468587857,0.29253,0.386866200629985,0.29934,False,/data/suehara/part/march/datasets/20250711_ilc_nnqq_sgv_10m_3cat_parquet,val50k_tail,150000,proxy
97,97,11760000,,lr_14e-6,1.4e-05,validation_total_reference_mistag_geomean_percent,0.40017447669450645,min,0.980315630199512,0.980315630199512,0.5351243078600623,0.2992568445229354,0.40017447669450645,,0.17258333039268922,0.07613552011053033,3.1406152667825937,0.19434593766695674,0.49435313783292045,0.05810342395278189,2.61444479151582,1.091943633341803,0.0176208449376539,0.0196206609863109,86,49831,0.011386200469215721,0.013386675885098558,38,49911,0.07719643378647917,0.07907712830888813,1565,49831,0.018740828190241397,0.020736566852857012,97,49911,0.030461390902600076,0.032451047751228326,246,49762,0.009832004208651884,0.011833202180117866,29,49911,0.07058337292215298,0.07248782222154977,1301,49762,0.04554762280811874,0.04750739425948471,545,49911,0.88957,0.97208874002799,0.29092,0.386866200629985,0.29795,False,/data/suehara/part/march/datasets/20250711_ilc_nnqq_sgv_10m_3cat_parquet,val50k_tail,150000,proxy
97,97,11760000,,lr_3e-6,1.0077695999999999e-05,validation_total_reference_mistag_geomean_percent,0.4049257212756453,min,1.003149734160422,1.003149734160422,0.5625409387181933,0.2914718351418336,0.4049257212756453,,0.16670014099917932,0.07221809795055581,3.2134967254742466,0.1865634251878843,0.5214077851076879,0.06419386547373067,2.687255454412843,1.1133623786772484,0.01730880179424458,0.01931050089084476,83,49790,0.011071935855421693,0.013075056493389286,36,49849,0.07810119099798396,0.07998050667005069,1600,49790,0.018354025503999394,0.02035255856632505,93,49849,0.03127463196830674,0.03325909401454795,260,49865,0.010386642669712065,0.012390085242812422,32,49849,0.07147384269305009,0.07337143802493597,1340,49865,0.046024863126395595,0.04798621268088648,555,49849,0.88943,0.9718967128355306,0.29181,0.386866200629985,0.29848,False,/data/suehara/part/march/datasets/20250711_ilc_nnqq_sgv_10m_3cat_parquet,val50k_tail,150000,proxy
97,97,11760000,,lr_6e-6,1.1337407999999998e-05,validation_total_reference_mistag_geomean_percent,0.40734378698985046,min,0.9804844120272767,0.9804844120272767,0.5471306954765834,0.3032711602018575,0.40734378698985046,,0.17441510155442774,0.07816101034555238,3.1274432777787355,0.1984087218459035,0.4906889936547959,0.06413211215103112,2.6263925885041424,1.0842334903836235,0.017710574847345582,0.019708312904842974,87,49881,0.011550223233004482,0.013551178741774987,39,49897,0.07699931555746817,0.07887865306137262,1560,49881,0.01894775413352596,0.020943889901614075,99,49897,0.03035585300875639,0.03234709764544938,244,49726,0.010376653360328995,0.012378171172179098,32,49897,0.07076771635581465,0.0726730638478567,1306,49726,0.045391028002956905,0.04735165834801828,541,49897,0.8896,0.9720802656650296,0.29111,0.386866200629985,0.29868,False,/data/suehara/part/march/datasets/20250711_ilc_nnqq_sgv_10m_3cat_parquet,val50k_tail,150000,proxy
97,97,11760000,,lr_9e-6,1.2597119999999998e-05,validation_total_reference_mistag_geomean_percent,0.40728475160682154,min,0.9799840058842554,0.9799840058842554,0.5472354038365627,0.3031252505383813,0.40728475160682154,,0.17441510155442774,0.07816101034555238,3.1214289243951536,0.1984087218459035,0.4906889936547959,0.06413211215103112,2.6284036927435546,1.0842334903836235,0.017710574847345582,0.019708312904842974,87,49881,0.011550223233004482,0.013551178741774987,39,49897,0.07692664664711371,0.0788062252926762,1557,49881,0.01894775413352596,0.020943889901614075,99,49897,0.03035585300875639,0.03234709764544938,244,49726,0.010376653360328995,0.012378171172179098,32,49897,0.07079446343533115,0.07269973004493911,1307,49726,0.045391028002956905,0.04735165834801828,541,49897,0.88966,0.9720865188884277,0.29106,0.386866200629985,0.29868,False,/data/suehara/part/march/datasets/20250711_ilc_nnqq_sgv_10m_3cat_parquet,val50k_tail,150000,proxy
98,98,11880000,,lr_14e-6,1.4e-05,validation_total_reference_mistag_geomean_percent,0.40655437367544994,min,0.9930542956916302,0.9930542956916302,0.546358607411267,0.30252375731351727,0.40655437367544994,,0.18443525820373297,0.07414086601635932,3.1514373961017697,0.1943692933530186,0.49077780898891127,0.06011421701232342,2.648993238268526,1.1401662875884002,0.01823806393370009,0.02023536019626522,92,49882,0.011224645284575166,0.013225441146088885,37,49905,0.07728770053574453,0.07916603835053937,1572,49882,0.018743079488837598,0.020739057154782664,97,49905,0.03036133585991264,0.032352937380393604,244,49717,0.01001675433634795,0.012018112320677997,30,49905,0.07107402328877417,0.07297880653419388,1317,49717,0.0465555574042863,0.048513631931758165,569,49905,0.88941,0.9719086423859656,0.29215,0.386866200629985,0.29904,False,/data/suehara/part/march/datasets/20250711_ilc_nnqq_sgv_10m_3cat_parquet,val50k_tail,150000,proxy
98,98,11880000,,lr_3e-6,1.0077695999999999e-05,validation_total_reference_mistag_geomean_percent,0.4123235318848893,min,0.9850587627546623,0.9850587627546623,0.5691864477734321,0.29869069372801205,0.4123235318848893,,0.18471669989365036,0.07029806396282852,3.051841158596924,0.20085160886012543,0.5149268765492356,0.06828954935649688,2.672811163277069,1.1167349815409686,0.018265871775416928,0.020266204391282166,92,49806,0.010917675801337168,0.012923327729924192,35,49788,0.07613674580749762,0.07802194904625373,1520,49806,0.019089488910593626,0.02108989656646825,100,49788,0.031061001663559764,0.033043934208755885,257,49910,0.010747451904637509,0.012753184514343197,34,49788,0.0712523243323257,0.07314878759453677,1334,49910,0.046122877075334585,0.04808649414110352,556,49788,0.8897,0.9719543975991138,0.29156,0.386866200629985,0.29967,False,/data/suehara/part/march/datasets/20250711_ilc_nnqq_sgv_10m_3cat_parquet,val50k_tail,150000,proxy
98,98,11880000,,lr_6e-6,1.1337407999999998e-05,validation_total_reference_mistag_geomean_percent,0.4064523762808086,min,0.9928021542478802,0.9928021542478802,0.5459109459357062,0.30261993355189587,0.4064523762808086,,0.18443525820373297,0.07414086601635932,3.1554468393742092,0.1943692933530186,0.49077780898891127,0.06011421701232342,2.6449704506198493,1.1381625004146367,0.01823806393370009,0.02023536019626522,92,49882,0.011224645284575166,0.013225441146088885,37,49905,0.0773358995207047,0.07921407658084204,1574,49882,0.018743079488837598,0.020739057154782664,97,49905,0.03036133585991264,0.032352937380393604,244,49717,0.01001675433634795,0.012018112320677997,30,49905,0.07102072922074258,0.07292567428960166,1315,49717,0.046514228265711124,0.04847238309644217,568,49905,0.8894,0.971898710797897,0.29219,0.386866200629985,0.29906,False,/data/suehara/part/march/datasets/20250711_ilc_nnqq_sgv_10m_3cat_parquet,val50k_tail,150000,proxy
98,98,11880000,,lr_9e-6,1.2597119999999998e-05,validation_total_reference_mistag_geomean_percent,0.41061206613158574,min,0.9946619343711195,0.9946619343711195,0.5556364898389196,0.3034398782947606,0.41061206613158574,,0.18498410913791466,0.07413046690701758,3.1487513050530596,0.1963455684401343,0.5154639175257731,0.062109310111284996,2.6535361113889158,1.1219746864048565,0.018292294380493835,0.020295512069626428,92,49734,0.011223071518515138,0.013223587197010667,37,49912,0.07736887213995805,0.07925290747293409,1566,49734,0.018841516763632164,0.020837135317187387,98,49912,0.031093320709983056,0.03307829979429981,257,49858,0.010195878131026603,0.012196875493942496,31,49912,0.07103482715137034,0.07293404149412257,1323,49858,0.0461757900233695,0.048134318876556954,560,49912,0.88964,0.9719127732064298,0.292,0.386866200629985,0.29942,False,/data/suehara/part/march/datasets/20250711_ilc_nnqq_sgv_10m_3cat_parquet,val50k_tail,150000,proxy
99,99,12000000,,lr_14e-6,1.4e-05,validation_total_reference_mistag_geomean_percent,0.4129664096492893,min,0.9952714562322368,0.9952714562322368,0.5661485096465801,0.3012306004392479,0.4129664096492893,,0.18856947197900692,0.07425096663573783,3.117414766217082,0.18863760107867916,0.5158156657914948,0.06622383786541945,2.69548802097295,1.1157713193175232,0.018457364503495572,0.020455817082038027,94,49849,0.011241309275509474,0.013245071879126716,37,49831,0.07690247207591087,0.07878341833099378,1554,49849,0.018464026299190237,0.020463198012343538,94,49831,0.031114488782665352,0.033100808274038815,257,49824,0.010565596913054021,0.012569681684423115,33,49831,0.07161082939992,0.07350965576747998,1343,49824,0.04608328755940829,0.048045248897222136,556,49831,0.88962,0.9719041451191108,0.29198,0.386866200629985,0.29762,False,/data/suehara/part/march/datasets/20250711_ilc_nnqq_sgv_10m_3cat_parquet,val50k_tail,150000,proxy
99,99,12000000,,lr_3e-6,1.0077695999999999e-05,validation_total_reference_mistag_geomean_percent,0.40634514587412524,min,1.0182939469805978,1.0182939469805978,0.5603104088140822,0.2946873286272498,0.40634514587412524,,0.174698787472698,0.0681772635484002,3.289156538827239,0.19250049376423647,0.51571216059599,0.0621616186909789,2.70899386915286,1.1349508437923803,0.017739359770665965,0.019740335703069697,87,49800,0.010729784782262743,0.012732223984970599,34,49870,0.07898853935065439,0.08086443916686323,1638,49800,0.018654549959735197,0.02065200336948019,96,49870,0.031108259887648385,0.03309418495379135,257,49834,0.010204462962079433,0.012207143412833871,31,49870,0.07178046381743838,0.07367836714403178,1350,49834,0.0464638681745717,0.04842352605701778,566,49870,0.88921,0.971897911386483,0.29226,0.386866200629985,0.29904,False,/data/suehara/part/march/datasets/20250711_ilc_nnqq_sgv_10m_3cat_parquet,val50k_tail,150000,proxy
99,99,12000000,,lr_6e-6,1.1337407999999998e-05,validation_total_reference_mistag_geomean_percent,0.40199562970453867,min,1.0149218712130623,1.0149218712130623,0.5651047942668983,0.28596551991952285,0.40199562970453867,,0.18050541516245489,0.0621142925730277,3.2711592946912167,0.18233549240932803,0.5207495691674554,0.0641179770778232,2.712320923487002,1.1260720051361914,0.018036643762552106,0.020034978917676846,90,49860,0.01019669511160763,0.012197852646709736,31,49908,0.07872980526360818,0.08060416962670097,1631,49860,0.018124228221961712,0.020120568140721266,91,49908,0.031293628328078485,0.03328326382850402,259,49736,0.010374366849186722,0.012375444090683124,32,49908,0.07189372922898028,0.07379523832461606,1349,49736,0.046262693734716066,0.0482212153651863,562,49908,0.88931,0.9719090713099732,0.292,0.386866200629985,0.29819,False,/data/suehara/part/march/datasets/20250711_ilc_nnqq_sgv_10m_3cat_parquet,val50k_tail,150000,proxy
99,99,12000000,,lr_9e-6,1.2597119999999998e-05,validation_total_reference_mistag_geomean_percent,0.4076066894903276,min,1.0170392773605772,1.0170392773605772,0.5598949052145559,0.29673999847095767,0.4076066894903276,,0.174698787472698,0.07018247271562134,3.2851405612424243,0.19250049376423647,0.51571216059599,0.0621616186909789,2.7009672806102896,1.1349508437923803,0.017739359770665965,0.019740335703069697,87,49800,0.01089972901497032,0.01290208780166264,35,49870,0.07894131457996736,0.08081737568065919,1636,49800,0.018654549959735197,0.02065200336948019,96,49870,0.031108259887648385,0.03309418495379135,257,49834,0.010204462962079433,0.012207143412833871,31,49870,0.07167549113505783,0.0735737165906164,1346,49834,0.0464638681745717,0.04842352605701778,566,49870,0.88913,0.9719072227374254,0.29221,0.386866200629985,0.29903,False,/data/suehara/part/march/datasets/20250711_ilc_nnqq_sgv_10m_3cat_parquet,val50k_tail,150000,proxy
