source_run,generation,training_chunk,samples_seen,epoch_fraction,trial,LR,optimization_metric_name,optimization_metric_value,optimization_metric_mode,controller_objective_mistag_percent,validation_working_point_mistag_percent,ctag_score,btag_score,total_mistag_score,group_score_warning,btag_c_mistag_percent_at_0p80,btag_d_mistag_percent_at_0p80,btag_c_mistag_percent_at_0p90,btag_d_mistag_percent_at_0p90,ctag_b_mistag_percent_at_0p50,ctag_d_mistag_percent_at_0p50,ctag_b_mistag_percent_at_0p80,ctag_d_mistag_percent_at_0p80,btag_c_mistag_percent_at_0p80_err_low,btag_c_mistag_percent_at_0p80_err_high,btag_c_mistag_percent_at_0p80_passed,btag_c_mistag_percent_at_0p80_total,btag_d_mistag_percent_at_0p80_err_low,btag_d_mistag_percent_at_0p80_err_high,btag_d_mistag_percent_at_0p80_passed,btag_d_mistag_percent_at_0p80_total,btag_c_mistag_percent_at_0p90_err_low,btag_c_mistag_percent_at_0p90_err_high,btag_c_mistag_percent_at_0p90_passed,btag_c_mistag_percent_at_0p90_total,btag_d_mistag_percent_at_0p90_err_low,btag_d_mistag_percent_at_0p90_err_high,btag_d_mistag_percent_at_0p90_passed,btag_d_mistag_percent_at_0p90_total,ctag_b_mistag_percent_at_0p50_err_low,ctag_b_mistag_percent_at_0p50_err_high,ctag_b_mistag_percent_at_0p50_passed,ctag_b_mistag_percent_at_0p50_total,ctag_d_mistag_percent_at_0p50_err_low,ctag_d_mistag_percent_at_0p50_err_high,ctag_d_mistag_percent_at_0p50_passed,ctag_d_mistag_percent_at_0p50_total,ctag_b_mistag_percent_at_0p80_err_low,ctag_b_mistag_percent_at_0p80_err_high,ctag_b_mistag_percent_at_0p80_passed,ctag_b_mistag_percent_at_0p80_total,ctag_d_mistag_percent_at_0p80_err_low,ctag_d_mistag_percent_at_0p80_err_high,ctag_d_mistag_percent_at_0p80_passed,ctag_d_mistag_percent_at_0p80_total,validation_accuracy,validation_auc,validation_loss,best_so_far,training_loss,validation_shutdown_warning,validation_dataset,validation_suffix,validation_sample_count,evaluation_type
runs/pbt/fixed_lr_continuation_20260917_lr_14e-6,0,0,0,,lr_14e-6,1.4e-05,validation_total_reference_mistag_geomean_percent,0.343274779800297,min,0.8177499908926398,0.8177499908926398,0.46821469549802497,0.25167423316690724,0.343274779800297,,0.12999999920654298,0.06799999900390627,2.4399998994751018,0.186000003178711,0.39599999879150394,0.05400000131835941,2.2840000111523437,0.9840000150146486,0.015147327248533623,0.01714208735333156,65,50000,0.010701894656100771,0.01269913471129969,34,50000,0.068054163226762,0.06995652517952297,1220,50000,0.018298640498242997,0.020291160647840055,93,50000,0.02711189127868993,0.029096011596283465,198,50000,0.0094384043456773,0.011436204389676428,27,50000,0.06586252554973346,0.06777112737769708,1142,50000,0.043173486498462345,0.04513408728644679,492,50000,0.89362,0.9744598636,0.2796621223958333,0.343274779800297,0.28277119690043717,False,/data/suehara/part/march/datasets/20250711_ilc_nnqq_sgv_10m_3cat_parquet,val50k_tail,,proxy
runs/pbt/fixed_lr_continuation_20260917_lr_14e-6,1,1,0,,lr_14e-6,1.4e-05,validation_total_reference_mistag_geomean_percent,0.3404428624202291,min,0.8157499917925266,0.8157499917925266,0.4641326520910692,0.24971598539922932,0.3404428624202291,,0.128,0.06799999900390627,2.4280000240814212,0.18399999640625006,0.3979999917407228,0.052000000507812505,2.287999931572268,0.9799999910278321,0.015023255758590748,0.017018095861788735,64,50000,0.010701894656100771,0.01269913471129969,34,50000,0.06788829693773375,0.06979113888089493,1214,50000,0.018195055988739096,0.02018765613673616,92,50000,0.027182439332570398,0.029166479651764055,199,50000,0.00924516668895976,0.011243046731358937,26,50000,0.06591970698851118,0.06782814881967497,1144,50000,0.04308450733752373,0.04504526812230802,490,50000,0.89366,0.9744795778333333,0.2795316145833333,0.3404428624202291,0.28197936305172494,False,/data/suehara/part/march/datasets/20250711_ilc_nnqq_sgv_10m_3cat_parquet,val50k_tail,,proxy
runs/pbt/fixed_lr_continuation_20260917_lr_14e-6,2,2,0,,lr_14e-6,1.4e-05,validation_total_reference_mistag_geomean_percent,0.3422201420517039,min,0.8132500062066846,0.8132500062066846,0.4653014456901614,0.2516962427489933,0.3422201420517039,,0.13200000225585942,0.06799999900390627,2.4299999842414857,0.18399999640625006,0.39399998905822786,0.05400000131835941,2.276000086822513,0.9679999905468751,0.01527044818788576,0.01726512829428365,66,50000,0.010701894656100771,0.01269913471129969,34,50000,0.06791597188520564,0.06981873382996724,1215,50000,0.018195055988739096,0.02018765613673616,92,50000,0.027041163032931338,0.02902536334892505,197,50000,0.0094384043456773,0.011436204389676428,27,50000,0.06574800163356431,0.0676569234551283,1138,50000,0.0428164433487024,0.04477768412388689,484,50000,0.8937666666666667,0.9744981150333333,0.279459140625,0.3404428624202291,0.2824261306666692,False,/data/suehara/part/march/datasets/20250711_ilc_nnqq_sgv_10m_3cat_parquet,val50k_tail,,proxy
runs/pbt/fixed_lr_continuation_20260917_lr_14e-6,3,3,0,,lr_14e-6,1.4e-05,validation_total_reference_mistag_geomean_percent,0.3421703151130225,min,0.8145000169738397,0.8145000169738397,0.462455383949488,0.2531715028261695,0.3421703151130225,,0.13399999640136728,0.06799999900390627,2.4240001013452193,0.186000003178711,0.39399998905822786,0.052000000507812505,2.2780000552676407,0.9799999910278321,0.015392639991259324,0.01738724009925721,67,50000,0.010701894656100771,0.01269913471129969,34,50000,0.06783291024577663,0.06973591218573834,1212,50000,0.018298640498242997,0.020291160647840055,93,50000,0.027041163032931338,0.02902536334892505,197,50000,0.00924516668895976,0.011243046731358937,26,50000,0.06577665278554162,0.06768549460870535,1139,50000,0.04308450733752373,0.04504526812230802,490,50000,0.89364,0.9744936029666666,0.2794734635416667,0.3404428624202291,0.2822857516499033,False,/data/suehara/part/march/datasets/20250711_ilc_nnqq_sgv_10m_3cat_parquet,val50k_tail,,proxy
runs/pbt/fixed_lr_continuation_20260917_lr_14e-6,4,4,0,,lr_14e-6,1.4e-05,validation_total_reference_mistag_geomean_percent,0.34229429136583295,min,0.814750012734776,0.814750012734776,0.46602202518019314,0.25141597514910224,0.34229429136583295,,0.12999999920654298,0.06799999900390627,2.4299999842414857,0.186000003178711,0.39000001309204146,0.05400000131835941,2.276000086822513,0.9840000150146486,0.015147327248533623,0.01714208735333156,65,50000,0.010701894656100771,0.01269913471129969,34,50000,0.06791597188520564,0.06981873382996724,1215,50000,0.018298640498242997,0.020291160647840055,93,50000,0.026899160482115422,0.028883520794909055,195,50000,0.0094384043456773,0.011436204389676428,27,50000,0.06574800163356431,0.0676569234551283,1138,50000,0.043173486498462345,0.04513408728644679,492,50000,0.8937466666666667,0.9745072162000001,0.27938174479166666,0.3404428624202291,0.28187550724914445,False,/data/suehara/part/march/datasets/20250711_ilc_nnqq_sgv_10m_3cat_parquet,val50k_tail,,proxy
runs/pbt/fixed_lr_continuation_20260917_lr_14e-6,5,5,0,,lr_14e-6,1.4e-05,validation_total_reference_mistag_geomean_percent,0.339864751674515,min,0.8112499984867861,0.8112499984867861,0.4550820913813457,0.2538180508931241,0.339864751674515,,0.12999999920654298,0.07000000085449219,2.4259999855630494,0.1879999917382816,0.3920000081347658,0.05,2.2699999670944218,0.9640000353027357,0.015147327248533623,0.01714208735333156,65,50000,0.010871397397403768,0.01286855745420266,35,50000,0.06786060972951875,0.0697635316710802,1213,50000,0.018401668178712582,0.020394108329909573,94,50000,0.02697025322873285,0.028954533543126652,196,50000,0.009048206756063586,0.011046166796862796,25,50000,0.06566196724330023,0.06757112906006432,1135,50000,0.042726709348848285,0.04468811012083296,482,50000,0.89378,0.9745233201,0.2793305078125,0.339864751674515,0.28218519354309146,False,/data/suehara/part/march/datasets/20250711_ilc_nnqq_sgv_10m_3cat_parquet,val50k_tail,,proxy
runs/pbt/fixed_lr_continuation_20260917_lr_14e-6,6,6,0,,lr_14e-6,1.4e-05,validation_total_reference_mistag_geomean_percent,0.339765942911676,min,0.8132499985321809,0.8132499985321809,0.45594129711235154,0.25319245414659974,0.339765942911676,,0.12999999920654298,0.07000000085449219,2.4280000240814212,0.186000003178711,0.39000001309204146,0.05,2.279999972167969,0.9719999756762702,0.015147327248533623,0.01714208735333156,65,50000,0.010871397397403768,0.01286855745420266,35,50000,0.06788829693773375,0.06979113888089493,1214,50000,0.018298640498242997,0.020291160647840055,93,50000,0.026899160482115422,0.028883520794909055,195,50000,0.009048206756063586,0.011046166796862796,25,50000,0.06580529047737448,0.06771405230213863,1140,50000,0.04290598690721674,0.04486706768560139,486,50000,0.8938066666666666,0.9745259792666666,0.279308515625,0.339765942911676,0.28210462642555345,False,/data/suehara/part/march/datasets/20250711_ilc_nnqq_sgv_10m_3cat_parquet,val50k_tail,,proxy
runs/pbt/fixed_lr_continuation_20260917_lr_14e-6,7,7,0,,lr_14e-6,1.4e-05,validation_total_reference_mistag_geomean_percent,0.3393086335595448,min,0.8125000152294928,0.8125000152294928,0.45644041641061583,0.252235219907594,0.3393086335595448,,0.12999999920654298,0.06799999900390627,2.4100000882568393,0.18999999768066408,0.39000001309204146,0.05,2.2900000489196786,0.9719999756762702,0.015147327248533623,0.01714208735333156,65,50000,0.010701894656100771,0.01269913471129969,34,50000,0.06763866889655593,0.06954223082531741,1205,50000,0.018504147852544686,0.02049650800534169,95,50000,0.026899160482115422,0.028883520794909055,195,50000,0.009048206756063586,0.011046166796862796,25,50000,0.06594827763822739,0.06785663947099091,1145,50000,0.04290598690721674,0.04486706768560139,486,50000,0.8937733333333333,0.9745259265,0.27930828125,0.3393086335595448,0.2819915053662405,False,/data/suehara/part/march/datasets/20250711_ilc_nnqq_sgv_10m_3cat_parquet,val50k_tail,,proxy
runs/pbt/fixed_lr_continuation_20260917_lr_14e-6,8,8,0,,lr_14e-6,1.4e-05,validation_total_reference_mistag_geomean_percent,0.3384256841393365,min,0.8127499956915478,0.8127499956915478,0.4559233106009004,0.2512087910886296,0.3384256841393365,,0.12999999920654298,0.06799999900390627,2.4219999312603777,0.186000003178711,0.38799999194824236,0.05,2.2820000266377263,0.9760000142968752,0.015147327248533623,0.01714208735333156,65,50000,0.010701894656100771,0.01269913471129969,34,50000,0.06780519847169354,0.06970828041005482,1211,50000,0.018298640498242997,0.020291160647840055,93,50000,0.02682788339137001,0.028812323702563862,194,50000,0.009048206756063586,0.011046166796862796,25,50000,0.0658339147263546,0.06774259655271848,1141,50000,0.042995341186683085,0.044956261968267554,488,50000,0.8938333333333334,0.9745569872333334,0.27909260416666665,0.3384256841393365,0.2818902369896987,False,/data/suehara/part/march/datasets/20250711_ilc_nnqq_sgv_10m_3cat_parquet,val50k_tail,,proxy
runs/pbt/fixed_lr_continuation_20260917_lr_14e-6,9,9,0,,lr_14e-6,1.4e-05,validation_total_reference_mistag_geomean_percent,0.3398627764133903,min,0.8130000189904029,0.8130000189904029,0.45618796859087063,0.2531998096052586,0.3398627764133903,,0.13200000225585942,0.06799999900390627,2.4100000882568393,0.18999999768066408,0.38799999194824236,0.05,2.2920000591046157,0.9740000136730959,0.01527044818788576,0.01726512829428365,66,50000,0.010701894656100771,0.01269913471129969,34,50000,0.06763866889655593,0.06954223082531741,1205,50000,0.018504147852544686,0.02049650800534169,95,50000,0.02682788339137001,0.028812323702563862,194,50000,0.009048206756063586,0.011046166796862796,25,50000,0.06597683493097806,0.06788511676534201,1146,50000,0.04295068763465349,0.04491168841463788,487,50000,0.8937666666666667,0.9745421134333334,0.27922169270833336,0.3384256841393365,0.28204022957584496,False,/data/suehara/part/march/datasets/20250711_ilc_nnqq_sgv_10m_3cat_parquet,val50k_tail,,proxy
runs/pbt/fixed_lr_continuation_20260917_lr_14e-6,10,10,0,,lr_14e-6,1.4e-05,validation_total_reference_mistag_geomean_percent,0.33859507322679916,min,0.8095000119779211,0.8095000119779211,0.455206081285117,0.251856529002856,0.33859507322679916,,0.13200000225585942,0.06799999900390627,2.4100000882568393,0.186000003178711,0.39000001309204146,0.05,2.2699999670944218,0.9700000229415899,0.01527044818788576,0.01726512829428365,66,50000,0.010701894656100771,0.01269913471129969,34,50000,0.06763866889655593,0.06954223082531741,1205,50000,0.018298640498242997,0.020291160647840055,93,50000,0.026899160482115422,0.028883520794909055,195,50000,0.009048206756063586,0.011046166796862796,25,50000,0.06566196724330023,0.06757112906006432,1135,50000,0.042861238860203606,0.044822399636988176,485,50000,0.8937066666666666,0.9745491877666667,0.27919204427083333,0.3384256841393365,0.2816039602051566,False,/data/suehara/part/march/datasets/20250711_ilc_nnqq_sgv_10m_3cat_parquet,val50k_tail,,proxy
runs/pbt/fixed_lr_continuation_20260917_lr_14e-6,11,11,0,,lr_14e-6,1.4e-05,validation_total_reference_mistag_geomean_percent,0.3384424126181829,min,0.8069999871247489,0.8069999871247489,0.45384428309937597,0.2523845092342728,0.3384424126181829,,0.13399999640136728,0.06799999900390627,2.3939999499545297,0.186000003178711,0.3840000150000006,0.05,2.2639999191626003,0.9760000142968752,0.015392639991259324,0.01738724009925721,67,50000,0.010701894656100771,0.01269913471129969,34,50000,0.0674159347794738,0.06932013669543602,1197,50000,0.018298640498242997,0.020291160647840055,93,50000,0.026684770480086325,0.028669370788080323,192,50000,0.009048206756063586,0.011046166796862796,25,50000,0.06557581108564796,0.06748521289761215,1132,50000,0.042995341186683085,0.044956261968267554,488,50000,0.8939,0.9745637827333334,0.279116875,0.3384256841393365,0.28160083200339475,False,/data/suehara/part/march/datasets/20250711_ilc_nnqq_sgv_10m_3cat_parquet,val50k_tail,,proxy
runs/pbt/fixed_lr_continuation_20260917_lr_14e-6,12,12,0,,lr_14e-6,1.4e-05,validation_total_reference_mistag_geomean_percent,0.3383818410226834,min,0.8107500047790346,0.8107500047790346,0.4544444836096711,0.2519609643501543,0.3383818410226834,,0.13200000225585942,0.06799999900390627,2.4139999176744107,0.186000003178711,0.3840000150000006,0.05,2.276000086822513,0.9760000142968752,0.01527044818788576,0.01726512829428365,66,50000,0.010701894656100771,0.01269913471129969,34,50000,0.06769422817458522,0.06959763010654686,1207,50000,0.018298640498242997,0.020291160647840055,93,50000,0.026684770480086325,0.028669370788080323,192,50000,0.009048206756063586,0.011046166796862796,25,50000,0.06574800163356431,0.0676569234551283,1138,50000,0.042995341186683085,0.044956261968267554,488,50000,0.89392,0.9745813512,0.279037578125,0.3383818410226834,0.28152035632796196,False,/data/suehara/part/march/datasets/20250711_ilc_nnqq_sgv_10m_3cat_parquet,val50k_tail,,proxy
runs/pbt/fixed_lr_continuation_20260917_lr_14e-6,13,13,0,,lr_14e-6,1.4e-05,validation_total_reference_mistag_geomean_percent,0.33491396544548796,min,0.8100000041185952,0.8100000041185952,0.4528248198431257,0.24770586623162613,0.33491396544548796,,0.128,0.06799999900390627,2.4299999842414857,0.1780000073876956,0.37999999536132817,0.05,2.2720000332812504,0.9740000136730959,0.015023255758590748,0.017018095861788735,64,50000,0.010701894656100771,0.01269913471129969,34,50000,0.06791597188520564,0.06981873382996724,1215,50000,0.01788086961137308,0.019873709754570246,89,50000,0.026540902914279046,0.02852566321907301,190,50000,0.009048206756063586,0.011046166796862796,25,50000,0.06569065887982901,0.06759974069819284,1136,50000,0.04295068763465349,0.04491168841463788,487,50000,0.8939133333333333,0.9745779749333333,0.2790205859375,0.33491396544548796,0.28115395927973635,False,/data/suehara/part/march/datasets/20250711_ilc_nnqq_sgv_10m_3cat_parquet,val50k_tail,,proxy
runs/pbt/fixed_lr_continuation_20260917_lr_14e-6,14,14,0,,lr_14e-6,1.4e-05,validation_total_reference_mistag_geomean_percent,0.3364126162373847,min,0.8070000150101857,0.8070000150101857,0.45353350437550466,0.24953712850722387,0.3364126162373847,,0.12999999920654298,0.06799999900390627,2.4100000882568393,0.18199999600097666,0.38600000777465837,0.05,2.2600000068969726,0.9700000229415899,0.015147327248533623,0.01714208735333156,65,50000,0.010701894656100771,0.01269913471129969,34,50000,0.06763866889655593,0.06954223082531741,1205,50000,0.018090905588142768,0.020083585734539902,91,50000,0.026756420536738636,0.028740940846332497,193,50000,0.009048206756063586,0.011046166796862796,25,50000,0.06551830576520534,0.06742786757396937,1130,50000,0.042861238860203606,0.044822399636988176,485,50000,0.8939,0.9745775253666666,0.27905174479166667,0.33491396544548796,0.28110110359913276,False,/data/suehara/part/march/datasets/20250711_ilc_nnqq_sgv_10m_3cat_parquet,val50k_tail,,proxy
runs/pbt/fixed_lr_continuation_20260917_lr_14e-6,15,15,0,,lr_14e-6,1.4e-05,validation_total_reference_mistag_geomean_percent,0.33845682254994663,min,0.8105000166621406,0.8105000166621406,0.45540544889157564,0.2515407336680313,0.33845682254994663,,0.13200000225585942,0.06799999900390627,2.4240001013452193,0.18399999640625006,0.39000001309204146,0.05,2.2600000068969726,0.9760000142968752,0.01527044818788576,0.01726512829428365,66,50000,0.010701894656100771,0.01269913471129969,34,50000,0.06783291024577663,0.06973591218573834,1212,50000,0.018195055988739096,0.02018765613673616,92,50000,0.026899160482115422,0.028883520794909055,195,50000,0.009048206756063586,0.011046166796862796,25,50000,0.06551830576520534,0.06742786757396937,1130,50000,0.042995341186683085,0.044956261968267554,488,50000,0.8939133333333333,0.9746021622,0.27891700520833335,0.33491396544548796,0.2810786485487682,False,/data/suehara/part/march/datasets/20250711_ilc_nnqq_sgv_10m_3cat_parquet,val50k_tail,,proxy
runs/pbt/fixed_lr_continuation_20260917_lr_14e-6,16,16,0,,lr_14e-6,1.4e-05,validation_total_reference_mistag_geomean_percent,0.3372839353318926,min,0.8064999888306053,0.8064999888306053,0.4553046615515902,0.24985567388063784,0.3372839353318926,,0.12999999920654298,0.06799999900390627,2.3959998910510305,0.18399999640625006,0.39000001309204146,0.05,2.257999997588196,0.9760000142968752,0.015147327248533623,0.01714208735333156,65,50000,0.010701894656100771,0.01269913471129969,34,50000,0.06744382019108416,0.06934794210864612,1198,50000,0.018195055988739096,0.02018765613673616,92,50000,0.026899160482115422,0.028883520794909055,195,50000,0.009048206756063586,0.011046166796862796,25,50000,0.06548953268759282,0.06739917449475712,1129,50000,0.042995341186683085,0.044956261968267554,488,50000,0.8939133333333333,0.9745956837666666,0.2789877604166667,0.33491396544548796,0.28114179637350434,False,/data/suehara/part/march/datasets/20250711_ilc_nnqq_sgv_10m_3cat_parquet,val50k_tail,,proxy
runs/pbt/fixed_lr_continuation_20260917_lr_14e-6,17,17,0,,lr_14e-6,1.4e-05,validation_total_reference_mistag_geomean_percent,0.3378498674419637,min,0.8094999994776345,0.8094999994776345,0.4546549984611359,0.2510530695074045,0.3378498674419637,,0.12999999920654298,0.06799999900390627,2.4160000280175784,0.186000003178711,0.38799999194824236,0.05,2.2659999987898254,0.9719999756762702,0.015147327248533623,0.01714208735333156,65,50000,0.010701894656100771,0.01269913471129969,34,50000,0.06772198925879096,0.06962531119235234,1208,50000,0.018298640498242997,0.020291160647840055,93,50000,0.02682788339137001,0.028812323702563862,194,50000,0.009048206756063586,0.011046166796862796,25,50000,0.06560454336370959,0.06751386517727352,1133,50000,0.04290598690721674,0.04486706768560139,486,50000,0.8940466666666667,0.9746016221666668,0.2789154296875,0.33491396544548796,0.28103813844626996,False,/data/suehara/part/march/datasets/20250711_ilc_nnqq_sgv_10m_3cat_parquet,val50k_tail,,proxy
runs/pbt/fixed_lr_continuation_20260917_lr_14e-6,18,18,0,,lr_14e-6,1.4e-05,validation_total_reference_mistag_geomean_percent,0.33918184295526743,min,0.809500010549813,0.809500010549813,0.45319921818213865,0.2538493403673435,0.33918184295526743,,0.13399999640136728,0.06799999900390627,2.4240001013452193,0.1879999917382816,0.38600000777465837,0.05,2.257999997588196,0.9679999905468751,0.015392639991259324,0.01738724009925721,67,50000,0.010701894656100771,0.01269913471129969,34,50000,0.06783291024577663,0.06973591218573834,1212,50000,0.018401668178712582,0.020394108329909573,94,50000,0.026756420536738636,0.028740940846332497,193,50000,0.009048206756063586,0.011046166796862796,25,50000,0.06548953268759282,0.06739917449475712,1129,50000,0.0428164433487024,0.04477768412388689,484,50000,0.8940666666666667,0.9746039013666666,0.27893712239583335,0.33491396544548796,0.28122460132891197,False,/data/suehara/part/march/datasets/20250711_ilc_nnqq_sgv_10m_3cat_parquet,val50k_tail,,proxy
runs/pbt/fixed_lr_continuation_20260917_lr_14e-6,19,19,0,,lr_14e-6,1.4e-05,validation_total_reference_mistag_geomean_percent,0.3363572970168598,min,0.8072499938987547,0.8072499938987547,0.4523865523248832,0.25008752067245094,0.3363572970168598,,0.13200000225585942,0.06600000112792971,2.4139999176744107,0.186000003178711,0.38200002098388786,0.05,2.2560000302929692,0.9719999756762702,0.01527044818788576,0.01726512829428365,66,50000,0.010529894247015226,0.01252721430061417,33,50000,0.06769422817458522,0.06959763010654686,1207,50000,0.018298640498242997,0.020291160647840055,93,50000,0.02661293176456675,0.02859761207096071,191,50000,0.009048206756063586,0.011046166796862796,25,50000,0.06546074597483416,0.06737046778039872,1128,50000,0.04290598690721674,0.04486706768560139,486,50000,0.89406,0.9746301415666666,0.2787626822916667,0.33491396544548796,0.2808641658565978,False,/data/suehara/part/march/datasets/20250711_ilc_nnqq_sgv_10m_3cat_parquet,val50k_tail,,proxy
runs/pbt/fixed_lr_continuation_20260917_lr_14e-6,20,20,0,,lr_14e-6,1.4e-05,validation_total_reference_mistag_geomean_percent,0.3376412030455795,min,0.8045000089626314,0.8045000089626314,0.45188688767387064,0.25227902181649897,0.3376412030455795,,0.13399999640136728,0.06799999900390627,2.3900000437622078,0.186000003178711,0.38200002098388786,0.05,2.2600000068969726,0.966000001473999,0.015392639991259324,0.01738724009925721,67,50000,0.010701894656100771,0.01269913471129969,34,50000,0.06736012639214847,0.06926448830491053,1195,50000,0.018298640498242997,0.020291160647840055,93,50000,0.02661293176456675,0.02859761207096071,191,50000,0.009048206756063586,0.011046166796862796,25,50000,0.06551830576520534,0.06742786757396937,1130,50000,0.042771600227054125,0.04473292100063888,483,50000,0.89408,0.9746324579333333,0.2787598567708333,0.33491396544548796,0.28082446573917125,False,/data/suehara/part/march/datasets/20250711_ilc_nnqq_sgv_10m_3cat_parquet,val50k_tail,,proxy
runs/pbt/fixed_lr_continuation_20260917_lr_14e-6,21,21,0,,lr_14e-6,1.4e-05,validation_total_reference_mistag_geomean_percent,0.3371521303603096,min,0.8082500110232549,0.8082500110232549,0.45370016191276263,0.2505433512019596,0.3371521303603096,,0.13200000225585942,0.06799999900390627,2.4120000092010496,0.18199999600097666,0.38600000777465837,0.05,2.268000083402713,0.9679999905468751,0.01527044818788576,0.01726512829428365,66,50000,0.010701894656100771,0.01269913471129969,34,50000,0.06766645472550611,0.06956993665586803,1206,50000,0.018090905588142768,0.020083585734539902,91,50000,0.026756420536738636,0.028740940846332497,193,50000,0.009048206756063586,0.011046166796862796,25,50000,0.06563326207708713,0.06754250389225148,1134,50000,0.0428164433487024,0.04477768412388689,484,50000,0.8940133333333333,0.9746349950333334,0.27873848958333336,0.33491396544548796,0.2808461769145764,False,/data/suehara/part/march/datasets/20250711_ilc_nnqq_sgv_10m_3cat_parquet,val50k_tail,,proxy
runs/pbt/fixed_lr_continuation_20260917_lr_14e-6,22,22,0,,lr_14e-6,1.4e-05,validation_total_reference_mistag_geomean_percent,0.33775514266389833,min,0.8049999973155603,0.8049999973155603,0.4531316163355537,0.25175585256764055,0.33775514266389833,,0.13399999640136728,0.06799999900390627,2.3959998910510305,0.18399999640625006,0.38600000777465837,0.05,2.2520000649456806,0.9700000229415899,0.015392639991259324,0.01738724009925721,67,50000,0.010701894656100771,0.01269913471129969,34,50000,0.06744382019108416,0.06934794210864612,1198,50000,0.018195055988739096,0.02018765613673616,92,50000,0.026756420536738636,0.028740940846332497,193,50000,0.009048206756063586,0.011046166796862796,25,50000,0.06540313157298895,0.06731301337535335,1126,50000,0.042861238860203606,0.044822399636988176,485,50000,0.89426,0.9746496494,0.2786346223958333,0.33491396544548796,0.28024142189438744,False,/data/suehara/part/march/datasets/20250711_ilc_nnqq_sgv_10m_3cat_parquet,val50k_tail,,proxy
runs/pbt/fixed_lr_continuation_20260917_lr_14e-6,23,23,0,,lr_14e-6,1.4e-05,validation_total_reference_mistag_geomean_percent,0.3364074049605752,min,0.8017500180484972,0.8017500180484972,0.450889360219372,0.25099270929180423,0.3364074049605752,,0.12999999920654298,0.06799999900390627,2.3880000954675333,0.1879999917382816,0.37999999536132817,0.05,2.238000087934116,0.9719999756762702,0.015147327248533623,0.01714208735333156,65,50000,0.010701894656100771,0.01269913471129969,34,50000,0.06733220338577643,0.06923664529693875,1194,50000,0.018401668178712582,0.020394108329909573,94,50000,0.026540902914279046,0.02852566321907301,190,50000,0.009048206756063586,0.011046166796862796,25,50000,0.0652010490428543,0.06711149083401848,1119,50000,0.04290598690721674,0.04486706768560139,486,50000,0.89416,0.9746585849666668,0.27861684895833333,0.33491396544548796,0.2805655140541441,False,/data/suehara/part/march/datasets/20250711_ilc_nnqq_sgv_10m_3cat_parquet,val50k_tail,,proxy
runs/pbt/fixed_lr_continuation_20260917_lr_14e-6,24,24,0,,lr_14e-6,1.4e-05,validation_total_reference_mistag_geomean_percent,0.33562918100436395,min,0.8034999821002203,0.8034999821002203,0.4507970774412548,0.2498839339887681,0.33562918100436395,,0.13399999640136728,0.06600000112792971,2.3959998910510305,0.18399999640625006,0.3780000029992676,0.05,2.2479999931396484,0.9719999756762702,0.015392639991259324,0.01738724009925721,67,50000,0.010529894247015226,0.01252721430061417,33,50000,0.06744382019108416,0.06934794210864612,1198,50000,0.018195055988739096,0.02018765613673616,92,50000,0.026468682433917427,0.028453522737111436,189,50000,0.009048206756063586,0.011046166796862796,25,50000,0.0653454624174963,0.06725550421666053,1124,50000,0.04290598690721674,0.04486706768560139,486,50000,0.8941266666666666,0.9746475743666667,0.27869141927083335,0.33491396544548796,0.2806415097711769,False,/data/suehara/part/march/datasets/20250711_ilc_nnqq_sgv_10m_3cat_parquet,val50k_tail,,proxy
runs/pbt/fixed_lr_continuation_20260917_lr_14e-6,25,25,0,,lr_14e-6,1.4e-05,validation_total_reference_mistag_geomean_percent,0.3358889840624491,min,0.8027500000021747,0.8027500000021747,0.45273031518093815,0.24920224211054653,0.3358889840624491,,0.13200000225585942,0.06600000112792971,2.3799999527893076,0.186000003178711,0.38600000777465837,0.05,2.257999997588196,0.9640000353027357,0.01527044818788576,0.01726512829428365,66,50000,0.010529894247015226,0.01252721430061417,33,50000,0.06722038558307011,0.0691251474878321,1190,50000,0.018298640498242997,0.020291160647840055,93,50000,0.026756420536738636,0.028740940846332497,193,50000,0.009048206756063586,0.011046166796862796,25,50000,0.06548953268759282,0.06739917449475712,1129,50000,0.042726709348848285,0.04468811012083296,482,50000,0.8941533333333334,0.9746643615666667,0.2786197786458333,0.33491396544548796,0.2803427725037884,False,/data/suehara/part/march/datasets/20250711_ilc_nnqq_sgv_10m_3cat_parquet,val50k_tail,,proxy
runs/pbt/fixed_lr_continuation_20260917_lr_14e-6,26,26,0,,lr_14e-6,1.4e-05,validation_total_reference_mistag_geomean_percent,0.335199542065641,min,0.8055000090782171,0.8055000090782171,0.45316354898303063,0.24794300700743893,0.335199542065641,,0.13200000225585942,0.06600000112792971,2.4100000882568393,0.18000000439453137,0.38600000777465837,0.05,2.2479999931396484,0.9719999756762702,0.01527044818788576,0.01726512829428365,66,50000,0.010529894247015226,0.01252721430061417,33,50000,0.06763866889655593,0.06954223082531741,1205,50000,0.017986179985518026,0.019978940130315186,90,50000,0.026756420536738636,0.028740940846332497,193,50000,0.009048206756063586,0.011046166796862796,25,50000,0.0653454624174963,0.06725550421666053,1124,50000,0.04290598690721674,0.04486706768560139,486,50000,0.8942133333333333,0.9746871133333332,0.2784459114583333,0.33491396544548796,0.28033471795119747,False,/data/suehara/part/march/datasets/20250711_ilc_nnqq_sgv_10m_3cat_parquet,val50k_tail,,proxy
runs/pbt/fixed_lr_continuation_20260917_lr_14e-6,27,27,0,,lr_14e-6,1.4e-05,validation_total_reference_mistag_geomean_percent,0.33560521322244985,min,0.8030000056084261,0.8030000056084261,0.45158665935481745,0.24941139603858511,0.33560521322244985,,0.13200000225585942,0.06600000112792971,2.3880000954675333,0.186000003178711,0.38200002098388786,0.05,2.253999920379489,0.966000001473999,0.01527044818788576,0.01726512829428365,66,50000,0.010529894247015226,0.01252721430061417,33,50000,0.06733220338577643,0.06923664529693875,1194,50000,0.018298640498242997,0.020291160647840055,93,50000,0.02661293176456675,0.02859761207096071,191,50000,0.009048206756063586,0.011046166796862796,25,50000,0.06543194560921714,0.06734174741318127,1127,50000,0.042771600227054125,0.04473292100063888,483,50000,0.89412,0.9746835080333333,0.2784929817708333,0.33491396544548796,0.2803049885112257,False,/data/suehara/part/march/datasets/20250711_ilc_nnqq_sgv_10m_3cat_parquet,val50k_tail,,proxy
runs/pbt/fixed_lr_continuation_20260917_lr_14e-6,28,28,0,,lr_14e-6,1.4e-05,validation_total_reference_mistag_geomean_percent,0.33506780709808814,min,0.800250002190686,0.800250002190686,0.4504247664106348,0.24925457862405595,0.33506780709808814,,0.13200000225585942,0.06600000112792971,2.381999937120668,0.186000003178711,0.37999999536132817,0.05,2.238000087934116,0.9679999905468751,0.01527044818788576,0.01726512829428365,66,50000,0.010529894247015226,0.01252721430061417,33,50000,0.06724835893121076,0.06915304083757318,1191,50000,0.018298640498242997,0.020291160647840055,93,50000,0.026540902914279046,0.02852566321907301,190,50000,0.009048206756063586,0.011046166796862796,25,50000,0.0652010490428543,0.06711149083401848,1119,50000,0.0428164433487024,0.04477768412388689,484,50000,0.8940133333333333,0.9746864794,0.2784930859375,0.33491396544548796,0.2800063456965877,False,/data/suehara/part/march/datasets/20250711_ilc_nnqq_sgv_10m_3cat_parquet,val50k_tail,,proxy
runs/pbt/fixed_lr_continuation_20260917_lr_14e-6,29,29,0,,lr_14e-6,1.4e-05,validation_total_reference_mistag_geomean_percent,0.3370083276929174,min,0.8032500191089638,0.8032500191089638,0.4522611975710976,0.25112614910219516,0.3370083276929174,,0.13399999640136728,0.06600000112792971,2.3920000708081077,0.1879999917382816,0.38600000777465837,0.05,2.2440000835473666,0.966000001473999,0.015392639991259324,0.01738724009925721,67,50000,0.010529894247015226,0.01252721430061417,33,50000,0.06738803685159972,0.06929231876596151,1196,50000,0.018401668178712582,0.020394108329909573,94,50000,0.026756420536738636,0.028740940846332497,193,50000,0.009048206756063586,0.011046166796862796,25,50000,0.0652877383655534,0.06719794016151748,1122,50000,0.042771600227054125,0.04473292100063888,483,50000,0.8941266666666666,0.9746902403999999,0.27845609375,0.33491396544548796,0.28004978960295734,False,/data/suehara/part/march/datasets/20250711_ilc_nnqq_sgv_10m_3cat_parquet,val50k_tail,,proxy
runs/pbt/fixed_lr_continuation_20260917_lr_14e-6,30,30,0,,lr_14e-6,1.4e-05,validation_total_reference_mistag_geomean_percent,0.3343034800758932,min,0.8029999814887626,0.8029999814887626,0.4506967775290646,0.24796897240661103,0.3343034800758932,,0.13399999640136728,0.064,2.3959998910510305,0.18399999640625006,0.3780000029992676,0.05,2.2459999893759157,0.9719999756762702,0.015392639991259324,0.01738724009925721,67,50000,0.0103552826863133,0.012352682738312273,32,50000,0.06744382019108416,0.06934794210864612,1198,50000,0.018195055988739096,0.02018765613673616,92,50000,0.026468682433917427,0.028453522737111436,189,50000,0.009048206756063586,0.011046166796862796,25,50000,0.06531660726253087,0.06722672906009537,1123,50000,0.04290598690721674,0.04486706768560139,486,50000,0.8940933333333333,0.9746991631666665,0.27839811197916664,0.3343034800758932,0.28008891489606763,False,/data/suehara/part/march/datasets/20250711_ilc_nnqq_sgv_10m_3cat_parquet,val50k_tail,,proxy
runs/pbt/fixed_lr_continuation_20260917_lr_14e-6,31,31,0,,lr_14e-6,1.4e-05,validation_total_reference_mistag_geomean_percent,0.33405076689034535,min,0.8032500040460213,0.8032500040460213,0.45230649070076456,0.24671305222071893,0.33405076689034535,,0.13399999640136728,0.064,2.3999999267578147,0.18000000439453137,0.38200002098388786,0.05,2.236000092802738,0.9799999910278321,0.015392639991259324,0.01738724009925721,67,50000,0.0103552826863133,0.012352682738312273,32,50000,0.0674995535266034,0.06940351544736552,1200,50000,0.017986179985518026,0.019978940130315186,90,50000,0.02661293176456675,0.02859761207096071,191,50000,0.009048206756063586,0.011046166796862796,25,50000,0.06517212499793437,0.06708264678749881,1118,50000,0.04308450733752373,0.04504526812230802,490,50000,0.8940133333333333,0.9747103040999999,0.2783391276041667,0.33405076689034535,0.2798149852980669,False,/data/suehara/part/march/datasets/20250711_ilc_nnqq_sgv_10m_3cat_parquet,val50k_tail,,proxy
runs/pbt/fixed_lr_continuation_20260917_lr_14e-6,32,32,0,,lr_14e-6,1.4e-05,validation_total_reference_mistag_geomean_percent,0.3334980006398747,min,0.8000000092969711,0.8000000092969711,0.4512490584328635,0.24647345928443917,0.3334980006398747,,0.13599999800781254,0.064,2.381999937120668,0.1780000073876956,0.38200002098388786,0.05,2.238000087934116,0.9700000229415899,0.015513923280260607,0.017508443389858443,68,50000,0.0103552826863133,0.012352682738312273,32,50000,0.06724835893121076,0.06915304083757318,1191,50000,0.01788086961137308,0.019873709754570246,89,50000,0.02661293176456675,0.02859761207096071,191,50000,0.009048206756063586,0.011046166796862796,25,50000,0.0652010490428543,0.06711149083401848,1119,50000,0.042861238860203606,0.044822399636988176,485,50000,0.89402,0.9747185103333335,0.27830475260416665,0.3334980006398747,0.27996725304766457,False,/data/suehara/part/march/datasets/20250711_ilc_nnqq_sgv_10m_3cat_parquet,val50k_tail,,proxy
runs/pbt/fixed_lr_continuation_20260917_lr_14e-6,33,33,0,,lr_14e-6,1.4e-05,validation_total_reference_mistag_geomean_percent,0.33405756911905365,min,0.8029999929869281,0.8029999929869281,0.450889360219372,0.24749854250594217,0.33405756911905365,,0.13399999640136728,0.064,2.4039998925213673,0.18199999600097666,0.37999999536132817,0.05,2.238000087934116,0.9719999756762702,0.015392639991259324,0.01738724009925721,67,50000,0.0103552826863133,0.012352682738312273,32,50000,0.06755523698002315,0.06945903890398474,1202,50000,0.018090905588142768,0.020083585734539902,91,50000,0.026540902914279046,0.02852566321907301,190,50000,0.009048206756063586,0.011046166796862796,25,50000,0.0652010490428543,0.06711149083401848,1119,50000,0.04290598690721674,0.04486706768560139,486,50000,0.8940266666666666,0.9747110526333334,0.2783915234375,0.3334980006398747,0.27965857905611885,False,/data/suehara/part/march/datasets/20250711_ilc_nnqq_sgv_10m_3cat_parquet,val50k_tail,,proxy
runs/pbt/fixed_lr_continuation_20260917_lr_14e-6,34,34,0,,lr_14e-6,1.4e-05,validation_total_reference_mistag_geomean_percent,0.33608457910614137,min,0.8029999887739571,0.8029999887739571,0.45158230624727724,0.2501268157550476,0.33608457910614137,,0.13599999800781254,0.06600000112792971,2.3959998910510305,0.18199999600097666,0.38200002098388786,0.05,2.24000002734375,0.9719999756762702,0.015513923280260607,0.017508443389858443,68,50000,0.010529894247015226,0.01252721430061417,33,50000,0.06744382019108416,0.06934794210864612,1198,50000,0.018090905588142768,0.020083585734539902,91,50000,0.02661293176456675,0.02859761207096071,191,50000,0.009048206756063586,0.011046166796862796,25,50000,0.06522995927372398,0.06714032106648858,1120,50000,0.04290598690721674,0.04486706768560139,486,50000,0.8940666666666667,0.9747184408999999,0.2783048307291667,0.3334980006398747,0.27980848343654774,False,/data/suehara/part/march/datasets/20250711_ilc_nnqq_sgv_10m_3cat_parquet,val50k_tail,,proxy
runs/pbt/fixed_lr_continuation_20260917_lr_14e-6,35,35,0,,lr_14e-6,1.4e-05,validation_total_reference_mistag_geomean_percent,0.3341203695875463,min,0.8000000120270542,0.8000000120270542,0.44872620924138545,0.24878515913311727,0.3341203695875463,,0.13599999800781254,0.064,2.3920000708081077,0.18399999640625006,0.37400001392456106,0.05,2.2260000033966065,0.9740000136730959,0.015513923280260607,0.017508443389858443,68,50000,0.0103552826863133,0.012352682738312273,32,50000,0.06738803685159972,0.06929231876596151,1196,50000,0.018195055988739096,0.02018765613673616,92,50000,0.026323660502558435,0.028308660802552454,187,50000,0.009048206756063586,0.011046166796862796,25,50000,0.06502729692734292,0.0669382187089073,1113,50000,0.04295068763465349,0.04491168841463788,487,50000,0.8938866666666667,0.9747261214333335,0.27831770833333336,0.3334980006398747,0.27966473761880356,False,/data/suehara/part/march/datasets/20250711_ilc_nnqq_sgv_10m_3cat_parquet,val50k_tail,,proxy
runs/pbt/fixed_lr_continuation_20260917_lr_14e-6,36,36,0,,lr_14e-6,1.4e-05,validation_total_reference_mistag_geomean_percent,0.3316305355292523,min,0.7975000039321906,0.7975000039321906,0.4478652768914812,0.24556226564102848,0.3316305355292523,,0.13399999640136728,0.064,2.381999937120668,0.1780000073876956,0.372000006357422,0.05,2.230000061248781,0.9700000229415899,0.015392639991259324,0.01738724009925721,67,50000,0.0103552826863133,0.012352682738312273,32,50000,0.06724835893121076,0.06915304083757318,1191,50000,0.01788086961137308,0.019873709754570246,89,50000,0.026250855960646823,0.028235936259040934,186,50000,0.009048206756063586,0.011046166796862796,25,50000,0.0650852697975806,0.06699603158234514,1115,50000,0.042861238860203606,0.044822399636988176,485,50000,0.89398,0.9747376091333333,0.27821682291666666,0.3316305355292523,0.27955629865148884,False,/data/suehara/part/march/datasets/20250711_ilc_nnqq_sgv_10m_3cat_parquet,val50k_tail,,proxy
runs/pbt/fixed_lr_continuation_20260917_lr_14e-6,37,37,0,,lr_14e-6,1.4e-05,validation_total_reference_mistag_geomean_percent,0.33271873774572946,min,0.7987500204734808,0.7987500204734808,0.44742101071331525,0.2474219041940424,0.33271873774572946,,0.13599999800781254,0.064,2.3920000708081077,0.18000000439453137,0.37000000903320335,0.05,2.2240000678710956,0.9740000136730959,0.015513923280260607,0.017508443389858443,68,50000,0.0103552826863133,0.012352682738312273,32,50000,0.06738803685159972,0.06929231876596151,1196,50000,0.017986179985518026,0.019978940130315186,90,50000,0.026177853606070133,0.02816301390286425,185,50000,0.009048206756063586,0.011046166796862796,25,50000,0.06499828961640738,0.06690929139637203,1112,50000,0.04295068763465349,0.04491168841463788,487,50000,0.8939133333333333,0.9747478281333333,0.27818725260416666,0.3316305355292523,0.2795591730798119,False,/data/suehara/part/march/datasets/20250711_ilc_nnqq_sgv_10m_3cat_parquet,val50k_tail,,proxy
runs/pbt/fixed_lr_continuation_20260917_lr_14e-6,38,38,0,,lr_14e-6,1.4e-05,validation_total_reference_mistag_geomean_percent,0.3337555513940782,min,0.7999999895716862,0.7999999895716862,0.4506856309753173,0.24716290121187787,0.3337555513940782,,0.13599999800781254,0.064,2.381999937120668,0.18000000439453137,0.3780000029992676,0.05,2.231999974797364,0.9779999992538452,0.015513923280260607,0.017508443389858443,68,50000,0.0103552826863133,0.012352682738312273,32,50000,0.06724835893121076,0.06915304083757318,1191,50000,0.017986179985518026,0.019978940130315186,90,50000,0.026468682433917427,0.028453522737111436,189,50000,0.009048206756063586,0.011046166796862796,25,50000,0.06511423539346806,0.06702491717983233,1116,50000,0.04303994770673905,0.0450007884899236,489,50000,0.89404,0.9747408065666666,0.27822048177083336,0.3316305355292523,0.279596659135444,False,/data/suehara/part/march/datasets/20250711_ilc_nnqq_sgv_10m_3cat_parquet,val50k_tail,,proxy
runs/pbt/fixed_lr_continuation_20260917_lr_14e-6,39,39,0,,lr_14e-6,1.4e-05,validation_total_reference_mistag_geomean_percent,0.33194743453328696,min,0.7960000209465224,0.7960000209465224,0.4480061066360051,0.24595445834571403,0.33194743453328696,,0.13599999800781254,0.064,2.362000041267243,0.1780000073876956,0.37400001392456106,0.05,2.2440000835473666,0.9600000234375006,0.015513923280260607,0.017508443389858443,68,50000,0.0103552826863133,0.012352682738312273,32,50000,0.06696805549281093,0.06887353738317323,1181,50000,0.01788086961137308,0.019873709754570246,89,50000,0.026323660502558435,0.028308660802552454,187,50000,0.009048206756063586,0.011046166796862796,25,50000,0.0652877383655534,0.06719794016151748,1122,50000,0.042636783733323094,0.04459834450210795,480,50000,0.89412,0.9747585681000001,0.27809109375,0.3316305355292523,0.27886929372228064,False,/data/suehara/part/march/datasets/20250711_ilc_nnqq_sgv_10m_3cat_parquet,val50k_tail,,proxy
runs/pbt/fixed_lr_continuation_20260917_lr_14e-6,40,40,0,,lr_14e-6,1.4e-05,validation_total_reference_mistag_geomean_percent,0.3325658361801429,min,0.8017499827503975,0.8017499827503975,0.44973570931093754,0.24592228970133026,0.3325658361801429,,0.13399999640136728,0.064,2.3959998910510305,0.1780000073876956,0.3759999834765632,0.05,2.2479999931396484,0.9679999905468751,0.015392639991259324,0.01738724009925721,67,50000,0.0103552826863133,0.012352682738312273,32,50000,0.06744382019108416,0.06934794210864612,1198,50000,0.01788086961137308,0.019873709754570246,89,50000,0.026396268808411394,0.028381189110005457,188,50000,0.009048206756063586,0.011046166796862796,25,50000,0.0653454624174963,0.06725550421666053,1124,50000,0.0428164433487024,0.04477768412388689,484,50000,0.8939866666666667,0.9747507340333333,0.27818876302083334,0.3316305355292523,0.27914883807719976,False,/data/suehara/part/march/datasets/20250711_ilc_nnqq_sgv_10m_3cat_parquet,val50k_tail,,proxy
runs/pbt/fixed_lr_continuation_20260917_lr_14e-6,41,41,0,,lr_14e-6,1.4e-05,validation_total_reference_mistag_geomean_percent,0.3325241693328166,min,0.8005000210620129,0.8005000210620129,0.4491343280220312,0.2461898730329422,0.3325241693328166,,0.13599999800781254,0.064,2.398000105380864,0.17599999828125001,0.3759999834765632,0.05,2.236000092802738,0.9679999905468751,0.015513923280260607,0.017508443389858443,68,50000,0.0103552826863133,0.012352682738312273,32,50000,0.06747169310171094,0.06937573502087263,1199,50000,0.017774964627493357,0.019767884769090572,88,50000,0.026396268808411394,0.028381189110005457,188,50000,0.009048206756063586,0.011046166796862796,25,50000,0.06517212499793437,0.06708264678749881,1118,50000,0.0428164433487024,0.04477768412388689,484,50000,0.8940266666666666,0.9747682806666668,0.2780390494791667,0.3316305355292523,0.2794212421126618,False,/data/suehara/part/march/datasets/20250711_ilc_nnqq_sgv_10m_3cat_parquet,val50k_tail,,proxy
runs/pbt/fixed_lr_continuation_20260917_lr_14e-6,42,42,0,,lr_14e-6,1.4e-05,validation_total_reference_mistag_geomean_percent,0.33184987784423947,min,0.79799999451767,0.79799999451767,0.4478948766775205,0.2458709557969001,0.33184987784423947,,0.13399999640136728,0.064,2.3939999499545297,0.1780000073876956,0.3780000029992676,0.05,2.231999974797364,0.9540000246011359,0.015392639991259324,0.01738724009925721,67,50000,0.0103552826863133,0.012352682738312273,32,50000,0.0674159347794738,0.06932013669543602,1197,50000,0.01788086961137308,0.019873709754570246,89,50000,0.026468682433917427,0.028453522737111436,189,50000,0.009048206756063586,0.011046166796862796,25,50000,0.06511423539346806,0.06702491717983233,1116,50000,0.04250153343169482,0.04446333419567978,477,50000,0.89414,0.9747662153333333,0.27809942708333335,0.3316305355292523,0.2790912607137729,False,/data/suehara/part/march/datasets/20250711_ilc_nnqq_sgv_10m_3cat_parquet,val50k_tail,,proxy
runs/pbt/fixed_lr_continuation_20260917_lr_14e-6,43,43,0,,lr_14e-6,1.4e-05,validation_total_reference_mistag_geomean_percent,0.3339751198618736,min,0.8009999964498907,0.8009999964498907,0.44989196226523004,0.24792481315991094,0.3339751198618736,,0.13399999640136728,0.06600000112792971,2.3999999267578147,0.1780000073876956,0.3780000029992676,0.05,2.230000061248781,0.9719999756762702,0.015392639991259324,0.01738724009925721,67,50000,0.010529894247015226,0.01252721430061417,33,50000,0.0674995535266034,0.06940351544736552,1200,50000,0.01788086961137308,0.019873709754570246,89,50000,0.026468682433917427,0.028453522737111436,189,50000,0.009048206756063586,0.011046166796862796,25,50000,0.0650852697975806,0.06699603158234514,1115,50000,0.04290598690721674,0.04486706768560139,486,50000,0.89416,0.9747769466333334,0.2780404166666667,0.3316305355292523,0.27875938538959694,False,/data/suehara/part/march/datasets/20250711_ilc_nnqq_sgv_10m_3cat_parquet,val50k_tail,,proxy
runs/pbt/fixed_lr_continuation_20260917_lr_14e-6,44,44,0,,lr_14e-6,1.4e-05,validation_total_reference_mistag_geomean_percent,0.332353233032002,min,0.8014999968041996,0.8014999968041996,0.4490338597197626,0.2459918536561148,0.332353233032002,,0.13200000225585942,0.064,2.407999941945802,0.18000000439453137,0.3759999834765632,0.05,2.234000051813966,0.9679999905468751,0.01527044818788576,0.01726512829428365,66,50000,0.0103552826863133,0.012352682738312273,32,50000,0.06761087067270397,0.06951451259986571,1204,50000,0.017986179985518026,0.019978940130315186,90,50000,0.026396268808411394,0.028381189110005457,188,50000,0.009048206756063586,0.011046166796862796,25,50000,0.06514318712085576,0.06705378890882047,1117,50000,0.0428164433487024,0.04477768412388689,484,50000,0.8940933333333333,0.9747632604666666,0.2781513671875,0.3316305355292523,0.2788016480295347,False,/data/suehara/part/march/datasets/20250711_ilc_nnqq_sgv_10m_3cat_parquet,val50k_tail,,proxy
runs/pbt/fixed_lr_continuation_20260917_lr_14e-6,45,45,0,,lr_14e-6,1.4e-05,validation_total_reference_mistag_geomean_percent,0.3334724665192752,min,0.8032500057366183,0.8032500057366183,0.45046052407020787,0.2468671059600266,0.3334724665192752,,0.13399999640136728,0.064,2.4060000212933352,0.18000000439453137,0.37999999536132817,0.05,2.2479999931396484,0.9640000353027357,0.015392639991259324,0.01738724009925721,67,50000,0.0103552826863133,0.012352682738312273,32,50000,0.0675830600388904,0.06948678196445242,1203,50000,0.017986179985518026,0.019978940130315186,90,50000,0.026540902914279046,0.02852566321907301,190,50000,0.009048206756063586,0.011046166796862796,25,50000,0.0653454624174963,0.06725550421666053,1124,50000,0.042726709348848285,0.04468811012083296,482,50000,0.8940866666666667,0.9747848536,0.27799622395833334,0.3316305355292523,0.2785734229644442,False,/data/suehara/part/march/datasets/20250711_ilc_nnqq_sgv_10m_3cat_parquet,val50k_tail,,proxy
runs/pbt/fixed_lr_continuation_20260917_lr_14e-6,46,46,0,,lr_14e-6,1.4e-05,validation_total_reference_mistag_geomean_percent,0.3324066403202528,min,0.7999999892967995,0.7999999892967995,0.4472713154005071,0.24704060091592597,0.3324066403202528,,0.13599999800781254,0.064,2.4039998925213673,0.1780000073876956,0.372000006357422,0.05,2.231999974797364,0.9640000353027357,0.015513923280260607,0.017508443389858443,68,50000,0.0103552826863133,0.012352682738312273,32,50000,0.06755523698002315,0.06945903890398474,1202,50000,0.01788086961137308,0.019873709754570246,89,50000,0.026250855960646823,0.028235936259040934,186,50000,0.009048206756063586,0.011046166796862796,25,50000,0.06511423539346806,0.06702491717983233,1116,50000,0.042726709348848285,0.04468811012083296,482,50000,0.8941133333333333,0.9747964468666664,0.2779293489583333,0.3316305355292523,0.27900559433524463,False,/data/suehara/part/march/datasets/20250711_ilc_nnqq_sgv_10m_3cat_parquet,val50k_tail,,proxy
runs/pbt/fixed_lr_continuation_20260917_lr_14e-6,47,47,0,,lr_14e-6,1.4e-05,validation_total_reference_mistag_geomean_percent,0.3335653724517727,min,0.804750000035782,0.804750000035782,0.450431002460762,0.24702086910321505,0.3335653724517727,,0.13399999640136728,0.064,2.4120000092010496,0.18000000439453137,0.3759999834765632,0.05,2.2479999931396484,0.9740000136730959,0.015392639991259324,0.01738724009925721,67,50000,0.0103552826863133,0.012352682738312273,32,50000,0.06766645472550611,0.06956993665586803,1206,50000,0.017986179985518026,0.019978940130315186,90,50000,0.026396268808411394,0.028381189110005457,188,50000,0.009048206756063586,0.011046166796862796,25,50000,0.0653454624174963,0.06725550421666053,1124,50000,0.04295068763465349,0.04491168841463788,487,50000,0.89414,0.9747872484666668,0.2779910677083333,0.3316305355292523,0.2789010038895339,False,/data/suehara/part/march/datasets/20250711_ilc_nnqq_sgv_10m_3cat_parquet,val50k_tail,,proxy
runs/pbt/fixed_lr_continuation_20260917_lr_14e-6,48,48,0,,lr_14e-6,1.4e-05,validation_total_reference_mistag_geomean_percent,0.33144525337790737,min,0.8007499890750509,0.8007499890750509,0.4467693689315254,0.2458896326072489,0.33144525337790737,,0.13200000225585942,0.064,2.4039998925213673,0.18000000439453137,0.37000000903320335,0.05,2.2479999931396484,0.9580000112557985,0.01527044818788576,0.01726512829428365,66,50000,0.0103552826863133,0.012352682738312273,32,50000,0.06755523698002315,0.06945903890398474,1202,50000,0.017986179985518026,0.019978940130315186,90,50000,0.026177853606070133,0.02816301390286425,185,50000,0.009048206756063586,0.011046166796862796,25,50000,0.0653454624174963,0.06725550421666053,1124,50000,0.042591748699369845,0.04455338946655462,479,50000,0.89406,0.9747906909999999,0.2779739453125,0.33144525337790737,0.2784204138788465,False,/data/suehara/part/march/datasets/20250711_ilc_nnqq_sgv_10m_3cat_parquet,val50k_tail,,proxy
runs/pbt/fixed_lr_continuation_20260917_lr_14e-6,49,49,0,,lr_14e-6,1.4e-05,validation_total_reference_mistag_geomean_percent,0.3315520856267349,min,0.8012500132596592,0.8012500132596592,0.4470359193902168,0.2459014605210792,0.3315520856267349,,0.13200000225585942,0.06600000112792971,2.4120000092010496,0.17399999915039063,0.37000000903320335,0.05,2.2440000835473666,0.9620000017614746,0.01527044818788576,0.01726512829428365,66,50000,0.010529894247015226,0.01252721430061417,33,50000,0.06766645472550611,0.06956993665586803,1206,50000,0.01766845491625471,0.01966145505625193,87,50000,0.026177853606070133,0.02816301390286425,185,50000,0.009048206756063586,0.011046166796862796,25,50000,0.0652877383655534,0.06719794016151748,1122,50000,0.04268177056691545,0.044643251337300044,481,50000,0.8941333333333333,0.9747928075000001,0.277988515625,0.33144525337790737,0.27872356602994747,False,/data/suehara/part/march/datasets/20250711_ilc_nnqq_sgv_10m_3cat_parquet,val50k_tail,,proxy
runs/pbt/fixed_lr_continuation_20260917_lr_8_5e-6,0,0,0,,lr_8_5e-6,8.5e-06,validation_total_reference_mistag_geomean_percent,0.34523607237044,min,0.8344999893670466,0.8344999893670466,0.4693781843507707,0.2539273226569419,0.34523607237044,,0.128,0.06799999900390627,2.5139999388148513,0.18999999768066408,0.40199998920410185,0.052000000507812505,2.3219999897250365,1.0,0.015023255758590748,0.017018095861788735,64,50000,0.010701894656100771,0.01269913471129969,34,50000,0.06906743962429539,0.07096684163625556,1257,50000,0.018504147852544686,0.02049650800534169,95,50000,0.027323000245685562,0.02930688056807908,201,50000,0.00924516668895976,0.011243046731358937,26,50000,0.06640360300367541,0.06831068486203885,1161,50000,0.0435275556174234,0.04548751641820746,500,50000,0.8931933333333333,0.9742435841999999,0.28080908854166664,0.34523607237044,0.28501104294800056,False,/data/suehara/part/march/datasets/20250711_ilc_nnqq_sgv_10m_3cat_parquet,val50k_tail,,proxy
runs/pbt/fixed_lr_continuation_20260917_lr_8_5e-6,1,1,0,,lr_8_5e-6,8.5e-06,validation_total_reference_mistag_geomean_percent,0.3459258547308439,min,0.8322500176172835,0.8322500176172835,0.46927708382736527,0.25499795556879656,0.3459258547308439,,0.12999999920654298,0.07000000085449219,2.4980000771858237,0.186000003178711,0.40199998920410185,0.052000000507812505,2.3200000708007833,1.0,0.015147327248533623,0.01714208735333156,65,50000,0.010871397397403768,0.01286855745420266,35,50000,0.0688497285547679,0.07074977055392812,1249,50000,0.018298640498242997,0.020291160647840055,93,50000,0.027323000245685562,0.02930688056807908,201,50000,0.00924516668895976,0.011243046731358937,26,50000,0.06637524403804648,0.0682824058948095,1160,50000,0.0435275556174234,0.04548751641820746,500,50000,0.8933266666666667,0.9742613718666666,0.28069984375,0.34523607237044,0.2842662042234694,False,/data/suehara/part/march/datasets/20250711_ilc_nnqq_sgv_10m_3cat_parquet,val50k_tail,,proxy
runs/pbt/fixed_lr_continuation_20260917_lr_8_5e-6,2,2,0,,lr_8_5e-6,8.5e-06,validation_total_reference_mistag_geomean_percent,0.3462535128939388,min,0.8342500011348728,0.8342500011348728,0.46935538898238016,0.2554386249859248,0.3462535128939388,,0.13399999640136728,0.06799999900390627,2.5119999494042977,0.186000003178711,0.4040000044384766,0.052000000507812505,2.3240000631213396,0.9939999930230713,0.015392639991259324,0.01738724009925721,67,50000,0.010701894656100771,0.01269913471129969,34,50000,0.06904026666729839,0.07093974867765883,1256,50000,0.018298640498242997,0.020291160647840055,93,50000,0.027393015753673228,0.029376816077666783,202,50000,0.00924516668895976,0.011243046731358937,26,50000,0.0664319488810114,0.06833895074097457,1162,50000,0.04339512368923739,0.04535532448522155,497,50000,0.8932333333333333,0.9742747992666666,0.2806402994791667,0.34523607237044,0.2846996668674786,False,/data/suehara/part/march/datasets/20250711_ilc_nnqq_sgv_10m_3cat_parquet,val50k_tail,,proxy
runs/pbt/fixed_lr_continuation_20260917_lr_8_5e-6,3,3,0,,lr_8_5e-6,8.5e-06,validation_total_reference_mistag_geomean_percent,0.34544908294304083,min,0.83424999465992,0.83424999465992,0.46768453886525485,0.2551614581823276,0.34544908294304083,,0.13200000225585942,0.06799999900390627,2.5119999494042977,0.1879999917382816,0.39599999879150394,0.052000000507812505,2.3280000206030276,0.9979999949746704,0.01527044818788576,0.01726512829428365,66,50000,0.010701894656100771,0.01269913471129969,34,50000,0.06904026666729839,0.07093974867765883,1256,50000,0.018401668178712582,0.020394108329909573,94,50000,0.02711189127868993,0.029096011596283465,198,50000,0.00924516668895976,0.011243046731358937,26,50000,0.06648860143671186,0.0683954432998752,1164,50000,0.04348345718792508,0.04544349798710906,499,50000,0.8933133333333333,0.9742740654,0.28064494791666666,0.34523607237044,0.284598043870211,False,/data/suehara/part/march/datasets/20250711_ilc_nnqq_sgv_10m_3cat_parquet,val50k_tail,,proxy
runs/pbt/fixed_lr_continuation_20260917_lr_8_5e-6,4,4,0,,lr_8_5e-6,8.5e-06,validation_total_reference_mistag_geomean_percent,0.34518983335718084,min,0.8322500209558686,0.8322500209558686,0.46907569128436405,0.25402301433890184,0.34518983335718084,,0.13200000225585942,0.06799999900390627,2.494000087146915,0.186000003178711,0.40199998920410185,0.052000000507812505,2.3300000933265723,0.9939999930230713,0.01527044818788576,0.01726512829428365,66,50000,0.010701894656100771,0.01269913471129969,34,50000,0.06879518344380942,0.07069538543977016,1247,50000,0.018298640498242997,0.020291160647840055,93,50000,0.027323000245685562,0.02930688056807908,201,50000,0.00924516668895976,0.011243046731358937,26,50000,0.06651690814794449,0.06842367001270756,1165,50000,0.04339512368923739,0.04535532448522155,497,50000,0.8932466666666666,0.9742882458666666,0.2805569921875,0.34518983335718084,0.2841813849982961,False,/data/suehara/part/march/datasets/20250711_ilc_nnqq_sgv_10m_3cat_parquet,val50k_tail,,proxy
runs/pbt/fixed_lr_continuation_20260917_lr_8_5e-6,5,5,0,,lr_8_5e-6,8.5e-06,validation_total_reference_mistag_geomean_percent,0.3456855883627706,min,0.8367499958120356,0.8367499958120356,0.46946335145974005,0.25454282135154643,0.3456855883627706,,0.12999999920654298,0.06799999900390627,2.525999893426671,0.1879999917382816,0.4,0.052000000507812505,2.3260000764851405,1.0040000061279297,0.015147327248533623,0.01714208735333156,65,50000,0.010701894656100771,0.01269913471129969,34,50000,0.06923023313539813,0.0711291551569581,1263,50000,0.018401668178712582,0.020394108329909573,94,50000,0.027252808544023274,0.029236768864816798,200,50000,0.00924516668895976,0.011243046731358937,26,50000,0.0664602816865395,0.06836720354810241,1163,50000,0.04361561651169965,0.04557541731568353,502,50000,0.8933066666666667,0.9742979790666667,0.2805328515625,0.34518983335718084,0.28452317998245863,False,/data/suehara/part/march/datasets/20250711_ilc_nnqq_sgv_10m_3cat_parquet,val50k_tail,,proxy
runs/pbt/fixed_lr_continuation_20260917_lr_8_5e-6,6,6,0,,lr_8_5e-6,8.5e-06,validation_total_reference_mistag_geomean_percent,0.3464370055700525,min,0.8342500142518051,0.8342500142518051,0.46695895840615803,0.2570217289288048,0.3464370055700525,,0.13599999800781254,0.06799999900390627,2.5100000153198243,0.1879999917382816,0.39399998905822786,0.052000000507812505,2.3300000933265723,0.9960000270520026,0.015513923280260607,0.017508443389858443,68,50000,0.010701894656100771,0.01269913471129969,34,50000,0.06901308204419615,0.07091264405295616,1255,50000,0.018401668178712582,0.020394108329909573,94,50000,0.027041163032931338,0.02902536334892505,197,50000,0.00924516668895976,0.011243046731358937,26,50000,0.06651690814794449,0.06842367001270756,1165,50000,0.04343931325708605,0.04539943405467029,498,50000,0.89336,0.9743008591999999,0.28051247395833334,0.34518983335718084,0.28442949496854725,False,/data/suehara/part/march/datasets/20250711_ilc_nnqq_sgv_10m_3cat_parquet,val50k_tail,,proxy
runs/pbt/fixed_lr_continuation_20260917_lr_8_5e-6,7,7,0,,lr_8_5e-6,8.5e-06,validation_total_reference_mistag_geomean_percent,0.344383310032962,min,0.8332499752430735,0.8332499752430735,0.4684717263185356,0.2531633342342152,0.344383310032962,,0.13200000225585942,0.06600000112792971,2.5079999039447056,0.1879999917382816,0.3979999917407228,0.052000000507812505,2.3179999045013466,1.0040000061279297,0.01527044818788576,0.01726512829428365,66,50000,0.010529894247015226,0.01252721430061417,33,50000,0.0689858857414044,0.07088552774856469,1254,50000,0.018401668178712582,0.020394108329909573,94,50000,0.027182439332570398,0.029166479651764055,199,50000,0.00924516668895976,0.011243046731358937,26,50000,0.06634687196760067,0.06825411382276395,1159,50000,0.04361561651169965,0.04557541731568353,502,50000,0.89332,0.9743052229,0.2804910807291667,0.344383310032962,0.2843623804079137,False,/data/suehara/part/march/datasets/20250711_ilc_nnqq_sgv_10m_3cat_parquet,val50k_tail,,proxy
runs/pbt/fixed_lr_continuation_20260917_lr_8_5e-6,8,8,0,,lr_8_5e-6,8.5e-06,validation_total_reference_mistag_geomean_percent,0.34649475660906043,min,0.8327499995911029,0.8327499995911029,0.4678694991817548,0.2566070593777528,0.34649475660906043,,0.13200000225585942,0.07000000085449219,2.4960000243750002,0.1879999917382816,0.3979999917407228,0.052000000507812505,2.3339999683035284,0.9920000169531253,0.01527044818788576,0.01726512829428365,66,50000,0.010871397397403768,0.01286855745420266,35,50000,0.0688224618870574,0.07072258388461788,1248,50000,0.018401668178712582,0.020394108329909573,94,50000,0.027182439332570398,0.029166479651764055,199,50000,0.00924516668895976,0.011243046731358937,26,50000,0.06657348251908023,0.06848008438704346,1167,50000,0.04335088834802794,0.04531116914241202,496,50000,0.8934,0.9743305843333333,0.28031118489583334,0.344383310032962,0.2842571921327588,False,/data/suehara/part/march/datasets/20250711_ilc_nnqq_sgv_10m_3cat_parquet,val50k_tail,,proxy
runs/pbt/fixed_lr_continuation_20260917_lr_8_5e-6,9,9,0,,lr_8_5e-6,8.5e-06,validation_total_reference_mistag_geomean_percent,0.34685020584285214,min,0.834500005213547,0.834500005213547,0.46761688709127536,0.25727271322805384,0.34685020584285214,,0.13200000225585942,0.07000000085449219,2.522000059648134,0.1879999917382816,0.4,0.052000000507812505,2.3219999897250365,0.9899999969787597,0.01527044818788576,0.01726512829428365,66,50000,0.010871397397403768,0.01286855745420266,35,50000,0.06917601506197281,0.07107509708033262,1261,50000,0.018401668178712582,0.020394108329909573,94,50000,0.027252808544023274,0.029236768864816798,200,50000,0.00924516668895976,0.011243046731358937,26,50000,0.06640360300367541,0.06831068486203885,1161,50000,0.0433066070964213,0.045266967889205645,495,50000,0.8934,0.974321753,0.28038325520833335,0.344383310032962,0.2844306981557897,False,/data/suehara/part/march/datasets/20250711_ilc_nnqq_sgv_10m_3cat_parquet,val50k_tail,,proxy
runs/pbt/fixed_lr_continuation_20260917_lr_8_5e-6,10,10,0,,lr_8_5e-6,8.5e-06,validation_total_reference_mistag_geomean_percent,0.34716377265382886,min,0.8347499951499185,0.8347499951499185,0.4667630650071493,0.2582095587220325,0.34716377265382886,,0.13200000225585942,0.07000000085449219,2.5319998891168263,0.18999999768066408,0.3979999917407228,0.052000000507812505,2.3120000620898455,0.9920000169531253,0.01527044818788576,0.01726512829428365,66,50000,0.010871397397403768,0.01286855745420266,35,50000,0.06931147349066129,0.07121015551702116,1266,50000,0.018504147852544686,0.02049650800534169,95,50000,0.027182439332570398,0.029166479651764055,199,50000,0.00924516668895976,0.011243046731358937,26,50000,0.06626167696161533,0.06816915881197871,1156,50000,0.04335088834802794,0.04531116914241202,496,50000,0.8932866666666667,0.9743251073333333,0.28038944010416667,0.344383310032962,0.2840062450585651,False,/data/suehara/part/march/datasets/20250711_ilc_nnqq_sgv_10m_3cat_parquet,val50k_tail,,proxy
runs/pbt/fixed_lr_continuation_20260917_lr_8_5e-6,11,11,0,,lr_8_5e-6,8.5e-06,validation_total_reference_mistag_geomean_percent,0.34612059710806786,min,0.8324999783113296,0.8324999783113296,0.4660216780022416,0.25706844423204966,0.34612059710806786,,0.13200000225585942,0.07000000085449219,2.5139999388148513,0.1879999917382816,0.39399998905822786,0.052000000507812505,2.3159999102380406,0.9939999930230713,0.01527044818788576,0.01726512829428365,66,50000,0.010871397397403768,0.01286855745420266,35,50000,0.06906743962429539,0.07096684163625556,1257,50000,0.018401668178712582,0.020394108329909573,94,50000,0.027041163032931338,0.02902536334892505,197,50000,0.00924516668895976,0.011243046731358937,26,50000,0.06631848677578177,0.06822580862934531,1158,50000,0.04339512368923739,0.04535532448522155,497,50000,0.8933933333333334,0.9743399501,0.2803079817708333,0.344383310032962,0.28403335597036455,False,/data/suehara/part/march/datasets/20250711_ilc_nnqq_sgv_10m_3cat_parquet,val50k_tail,,proxy
runs/pbt/fixed_lr_continuation_20260917_lr_8_5e-6,12,12,0,,lr_8_5e-6,8.5e-06,validation_total_reference_mistag_geomean_percent,0.34610227466370924,min,0.834250006599541,0.834250006599541,0.4656023681034966,0.25727271322805384,0.34610227466370924,,0.13200000225585942,0.07000000085449219,2.522000059648134,0.1879999917382816,0.39000001309204146,0.052000000507812505,2.3219999897250365,0.9979999949746704,0.01527044818788576,0.01726512829428365,66,50000,0.010871397397403768,0.01286855745420266,35,50000,0.06917601506197281,0.07107509708033262,1261,50000,0.018401668178712582,0.020394108329909573,94,50000,0.026899160482115422,0.028883520794909055,195,50000,0.00924516668895976,0.011243046731358937,26,50000,0.06640360300367541,0.06831068486203885,1161,50000,0.04348345718792508,0.04544349798710906,499,50000,0.8934133333333333,0.9743520934666666,0.28024661458333333,0.344383310032962,0.2839559896794573,False,/data/suehara/part/march/datasets/20250711_ilc_nnqq_sgv_10m_3cat_parquet,val50k_tail,,proxy
runs/pbt/fixed_lr_continuation_20260917_lr_8_5e-6,13,13,0,,lr_8_5e-6,8.5e-06,validation_total_reference_mistag_geomean_percent,0.34506434122788265,min,0.8319999945225912,0.8319999945225912,0.4642372618349092,0.2564839347802628,0.34506434122788265,,0.13200000225585942,0.07000000085449219,2.5180000541745007,0.186000003178711,0.38799999194824236,0.052000000507812505,2.3159999102380406,0.9939999930230713,0.01527044818788576,0.01726512829428365,66,50000,0.010871397397403768,0.01286855745420266,35,50000,0.06912175059417512,0.07102099260933546,1259,50000,0.018298640498242997,0.020291160647840055,93,50000,0.02682788339137001,0.028812323702563862,194,50000,0.00924516668895976,0.011243046731358937,26,50000,0.06631848677578177,0.06822580862934531,1158,50000,0.04339512368923739,0.04535532448522155,497,50000,0.8934066666666667,0.9743533100333334,0.2802125,0.344383310032962,0.2835995887329077,False,/data/suehara/part/march/datasets/20250711_ilc_nnqq_sgv_10m_3cat_parquet,val50k_tail,,proxy
runs/pbt/fixed_lr_continuation_20260917_lr_8_5e-6,14,14,0,,lr_8_5e-6,8.5e-06,validation_total_reference_mistag_geomean_percent,0.34462121042518273,min,0.8302499929141244,0.8302499929141244,0.4640366916240911,0.2559361809499469,0.34462121042518273,,0.12999999920654298,0.07000000085449219,2.5079999039447056,0.1879999917382816,0.38799999194824236,0.052000000507812505,2.3120000620898455,0.9939999930230713,0.015147327248533623,0.01714208735333156,65,50000,0.010871397397403768,0.01286855745420266,35,50000,0.0689858857414044,0.07088552774856469,1254,50000,0.018401668178712582,0.020394108329909573,94,50000,0.02682788339137001,0.028812323702563862,194,50000,0.00924516668895976,0.011243046731358937,26,50000,0.06626167696161533,0.06816915881197871,1156,50000,0.04339512368923739,0.04535532448522155,497,50000,0.8934133333333333,0.9743563640333334,0.2802128515625,0.344383310032962,0.28357537208456407,False,/data/suehara/part/march/datasets/20250711_ilc_nnqq_sgv_10m_3cat_parquet,val50k_tail,,proxy
runs/pbt/fixed_lr_continuation_20260917_lr_8_5e-6,15,15,0,,lr_8_5e-6,8.5e-06,validation_total_reference_mistag_geomean_percent,0.34879564247810935,min,0.8302500014793788,0.8302500014793788,0.4697122291217551,0.2590062439702453,0.34879564247810935,,0.13599999800781254,0.07000000085449219,2.488000095668949,0.18999999768066408,0.39000001309204146,0.05400000131835941,2.3159999102380406,0.9979999949746704,0.015513923280260607,0.017508443389858443,68,50000,0.010871397397403768,0.01286855745420266,35,50000,0.06871327732268437,0.07061371931384522,1244,50000,0.018504147852544686,0.02049650800534169,95,50000,0.026899160482115422,0.028883520794909055,195,50000,0.0094384043456773,0.011436204389676428,27,50000,0.06631848677578177,0.06822580862934531,1158,50000,0.04348345718792508,0.04544349798710906,499,50000,0.8934866666666667,0.9743707271666668,0.2801542447916667,0.344383310032962,0.28355910521989547,False,/data/suehara/part/march/datasets/20250711_ilc_nnqq_sgv_10m_3cat_parquet,val50k_tail,,proxy
runs/pbt/fixed_lr_continuation_20260917_lr_8_5e-6,16,16,0,,lr_8_5e-6,8.5e-06,validation_total_reference_mistag_geomean_percent,0.34731646950691725,min,0.8322499930812081,0.8322499930812081,0.46622277422611474,0.25873624511582805,0.34731646950691725,,0.13599999800781254,0.07000000085449219,2.5039999006591835,0.1879999917382816,0.39399998905822786,0.052000000507812505,2.3200000708007833,0.9939999930230713,0.015513923280260607,0.017508443389858443,68,50000,0.010871397397403768,0.01286855745420266,35,50000,0.06893145804228139,0.0708312600462415,1252,50000,0.018401668178712582,0.020394108329909573,94,50000,0.027041163032931338,0.02902536334892505,197,50000,0.00924516668895976,0.011243046731358937,26,50000,0.06637524403804648,0.0682824058948095,1160,50000,0.04339512368923739,0.04535532448522155,497,50000,0.8934,0.9743697095666667,0.28016341145833334,0.344383310032962,0.2836196002834871,False,/data/suehara/part/march/datasets/20250711_ilc_nnqq_sgv_10m_3cat_parquet,val50k_tail,,proxy
runs/pbt/fixed_lr_continuation_20260917_lr_8_5e-6,17,17,0,,lr_8_5e-6,8.5e-06,validation_total_reference_mistag_geomean_percent,0.3457053315139252,min,0.8292499940297509,0.8292499940297509,0.46620767694579107,0.25634965305611934,0.3457053315139252,,0.13200000225585942,0.07000000085449219,2.4859999861543276,0.1879999917382816,0.39599999879150394,0.052000000507812505,2.3219999897250365,0.9879999822106936,0.01527044818788576,0.01726512829428365,66,50000,0.010871397397403768,0.01286855745420266,35,50000,0.06868595163899184,0.07058647362855226,1243,50000,0.018401668178712582,0.020394108329909573,94,50000,0.02711189127868993,0.029096011596283465,198,50000,0.00924516668895976,0.011243046731358937,26,50000,0.06640360300367541,0.06831068486203885,1161,50000,0.04326227979669032,0.04522272058787458,494,50000,0.8934266666666667,0.9743731439,0.2801348697916667,0.344383310032962,0.28356618528165234,False,/data/suehara/part/march/datasets/20250711_ilc_nnqq_sgv_10m_3cat_parquet,val50k_tail,,proxy
runs/pbt/fixed_lr_continuation_20260917_lr_8_5e-6,18,18,0,,lr_8_5e-6,8.5e-06,validation_total_reference_mistag_geomean_percent,0.34614898004496725,min,0.8272500019268227,0.8272500019268227,0.46414106513605674,0.25815237087683196,0.34614898004496725,,0.13399999640136728,0.07000000085449219,2.4920000357434087,0.18999999768066408,0.39399998905822786,0.052000000507812505,2.3019999801539615,0.9840000150146486,0.015392639991259324,0.01738724009925721,67,50000,0.010871397397403768,0.01286855745420266,35,50000,0.06876789321122248,0.0706681752055828,1246,50000,0.018504147852544686,0.02049650800534169,95,50000,0.027041163032931338,0.02902536334892505,197,50000,0.00924516668895976,0.011243046731358937,26,50000,0.0661194216362588,0.06802730347862211,1151,50000,0.043173486498462345,0.04513408728644679,492,50000,0.8934933333333334,0.9743793623666667,0.2801065625,0.344383310032962,0.28376636571511943,False,/data/suehara/part/march/datasets/20250711_ilc_nnqq_sgv_10m_3cat_parquet,val50k_tail,,proxy
runs/pbt/fixed_lr_continuation_20260917_lr_8_5e-6,19,19,0,,lr_8_5e-6,8.5e-06,validation_total_reference_mistag_geomean_percent,0.34618870257482837,min,0.8302499907323458,0.8302499907323458,0.46506588269956445,0.25769815040993804,0.34618870257482837,,0.13200000225585942,0.07000000085449219,2.5119999494042977,0.18999999768066408,0.39599999879150394,0.052000000507812505,2.303999955000001,0.9860000213641362,0.01527044818788576,0.01726512829428365,66,50000,0.010871397397403768,0.01286855745420266,35,50000,0.06904026666729839,0.07093974867765883,1256,50000,0.018504147852544686,0.02049650800534169,95,50000,0.02711189127868993,0.029096011596283465,198,50000,0.00924516668895976,0.011243046731358937,26,50000,0.06614789914430597,0.06805570098826971,1152,50000,0.04321790631041187,0.04517842709999605,493,50000,0.8934866666666667,0.9743985499666667,0.2799825260416667,0.344383310032962,0.2834157522636635,False,/data/suehara/part/march/datasets/20250711_ilc_nnqq_sgv_10m_3cat_parquet,val50k_tail,,proxy
runs/pbt/fixed_lr_continuation_20260917_lr_8_5e-6,20,20,0,,lr_8_5e-6,8.5e-06,validation_total_reference_mistag_geomean_percent,0.34489768553102296,min,0.8254999963747027,0.8254999963747027,0.4647628092215011,0.2559464981372121,0.34489768553102296,,0.12999999920654298,0.07000000085449219,2.4819999990531922,0.18999999768066408,0.39599999879150394,0.052000000507812505,2.297999953539277,0.9860000213641362,0.015147327248533623,0.01714208735333156,65,50000,0.010871397397403768,0.01286855745420266,35,50000,0.06863126472319535,0.0705319467095563,1241,50000,0.018504147852544686,0.02049650800534169,95,50000,0.02711189127868993,0.029096011596283465,198,50000,0.00924516668895976,0.011243046731358937,26,50000,0.06606242683791057,0.06797046867707442,1149,50000,0.04321790631041187,0.04517842709999605,493,50000,0.89346,0.9744007220666665,0.27998255208333334,0.344383310032962,0.28335463703671143,False,/data/suehara/part/march/datasets/20250711_ilc_nnqq_sgv_10m_3cat_parquet,val50k_tail,,proxy
runs/pbt/fixed_lr_continuation_20260917_lr_8_5e-6,21,21,0,,lr_8_5e-6,8.5e-06,validation_total_reference_mistag_geomean_percent,0.3452047009654667,min,0.8232499938249973,0.8232499938249973,0.46466165118162317,0.2564581890190859,0.3452047009654667,,0.13200000225585942,0.07000000085449219,2.4640000090234375,0.18999999768066408,0.39599999879150394,0.052000000507812505,2.295999920122073,0.9860000213641362,0.01527044818788576,0.01726512829428365,66,50000,0.010871397397403768,0.01286855745420266,35,50000,0.06838458427921267,0.07028598625117392,1232,50000,0.018504147852544686,0.02049650800534169,95,50000,0.02711189127868993,0.029096011596283465,198,50000,0.00924516668895976,0.011243046731358937,26,50000,0.06603390951380982,0.06794203135137324,1148,50000,0.04321790631041187,0.04517842709999605,493,50000,0.89348,0.9744074286999999,0.27992666666666666,0.344383310032962,0.2834032339986763,False,/data/suehara/part/march/datasets/20250711_ilc_nnqq_sgv_10m_3cat_parquet,val50k_tail,,proxy
runs/pbt/fixed_lr_continuation_20260917_lr_8_5e-6,22,22,0,,lr_8_5e-6,8.5e-06,validation_total_reference_mistag_geomean_percent,0.3475403245158672,min,0.8279999824738318,0.8279999824738318,0.46907839757312586,0.2574927299775405,0.3475403245158672,,0.13200000225585942,0.07000000085449219,2.5039999006591835,0.18999999768066408,0.3979999917407228,0.05400000131835941,2.2939999523950205,0.9820000128863527,0.01527044818788576,0.01726512829428365,66,50000,0.010871397397403768,0.01286855745420266,35,50000,0.06893145804228139,0.0708312600462415,1252,50000,0.018504147852544686,0.02049650800534169,95,50000,0.027182439332570398,0.029166479651764055,199,50000,0.0094384043456773,0.011436204389676428,27,50000,0.0660053788838294,0.06791358071979309,1147,50000,0.04312902022101297,0.045089701007397336,491,50000,0.8933933333333334,0.9744163892333334,0.2798798697916667,0.344383310032962,0.28284036016515274,False,/data/suehara/part/march/datasets/20250711_ilc_nnqq_sgv_10m_3cat_parquet,val50k_tail,,proxy
runs/pbt/fixed_lr_continuation_20260917_lr_8_5e-6,23,23,0,,lr_8_5e-6,8.5e-06,validation_total_reference_mistag_geomean_percent,0.346089364008585,min,0.8254999995728494,0.8254999995728494,0.46472896160564864,0.25773699892950885,0.346089364008585,,0.13399999640136728,0.07000000085449219,2.4760000071783446,0.18999999768066408,0.39599999879150394,0.052000000507812505,2.3019999801539615,0.9840000150146486,0.015392639991259324,0.01738724009925721,67,50000,0.010871397397403768,0.01286855745420266,35,50000,0.06854914526894657,0.07045006725050762,1238,50000,0.018504147852544686,0.02049650800534169,95,50000,0.02711189127868993,0.029096011596283465,198,50000,0.00924516668895976,0.011243046731358937,26,50000,0.0661194216362588,0.06802730347862211,1151,50000,0.043173486498462345,0.04513408728644679,492,50000,0.8935466666666667,0.9744250770333333,0.27985583333333336,0.344383310032962,0.28316385100025154,False,/data/suehara/part/march/datasets/20250711_ilc_nnqq_sgv_10m_3cat_parquet,val50k_tail,,proxy
runs/pbt/fixed_lr_continuation_20260917_lr_8_5e-6,24,24,0,,lr_8_5e-6,8.5e-06,validation_total_reference_mistag_geomean_percent,0.34763776074719493,min,0.8242499830152137,0.8242499830152137,0.46859006801259623,0.257905621452641,0.34763776074719493,,0.13599999800781254,0.07000000085449219,2.4719999404028337,0.1879999917382816,0.39599999879150394,0.05400000131835941,2.295999920122073,0.9820000128863527,0.015513923280260607,0.017508443389858443,68,50000,0.010871397397403768,0.01286855745420266,35,50000,0.06849433941545705,0.07039542139381794,1236,50000,0.018401668178712582,0.020394108329909573,94,50000,0.02711189127868993,0.029096011596283465,198,50000,0.0094384043456773,0.011436204389676428,27,50000,0.06603390951380982,0.06794203135137324,1148,50000,0.04312902022101297,0.045089701007397336,491,50000,0.8934933333333334,0.9744182121333332,0.2798979296875,0.344383310032962,0.28324335456234745,False,/data/suehara/part/march/datasets/20250711_ilc_nnqq_sgv_10m_3cat_parquet,val50k_tail,,proxy
runs/pbt/fixed_lr_continuation_20260917_lr_8_5e-6,25,25,0,,lr_8_5e-6,8.5e-06,validation_total_reference_mistag_geomean_percent,0.3480329953035022,min,0.8244999897882654,0.8244999897882654,0.46794278822891616,0.2588499467603135,0.3480329953035022,,0.13599999800781254,0.07000000085449219,2.4819999990531922,0.18999999768066408,0.39599999879150394,0.05400000131835941,2.287999931572268,0.9799999910278321,0.015513923280260607,0.017508443389858443,68,50000,0.010871397397403768,0.01286855745420266,35,50000,0.06863126472319535,0.0705319467095563,1241,50000,0.018504147852544686,0.02049650800534169,95,50000,0.02711189127868993,0.029096011596283465,198,50000,0.0094384043456773,0.011436204389676428,27,50000,0.06591970698851118,0.06782814881967497,1144,50000,0.04308450733752373,0.04504526812230802,490,50000,0.8935,0.9744323579333334,0.2798070703125,0.344383310032962,0.2829708394113322,False,/data/suehara/part/march/datasets/20250711_ilc_nnqq_sgv_10m_3cat_parquet,val50k_tail,,proxy
runs/pbt/fixed_lr_continuation_20260917_lr_8_5e-6,26,26,0,,lr_8_5e-6,8.5e-06,validation_total_reference_mistag_geomean_percent,0.3481977208768899,min,0.8252500084621242,0.8252500084621242,0.4683858518855571,0.2588499467603135,0.3481977208768899,,0.13599999800781254,0.07000000085449219,2.4819999990531922,0.18999999768066408,0.39599999879150394,0.05400000131835941,2.2920000591046157,0.9820000128863527,0.015513923280260607,0.017508443389858443,68,50000,0.010871397397403768,0.01286855745420266,35,50000,0.06863126472319535,0.0705319467095563,1241,50000,0.018504147852544686,0.02049650800534169,95,50000,0.02711189127868993,0.029096011596283465,198,50000,0.0094384043456773,0.011436204389676428,27,50000,0.06597683493097806,0.06788511676534201,1146,50000,0.04312902022101297,0.045089701007397336,491,50000,0.8935666666666666,0.9744497688,0.2797019661458333,0.344383310032962,0.28296972796335096,False,/data/suehara/part/march/datasets/20250711_ilc_nnqq_sgv_10m_3cat_parquet,val50k_tail,,proxy
runs/pbt/fixed_lr_continuation_20260917_lr_8_5e-6,27,27,0,,lr_8_5e-6,8.5e-06,validation_total_reference_mistag_geomean_percent,0.3478000836789812,min,0.8227499879876712,0.8227499879876712,0.4684532546019269,0.25822191866272237,0.3478000836789812,,0.13599999800781254,0.07000000085449219,2.4579999626814275,0.18999999768066408,0.39599999879150394,0.05400000131835941,2.297999953539277,0.9799999910278321,0.015513923280260607,0.017508443389858443,68,50000,0.010871397397403768,0.01286855745420266,35,50000,0.06830214197950449,0.07020378394666585,1229,50000,0.018504147852544686,0.02049650800534169,95,50000,0.02711189127868993,0.029096011596283465,198,50000,0.0094384043456773,0.011436204389676428,27,50000,0.06606242683791057,0.06797046867707442,1149,50000,0.04308450733752373,0.04504526812230802,490,50000,0.8934133333333333,0.9744451459666666,0.2797544921875,0.344383310032962,0.2829557385589825,False,/data/suehara/part/march/datasets/20250711_ilc_nnqq_sgv_10m_3cat_parquet,val50k_tail,,proxy
runs/pbt/fixed_lr_continuation_20260917_lr_8_5e-6,28,28,0,,lr_8_5e-6,8.5e-06,validation_total_reference_mistag_geomean_percent,0.34784038766234826,min,0.8227499787870607,0.8227499787870607,0.46818135466014865,0.25843176812737684,0.34784038766234826,,0.13599999800781254,0.07000000085449219,2.465999889185033,0.18999999768066408,0.39599999879150394,0.05400000131835941,2.287999931572268,0.9820000128863527,0.015513923280260607,0.017508443389858443,68,50000,0.010871397397403768,0.01286855745420266,35,50000,0.06841204102733013,0.07031336300089112,1233,50000,0.018504147852544686,0.02049650800534169,95,50000,0.02711189127868993,0.029096011596283465,198,50000,0.0094384043456773,0.011436204389676428,27,50000,0.06591970698851118,0.06782814881967497,1144,50000,0.04312902022101297,0.045089701007397336,491,50000,0.89354,0.9744521291333333,0.2797112109375,0.344383310032962,0.28268316992403836,False,/data/suehara/part/march/datasets/20250711_ilc_nnqq_sgv_10m_3cat_parquet,val50k_tail,,proxy
runs/pbt/fixed_lr_continuation_20260917_lr_8_5e-6,29,29,0,,lr_8_5e-6,8.5e-06,validation_total_reference_mistag_geomean_percent,0.34478762924973444,min,0.8202499803970343,0.8202499803970343,0.4672907167955664,0.25439946699317834,0.34478762924973444,,0.13200000225585942,0.06799999900390627,2.4559999160546906,0.18999999768066408,0.39599999879150394,0.05400000131835941,2.2939999523950205,0.9719999756762702,0.01527044818788576,0.01726512829428365,66,50000,0.010701894656100771,0.01269913471129969,34,50000,0.06827463714687912,0.07017635911244005,1228,50000,0.018504147852544686,0.02049650800534169,95,50000,0.02711189127868993,0.029096011596283465,198,50000,0.0094384043456773,0.011436204389676428,27,50000,0.0660053788838294,0.06791358071979309,1147,50000,0.04290598690721674,0.04486706768560139,486,50000,0.89354,0.9744540708000001,0.279700078125,0.344383310032962,0.2827352440779916,False,/data/suehara/part/march/datasets/20250711_ilc_nnqq_sgv_10m_3cat_parquet,val50k_tail,,proxy
runs/pbt/fixed_lr_continuation_20260917_lr_8_5e-6,30,30,0,,lr_8_5e-6,8.5e-06,validation_total_reference_mistag_geomean_percent,0.3459223740936037,min,0.820249996304856,0.820249996304856,0.46697520772172524,0.25624976855273,0.3459223740936037,,0.13200000225585942,0.07000000085449219,2.4559999160546906,0.18999999768066408,0.39399998905822786,0.05400000131835941,2.2900000489196786,0.9760000142968752,0.01527044818788576,0.01726512829428365,66,50000,0.010871397397403768,0.01286855745420266,35,50000,0.06827463714687912,0.07017635911244005,1228,50000,0.018504147852544686,0.02049650800534169,95,50000,0.027041163032931338,0.02902536334892505,197,50000,0.0094384043456773,0.011436204389676428,27,50000,0.06594827763822739,0.06785663947099091,1145,50000,0.042995341186683085,0.044956261968267554,488,50000,0.8936133333333334,0.9744629904000001,0.2796383333333333,0.344383310032962,0.28278760750313026,False,/data/suehara/part/march/datasets/20250711_ilc_nnqq_sgv_10m_3cat_parquet,val50k_tail,,proxy
runs/pbt/fixed_lr_continuation_20260917_lr_8_5e-6,31,31,0,,lr_8_5e-6,8.5e-06,validation_total_reference_mistag_geomean_percent,0.34553571975201874,min,0.817500018461762,0.817500018461762,0.467077134514879,0.2556214483685933,0.34553571975201874,,0.13200000225585942,0.07000000085449219,2.432000083125003,0.18999999768066408,0.39399998905822786,0.05400000131835941,2.2920000591046157,0.9760000142968752,0.01527044818788576,0.01726512829428365,66,50000,0.010871397397403768,0.01286855745420266,35,50000,0.06794363458668927,0.06984631653305061,1216,50000,0.018504147852544686,0.02049650800534169,95,50000,0.027041163032931338,0.02902536334892505,197,50000,0.0094384043456773,0.011436204389676428,27,50000,0.06597683493097806,0.06788511676534201,1146,50000,0.042995341186683085,0.044956261968267554,488,50000,0.8935933333333334,0.9744743776,0.2795701302083333,0.344383310032962,0.28252813348335726,False,/data/suehara/part/march/datasets/20250711_ilc_nnqq_sgv_10m_3cat_parquet,val50k_tail,,proxy
runs/pbt/fixed_lr_continuation_20260917_lr_8_5e-6,32,32,0,,lr_8_5e-6,8.5e-06,validation_total_reference_mistag_geomean_percent,0.3454179393757721,min,0.8222500054190448,0.8222500054190448,0.4679081486180298,0.25499353493842336,0.3454179393757721,,0.13399999640136728,0.06799999900390627,2.4679999977404785,0.1879999917382816,0.39599999879150394,0.05400000131835941,2.2920000591046157,0.9779999992538452,0.015392639991259324,0.01738724009925721,67,50000,0.010701894656100771,0.01269913471129969,34,50000,0.06843948578995132,0.07034072776511205,1234,50000,0.018401668178712582,0.020394108329909573,94,50000,0.02711189127868993,0.029096011596283465,198,50000,0.0094384043456773,0.011436204389676428,27,50000,0.06597683493097806,0.06788511676534201,1146,50000,0.04303994770673905,0.0450007884899236,489,50000,0.89364,0.9744789376333333,0.2795591666666667,0.344383310032962,0.28268439514823007,False,/data/suehara/part/march/datasets/20250711_ilc_nnqq_sgv_10m_3cat_parquet,val50k_tail,,proxy
runs/pbt/fixed_lr_continuation_20260917_lr_8_5e-6,33,33,0,,lr_8_5e-6,8.5e-06,validation_total_reference_mistag_geomean_percent,0.3442927614314718,min,0.8204999980558019,0.8204999980558019,0.4669945764002798,0.2538305829755614,0.3442927614314718,,0.13200000225585942,0.06799999900390627,2.4600000375366218,0.1879999917382816,0.3920000081347658,0.05400000131835941,2.287999931572268,0.9820000128863527,0.01527044818788576,0.01726512829428365,66,50000,0.010701894656100771,0.01269913471129969,34,50000,0.06832963476956673,0.07023119673832783,1230,50000,0.018401668178712582,0.020394108329909573,94,50000,0.02697025322873285,0.028954533543126652,196,50000,0.0094384043456773,0.011436204389676428,27,50000,0.06591970698851118,0.06782814881967497,1144,50000,0.04312902022101297,0.045089701007397336,491,50000,0.8935733333333333,0.9744756722666666,0.27959591145833335,0.3442927614314718,0.28238814322367445,False,/data/suehara/part/march/datasets/20250711_ilc_nnqq_sgv_10m_3cat_parquet,val50k_tail,,proxy
runs/pbt/fixed_lr_continuation_20260917_lr_8_5e-6,34,34,0,,lr_8_5e-6,8.5e-06,validation_total_reference_mistag_geomean_percent,0.3447035844824838,min,0.8202499924602326,0.8202499924602326,0.46839558720085434,0.2536756630547012,0.3447035844824838,,0.13200000225585942,0.06799999900390627,2.453999905451206,0.1879999917382816,0.3979999917407228,0.05400000131835941,2.2900000489196786,0.9779999992538452,0.01527044818788576,0.01726512829428365,66,50000,0.010701894656100771,0.01269913471129969,34,50000,0.06824712025735036,0.07014892222131155,1227,50000,0.018401668178712582,0.020394108329909573,94,50000,0.027182439332570398,0.029166479651764055,199,50000,0.0094384043456773,0.011436204389676428,27,50000,0.06594827763822739,0.06785663947099091,1145,50000,0.04303994770673905,0.0450007884899236,489,50000,0.89348,0.9744841704666666,0.2795499739583333,0.3442927614314718,0.2825484880229386,False,/data/suehara/part/march/datasets/20250711_ilc_nnqq_sgv_10m_3cat_parquet,val50k_tail,,proxy
runs/pbt/fixed_lr_continuation_20260917_lr_8_5e-6,35,35,0,,lr_8_5e-6,8.5e-06,validation_total_reference_mistag_geomean_percent,0.34523832924612075,min,0.8167500034911928,0.8167500034911928,0.46617767349786865,0.2556739860284145,0.34523832924612075,,0.13200000225585942,0.07000000085449219,2.4340000872787506,0.18999999768066408,0.3920000081347658,0.05400000131835941,2.2859999161097746,0.9760000142968752,0.01527044818788576,0.01726512829428365,66,50000,0.010871397397403768,0.01286855745420266,35,50000,0.06797128505690829,0.06987388700486936,1217,50000,0.018504147852544686,0.02049650800534169,95,50000,0.02697025322873285,0.028954533543126652,196,50000,0.0094384043456773,0.011436204389676428,27,50000,0.06589112296472646,0.06779964479429051,1143,50000,0.042995341186683085,0.044956261968267554,488,50000,0.8936266666666667,0.9744895930333333,0.2795275,0.3442927614314718,0.2824067110421827,False,/data/suehara/part/march/datasets/20250711_ilc_nnqq_sgv_10m_3cat_parquet,val50k_tail,,proxy
runs/pbt/fixed_lr_continuation_20260917_lr_8_5e-6,36,36,0,,lr_8_5e-6,8.5e-06,validation_total_reference_mistag_geomean_percent,0.34705916822493604,min,0.8169999976345445,0.8169999976345445,0.4675091196186194,0.2576421746537141,0.34705916822493604,,0.13599999800781254,0.07000000085449219,2.435999988105469,0.18999999768066408,0.4,0.05400000131835941,2.279999972167969,0.9700000229415899,0.015513923280260607,0.017508443389858443,68,50000,0.010871397397403768,0.01286855745420266,35,50000,0.06799892331055546,0.06990144526011696,1218,50000,0.018504147852544686,0.02049650800534169,95,50000,0.027252808544023274,0.029236768864816798,200,50000,0.0094384043456773,0.011436204389676428,27,50000,0.06580529047737448,0.06771405230213863,1140,50000,0.042861238860203606,0.044822399636988176,485,50000,0.8936266666666667,0.9745002718333332,0.27944669270833333,0.3442927614314718,0.2823563649272147,False,/data/suehara/part/march/datasets/20250711_ilc_nnqq_sgv_10m_3cat_parquet,val50k_tail,,proxy
runs/pbt/fixed_lr_continuation_20260917_lr_8_5e-6,37,37,0,,lr_8_5e-6,8.5e-06,validation_total_reference_mistag_geomean_percent,0.3458344957497811,min,0.8157499944244576,0.8157499944244576,0.4662254171616854,0.25653148465955034,0.3458344957497811,,0.13399999640136728,0.07000000085449219,2.4299999842414857,0.18999999768066408,0.39399998905822786,0.05400000131835941,2.279999972167969,0.9740000136730959,0.015392639991259324,0.01738724009925721,67,50000,0.010871397397403768,0.01286855745420266,35,50000,0.06791597188520564,0.06981873382996724,1215,50000,0.018504147852544686,0.02049650800534169,95,50000,0.027041163032931338,0.02902536334892505,197,50000,0.0094384043456773,0.011436204389676428,27,50000,0.06580529047737448,0.06771405230213863,1140,50000,0.04295068763465349,0.04491168841463788,487,50000,0.89356,0.9745076596333333,0.27941997395833335,0.3442927614314718,0.28233278595215927,False,/data/suehara/part/march/datasets/20250711_ilc_nnqq_sgv_10m_3cat_parquet,val50k_tail,,proxy
runs/pbt/fixed_lr_continuation_20260917_lr_8_5e-6,38,38,0,,lr_8_5e-6,8.5e-06,validation_total_reference_mistag_geomean_percent,0.3460132589377949,min,0.8202499856137281,0.8202499856137281,0.4689483630725057,0.2553056685736685,0.3460132589377949,,0.13399999640136728,0.06799999900390627,2.453999905451206,0.18999999768066408,0.4,0.05400000131835941,2.279999972167969,0.9820000128863527,0.015392639991259324,0.01738724009925721,67,50000,0.010701894656100771,0.01269913471129969,34,50000,0.06824712025735036,0.07014892222131155,1227,50000,0.018504147852544686,0.02049650800534169,95,50000,0.027252808544023274,0.029236768864816798,200,50000,0.0094384043456773,0.011436204389676428,27,50000,0.06580529047737448,0.06771405230213863,1140,50000,0.04312902022101297,0.045089701007397336,491,50000,0.8936,0.9745068743666666,0.27942408854166667,0.3442927614314718,0.2823934313911645,False,/data/suehara/part/march/datasets/20250711_ilc_nnqq_sgv_10m_3cat_parquet,val50k_tail,,proxy
runs/pbt/fixed_lr_continuation_20260917_lr_8_5e-6,39,39,0,,lr_8_5e-6,8.5e-06,validation_total_reference_mistag_geomean_percent,0.34575029398326784,min,0.8194999931121261,0.8194999931121261,0.4677465314186469,0.25557274669028257,0.34575029398326784,,0.13200000225585942,0.07000000085449219,2.4559999160546906,0.1879999917382816,0.3979999917407228,0.05400000131835941,2.2820000266377263,0.9760000142968752,0.01527044818788576,0.01726512829428365,66,50000,0.010871397397403768,0.01286855745420266,35,50000,0.06827463714687912,0.07017635911244005,1228,50000,0.018401668178712582,0.020394108329909573,94,50000,0.027182439332570398,0.029166479651764055,199,50000,0.0094384043456773,0.011436204389676428,27,50000,0.0658339147263546,0.06774259655271848,1141,50000,0.042995341186683085,0.044956261968267554,488,50000,0.8936933333333333,0.9745181049,0.27934338541666665,0.3442927614314718,0.2817099351014102,False,/data/suehara/part/march/datasets/20250711_ilc_nnqq_sgv_10m_3cat_parquet,val50k_tail,,proxy
runs/pbt/fixed_lr_continuation_20260917_lr_8_5e-6,40,40,0,,lr_8_5e-6,8.5e-06,validation_total_reference_mistag_geomean_percent,0.34290806159371257,min,0.8177499937131127,0.8177499937131127,0.4640970539571591,0.2533649755010334,0.34290806159371257,,0.13200000225585942,0.06799999900390627,2.44199989417603,0.1879999917382816,0.3979999917407228,0.052000000507812505,2.2780000552676407,0.9840000150146486,0.01527044818788576,0.01726512829428365,66,50000,0.010701894656100771,0.01269913471129969,34,50000,0.06808176491855805,0.06998404687291945,1221,50000,0.018401668178712582,0.020394108329909573,94,50000,0.027182439332570398,0.029166479651764055,199,50000,0.00924516668895976,0.011243046731358937,26,50000,0.06577665278554162,0.06768549460870535,1139,50000,0.043173486498462345,0.04513408728644679,492,50000,0.89366,0.9745154173666667,0.27940072916666664,0.34290806159371257,0.2819668621122695,False,/data/suehara/part/march/datasets/20250711_ilc_nnqq_sgv_10m_3cat_parquet,val50k_tail,,proxy
runs/pbt/fixed_lr_continuation_20260917_lr_8_5e-6,41,41,0,,lr_8_5e-6,8.5e-06,validation_total_reference_mistag_geomean_percent,0.3449408176721578,min,0.820250001554394,0.820250001554394,0.4668056672457726,0.2548901524661477,0.3449408176721578,,0.13399999640136728,0.06799999900390627,2.4640000090234375,0.1879999917382816,0.39399998905822786,0.05400000131835941,2.2820000266377263,0.9779999992538452,0.015392639991259324,0.01738724009925721,67,50000,0.010701894656100771,0.01269913471129969,34,50000,0.06838458427921267,0.07028598625117392,1232,50000,0.018401668178712582,0.020394108329909573,94,50000,0.027041163032931338,0.02902536334892505,197,50000,0.0094384043456773,0.011436204389676428,27,50000,0.0658339147263546,0.06774259655271848,1141,50000,0.04303994770673905,0.0450007884899236,489,50000,0.8936333333333333,0.9745279113333334,0.2793054817708333,0.34290806159371257,0.2822871039887941,False,/data/suehara/part/march/datasets/20250711_ilc_nnqq_sgv_10m_3cat_parquet,val50k_tail,,proxy
runs/pbt/fixed_lr_continuation_20260917_lr_8_5e-6,42,42,0,,lr_8_5e-6,8.5e-06,validation_total_reference_mistag_geomean_percent,0.3426810655199737,min,0.8172500025003818,0.8172500025003818,0.4633879636224775,0.2534168383397525,0.3426810655199737,,0.13200000225585942,0.06799999900390627,2.4439999802349854,0.1879999917382816,0.3979999917407228,0.052000000507812505,2.2780000552676407,0.9779999992538452,0.01527044818788576,0.01726512829428365,66,50000,0.010701894656100771,0.01269913471129969,34,50000,0.06810935445225874,0.07001155640821988,1222,50000,0.018401668178712582,0.020394108329909573,94,50000,0.027182439332570398,0.029166479651764055,199,50000,0.00924516668895976,0.011243046731358937,26,50000,0.06577665278554162,0.06768549460870535,1139,50000,0.04303994770673905,0.0450007884899236,489,50000,0.89362,0.9745274144333335,0.2793212890625,0.3426810655199737,0.2819242555007998,False,/data/suehara/part/march/datasets/20250711_ilc_nnqq_sgv_10m_3cat_parquet,val50k_tail,,proxy
runs/pbt/fixed_lr_continuation_20260917_lr_8_5e-6,43,43,0,,lr_8_5e-6,8.5e-06,validation_total_reference_mistag_geomean_percent,0.34247360418642603,min,0.8157500057720568,0.8157500057720568,0.4619827694396328,0.25387996549461533,0.34247360418642603,,0.13200000225585942,0.06799999900390627,2.435999988105469,0.18999999768066408,0.39399998905822786,0.052000000507812505,2.2780000552676407,0.9760000142968752,0.01527044818788576,0.01726512829428365,66,50000,0.010701894656100771,0.01269913471129969,34,50000,0.06799892331055546,0.06990144526011696,1218,50000,0.018504147852544686,0.02049650800534169,95,50000,0.027041163032931338,0.02902536334892505,197,50000,0.00924516668895976,0.011243046731358937,26,50000,0.06577665278554162,0.06768549460870535,1139,50000,0.042995341186683085,0.044956261968267554,488,50000,0.8936533333333333,0.9745339758666667,0.27928727864583336,0.34247360418642603,0.2816363536866574,False,/data/suehara/part/march/datasets/20250711_ilc_nnqq_sgv_10m_3cat_parquet,val50k_tail,,proxy
runs/pbt/fixed_lr_continuation_20260917_lr_8_5e-6,44,44,0,,lr_8_5e-6,8.5e-06,validation_total_reference_mistag_geomean_percent,0.3416205442487251,min,0.8140000165429693,0.8140000165429693,0.46109126541814893,0.2531051984837741,0.3416205442487251,,0.13200000225585942,0.06799999900390627,2.432000083125003,0.1879999917382816,0.3920000081347658,0.052000000507812505,2.2720000332812504,0.9760000142968752,0.01527044818788576,0.01726512829428365,66,50000,0.010701894656100771,0.01269913471129969,34,50000,0.06794363458668927,0.06984631653305061,1216,50000,0.018401668178712582,0.020394108329909573,94,50000,0.02697025322873285,0.028954533543126652,196,50000,0.00924516668895976,0.011243046731358937,26,50000,0.06569065887982901,0.06759974069819284,1136,50000,0.042995341186683085,0.044956261968267554,488,50000,0.8935133333333334,0.9745255656666666,0.279369921875,0.3416205442487251,0.281676492379973,False,/data/suehara/part/march/datasets/20250711_ilc_nnqq_sgv_10m_3cat_parquet,val50k_tail,,proxy
runs/pbt/fixed_lr_continuation_20260917_lr_8_5e-6,45,45,0,,lr_8_5e-6,8.5e-06,validation_total_reference_mistag_geomean_percent,0.3419364626414658,min,0.8132500050486,0.8132500050486,0.46129407937809463,0.25346205319042453,0.3419364626414658,,0.13200000225585942,0.06799999900390627,2.4199999316864034,0.18999999768066408,0.3920000081347658,0.052000000507812505,2.276000086822513,0.9760000142968752,0.01527044818788576,0.01726512829428365,66,50000,0.010701894656100771,0.01269913471129969,34,50000,0.06777747439242338,0.06968063632918492,1210,50000,0.018504147852544686,0.02049650800534169,95,50000,0.02697025322873285,0.028954533543126652,196,50000,0.00924516668895976,0.011243046731358937,26,50000,0.06574800163356431,0.0676569234551283,1138,50000,0.042995341186683085,0.044956261968267554,488,50000,0.8936733333333333,0.9745409407666665,0.27925048177083334,0.3416205442487251,0.28144895148839,False,/data/suehara/part/march/datasets/20250711_ilc_nnqq_sgv_10m_3cat_parquet,val50k_tail,,proxy
runs/pbt/fixed_lr_continuation_20260917_lr_8_5e-6,46,46,0,,lr_8_5e-6,8.5e-06,validation_total_reference_mistag_geomean_percent,0.3437273800959358,min,0.8142500045626836,0.8142500045626836,0.46537154516086376,0.25387996549461533,0.3437273800959358,,0.13200000225585942,0.06799999900390627,2.435999988105469,0.18999999768066408,0.39399998905822786,0.05400000131835941,2.268000083402713,0.9719999756762702,0.01527044818788576,0.01726512829428365,66,50000,0.010701894656100771,0.01269913471129969,34,50000,0.06799892331055546,0.06990144526011696,1218,50000,0.018504147852544686,0.02049650800534169,95,50000,0.027041163032931338,0.02902536334892505,197,50000,0.0094384043456773,0.011436204389676428,27,50000,0.06563326207708713,0.06754250389225148,1134,50000,0.04290598690721674,0.04486706768560139,486,50000,0.8937533333333333,0.9745567569999999,0.2791591666666667,0.3416205442487251,0.28191999486093006,False,/data/suehara/part/march/datasets/20250711_ilc_nnqq_sgv_10m_3cat_parquet,val50k_tail,,proxy
runs/pbt/fixed_lr_continuation_20260917_lr_8_5e-6,47,47,0,,lr_8_5e-6,8.5e-06,validation_total_reference_mistag_geomean_percent,0.3414389999333684,min,0.812749999530678,0.812749999530678,0.45957349068956976,0.25367126920348415,0.3414389999333684,,0.13200000225585942,0.06799999900390627,2.4280000240814212,0.18999999768066408,0.38799999194824236,0.052000000507812505,2.2699999670944218,0.9740000136730959,0.01527044818788576,0.01726512829428365,66,50000,0.010701894656100771,0.01269913471129969,34,50000,0.06788829693773375,0.06979113888089493,1214,50000,0.018504147852544686,0.02049650800534169,95,50000,0.02682788339137001,0.028812323702563862,194,50000,0.00924516668895976,0.011243046731358937,26,50000,0.06566196724330023,0.06757112906006432,1135,50000,0.04295068763465349,0.04491168841463788,487,50000,0.8938533333333334,0.974548764,0.2792054817708333,0.3414389999333684,0.28179890699294724,False,/data/suehara/part/march/datasets/20250711_ilc_nnqq_sgv_10m_3cat_parquet,val50k_tail,,proxy
runs/pbt/fixed_lr_continuation_20260917_lr_8_5e-6,48,48,0,,lr_8_5e-6,8.5e-06,validation_total_reference_mistag_geomean_percent,0.3428035154037052,min,0.814000011729508,0.814000011729508,0.4615157641495785,0.25462673065930563,0.3428035154037052,,0.13399999640136728,0.06799999900390627,2.4280000240814212,0.18999999768066408,0.39599999879150394,0.052000000507812505,2.276000086822513,0.9679999905468751,0.015392639991259324,0.01738724009925721,67,50000,0.010701894656100771,0.01269913471129969,34,50000,0.06788829693773375,0.06979113888089493,1214,50000,0.018504147852544686,0.02049650800534169,95,50000,0.02711189127868993,0.029096011596283465,198,50000,0.00924516668895976,0.011243046731358937,26,50000,0.06574800163356431,0.0676569234551283,1138,50000,0.0428164433487024,0.04477768412388689,484,50000,0.8937933333333333,0.9745506224999999,0.27920295572916665,0.3414389999333684,0.28133496626516846,False,/data/suehara/part/march/datasets/20250711_ilc_nnqq_sgv_10m_3cat_parquet,val50k_tail,,proxy
runs/pbt/fixed_lr_continuation_20260917_lr_8_5e-6,49,49,0,,lr_8_5e-6,8.5e-06,validation_total_reference_mistag_geomean_percent,0.33905881927830084,min,0.8142500105361179,0.8142500105361179,0.45560661937463026,0.2523248742263486,0.33905881927830084,,0.13399999640136728,0.06600000112792971,2.438000003720093,0.1879999917382816,0.39000001309204146,0.05,2.2780000552676407,0.9700000229415899,0.015392639991259324,0.01738724009925721,67,50000,0.010529894247015226,0.01252721430061417,33,50000,0.06802654936229544,0.06992899131345667,1219,50000,0.018401668178712582,0.020394108329909573,94,50000,0.026899160482115422,0.028883520794909055,195,50000,0.009048206756063586,0.011046166796862796,25,50000,0.06577665278554162,0.06768549460870535,1139,50000,0.042861238860203606,0.044822399636988176,485,50000,0.8937266666666667,0.9745543964333333,0.27919166666666667,0.33905881927830084,0.28169052917457105,False,/data/suehara/part/march/datasets/20250711_ilc_nnqq_sgv_10m_3cat_parquet,val50k_tail,,proxy
